locus_tag,gene_name,product,gene_category,contig,start,end,strand,role,ko_id,ko_name,ko_substrate,brite_leaf,tcdb_id,tcdb_name,substrate_call,resolution_level,organic_or_inorganic,substrate_source,substrate_confidence,substrate_evidence,substrate_options,sources
ACZ81_00080,trkH,TrkH family potassium uptake protein,Inorganic ion transport,NZ_CP012202.1,19020,20471,+,,kegg.orthology:K03498,"trkH, trkG, ktrB, ktrD; trk/ktr system potassium uptake protein",,Electrochemical potential-driven transporters [TC:2],tcdb:2.A.38.1,2.A.38.1,potassium,specific_compound,inorganic,kegg_ko_keyword,inferred,"trkH, trkG, ktrB, ktrD; trk/ktr system potassium uptake protein",,brite;kegg;tcdb;func
ACZ81_00085,trkA,Trk system potassium transporter TrkA,Inorganic ion transport,NZ_CP012202.1,20587,21966,-,SBP,kegg.orthology:K03499,"trkA, ktrA, ktrC; trk/ktr system potassium uptake protein",,Electrochemical potential-driven transporters [TC:2],tcdb:2.A.38.1,2.A.38.1,potassium,specific_compound,inorganic,kegg_ko_keyword,inferred,"trkA, ktrA, ktrC; trk/ktr system potassium uptake protein",,brite;kegg;tcdb;func
ACZ81_00110,dprA,DNA-processing protein DprA,Replication and repair,NZ_CP012202.1,26151,27260,+,,kegg.orthology:K04096,smf; DNA processing protein,,,,,unresolved,unresolved,,,none,smf; DNA processing protein,,func
ACZ81_00295,,hypothetical protein,Inorganic ion transport,NZ_CP012202.1,63632,64105,+,SBP,,,,,,,phosphate,specific_compound,inorganic,function_description,inferred,"COG0226 ABC-type phosphate transport system, periplasmic component",,func
ACZ81_00360,cyc,c-type cytochrome,Energy production,NZ_CP012202.1,78700,79107,-,,kegg.orthology:K02277,"coxD, ctaF; cytochrome c oxidase subunit IV [EC:7.1.1.9]",,,tcdb:3.D.4.4,3.D.4.4,unresolved,unresolved,,,none,"coxD, ctaF; cytochrome c oxidase subunit IV [EC:7.1.1.9]",,tcdb
ACZ81_00380,nhaC,Na+/H+ antiporter NhaC,Energy production,NZ_CP012202.1,81232,82644,+,,kegg.orthology:K03315,"nhaC; Na+:H+ antiporter, NhaC family",,Electrochemical potential-driven transporters [TC:2],tcdb:2.A.35,The NhaC Na+:H+ Antiporter (NhaC) Family,unresolved,unresolved,,,none,"nhaC; Na+:H+ antiporter, NhaC family",,brite;kegg;tcdb;func
ACZ81_00385,cudT,BCCT family transporter,Inorganic ion transport,NZ_CP012202.1,82748,84517,+,,kegg.orthology:K03451,"TC.BCT; betaine/carnitine transporter, BCCT family",betaine/carnitine,,tcdb:2.A.15,The Betaine/Carnitine/Choline Transporter (BCCT) Family,betaine/carnitine,multi_substrate,organic,kegg_ko,confident,"TC.BCT; betaine/carnitine transporter, BCCT family",betaine; carnitine,kegg;tcdb;func
ACZ81_00430,,TonB-dependent siderophore receptor,Inorganic ion transport,NZ_CP012202.1,93669,95762,+,,kegg.orthology:K16088,"TC.FEV.OM1, fhuE, fpvA, fptA; outer-membrane receptor for ferric coprogen and ferric-rhodotorulic acid",,Pores ion channels [TC:1],tcdb:1.B.14.1.10,1.B.14.1.10,iron/siderophore,specific_compound,inorganic,kegg_ko_keyword,inferred,"TC.FEV.OM1, fhuE, fpvA, fptA; outer-membrane receptor for ferric coprogen and ferric-rhodotorulic acid",,brite;tcdb;func
ACZ81_00470,,threonine/serine exporter family protein,Unknown,NZ_CP012202.1,103155,104381,-,,,,,,,,serine/threonine,multi_substrate,organic,product,inferred,threonine/serine exporter family protein,serine; threonine,func
ACZ81_00580,,extracellular solute-binding protein,Inorganic ion transport,NZ_CP012202.1,127152,128186,+,SBP,kegg.orthology:K02012,"afuA, fbpA; iron(III) transport system substrate-binding protein",iron(III),Iron(III) transporter,tcdb:3.A.1.10,3.A.1.10,iron(III),specific_compound,inorganic,kegg_ko,confident,"afuA, fbpA; iron(III) transport system substrate-binding protein",,brite;kegg;tcdb;func
ACZ81_00585,sfuB,ABC transporter permease,Inorganic ion transport,NZ_CP012202.1,128183,129703,+,PERM,kegg.orthology:K02011,"afuB, fbpB; iron(III) transport system permease protein",iron(III),Iron(III) transporter,tcdb:3.A.1.10,3.A.1.10,iron(III),specific_compound,inorganic,kegg_ko,confident,"afuB, fbpB; iron(III) transport system permease protein",,brite;kegg;tcdb;func
ACZ81_00590,,ABC transporter ATP-binding protein,Inorganic ion transport,NZ_CP012202.1,129703,130734,+,ATP,kegg.orthology:K02010,"afuC, fbpC; iron(III) transport system ATP-binding protein [EC:7.2.2.7]",iron(III),Iron(III) transporter,tcdb:3.A.1.10,3.A.1.10,iron(III),specific_compound,inorganic,kegg_ko,confident,"afuC, fbpC; iron(III) transport system ATP-binding protein [EC:7.2.2.7]",,brite;kegg;tcdb;func
ACZ81_00615,,mechanosensitive ion channel family protein,Cell wall and membrane,NZ_CP012202.1,133172,134044,-,,,,,,,,unresolved,unresolved,,,none,mechanosensitive ion channel family protein,,func
ACZ81_00630,cmpX,mechanosensitive ion channel family protein,Cell wall and membrane,NZ_CP012202.1,135623,136483,-,,,,,,,,unresolved,unresolved,,,none,mechanosensitive ion channel family protein,,func
ACZ81_00640,mgtE,magnesium transporter,Inorganic ion transport,NZ_CP012202.1,136969,138309,+,,kegg.orthology:K06213,mgtE; magnesium transporter,magnesium,Pores ion channels [TC:1],tcdb:1.A.26.1,1.A.26.1,magnesium,specific_compound,inorganic,kegg_ko,confident,mgtE; magnesium transporter,,brite;kegg;tcdb;func
ACZ81_00660,nhaP,cation:proton antiporter,Inorganic ion transport,NZ_CP012202.1,141573,143387,-,,kegg.orthology:K03316,"nhaP, nhaS1, nhaS2; Na+:H+ antiporter",,Electrochemical potential-driven transporters [TC:2],tcdb:2.A.36,The Monovalent Cation:Proton Antiporter-1 (CPA1) Family,unresolved,unresolved,,,none,"nhaP, nhaS1, nhaS2; Na+:H+ antiporter",,brite;kegg;tcdb;func
ACZ81_00685,argP,ArgP/LysG family DNA-binding transcriptional regulator,Transcription,NZ_CP012202.1,147186,148070,-,,kegg.orthology:K05596,"argP, iciA; LysR family transcriptional regulator, arginine and lysine transport system/DNA replication regulator","LysR family transcriptional regulator, arginine and lysine",,,,unresolved,unresolved,,,none,"argP, iciA; LysR family transcriptional regulator, arginine and lysine transport system/DNA replication regulator",,kegg
ACZ81_00690,argO,LysE/ArgO family amino acid transporter,Unknown,NZ_CP012202.1,148248,148850,+,PERM,kegg.orthology:K06895,"lysE, argO; L-lysine exporter family protein LysE/ArgO",,Electrochemical potential-driven transporters [TC:2],tcdb:2.A.75.1,2.A.75.1,lysine,specific_compound,organic,kegg_ko_keyword,inferred,"lysE, argO; L-lysine exporter family protein LysE/ArgO",,brite;tcdb;func
ACZ81_00695,sugE,DMT family transporter,Inorganic ion transport,NZ_CP012202.1,148966,149283,+,,kegg.orthology:K11741,sugE; quaternary ammonium compound-resistance protein SugE,,Electrochemical potential-driven transporters [TC:2],tcdb:2.A.7.1,2.A.7.1,unresolved,unresolved,,,none,sugE; quaternary ammonium compound-resistance protein SugE,,brite;tcdb;func
ACZ81_00710,acrA,efflux RND transporter periplasmic adaptor subunit,Cell wall and membrane,NZ_CP012202.1,151259,152404,+,,kegg.orthology:K03585,"acrA, mexA, adeI, smeD, mtrC, cmeA; membrane fusion protein, multidrug efflux system",,Accessory factors involved in transport [TC:8],tcdb:2.A.6.2,2.A.6.2,unresolved,unresolved,,,none,"acrA, mexA, adeI, smeD, mtrC, cmeA; membrane fusion protein, multidrug efflux system",,brite;kegg;tcdb;func
ACZ81_00715,ttgB,efflux RND transporter permease subunit,Defense mechanisms,NZ_CP012202.1,152426,155524,+,PERM,kegg.orthology:K18138,"acrB, mexB, adeJ, smeE, mtrD, cmeB; multidrug efflux pump",,Electrochemical potential-driven transporters [TC:2],tcdb:2.A.6.2.16,2.A.6.2.16,unresolved,unresolved,,,none,"acrB, mexB, adeJ, smeE, mtrD, cmeB; multidrug efflux pump",,brite;kegg;tcdb;func
ACZ81_00775,gstA,glutathione S-transferase,Post-translational modification,NZ_CP012202.1,168816,169484,+,,kegg.orthology:K00799,"GST, gst; glutathione S-transferase [EC:2.5.1.18]",,Pores ion channels [TC:1],tcdb:1.A.12.2.2,1.A.12.2.2,unresolved,unresolved,,,none,"GST, gst; glutathione S-transferase [EC:2.5.1.18]",,brite;tcdb
ACZ81_00790,mgtE,magnesium transporter,Inorganic ion transport,NZ_CP012202.1,172224,173561,+,,kegg.orthology:K06213,mgtE; magnesium transporter,magnesium,Pores ion channels [TC:1],tcdb:1.A.26.1,1.A.26.1,magnesium,specific_compound,inorganic,kegg_ko,confident,mgtE; magnesium transporter,,brite;kegg;tcdb;func
ACZ81_00795,rarD,EamA family transporter RarD,Unknown,NZ_CP012202.1,173787,174701,+,,kegg.orthology:K05786,rarD; chloramphenicol-sensitive protein RarD,,Electrochemical potential-driven transporters [TC:2],tcdb:2.A.7.7,2.A.7.7,unresolved,unresolved,,,none,rarD; chloramphenicol-sensitive protein RarD,,brite;tcdb;func
ACZ81_00870,,ABC transporter substrate-binding protein,Carbohydrate metabolism,NZ_CP012202.1,189901,191142,+,SBP,kegg.orthology:K02027,ABC.MS.S; multiple sugar transport system substrate-binding protein,multiple sugar,Putative multiple sugar transporter,tcdb:3.A.1.1,3.A.1.1,sugar,broad_class,organic,kegg_ko,confident,ABC.MS.S; multiple sugar transport system substrate-binding protein,,brite;kegg;tcdb;func
ACZ81_00930,yegD,Hsp70 family protein,Post-translational modification,NZ_CP012202.1,200750,202252,+,,kegg.orthology:K04046,yegD; hypothetical chaperone protein,,,tcdb:1.A.33,The Cation Channel-forming Heat Shock Protein-70 (Hsp70) Family,unresolved,unresolved,,,none,yegD; hypothetical chaperone protein,,tcdb
ACZ81_00945,yajR,MFS transporter,Amino acid metabolism,NZ_CP012202.1,205865,207202,+,PERM,,,,,,,unresolved,unresolved,,,none,MFS transporter,,func
ACZ81_00985,sglT,sodium/sugar symporter,Unknown,NZ_CP012202.1,215117,216679,+,,kegg.orthology:K03307,"TC.SSS; solute:Na+ symporter, SSS family",,,tcdb:2.A.21,The Solute:Sodium Symporter (SSS) Family,The Solute:Sodium Symporter (SSS),specific_compound,inorganic,tcdb_family,inferred,The Solute:Sodium Symporter (SSS) Family,,kegg;tcdb;func
ACZ81_01010,,SLC5 family protein,Unknown,NZ_CP012202.1,222677,224131,-,,kegg.orthology:K03307,"TC.SSS; solute:Na+ symporter, SSS family",,,tcdb:2.A.21,The Solute:Sodium Symporter (SSS) Family,The Solute:Sodium Symporter (SSS),specific_compound,inorganic,tcdb_family,inferred,The Solute:Sodium Symporter (SSS) Family,,kegg;tcdb;func
ACZ81_01015,,TonB-dependent receptor,Inorganic ion transport,NZ_CP012202.1,224198,226942,-,,,,,,,,unresolved,unresolved,,,none,TonB-dependent receptor,,func
ACZ81_01020,glpK,glycerol kinase GlpK,Energy production,NZ_CP012202.1,227248,228732,-,,kegg.orthology:K00864,"glpK, GK; glycerol kinase [EC:2.7.1.30]",,,,,glycerol,specific_compound,organic,function_description,inferred,Key enzyme in the regulation of glycerol uptake and metabolism. Catalyzes the phosphorylation of glycerol to yield sn- glycerol 3-phosphate,,func
ACZ81_01130,mreB,rod shape-determining protein,Cell cycle and division,NZ_CP012202.1,250241,251284,+,,kegg.orthology:K03569,mreB; rod shape-determining protein MreB and related proteins,,,tcdb:1.A.33.1,1.A.33.1,unresolved,unresolved,,,none,mreB; rod shape-determining protein MreB and related proteins,,tcdb
ACZ81_01135,mreC,rod shape-determining protein MreC,Cell wall and membrane,NZ_CP012202.1,251322,252224,+,,kegg.orthology:K03570,mreC; rod shape-determining protein MreC,,,tcdb:9.B.157.1,9.B.157.1,unresolved,unresolved,,,none,mreC; rod shape-determining protein MreC,,tcdb
ACZ81_01140,mreD,rod shape-determining protein MreD,Cell wall and membrane,NZ_CP012202.1,252217,252693,+,,kegg.orthology:K03571,mreD; rod shape-determining protein MreD,,,tcdb:9.B.157.1,9.B.157.1,unresolved,unresolved,,,none,mreD; rod shape-determining protein MreD,,tcdb
ACZ81_01375,czcA,efflux RND transporter permease subunit,Inorganic ion transport,NZ_CP012202.1,300256,303402,-,PERM,kegg.orthology:K15726,"czcA, cusA, cnrA; heavy metal efflux system protein",,Electrochemical potential-driven transporters [TC:2],tcdb:2.A.6.1.2,2.A.6.1.2,unresolved,unresolved,,,none,"czcA, cusA, cnrA; heavy metal efflux system protein",,brite;kegg;tcdb;func
ACZ81_01380,czcB,efflux RND transporter periplasmic adaptor subunit,Cell wall and membrane,NZ_CP012202.1,303415,304653,-,,kegg.orthology:K15727,"czcB, cusB, cnrB; membrane fusion protein, heavy metal efflux system",,Accessory factors involved in transport [TC:8],tcdb:8.A.1.2.1,8.A.1.2.1,unresolved,unresolved,,,none,"czcB, cusB, cnrB; membrane fusion protein, heavy metal efflux system",,brite;kegg;tcdb;func
ACZ81_01385,czcC,TolC family protein,Cell wall and membrane,NZ_CP012202.1,304650,305939,-,,kegg.orthology:K15725,"czcC, cusC, cnrC; outer membrane protein, heavy metal efflux system",,Pores ion channels [TC:1],tcdb:1.B.17.2.2,1.B.17.2.2,unresolved,unresolved,,,none,"czcC, cusC, cnrC; outer membrane protein, heavy metal efflux system",,brite;kegg;tcdb
ACZ81_01515,,TonB-dependent receptor,Inorganic ion transport,NZ_CP012202.1,335245,337503,-,,,,,,,,unresolved,unresolved,,,none,TonB-dependent receptor,,func
ACZ81_01525,,MFS transporter,Carbohydrate metabolism,NZ_CP012202.1,339012,340250,+,,,,,,,,unresolved,unresolved,,,none,MFS transporter,,func
ACZ81_01540,,DMT family transporter,Amino acid metabolism,NZ_CP012202.1,343807,344700,-,,,,,,,,unresolved,unresolved,,,none,DMT family transporter,,func
ACZ81_01580,,nucleoside permease,Amino acid metabolism,NZ_CP012202.1,354671,355888,+,PERM,kegg.orthology:K05820,"hcaT; MFS transporter, PPP family, 3-phenylpropionic acid transporter",MFS,Phenylproprionate permease (PPP) family [TC:2.A.1.27],tcdb:2.A.1.27,2.A.1.27,3-phenylpropionic acid,specific_compound,organic,kegg_ko_keyword,inferred,"hcaT; MFS transporter, PPP family, 3-phenylpropionic acid transporter",,brite;kegg;tcdb;func
ACZ81_01730,nhaP,cation:proton antiporter,Inorganic ion transport,NZ_CP012202.1,384414,386225,-,,kegg.orthology:K03316,"nhaP, nhaS1, nhaS2; Na+:H+ antiporter",,Electrochemical potential-driven transporters [TC:2],tcdb:2.A.36,The Monovalent Cation:Proton Antiporter-1 (CPA1) Family,unresolved,unresolved,,,none,"nhaP, nhaS1, nhaS2; Na+:H+ antiporter",,brite;kegg;tcdb;func
ACZ81_01830,amtB,ammonium transporter,Inorganic ion transport,NZ_CP012202.1,409855,411102,+,,kegg.orthology:K03320,"amt, AMT, MEP; ammonium transporter, Amt family",ammonium,Pores ion channels [TC:1],tcdb:1.A.11,The Ammonium Transporter Channel (Amt) Family,ammonium,specific_compound,inorganic,kegg_ko,confident,"amt, AMT, MEP; ammonium transporter, Amt family",,brite;kegg;tcdb;func
ACZ81_01865,,efflux RND transporter periplasmic adaptor subunit,Cell wall and membrane,NZ_CP012202.1,418621,419760,+,,kegg.orthology:K21136,"triA; membrane fusion protein, multidrug efflux system",,Accessory factors involved in transport [TC:8],tcdb:2.A.6.2.27,2.A.6.2.27,unresolved,unresolved,,,none,"triA; membrane fusion protein, multidrug efflux system",,brite;kegg;tcdb;func
ACZ81_01870,,efflux RND transporter permease subunit,Defense mechanisms,NZ_CP012202.1,419760,422906,+,PERM,,,,,,,unresolved,unresolved,,,none,efflux RND transporter permease subunit,,func
ACZ81_01940,,TorF family putative porin,Unknown,NZ_CP012202.1,441724,442551,+,,,,,,,,unresolved,unresolved,,,none,TorF family putative porin,,func
ACZ81_01975,pilQ,type IV pilus secretin PilQ,Intracellular trafficking,NZ_CP012202.1,447913,449685,-,,kegg.orthology:K02507,hofQ; protein transport protein HofQ,protein,,tcdb:3.A.15.2,3.A.15.2,unresolved,unresolved,,,none,hofQ; protein transport protein HofQ,,tcdb
ACZ81_02120,pvdR,efflux RND transporter periplasmic adaptor subunit,Cell wall and membrane,NZ_CP012202.1,481806,482984,+,,kegg.orthology:K02005,ABC.CD.TX; HlyD family secretion protein,,Accessory factors involved in transport [TC:8],tcdb:8.A.1,The Membrane Fusion Protein (MFP) Family,unresolved,unresolved,,,none,ABC.CD.TX; HlyD family secretion protein,,brite;kegg;tcdb;func
ACZ81_02125,macB,MacB family efflux pump subunit,Defense mechanisms,NZ_CP012202.1,482986,484956,+,ATP,kegg.orthology:K02003,ABC.CD.A; putative ABC transport system ATP-binding protein,putative ABC,Macrolide exporter,tcdb:3.A.1.122.1,3.A.1.122.1,unresolved,unresolved,,,none,ABC.CD.A; putative ABC transport system ATP-binding protein,,brite;kegg;tcdb;func
ACZ81_02150,secB,protein-export chaperone SecB,Intracellular trafficking,NZ_CP012202.1,489458,489967,-,,kegg.orthology:K03071,secB; preprotein translocase subunit SecB,,,tcdb:3.A.5,The General Secretory Pathway (Sec) Family,unresolved,unresolved,,,none,secB; preprotein translocase subunit SecB,,kegg;tcdb
ACZ81_02185,,DMT family transporter,Amino acid metabolism,NZ_CP012202.1,494611,495486,-,PERM,,,,,,,unresolved,unresolved,,,none,DMT family transporter,,func
ACZ81_02215,,TonB-dependent receptor domain-containing protein,Cell wall and membrane,NZ_CP012202.1,499567,502653,+,,,,,,,,unresolved,unresolved,,,none,TonB-dependent receptor domain-containing protein,,func
ACZ81_02250,tatA,Sec-independent protein translocase subunit TatA,Intracellular trafficking,NZ_CP012202.1,509650,509895,+,,kegg.orthology:K03116,tatA; sec-independent protein translocase protein TatA,,,tcdb:2.A.64,The Twin Arginine Targeting (Tat) Family,unresolved,unresolved,,,none,tatA; sec-independent protein translocase protein TatA,,kegg;tcdb;func
ACZ81_02255,tatB,Sec-independent protein translocase protein TatB,Intracellular trafficking,NZ_CP012202.1,509895,510194,+,,kegg.orthology:K03117,tatB; sec-independent protein translocase protein TatB,,,tcdb:2.A.64,The Twin Arginine Targeting (Tat) Family,unresolved,unresolved,,,none,tatB; sec-independent protein translocase protein TatB,,kegg;tcdb
ACZ81_02260,tatC,twin-arginine translocase subunit TatC,Intracellular trafficking,NZ_CP012202.1,510195,510950,+,,kegg.orthology:K03118,tatC; sec-independent protein translocase protein TatC,,,tcdb:2.A.64,The Twin Arginine Targeting (Tat) Family,arginine,specific_compound,organic,product,inferred,twin-arginine translocase subunit TatC,,kegg;tcdb
ACZ81_02315,nhaA,Na+/H+ antiporter NhaA,Inorganic ion transport,NZ_CP012202.1,524456,525730,-,,kegg.orthology:K03313,"nhaA; Na+:H+ antiporter, NhaA family",,Electrochemical potential-driven transporters [TC:2],tcdb:2.A.33.1,2.A.33.1,sodium,specific_compound,inorganic,function_description,inferred,Na(+)/H(+) antiporter that extrudes sodium in exchange for external protons,,brite;kegg;tcdb;func
ACZ81_02410,mleN,Na+/H+ antiporter NhaC family protein,Energy production,NZ_CP012202.1,543926,545302,-,,,,,,,,unresolved,unresolved,,,none,Na+/H+ antiporter NhaC family protein,,func
ACZ81_02420,,mechanosensitive ion channel family protein,Cell wall and membrane,NZ_CP012202.1,547591,548661,+,,,,,,,,unresolved,unresolved,,,none,mechanosensitive ion channel family protein,,func
ACZ81_02460,,TonB-dependent receptor,Inorganic ion transport,NZ_CP012202.1,555962,557080,+,,,,,,,,phosphate,specific_compound,inorganic,function_description,inferred,phosphate-selective porin O and P,,func
ACZ81_02465,,substrate-binding periplasmic protein,Amino acid metabolism,NZ_CP012202.1,557100,557897,+,SBP,kegg.orthology:K02030,ABC.PA.S; polar amino acid transport system substrate-binding protein,polar amino acid,Putative polar amino acid transporter,tcdb:3.A.1.3,3.A.1.3,polar amino acid,narrow_class,organic,kegg_ko,confident,ABC.PA.S; polar amino acid transport system substrate-binding protein,glutamate; aspartate; glutamine; arginine,brite;kegg;tcdb;func
ACZ81_02475,,NRAMP family divalent metal transporter,Inorganic ion transport,NZ_CP012202.1,559524,560795,+,,,,,,,,unresolved,unresolved,,,none,NRAMP family divalent metal transporter,,func
ACZ81_02510,,YnfA family protein,Unknown,NZ_CP012202.1,565125,565457,-,,kegg.orthology:K09771,TC.SMR3; small multidrug resistance family-3 protein,,Electrochemical potential-driven transporters [TC:2],tcdb:2.A.7.26,2.A.7.26,unresolved,unresolved,,,none,TC.SMR3; small multidrug resistance family-3 protein,,brite;tcdb
ACZ81_02675,,ZIP family metal transporter,Inorganic ion transport,NZ_CP012202.1,589129,589845,+,,kegg.orthology:K07238,"TC.ZIP, zupT, ZRT3, ZIP2; zinc transporter, ZIP family",zinc,Electrochemical potential-driven transporters [TC:2],tcdb:2.A.5.5,2.A.5.5,zinc,specific_compound,inorganic,kegg_ko,confident,"TC.ZIP, zupT, ZRT3, ZIP2; zinc transporter, ZIP family",,brite;kegg;tcdb;func
ACZ81_02730,nlpD,peptidoglycan DD-metalloendopeptidase family protein,Cell cycle and division,NZ_CP012202.1,597173,598012,-,,kegg.orthology:K06194,nlpD; lipoprotein NlpD,,,tcdb:1.A.34.1.2,1.A.34.1.2,unresolved,unresolved,,,none,nlpD; lipoprotein NlpD,,tcdb
ACZ81_02820,ptsP,phosphoenolpyruvate--protein phosphotransferase,Signal transduction,NZ_CP012202.1,616695,618986,+,,kegg.orthology:K08483,ptsI; phosphoenolpyruvate-protein phosphotransferase (PTS system enzyme I) [EC:2.7.3.9],,Enzyme I [TC:8.A.7],tcdb:8.A.7,The Phosphotransferase System Enzyme I (EI) Family,unresolved,unresolved,,,none,ptsI; phosphoenolpyruvate-protein phosphotransferase (PTS system enzyme I) [EC:2.7.3.9],,brite;tcdb
ACZ81_02825,,sulfite exporter TauE/SafE family protein,Unknown,NZ_CP012202.1,618990,619796,+,,kegg.orthology:K07090,K07090; uncharacterized protein,,,,,unresolved,unresolved,,,none,K07090; uncharacterized protein,,func
ACZ81_02855,ampG,AmpG family muropeptide MFS transporter,Carbohydrate metabolism,NZ_CP012202.1,625785,627131,-,PERM,kegg.orthology:K08218,"ampG; MFS transporter, PAT family, beta-lactamase induction signal transducer AmpG",MFS,Peptide-acetyl-CoA transporter (PAT) [TC:2.A.1.25],tcdb:2.A.1.25,2.A.1.25,peptide,narrow_class,organic,brite_leaf,confident,Peptide-acetyl-CoA transporter (PAT) [TC:2.A.1.25],,brite;kegg;tcdb;func
ACZ81_02940,,ion transporter,Inorganic ion transport,NZ_CP012202.1,650998,651852,-,,kegg.orthology:K08714,VGSC; voltage-gated sodium channel,voltage-gated sodium,Pores ion channels [TC:1],tcdb:1.A.1.14,1.A.1.14,voltage-gated sodium,specific_compound,inorganic,kegg_ko,confident,VGSC; voltage-gated sodium channel,,brite;kegg;tcdb;func
ACZ81_02945,tolC,outer membrane channel protein TolC,Cell wall and membrane,NZ_CP012202.1,652360,653733,-,,kegg.orthology:K12340,"tolC, bepC, cyaE, raxC, sapF, rsaF, hasF; outer membrane protein",,Pores ion channels [TC:1],tcdb:2.A.6.2,2.A.6.2,unresolved,unresolved,,,none,"tolC, bepC, cyaE, raxC, sapF, rsaF, hasF; outer membrane protein",,brite;tcdb;func
ACZ81_02990,,Hsp70 family protein,Post-translational modification,NZ_CP012202.1,660667,663162,+,,kegg.orthology:K04043,"dnaK, HSPA9; molecular chaperone DnaK",,,tcdb:1.A.33.1,1.A.33.1,unresolved,unresolved,,,none,"dnaK, HSPA9; molecular chaperone DnaK",,tcdb
ACZ81_03055,,TonB-dependent receptor,Coenzyme metabolism,NZ_CP012202.1,676047,678440,+,,kegg.orthology:K02014,TC.FEV.OM; iron complex outermembrane recepter protein,,Pores ion channels [TC:1],tcdb:1.B.14,The Outer Membrane Receptor (OMR) Family,iron/siderophore,specific_compound,inorganic,kegg_ko_keyword,inferred,TC.FEV.OM; iron complex outermembrane recepter protein,,brite;tcdb;func
ACZ81_03115,,SulP family inorganic anion transporter,Inorganic ion transport,NZ_CP012202.1,688037,689602,+,PERM,kegg.orthology:K03321,"TC.SULP; sulfate permease, SulP family",sulfate,Electrochemical potential-driven transporters [TC:2],tcdb:2.A.53.3,2.A.53.3,sulfate,specific_compound,inorganic,kegg_ko,confident,"TC.SULP; sulfate permease, SulP family",,brite;kegg;tcdb;func
ACZ81_03160,nrtC,CmpA/NrtA family ABC transporter substrate-binding protein,Inorganic ion transport,NZ_CP012202.1,703265,704674,+,SBP,kegg.orthology:K15576,"nrtA, nasF, cynA; nitrate/nitrite transport system substrate-binding protein",nitrate/nitrite,Nitrate/nitrite transporter,tcdb:3.A.1.16.1,3.A.1.16.1,nitrate/nitrite,multi_substrate,inorganic,kegg_ko,confident,"nrtA, nasF, cynA; nitrate/nitrite transport system substrate-binding protein",nitrate; nitrite,brite;kegg;tcdb;func
ACZ81_03165,nrtB,ABC transporter permease,Inorganic ion transport,NZ_CP012202.1,704763,705758,+,PERM,kegg.orthology:K15577,"nrtB, nasE, cynB; nitrate/nitrite transport system permease protein",nitrate/nitrite,Nitrate/nitrite transporter,tcdb:3.A.1.16.1,3.A.1.16.1,nitrate/nitrite,multi_substrate,inorganic,kegg_ko,confident,"nrtB, nasE, cynB; nitrate/nitrite transport system permease protein",nitrate; nitrite,brite;kegg;tcdb;func
ACZ81_03170,nasD,ABC transporter ATP-binding protein,Inorganic ion transport,NZ_CP012202.1,705775,706677,+,ATP,kegg.orthology:K15578,"nrtC, nasD; nitrate/nitrite transport system ATP-binding protein [EC:7.3.2.4]",nitrate/nitrite,Nitrate/nitrite transporter,tcdb:3.A.1.16.1,3.A.1.16.1,nitrate/nitrite,multi_substrate,inorganic,kegg_ko,confident,"nrtC, nasD; nitrate/nitrite transport system ATP-binding protein [EC:7.3.2.4]",nitrate; nitrite,brite;kegg;tcdb;func
ACZ81_03190,btuB,TonB-dependent receptor plug domain-containing protein,Coenzyme metabolism,NZ_CP012202.1,709966,711888,-,,kegg.orthology:K16092,btuB; vitamin B12 transporter,vitamin B12,Pores ion channels [TC:1],tcdb:1.B.14.3,1.B.14.3,vitamin B12,specific_compound,organic,kegg_ko,confident,btuB; vitamin B12 transporter,,brite;kegg;tcdb;func
ACZ81_03245,,efflux RND transporter periplasmic adaptor subunit,Cell wall and membrane,NZ_CP012202.1,723410,724459,+,,kegg.orthology:K03585,"acrA, mexA, adeI, smeD, mtrC, cmeA; membrane fusion protein, multidrug efflux system",,Accessory factors involved in transport [TC:8],tcdb:2.A.6.2,2.A.6.2,unresolved,unresolved,,,none,"acrA, mexA, adeI, smeD, mtrC, cmeA; membrane fusion protein, multidrug efflux system",,brite;kegg;tcdb;func
ACZ81_03250,acrF,efflux RND transporter permease subunit,Defense mechanisms,NZ_CP012202.1,724474,727581,+,PERM,kegg.orthology:K18138,"acrB, mexB, adeJ, smeE, mtrD, cmeB; multidrug efflux pump",,Electrochemical potential-driven transporters [TC:2],tcdb:2.A.6.2,2.A.6.2,unresolved,unresolved,,,none,"acrB, mexB, adeJ, smeE, mtrD, cmeB; multidrug efflux pump",,brite;kegg;tcdb;func
ACZ81_03255,,type 2 periplasmic-binding domain-containing protein,Inorganic ion transport,NZ_CP012202.1,728112,728516,+,SBP,,,,,,,phosphate,specific_compound,inorganic,function_description,inferred,Phosphate ABC transporter substrate-binding protein,,func
ACZ81_03335,benE,benzoate/H(+) symporter BenE family transporter,Secondary metabolites,NZ_CP012202.1,746385,747575,-,,kegg.orthology:K05782,benE; benzoate membrane transport protein,benzoate,Electrochemical potential-driven transporters [TC:2],tcdb:2.A.46.1,2.A.46.1,benzoate,specific_compound,organic,kegg_ko,confident,benE; benzoate membrane transport protein,,brite;tcdb;func
ACZ81_03365,pstS,PstS family phosphate ABC transporter substrate-binding protein,Inorganic ion transport,NZ_CP012202.1,753655,754686,+,SBP,kegg.orthology:K02040,pstS; phosphate transport system substrate-binding protein,phosphate,Phosphate transporter,tcdb:3.A.1.7,3.A.1.7,phosphate,specific_compound,inorganic,kegg_ko,confident,pstS; phosphate transport system substrate-binding protein,,brite;kegg;tcdb;func
ACZ81_03375,,TonB-dependent receptor domain-containing protein,Inorganic ion transport,NZ_CP012202.1,758009,760657,+,,,,,,,,unresolved,unresolved,,,none,TonB-dependent receptor domain-containing protein,,func
ACZ81_03385,,MotA/TolQ/ExbB proton channel family protein,Intracellular trafficking,NZ_CP012202.1,761606,762970,+,,kegg.orthology:K03561,exbB; biopolymer transport protein ExbB,biopolymer,Pores ion channels [TC:1],tcdb:1.A.30.2.1,1.A.30.2.1,unresolved,unresolved,,,none,exbB; biopolymer transport protein ExbB,,brite;tcdb;func
ACZ81_03390,,MotA/TolQ/ExbB proton channel family protein,Intracellular trafficking,NZ_CP012202.1,762973,763491,+,,kegg.orthology:K03561,exbB; biopolymer transport protein ExbB,biopolymer,Pores ion channels [TC:1],tcdb:1.A.30.2.1,1.A.30.2.1,unresolved,unresolved,,,none,exbB; biopolymer transport protein ExbB,,brite;tcdb;func
ACZ81_03395,,ExbD/TolR family protein,Intracellular trafficking,NZ_CP012202.1,763524,763931,+,,kegg.orthology:K03559,exbD; biopolymer transport protein ExbD,biopolymer,Pores ion channels [TC:1],tcdb:1.A.30.2.1,1.A.30.2.1,unresolved,unresolved,,,none,exbD; biopolymer transport protein ExbD,,brite;tcdb
ACZ81_03400,,energy transducer TonB,Cell wall and membrane,NZ_CP012202.1,763935,764543,+,,kegg.orthology:K03832,tonB; periplasmic protein TonB,,Electrochemical potential-driven transporters [TC:2],tcdb:2.C.1.1,2.C.1.1,unresolved,unresolved,,,none,tonB; periplasmic protein TonB,,brite;kegg;tcdb;func
ACZ81_03420,,AMP-binding protein,Lipid metabolism,NZ_CP012202.1,770151,771719,-,,kegg.orthology:K01897,"ACSL, fadD; long-chain-fatty-acid---CoA ligase [EC:6.2.1.3]",,,tcdb:4.C.1.1,4.C.1.1,unresolved,unresolved,,,none,"ACSL, fadD; long-chain-fatty-acid---CoA ligase [EC:6.2.1.3]",,tcdb
ACZ81_03515,lptD,LPS assembly protein LptD,Cell wall and membrane,NZ_CP012202.1,795562,797814,-,,kegg.orthology:K04744,"lptD, imp, ostA; LPS-assembly protein",,Pores ion channels [TC:1],tcdb:1.B.42.1,1.B.42.1,unresolved,unresolved,,,none,"lptD, imp, ostA; LPS-assembly protein",,brite;tcdb
ACZ81_03535,dsbC,bifunctional protein-disulfide isomerase/oxidoreductase DsbC,Cell wall and membrane,NZ_CP012202.1,800369,801091,+,,kegg.orthology:K03981,dsbC; thiol:disulfide interchange protein DsbC [EC:5.3.4.1],,,tcdb:3.A.7.11.1,3.A.7.11.1,unresolved,unresolved,,,none,dsbC; thiol:disulfide interchange protein DsbC [EC:5.3.4.1],,tcdb
ACZ81_03640,,hypothetical protein,Inorganic ion transport,NZ_CP012202.1,821815,822579,-,PERM,kegg.orthology:K07243,"FTR, FTH1, efeU; high-affinity iron transporter",high-affinity iron,Electrochemical potential-driven transporters [TC:2],tcdb:2.A.108.1,2.A.108.1,high-affinity iron,specific_compound,inorganic,kegg_ko,confident,"FTR, FTH1, efeU; high-affinity iron transporter",,brite;kegg;tcdb;func
ACZ81_03690,sspA,stringent starvation protein SspA,Post-translational modification,NZ_CP012202.1,830188,830820,+,,kegg.orthology:K03599,"sspA, mglA; stringent starvation protein A",,Pores ion channels [TC:1],tcdb:1.A.12.3.1,1.A.12.3.1,unresolved,unresolved,,,none,"sspA, mglA; stringent starvation protein A",,brite;tcdb
ACZ81_03715,mgtE,magnesium transporter,Inorganic ion transport,NZ_CP012202.1,834188,835546,-,,kegg.orthology:K06213,mgtE; magnesium transporter,magnesium,Pores ion channels [TC:1],tcdb:1.A.26.1,1.A.26.1,magnesium,specific_compound,inorganic,kegg_ko,confident,mgtE; magnesium transporter,,brite;kegg;tcdb;func
ACZ81_03720,ptsO,HPr family phosphocarrier protein,Carbohydrate metabolism,NZ_CP012202.1,835721,835993,-,,kegg.orthology:K08485,"ptsO, npr; phosphocarrier protein NPr",,Phosphocarrier protein HPr [TC:8.A.8],tcdb:4.A.2.1,4.A.2.1,unresolved,unresolved,,,none,"ptsO, npr; phosphocarrier protein NPr",,brite;tcdb
ACZ81_03730,ptsN,PTS IIA-like nitrogen regulatory protein PtsN,Carbohydrate metabolism,NZ_CP012202.1,836923,837366,-,,kegg.orthology:K02806,ptsN; nitrogen PTS system EIIA component [EC:2.7.1.-],,Nitrogen regulatory II component,,,unresolved,unresolved,,,none,ptsN; nitrogen PTS system EIIA component [EC:2.7.1.-],,brite
ACZ81_03745,lptB,LPS export ABC transporter ATP-binding protein,Unknown,NZ_CP012202.1,839253,839978,-,ATP,kegg.orthology:K06861,lptB; lipopolysaccharide export system ATP-binding protein [EC:7.5.2.5],,Lipopolysaccharide transporter,tcdb:1.B.42.1,1.B.42.1,saccharide,broad_class,organic,brite_leaf,confident,Lipopolysaccharide transporter,,brite;tcdb;func
ACZ81_03750,lptA,lipopolysaccharide transport periplasmic protein LptA,Unknown,NZ_CP012202.1,839981,840535,-,,kegg.orthology:K09774,lptA; lipopolysaccharide export system protein LptA,,Pores ion channels [TC:1],tcdb:1.B.42.1,1.B.42.1,unresolved,unresolved,,,none,lptA; lipopolysaccharide export system protein LptA,,brite;tcdb
ACZ81_03755,lptC,LPS export ABC transporter periplasmic protein LptC,Unknown,NZ_CP012202.1,840504,841082,-,,kegg.orthology:K11719,lptC; lipopolysaccharide export system protein LptC,,Pores ion channels [TC:1],tcdb:1.B.42.1,1.B.42.1,unresolved,unresolved,,,none,lptC; lipopolysaccharide export system protein LptC,,brite;tcdb;func
ACZ81_03770,yrbG,calcium/sodium antiporter,Inorganic ion transport,NZ_CP012202.1,842611,843567,-,,kegg.orthology:K07301,yrbG; cation:H+ antiporter,,Electrochemical potential-driven transporters [TC:2],tcdb:2.A.19.5,2.A.19.5,calcium,specific_compound,inorganic,product,inferred,calcium/sodium antiporter,,brite;kegg;tcdb;func
ACZ81_03775,mlaF,phospholipid ABC transporter ATP-binding protein MlaF,Secondary metabolites,NZ_CP012202.1,844416,845216,+,ATP,kegg.orthology:K02065,"mlaF, linL, mkl; phospholipid/cholesterol/gamma-HCH transport system ATP-binding protein",phospholipid/cholesterol/gamma-HCH,gamma-Hexachlorocyclohexane transporter,tcdb:3.A.1.27,3.A.1.27,phospholipid/cholesterol/gamma-HCH,multi_substrate,organic,kegg_ko,confident,"mlaF, linL, mkl; phospholipid/cholesterol/gamma-HCH transport system ATP-binding protein",phospholipid; cholesterol; gamma-hch,brite;kegg;tcdb;func
ACZ81_03780,mlaE,lipid asymmetry maintenance ABC transporter permease subunit MlaE,Secondary metabolites,NZ_CP012202.1,845213,845989,+,PERM,kegg.orthology:K02066,"mlaE, linK; phospholipid/cholesterol/gamma-HCH transport system permease protein",phospholipid/cholesterol/gamma-HCH,gamma-Hexachlorocyclohexane transporter,tcdb:3.A.1.27,3.A.1.27,phospholipid/cholesterol/gamma-HCH,multi_substrate,organic,kegg_ko,confident,"mlaE, linK; phospholipid/cholesterol/gamma-HCH transport system permease protein",phospholipid; cholesterol; gamma-hch,brite;kegg;tcdb;func
ACZ81_03785,mlaD,outer membrane lipid asymmetry maintenance protein MlaD,Secondary metabolites,NZ_CP012202.1,845999,846472,+,SBP,kegg.orthology:K02067,"mlaD, linM; phospholipid/cholesterol/gamma-HCH transport system substrate-binding protein",phospholipid/cholesterol/gamma-HCH,gamma-Hexachlorocyclohexane transporter,tcdb:3.A.1.27,3.A.1.27,phospholipid/cholesterol/gamma-HCH,multi_substrate,organic,kegg_ko,confident,"mlaD, linM; phospholipid/cholesterol/gamma-HCH transport system substrate-binding protein",phospholipid; cholesterol; gamma-hch,brite;kegg;tcdb;func
ACZ81_03790,ttg2D,MlaC/ttg2D family ABC transporter substrate-binding protein,Secondary metabolites,NZ_CP012202.1,846591,847256,+,SBP,kegg.orthology:K07323,mlaC; phospholipid transport system substrate-binding protein,phospholipid,Phospholipid transporter,tcdb:3.A.1.27.3,3.A.1.27.3,lipid,broad_class,organic,kegg_ko,confident,mlaC; phospholipid transport system substrate-binding protein,,brite;kegg;tcdb;func
ACZ81_03795,yrbB,STAS domain-containing protein,Unknown,NZ_CP012202.1,847253,847561,+,SBP,kegg.orthology:K07122,mlaB; phospholipid transport system transporter-binding protein,phospholipid,Phospholipid transporter,tcdb:3.A.1.27.3,3.A.1.27.3,lipid,broad_class,organic,kegg_ko,confident,mlaB; phospholipid transport system transporter-binding protein,,brite;kegg;tcdb
ACZ81_03890,secD,protein translocase subunit SecD,Intracellular trafficking,NZ_CP012202.1,870977,873544,+,,kegg.orthology:K12257,secDF; SecD/SecF fusion protein,,,tcdb:2.A.6.4,2.A.6.4,unresolved,unresolved,,,none,secDF; SecD/SecF fusion protein,,tcdb;func
ACZ81_03895,nhaP2,potassium/proton antiporter,Inorganic ion transport,NZ_CP012202.1,873706,875169,+,,kegg.orthology:K11105,"cvrA, nhaP2; potassium/hydrogen antiporter",,Electrochemical potential-driven transporters [TC:2],tcdb:2.A.36.6,2.A.36.6,potassium,specific_compound,inorganic,kegg_ko_keyword,inferred,"cvrA, nhaP2; potassium/hydrogen antiporter",,brite;kegg;tcdb;func
ACZ81_03900,,TonB-dependent receptor,Inorganic ion transport,NZ_CP012202.1,875626,878022,-,,,,,,,,unresolved,unresolved,,,none,TonB-dependent receptor,,func
ACZ81_03905,ywfM,DMT family transporter,Amino acid metabolism,NZ_CP012202.1,878423,879367,+,,kegg.orthology:K03298,"TC.DME; drug/metabolite transporter, DME family",drug/metabolite,Electrochemical potential-driven transporters [TC:2],tcdb:2.A.7.3,2.A.7.3,unresolved,unresolved,,,none,"TC.DME; drug/metabolite transporter, DME family",,brite;kegg;tcdb;func
ACZ81_03920,,ABC transporter substrate-binding protein,Amino acid metabolism,NZ_CP012202.1,883051,884229,-,SBP,kegg.orthology:K01999,livK; branched-chain amino acid transport system substrate-binding protein,branched-chain amino acid,Branched-chain amino acid transporter,tcdb:3.A.1.4,3.A.1.4,branched-chain amino acid,narrow_class,organic,kegg_ko,confident,livK; branched-chain amino acid transport system substrate-binding protein,leucine; isoleucine; valine,brite;kegg;tcdb;func
ACZ81_03990,,efflux RND transporter periplasmic adaptor subunit,Cell wall and membrane,NZ_CP012202.1,899642,900727,+,,kegg.orthology:K03585,"acrA, mexA, adeI, smeD, mtrC, cmeA; membrane fusion protein, multidrug efflux system",,Accessory factors involved in transport [TC:8],tcdb:2.A.6.2,2.A.6.2,unresolved,unresolved,,,none,"acrA, mexA, adeI, smeD, mtrC, cmeA; membrane fusion protein, multidrug efflux system",,brite;kegg;tcdb;func
ACZ81_03995,,efflux RND transporter permease subunit,Defense mechanisms,NZ_CP012202.1,900737,903922,+,PERM,kegg.orthology:K03296,"TC.HAE1; hydrophobic/amphiphilic exporter-1 (mainly G- bacteria), HAE1 family",,,tcdb:2.A.6.2,2.A.6.2,unresolved,unresolved,,,none,"TC.HAE1; hydrophobic/amphiphilic exporter-1 (mainly G- bacteria), HAE1 family",,tcdb;func
ACZ81_04000,nodT,TolC family protein,Cell wall and membrane,NZ_CP012202.1,903912,905390,+,,kegg.orthology:K18139,"oprM, emhC, ttgC, cusC, adeK, smeF, mtrE, cmeC, gesC; outer membrane protein, multidrug efflux system",,Pores ion channels [TC:1],tcdb:2.A.6.2,2.A.6.2,unresolved,unresolved,,,none,"oprM, emhC, ttgC, cusC, adeK, smeF, mtrE, cmeC, gesC; outer membrane protein, multidrug efflux system",,brite;kegg;tcdb
ACZ81_04030,pstC,ABC transporter permease subunit,Inorganic ion transport,NZ_CP012202.1,912994,915171,+,PERM,kegg.orthology:K02037,pstC; phosphate transport system permease protein,phosphate,Phosphate transporter,tcdb:3.A.1.7,3.A.1.7,phosphate,specific_compound,inorganic,kegg_ko,confident,pstC; phosphate transport system permease protein,,brite;kegg;tcdb;func
ACZ81_04035,pstA,phosphate ABC transporter permease PstA,Inorganic ion transport,NZ_CP012202.1,915164,916723,+,PERM,kegg.orthology:K02038,pstA; phosphate transport system permease protein,phosphate,Phosphate transporter,tcdb:3.A.1.7,3.A.1.7,phosphate,specific_compound,inorganic,kegg_ko,confident,pstA; phosphate transport system permease protein,,brite;kegg;tcdb;func
ACZ81_04040,pstB,phosphate ABC transporter ATP-binding protein PstB,Inorganic ion transport,NZ_CP012202.1,916739,917545,+,ATP,kegg.orthology:K02036,pstB; phosphate transport system ATP-binding protein [EC:7.3.2.1],phosphate,Phosphate transporter,tcdb:3.A.1.7,3.A.1.7,phosphate,specific_compound,inorganic,kegg_ko,confident,pstB; phosphate transport system ATP-binding protein [EC:7.3.2.1],,brite;kegg;tcdb;func
ACZ81_04045,phoU,phosphate signaling complex protein PhoU,Inorganic ion transport,NZ_CP012202.1,917696,918412,+,,kegg.orthology:K02039,phoU; phosphate transport system protein,phosphate,,,,phosphate,specific_compound,inorganic,kegg_ko,confident,phoU; phosphate transport system protein,,kegg;func
ACZ81_04050,pitA,inorganic phosphate transporter,Inorganic ion transport,NZ_CP012202.1,918753,920024,+,PERM,kegg.orthology:K03306,"TC.PIT; inorganic phosphate transporter, PiT family",inorganic phosphate,,tcdb:2.A.20,The Inorganic Phosphate Transporter (PiT) Family,inorganic phosphate,specific_compound,inorganic,kegg_ko,confident,"TC.PIT; inorganic phosphate transporter, PiT family",,kegg;tcdb;func
ACZ81_04155,sstT,serine/threonine transporter SstT,Amino acid metabolism,NZ_CP012202.1,943482,944702,+,,kegg.orthology:K07862,sstT; serine/threonine transporter,serine/threonine,Electrochemical potential-driven transporters [TC:2],tcdb:2.A.23.4,2.A.23.4,serine/threonine,multi_substrate,organic,kegg_ko,confident,sstT; serine/threonine transporter,serine; threonine,brite;kegg;tcdb;func
ACZ81_04190,,MipA/OmpV family protein,Cell wall and membrane,NZ_CP012202.1,952127,952891,-,,kegg.orthology:K07274,"mipA, ompV; MipA family protein",,Pores ion channels [TC:1],tcdb:9.B.99.1,9.B.99.1,unresolved,unresolved,,,none,"mipA, ompV; MipA family protein",,brite;tcdb
ACZ81_04210,ybiT,ABC-F family ATPase,Unknown,NZ_CP012202.1,956209,957801,-,ATP,,,,,,,unresolved,unresolved,,,none,ABC-F family ATPase,,func
ACZ81_04225,,mechanosensitive ion channel family protein,Cell wall and membrane,NZ_CP012202.1,960086,961189,+,,kegg.orthology:K16052,"ynaI, mscMJ; MscS family membrane protein",,Pores ion channels [TC:1],tcdb:1.A.23.4,1.A.23.4,unresolved,unresolved,,,none,"ynaI, mscMJ; MscS family membrane protein",,brite;tcdb;func
ACZ81_RS20765,,DMT family transporter,Amino acid metabolism,NZ_CP012202.1,961741,962220,+,PERM,,,,,,,unresolved,unresolved,,,none,DMT family transporter,,func
ACZ81_04240,,TonB-dependent receptor domain-containing protein,Inorganic ion transport,NZ_CP012202.1,962290,964656,-,,kegg.orthology:K16089,"TC.FEV.OM2, cirA, cfrA, hmuR; outer membrane receptor for ferrienterochelin and colicins",,Pores ion channels [TC:1],tcdb:1.B.14.1,1.B.14.1,iron/siderophore,specific_compound,inorganic,kegg_ko_keyword,inferred,"TC.FEV.OM2, cirA, cfrA, hmuR; outer membrane receptor for ferrienterochelin and colicins",,brite;tcdb;func
ACZ81_04250,rbbA,ribosome-associated ATPase/putative transporter RbbA,Defense mechanisms,NZ_CP012202.1,966361,969093,+,ATP,kegg.orthology:K13926,rbbA; ribosome-dependent ATPase,,,,,unresolved,unresolved,,,none,rbbA; ribosome-dependent ATPase,,func
ACZ81_04255,yhhJ,ABC transporter permease,Defense mechanisms,NZ_CP012202.1,969097,970218,+,PERM,kegg.orthology:K01992,ABC-2.P; ABC-2 type transport system permease protein,ABC-2 type,ABC-2 type transporter,tcdb:3.A.1,The ATP-binding Cassette (ABC) Superfamily,unresolved,unresolved,,,none,ABC-2.P; ABC-2 type transport system permease protein,,brite;kegg;tcdb;func
ACZ81_04260,,MFS transporter,Amino acid metabolism,NZ_CP012202.1,970785,971960,-,PERM,kegg.orthology:K07552,"bcr, tcaB; MFS transporter, DHA1 family, multidrug resistance protein",MFS,Drug:H+ antiporter-1 (12 spanner) (DHA1) family [TC:2.A.1.2],tcdb:2.A.1.2.9,2.A.1.2.9,unresolved,unresolved,,,none,"bcr, tcaB; MFS transporter, DHA1 family, multidrug resistance protein",,brite;kegg;tcdb;func
ACZ81_04290,czcC,TolC family protein,Cell wall and membrane,NZ_CP012202.1,977072,978367,+,,kegg.orthology:K15725,"czcC, cusC, cnrC; outer membrane protein, heavy metal efflux system",,Pores ion channels [TC:1],tcdb:1.B.17.2.2,1.B.17.2.2,unresolved,unresolved,,,none,"czcC, cusC, cnrC; outer membrane protein, heavy metal efflux system",,brite;kegg;tcdb
ACZ81_04295,czcB,efflux RND transporter periplasmic adaptor subunit,Cell wall and membrane,NZ_CP012202.1,978364,979614,+,,kegg.orthology:K15727,"czcB, cusB, cnrB; membrane fusion protein, heavy metal efflux system",,Accessory factors involved in transport [TC:8],tcdb:8.A.1.2.1,8.A.1.2.1,unresolved,unresolved,,,none,"czcB, cusB, cnrB; membrane fusion protein, heavy metal efflux system",,brite;kegg;tcdb;func
ACZ81_04300,czcA,efflux RND transporter permease subunit,Inorganic ion transport,NZ_CP012202.1,979626,982781,+,PERM,kegg.orthology:K15726,"czcA, cusA, cnrA; heavy metal efflux system protein",,Electrochemical potential-driven transporters [TC:2],tcdb:2.A.6.1.2,2.A.6.1.2,unresolved,unresolved,,,none,"czcA, cusA, cnrA; heavy metal efflux system protein",,brite;kegg;tcdb;func
ACZ81_04320,,efflux RND transporter periplasmic adaptor subunit,Cell wall and membrane,NZ_CP012202.1,984689,985528,-,,,,,,,,unresolved,unresolved,,,none,efflux RND transporter periplasmic adaptor subunit,,func
ACZ81_04325,,efflux RND transporter permease subunit,Defense mechanisms,NZ_CP012202.1,985515,988673,-,PERM,kegg.orthology:K03296,"TC.HAE1; hydrophobic/amphiphilic exporter-1 (mainly G- bacteria), HAE1 family",,,tcdb:2.A.6.2,2.A.6.2,unresolved,unresolved,,,none,"TC.HAE1; hydrophobic/amphiphilic exporter-1 (mainly G- bacteria), HAE1 family",,tcdb;func
ACZ81_04350,,YeeE/YedE family protein,Unknown,NZ_CP012202.1,992835,993263,+,,kegg.orthology:K07112,K07112; uncharacterized protein,,,,,unresolved,unresolved,,,none,K07112; uncharacterized protein,,func
ACZ81_04355,,DUF6691 family protein,Unknown,NZ_CP012202.1,993284,993688,+,,kegg.orthology:K07112,K07112; uncharacterized protein,,,,,unresolved,unresolved,,,none,K07112; uncharacterized protein,,func
ACZ81_04365,,sulfite exporter TauE/SafE family protein,Unknown,NZ_CP012202.1,995404,996189,+,,kegg.orthology:K07090,K07090; uncharacterized protein,,,,,unresolved,unresolved,,,none,K07090; uncharacterized protein,,func
ACZ81_04470,,CidA/LrgA family protein,Unknown,NZ_CP012202.1,1018113,1018514,+,,kegg.orthology:K06518,cidA; holin-like protein,,Pores ion channels [TC:1],tcdb:1.E.14.2,1.E.14.2,unresolved,unresolved,,,none,cidA; holin-like protein,,brite;tcdb
ACZ81_04540,gspA,ExeA family protein,Intracellular trafficking,NZ_CP012202.1,1033388,1034299,+,,kegg.orthology:K02450,gspA; general secretion pathway protein A,,,tcdb:9.B.42,The ExeAB (ExeAB) Secretin Assembly/Export Complex Family,unresolved,unresolved,,,none,gspA; general secretion pathway protein A,,tcdb
ACZ81_04545,gspB,general secretion pathway protein GspB,Intracellular trafficking,NZ_CP012202.1,1034292,1035527,+,,kegg.orthology:K02451,gspB; general secretion pathway protein B,,,tcdb:9.B.42,The ExeAB (ExeAB) Secretin Assembly/Export Complex Family,unresolved,unresolved,,,none,gspB; general secretion pathway protein B,,tcdb
ACZ81_04600,recA,recombinase RecA,Replication and repair,NZ_CP012202.1,1049748,1050794,+,,kegg.orthology:K03553,recA; recombination protein RecA,,,,,unresolved,unresolved,,,none,recA; recombination protein RecA,,func
ACZ81_04605,natA,ABC transporter ATP-binding protein,Energy production,NZ_CP012202.1,1051111,1051932,+,ATP,kegg.orthology:K09697,natA; sodium transport system ATP-binding protein [EC:7.2.2.4],sodium,Sodium transporter,tcdb:3.A.1.115,3.A.1.115,sodium,specific_compound,inorganic,kegg_ko,confident,natA; sodium transport system ATP-binding protein [EC:7.2.2.4],,brite;kegg;tcdb;func
ACZ81_04610,natB,ABC transporter permease,Energy production,NZ_CP012202.1,1051916,1053112,+,PERM,kegg.orthology:K09696,natB; sodium transport system permease protein,sodium,Sodium transporter,tcdb:3.A.1.115,3.A.1.115,sodium,specific_compound,inorganic,kegg_ko,confident,natB; sodium transport system permease protein,,brite;kegg;tcdb;func
ACZ81_04625,ccmA,cytochrome c biogenesis heme-transporting ATPase CcmA,Post-translational modification,NZ_CP012202.1,1056408,1057031,+,ATP,kegg.orthology:K02193,ccmA; heme exporter protein A [EC:7.6.2.5],,Heme transporter,tcdb:3.A.1.107,3.A.1.107,heme,specific_compound,organic,kegg_ko_keyword,inferred,ccmA; heme exporter protein A [EC:7.6.2.5],,brite;tcdb;func
ACZ81_04630,ccmB,heme exporter protein CcmB,Post-translational modification,NZ_CP012202.1,1057031,1057696,+,,kegg.orthology:K02194,ccmB; heme exporter protein B,,Heme transporter,tcdb:3.A.1.107,3.A.1.107,heme,specific_compound,organic,kegg_ko_keyword,inferred,ccmB; heme exporter protein B,,brite;tcdb;func
ACZ81_04635,ccmC,heme ABC transporter permease,Post-translational modification,NZ_CP012202.1,1057696,1058487,+,PERM,kegg.orthology:K02195,ccmC; heme exporter protein C,,Heme transporter,tcdb:3.A.1.107,3.A.1.107,heme,specific_compound,organic,kegg_ko_keyword,inferred,ccmC; heme exporter protein C,,brite;tcdb;func
ACZ81_04640,ccmD,heme exporter protein CcmD,Intracellular trafficking,NZ_CP012202.1,1058489,1058698,+,,kegg.orthology:K02196,ccmD; heme exporter protein D,,Heme transporter,tcdb:3.A.1.107,3.A.1.107,heme,specific_compound,organic,kegg_ko_keyword,inferred,ccmD; heme exporter protein D,,brite;tcdb;func
ACZ81_04650,ccmF,heme lyase CcmF/NrfE family subunit,Post-translational modification,NZ_CP012202.1,1059271,1061328,+,,kegg.orthology:K02198,ccmF; cytochrome c-type biogenesis protein CcmF,,Others,tcdb:9.B.14.1,9.B.14.1,unresolved,unresolved,,,none,ccmF; cytochrome c-type biogenesis protein CcmF,,brite;tcdb
ACZ81_04685,dtpT,peptide MFS transporter,Amino acid metabolism,NZ_CP012202.1,1066391,1067911,-,,kegg.orthology:K03305,"TC.POT; proton-dependent oligopeptide transporter, POT family",proton-dependent oligopeptide,,tcdb:2.A.17,The Proton-dependent Oligopeptide Transporter (POT/PTR) Family,oligopeptide,narrow_class,organic,kegg_ko,confident,"TC.POT; proton-dependent oligopeptide transporter, POT family",,kegg;tcdb;func
ACZ81_04690,kpsE,KpsE/RkpR family capsule polysaccharide export protein,Cell wall and membrane,NZ_CP012202.1,1068129,1069247,-,PERM,kegg.orthology:K10107,kpsE; capsular polysaccharide transport system permease protein,capsular polysaccharide,Capsular polysaccharide transporter,tcdb:3.A.1.101,3.A.1.101,saccharide,broad_class,organic,kegg_ko,confident,kpsE; capsular polysaccharide transport system permease protein,,brite;kegg;tcdb
ACZ81_04695,kpsT,ABC transporter ATP-binding protein,Carbohydrate metabolism,NZ_CP012202.1,1069260,1069934,-,ATP,kegg.orthology:K09689,kpsT; capsular polysaccharide transport system ATP-binding protein [EC:7.6.2.12],capsular polysaccharide,Capsular polysaccharide transporter,tcdb:3.A.1.101,3.A.1.101,saccharide,broad_class,organic,kegg_ko,confident,kpsT; capsular polysaccharide transport system ATP-binding protein [EC:7.6.2.12],,brite;kegg;tcdb;func
ACZ81_04700,kpsM,ABC transporter permease,Carbohydrate metabolism,NZ_CP012202.1,1069931,1070710,-,PERM,kegg.orthology:K09688,kpsM; capsular polysaccharide transport system permease protein,capsular polysaccharide,Capsular polysaccharide transporter,tcdb:3.A.1.101,3.A.1.101,saccharide,broad_class,organic,kegg_ko,confident,kpsM; capsular polysaccharide transport system permease protein,,brite;kegg;tcdb;func
ACZ81_04740,,ComEA family DNA-binding protein,Replication and repair,NZ_CP012202.1,1079211,1079525,-,,kegg.orthology:K02237,comEA; competence protein ComEA,,,tcdb:3.A.11.1,3.A.11.1,unresolved,unresolved,,,none,comEA; competence protein ComEA,,tcdb
ACZ81_04875,yaeT,outer membrane protein assembly factor BamA,Cell wall and membrane,NZ_CP012202.1,1106714,1109191,+,,kegg.orthology:K07277,"SAM50, TOB55, bamA; outer membrane protein insertion porin family",outer membrane protein insertion,Pores ion channels [TC:1],tcdb:1.B.33,The Outer Membrane Protein Insertion Porin (Bam Complex) (OmpIP) Family,unresolved,unresolved,,,none,"SAM50, TOB55, bamA; outer membrane protein insertion porin family",,brite;kegg;tcdb
ACZ81_04925,kefB,monovalent cation:proton antiporter family protein,Inorganic ion transport,NZ_CP012202.1,1120280,1122247,+,,kegg.orthology:K03455,"KEA1_2_3, kefB, kefC; K+:H+ antiporter",,Electrochemical potential-driven transporters [TC:2],tcdb:2.A.37,The Monovalent Cation:Proton Antiporter-2 (CPA2) Family,unresolved,unresolved,,,none,"KEA1_2_3, kefB, kefC; K+:H+ antiporter",,brite;kegg;tcdb;func
ACZ81_05080,fliD,flagellar filament capping protein FliD,Cell motility,NZ_CP012202.1,1154251,1155681,+,,kegg.orthology:K02407,fliD; flagellar hook-associated protein 2,,,,,unresolved,unresolved,,,none,fliD; flagellar hook-associated protein 2,,func
ACZ81_05170,fliF,flagellar basal-body MS-ring/collar protein FliF,Cell motility,NZ_CP012202.1,1173167,1174861,+,,kegg.orthology:K02409,fliF; flagellar M-ring protein FliF,,,tcdb:3.A.6.2,3.A.6.2,unresolved,unresolved,,,none,fliF; flagellar M-ring protein FliF,,tcdb
ACZ81_05180,fliH,flagellar assembly protein FliH,Cell motility,NZ_CP012202.1,1175954,1176736,+,,kegg.orthology:K02411,fliH; flagellar assembly protein FliH,,,tcdb:3.A.6.2,3.A.6.2,unresolved,unresolved,,,none,fliH; flagellar assembly protein FliH,,tcdb
ACZ81_05185,fliI,flagellar protein export ATPase FliI,Cell motility,NZ_CP012202.1,1176729,1178063,+,ATP,kegg.orthology:K02412,fliI; flagellum-specific ATP synthase [EC:7.4.2.8],,,tcdb:3.A.6.2,3.A.6.2,unresolved,unresolved,,,none,fliI; flagellum-specific ATP synthase [EC:7.4.2.8],,tcdb
ACZ81_05210,fliN,flagellar motor switch protein FliN,Cell motility,NZ_CP012202.1,1183120,1183527,+,,kegg.orthology:K02417,fliN; flagellar motor switch protein FliN,,,tcdb:3.A.6.2,3.A.6.2,unresolved,unresolved,,,none,fliN; flagellar motor switch protein FliN,,tcdb
ACZ81_05215,fliO,flagellar biosynthetic protein FliO,Cell motility,NZ_CP012202.1,1183556,1184008,+,,kegg.orthology:K02418,"fliO, fliZ; flagellar protein FliO/FliZ",,,tcdb:3.A.6.2,3.A.6.2,unresolved,unresolved,,,none,"fliO, fliZ; flagellar protein FliO/FliZ",,tcdb
ACZ81_05220,fliP,flagellar type III secretion system pore protein FliP,Cell motility,NZ_CP012202.1,1184001,1184756,+,,kegg.orthology:K02419,fliP; flagellar biosynthesis protein FliP,,,tcdb:3.A.6.2,3.A.6.2,unresolved,unresolved,,,none,fliP; flagellar biosynthesis protein FliP,,tcdb;func
ACZ81_05225,fliQ,flagellar biosynthesis protein FliQ,Cell motility,NZ_CP012202.1,1184765,1185034,+,,kegg.orthology:K02420,fliQ; flagellar biosynthesis protein FliQ,,,tcdb:3.A.6.2,3.A.6.2,unresolved,unresolved,,,none,fliQ; flagellar biosynthesis protein FliQ,,tcdb
ACZ81_05230,fliR,flagellar biosynthetic protein FliR,Cell motility,NZ_CP012202.1,1185047,1185826,+,,kegg.orthology:K02421,fliR; flagellar biosynthesis protein FliR,,,tcdb:3.A.6.2,3.A.6.2,unresolved,unresolved,,,none,fliR; flagellar biosynthesis protein FliR,,tcdb
ACZ81_05235,flhB,flagellar biosynthesis protein FlhB,Cell motility,NZ_CP012202.1,1185833,1186957,+,,kegg.orthology:K02401,flhB; flagellar biosynthesis protein FlhB,,,tcdb:3.A.6.2,3.A.6.2,unresolved,unresolved,,,none,flhB; flagellar biosynthesis protein FlhB,,tcdb
ACZ81_05250,flhA,flagellar biosynthesis protein FlhA,Cell motility,NZ_CP012202.1,1189861,1191960,+,,kegg.orthology:K02400,flhA; flagellar biosynthesis protein FlhA,,,tcdb:3.A.6.2,3.A.6.2,unresolved,unresolved,,,none,flhA; flagellar biosynthesis protein FlhA,,tcdb
ACZ81_05355,,SulP family inorganic anion transporter,Inorganic ion transport,NZ_CP012202.1,1213254,1214891,+,PERM,kegg.orthology:K03321,"TC.SULP; sulfate permease, SulP family",sulfate,Electrochemical potential-driven transporters [TC:2],tcdb:2.A.53.3,2.A.53.3,sulfate,specific_compound,inorganic,kegg_ko,confident,"TC.SULP; sulfate permease, SulP family",,brite;kegg;tcdb;func
ACZ81_05370,,TonB-dependent receptor domain-containing protein,Inorganic ion transport,NZ_CP012202.1,1217235,1219658,+,,,,,,,,unresolved,unresolved,,,none,TonB-dependent receptor domain-containing protein,,func
ACZ81_05425,oadG,OadG family protein,Energy production,NZ_CP012202.1,1229732,1230019,+,,kegg.orthology:K01573,oadG; oxaloacetate decarboxylase (Na+ extruding) subunit gamma,,Primary active transporters [TC:3],tcdb:3.B.1.1.1,3.B.1.1.1,sodium,specific_compound,inorganic,function_description,inferred,Lyase and sodium transporter,,brite;tcdb;func
ACZ81_05430,oadA,sodium-extruding oxaloacetate decarboxylase subunit alpha,Energy production,NZ_CP012202.1,1230039,1231859,+,,kegg.orthology:K01571,oadA; oxaloacetate decarboxylase (Na+ extruding) subunit alpha [EC:7.2.4.2],,Primary active transporters [TC:3],tcdb:3.B.1.1.1,3.B.1.1.1,unresolved,unresolved,,,none,oadA; oxaloacetate decarboxylase (Na+ extruding) subunit alpha [EC:7.2.4.2],,brite;tcdb
ACZ81_05435,oadB,sodium ion-translocating decarboxylase subunit beta,Energy production,NZ_CP012202.1,1231863,1232993,+,,kegg.orthology:K01572,K01572,,,tcdb:3.B.1.1.1,3.B.1.1.1,unresolved,unresolved,,,none,K01572,,tcdb
ACZ81_05440,dppF,ATP-binding cassette domain-containing protein,Amino acid metabolism,NZ_CP012202.1,1233165,1233971,-,ATP,kegg.orthology:K12372,dppF; dipeptide transport system ATP-binding protein,dipeptide,Dipeptide transporter,tcdb:3.A.1.5.5,3.A.1.5.5,dipeptide,narrow_class,organic,kegg_ko,confident,dppF; dipeptide transport system ATP-binding protein,,brite;kegg;tcdb;func
ACZ81_05445,sapD,peptide ABC transporter ATP-binding protein,Inorganic ion transport,NZ_CP012202.1,1233971,1234966,-,ATP,kegg.orthology:K02031,ddpD; peptide/nickel transport system ATP-binding protein,peptide/nickel,Cationic peptide transporter,tcdb:3.A.1.5.21,3.A.1.5.21,peptide/nickel,multi_substrate,organic,kegg_ko,confident,ddpD; peptide/nickel transport system ATP-binding protein,peptide; nickel,brite;kegg;tcdb;func
ACZ81_05450,sapC,ABC transporter permease subunit,Defense mechanisms,NZ_CP012202.1,1234968,1235861,-,PERM,kegg.orthology:K12370,dppC; dipeptide transport system permease protein,dipeptide,Dipeptide transporter,tcdb:3.A.1.5.5,3.A.1.5.5,dipeptide,narrow_class,organic,kegg_ko,confident,dppC; dipeptide transport system permease protein,,brite;kegg;tcdb;func
ACZ81_05455,dppB,ABC transporter permease,Inorganic ion transport,NZ_CP012202.1,1235848,1236816,-,PERM,kegg.orthology:K12369,dppB; dipeptide transport system permease protein,dipeptide,Oligopeptide transporter,tcdb:3.A.1.5.1,3.A.1.5.1,dipeptide,narrow_class,organic,kegg_ko,confident,dppB; dipeptide transport system permease protein,,brite;kegg;tcdb;func
ACZ81_05460,sapA,ABC transporter substrate-binding protein,Amino acid metabolism,NZ_CP012202.1,1236876,1238636,-,SBP,kegg.orthology:K12368,dppA; dipeptide transport system substrate-binding protein,dipeptide,Dipeptide transporter,tcdb:3.A.1.5.5,3.A.1.5.5,dipeptide,narrow_class,organic,kegg_ko,confident,dppA; dipeptide transport system substrate-binding protein,,brite;kegg;tcdb;func
ACZ81_05525,,TonB-dependent receptor,Inorganic ion transport,NZ_CP012202.1,1250373,1253318,+,,,,,,,,unresolved,unresolved,,,none,TonB-dependent receptor,,func
ACZ81_05530,,TonB-dependent receptor,Inorganic ion transport,NZ_CP012202.1,1253641,1256478,+,,kegg.orthology:K02014,TC.FEV.OM; iron complex outermembrane recepter protein,,Pores ion channels [TC:1],tcdb:1.B.14,The Outer Membrane Receptor (OMR) Family,iron/siderophore,specific_compound,inorganic,kegg_ko_keyword,inferred,TC.FEV.OM; iron complex outermembrane recepter protein,,brite;tcdb;func
ACZ81_05565,,MotA/TolQ/ExbB proton channel family protein,Intracellular trafficking,NZ_CP012202.1,1262568,1263926,+,,kegg.orthology:K03561,exbB; biopolymer transport protein ExbB,biopolymer,Pores ion channels [TC:1],tcdb:1.A.30.2.1,1.A.30.2.1,unresolved,unresolved,,,none,exbB; biopolymer transport protein ExbB,,brite;tcdb;func
ACZ81_05570,exbB2,MotA/TolQ/ExbB proton channel family protein,Intracellular trafficking,NZ_CP012202.1,1263928,1264452,+,,kegg.orthology:K03561,exbB; biopolymer transport protein ExbB,biopolymer,Pores ion channels [TC:1],tcdb:1.A.30.2.1,1.A.30.2.1,unresolved,unresolved,,,none,exbB; biopolymer transport protein ExbB,,brite;tcdb;func
ACZ81_05575,exbD2,ExbD/TolR family protein,Intracellular trafficking,NZ_CP012202.1,1264464,1264862,+,,kegg.orthology:K03559,exbD; biopolymer transport protein ExbD,biopolymer,Pores ion channels [TC:1],tcdb:1.A.30.2.1,1.A.30.2.1,unresolved,unresolved,,,none,exbD; biopolymer transport protein ExbD,,brite;tcdb
ACZ81_05580,tonB2,energy transducer TonB,Intracellular trafficking,NZ_CP012202.1,1264864,1265475,+,,kegg.orthology:K03832,tonB; periplasmic protein TonB,,Electrochemical potential-driven transporters [TC:2],tcdb:2.C.1.1,2.C.1.1,unresolved,unresolved,,,none,tonB; periplasmic protein TonB,,brite;kegg;tcdb;func
ACZ81_05600,,TonB-dependent receptor,Inorganic ion transport,NZ_CP012202.1,1270009,1272099,+,,,,,,,,unresolved,unresolved,,,none,TonB-dependent receptor,,func
ACZ81_05610,pnuC,nicotinamide riboside transporter PnuC,Coenzyme metabolism,NZ_CP012202.1,1272380,1273024,+,,kegg.orthology:K03811,pnuC; nicotinamide mononucleotide transporter,nicotinamide mononucleotide,Others,tcdb:4.B.1.1,4.B.1.1,nicotinamide mononucleotide,specific_compound,organic,kegg_ko,confident,pnuC; nicotinamide mononucleotide transporter,,brite;kegg;tcdb;func
ACZ81_05640,,DMT family transporter,Amino acid metabolism,NZ_CP012202.1,1276320,1277249,+,PERM,,,,,,,unresolved,unresolved,,,none,DMT family transporter,,func
ACZ81_05675,yiaV,HlyD family secretion protein,Defense mechanisms,NZ_CP012202.1,1283522,1284595,-,,kegg.orthology:K03543,"emrA; membrane fusion protein, multidrug efflux system",,Accessory factors involved in transport [TC:8],tcdb:8.A.1.1,8.A.1.1,unresolved,unresolved,,,none,"emrA; membrane fusion protein, multidrug efflux system",,brite;kegg;tcdb;func
ACZ81_05695,cstA,carbon starvation CstA family protein,Signal transduction,NZ_CP012202.1,1287813,1289306,-,,kegg.orthology:K06200,cstA; carbon starvation protein,,Electrochemical potential-driven transporters [TC:2],,,unresolved,unresolved,,,none,cstA; carbon starvation protein,,brite;func
ACZ81_05870,hcaT,MFS transporter,Amino acid metabolism,NZ_CP012202.1,1330889,1332106,+,PERM,kegg.orthology:K05820,"hcaT; MFS transporter, PPP family, 3-phenylpropionic acid transporter",MFS,Phenylproprionate permease (PPP) family [TC:2.A.1.27],tcdb:2.A.1.27,2.A.1.27,3-phenylpropionic acid,specific_compound,organic,kegg_ko_keyword,inferred,"hcaT; MFS transporter, PPP family, 3-phenylpropionic acid transporter",,brite;kegg;tcdb;func
ACZ81_05900,,TonB-dependent receptor plug domain-containing protein,Inorganic ion transport,NZ_CP012202.1,1338836,1341424,+,,kegg.orthology:K02014,TC.FEV.OM; iron complex outermembrane recepter protein,,Pores ion channels [TC:1],tcdb:1.B.14,The Outer Membrane Receptor (OMR) Family,iron/siderophore,specific_compound,inorganic,kegg_ko_keyword,inferred,TC.FEV.OM; iron complex outermembrane recepter protein,,brite;tcdb;func
ACZ81_05915,,TonB-dependent receptor,Inorganic ion transport,NZ_CP012202.1,1343416,1346349,+,,kegg.orthology:K02014,TC.FEV.OM; iron complex outermembrane recepter protein,,Pores ion channels [TC:1],tcdb:1.B.14,The Outer Membrane Receptor (OMR) Family,iron/siderophore,specific_compound,inorganic,kegg_ko_keyword,inferred,TC.FEV.OM; iron complex outermembrane recepter protein,,brite;tcdb;func
ACZ81_05935,motY,flagellar protein MotY,Cell wall and membrane,NZ_CP012202.1,1348737,1349609,+,,kegg.orthology:K21218,motY; sodium-type flagellar protein MotY,,Pores ion channels [TC:1],tcdb:1.A.30.1,1.A.30.1,unresolved,unresolved,,,none,motY; sodium-type flagellar protein MotY,,brite;tcdb
ACZ81_06015,,MATE family efflux transporter,Defense mechanisms,NZ_CP012202.1,1363543,1364925,+,,,,,,,,unresolved,unresolved,,,none,MATE family efflux transporter,,func
ACZ81_06075,,SLC13 family permease,Inorganic ion transport,NZ_CP012202.1,1379759,1381483,-,PERM,,,,,,,carboxylate,broad_class,organic,function_description,inferred,COG0471 Di- and tricarboxylate transporters,,func
ACZ81_06100,putP,sodium/proline symporter PutP,Amino acid metabolism,NZ_CP012202.1,1385484,1386989,-,,kegg.orthology:K03307,"TC.SSS; solute:Na+ symporter, SSS family",,Electrochemical potential-driven transporters [TC:2],tcdb:2.A.21.2,2.A.21.2,proline,specific_compound,organic,product,inferred,sodium/proline symporter PutP,,brite;kegg;tcdb;func
ACZ81_06130,,VWA domain-containing protein,Transcription,NZ_CP012202.1,1394535,1396571,-,,kegg.orthology:K07114,yfbK; Ca-activated chloride channel homolog,Ca-activated chloride,Pores ion channels [TC:1],tcdb:1.A.13.2.2,1.A.13.2.2,Ca-activated chloride,specific_compound,inorganic,kegg_ko,confident,yfbK; Ca-activated chloride channel homolog,,brite;kegg;tcdb
ACZ81_06135,batA,vWA domain-containing protein,Unknown,NZ_CP012202.1,1396571,1397647,-,,kegg.orthology:K07114,yfbK; Ca-activated chloride channel homolog,Ca-activated chloride,Pores ion channels [TC:1],tcdb:1.A.13.2.2,1.A.13.2.2,Ca-activated chloride,specific_compound,inorganic,kegg_ko,confident,yfbK; Ca-activated chloride channel homolog,,brite;kegg;tcdb
ACZ81_06185,yfjD,HlyC/CorC family transporter,Inorganic ion transport,NZ_CP012202.1,1413676,1414971,-,,,,,,,,unresolved,unresolved,,,none,HlyC/CorC family transporter,,func
ACZ81_06190,ypjD,cytochrome C assembly family protein,Unknown,NZ_CP012202.1,1415147,1415938,-,PERM,,,,,,,unresolved,unresolved,,,none,cytochrome C assembly family protein,,func
ACZ81_06195,ffh,signal recognition particle protein,Intracellular trafficking,NZ_CP012202.1,1416237,1417676,+,,kegg.orthology:K03106,"SRP54, ffh; signal recognition particle subunit SRP54 [EC:3.6.5.4]",,,tcdb:3.A.5.1,3.A.5.1,unresolved,unresolved,,,none,"SRP54, ffh; signal recognition particle subunit SRP54 [EC:3.6.5.4]",,tcdb
ACZ81_06230,,efflux RND transporter permease subunit,Defense mechanisms,NZ_CP012202.1,1428208,1431324,-,PERM,kegg.orthology:K18138,"acrB, mexB, adeJ, smeE, mtrD, cmeB; multidrug efflux pump",,Electrochemical potential-driven transporters [TC:2],tcdb:2.A.6.2,2.A.6.2,unresolved,unresolved,,,none,"acrB, mexB, adeJ, smeE, mtrD, cmeB; multidrug efflux pump",,brite;kegg;tcdb;func
ACZ81_06235,,efflux RND transporter periplasmic adaptor subunit,Cell wall and membrane,NZ_CP012202.1,1431317,1432375,-,,,,,,,,unresolved,unresolved,,,none,efflux RND transporter periplasmic adaptor subunit,,func
ACZ81_06240,draA,ABC transporter transmembrane domain-containing protein,Defense mechanisms,NZ_CP012202.1,1432508,1434316,-,ATP,kegg.orthology:K06147,"ABCB-BAC; ATP-binding cassette, subfamily B, bacterial",,ABCB-BAC subgroup,tcdb:3.A.1.106,3.A.1.106,unresolved,unresolved,,,none,"ABCB-BAC; ATP-binding cassette, subfamily B, bacterial",,brite;tcdb;func
ACZ81_06275,,trimeric intracellular cation channel family protein,Unknown,NZ_CP012202.1,1438157,1438786,+,,,,,,,,unresolved,unresolved,,,none,trimeric intracellular cation channel family protein,,func
ACZ81_06415,tolQ,protein TolQ,Intracellular trafficking,NZ_CP012202.1,1466253,1466942,+,,kegg.orthology:K03562,tolQ; biopolymer transport protein TolQ,biopolymer,Pores ion channels [TC:1],tcdb:1.A.30.2.2,1.A.30.2.2,unresolved,unresolved,,,none,tolQ; biopolymer transport protein TolQ,,brite;tcdb
ACZ81_06420,tolR,protein TolR,Intracellular trafficking,NZ_CP012202.1,1466972,1467391,+,,kegg.orthology:K03560,tolR; biopolymer transport protein TolR,biopolymer,Pores ion channels [TC:1],tcdb:1.A.30.2.2,1.A.30.2.2,unresolved,unresolved,,,none,tolR; biopolymer transport protein TolR,,brite;tcdb
ACZ81_06425,tolA,cell envelope integrity protein TolA,Cell wall and membrane,NZ_CP012202.1,1467399,1468292,+,,kegg.orthology:K03646,tolA; colicin import membrane protein,,Electrochemical potential-driven transporters [TC:2],tcdb:2.C.1.2,2.C.1.2,unresolved,unresolved,,,none,tolA; colicin import membrane protein,,brite;tcdb;func
ACZ81_06430,tolB,Tol-Pal system beta propeller repeat protein TolB,Intracellular trafficking,NZ_CP012202.1,1468297,1469652,+,,kegg.orthology:K03641,tolB; TolB protein,,Electrochemical potential-driven transporters [TC:2],tcdb:2.C.1.2,2.C.1.2,unresolved,unresolved,,,none,tolB; TolB protein,,brite;tcdb
ACZ81_06435,pal,peptidoglycan-associated lipoprotein Pal,Cell wall and membrane,NZ_CP012202.1,1469693,1470259,+,,kegg.orthology:K03640,pal; peptidoglycan-associated lipoprotein,,Electrochemical potential-driven transporters [TC:2],tcdb:2.C.1.2,2.C.1.2,unresolved,unresolved,,,none,pal; peptidoglycan-associated lipoprotein,,brite;tcdb
ACZ81_06510,,OprO/OprP family phosphate-selective porin,Inorganic ion transport,NZ_CP012202.1,1482433,1483623,+,,,,,,,,phosphate,specific_compound,inorganic,product,inferred,OprO/OprP family phosphate-selective porin,,func
ACZ81_06540,,hypothetical protein,Inorganic ion transport,NZ_CP012202.1,1490656,1491099,-,SBP,,,,,,,phosphate,specific_compound,inorganic,function_description,inferred,"ABC-type phosphate transport system, periplasmic component",,func
ACZ81_06560,,efflux RND transporter permease subunit,Defense mechanisms,NZ_CP012202.1,1493819,1496860,-,PERM,kegg.orthology:K18138,"acrB, mexB, adeJ, smeE, mtrD, cmeB; multidrug efflux pump",,Electrochemical potential-driven transporters [TC:2],tcdb:2.A.6.2,2.A.6.2,unresolved,unresolved,,,none,"acrB, mexB, adeJ, smeE, mtrD, cmeB; multidrug efflux pump",,brite;kegg;tcdb;func
ACZ81_06565,,efflux RND transporter periplasmic adaptor subunit,Cell wall and membrane,NZ_CP012202.1,1496864,1497946,-,,,,,,,,unresolved,unresolved,,,none,efflux RND transporter periplasmic adaptor subunit,,func
ACZ81_06575,,TonB-dependent receptor,Inorganic ion transport,NZ_CP012202.1,1499280,1501361,+,,kegg.orthology:K16090,fiu; catecholate siderophore receptor,,Pores ion channels [TC:1],tcdb:1.B.14.1.11,1.B.14.1.11,iron/siderophore,specific_compound,inorganic,kegg_ko_keyword,inferred,fiu; catecholate siderophore receptor,,brite;tcdb;func
ACZ81_06590,,efflux RND transporter permease subunit,Defense mechanisms,NZ_CP012202.1,1503973,1507152,-,PERM,,,,,,,unresolved,unresolved,,,none,efflux RND transporter permease subunit,,func
ACZ81_06595,,efflux RND transporter periplasmic adaptor subunit,Cell wall and membrane,NZ_CP012202.1,1507162,1508310,-,,,,,,,,unresolved,unresolved,,,none,efflux RND transporter periplasmic adaptor subunit,,func
ACZ81_06605,ymbA,PqiC family protein,Unknown,NZ_CP012202.1,1509568,1510179,-,,kegg.orthology:K09857,pqiC; intermembrane transport lipoprotein PqiC,inter,Others,,,unresolved,unresolved,,,none,pqiC; intermembrane transport lipoprotein PqiC,,brite
ACZ81_06610,pqiB,intermembrane transport protein PqiB,Secondary metabolites,NZ_CP012202.1,1510357,1512009,-,,kegg.orthology:K06192,"pqiB, letB; intermembrane transport protein PqiB/LetB",inter,Others,,,unresolved,unresolved,,,none,"pqiB, letB; intermembrane transport protein PqiB/LetB",,brite
ACZ81_06615,pqiA,paraquat-inducible protein A,Unknown,NZ_CP012202.1,1512006,1513148,-,,kegg.orthology:K03808,"pqiA, letA; intermembrane transport protein PqiA/LetA",inter,Others,,,unresolved,unresolved,,,none,"pqiA, letA; intermembrane transport protein PqiA/LetA",,brite
ACZ81_06635,,calcium/sodium antiporter,Inorganic ion transport,NZ_CP012202.1,1516820,1517788,-,,kegg.orthology:K07301,yrbG; cation:H+ antiporter,,Electrochemical potential-driven transporters [TC:2],tcdb:2.A.19.5,2.A.19.5,calcium,specific_compound,inorganic,product,inferred,calcium/sodium antiporter,,brite;kegg;tcdb;func
ACZ81_06695,,FecCD family ABC transporter permease,Inorganic ion transport,NZ_CP012202.1,1529408,1530385,+,PERM,kegg.orthology:K02015,ABC.FEV.P; iron complex transport system permease protein,iron complex,Vitamin B12 transporter,tcdb:3.A.1.13,3.A.1.13,iron complex,specific_compound,inorganic,kegg_ko,confident,ABC.FEV.P; iron complex transport system permease protein,,brite;kegg;tcdb;func
ACZ81_06700,,ABC transporter ATP-binding protein,Inorganic ion transport,NZ_CP012202.1,1530401,1531336,+,ATP,kegg.orthology:K02013,ABC.FEV.A; iron complex transport system ATP-binding protein [EC:7.2.2.-],iron complex,Vitamin B12 transporter,tcdb:3.A.1.13,3.A.1.13,iron complex,specific_compound,inorganic,kegg_ko,confident,ABC.FEV.A; iron complex transport system ATP-binding protein [EC:7.2.2.-],,brite;kegg;tcdb;func
ACZ81_06720,ktrA,potassium channel family protein,Inorganic ion transport,NZ_CP012202.1,1534689,1535345,+,SBP,kegg.orthology:K03499,"trkA, ktrA, ktrC; trk/ktr system potassium uptake protein",,Electrochemical potential-driven transporters [TC:2],tcdb:2.A.38.1,2.A.38.1,potassium,specific_compound,inorganic,kegg_ko_keyword,inferred,"trkA, ktrA, ktrC; trk/ktr system potassium uptake protein",,brite;kegg;tcdb;func
ACZ81_06725,ktrB,TrkH family potassium uptake protein,Inorganic ion transport,NZ_CP012202.1,1535342,1536706,+,,kegg.orthology:K03498,"trkH, trkG, ktrB, ktrD; trk/ktr system potassium uptake protein",,Electrochemical potential-driven transporters [TC:2],tcdb:2.A.38.1,2.A.38.1,potassium,specific_compound,inorganic,kegg_ko_keyword,inferred,"trkH, trkG, ktrB, ktrD; trk/ktr system potassium uptake protein",,brite;kegg;tcdb;func
ACZ81_06740,atmA,ABCB family ABC transporter ATP-binding protein/permease,Defense mechanisms,NZ_CP012202.1,1537308,1539128,-,ATP,kegg.orthology:K06147,"ABCB-BAC; ATP-binding cassette, subfamily B, bacterial",,ABCB-BAC subgroup,tcdb:3.A.1.106,3.A.1.106,unresolved,unresolved,,,none,"ABCB-BAC; ATP-binding cassette, subfamily B, bacterial",,brite;tcdb;func
ACZ81_06840,ybbA,ABC transporter ATP-binding protein,Secondary metabolites,NZ_CP012202.1,1551974,1552672,+,ATP,kegg.orthology:K02003,ABC.CD.A; putative ABC transport system ATP-binding protein,putative ABC,Putative ABC transporter,tcdb:3.A.1,The ATP-binding Cassette (ABC) Superfamily,unresolved,unresolved,,,none,ABC.CD.A; putative ABC transport system ATP-binding protein,,brite;kegg;tcdb;func
ACZ81_06845,ybbP,ABC transporter permease,Secondary metabolites,NZ_CP012202.1,1552673,1555195,+,PERM,kegg.orthology:K02004,ABC.CD.P; putative ABC transport system permease protein,putative ABC,Putative ABC transporter,tcdb:3.A.1,The ATP-binding Cassette (ABC) Superfamily,unresolved,unresolved,,,none,ABC.CD.P; putative ABC transport system permease protein,,brite;kegg;tcdb;func
ACZ81_06860,tqsA,AI-2E family transporter,Unknown,NZ_CP012202.1,1556897,1557937,+,,kegg.orthology:K11744,tqsA; AI-2 transport protein TqsA,AI-2,,,,unresolved,unresolved,,,none,tqsA; AI-2 transport protein TqsA,,func
ACZ81_06975,bamE,outer membrane protein assembly factor BamE,Translation,NZ_CP012202.1,1579419,1579775,-,,kegg.orthology:K06186,"bamE, smpA; outer membrane protein assembly factor BamE",,Pores ion channels [TC:1],tcdb:1.B.33.1,1.B.33.1,unresolved,unresolved,,,none,"bamE, smpA; outer membrane protein assembly factor BamE",,brite;tcdb
ACZ81_07020,,GntP family permease,Amino acid metabolism,NZ_CP012202.1,1590938,1592233,-,PERM,,,,,,,gluconate,specific_compound,organic,function_description,inferred,COG2610 H gluconate symporter and related permeases,,func
ACZ81_07025,,TonB-dependent receptor,Inorganic ion transport,NZ_CP012202.1,1592497,1594875,+,,kegg.orthology:K02014,TC.FEV.OM; iron complex outermembrane recepter protein,,Pores ion channels [TC:1],tcdb:1.B.14,The Outer Membrane Receptor (OMR) Family,iron/siderophore,specific_compound,inorganic,kegg_ko_keyword,inferred,TC.FEV.OM; iron complex outermembrane recepter protein,,brite;tcdb;func
ACZ81_07045,dnaK,molecular chaperone DnaK,Post-translational modification,NZ_CP012202.1,1600684,1602612,+,,kegg.orthology:K04043,"dnaK, HSPA9; molecular chaperone DnaK",,,tcdb:1.A.33.1,1.A.33.1,unresolved,unresolved,,,none,"dnaK, HSPA9; molecular chaperone DnaK",,tcdb
ACZ81_07150,corC,CNNM family magnesium/cobalt transport protein CorC,Inorganic ion transport,NZ_CP012202.1,1630398,1631255,-,,kegg.orthology:K06189,"corC, tlyC; hemolysin (HlyC) family protein",,Pores ion channels [TC:1],tcdb:9.A.40.1.2,9.A.40.1.2,magnesium,specific_compound,inorganic,product,inferred,CNNM family magnesium/cobalt transport protein CorC,,brite;tcdb;func
ACZ81_07200,,TonB-dependent receptor plug domain-containing protein,Inorganic ion transport,NZ_CP012202.1,1639359,1641923,+,,kegg.orthology:K02014,TC.FEV.OM; iron complex outermembrane recepter protein,,Pores ion channels [TC:1],tcdb:1.B.14,The Outer Membrane Receptor (OMR) Family,iron/siderophore,specific_compound,inorganic,kegg_ko_keyword,inferred,TC.FEV.OM; iron complex outermembrane recepter protein,,brite;tcdb;func
ACZ81_07230,alsT,alanine/glycine:cation symporter family protein,Amino acid metabolism,NZ_CP012202.1,1645467,1646873,-,,kegg.orthology:K03310,"TC.AGCS; alanine or glycine:cation symporter, AGCS family",,,tcdb:2.A.25,The Alanine or Glycine:Cation Symporter (AGCS) Family,glycine,specific_compound,organic,kegg_ko_keyword,inferred,"TC.AGCS; alanine or glycine:cation symporter, AGCS family",,kegg;tcdb;func
ACZ81_07395,fnt,formate/nitrite transporter family protein,Inorganic ion transport,NZ_CP012202.1,1671669,1672517,-,,kegg.orthology:K06212,focA; formate transporter,formate,Pores ion channels [TC:1],tcdb:1.A.16.1.1,1.A.16.1.1,nitrite,specific_compound,inorganic,product,inferred,formate/nitrite transporter family protein,,brite;kegg;tcdb;func
ACZ81_07450,gltP,dicarboxylate/amino acid:cation symporter,Intracellular trafficking,NZ_CP012202.1,1686541,1687800,-,,,,,,,,amino acid,broad_class,organic,product,inferred,dicarboxylate/amino acid:cation symporter,,func
ACZ81_07475,crr,PTS sugar transporter subunit IIA,Carbohydrate metabolism,NZ_CP012202.1,1690674,1691174,-,,kegg.orthology:K02777,crr; sugar PTS system EIIA component [EC:2.7.1.-],,Glucose-specific II component,tcdb:4.A.1.1.1,4.A.1.1.1,sugar,broad_class,organic,kegg_ko_keyword,inferred,crr; sugar PTS system EIIA component [EC:2.7.1.-],,brite;tcdb;func
ACZ81_07720,czcA,efflux RND transporter permease subunit,Defense mechanisms,NZ_CP012202.1,1761569,1764616,-,PERM,kegg.orthology:K18138,"acrB, mexB, adeJ, smeE, mtrD, cmeB; multidrug efflux pump",,Electrochemical potential-driven transporters [TC:2],tcdb:2.A.6.2,2.A.6.2,unresolved,unresolved,,,none,"acrB, mexB, adeJ, smeE, mtrD, cmeB; multidrug efflux pump",,brite;kegg;tcdb;func
ACZ81_07725,ttgA,efflux RND transporter periplasmic adaptor subunit,Cell wall and membrane,NZ_CP012202.1,1764620,1765753,-,,,,,,,,unresolved,unresolved,,,none,efflux RND transporter periplasmic adaptor subunit,,func
ACZ81_07730,kefC,monovalent cation:proton antiporter-2 (CPA2) family protein,Inorganic ion transport,NZ_CP012202.1,1766032,1767957,-,,kegg.orthology:K03455,"KEA1_2_3, kefB, kefC; K+:H+ antiporter",,Electrochemical potential-driven transporters [TC:2],tcdb:2.A.37.1.1,2.A.37.1.1,unresolved,unresolved,,,none,"KEA1_2_3, kefB, kefC; K+:H+ antiporter",,brite;kegg;tcdb;func
ACZ81_07735,ywrO,NAD(P)H-dependent oxidoreductase,Unknown,NZ_CP012202.1,1767959,1768609,-,,kegg.orthology:K11748,kefG; glutathione-regulated potassium-efflux system ancillary protein KefG,,Electrochemical potential-driven transporters [TC:2],tcdb:2.A.37.1.2,2.A.37.1.2,unresolved,unresolved,,,none,kefG; glutathione-regulated potassium-efflux system ancillary protein KefG,,brite;kegg;tcdb
ACZ81_07785,uraH,hydroxyisourate hydrolase,Unknown,NZ_CP012202.1,1778489,1778815,-,,kegg.orthology:K07127,"uraH, pucM, hiuH; 5-hydroxyisourate hydrolase [EC:3.5.2.17]",,Others,tcdb:9.B.35.1.2,9.B.35.1.2,unresolved,unresolved,,,none,"uraH, pucM, hiuH; 5-hydroxyisourate hydrolase [EC:3.5.2.17]",,brite;tcdb
ACZ81_07825,yjcD,NCS2 family permease,Unknown,NZ_CP012202.1,1786780,1788111,-,PERM,kegg.orthology:K06901,"pbuG, azgA, ghxP, ghxQ, adeQ; adenine/guanine/hypoxanthine permease",adenine/guanine/hypoxanthine,Electrochemical potential-driven transporters [TC:2],tcdb:2.A.1.40,2.A.1.40,adenine/guanine/hypoxanthine,multi_substrate,organic,kegg_ko,confident,"pbuG, azgA, ghxP, ghxQ, adeQ; adenine/guanine/hypoxanthine permease",adenine; guanine; hypoxanthine,brite;kegg;tcdb;func
ACZ81_07855,,purine nucleoside permease,Nucleotide metabolism,NZ_CP012202.1,1795738,1796874,-,PERM,,,,,,,nucleoside,narrow_class,organic,product,inferred,purine nucleoside permease,,func
ACZ81_07860,,TonB-dependent siderophore receptor,Inorganic ion transport,NZ_CP012202.1,1797006,1799441,-,,kegg.orthology:K02014,TC.FEV.OM; iron complex outermembrane recepter protein,,Pores ion channels [TC:1],tcdb:1.B.14,The Outer Membrane Receptor (OMR) Family,iron/siderophore,specific_compound,inorganic,kegg_ko_keyword,inferred,TC.FEV.OM; iron complex outermembrane recepter protein,,brite;tcdb;func
ACZ81_07865,xanQ,uracil-xanthine permease family protein,Nucleotide metabolism,NZ_CP012202.1,1799683,1801260,-,PERM,kegg.orthology:K03458,"TC.NCS2; nucleobase:cation symporter-2, NCS2 family",,Electrochemical potential-driven transporters [TC:2],tcdb:2.A.40.4.2,2.A.40.4.2,unresolved,unresolved,,,none,"TC.NCS2; nucleobase:cation symporter-2, NCS2 family",,brite;kegg;tcdb;func
ACZ81_07890,,sulfite exporter TauE/SafE family protein,Unknown,NZ_CP012202.1,1805876,1806694,-,,,,,,,,unresolved,unresolved,,,none,sulfite exporter TauE/SafE family protein,,func
ACZ81_07920,,mechanosensitive ion channel family protein,Cell wall and membrane,NZ_CP012202.1,1812658,1813908,+,,,,,,,,unresolved,unresolved,,,none,mechanosensitive ion channel family protein,,func
ACZ81_07975,,outer membrane beta-barrel protein,Unknown,NZ_CP012202.1,1824574,1825779,+,,kegg.orthology:K20920,vpsM; polysaccharide biosynthesis protein VpsM,,Pores ion channels [TC:1],tcdb:1.B.66.3.1,1.B.66.3.1,unresolved,unresolved,,,none,vpsM; polysaccharide biosynthesis protein VpsM,,brite;tcdb;func
ACZ81_07980,gumB,polysaccharide biosynthesis/export family protein,Cell wall and membrane,NZ_CP012202.1,1825791,1826324,+,,kegg.orthology:K20988,vpsN; polysaccharide biosynthesis/export protein VpsN,,Pores ion channels [TC:1],tcdb:1.B.18,The Outer Membrane Auxiliary (OMA) Protein Family,unresolved,unresolved,,,none,vpsN; polysaccharide biosynthesis/export protein VpsN,,brite;tcdb
ACZ81_07985,,GumC family protein,Cell cycle and division,NZ_CP012202.1,1826349,1828565,+,,kegg.orthology:K16554,"exoP, vpsO; polysaccharide biosynthesis transport protein [EC:2.7.10.3]",polysaccharide biosynthesis,Accessory factors involved in transport [TC:8],tcdb:8.A.3.1,8.A.3.1,saccharide,broad_class,organic,kegg_ko,confident,"exoP, vpsO; polysaccharide biosynthesis transport protein [EC:2.7.10.3]",,brite;tcdb
ACZ81_08165,lolC,lipoprotein-releasing ABC transporter permease subunit,Cell wall and membrane,NZ_CP012202.1,1871201,1872511,+,PERM,kegg.orthology:K09808,lolC_E_F; lipoprotein-releasing system permease protein,lipoprotein-releasing system,Lipoprotein-releasing transporter,tcdb:3.A.1.125,3.A.1.125,unresolved,unresolved,,,none,lolC_E_F; lipoprotein-releasing system permease protein,,brite;kegg;tcdb;func
ACZ81_08180,,energy-coupling factor ABC transporter permease,Unknown,NZ_CP012202.1,1873830,1874471,-,PERM,,,,,,,unresolved,unresolved,,,none,energy-coupling factor ABC transporter permease,,func
ACZ81_08220,,spinster family MFS transporter,Carbohydrate metabolism,NZ_CP012202.1,1881044,1882366,+,,,,,,,,sugar,broad_class,organic,function_description,inferred,Sugar (and other) transporter,,func
ACZ81_08240,,MFS transporter,Amino acid metabolism,NZ_CP012202.1,1886065,1887219,+,,,,,,,,unresolved,unresolved,,,none,MFS transporter,,func
ACZ81_08330,,TonB-dependent receptor,Inorganic ion transport,NZ_CP012202.1,1913014,1915719,-,,,,,,,,unresolved,unresolved,,,none,TonB-dependent receptor,,func
ACZ81_08345,,Na+/H+ antiporter NhaC family protein,Energy production,NZ_CP012202.1,1918808,1920154,+,,,,,,,,unresolved,unresolved,,,none,Na+/H+ antiporter NhaC family protein,,func
ACZ81_08415,lolD,lipoprotein-releasing ABC transporter ATP-binding protein LolD,Defense mechanisms,NZ_CP012202.1,1933336,1934046,+,ATP,kegg.orthology:K09810,lolD; lipoprotein-releasing system ATP-binding protein [EC:7.6.2.-],,Lipoprotein-releasing transporter,tcdb:3.A.1.125,3.A.1.125,unresolved,unresolved,,,none,lolD; lipoprotein-releasing system ATP-binding protein [EC:7.6.2.-],,brite;tcdb;func
ACZ81_08420,lolE,lipoprotein-releasing ABC transporter permease subunit,Cell wall and membrane,NZ_CP012202.1,1934033,1935259,+,PERM,kegg.orthology:K09808,lolC_E_F; lipoprotein-releasing system permease protein,lipoprotein-releasing system,Lipoprotein-releasing transporter,tcdb:3.A.1.125,3.A.1.125,unresolved,unresolved,,,none,lolC_E_F; lipoprotein-releasing system permease protein,,brite;kegg;tcdb;func
ACZ81_08425,gltT,dicarboxylate/amino acid:cation symporter,Intracellular trafficking,NZ_CP012202.1,1935660,1937006,-,,kegg.orthology:K03309,"TC.DAACS; dicarboxylate/amino acid:cation (Na+ or H+) symporter, DAACS family",,,tcdb:2.A.23,The Dicarboxylate/Amino Acid:Cation (Na+ or H+) Symporter (DAACS) Family,amino acid,broad_class,organic,kegg_ko_keyword,inferred,"TC.DAACS; dicarboxylate/amino acid:cation (Na+ or H+) symporter, DAACS family",,kegg;tcdb;func
ACZ81_08480,,glutathione binding-like protein,Post-translational modification,NZ_CP012202.1,1952084,1952761,-,,kegg.orthology:K00799,"GST, gst; glutathione S-transferase [EC:2.5.1.18]",,Pores ion channels [TC:1],tcdb:1.A.12.2.2,1.A.12.2.2,unresolved,unresolved,,,none,"GST, gst; glutathione S-transferase [EC:2.5.1.18]",,brite;tcdb
ACZ81_08690,,purine-cytosine permease family protein,Nucleotide metabolism,NZ_CP012202.1,1997781,1999496,+,PERM,kegg.orthology:K03457,"TC.NCS1; nucleobase:cation symporter-1, NCS1 family",,,tcdb:2.A.39,The Nucleobase:Cation Symporter-1 (NCS1) Family,unresolved,unresolved,,,none,"TC.NCS1; nucleobase:cation symporter-1, NCS1 family",,kegg;tcdb;func
ACZ81_RS20815,ecnAB,entericidin A/B family lipoprotein,Unknown,NZ_CP012202.1,2003609,2003773,-,,kegg.orthology:K16348,ecnB; entericidin B,,Others,tcdb:9.B.13.1.1,9.B.13.1.1,unresolved,unresolved,,,none,ecnB; entericidin B,,brite;tcdb
ACZ81_08715,,mechanosensitive ion channel family protein,Cell wall and membrane,NZ_CP012202.1,2003791,2004777,-,,,,,,,,unresolved,unresolved,,,none,mechanosensitive ion channel family protein,,func
ACZ81_08720,,TonB-dependent receptor,Inorganic ion transport,NZ_CP012202.1,2005199,2007904,+,,,,,,,,unresolved,unresolved,,,none,TonB-dependent receptor,,func
ACZ81_08850,,TonB-dependent siderophore receptor,Inorganic ion transport,NZ_CP012202.1,2039543,2041783,+,,kegg.orthology:K02014,TC.FEV.OM; iron complex outermembrane recepter protein,,Pores ion channels [TC:1],tcdb:1.B.14,The Outer Membrane Receptor (OMR) Family,iron/siderophore,specific_compound,inorganic,kegg_ko_keyword,inferred,TC.FEV.OM; iron complex outermembrane recepter protein,,brite;tcdb;func
ACZ81_08900,,TonB-dependent receptor,Inorganic ion transport,NZ_CP012202.1,2052200,2054539,+,,,,,,,,unresolved,unresolved,,,none,TonB-dependent receptor,,func
ACZ81_08915,ynjB,ABC transporter substrate-binding protein,Unknown,NZ_CP012202.1,2057690,2059078,+,SBP,kegg.orthology:K05777,ynjB; putative thiamine transport system substrate-binding protein,putative thiamine,Putative thiamine transporter,,,unresolved,unresolved,,,none,ynjB; putative thiamine transport system substrate-binding protein,,brite;kegg;func
ACZ81_08920,ynjC,ABC transporter permease,Inorganic ion transport,NZ_CP012202.1,2059078,2060877,+,PERM,kegg.orthology:K05778,ynjC; putative thiamine transport system permease protein,putative thiamine,Putative thiamine transporter,,,unresolved,unresolved,,,none,ynjC; putative thiamine transport system permease protein,,brite;kegg;func
ACZ81_08925,ynjD,ATP-binding cassette domain-containing protein,Unknown,NZ_CP012202.1,2060926,2061555,+,ATP,kegg.orthology:K05779,ynjD; putative thiamine transport system ATP-binding protein,putative thiamine,Putative thiamine transporter,,,unresolved,unresolved,,,none,ynjD; putative thiamine transport system ATP-binding protein,,brite;kegg;func
ACZ81_08980,,NAD(P)H-dependent oxidoreductase,Unknown,NZ_CP012202.1,2070133,2071104,+,,kegg.orthology:K11748,kefG; glutathione-regulated potassium-efflux system ancillary protein KefG,,Electrochemical potential-driven transporters [TC:2],tcdb:2.A.37.1.2,2.A.37.1.2,unresolved,unresolved,,,none,kefG; glutathione-regulated potassium-efflux system ancillary protein KefG,,brite;kegg;tcdb
ACZ81_09005,,TonB-dependent siderophore receptor,Inorganic ion transport,NZ_CP012202.1,2075393,2077588,-,,kegg.orthology:K02014,TC.FEV.OM; iron complex outermembrane recepter protein,,Pores ion channels [TC:1],tcdb:1.B.14,The Outer Membrane Receptor (OMR) Family,iron/siderophore,specific_compound,inorganic,kegg_ko_keyword,inferred,TC.FEV.OM; iron complex outermembrane recepter protein,,brite;tcdb;func
ACZ81_09010,,DUF3526 domain-containing protein,Unknown,NZ_CP012202.1,2077578,2078888,-,PERM,kegg.orthology:K01992,ABC-2.P; ABC-2 type transport system permease protein,ABC-2 type,ABC-2 type transporter,tcdb:3.A.1,The ATP-binding Cassette (ABC) Superfamily,unresolved,unresolved,,,none,ABC-2.P; ABC-2 type transport system permease protein,,brite;kegg;tcdb
ACZ81_09015,,ABC transporter permease,Unknown,NZ_CP012202.1,2078885,2080327,-,PERM,kegg.orthology:K01992,ABC-2.P; ABC-2 type transport system permease protein,ABC-2 type,ABC-2 type transporter,tcdb:3.A.1,The ATP-binding Cassette (ABC) Superfamily,unresolved,unresolved,,,none,ABC-2.P; ABC-2 type transport system permease protein,,brite;kegg;tcdb;func
ACZ81_09020,drrA,ABC transporter ATP-binding protein,Defense mechanisms,NZ_CP012202.1,2080324,2081046,-,ATP,kegg.orthology:K01990,ABC-2.A; ABC-2 type transport system ATP-binding protein,ABC-2 type,ABC-2 type transporter,tcdb:3.A.1,The ATP-binding Cassette (ABC) Superfamily,unresolved,unresolved,,,none,ABC-2.A; ABC-2 type transport system ATP-binding protein,,brite;kegg;tcdb;func
ACZ81_09090,betT,BCCT family transporter,Cell wall and membrane,NZ_CP012202.1,2091764,2093734,-,,kegg.orthology:K02168,"betT, betS; choline/glycine/proline betaine transport protein",choline/glycine/proline betaine,Electrochemical potential-driven transporters [TC:2],tcdb:2.A.15.1.3,2.A.15.1.3,choline/glycine/proline betaine,multi_substrate,organic,kegg_ko,confident,"betT, betS; choline/glycine/proline betaine transport protein",choline; glycine; proline betaine,brite;tcdb;func
ACZ81_09095,,TonB-dependent receptor,Coenzyme metabolism,NZ_CP012202.1,2094056,2096767,+,,,,,,,,unresolved,unresolved,,,none,TonB-dependent receptor,,func
ACZ81_09325,lptE,LPS-assembly lipoprotein LptE,Cell wall and membrane,NZ_CP012202.1,2145479,2146015,-,,kegg.orthology:K03643,"lptE, rlpB; LPS-assembly lipoprotein",,Pores ion channels [TC:1],tcdb:1.B.42.1,1.B.42.1,unresolved,unresolved,,,none,"lptE, rlpB; LPS-assembly lipoprotein",,brite;tcdb
ACZ81_09390,secG,preprotein translocase subunit SecG,Intracellular trafficking,NZ_CP012202.1,2161893,2162306,+,,kegg.orthology:K03075,secG; preprotein translocase subunit SecG,,,tcdb:3.A.5.1,3.A.5.1,unresolved,unresolved,,,none,secG; preprotein translocase subunit SecG,,kegg;tcdb
ACZ81_09445,putP,sodium/proline symporter PutP,Amino acid metabolism,NZ_CP012202.1,2174197,2175711,+,,kegg.orthology:K03307,"TC.SSS; solute:Na+ symporter, SSS family",,Electrochemical potential-driven transporters [TC:2],tcdb:2.A.21.2,2.A.21.2,proline,specific_compound,organic,product,inferred,sodium/proline symporter PutP,,brite;kegg;tcdb;func
ACZ81_09460,,mechanosensitive ion channel family protein,Cell wall and membrane,NZ_CP012202.1,2178212,2179162,+,,,,,,,,unresolved,unresolved,,,none,mechanosensitive ion channel family protein,,func
ACZ81_09595,yhjX,MFS transporter,Inorganic ion transport,NZ_CP012202.1,2200527,2201042,+,PERM,,,,,,,unresolved,unresolved,,,none,MFS transporter,,func
ACZ81_09610,yhjX,MFS transporter,Inorganic ion transport,NZ_CP012202.1,2203685,2204614,+,PERM,,,,,,,unresolved,unresolved,,,none,MFS transporter,,func
ACZ81_09620,,energy transducer TonB,Intracellular trafficking,NZ_CP012202.1,2206161,2206853,+,,kegg.orthology:K03832,tonB; periplasmic protein TonB,,Electrochemical potential-driven transporters [TC:2],tcdb:2.C.1.1,2.C.1.1,unresolved,unresolved,,,none,tonB; periplasmic protein TonB,,brite;kegg;tcdb;func
ACZ81_09650,cysZ,sulfate transporter CysZ,Amino acid metabolism,NZ_CP012202.1,2211388,2212125,-,,kegg.orthology:K06203,cysZ; CysZ protein,,,,,sulfate,specific_compound,inorganic,product,inferred,sulfate transporter CysZ,,func
ACZ81_09675,comA,DNA internalization-related competence protein ComEC/Rec2,Unknown,NZ_CP012202.1,2220817,2223411,+,,kegg.orthology:K02238,comEC; competence protein ComEC,,,tcdb:3.A.11.1,3.A.11.1,unresolved,unresolved,,,none,comEC; competence protein ComEC,,tcdb
ACZ81_09680,msbA,lipid A export permease/ATP-binding protein MsbA,Defense mechanisms,NZ_CP012202.1,2223619,2225367,+,ATP,kegg.orthology:K11085,"msbA; ATP-binding cassette, subfamily B, bacterial MsbA [EC:7.5.2.6]",,ABCB-BAC subgroup,tcdb:3.A.1.106,3.A.1.106,lipid,broad_class,organic,product,inferred,lipid A export permease/ATP-binding protein MsbA,,brite;tcdb;func
ACZ81_09705,,substrate-binding periplasmic protein,Amino acid metabolism,NZ_CP012202.1,2228337,2229149,-,SBP,kegg.orthology:K02030,ABC.PA.S; polar amino acid transport system substrate-binding protein,polar amino acid,Putative polar amino acid transporter,tcdb:3.A.1.3,3.A.1.3,polar amino acid,narrow_class,organic,kegg_ko,confident,ABC.PA.S; polar amino acid transport system substrate-binding protein,glutamate; aspartate; glutamine; arginine,brite;kegg;tcdb
ACZ81_09815,,TonB-dependent receptor,Inorganic ion transport,NZ_CP012202.1,2252463,2255324,+,,kegg.orthology:K02014,TC.FEV.OM; iron complex outermembrane recepter protein,,Pores ion channels [TC:1],tcdb:1.B.14,The Outer Membrane Receptor (OMR) Family,iron/siderophore,specific_compound,inorganic,kegg_ko_keyword,inferred,TC.FEV.OM; iron complex outermembrane recepter protein,,brite;tcdb;func
ACZ81_09825,,TonB-dependent receptor,Coenzyme metabolism,NZ_CP012202.1,2257266,2260325,+,,,,,,,,unresolved,unresolved,,,none,TonB-dependent receptor,,func
ACZ81_09860,,MFS transporter,Carbohydrate metabolism,NZ_CP012202.1,2272243,2273724,+,PERM,kegg.orthology:K16211,"malY, malT; maltose/moltooligosaccharide transporter",maltose/moltooligosaccharide,Electrochemical potential-driven transporters [TC:2],tcdb:2.A.2.6,2.A.2.6,maltose/moltooligosaccharide,multi_substrate,organic,kegg_ko,confident,"malY, malT; maltose/moltooligosaccharide transporter",maltose; moltooligosaccharide,brite;kegg;tcdb;func
ACZ81_10200,,sodium-dependent transporter,Unknown,NZ_CP012202.1,2353700,2355034,+,,kegg.orthology:K03308,"TC.NSS; neurotransmitter:Na+ symporter, NSS family",,,tcdb:2.A.22.4,2.A.22.4,sodium,specific_compound,inorganic,product,inferred,sodium-dependent transporter,,kegg;tcdb;func
ACZ81_10205,nhaC,Na+/H+ antiporter NhaC,Energy production,NZ_CP012202.1,2355107,2356582,+,,kegg.orthology:K03315,"nhaC; Na+:H+ antiporter, NhaC family",,Electrochemical potential-driven transporters [TC:2],tcdb:2.A.35,The NhaC Na+:H+ Antiporter (NhaC) Family,unresolved,unresolved,,,none,"nhaC; Na+:H+ antiporter, NhaC family",,brite;kegg;tcdb;func
ACZ81_10235,,efflux RND transporter permease subunit,Unknown,NZ_CP012202.1,2364383,2366701,+,PERM,kegg.orthology:K07003,K07003; uncharacterized protein,,,,,unresolved,unresolved,,,none,K07003; uncharacterized protein,,func
ACZ81_10260,uup,ATP-binding cassette ATPase Uup,Unknown,NZ_CP012202.1,2375301,2377241,+,ATP,kegg.orthology:K15738,uup; ABC transport system ATP-binding/permease protein,ABC,Other ABC transporters,tcdb:3.A.1.120.6,3.A.1.120.6,unresolved,unresolved,,,none,uup; ABC transport system ATP-binding/permease protein,,brite;kegg;tcdb;func
ACZ81_10345,ybaL,cation:proton antiporter family protein,Inorganic ion transport,NZ_CP012202.1,2397117,2398688,+,,kegg.orthology:K03455,"KEA1_2_3, kefB, kefC; K+:H+ antiporter",,Electrochemical potential-driven transporters [TC:2],tcdb:2.A.37,The Monovalent Cation:Proton Antiporter-2 (CPA2) Family,unresolved,unresolved,,,none,"KEA1_2_3, kefB, kefC; K+:H+ antiporter",,brite;kegg;tcdb;func
ACZ81_10365,ccoN,"cytochrome-c oxidase, cbb3-type subunit I",Energy production,NZ_CP012202.1,2400602,2402035,+,,kegg.orthology:K00404,ccoN; cytochrome c oxidase cbb3-type subunit I [EC:7.1.1.9],,,tcdb:3.D.4.3,3.D.4.3,unresolved,unresolved,,,none,ccoN; cytochrome c oxidase cbb3-type subunit I [EC:7.1.1.9],,tcdb
ACZ81_10370,ccoO,"cytochrome-c oxidase, cbb3-type subunit II",Energy production,NZ_CP012202.1,2402051,2402656,+,,kegg.orthology:K00405,ccoO; cytochrome c oxidase cbb3-type subunit II,,,tcdb:3.D.4.3,3.D.4.3,unresolved,unresolved,,,none,ccoO; cytochrome c oxidase cbb3-type subunit II,,tcdb
ACZ81_10375,ccoQ,cbb3-type cytochrome oxidase subunit 3,Post-translational modification,NZ_CP012202.1,2402658,2402819,+,,kegg.orthology:K00407,ccoQ; cytochrome c oxidase cbb3-type subunit IV,,,tcdb:3.D.4.3,3.D.4.3,unresolved,unresolved,,,none,ccoQ; cytochrome c oxidase cbb3-type subunit IV,,tcdb
ACZ81_10380,ccoP,"cytochrome-c oxidase, cbb3-type subunit III",Energy production,NZ_CP012202.1,2402836,2403789,+,,kegg.orthology:K00406,ccoP; cytochrome c oxidase cbb3-type subunit III,,,tcdb:3.D.4.3,3.D.4.3,unresolved,unresolved,,,none,ccoP; cytochrome c oxidase cbb3-type subunit III,,tcdb
ACZ81_10390,ccoI,heavy metal translocating P-type ATPase,Inorganic ion transport,NZ_CP012202.1,2404493,2406925,+,ATP,kegg.orthology:K01533,copB; P-type Cu2+ transporter [EC:7.2.2.9],P-type Cu2+,,tcdb:3.A.3.5,3.A.3.5,unresolved,unresolved,,,none,copB; P-type Cu2+ transporter [EC:7.2.2.9],,kegg;tcdb
ACZ81_10400,braZ,sulfite exporter TauE/SafE family protein,Unknown,NZ_CP012202.1,2407144,2407803,+,,kegg.orthology:K09792,K09792; uncharacterized protein,,,,,unresolved,unresolved,,,none,K09792; uncharacterized protein,,func
ACZ81_10440,,LysE family translocator,Amino acid metabolism,NZ_CP012202.1,2414136,2414762,-,,,,,,,,lysine,specific_compound,organic,function_description,inferred,Lysine exporter protein (LysE YggA),,func
ACZ81_10550,yccA,Bax inhibitor-1/YccA family protein,Unknown,NZ_CP012202.1,2432847,2433512,+,,kegg.orthology:K19416,yccA; modulator of FtsH protease,,Pores ion channels [TC:1],tcdb:1.A.14.2.1,1.A.14.2.1,unresolved,unresolved,,,none,yccA; modulator of FtsH protease,,brite;tcdb
ACZ81_10585,,TonB-dependent receptor plug domain-containing protein,Inorganic ion transport,NZ_CP012202.1,2436622,2439528,-,,,,,,,,unresolved,unresolved,,,none,TonB-dependent receptor plug domain-containing protein,,func
ACZ81_10595,fluC,fluoride efflux transporter CrcB,Cell cycle and division,NZ_CP012202.1,2441349,2441732,-,,kegg.orthology:K06199,"crcB, FEX; fluoride exporter",,Pores ion channels [TC:1],tcdb:1.A.43.1,1.A.43.1,unresolved,unresolved,,,none,"crcB, FEX; fluoride exporter",,brite;tcdb;func
ACZ81_10610,ftsK,DNA translocase FtsK,Cell cycle and division,NZ_CP012202.1,2443940,2446735,-,ATP,kegg.orthology:K03466,"ftsK, spoIIIE; DNA segregation ATPase FtsK/SpoIIIE, S-DNA-T family",,,tcdb:3.A.12,The Septal DNA Translocator (S-DNA-T) Family,unresolved,unresolved,,,none,"ftsK, spoIIIE; DNA segregation ATPase FtsK/SpoIIIE, S-DNA-T family",,tcdb
ACZ81_10735,,DMT family transporter,Amino acid metabolism,NZ_CP012202.1,2478621,2479496,-,PERM,,,,,,,unresolved,unresolved,,,none,DMT family transporter,,func
ACZ81_10745,bamC,outer membrane protein assembly factor BamC,Cell wall and membrane,NZ_CP012202.1,2480410,2481513,-,,kegg.orthology:K07287,bamC; outer membrane protein assembly factor BamC,,Pores ion channels [TC:1],tcdb:1.B.33.1,1.B.33.1,unresolved,unresolved,,,none,bamC; outer membrane protein assembly factor BamC,,brite;tcdb
ACZ81_10765,perM,AI-2E family transporter,Unknown,NZ_CP012202.1,2483755,2484828,-,PERM,kegg.orthology:K03548,perM; putative permease,putative,Electrochemical potential-driven transporters [TC:2],tcdb:2.A.86.1,2.A.86.1,unresolved,unresolved,,,none,perM; putative permease,,brite;kegg;tcdb;func
ACZ81_10880,mdtK,MATE family efflux transporter,Defense mechanisms,NZ_CP012202.1,2509046,2510419,+,,kegg.orthology:K03327,"SLC47A, MATE, DTX; MATE family, multidrug and toxin extrusion protein",,SLC47: Multidrug and toxin extrusion (MATE) family,tcdb:2.A.66.1,2.A.66.1,unresolved,unresolved,,,none,"SLC47A, MATE, DTX; MATE family, multidrug and toxin extrusion protein",,brite;tcdb;func
ACZ81_11100,,TonB-dependent receptor,Inorganic ion transport,NZ_CP012202.1,2552290,2554536,+,,kegg.orthology:K02014,TC.FEV.OM; iron complex outermembrane recepter protein,,Pores ion channels [TC:1],tcdb:1.B.14,The Outer Membrane Receptor (OMR) Family,iron/siderophore,specific_compound,inorganic,kegg_ko_keyword,inferred,TC.FEV.OM; iron complex outermembrane recepter protein,,brite;tcdb;func
ACZ81_11115,,efflux RND transporter permease subunit,Defense mechanisms,NZ_CP012202.1,2557350,2560484,-,PERM,,,,,,,unresolved,unresolved,,,none,efflux RND transporter permease subunit,,func
ACZ81_11120,,efflux RND transporter periplasmic adaptor subunit,Cell wall and membrane,NZ_CP012202.1,2560481,2561716,-,,,,,,,,unresolved,unresolved,,,none,efflux RND transporter periplasmic adaptor subunit,,func
ACZ81_11170,fur,ferric iron uptake transcriptional regulator,Transcription,NZ_CP012202.1,2570920,2571348,+,,kegg.orthology:K03711,"fur, zur, furB; Fur family transcriptional regulator, ferric uptake regulator",,,,,unresolved,unresolved,,,none,"fur, zur, furB; Fur family transcriptional regulator, ferric uptake regulator",,kegg;func
ACZ81_11205,,efflux RND transporter periplasmic adaptor subunit,Cell wall and membrane,NZ_CP012202.1,2576460,2577593,+,,kegg.orthology:K03585,"acrA, mexA, adeI, smeD, mtrC, cmeA; membrane fusion protein, multidrug efflux system",,Accessory factors involved in transport [TC:8],tcdb:2.A.6.2,2.A.6.2,unresolved,unresolved,,,none,"acrA, mexA, adeI, smeD, mtrC, cmeA; membrane fusion protein, multidrug efflux system",,brite;kegg;tcdb;func
ACZ81_11210,mdtB,efflux RND transporter permease subunit,Defense mechanisms,NZ_CP012202.1,2577619,2581002,+,PERM,kegg.orthology:K03296,"TC.HAE1; hydrophobic/amphiphilic exporter-1 (mainly G- bacteria), HAE1 family",,,tcdb:2.A.6.2,2.A.6.2,unresolved,unresolved,,,none,"TC.HAE1; hydrophobic/amphiphilic exporter-1 (mainly G- bacteria), HAE1 family",,tcdb;func
ACZ81_11215,,efflux RND transporter permease subunit,Defense mechanisms,NZ_CP012202.1,2580999,2584178,+,PERM,kegg.orthology:K03296,"TC.HAE1; hydrophobic/amphiphilic exporter-1 (mainly G- bacteria), HAE1 family",,,tcdb:2.A.6.2,2.A.6.2,unresolved,unresolved,,,none,"TC.HAE1; hydrophobic/amphiphilic exporter-1 (mainly G- bacteria), HAE1 family",,tcdb;func
ACZ81_11295,,TonB-dependent receptor,Inorganic ion transport,NZ_CP012202.1,2599440,2602070,+,,kegg.orthology:K02014,TC.FEV.OM; iron complex outermembrane recepter protein,,Pores ion channels [TC:1],tcdb:1.B.14,The Outer Membrane Receptor (OMR) Family,iron/siderophore,specific_compound,inorganic,kegg_ko_keyword,inferred,TC.FEV.OM; iron complex outermembrane recepter protein,,brite;tcdb;func
ACZ81_11320,,ATP-binding cassette domain-containing protein,Inorganic ion transport,NZ_CP012202.1,2606122,2607363,-,ATP,kegg.orthology:K02017,modC; molybdate transport system ATP-binding protein [EC:7.3.2.5],molybdate,Molybdate transporter,tcdb:3.A.1.8,3.A.1.8,molybdate,specific_compound,inorganic,kegg_ko,confident,modC; molybdate transport system ATP-binding protein [EC:7.3.2.5],,brite;kegg;tcdb;func
ACZ81_11325,modB,molybdate ABC transporter permease subunit,Inorganic ion transport,NZ_CP012202.1,2607365,2608060,-,PERM,kegg.orthology:K02018,modB; molybdate transport system permease protein,molybdate,Molybdate transporter,tcdb:3.A.1.8,3.A.1.8,molybdate,specific_compound,inorganic,kegg_ko,confident,modB; molybdate transport system permease protein,,brite;kegg;tcdb;func
ACZ81_11330,modA,molybdate ABC transporter substrate-binding protein,Inorganic ion transport,NZ_CP012202.1,2608063,2609283,-,SBP,kegg.orthology:K02020,modA; molybdate transport system substrate-binding protein,molybdate,Molybdate transporter,tcdb:3.A.1.8,3.A.1.8,molybdate,specific_compound,inorganic,kegg_ko,confident,modA; molybdate transport system substrate-binding protein,,brite;kegg;tcdb;func
ACZ81_11430,,TonB-dependent receptor domain-containing protein,Inorganic ion transport,NZ_CP012202.1,2628969,2631809,+,,,,,,,,unresolved,unresolved,,,none,TonB-dependent receptor domain-containing protein,,func
ACZ81_11450,rhtA,EamA family transporter,Unknown,NZ_CP012202.1,2634969,2635853,+,PERM,kegg.orthology:K11939,rhtA; inner membrane transporter RhtA,inner,Electrochemical potential-driven transporters [TC:2],tcdb:2.A.7.3.6,2.A.7.3.6,unresolved,unresolved,,,none,rhtA; inner membrane transporter RhtA,,brite;kegg;tcdb;func
ACZ81_11670,dagA,alanine/glycine:cation symporter family protein,Amino acid metabolism,NZ_CP012202.1,2683716,2685374,-,,kegg.orthology:K03310,"TC.AGCS; alanine or glycine:cation symporter, AGCS family",,,tcdb:2.A.25,The Alanine or Glycine:Cation Symporter (AGCS) Family,glycine,specific_compound,organic,kegg_ko_keyword,inferred,"TC.AGCS; alanine or glycine:cation symporter, AGCS family",,kegg;tcdb;func
ACZ81_11845,,TRAP transporter substrate-binding protein,Carbohydrate metabolism,NZ_CP012202.1,2728849,2729832,+,SBP,,,,,,,carboxylate,broad_class,organic,function_description,inferred,"COG1638 TRAP-type C4-dicarboxylate transport system, periplasmic component",,func
ACZ81_11850,,TRAP transporter small permease,Carbohydrate metabolism,NZ_CP012202.1,2729835,2730320,+,PERM,,,,,,,unresolved,unresolved,,,none,TRAP transporter small permease,,func
ACZ81_11855,,TRAP transporter large permease,Carbohydrate metabolism,NZ_CP012202.1,2730320,2731615,+,PERM,,,,,,,unresolved,unresolved,,,none,TRAP transporter large permease,,func
ACZ81_11895,,TonB-dependent receptor,Inorganic ion transport,NZ_CP012202.1,2740375,2743074,-,,,,,,,,unresolved,unresolved,,,none,TonB-dependent receptor,,func
ACZ81_11950,,type 2 periplasmic-binding domain-containing protein,Inorganic ion transport,NZ_CP012202.1,2761331,2761735,+,SBP,,,,,,,phosphate,specific_compound,inorganic,function_description,inferred,Phosphate ABC transporter substrate-binding protein,,func
ACZ81_12100,sdcS,SLC13 family permease,Inorganic ion transport,NZ_CP012202.1,2789496,2790932,-,PERM,kegg.orthology:K14445,"SLC13A2_3_5; solute carrier family 13 (sodium-dependent dicarboxylate transporter), member 2/3/5",solute carrier family 13 (sodium-dependent dicarboxylate,SLC13: Human Na+-sulfate/carboxylate cotransporter,tcdb:2.A.47.1,2.A.47.1,solute carrier family 13 (sodium-dependent dicarboxylate,specific_compound,inorganic,kegg_ko,confident,"SLC13A2_3_5; solute carrier family 13 (sodium-dependent dicarboxylate transporter), member 2/3/5",,brite;kegg;tcdb;func
ACZ81_12120,mscS,mechanosensitive ion channel family protein,Cell wall and membrane,NZ_CP012202.1,2795475,2796314,+,,kegg.orthology:K03442,mscS; small conductance mechanosensitive channel,small conductance mechanosensitive,Pores ion channels [TC:1],tcdb:1.A.23.2,1.A.23.2,unresolved,unresolved,,,none,mscS; small conductance mechanosensitive channel,,brite;kegg;tcdb;func
ACZ81_12280,,substrate-binding periplasmic protein,Amino acid metabolism,NZ_CP012202.1,2830306,2831118,-,SBP,kegg.orthology:K02030,ABC.PA.S; polar amino acid transport system substrate-binding protein,polar amino acid,Putative polar amino acid transporter,tcdb:3.A.1.3,3.A.1.3,polar amino acid,narrow_class,organic,kegg_ko,confident,ABC.PA.S; polar amino acid transport system substrate-binding protein,glutamate; aspartate; glutamine; arginine,brite;kegg;tcdb
ACZ81_12330,,AMP-binding protein,Lipid metabolism,NZ_CP012202.1,2843785,2845350,-,,kegg.orthology:K01897,"ACSL, fadD; long-chain-fatty-acid---CoA ligase [EC:6.2.1.3]",,,tcdb:4.C.1.1,4.C.1.1,unresolved,unresolved,,,none,"ACSL, fadD; long-chain-fatty-acid---CoA ligase [EC:6.2.1.3]",,tcdb
ACZ81_12395,modF,ATP-binding cassette domain-containing protein,Inorganic ion transport,NZ_CP012202.1,2855355,2856881,+,ATP,kegg.orthology:K02013,ABC.FEV.A; iron complex transport system ATP-binding protein [EC:7.2.2.-],iron complex,Molybdate transporter,tcdb:3.A.1.14,3.A.1.14,iron complex,specific_compound,inorganic,kegg_ko,confident,ABC.FEV.A; iron complex transport system ATP-binding protein [EC:7.2.2.-],,brite;kegg;tcdb;func
ACZ81_12425,atoE,short-chain fatty acid transporter,Lipid metabolism,NZ_CP012202.1,2861356,2862663,-,,kegg.orthology:K02106,atoE; short-chain fatty acids transporter,short-chain fatty acids,,tcdb:2.A.73.1,2.A.73.1,unresolved,unresolved,,,none,atoE; short-chain fatty acids transporter,,kegg;tcdb;func
ACZ81_12545,nhaB,sodium/proton antiporter NhaB,Inorganic ion transport,NZ_CP012202.1,2894110,2895684,+,,kegg.orthology:K03314,"nhaB; Na+:H+ antiporter, NhaB family",,Electrochemical potential-driven transporters [TC:2],tcdb:2.A.34.1,2.A.34.1,sodium,specific_compound,inorganic,product,inferred,sodium/proton antiporter NhaB,,brite;kegg;tcdb;func
ACZ81_12550,dsbB,disulfide bond formation protein DsbB,Post-translational modification,NZ_CP012202.1,2895688,2896215,+,,kegg.orthology:K03611,dsbB; protein dithiol:quinone oxidoreductase [EC:1.8.5.9],,,tcdb:5.A.2.1,5.A.2.1,unresolved,unresolved,,,none,dsbB; protein dithiol:quinone oxidoreductase [EC:1.8.5.9],,tcdb
ACZ81_12585,fadD,long-chain-fatty-acid--CoA ligase FadD,Lipid metabolism,NZ_CP012202.1,2900667,2902319,-,,kegg.orthology:K01897,"ACSL, fadD; long-chain-fatty-acid---CoA ligase [EC:6.2.1.3]",,,tcdb:4.C.1.1,4.C.1.1,unresolved,unresolved,,,none,"ACSL, fadD; long-chain-fatty-acid---CoA ligase [EC:6.2.1.3]",,tcdb
ACZ81_12625,,cation diffusion facilitator family transporter,Inorganic ion transport,NZ_CP012202.1,2908598,2909518,-,,,,,,,,unresolved,unresolved,,,none,cation diffusion facilitator family transporter,,func
ACZ81_12655,,sulfite exporter TauE/SafE family protein,Unknown,NZ_CP012202.1,2913972,2914880,-,,,,,,,,unresolved,unresolved,,,none,sulfite exporter TauE/SafE family protein,,func
ACZ81_12745,yfdC,formate/nitrite transporter family protein,Inorganic ion transport,NZ_CP012202.1,2930058,2930903,-,,kegg.orthology:K21990,yfdC; formate-nitrite transporter family protein,formate-nitrite,,tcdb:1.A.16.4,1.A.16.4,formate-nitrite,specific_compound,inorganic,kegg_ko,confident,yfdC; formate-nitrite transporter family protein,,kegg;tcdb;func
ACZ81_12760,,TonB-dependent receptor,Inorganic ion transport,NZ_CP012202.1,2935508,2938102,+,,kegg.orthology:K02014,TC.FEV.OM; iron complex outermembrane recepter protein,,Pores ion channels [TC:1],tcdb:1.B.14,The Outer Membrane Receptor (OMR) Family,iron/siderophore,specific_compound,inorganic,kegg_ko_keyword,inferred,TC.FEV.OM; iron complex outermembrane recepter protein,,brite;tcdb;func
ACZ81_12835,,type 2 periplasmic-binding domain-containing protein,Unknown,NZ_CP012202.1,2952683,2953420,-,SBP,kegg.orthology:K02030,ABC.PA.S; polar amino acid transport system substrate-binding protein,polar amino acid,Putative polar amino acid transporter,tcdb:3.A.1.3,3.A.1.3,polar amino acid,narrow_class,organic,kegg_ko,confident,ABC.PA.S; polar amino acid transport system substrate-binding protein,glutamate; aspartate; glutamine; arginine,brite;kegg;tcdb
ACZ81_12890,lldP,L-lactate permease,Energy production,NZ_CP012202.1,2967296,2969005,-,PERM,kegg.orthology:K00427,"lldP, lctP; L-lactate permease",L-lactate,Electrochemical potential-driven transporters [TC:2],tcdb:2.A.14.1.1,2.A.14.1.1,L-lactate,specific_compound,organic,kegg_ko,confident,"lldP, lctP; L-lactate permease",,brite;kegg;tcdb;func
ACZ81_12900,,DcaP family trimeric outer membrane transporter,Cell wall and membrane,NZ_CP012202.1,2970134,2971261,-,,,,,,,,unresolved,unresolved,,,none,DcaP family trimeric outer membrane transporter,,func
ACZ81_12925,yfiO,outer membrane protein assembly factor BamD,Cell wall and membrane,NZ_CP012202.1,2976762,2977526,+,,kegg.orthology:K05807,bamD; outer membrane protein assembly factor BamD,,Pores ion channels [TC:1],tcdb:1.B.33.1,1.B.33.1,unresolved,unresolved,,,none,bamD; outer membrane protein assembly factor BamD,,brite;tcdb
ACZ81_12970,motB,flagellar motor protein MotB,Cell motility,NZ_CP012202.1,2984470,2985399,-,,kegg.orthology:K02557,motB; chemotaxis protein MotB,,Pores ion channels [TC:1],tcdb:1.A.30.1,1.A.30.1,unresolved,unresolved,,,none,motB; chemotaxis protein MotB,,brite;tcdb
ACZ81_12975,pomA,flagellar motor protein PomA,Cell motility,NZ_CP012202.1,2985399,2986160,-,,kegg.orthology:K02556,motA; chemotaxis protein MotA,,Pores ion channels [TC:1],tcdb:1.A.30.1,1.A.30.1,unresolved,unresolved,,,none,motA; chemotaxis protein MotA,,brite;tcdb
ACZ81_13175,fimT,GspH/FimT family pseudopilin,Cell motility,NZ_CP012202.1,3027526,3028071,+,,kegg.orthology:K08084,fimT; type IV fimbrial biogenesis protein FimT,,,tcdb:3.A.15.2,3.A.15.2,unresolved,unresolved,,,none,fimT; type IV fimbrial biogenesis protein FimT,,tcdb
ACZ81_13180,gspJ,type IV pilin protein,Cell motility,NZ_CP012202.1,3028110,3028502,-,,kegg.orthology:K02456,gspG; general secretion pathway protein G,,,tcdb:3.A.15.2,3.A.15.2,unresolved,unresolved,,,none,gspG; general secretion pathway protein G,,tcdb
ACZ81_13185,VP0657,prepilin-type N-terminal cleavage/methylation domain-containing protein,Cell motility,NZ_CP012202.1,3028581,3029135,+,,kegg.orthology:K08084,fimT; type IV fimbrial biogenesis protein FimT,,,tcdb:3.A.15.2,3.A.15.2,unresolved,unresolved,,,none,fimT; type IV fimbrial biogenesis protein FimT,,tcdb
ACZ81_13205,pilE,type IV pilin protein,Cell motility,NZ_CP012202.1,3031115,3031579,-,,kegg.orthology:K02655,pilE; type IV pilus assembly protein PilE,,,tcdb:3.A.15.2,3.A.15.2,unresolved,unresolved,,,none,pilE; type IV pilus assembly protein PilE,,tcdb
ACZ81_13255,murJ,murein biosynthesis integral membrane protein MurJ,Unknown,NZ_CP012202.1,3044221,3045780,-,,kegg.orthology:K03980,"murJ, mviN; putative peptidoglycan lipid II flippase",,Electrochemical potential-driven transporters [TC:2],tcdb:2.A.66.4,2.A.66.4,unresolved,unresolved,,,none,"murJ, mviN; putative peptidoglycan lipid II flippase",,brite;tcdb
ACZ81_13280,,bile acid:sodium symporter family protein,Unknown,NZ_CP012202.1,3049692,3050591,-,,kegg.orthology:K03453,"TC.BASS; bile acid:Na+ symporter, BASS family",,,tcdb:2.A.28,The Bile Acid:Na+ Symporter (BASS) Family,sodium,specific_compound,inorganic,product,inferred,bile acid:sodium symporter family protein,,kegg;tcdb;func
ACZ81_13450,yfgL,outer membrane protein assembly factor BamB,Cell wall and membrane,NZ_CP012202.1,3085014,3086273,-,,kegg.orthology:K17713,bamB; outer membrane protein assembly factor BamB,,Pores ion channels [TC:1],tcdb:1.B.33.1,1.B.33.1,unresolved,unresolved,,,none,bamB; outer membrane protein assembly factor BamB,,brite;tcdb
ACZ81_13510,sufD,Fe-S cluster assembly protein SufD,Post-translational modification,NZ_CP012202.1,3096572,3097828,-,PERM,kegg.orthology:K09015,sufD; Fe-S cluster assembly protein SufD,,,,,unresolved,unresolved,,,none,sufD; Fe-S cluster assembly protein SufD,,func
ACZ81_13515,sufC,Fe-S cluster assembly ATPase SufC,Post-translational modification,NZ_CP012202.1,3097825,3098586,-,ATP,kegg.orthology:K09013,sufC; Fe-S cluster assembly ATP-binding protein,,Orphan ABC ATPase,,,unresolved,unresolved,,,none,sufC; Fe-S cluster assembly ATP-binding protein,,brite;func
ACZ81_13520,sufB,Fe-S cluster assembly protein SufB,Post-translational modification,NZ_CP012202.1,3098590,3100026,-,PERM,kegg.orthology:K09014,sufB; Fe-S cluster assembly protein SufB,,,,,unresolved,unresolved,,,none,sufB; Fe-S cluster assembly protein SufB,,func
ACZ81_13570,secF,protein translocase subunit SecF,Intracellular trafficking,NZ_CP012202.1,3110142,3111083,-,,kegg.orthology:K03074,secF; preprotein translocase subunit SecF,,,tcdb:2.A.6.4,2.A.6.4,unresolved,unresolved,,,none,secF; preprotein translocase subunit SecF,,kegg;tcdb;func
ACZ81_13575,secD,protein translocase subunit SecD,Intracellular trafficking,NZ_CP012202.1,3111093,3112937,-,,kegg.orthology:K03072,secD; preprotein translocase subunit SecD,,,tcdb:2.A.6.4,2.A.6.4,unresolved,unresolved,,,none,secD; preprotein translocase subunit SecD,,kegg;tcdb;func
ACZ81_13580,yajC,preprotein translocase subunit YajC,Intracellular trafficking,NZ_CP012202.1,3112993,3113328,-,,kegg.orthology:K03210,yajC; preprotein translocase subunit YajC,,,tcdb:3.A.5.1,3.A.5.1,unresolved,unresolved,,,none,yajC; preprotein translocase subunit YajC,,kegg;tcdb
ACZ81_13610,VP1064,potassium channel family protein,Inorganic ion transport,NZ_CP012202.1,3117916,3118971,+,,kegg.orthology:K10716,"kch, trkA, mthK, pch; voltage-gated potassium channel",voltage-gated potassium,Pores ion channels [TC:1],tcdb:1.A.1.1,1.A.1.1,voltage-gated potassium,specific_compound,inorganic,kegg_ko,confident,"kch, trkA, mthK, pch; voltage-gated potassium channel",,brite;kegg;tcdb;func
ACZ81_13645,,ABC transporter ATP-binding protein,Defense mechanisms,NZ_CP012202.1,3123551,3124273,+,ATP,kegg.orthology:K02003,ABC.CD.A; putative ABC transport system ATP-binding protein,putative ABC,Putative ABC transporter,tcdb:3.A.1,The ATP-binding Cassette (ABC) Superfamily,unresolved,unresolved,,,none,ABC.CD.A; putative ABC transport system ATP-binding protein,,brite;kegg;tcdb;func
ACZ81_13650,,FtsX-like permease family protein,Defense mechanisms,NZ_CP012202.1,3124345,3127281,+,PERM,kegg.orthology:K02004,ABC.CD.P; putative ABC transport system permease protein,putative ABC,Putative ABC transporter,tcdb:3.A.1,The ATP-binding Cassette (ABC) Superfamily,unresolved,unresolved,,,none,ABC.CD.P; putative ABC transport system permease protein,,brite;kegg;tcdb;func
ACZ81_13810,,lipopolysaccharide biosynthesis protein,Unknown,NZ_CP012202.1,3167624,3169117,+,,kegg.orthology:K03328,"TC.PST; polysaccharide transporter, PST family",polysaccharide,,tcdb:2.A.66.2,2.A.66.2,saccharide,broad_class,organic,kegg_ko,confident,"TC.PST; polysaccharide transporter, PST family",,kegg;tcdb
ACZ81_13845,,oligosaccharide flippase family protein,Unknown,NZ_CP012202.1,3176002,3177489,-,,kegg.orthology:K03328,"TC.PST; polysaccharide transporter, PST family",polysaccharide,,tcdb:2.A.66.2,2.A.66.2,saccharide,broad_class,organic,kegg_ko,confident,"TC.PST; polysaccharide transporter, PST family",,kegg;tcdb
ACZ81_13870,wza,XrtA/PEP-CTERM system exopolysaccharide export protein,Cell wall and membrane,NZ_CP012202.1,3182552,3183184,+,,kegg.orthology:K01991,"wza, gfcE; polysaccharide biosynthesis/export protein",,Pores ion channels [TC:1],tcdb:1.B.18,The Outer Membrane Auxiliary (OMA) Protein Family,unresolved,unresolved,,,none,"wza, gfcE; polysaccharide biosynthesis/export protein",,brite;tcdb
ACZ81_13885,,porin family protein,Unknown,NZ_CP012202.1,3185703,3187379,+,,,,,,,,unresolved,unresolved,,,none,porin family protein,,func
ACZ81_13940,suxA,TonB-dependent receptor,Cell wall and membrane,NZ_CP012202.1,3199781,3202300,-,,,,,,,,unresolved,unresolved,,,none,TonB-dependent receptor,,func
ACZ81_13955,,TonB-dependent receptor,Inorganic ion transport,NZ_CP012202.1,3205732,3208635,+,,kegg.orthology:K02014,TC.FEV.OM; iron complex outermembrane recepter protein,,Pores ion channels [TC:1],tcdb:1.B.14,The Outer Membrane Receptor (OMR) Family,iron/siderophore,specific_compound,inorganic,kegg_ko_keyword,inferred,TC.FEV.OM; iron complex outermembrane recepter protein,,brite;tcdb;func
ACZ81_14055,,choline transporter,Cell wall and membrane,NZ_CP012202.1,3229152,3230369,+,,,,,,,,choline,specific_compound,organic,product,inferred,choline transporter,,func
ACZ81_14060,,TorF family putative porin,Unknown,NZ_CP012202.1,3230508,3231230,+,,,,,,,,unresolved,unresolved,,,none,TorF family putative porin,,func
ACZ81_14140,,M56 family metallopeptidase,Intracellular trafficking,NZ_CP012202.1,3249234,3250475,+,,,,,,,,unresolved,unresolved,,,none,M56 family metallopeptidase,,func
ACZ81_14210,,TonB-dependent receptor,Inorganic ion transport,NZ_CP012202.1,3266474,3268489,-,,kegg.orthology:K02014,TC.FEV.OM; iron complex outermembrane recepter protein,,Pores ion channels [TC:1],tcdb:1.B.14.2,1.B.14.2,iron/siderophore,specific_compound,inorganic,kegg_ko_keyword,inferred,TC.FEV.OM; iron complex outermembrane recepter protein,,brite;tcdb;func
ACZ81_14220,nikA,ABC transporter substrate-binding protein,Amino acid metabolism,NZ_CP012202.1,3272279,3273886,+,SBP,kegg.orthology:K02035,ABC.PE.S; peptide/nickel transport system substrate-binding protein,peptide/nickel,Peptides/nickel transporter,tcdb:3.A.1.5,3.A.1.5,peptide/nickel,multi_substrate,organic,kegg_ko,confident,ABC.PE.S; peptide/nickel transport system substrate-binding protein,peptide; nickel,brite;kegg;tcdb;func
ACZ81_14225,nikB,ABC transporter permease,Amino acid metabolism,NZ_CP012202.1,3273889,3274872,+,PERM,kegg.orthology:K02033,ABC.PE.P; peptide/nickel transport system permease protein,peptide/nickel,Peptides/nickel transporter,tcdb:3.A.1.5,3.A.1.5,peptide/nickel,multi_substrate,organic,kegg_ko,confident,ABC.PE.P; peptide/nickel transport system permease protein,peptide; nickel,brite;kegg;tcdb;func
ACZ81_14230,,ABC transporter permease,Inorganic ion transport,NZ_CP012202.1,3274869,3275738,+,PERM,kegg.orthology:K02034,ABC.PE.P1; peptide/nickel transport system permease protein,peptide/nickel,Peptides/nickel transporter,tcdb:3.A.1.5,3.A.1.5,peptide/nickel,multi_substrate,organic,kegg_ko,confident,ABC.PE.P1; peptide/nickel transport system permease protein,peptide; nickel,brite;kegg;tcdb;func
ACZ81_14235,,ABC transporter ATP-binding protein,Inorganic ion transport,NZ_CP012202.1,3275735,3277150,+,ATP,kegg.orthology:K02031,ddpD; peptide/nickel transport system ATP-binding protein,peptide/nickel,Peptides/nickel transporter,tcdb:3.A.1.5,3.A.1.5,peptide/nickel,multi_substrate,organic,kegg_ko,confident,ddpD; peptide/nickel transport system ATP-binding protein,peptide; nickel,brite;kegg;tcdb;func
ACZ81_14260,,MFS transporter,Carbohydrate metabolism,NZ_CP012202.1,3281154,3282314,+,,,,,,,,unresolved,unresolved,,,none,MFS transporter,,func
ACZ81_14265,,marine proteobacterial sortase target protein,Unknown,NZ_CP012202.1,3282455,3284593,+,,kegg.orthology:K07114,yfbK; Ca-activated chloride channel homolog,Ca-activated chloride,Pores ion channels [TC:1],tcdb:1.A.13.2.2,1.A.13.2.2,Ca-activated chloride,specific_compound,inorganic,kegg_ko,confident,yfbK; Ca-activated chloride channel homolog,,brite;kegg;tcdb
ACZ81_14275,czcA,efflux RND transporter permease subunit,Inorganic ion transport,NZ_CP012202.1,3285231,3288368,-,PERM,kegg.orthology:K15726,"czcA, cusA, cnrA; heavy metal efflux system protein",,Electrochemical potential-driven transporters [TC:2],tcdb:2.A.6.1.2,2.A.6.1.2,unresolved,unresolved,,,none,"czcA, cusA, cnrA; heavy metal efflux system protein",,brite;kegg;tcdb;func
ACZ81_14280,czcB,efflux RND transporter periplasmic adaptor subunit,Cell wall and membrane,NZ_CP012202.1,3288379,3289611,-,,kegg.orthology:K15727,"czcB, cusB, cnrB; membrane fusion protein, heavy metal efflux system",,Accessory factors involved in transport [TC:8],tcdb:8.A.1.2.1,8.A.1.2.1,unresolved,unresolved,,,none,"czcB, cusB, cnrB; membrane fusion protein, heavy metal efflux system",,brite;kegg;tcdb;func
ACZ81_14340,,sugar efflux transporter,Amino acid metabolism,NZ_CP012202.1,3298830,3299999,+,,kegg.orthology:K03291,"MFS.SET; MFS transporter, SET family, sugar efflux transporter",MFS,Sugar efflux transporter (SET) [TC:2.A.1.20],tcdb:2.A.1.20,2.A.1.20,sugar,broad_class,organic,kegg_ko_keyword,inferred,"MFS.SET; MFS transporter, SET family, sugar efflux transporter",,brite;kegg;tcdb;func
ACZ81_14470,gluP,sugar MFS transporter,Carbohydrate metabolism,NZ_CP012202.1,3333201,3334553,-,,kegg.orthology:K02429,"fucP, deoP, nagP, agaP; MFS transporter, FHS family, fucose-galactose-glucose:H+ symporter family protein",MFS,Fucose:H+ symporter (FHS) family [TC:2.A.1.7],tcdb:2.A.1.7,2.A.1.7,fucose/galactose/glucose,multi_substrate,organic,kegg_ko_keyword,inferred,"fucP, deoP, nagP, agaP; MFS transporter, FHS family, fucose-galactose-glucose:H+ symporter family protein",fucose; galactose; glucose,brite;kegg;tcdb;func
ACZ81_14495,,TonB-dependent receptor,Inorganic ion transport,NZ_CP012202.1,3340381,3343107,-,,kegg.orthology:K02014,TC.FEV.OM; iron complex outermembrane recepter protein,,Pores ion channels [TC:1],tcdb:1.B.14,The Outer Membrane Receptor (OMR) Family,iron/siderophore,specific_compound,inorganic,kegg_ko_keyword,inferred,TC.FEV.OM; iron complex outermembrane recepter protein,,brite;tcdb;func
ACZ81_14525,,EamA family transporter,Amino acid metabolism,NZ_CP012202.1,3349294,3350169,-,PERM,,,,,,,unresolved,unresolved,,,none,EamA family transporter,,func
ACZ81_14625,mexF,efflux RND transporter permease subunit,Defense mechanisms,NZ_CP012202.1,3370187,3373309,-,PERM,kegg.orthology:K18138,"acrB, mexB, adeJ, smeE, mtrD, cmeB; multidrug efflux pump",,Electrochemical potential-driven transporters [TC:2],tcdb:2.A.6.2.16,2.A.6.2.16,unresolved,unresolved,,,none,"acrB, mexB, adeJ, smeE, mtrD, cmeB; multidrug efflux pump",,brite;kegg;tcdb;func
ACZ81_14630,mexE,efflux RND transporter periplasmic adaptor subunit,Cell wall and membrane,NZ_CP012202.1,3373309,3374586,-,,kegg.orthology:K18298,"mexE; membrane fusion protein, multidrug efflux system",,Accessory factors involved in transport [TC:8],tcdb:8.A.1,The Membrane Fusion Protein (MFP) Family,unresolved,unresolved,,,none,"mexE; membrane fusion protein, multidrug efflux system",,brite;kegg;tcdb;func
ACZ81_14680,ppdD,pilin,Cell motility,NZ_CP012202.1,3387500,3387928,+,,kegg.orthology:K02650,pilA; type IV pilus assembly protein PilA,,,tcdb:3.A.15.2,3.A.15.2,unresolved,unresolved,,,none,pilA; type IV pilus assembly protein PilA,,tcdb
ACZ81_14685,pilC,type II secretion system F family protein,Intracellular trafficking,NZ_CP012202.1,3388009,3389217,+,,kegg.orthology:K02653,pilC; type IV pilus assembly protein PilC,,,tcdb:3.A.15.2,3.A.15.2,unresolved,unresolved,,,none,pilC; type IV pilus assembly protein PilC,,tcdb
ACZ81_14690,pilD,prepilin peptidase,Cell motility,NZ_CP012202.1,3389270,3390163,+,,kegg.orthology:K02464,gspO; general secretion pathway protein O [EC:3.4.23.43 2.1.1.-],,,tcdb:3.A.15.2,3.A.15.2,unresolved,unresolved,,,none,gspO; general secretion pathway protein O [EC:3.4.23.43 2.1.1.-],,tcdb
ACZ81_14720,secA,preprotein translocase subunit SecA,Intracellular trafficking,NZ_CP012202.1,3393753,3396461,-,,kegg.orthology:K03070,secA; preprotein translocase subunit SecA [EC:7.4.2.8],,,tcdb:3.A.5.1,3.A.5.1,unresolved,unresolved,,,none,secA; preprotein translocase subunit SecA [EC:7.4.2.8],,kegg;tcdb;func
ACZ81_14765,ftsW,cell division protein FtsW,Cell wall and membrane,NZ_CP012202.1,3405682,3407106,-,,kegg.orthology:K03588,"ftsW, spoVE, rodA; peptidoglycan glycosyltransferase [EC:2.4.99.28]",,Electrochemical potential-driven transporters [TC:2],tcdb:2.A.103.1,2.A.103.1,unresolved,unresolved,,,none,"ftsW, spoVE, rodA; peptidoglycan glycosyltransferase [EC:2.4.99.28]",,brite;tcdb
ACZ81_14775,mraY,phospho-N-acetylmuramoyl-pentapeptide-transferase,Cell wall and membrane,NZ_CP012202.1,3408669,3409751,-,,kegg.orthology:K01000,mraY; phospho-N-acetylmuramoyl-pentapeptide-transferase [EC:2.7.8.13],,,tcdb:9.B.146,The Putative Undecaprenyl-phosphate N-Acetylglucosaminyl Transferase (MurG) Family,phosphate,specific_compound,inorganic,function_description,inferred,"Catalyzes the initial step of the lipid cycle reactions in the biosynthesis of the cell wall peptidoglycan: transfers peptidoglycan precursor phospho-MurNAc-pentapeptide from UDP-MurNAc-pentapeptide onto the lipid carrier undecaprenyl phosphate, yielding undecaprenyl-pyrophosphoryl-MurNAc-pentapeptide, known as lipid I",,tcdb
ACZ81_14810,,putative porin,Unknown,NZ_CP012202.1,3416698,3417522,-,,,,,,,,unresolved,unresolved,,,none,putative porin,,func
ACZ81_14825,cusA,efflux RND transporter permease subunit,Inorganic ion transport,NZ_CP012202.1,3420133,3423408,-,PERM,kegg.orthology:K07787,"cusA, silA; copper/silver efflux system protein",,Electrochemical potential-driven transporters [TC:2],tcdb:2.A.6.1.4,2.A.6.1.4,copper,specific_compound,inorganic,kegg_ko_keyword,inferred,"cusA, silA; copper/silver efflux system protein",,brite;kegg;tcdb;func
ACZ81_14830,cusB,efflux RND transporter periplasmic adaptor subunit,Cell wall and membrane,NZ_CP012202.1,3423401,3425131,-,,kegg.orthology:K07798,"cusB, silB; membrane fusion protein, copper/silver efflux system",,Accessory factors involved in transport [TC:8],tcdb:2.A.6.1.4,2.A.6.1.4,copper,specific_compound,inorganic,kegg_ko_keyword,inferred,"cusB, silB; membrane fusion protein, copper/silver efflux system",,brite;kegg;tcdb;func
ACZ81_14900,mscS,mechanosensitive ion channel family protein,Cell wall and membrane,NZ_CP012202.1,3441679,3442521,-,,kegg.orthology:K03442,mscS; small conductance mechanosensitive channel,small conductance mechanosensitive,Pores ion channels [TC:1],tcdb:1.A.23.2,1.A.23.2,lipid,broad_class,organic,function_description,inferred,"Mechanosensitive channel that participates in the regulation of osmotic pressure changes within the cell, opening in response to stretch forces in the membrane lipid bilayer, without the need for other proteins. Contributes to normal resistance to hypoosmotic shock. Forms an ion channel of 1.0 nanosiemens conductance with a slight preference for anions",,brite;kegg;tcdb;func
ACZ81_14930,pilU,PilT/PilU family type 4a pilus ATPase,Cell motility,NZ_CP012202.1,3446874,3447986,-,ATP,kegg.orthology:K02670,pilU; twitching motility protein PilU,,,tcdb:3.A.15.2,3.A.15.2,unresolved,unresolved,,,none,pilU; twitching motility protein PilU,,tcdb
ACZ81_14935,pilT,type IV pilus twitching motility protein PilT,Cell motility,NZ_CP012202.1,3447995,3449038,-,ATP,kegg.orthology:K02669,pilT; twitching motility protein PilT,,,tcdb:3.A.15.2,3.A.15.2,unresolved,unresolved,,,none,pilT; twitching motility protein PilT,,tcdb
ACZ81_14975,,glutathione S-transferase family protein,Coenzyme metabolism,NZ_CP012202.1,3456801,3457442,-,,kegg.orthology:K00799,"GST, gst; glutathione S-transferase [EC:2.5.1.18]",,Pores ion channels [TC:1],tcdb:1.A.12.2.2,1.A.12.2.2,unresolved,unresolved,,,none,"GST, gst; glutathione S-transferase [EC:2.5.1.18]",,brite;tcdb
ACZ81_15000,ygaZ,AzlC family ABC transporter permease,Amino acid metabolism,NZ_CP012202.1,3460416,3461138,-,PERM,,,,,,,unresolved,unresolved,,,none,AzlC family ABC transporter permease,,func
ACZ81_15015,araJ,MFS transporter,Amino acid metabolism,NZ_CP012202.1,3462290,3463549,+,PERM,kegg.orthology:K08156,"araJ; MFS transporter, DHA1 family, arabinose polymer utilization protein",MFS,Drug:H+ antiporter-1 (12 spanner) (DHA1) family [TC:2.A.1.2],tcdb:2.A.1.2.14,2.A.1.2.14,arabinose,specific_compound,organic,kegg_ko_keyword,inferred,"araJ; MFS transporter, DHA1 family, arabinose polymer utilization protein",,brite;kegg;tcdb;func
ACZ81_15110,arsB,ACR3 family arsenite efflux transporter,Inorganic ion transport,NZ_CP012202.1,3482746,3483774,+,PERM,kegg.orthology:K03325,"ACR3, arsB; arsenite transporter",arsenite,Electrochemical potential-driven transporters [TC:2],tcdb:2.A.59,The Arsenical Resistance-3 (ACR3) Family,unresolved,unresolved,,,none,"ACR3, arsB; arsenite transporter",,brite;kegg;tcdb;func
ACZ81_15200,kdtX,glycosyltransferase family 2 protein,Cell wall and membrane,NZ_CP012202.1,3501168,3501935,-,,kegg.orthology:K12984,"waaE, kdtX; (heptosyl)LPS beta-1,4-glucosyltransferase [EC:2.4.1.-]",,,tcdb:4.D.1.3,4.D.1.3,unresolved,unresolved,,,none,"waaE, kdtX; (heptosyl)LPS beta-1,4-glucosyltransferase [EC:2.4.1.-]",,tcdb
ACZ81_15240,,MFS transporter,Amino acid metabolism,NZ_CP012202.1,3508382,3509743,+,PERM,,,,,,,unresolved,unresolved,,,none,MFS transporter,,func
ACZ81_15250,emrE,DMT family transporter,Intracellular trafficking,NZ_CP012202.1,3510494,3510823,+,,kegg.orthology:K03297,"emrE, qac, mmr, smr; small multidrug resistance pump",,Electrochemical potential-driven transporters [TC:2],tcdb:2.A.7.1,2.A.7.1,unresolved,unresolved,,,none,"emrE, qac, mmr, smr; small multidrug resistance pump",,brite;tcdb;func
ACZ81_15275,,TonB-dependent receptor,Inorganic ion transport,NZ_CP012202.1,3513438,3515702,-,,kegg.orthology:K02014,TC.FEV.OM; iron complex outermembrane recepter protein,,Pores ion channels [TC:1],tcdb:1.B.14,The Outer Membrane Receptor (OMR) Family,iron/siderophore,specific_compound,inorganic,kegg_ko_keyword,inferred,TC.FEV.OM; iron complex outermembrane recepter protein,,brite;tcdb;func
ACZ81_15310,nanT,sodium:solute symporter family transporter,Amino acid metabolism,NZ_CP012202.1,3525094,3526671,-,,kegg.orthology:K03307,"TC.SSS; solute:Na+ symporter, SSS family",,,tcdb:2.A.21,The Solute:Sodium Symporter (SSS) Family,The Solute:Sodium Symporter (SSS),specific_compound,inorganic,tcdb_family,inferred,The Solute:Sodium Symporter (SSS) Family,,kegg;tcdb;func
ACZ81_15370,btuF,cobalamin-binding protein,Inorganic ion transport,NZ_CP012202.1,3544050,3544973,+,SBP,kegg.orthology:K02016,ABC.FEV.S; iron complex transport system substrate-binding protein,iron complex,Vitamin B12 transporter,tcdb:3.A.1.13,3.A.1.13,iron complex,specific_compound,inorganic,kegg_ko,confident,ABC.FEV.S; iron complex transport system substrate-binding protein,,brite;kegg;tcdb;func
ACZ81_15415,nhaD,ArsB/NhaD family transporter,Inorganic ion transport,NZ_CP012202.1,3552664,3553917,-,PERM,,,,,,,unresolved,unresolved,,,none,ArsB/NhaD family transporter,,func
ACZ81_15420,fucP,L-fucose:H+ symporter permease,Carbohydrate metabolism,NZ_CP012202.1,3554165,3555502,-,PERM,kegg.orthology:K02429,"fucP, deoP, nagP, agaP; MFS transporter, FHS family, fucose-galactose-glucose:H+ symporter family protein",MFS,Fucose:H+ symporter (FHS) family [TC:2.A.1.7],tcdb:2.A.1.7,2.A.1.7,fucose/galactose/glucose,multi_substrate,organic,kegg_ko_keyword,inferred,"fucP, deoP, nagP, agaP; MFS transporter, FHS family, fucose-galactose-glucose:H+ symporter family protein",fucose; galactose; glucose,brite;kegg;tcdb;func
ACZ81_15425,rpfN,carbohydrate porin,Cell wall and membrane,NZ_CP012202.1,3556002,3557321,+,,kegg.orthology:K07267,oprB; porin,,Pores ion channels [TC:1],tcdb:1.B.19.1,1.B.19.1,carbohydrate,broad_class,organic,product,inferred,carbohydrate porin,,brite;kegg;tcdb;func
ACZ81_15450,,glutathione S-transferase family protein,Post-translational modification,NZ_CP012202.1,3562435,3563007,-,,kegg.orthology:K00799,"GST, gst; glutathione S-transferase [EC:2.5.1.18]",,Pores ion channels [TC:1],tcdb:1.A.12.2.2,1.A.12.2.2,unresolved,unresolved,,,none,"GST, gst; glutathione S-transferase [EC:2.5.1.18]",,brite;tcdb
ACZ81_15495,VP1164,putative manganese transporter,Unknown,NZ_CP012202.1,3569490,3570725,+,,,,,,,,manganese,specific_compound,inorganic,product,inferred,putative manganese transporter,,func
ACZ81_15505,eriC,chloride channel protein,Inorganic ion transport,NZ_CP012202.1,3571598,3573274,+,,kegg.orthology:K03281,"clcA, clcB, CLC-E, CLC-F; chloride channel protein, CIC family",chloride,Electrochemical potential-driven transporters [TC:2],tcdb:2.A.49,The Chloride Carrier/Channel (ClC) Family,chloride,specific_compound,inorganic,kegg_ko,confident,"clcA, clcB, CLC-E, CLC-F; chloride channel protein, CIC family",,brite;kegg;tcdb;func
ACZ81_15525,mntH,Nramp family divalent metal transporter,Inorganic ion transport,NZ_CP012202.1,3575109,3576305,+,,,,,,,,unresolved,unresolved,,,none,Nramp family divalent metal transporter,,func
ACZ81_15600,,ABC transporter substrate-binding protein,Amino acid metabolism,NZ_CP012202.1,3592444,3593727,+,SBP,kegg.orthology:K02055,ABC.SP.S; putative spermidine/putrescine transport system substrate-binding protein,putative spermidine/putrescine,Putative spermidine/putrescine transporter,tcdb:3.A.1.11,3.A.1.11,putative spermidine/putrescine,multi_substrate,organic,kegg_ko,confident,ABC.SP.S; putative spermidine/putrescine transport system substrate-binding protein,putative spermidine; putrescine,brite;kegg;tcdb;func
ACZ81_15625,lptF,LPS export ABC transporter permease LptF,Unknown,NZ_CP012202.1,3601677,3602777,+,PERM,kegg.orthology:K07091,lptF; lipopolysaccharide export system permease protein,lipopolysaccharide export system,Lipopolysaccharide transporter,tcdb:1.B.42.1,1.B.42.1,saccharide,broad_class,organic,kegg_ko,confident,lptF; lipopolysaccharide export system permease protein,,brite;kegg;tcdb;func
ACZ81_15630,lptG,LPS export ABC transporter permease LptG,Unknown,NZ_CP012202.1,3602778,3603839,+,PERM,kegg.orthology:K11720,lptG; lipopolysaccharide export system permease protein,lipopolysaccharide export system,Lipopolysaccharide transporter,tcdb:1.B.42.1,1.B.42.1,saccharide,broad_class,organic,kegg_ko,confident,lptG; lipopolysaccharide export system permease protein,,brite;kegg;tcdb;func
ACZ81_15640,,TonB-dependent receptor,Coenzyme metabolism,NZ_CP012202.1,3604700,3606775,+,,,,,,,,unresolved,unresolved,,,none,TonB-dependent receptor,,func
ACZ81_15700,,permease,Unknown,NZ_CP012202.1,3618429,3619640,-,PERM,kegg.orthology:K07089,K07089; uncharacterized protein,,,,,unresolved,unresolved,,,none,K07089; uncharacterized protein,,func
ACZ81_15705,,cation diffusion facilitator family transporter,Inorganic ion transport,NZ_CP012202.1,3619844,3620476,-,,,,,,,,unresolved,unresolved,,,none,cation diffusion facilitator family transporter,,func
ACZ81_15755,yhhT,AI-2E family transporter,Unknown,NZ_CP012202.1,3634445,3635605,+,,,,,,,,unresolved,unresolved,,,none,AI-2E family transporter,,func
ACZ81_15760,fcuA,TonB-dependent receptor,Inorganic ion transport,NZ_CP012202.1,3635799,3637970,+,,kegg.orthology:K02014,TC.FEV.OM; iron complex outermembrane recepter protein,,Pores ion channels [TC:1],tcdb:1.B.14,The Outer Membrane Receptor (OMR) Family,iron/siderophore,specific_compound,inorganic,kegg_ko_keyword,inferred,TC.FEV.OM; iron complex outermembrane recepter protein,,brite;tcdb;func
ACZ81_15825,glpF,MIP/aquaporin family protein,Intracellular trafficking,NZ_CP012202.1,3648123,3648992,+,,kegg.orthology:K02440,glpF; glycerol uptake facilitator,,Aquaglyceroporins or glycerol-uptake facilitators,tcdb:1.A.8.1,1.A.8.1,glycerol,specific_compound,organic,kegg_ko_keyword,inferred,glpF; glycerol uptake facilitator,,brite;kegg;tcdb
ACZ81_15830,yigM,DMT family transporter,Amino acid metabolism,NZ_CP012202.1,3649174,3650037,+,PERM,,,,,,,unresolved,unresolved,,,none,DMT family transporter,,func
ACZ81_15840,,TonB-dependent receptor plug domain-containing protein,Inorganic ion transport,NZ_CP012202.1,3650510,3652396,-,,,,,,,,unresolved,unresolved,,,none,TonB-dependent receptor plug domain-containing protein,,func
ACZ81_15850,mntP,manganese efflux pump MntP,Inorganic ion transport,NZ_CP012202.1,3652928,3653485,-,,,,,,,,manganese,specific_compound,inorganic,product,inferred,manganese efflux pump MntP,,func
ACZ81_15880,,AEC family transporter,Unknown,NZ_CP012202.1,3660976,3661908,+,,kegg.orthology:K07088,K07088,,,,,unresolved,unresolved,,,none,K07088,,func
ACZ81_15900,,type 1 periplasmic-binding domain-containing protein,Amino acid metabolism,NZ_CP012202.1,3666020,3667369,+,SBP,,,,,,,unresolved,unresolved,,,none,type 1 periplasmic-binding domain-containing protein,,func
ACZ81_15910,pedB,ATP-binding cassette domain-containing protein,Defense mechanisms,NZ_CP012202.1,3668340,3669062,+,ATP,kegg.orthology:K01990,ABC-2.A; ABC-2 type transport system ATP-binding protein,ABC-2 type,ABC-2 type transporter,tcdb:3.A.1,The ATP-binding Cassette (ABC) Superfamily,unresolved,unresolved,,,none,ABC-2.A; ABC-2 type transport system ATP-binding protein,,brite;kegg;tcdb;func
ACZ81_15915,pedC,ABC transporter permease,Defense mechanisms,NZ_CP012202.1,3669062,3669844,+,PERM,kegg.orthology:K01992,ABC-2.P; ABC-2 type transport system permease protein,ABC-2 type,ABC-2 type transporter,tcdb:3.A.1,The ATP-binding Cassette (ABC) Superfamily,unresolved,unresolved,,,none,ABC-2.P; ABC-2 type transport system permease protein,,brite;kegg;tcdb;func
ACZ81_15950,,TonB-dependent receptor,Coenzyme metabolism,NZ_CP012202.1,3677016,3679517,+,,,,,,,,unresolved,unresolved,,,none,TonB-dependent receptor,,func
ACZ81_15955,,porin family protein,Cell wall and membrane,NZ_CP012202.1,3679799,3681028,+,,,,,,,,unresolved,unresolved,,,none,porin family protein,,func
ACZ81_16020,betT,BCCT family transporter,Cell wall and membrane,NZ_CP012202.1,3697762,3699798,-,,kegg.orthology:K02168,"betT, betS; choline/glycine/proline betaine transport protein",choline/glycine/proline betaine,Electrochemical potential-driven transporters [TC:2],tcdb:2.A.15.1.3,2.A.15.1.3,choline/glycine/proline betaine,multi_substrate,organic,kegg_ko,confident,"betT, betS; choline/glycine/proline betaine transport protein",choline; glycine; proline betaine,brite;tcdb;func
ACZ81_16035,,TonB-dependent receptor,Cell wall and membrane,NZ_CP012202.1,3702000,3704510,+,,,,,,,,unresolved,unresolved,,,none,TonB-dependent receptor,,func
ACZ81_16115,,mechanosensitive ion channel family protein,Cell wall and membrane,NZ_CP012202.1,3723676,3725001,+,,,,,,,,unresolved,unresolved,,,none,mechanosensitive ion channel family protein,,func
ACZ81_16130,,porin family protein,Cell wall and membrane,NZ_CP012202.1,3728563,3729159,+,,kegg.orthology:K03286,"TC.OOP; OmpA-OmpF porin, OOP family",OmpA-OmpF,Pores ion channels [TC:1],tcdb:1.B.6,The OmpA-OmpF Porin (OOP) Family,unresolved,unresolved,,,none,"TC.OOP; OmpA-OmpF porin, OOP family",,brite;kegg;tcdb;func
ACZ81_16150,,TonB-dependent receptor plug domain-containing protein,Inorganic ion transport,NZ_CP012202.1,3734038,3736686,+,,kegg.orthology:K02014,TC.FEV.OM; iron complex outermembrane recepter protein,,Pores ion channels [TC:1],tcdb:1.B.14,The Outer Membrane Receptor (OMR) Family,iron/siderophore,specific_compound,inorganic,kegg_ko_keyword,inferred,TC.FEV.OM; iron complex outermembrane recepter protein,,brite;tcdb;func
ACZ81_16155,,sulfite exporter TauE/SafE family protein,Unknown,NZ_CP012202.1,3736803,3737624,+,,,,,,,,unresolved,unresolved,,,none,sulfite exporter TauE/SafE family protein,,func
ACZ81_16360,,mechanosensitive ion channel family protein,Cell wall and membrane,NZ_CP012202.1,3783359,3784696,+,,kegg.orthology:K16053,"ybdG, mscM; miniconductance mechanosensitive channel",miniconductance mechanosensitive,Pores ion channels [TC:1],tcdb:1.A.23.4.5,1.A.23.4.5,unresolved,unresolved,,,none,"ybdG, mscM; miniconductance mechanosensitive channel",,brite;kegg;tcdb;func
ACZ81_16380,,sodium-dependent transporter,Unknown,NZ_CP012202.1,3787234,3788655,-,,kegg.orthology:K03308,"TC.NSS; neurotransmitter:Na+ symporter, NSS family",,,tcdb:2.A.22.4,2.A.22.4,sodium,specific_compound,inorganic,product,inferred,sodium-dependent transporter,,kegg;tcdb;func
ACZ81_16420,,ExbD/TolR family protein,Intracellular trafficking,NZ_CP012202.1,3795718,3796128,+,,kegg.orthology:K03559,exbD; biopolymer transport protein ExbD,biopolymer,Pores ion channels [TC:1],tcdb:1.A.30.2.1,1.A.30.2.1,unresolved,unresolved,,,none,exbD; biopolymer transport protein ExbD,,brite;tcdb
ACZ81_16430,,cellulose synthase subunit BcsC-related outer membrane protein,Post-translational modification,NZ_CP012202.1,3797762,3800185,-,,kegg.orthology:K20543,bcsC; cellulose synthase operon protein C,,Pores ion channels [TC:1],tcdb:1.B.55.3,1.B.55.3,unresolved,unresolved,,,none,bcsC; cellulose synthase operon protein C,,brite;tcdb
ACZ81_16440,,cellulose biosynthesis cyclic di-GMP-binding regulatory protein BcsB,Unknown,NZ_CP012202.1,3801282,3803558,-,,kegg.orthology:K20541,bcsB; cellulose synthase operon protein B,,,tcdb:4.D.3.1.6,4.D.3.1.6,unresolved,unresolved,,,none,bcsB; cellulose synthase operon protein B,,tcdb
ACZ81_16445,bcsA,UDP-forming cellulose synthase catalytic subunit,Cell wall and membrane,NZ_CP012202.1,3803555,3805780,-,,kegg.orthology:K00694,bcsA; cellulose synthase (UDP-forming) [EC:2.4.1.12],,,tcdb:4.D.3.1.2,4.D.3.1.2,unresolved,unresolved,,,none,bcsA; cellulose synthase (UDP-forming) [EC:2.4.1.12],,tcdb
ACZ81_16495,,APC family permease,Amino acid metabolism,NZ_CP012202.1,3817619,3819046,+,PERM,,,,,,,unresolved,unresolved,,,none,APC family permease,,func
ACZ81_16565,ybbW,NCS1 family nucleobase:cation symporter-1,Nucleotide metabolism,NZ_CP012202.1,3832046,3833548,-,PERM,kegg.orthology:K03457,"TC.NCS1; nucleobase:cation symporter-1, NCS1 family",,Electrochemical potential-driven transporters [TC:2],tcdb:2.A.39.3.8,2.A.39.3.8,unresolved,unresolved,,,none,"TC.NCS1; nucleobase:cation symporter-1, NCS1 family",,brite;kegg;tcdb;func
ACZ81_16570,,TonB-dependent receptor,Inorganic ion transport,NZ_CP012202.1,3833894,3836212,-,,kegg.orthology:K02014,TC.FEV.OM; iron complex outermembrane recepter protein,,Pores ion channels [TC:1],tcdb:1.B.14,The Outer Membrane Receptor (OMR) Family,iron/siderophore,specific_compound,inorganic,kegg_ko_keyword,inferred,TC.FEV.OM; iron complex outermembrane recepter protein,,brite;tcdb;func
ACZ81_16630,gntU,GntP family permease,Amino acid metabolism,NZ_CP012202.1,3845737,3847077,-,PERM,kegg.orthology:K03299,"TC.GNTP; gluconate:H+ symporter, GntP family",,Electrochemical potential-driven transporters [TC:2],tcdb:2.A.8.1.8,2.A.8.1.8,gluconate,specific_compound,organic,kegg_ko_keyword,inferred,"TC.GNTP; gluconate:H+ symporter, GntP family",,brite;kegg;tcdb;func
ACZ81_16740,,TonB-dependent receptor,Inorganic ion transport,NZ_CP012202.1,3867926,3871135,-,,,,,,,,unresolved,unresolved,,,none,TonB-dependent receptor,,func
ACZ81_16745,,PhnD/SsuA/transferrin family substrate-binding protein,Inorganic ion transport,NZ_CP012202.1,3871520,3872413,+,SBP,,,,,,,phosphate,specific_compound,inorganic,function_description,inferred,"COG3221 ABC-type phosphate phosphonate transport system, periplasmic component",,func
ACZ81_16760,yeiM,NupC/NupG family nucleoside CNT transporter,Intracellular trafficking,NZ_CP012202.1,3874211,3875422,+,,kegg.orthology:K03317,"TC.CNT; concentrative nucleoside transporter, CNT family",concentrative nucleoside,,tcdb:2.A.41,The Concentrative Nucleoside Transporter (CNT) Family,nucleoside,narrow_class,organic,kegg_ko,confident,"TC.CNT; concentrative nucleoside transporter, CNT family",,kegg;tcdb;func
ACZ81_16800,actP,sodium:solute symporter family protein,Unknown,NZ_CP012202.1,3882848,3884554,-,,kegg.orthology:K14393,actP; cation/acetate symporter,,Electrochemical potential-driven transporters [TC:2],tcdb:2.A.21.7,2.A.21.7,sodium,specific_compound,inorganic,product,inferred,sodium:solute symporter family protein,,brite;kegg;tcdb;func
ACZ81_16815,,mechanosensitive ion channel family protein,Cell wall and membrane,NZ_CP012202.1,3888573,3889196,-,,,,,,,,lipid,broad_class,organic,function_description,inferred,"Mechanosensitive channel that participates in the regulation of osmotic pressure changes within the cell, opening in response to stretch forces in the membrane lipid bilayer, without the need for other proteins. Contributes to normal resistance to hypoosmotic shock. Forms an ion channel of 1.0 nanosiemens conductance with a slight preference for anions",,func
ACZ81_16835,,amino acid ABC transporter substrate-binding protein,Amino acid metabolism,NZ_CP012202.1,3892233,3893231,+,SBP,,,,,,,amino acid,broad_class,organic,product,inferred,amino acid ABC transporter substrate-binding protein,,func
ACZ81_16850,,DcaP family trimeric outer membrane transporter,Cell wall and membrane,NZ_CP012202.1,3896046,3897209,+,,,,,,,,unresolved,unresolved,,,none,DcaP family trimeric outer membrane transporter,,func
ACZ81_17015,,ABC transporter transmembrane domain-containing protein,Defense mechanisms,NZ_CP012202.1,3938912,3940639,-,ATP,kegg.orthology:K02021,ABC.MR; putative ABC transport system ATP-binding protein,putative ABC,Other ABC transporters,tcdb:3.A.1.106,3.A.1.106,unresolved,unresolved,,,none,ABC.MR; putative ABC transport system ATP-binding protein,,brite;kegg;tcdb;func
ACZ81_17060,,glycosyltransferase,Cell wall and membrane,NZ_CP012202.1,3948587,3951328,-,,kegg.orthology:K20444,rfbC; O-antigen biosynthesis protein [EC:2.4.1.-],,,tcdb:4.D.1.3,4.D.1.3,unresolved,unresolved,,,none,rfbC; O-antigen biosynthesis protein [EC:2.4.1.-],,tcdb
ACZ81_17070,,hypothetical protein,Cell wall and membrane,NZ_CP012202.1,3952557,3953000,-,,kegg.orthology:K20444,rfbC; O-antigen biosynthesis protein [EC:2.4.1.-],,,tcdb:4.D.1.3,4.D.1.3,unresolved,unresolved,,,none,rfbC; O-antigen biosynthesis protein [EC:2.4.1.-],,tcdb
ACZ81_17250,,glycosyltransferase family 2 protein,Cell wall and membrane,NZ_CP012202.1,4010161,4012443,-,,kegg.orthology:K20444,rfbC; O-antigen biosynthesis protein [EC:2.4.1.-],,,tcdb:4.D.1.3,4.D.1.3,unresolved,unresolved,,,none,rfbC; O-antigen biosynthesis protein [EC:2.4.1.-],,tcdb
ACZ81_17300,secY,preprotein translocase subunit SecY,Intracellular trafficking,NZ_CP012202.1,4020642,4021961,-,,kegg.orthology:K03076,secY; preprotein translocase subunit SecY,,,tcdb:3.A.5,The General Secretory Pathway (Sec) Family,unresolved,unresolved,,,none,secY; preprotein translocase subunit SecY,,kegg;tcdb;func
ACZ81_17395,,TonB-dependent receptor,Coenzyme metabolism,NZ_CP012202.1,4038422,4040785,-,,,,,,,,unresolved,unresolved,,,none,TonB-dependent receptor,,func
ACZ81_17420,motX,tetratricopeptide repeat protein,Cell motility,NZ_CP012202.1,4042979,4043623,-,,kegg.orthology:K21217,motX; sodium-type polar flagellar protein MotX,,Pores ion channels [TC:1],tcdb:1.A.30.1,1.A.30.1,unresolved,unresolved,,,none,motX; sodium-type polar flagellar protein MotX,,brite;tcdb
ACZ81_17450,,substrate-binding periplasmic protein,Amino acid metabolism,NZ_CP012202.1,4050114,4051139,+,SBP,kegg.orthology:K02030,ABC.PA.S; polar amino acid transport system substrate-binding protein,polar amino acid,Putative polar amino acid transporter,tcdb:3.A.1.3,3.A.1.3,polar amino acid,narrow_class,organic,kegg_ko,confident,ABC.PA.S; polar amino acid transport system substrate-binding protein,glutamate; aspartate; glutamine; arginine,brite;kegg;tcdb
ACZ81_17460,,porin family protein,Cell wall and membrane,NZ_CP012202.1,4054272,4055042,-,,,,,,,,unresolved,unresolved,,,none,porin family protein,,func
ACZ81_17475,cydA,cytochrome ubiquinol oxidase subunit I,Energy production,NZ_CP012202.1,4073641,4075014,+,,kegg.orthology:K00425,cydA; cytochrome bd ubiquinol oxidase subunit I [EC:7.1.1.7],,,tcdb:3.D.4.3,3.D.4.3,unresolved,unresolved,,,none,cydA; cytochrome bd ubiquinol oxidase subunit I [EC:7.1.1.7],,tcdb
ACZ81_17480,cydB,cytochrome d ubiquinol oxidase subunit II,Energy production,NZ_CP012202.1,4075026,4076033,+,,kegg.orthology:K00426,cydB; cytochrome bd ubiquinol oxidase subunit II [EC:7.1.1.7],,,tcdb:3.D.4.3,3.D.4.3,unresolved,unresolved,,,none,cydB; cytochrome bd ubiquinol oxidase subunit II [EC:7.1.1.7],,tcdb
ACZ81_17535,,phosphate/phosphite/phosphonate ABC transporter substrate-binding protein,Inorganic ion transport,NZ_CP012202.1,4087473,4088297,+,SBP,kegg.orthology:K02044,phnD; phosphonate transport system substrate-binding protein,phosphonate,Phosphonate transporter,tcdb:3.A.1.9,3.A.1.9,phosphonate,specific_compound,inorganic,kegg_ko,confident,phnD; phosphonate transport system substrate-binding protein,,brite;kegg;tcdb;func
ACZ81_17560,,TonB-dependent receptor,Inorganic ion transport,NZ_CP012202.1,4095372,4097489,-,,kegg.orthology:K02014,TC.FEV.OM; iron complex outermembrane recepter protein,,Pores ion channels [TC:1],tcdb:1.B.14,The Outer Membrane Receptor (OMR) Family,iron/siderophore,specific_compound,inorganic,kegg_ko_keyword,inferred,TC.FEV.OM; iron complex outermembrane recepter protein,,brite;tcdb;func
ACZ81_17570,,amidohydrolase family protein,Secondary metabolites,NZ_CP012202.1,4098880,4102215,+,SBP,,,,,,,unresolved,unresolved,,,none,amidohydrolase family protein,,func
ACZ81_17595,,MotA/TolQ/ExbB proton channel family protein,Intracellular trafficking,NZ_CP012202.1,4107923,4108693,+,,,,,,,,unresolved,unresolved,,,none,MotA/TolQ/ExbB proton channel family protein,,func
ACZ81_17615,,HlyD family secretion protein,Cell wall and membrane,NZ_CP012202.1,4112711,4113964,+,,kegg.orthology:K13408,"cvaA, mchE, raxA; membrane fusion protein",,Accessory factors involved in transport [TC:8],tcdb:8.A.1,The Membrane Fusion Protein (MFP) Family,unresolved,unresolved,,,none,"cvaA, mchE, raxA; membrane fusion protein",,brite;tcdb
ACZ81_17620,cvaB,peptidase domain-containing ABC transporter,Defense mechanisms,NZ_CP012202.1,4113967,4116234,+,ATP,kegg.orthology:K06147,"ABCB-BAC; ATP-binding cassette, subfamily B, bacterial",,ABCB-BAC subgroup,tcdb:3.A.1.106,3.A.1.106,glycine,specific_compound,organic,function_description,inferred,"COG2274 ABC-type bacteriocin lantibiotic exporters, contain an N-terminal double-glycine peptidase domain",,brite;tcdb;func
ACZ81_17760,ftsX,permease-like cell division protein FtsX,Cell cycle and division,NZ_CP012202.1,4140639,4141619,-,PERM,kegg.orthology:K09811,ftsX; cell division transport system permease protein,cell division,Cell division transporter,tcdb:3.A.1.140,3.A.1.140,unresolved,unresolved,,,none,ftsX; cell division transport system permease protein,,brite;kegg;tcdb;func
ACZ81_17765,ftsE,cell division ATP-binding protein FtsE,Cell cycle and division,NZ_CP012202.1,4141616,4142329,-,ATP,kegg.orthology:K09812,ftsE; cell division transport system ATP-binding protein,cell division,Cell division transporter,tcdb:3.A.1.140,3.A.1.140,unresolved,unresolved,,,none,ftsE; cell division transport system ATP-binding protein,,brite;kegg;tcdb;func
ACZ81_17770,ftsY,signal recognition particle-docking protein FtsY,Intracellular trafficking,NZ_CP012202.1,4142356,4144074,-,,kegg.orthology:K03110,ftsY; fused signal recognition particle receptor,,,tcdb:3.A.5.1,3.A.5.1,unresolved,unresolved,,,none,ftsY; fused signal recognition particle receptor,,tcdb
ACZ81_17785,yhgN,YhgN family NAAT transporter,Intracellular trafficking,NZ_CP012202.1,4145537,4146139,-,,kegg.orthology:K05595,marC; multiple antibiotic resistance protein,,Electrochemical potential-driven transporters [TC:2],tcdb:2.A.95.1,2.A.95.1,unresolved,unresolved,,,none,marC; multiple antibiotic resistance protein,,brite;tcdb;func
ACZ81_17850,yadH,ABC transporter permease,Defense mechanisms,NZ_CP012202.1,4158290,4159105,-,PERM,kegg.orthology:K01992,ABC-2.P; ABC-2 type transport system permease protein,ABC-2 type,ABC-2 type transporter,tcdb:3.A.1,The ATP-binding Cassette (ABC) Superfamily,unresolved,unresolved,,,none,ABC-2.P; ABC-2 type transport system permease protein,,brite;kegg;tcdb;func
ACZ81_17855,yadG,ABC transporter ATP-binding protein,Defense mechanisms,NZ_CP012202.1,4159132,4160064,-,ATP,kegg.orthology:K01990,ABC-2.A; ABC-2 type transport system ATP-binding protein,ABC-2 type,ABC-2 type transporter,tcdb:3.A.1,The ATP-binding Cassette (ABC) Superfamily,unresolved,unresolved,,,none,ABC-2.A; ABC-2 type transport system ATP-binding protein,,brite;kegg;tcdb;func
ACZ81_17890,,SO_0444 family Cu/Zn efflux transporter,Unknown,NZ_CP012202.1,4168428,4169597,-,PERM,kegg.orthology:K07089,K07089; uncharacterized protein,,,,,unresolved,unresolved,,,none,K07089; uncharacterized protein,,func
ACZ81_17895,cstA,carbon starvation CstA family protein,Signal transduction,NZ_CP012202.1,4169869,4171560,-,,kegg.orthology:K06200,cstA; carbon starvation protein,,Electrochemical potential-driven transporters [TC:2],,,unresolved,unresolved,,,none,cstA; carbon starvation protein,,brite
ACZ81_17940,,energy transducer TonB,Cell wall and membrane,NZ_CP012202.1,4179365,4179985,-,,kegg.orthology:K03832,tonB; periplasmic protein TonB,,Electrochemical potential-driven transporters [TC:2],tcdb:2.C.1.1,2.C.1.1,unresolved,unresolved,,,none,tonB; periplasmic protein TonB,,brite;kegg;tcdb;func
ACZ81_17945,,ExbD/TolR family protein,Intracellular trafficking,NZ_CP012202.1,4180004,4180411,-,,kegg.orthology:K03559,exbD; biopolymer transport protein ExbD,biopolymer,Pores ion channels [TC:1],tcdb:1.A.30.2.1,1.A.30.2.1,unresolved,unresolved,,,none,exbD; biopolymer transport protein ExbD,,brite;tcdb
ACZ81_17950,,MotA/TolQ/ExbB proton channel family protein,Intracellular trafficking,NZ_CP012202.1,4180414,4180800,-,,kegg.orthology:K03561,exbB; biopolymer transport protein ExbB,biopolymer,Pores ion channels [TC:1],tcdb:1.A.30.2.1,1.A.30.2.1,unresolved,unresolved,,,none,exbB; biopolymer transport protein ExbB,,brite;tcdb;func
ACZ81_17955,,MotA/TolQ/ExbB proton channel family protein,Intracellular trafficking,NZ_CP012202.1,4180800,4182176,-,,kegg.orthology:K03561,exbB; biopolymer transport protein ExbB,biopolymer,Pores ion channels [TC:1],tcdb:1.A.30.2.1,1.A.30.2.1,unresolved,unresolved,,,none,exbB; biopolymer transport protein ExbB,,brite;tcdb;func
ACZ81_17965,fepA,FepA family TonB-dependent siderophore receptor,Inorganic ion transport,NZ_CP012202.1,4183052,4185343,-,,kegg.orthology:K16089,"TC.FEV.OM2, cirA, cfrA, hmuR; outer membrane receptor for ferrienterochelin and colicins",,Pores ion channels [TC:1],tcdb:1.B.14.1.22,1.B.14.1.22,iron/siderophore,specific_compound,inorganic,kegg_ko_keyword,inferred,"TC.FEV.OM2, cirA, cfrA, hmuR; outer membrane receptor for ferrienterochelin and colicins",,brite;tcdb;func
ACZ81_17980,,TonB-dependent receptor,Inorganic ion transport,NZ_CP012202.1,4187642,4189855,-,,kegg.orthology:K16090,fiu; catecholate siderophore receptor,,Pores ion channels [TC:1],tcdb:1.B.14.1.11,1.B.14.1.11,iron/siderophore,specific_compound,inorganic,kegg_ko_keyword,inferred,fiu; catecholate siderophore receptor,,brite;tcdb;func
ACZ81_18060,secE,preprotein translocase subunit SecE,Intracellular trafficking,NZ_CP012202.1,4209565,4209942,-,,kegg.orthology:K03073,secE; preprotein translocase subunit SecE,,,tcdb:3.A.5.1,3.A.5.1,unresolved,unresolved,,,none,secE; preprotein translocase subunit SecE,,kegg;tcdb;func
ACZ81_18070,vcaM,ABC transporter ATP-binding protein,Defense mechanisms,NZ_CP012202.1,4210268,4212109,-,ATP,kegg.orthology:K06147,"ABCB-BAC; ATP-binding cassette, subfamily B, bacterial",,ABCB-BAC subgroup,tcdb:3.A.1.106,3.A.1.106,unresolved,unresolved,,,none,"ABCB-BAC; ATP-binding cassette, subfamily B, bacterial",,brite;kegg;tcdb;func
ACZ81_18100,,substrate-binding periplasmic protein,Amino acid metabolism,NZ_CP012202.1,4217936,4219246,-,SBP,kegg.orthology:K02030,ABC.PA.S; polar amino acid transport system substrate-binding protein,polar amino acid,Putative polar amino acid transporter,tcdb:3.A.1.3,3.A.1.3,polar amino acid,narrow_class,organic,kegg_ko,confident,ABC.PA.S; polar amino acid transport system substrate-binding protein,glutamate; aspartate; glutamine; arginine,brite;kegg;tcdb
ACZ81_18125,,mechanosensitive ion channel family protein,Cell wall and membrane,NZ_CP012202.1,4222595,4223413,-,,kegg.orthology:K03442,mscS; small conductance mechanosensitive channel,small conductance mechanosensitive,Pores ion channels [TC:1],tcdb:1.A.23.2,1.A.23.2,lipid,broad_class,organic,function_description,inferred,"Mechanosensitive channel that participates in the regulation of osmotic pressure changes within the cell, opening in response to stretch forces in the membrane lipid bilayer, without the need for other proteins. Contributes to normal resistance to hypoosmotic shock. Forms an ion channel of 1.0 nanosiemens conductance with a slight preference for anions",,brite;kegg;tcdb;func
ACZ81_18130,,MFS transporter,Carbohydrate metabolism,NZ_CP012202.1,4223539,4224756,-,PERM,,,,,,,fucose,specific_compound,organic,function_description,inferred,COG0738 Fucose permease,,func
ACZ81_18185,,transporter substrate-binding domain-containing protein,Amino acid metabolism,NZ_CP012202.1,4237649,4238590,+,SBP,,,,,,,unresolved,unresolved,,,none,transporter substrate-binding domain-containing protein,,func
ACZ81_18280,ydaH,AbgT family transporter,Coenzyme metabolism,NZ_CP012202.1,4257827,4259428,-,,kegg.orthology:K12942,abgT; aminobenzoyl-glutamate transport protein,aminobenzoyl-glutamate,,,,aminobenzoyl-glutamate,specific_compound,organic,kegg_ko,confident,abgT; aminobenzoyl-glutamate transport protein,,func
ACZ81_18355,fur,transcriptional repressor,Transcription,NZ_CP012202.1,4274563,4275036,+,,kegg.orthology:K09823,"zur; Fur family transcriptional regulator, zinc uptake regulator",,,,,unresolved,unresolved,,,none,"zur; Fur family transcriptional regulator, zinc uptake regulator",,kegg
ACZ81_18370,,OmpA family protein,Cell wall and membrane,NZ_CP012202.1,4276019,4277215,+,,kegg.orthology:K03286,"TC.OOP; OmpA-OmpF porin, OOP family",OmpA-OmpF,Pores ion channels [TC:1],tcdb:1.B.6,The OmpA-OmpF Porin (OOP) Family,unresolved,unresolved,,,none,"TC.OOP; OmpA-OmpF porin, OOP family",,brite;kegg;tcdb
ACZ81_18425,,TonB-dependent receptor,Inorganic ion transport,NZ_CP012202.1,4287108,4289153,-,,kegg.orthology:K02014,TC.FEV.OM; iron complex outermembrane recepter protein,,Pores ion channels [TC:1],tcdb:1.B.14.2,1.B.14.2,iron/siderophore,specific_compound,inorganic,kegg_ko_keyword,inferred,TC.FEV.OM; iron complex outermembrane recepter protein,,brite;tcdb;func
ACZ81_18430,,efflux RND transporter periplasmic adaptor subunit,Cell wall and membrane,NZ_CP012202.1,4289250,4290338,-,,,,,,,,unresolved,unresolved,,,none,efflux RND transporter periplasmic adaptor subunit,,func
ACZ81_18435,,efflux RND transporter permease subunit,Defense mechanisms,NZ_CP012202.1,4290352,4293537,-,PERM,,,,,,,unresolved,unresolved,,,none,efflux RND transporter permease subunit,,func
ACZ81_18465,,ABC transporter ATP-binding protein,Defense mechanisms,NZ_CP012202.1,4297316,4298119,+,ATP,kegg.orthology:K02003,ABC.CD.A; putative ABC transport system ATP-binding protein,putative ABC,Putative ABC transporter,tcdb:3.A.1,The ATP-binding Cassette (ABC) Superfamily,peptide,narrow_class,organic,function_description,inferred,"ABC-type antimicrobial peptide transport system, ATPase component",,brite;kegg;tcdb;func
ACZ81_18470,,ABC transporter permease,Defense mechanisms,NZ_CP012202.1,4298119,4299426,+,PERM,kegg.orthology:K02004,ABC.CD.P; putative ABC transport system permease protein,putative ABC,Putative ABC transporter,tcdb:3.A.1,The ATP-binding Cassette (ABC) Superfamily,peptide,narrow_class,organic,function_description,inferred,"ABC-type antimicrobial peptide transport system, permease component",,brite;kegg;tcdb;func
ACZ81_18520,,TSUP family transporter,Unknown,NZ_CP012202.1,4310122,4310874,+,,,,,,,,unresolved,unresolved,,,none,TSUP family transporter,,func
ACZ81_18530,yidK,solute:sodium symporter family transporter,Unknown,NZ_CP012202.1,4313074,4314801,+,,kegg.orthology:K03307,"TC.SSS; solute:Na+ symporter, SSS family",,,tcdb:2.A.21,The Solute:Sodium Symporter (SSS) Family,The Solute:Sodium Symporter (SSS),specific_compound,inorganic,tcdb_family,inferred,The Solute:Sodium Symporter (SSS) Family,,kegg;tcdb;func
ACZ81_18535,,TonB-dependent receptor,Inorganic ion transport,NZ_CP012202.1,4315109,4317517,+,,kegg.orthology:K02014,TC.FEV.OM; iron complex outermembrane recepter protein,,Pores ion channels [TC:1],tcdb:1.B.14,The Outer Membrane Receptor (OMR) Family,iron/siderophore,specific_compound,inorganic,kegg_ko_keyword,inferred,TC.FEV.OM; iron complex outermembrane recepter protein,,brite;tcdb;func
ACZ81_18540,,cation diffusion facilitator family transporter,Inorganic ion transport,NZ_CP012202.1,4317640,4318635,-,,kegg.orthology:K16264,"czcD, zitB; cobalt-zinc-cadmium efflux system protein",,Electrochemical potential-driven transporters [TC:2],tcdb:2.A.4.1,2.A.4.1,zinc,specific_compound,inorganic,kegg_ko_keyword,inferred,"czcD, zitB; cobalt-zinc-cadmium efflux system protein",,brite;kegg;tcdb;func
ACZ81_18550,,TonB-dependent receptor,Inorganic ion transport,NZ_CP012202.1,4321778,4324723,+,,,,,,,,unresolved,unresolved,,,none,TonB-dependent receptor,,func
ACZ81_18570,gluP,sugar MFS transporter,Carbohydrate metabolism,NZ_CP012202.1,4331162,4332424,-,,kegg.orthology:K02429,"fucP, deoP, nagP, agaP; MFS transporter, FHS family, fucose-galactose-glucose:H+ symporter family protein",MFS,Fucose:H+ symporter (FHS) family [TC:2.A.1.7],tcdb:2.A.1.7,2.A.1.7,fucose/galactose/glucose,multi_substrate,organic,kegg_ko_keyword,inferred,"fucP, deoP, nagP, agaP; MFS transporter, FHS family, fucose-galactose-glucose:H+ symporter family protein",fucose; galactose; glucose,brite;kegg;tcdb;func
ACZ81_18585,xylE,sugar porter family MFS transporter,Inorganic ion transport,NZ_CP012202.1,4335010,4336578,+,,kegg.orthology:K08138,"xylE; MFS transporter, SP family, xylose:H+ symportor",MFS,Sugar porter (SP) family [TC:2.A.1.1],tcdb:2.A.1.1.3,2.A.1.1.3,xylose,specific_compound,organic,kegg_ko_keyword,inferred,"xylE; MFS transporter, SP family, xylose:H+ symportor",,brite;kegg;tcdb;func
ACZ81_18590,,ATP-binding cassette domain-containing protein,Energy production,NZ_CP012202.1,4336598,4338187,-,ATP,kegg.orthology:K16012,"cydC; ATP-binding cassette, subfamily C, bacterial CydC",,ABCC-BAC subgroup,tcdb:3.A.1.129,3.A.1.129,unresolved,unresolved,,,none,"cydC; ATP-binding cassette, subfamily C, bacterial CydC",,brite;tcdb;func
ACZ81_18595,cydD,ATP-binding cassette domain-containing protein,Defense mechanisms,NZ_CP012202.1,4338177,4340054,-,ATP,kegg.orthology:K16013,"cydD; ATP-binding cassette, subfamily C, bacterial CydD",,ABCC-BAC subgroup,tcdb:3.A.1.129,3.A.1.129,unresolved,unresolved,,,none,"cydD; ATP-binding cassette, subfamily C, bacterial CydD",,brite;tcdb;func
ACZ81_RS18600,cydX,cytochrome bd-I oxidase subunit CydX,Unknown,NZ_CP012202.1,4340230,4340343,-,,kegg.orthology:K00424,cydX; cytochrome bd-I ubiquinol oxidase subunit X [EC:7.1.1.7],,,tcdb:3.D.4.3,3.D.4.3,unresolved,unresolved,,,none,cydX; cytochrome bd-I ubiquinol oxidase subunit X [EC:7.1.1.7],,tcdb
ACZ81_18600,cydB,cytochrome d ubiquinol oxidase subunit II,Energy production,NZ_CP012202.1,4340354,4341490,-,,kegg.orthology:K00426,cydB; cytochrome bd ubiquinol oxidase subunit II [EC:7.1.1.7],,,tcdb:3.D.4.3,3.D.4.3,unresolved,unresolved,,,none,cydB; cytochrome bd ubiquinol oxidase subunit II [EC:7.1.1.7],,tcdb
ACZ81_18605,cydA,cytochrome ubiquinol oxidase subunit I,Energy production,NZ_CP012202.1,4341487,4343067,-,,kegg.orthology:K00425,cydA; cytochrome bd ubiquinol oxidase subunit I [EC:7.1.1.7],,,tcdb:3.D.4.3,3.D.4.3,unresolved,unresolved,,,none,cydA; cytochrome bd ubiquinol oxidase subunit I [EC:7.1.1.7],,tcdb
ACZ81_18625,,TonB-dependent receptor plug domain-containing protein,Inorganic ion transport,NZ_CP012202.1,4345985,4348102,+,,kegg.orthology:K02014,TC.FEV.OM; iron complex outermembrane recepter protein,,Pores ion channels [TC:1],tcdb:1.B.14,The Outer Membrane Receptor (OMR) Family,iron/siderophore,specific_compound,inorganic,kegg_ko_keyword,inferred,TC.FEV.OM; iron complex outermembrane recepter protein,,brite;tcdb;func
ACZ81_18630,,sulfite exporter TauE/SafE family protein,Unknown,NZ_CP012202.1,4348258,4349040,-,,,,,,,,unresolved,unresolved,,,none,sulfite exporter TauE/SafE family protein,,func
ACZ81_18645,irp,TonB-dependent receptor,Inorganic ion transport,NZ_CP012202.1,4351669,4354077,-,,kegg.orthology:K02014,TC.FEV.OM; iron complex outermembrane recepter protein,,Pores ion channels [TC:1],tcdb:1.B.14,The Outer Membrane Receptor (OMR) Family,iron/siderophore,specific_compound,inorganic,kegg_ko_keyword,inferred,TC.FEV.OM; iron complex outermembrane recepter protein,,brite;tcdb;func
ACZ81_18650,,ZrgA family zinc uptake protein,Inorganic ion transport,NZ_CP012202.1,4354168,4354803,+,,,,,,,,zinc,specific_compound,inorganic,product,inferred,ZrgA family zinc uptake protein,,func
ACZ81_18685,,efflux RND transporter permease subunit,Unknown,NZ_CP012202.1,4360120,4362723,-,PERM,kegg.orthology:K07003,K07003; uncharacterized protein,,,,,unresolved,unresolved,,,none,K07003; uncharacterized protein,,func
ACZ81_18690,,MFS transporter,Amino acid metabolism,NZ_CP012202.1,4363805,4364938,+,,,,,,,,unresolved,unresolved,,,none,MFS transporter,,func
ACZ81_18785,,TonB-dependent receptor,Inorganic ion transport,NZ_CP012202.1,4380114,4382183,-,,kegg.orthology:K02014,TC.FEV.OM; iron complex outermembrane recepter protein,,Pores ion channels [TC:1],tcdb:1.B.14,The Outer Membrane Receptor (OMR) Family,iron/siderophore,specific_compound,inorganic,kegg_ko_keyword,inferred,TC.FEV.OM; iron complex outermembrane recepter protein,,brite;tcdb;func
ACZ81_18810,fadL,OmpP1/FadL family transporter,Lipid metabolism,NZ_CP012202.1,4387100,4388458,-,,kegg.orthology:K06076,fadL; long-chain fatty acid transport protein,long-chain fatty acid,Pores ion channels [TC:1],tcdb:1.B.9,The FadL Outer Membrane Protein (FadL) Family,unresolved,unresolved,,,none,fadL; long-chain fatty acid transport protein,,brite;tcdb;func
ACZ81_18830,,ABC transporter substrate-binding protein,Unknown,NZ_CP012202.1,4392994,4394016,-,SBP,kegg.orthology:K01989,K01989; putative tryptophan/tyrosine transport system substrate-binding protein,putative tryptophan/tyrosine,Putative tryptophan/tyrosine transporter,,,putative tryptophan/tyrosine,multi_substrate,organic,kegg_ko,confident,K01989; putative tryptophan/tyrosine transport system substrate-binding protein,putative tryptophan; tyrosine,brite;kegg;func
ACZ81_18865,,DMT family transporter,Amino acid metabolism,NZ_CP012202.1,4402606,4403490,-,PERM,,,,,,,unresolved,unresolved,,,none,DMT family transporter,,func
ACZ81_18910,,TonB-dependent receptor,Inorganic ion transport,NZ_CP012202.1,4413082,4415988,+,,,,,,,,unresolved,unresolved,,,none,TonB-dependent receptor,,func
ACZ81_18945,hupA,TonB-dependent hemoglobin/transferrin/lactoferrin family receptor,Inorganic ion transport,NZ_CP012202.1,4422587,4424914,+,,kegg.orthology:K16087,"TC.FEV.OM3, tbpA, hemR, lbpA, hpuB, bhuR, hugA, hmbR; hemoglobin/transferrin/lactoferrin receptor protein",,Pores ion channels [TC:1],tcdb:1.B.14.1,1.B.14.1,unresolved,unresolved,,,none,"TC.FEV.OM3, tbpA, hemR, lbpA, hpuB, bhuR, hugA, hmbR; hemoglobin/transferrin/lactoferrin receptor protein",,brite;tcdb;func
ACZ81_18955,,TonB-dependent receptor,Inorganic ion transport,NZ_CP012202.1,4425297,4428461,-,,,,,,,,unresolved,unresolved,,,none,TonB-dependent receptor,,func
ACZ81_18990,cyoD,cytochrome o ubiquinol oxidase subunit IV,Energy production,NZ_CP012202.1,4433535,4433906,-,,kegg.orthology:K02300,cyoD; cytochrome o ubiquinol oxidase subunit IV,,,tcdb:3.D.4.5,3.D.4.5,unresolved,unresolved,,,none,cyoD; cytochrome o ubiquinol oxidase subunit IV,,tcdb
ACZ81_18995,cyoC,cytochrome o ubiquinol oxidase subunit III,Energy production,NZ_CP012202.1,4433906,4434523,-,,kegg.orthology:K02299,cyoC; cytochrome o ubiquinol oxidase subunit III,,,tcdb:3.D.4.5,3.D.4.5,unresolved,unresolved,,,none,cyoC; cytochrome o ubiquinol oxidase subunit III,,tcdb
ACZ81_19000,cyoB,cytochrome o ubiquinol oxidase subunit I,Energy production,NZ_CP012202.1,4434520,4436508,-,,kegg.orthology:K02274,"coxA, ctaD; cytochrome c oxidase subunit I [EC:7.1.1.9]",,,tcdb:3.D.4.2,3.D.4.2,unresolved,unresolved,,,none,"coxA, ctaD; cytochrome c oxidase subunit I [EC:7.1.1.9]",,tcdb
ACZ81_19005,cyoA,ubiquinol oxidase subunit II,Energy production,NZ_CP012202.1,4436511,4437452,-,,kegg.orthology:K02297,cyoA; cytochrome o ubiquinol oxidase subunit II [EC:7.1.1.3],,,tcdb:3.D.4.5,3.D.4.5,unresolved,unresolved,,,none,cyoA; cytochrome o ubiquinol oxidase subunit II [EC:7.1.1.3],,tcdb
ACZ81_19025,,TonB-dependent receptor,Inorganic ion transport,NZ_CP012202.1,4440741,4443674,+,,,,,,,,unresolved,unresolved,,,none,TonB-dependent receptor,,func
ACZ81_19080,groES,co-chaperone GroES,Post-translational modification,NZ_CP012202.1,4461714,4462004,-,,kegg.orthology:K04078,"groES, HSPE1; chaperonin GroES",,,,,unresolved,unresolved,,,none,"groES, HSPE1; chaperonin GroES",,func
ACZ81_19095,dsbD,protein-disulfide reductase DsbD,Energy production,NZ_CP012202.1,4463402,4465294,+,,kegg.orthology:K04084,"dsbD, dipZ; thioredoxin:protein disulfide reductase [EC:1.8.4.16]",,,tcdb:5.A.1.1,5.A.1.1,unresolved,unresolved,,,none,"dsbD, dipZ; thioredoxin:protein disulfide reductase [EC:1.8.4.16]",,tcdb
ACZ81_19175,,substrate-binding periplasmic protein,Amino acid metabolism,NZ_CP012202.1,4479188,4479949,-,SBP,kegg.orthology:K02030,ABC.PA.S; polar amino acid transport system substrate-binding protein,polar amino acid,Putative polar amino acid transporter,tcdb:3.A.1.3,3.A.1.3,polar amino acid,narrow_class,organic,kegg_ko,confident,ABC.PA.S; polar amino acid transport system substrate-binding protein,glutamate; aspartate; glutamine; arginine,brite;kegg;tcdb
ACZ81_19220,,ion transporter,Signal transduction,NZ_CP012202.1,4489250,4490185,+,,kegg.orthology:K10716,"kch, trkA, mthK, pch; voltage-gated potassium channel",voltage-gated potassium,Pores ion channels [TC:1],tcdb:1.A.1.1,1.A.1.1,voltage-gated potassium,specific_compound,inorganic,kegg_ko,confident,"kch, trkA, mthK, pch; voltage-gated potassium channel",,brite;kegg;tcdb;func
ACZ81_19245,,MFS transporter,Carbohydrate metabolism,NZ_CP012202.1,4495030,4496202,-,,,,,,,,unresolved,unresolved,,,none,MFS transporter,,func
ACZ81_19275,gspC,type II secretion system protein GspC,Intracellular trafficking,NZ_CP012202.1,4504562,4505479,+,,kegg.orthology:K02452,gspC; general secretion pathway protein C,,,tcdb:3.A.15,The Outer Membrane Protein Secreting Main Terminal Branch (MTB) Family,unresolved,unresolved,,,none,gspC; general secretion pathway protein C,,tcdb
ACZ81_19280,gspD,type II secretion system secretin GspD,Cell motility,NZ_CP012202.1,4505578,4507629,+,,kegg.orthology:K02453,gspD; general secretion pathway protein D,,,tcdb:3.A.15,The Outer Membrane Protein Secreting Main Terminal Branch (MTB) Family,unresolved,unresolved,,,none,gspD; general secretion pathway protein D,,tcdb
ACZ81_19285,gspE,type II secretion system ATPase GspE,Cell motility,NZ_CP012202.1,4507631,4509196,+,ATP,kegg.orthology:K02454,gspE; general secretion pathway protein E [EC:7.4.2.8],,,tcdb:3.A.15,The Outer Membrane Protein Secreting Main Terminal Branch (MTB) Family,unresolved,unresolved,,,none,gspE; general secretion pathway protein E [EC:7.4.2.8],,tcdb
ACZ81_19290,gspF,type II secretion system inner membrane protein GspF,Intracellular trafficking,NZ_CP012202.1,4509197,4510423,+,,kegg.orthology:K02455,gspF; general secretion pathway protein F,,,tcdb:3.A.15,The Outer Membrane Protein Secreting Main Terminal Branch (MTB) Family,unresolved,unresolved,,,none,gspF; general secretion pathway protein F,,tcdb
ACZ81_19295,gspG,type II secretion system major pseudopilin GspG,Intracellular trafficking,NZ_CP012202.1,4510423,4510860,+,,kegg.orthology:K02456,gspG; general secretion pathway protein G,,,tcdb:3.A.15,The Outer Membrane Protein Secreting Main Terminal Branch (MTB) Family,unresolved,unresolved,,,none,gspG; general secretion pathway protein G,,tcdb
ACZ81_19300,gspH,type II secretion system minor pseudopilin GspH,Intracellular trafficking,NZ_CP012202.1,4510866,4511492,+,,kegg.orthology:K02457,gspH; general secretion pathway protein H,,,tcdb:3.A.15,The Outer Membrane Protein Secreting Main Terminal Branch (MTB) Family,unresolved,unresolved,,,none,gspH; general secretion pathway protein H,,tcdb
ACZ81_19305,gspI,type II secretion system minor pseudopilin GspI,Intracellular trafficking,NZ_CP012202.1,4511489,4511917,+,,kegg.orthology:K02458,gspI; general secretion pathway protein I,,,tcdb:3.A.15,The Outer Membrane Protein Secreting Main Terminal Branch (MTB) Family,unresolved,unresolved,,,none,gspI; general secretion pathway protein I,,tcdb
ACZ81_19310,gspJ,type II secretion system minor pseudopilin GspJ,Intracellular trafficking,NZ_CP012202.1,4511919,4512545,+,,kegg.orthology:K02459,gspJ; general secretion pathway protein J,,,tcdb:3.A.15,The Outer Membrane Protein Secreting Main Terminal Branch (MTB) Family,unresolved,unresolved,,,none,gspJ; general secretion pathway protein J,,tcdb
ACZ81_19315,gspK,type II secretion system minor pseudopilin GspK,Intracellular trafficking,NZ_CP012202.1,4512542,4513588,+,,kegg.orthology:K02460,gspK; general secretion pathway protein K,,,tcdb:3.A.15,The Outer Membrane Protein Secreting Main Terminal Branch (MTB) Family,unresolved,unresolved,,,none,gspK; general secretion pathway protein K,,tcdb
ACZ81_19320,gspL,type II secretion system protein GspL,Intracellular trafficking,NZ_CP012202.1,4513588,4514787,+,,kegg.orthology:K02461,gspL; general secretion pathway protein L,,,tcdb:3.A.15,The Outer Membrane Protein Secreting Main Terminal Branch (MTB) Family,unresolved,unresolved,,,none,gspL; general secretion pathway protein L,,tcdb
ACZ81_19325,gspM,type II secretion system protein GspM,Intracellular trafficking,NZ_CP012202.1,4514784,4515263,+,,kegg.orthology:K02462,gspM; general secretion pathway protein M,,,tcdb:3.A.15,The Outer Membrane Protein Secreting Main Terminal Branch (MTB) Family,unresolved,unresolved,,,none,gspM; general secretion pathway protein M,,tcdb
ACZ81_19330,gspN,type II secretion system protein N,Unknown,NZ_CP012202.1,4515260,4516015,+,,kegg.orthology:K02463,gspN; general secretion pathway protein N,,,tcdb:3.A.15,The Outer Membrane Protein Secreting Main Terminal Branch (MTB) Family,unresolved,unresolved,,,none,gspN; general secretion pathway protein N,,tcdb
ACZ81_19375,mdoH,glucans biosynthesis glucosyltransferase MdoH,Cell wall and membrane,NZ_CP012202.1,4524148,4526139,-,,kegg.orthology:K03669,mdoH; membrane glycosyltransferase [EC:2.4.1.-],,,tcdb:4.D.3.1.1,4.D.3.1.1,unresolved,unresolved,,,none,mdoH; membrane glycosyltransferase [EC:2.4.1.-],,tcdb
ACZ81_19405,yheS,ATP-binding cassette domain-containing protein,Unknown,NZ_CP012202.1,4530940,4532892,-,ATP,kegg.orthology:K06158,"ABCF3; ATP-binding cassette, subfamily F, member 3",,,,,unresolved,unresolved,,,none,"ABCF3; ATP-binding cassette, subfamily F, member 3",,func
ACZ81_19505,dinF,MATE family efflux transporter,Defense mechanisms,NZ_CP012202.1,4552454,4553800,-,,kegg.orthology:K03327,"SLC47A, MATE, DTX; MATE family, multidrug and toxin extrusion protein",,SLC47: Multidrug and toxin extrusion (MATE) family,tcdb:2.A.66.1,2.A.66.1,unresolved,unresolved,,,none,"SLC47A, MATE, DTX; MATE family, multidrug and toxin extrusion protein",,brite;tcdb;func
ACZ81_19530,ctaA,COX15/CtaA family protein,Post-translational modification,NZ_CP012202.1,4557368,4558585,-,,kegg.orthology:K02259,"COX15, ctaA; heme a synthase [EC:1.17.99.9]",,,tcdb:3.D.4.4,3.D.4.4,unresolved,unresolved,,,none,"COX15, ctaA; heme a synthase [EC:1.17.99.9]",,tcdb
ACZ81_19540,surf1,SURF1 family protein,Unknown,NZ_CP012202.1,4559123,4559827,-,,kegg.orthology:K14998,"SURF1, SHY1; surfeit locus 1 family protein",,,tcdb:3.D.4.8,3.D.4.8,unresolved,unresolved,,,none,"SURF1, SHY1; surfeit locus 1 family protein",,tcdb
ACZ81_19550,coxC,cytochrome c oxidase subunit 3,Energy production,NZ_CP012202.1,4560098,4560991,-,,kegg.orthology:K02276,"coxC, ctaE; cytochrome c oxidase subunit III [EC:7.1.1.9]",,,tcdb:3.D.4.4,3.D.4.4,unresolved,unresolved,,,none,"coxC, ctaE; cytochrome c oxidase subunit III [EC:7.1.1.9]",,tcdb
ACZ81_19555,ctaG,cytochrome c oxidase assembly protein,Post-translational modification,NZ_CP012202.1,4561015,4561602,-,,kegg.orthology:K02258,"COX11, ctaG; cytochrome c oxidase assembly protein subunit 11",,,tcdb:3.D.4.8,3.D.4.8,unresolved,unresolved,,,none,"COX11, ctaG; cytochrome c oxidase assembly protein subunit 11",,tcdb
ACZ81_19560,ctaD,cytochrome c oxidase subunit I,Energy production,NZ_CP012202.1,4561750,4563378,-,,kegg.orthology:K02274,"coxA, ctaD; cytochrome c oxidase subunit I [EC:7.1.1.9]",,,tcdb:3.D.4.2,3.D.4.2,unresolved,unresolved,,,none,"coxA, ctaD; cytochrome c oxidase subunit I [EC:7.1.1.9]",,tcdb
ACZ81_19565,coxB,cytochrome c oxidase subunit II,Energy production,NZ_CP012202.1,4563388,4564551,-,,kegg.orthology:K02275,"coxB, ctaC; cytochrome c oxidase subunit II [EC:7.1.1.9]",,,tcdb:3.D.4.2,3.D.4.2,unresolved,unresolved,,,none,"coxB, ctaC; cytochrome c oxidase subunit II [EC:7.1.1.9]",,tcdb
ACZ81_19600,yadS,trimeric intracellular cation channel family protein,Unknown,NZ_CP012202.1,4578704,4579321,+,,,,,,,,unresolved,unresolved,,,none,trimeric intracellular cation channel family protein,,func
ACZ81_19620,bcr,multidrug effflux MFS transporter,Amino acid metabolism,NZ_CP012202.1,4583707,4584954,-,,kegg.orthology:K07552,"bcr, tcaB; MFS transporter, DHA1 family, multidrug resistance protein",MFS,Drug:H+ antiporter-1 (12 spanner) (DHA1) family [TC:2.A.1.2],tcdb:2.A.1.2,2.A.1.2,unresolved,unresolved,,,none,"bcr, tcaB; MFS transporter, DHA1 family, multidrug resistance protein",,brite;kegg;tcdb;func
ACZ81_19630,ytfM,autotransporter assembly complex protein TamA,Cell wall and membrane,NZ_CP012202.1,4587704,4589542,+,,kegg.orthology:K07278,tamA; translocation and assembly module TamA,,Pores ion channels [TC:1],tcdb:1.B.33.2.4,1.B.33.2.4,unresolved,unresolved,,,none,tamA; translocation and assembly module TamA,,brite;tcdb
ACZ81_19635,ytfN,translocation/assembly module TamB domain-containing protein,Unknown,NZ_CP012202.1,4589539,4593411,+,,kegg.orthology:K09800,tamB; translocation and assembly module TamB,,Pores ion channels [TC:1],,,unresolved,unresolved,,,none,tamB; translocation and assembly module TamB,,brite
ACZ81_19655,,DMT family transporter,Amino acid metabolism,NZ_CP012202.1,4595076,4595978,-,PERM,,,,,,,unresolved,unresolved,,,none,DMT family transporter,,func
ACZ81_19700,,DUF6482 family protein,Unknown,NZ_CP012202.1,4604522,4604830,-,,,,,,,,unresolved,unresolved,,,none,DUF6482 family protein,,func
ACZ81_19770,,TonB-dependent receptor,Inorganic ion transport,NZ_CP012202.1,4616320,4619250,-,,,,,,,,unresolved,unresolved,,,none,TonB-dependent receptor,,func
ACZ81_19780,,MFS transporter,Carbohydrate metabolism,NZ_CP012202.1,4621131,4622738,+,,kegg.orthology:K03292,"TC.GPH; glycoside/pentoside/hexuronide:cation symporter, GPH family",,,tcdb:2.A.2,The Glycoside-Pentoside-Hexuronide (GPH):Cation Symporter Family,sugar,broad_class,organic,function_description,inferred,MFS/sugar transport protein,,kegg;tcdb;func
ACZ81_19800,yiaD,YiaD family glycine zipper/OmpA-like lipoprotein,Cell wall and membrane,NZ_CP012202.1,4625817,4626458,-,,kegg.orthology:K12216,"icmN, lphA, dotK; intracellular multiplication protein IcmN",,,tcdb:3.A.7.9.1,3.A.7.9.1,unresolved,unresolved,,,none,"icmN, lphA, dotK; intracellular multiplication protein IcmN",,tcdb
ACZ81_19820,gst5,glutathione S-transferase family protein,Post-translational modification,NZ_CP012202.1,4629099,4629698,-,,kegg.orthology:K00799,"GST, gst; glutathione S-transferase [EC:2.5.1.18]",,Pores ion channels [TC:1],tcdb:1.A.12.2.2,1.A.12.2.2,unresolved,unresolved,,,none,"GST, gst; glutathione S-transferase [EC:2.5.1.18]",,brite;tcdb
ACZ81_19830,atpC,F0F1 ATP synthase subunit epsilon,Energy production,NZ_CP012202.1,4631048,4631461,-,ATP,kegg.orthology:K02114,"ATPF1E, atpC; F-type H+-transporting ATPase subunit epsilon",,,tcdb:3.A.2.1,3.A.2.1,unresolved,unresolved,,,none,"ATPF1E, atpC; F-type H+-transporting ATPase subunit epsilon",,tcdb
ACZ81_19835,atpD,F0F1 ATP synthase subunit beta,Energy production,NZ_CP012202.1,4631522,4632907,-,ATP,kegg.orthology:K02112,"ATPF1B, atpD; F-type H+/Na+-transporting ATPase subunit beta [EC:7.1.2.2 7.2.2.1]",,,tcdb:3.A.2.1,3.A.2.1,unresolved,unresolved,,,none,"ATPF1B, atpD; F-type H+/Na+-transporting ATPase subunit beta [EC:7.1.2.2 7.2.2.1]",,tcdb
ACZ81_19840,atpG,F0F1 ATP synthase subunit gamma,Energy production,NZ_CP012202.1,4632941,4633801,-,ATP,kegg.orthology:K02115,"ATPF1G, atpG; F-type H+-transporting ATPase subunit gamma",,,tcdb:3.A.2.1,3.A.2.1,unresolved,unresolved,,,none,"ATPF1G, atpG; F-type H+-transporting ATPase subunit gamma",,tcdb
ACZ81_19845,atpA,F0F1 ATP synthase subunit alpha,Energy production,NZ_CP012202.1,4633860,4635401,-,ATP,kegg.orthology:K02111,"ATPF1A, atpA; F-type H+/Na+-transporting ATPase subunit alpha [EC:7.1.2.2 7.2.2.1]",,,tcdb:3.A.2.1,3.A.2.1,unresolved,unresolved,,,none,"ATPF1A, atpA; F-type H+/Na+-transporting ATPase subunit alpha [EC:7.1.2.2 7.2.2.1]",,tcdb
ACZ81_19850,atpH,F0F1 ATP synthase subunit delta,Energy production,NZ_CP012202.1,4635415,4635948,-,ATP,kegg.orthology:K02113,"ATPF1D, atpH; F-type H+-transporting ATPase subunit delta",,,tcdb:3.A.2.1,3.A.2.1,sodium,specific_compound,inorganic,function_description,inferred,"F(1)F(0) ATP synthase produces ATP from ADP in the presence of a proton or sodium gradient. F-type ATPases consist of two structural domains, F(1) containing the extramembraneous catalytic core and F(0) containing the membrane proton channel, linked together by a central stalk and a peripheral stalk. During catalysis, ATP synthesis in the catalytic domain of F(1) is coupled via a rotary mechanism of the central stalk subunits to proton translocation. ; FUNCTION: This protein is part of the stalk that links CF(0) to CF(1). It either transmits conformational changes from CF(0) to CF(1) or is implicated in proton conduction",,tcdb;func
ACZ81_19855,atpF,F0F1 ATP synthase subunit B,Energy production,NZ_CP012202.1,4635963,4636433,-,ATP,kegg.orthology:K02109,"ATPF0B, atpF; F-type H+-transporting ATPase subunit b",,,tcdb:3.A.2.1,3.A.2.1,sodium,specific_compound,inorganic,function_description,inferred,"Component of the F(0) channel, it forms part of the peripheral stalk, linking F(1) to F(0). The b^-subunit is a diverged and duplicated form of b found in plants and photosynthetic bacteria. ; FUNCTION: F(1)F(0) ATP synthase produces ATP from ADP in the presence of a proton or sodium gradient. F-type ATPases consist of two structural domains, F(1) containing the extramembraneous catalytic core and F(0) containing the membrane proton channel, linked together by a central stalk and a peripheral stalk. During catalysis, ATP synthesis in the catalytic domain of F(1) is coupled via a rotary mechanism of the central stalk subunits to proton translocation",,tcdb;func
ACZ81_19860,atpE,F0F1 ATP synthase subunit C,Energy production,NZ_CP012202.1,4636479,4636700,-,ATP,kegg.orthology:K02110,"ATPF0C, atpE; F-type H+-transporting ATPase subunit c",,,tcdb:3.A.2.1,3.A.2.1,sodium,specific_compound,inorganic,function_description,inferred,"F(1)F(0) ATP synthase produces ATP from ADP in the presence of a proton or sodium gradient. F-type ATPases consist of two structural domains, F(1) containing the extramembraneous catalytic core and F(0) containing the membrane proton channel, linked together by a central stalk and a peripheral stalk. During catalysis, ATP synthesis in the catalytic domain of F(1) is coupled via a rotary mechanism of the central stalk subunits to proton translocation. ; FUNCTION: Key component of the F(0) channel; it plays a direct role in translocation across the membrane. A homomeric c-ring of between 10-14 subunits forms the central stalk rotor element with the F(1) delta and epsilon subunits",,tcdb;func
ACZ81_19865,atpB,F0F1 ATP synthase subunit A,Energy production,NZ_CP012202.1,4636800,4637633,-,ATP,kegg.orthology:K02108,"ATPF0A, atpB; F-type H+-transporting ATPase subunit a",,,tcdb:3.A.2.1,3.A.2.1,unresolved,unresolved,,,none,"ATPF0A, atpB; F-type H+-transporting ATPase subunit a",,tcdb;func
ACZ81_19870,atpI,ATP synthase subunit I,Energy production,NZ_CP012202.1,4637735,4638121,-,,kegg.orthology:K02116,atpI; ATP synthase protein I,,,tcdb:3.A.2.1,3.A.2.1,unresolved,unresolved,,,none,atpI; ATP synthase protein I,,tcdb
ACZ81_19925,yidC,membrane protein insertase YidC,Intracellular trafficking,NZ_CP012202.1,4649771,4651429,-,,kegg.orthology:K03217,"yidC, spoIIIJ, OXA1, ccfA; YidC/Oxa1 family membrane protein insertase",,,tcdb:2.A.9,The Membrane Protein Insertase (YidC/Alb3/Oxa1) Family,unresolved,unresolved,,,none,"yidC, spoIIIJ, OXA1, ccfA; YidC/Oxa1 family membrane protein insertase",,tcdb
ACZ81_19970,,ion channel,Inorganic ion transport,NZ_CP012203.1,6644,7042,+,,,,,,,,unresolved,unresolved,,,none,ion channel,,func
ACZ81_19985,cadR,Cd(II)/Pb(II)-responsive transcriptional regulator,Transcription,NZ_CP012203.1,9297,9686,-,,kegg.orthology:K19591,"cueR; MerR family transcriptional regulator, copper efflux regulator",,,,,unresolved,unresolved,,,none,"cueR; MerR family transcriptional regulator, copper efflux regulator",,kegg
ACZ81_20015,czcC,TolC family protein,Cell wall and membrane,NZ_CP012203.1,13442,14713,+,,kegg.orthology:K15725,"czcC, cusC, cnrC; outer membrane protein, heavy metal efflux system",,Pores ion channels [TC:1],tcdb:1.B.17.2.2,1.B.17.2.2,unresolved,unresolved,,,none,"czcC, cusC, cnrC; outer membrane protein, heavy metal efflux system",,brite;kegg;tcdb
ACZ81_20020,,biotin/lipoyl-containing protein,Cell wall and membrane,NZ_CP012203.1,14778,15419,+,,kegg.orthology:K15727,"czcB, cusB, cnrB; membrane fusion protein, heavy metal efflux system",,Accessory factors involved in transport [TC:8],tcdb:8.A.1.2.1,8.A.1.2.1,unresolved,unresolved,,,none,"czcB, cusB, cnrB; membrane fusion protein, heavy metal efflux system",,brite;kegg;tcdb
ACZ81_RS21580,,permuted SH3 domain-containing protein,Cell wall and membrane,NZ_CP012203.1,15409,15714,+,,kegg.orthology:K15727,"czcB, cusB, cnrB; membrane fusion protein, heavy metal efflux system",,Accessory factors involved in transport [TC:8],tcdb:8.A.1.2.1,8.A.1.2.1,unresolved,unresolved,,,none,"czcB, cusB, cnrB; membrane fusion protein, heavy metal efflux system",,brite;kegg;tcdb
ACZ81_20055,,mercuric transporter MerT family protein,Unknown,NZ_CP012203.1,22849,23193,+,,kegg.orthology:K08363,merT; mercuric ion transport protein,mercuric ion,Pores ion channels [TC:1],tcdb:1.A.72.1,1.A.72.1,unresolved,unresolved,,,none,merT; mercuric ion transport protein,,brite;tcdb;func
ACZ81_20060,merP,mercury resistance system periplasmic binding protein MerP,Inorganic ion transport,NZ_CP012203.1,23229,23504,+,,kegg.orthology:K08364,merP; periplasmic mercuric ion binding protein,,Pores ion channels [TC:1],tcdb:1.A.72.1,1.A.72.1,unresolved,unresolved,,,none,merP; periplasmic mercuric ion binding protein,,brite;tcdb
ACZ81_20065,merC,organomercurial transporter MerC,Unknown,NZ_CP012203.1,23509,23955,+,,kegg.orthology:K19058,merC; mercuric ion transport protein,mercuric ion,Pores ion channels [TC:1],tcdb:1.A.72.4,1.A.72.4,unresolved,unresolved,,,none,merC; mercuric ion transport protein,,brite;tcdb;func
ACZ81_20140,,efflux RND transporter periplasmic adaptor subunit,Cell wall and membrane,NZ_CP012203.1,40324,41034,-,,kegg.orthology:K15727,"czcB, cusB, cnrB; membrane fusion protein, heavy metal efflux system",,Accessory factors involved in transport [TC:8],tcdb:8.A.1.2.1,8.A.1.2.1,unresolved,unresolved,,,none,"czcB, cusB, cnrB; membrane fusion protein, heavy metal efflux system",,brite;kegg;tcdb;func
ACZ81_20145,,hypothetical protein,Cell wall and membrane,NZ_CP012203.1,41019,41507,-,,kegg.orthology:K15727,"czcB, cusB, cnrB; membrane fusion protein, heavy metal efflux system",,Accessory factors involved in transport [TC:8],tcdb:8.A.1.2.1,8.A.1.2.1,unresolved,unresolved,,,none,"czcB, cusB, cnrB; membrane fusion protein, heavy metal efflux system",,brite;kegg;tcdb
ACZ81_20150,czcC,TolC family protein,Cell wall and membrane,NZ_CP012203.1,41634,42791,-,,kegg.orthology:K15725,"czcC, cusC, cnrC; outer membrane protein, heavy metal efflux system",,Pores ion channels [TC:1],tcdb:1.B.17.2.2,1.B.17.2.2,unresolved,unresolved,,,none,"czcC, cusC, cnrC; outer membrane protein, heavy metal efflux system",,brite;kegg;tcdb
ACZ81_RS21385,,hypothetical protein,Cell wall and membrane,NZ_CP012203.1,70231,70404,-,,,,,,,,unresolved,unresolved,,,none,hypothetical protein,,func
ACZ81_20345,,copper resistance D family protein,Inorganic ion transport,NZ_CP012203.1,76368,77282,-,,kegg.orthology:K07245,pcoD; copper resistance protein D,,Others,tcdb:9.B.62.1,9.B.62.1,unresolved,unresolved,,,none,pcoD; copper resistance protein D,,brite;tcdb
ACZ81_20350,,copper resistance CopC family protein,Unknown,NZ_CP012203.1,77291,77686,-,,kegg.orthology:K07156,"copC, pcoC; copper resistance protein C",,Others,tcdb:9.B.62.2,9.B.62.2,unresolved,unresolved,,,none,"copC, pcoC; copper resistance protein C",,brite;tcdb
ACZ81_20675,,copper resistance CopC family protein,Unknown,NZ_CP012203.1,139444,139797,+,,kegg.orthology:K07156,"copC, pcoC; copper resistance protein C",,Others,tcdb:9.B.62.2,9.B.62.2,unresolved,unresolved,,,none,"copC, pcoC; copper resistance protein C",,brite;tcdb
ACZ81_20680,copD,copper resistance D family protein,Inorganic ion transport,NZ_CP012203.1,139813,140706,+,,kegg.orthology:K07245,pcoD; copper resistance protein D,,Others,tcdb:9.B.62.1,9.B.62.1,unresolved,unresolved,,,none,pcoD; copper resistance protein D,,brite;tcdb
