organism_name,locus_tag,gene_name,product,function_description,kegg_ko_id,kegg_ko_name,tcdb_family,brite_leaf,sources,gene_category,in_brite,in_kegg,in_tcdb,in_annotation
Alteromonas macleodii HOT1A3,ACZ81_00080,trkH,TrkH family potassium uptake protein,Low-affinity potassium transport system. Interacts with Trk system potassium uptake protein TrkA,K03498,"trkH, trkG, ktrB, ktrD; trk/ktr system potassium uptake protein",2.A.38.1 ; 2.A.38.4,Electrochemical potential-driven transporters [TC:2],brite|kegg|tcdb|annotation,Inorganic ion transport,True,True,True,True
Alteromonas macleodii HOT1A3,ACZ81_00085,trkA,Trk system potassium transporter TrkA,"COG0569 K transport systems, NAD-binding component",K03499,"trkA, ktrA, ktrC; trk/ktr system potassium uptake protein",2.A.38.1 ; 2.A.38.4,Electrochemical potential-driven transporters [TC:2],brite|kegg|tcdb|annotation,Inorganic ion transport,True,True,True,True
Alteromonas macleodii HOT1A3,ACZ81_00145,aroE,shikimate dehydrogenase,"Involved in the biosynthesis of the chorismate, which leads to the biosynthesis of aromatic amino acids. Catalyzes the reversible NADPH linked reduction of 3-dehydroshikimate (DHSA) to yield shikimate (SA)",K00014,aroE; shikimate dehydrogenase [EC:1.1.1.25],,,annotation,Amino acid metabolism,False,False,False,True
Alteromonas macleodii HOT1A3,ACZ81_00185,,substrate-binding periplasmic protein,ABC-type amino acid transport signal transduction systems periplasmic component domain,,,,,annotation,Amino acid metabolism,False,False,False,True
Alteromonas macleodii HOT1A3,ACZ81_00190,,hypothetical protein,ABC-type amino acid transport signal transduction systems periplasmic component domain,,,,,annotation,Amino acid metabolism,False,False,False,True
Alteromonas macleodii HOT1A3,ACZ81_00295,,hypothetical protein,"COG0226 ABC-type phosphate transport system, periplasmic component",,,,,annotation,Inorganic ion transport,False,False,False,True
Alteromonas macleodii HOT1A3,ACZ81_00360,cyc,c-type cytochrome,COG3245 Cytochrome c5,K02277,"coxD, ctaF; cytochrome c oxidase subunit IV [EC:7.1.1.9]",3.D.4.4,,tcdb,Energy production,False,False,True,False
Alteromonas macleodii HOT1A3,ACZ81_00380,nhaC,Na+/H+ antiporter NhaC,Na+/H+ antiporter family,K03315,"nhaC; Na+:H+ antiporter, NhaC family",The NhaC Na+:H+ Antiporter (NhaC) Family,Electrochemical potential-driven transporters [TC:2],brite|kegg|tcdb|annotation,Energy production,True,True,True,True
Alteromonas macleodii HOT1A3,ACZ81_00385,cudT,BCCT family transporter,Belongs to the BCCT transporter (TC 2.A.15) family,K03451,"TC.BCT; betaine/carnitine transporter, BCCT family",The Betaine/Carnitine/Choline Transporter (BCCT) Family,,kegg|tcdb|annotation,Inorganic ion transport,False,True,True,True
Alteromonas macleodii HOT1A3,ACZ81_00430,,TonB-dependent siderophore receptor,TonB dependent receptor,K16088,"TC.FEV.OM1, fhuE, fpvA, fptA; outer-membrane receptor for ferric coprogen and ferric-rhodotorulic acid",1.B.14.1.10 ; 1.B.14.1.3 ; 1.B.14.1.8,Pores ion channels [TC:1],brite|tcdb|annotation,Inorganic ion transport,True,False,True,True
Alteromonas macleodii HOT1A3,ACZ81_00450,,LysR family transcriptional regulator,Transcriptional regulator,,,,,annotation,Transcription,False,False,False,True
Alteromonas macleodii HOT1A3,ACZ81_00470,,threonine/serine exporter family protein,"Threonine/Serine exporter, ThrE",,,,,annotation,Unknown,False,False,False,True
Alteromonas macleodii HOT1A3,ACZ81_00580,,extracellular solute-binding protein,"ABC-type Fe3 transport system, periplasmic component",K02012,"afuA, fbpA; iron(III) transport system substrate-binding protein",3.A.1.10,Iron(III) transporter,brite|kegg|tcdb|annotation,Inorganic ion transport,True,True,True,True
Alteromonas macleodii HOT1A3,ACZ81_00585,sfuB,ABC transporter permease,"COG1178 ABC-type Fe3 transport system, permease component",K02011,"afuB, fbpB; iron(III) transport system permease protein",3.A.1.10,Iron(III) transporter,brite|kegg|tcdb|annotation,Inorganic ion transport,True,True,True,True
Alteromonas macleodii HOT1A3,ACZ81_00590,,ABC transporter ATP-binding protein,Belongs to the ABC transporter superfamily,K02010,"afuC, fbpC; iron(III) transport system ATP-binding protein [EC:7.2.2.7]",3.A.1.10,Iron(III) transporter,brite|kegg|tcdb|annotation,Inorganic ion transport,True,True,True,True
Alteromonas macleodii HOT1A3,ACZ81_00615,,mechanosensitive ion channel family protein,Mechanosensitive ion channel,,,,,annotation,Cell wall and membrane,False,False,False,True
Alteromonas macleodii HOT1A3,ACZ81_00630,cmpX,mechanosensitive ion channel family protein,COG0668 Small-conductance mechanosensitive channel,,,,,annotation,Cell wall and membrane,False,False,False,True
Alteromonas macleodii HOT1A3,ACZ81_00640,mgtE,magnesium transporter,MgtE intracellular N domain,K06213,mgtE; magnesium transporter,1.A.26.1,Pores ion channels [TC:1],brite|kegg|tcdb|annotation,Inorganic ion transport,True,True,True,True
Alteromonas macleodii HOT1A3,ACZ81_00660,nhaP,cation:proton antiporter,Belongs to the monovalent cation proton antiporter 2 (CPA2) transporter (TC 2.A.37) family,K03316,"nhaP, nhaS1, nhaS2; Na+:H+ antiporter",The Monovalent Cation:Proton Antiporter-1 (CPA1) Family,Electrochemical potential-driven transporters [TC:2],brite|kegg|tcdb|annotation,Inorganic ion transport,True,True,True,True
Alteromonas macleodii HOT1A3,ACZ81_00685,argP,ArgP/LysG family DNA-binding transcriptional regulator,Transcriptional regulator,K05596,"argP, iciA; LysR family transcriptional regulator, arginine and lysine transport system/DNA replication regulator",,,kegg|annotation,Transcription,False,True,False,True
Alteromonas macleodii HOT1A3,ACZ81_00690,argO,LysE/ArgO family amino acid transporter,COG1279 Lysine efflux permease,K06895,"lysE, argO; L-lysine exporter family protein LysE/ArgO",2.A.75.1,Electrochemical potential-driven transporters [TC:2],brite|kegg|tcdb|annotation,Unknown,True,True,True,True
Alteromonas macleodii HOT1A3,ACZ81_00695,sugE,DMT family transporter,COG2076 Membrane transporters of cations and cationic drugs,K11741,sugE; quaternary ammonium compound-resistance protein SugE,2.A.7.1,Electrochemical potential-driven transporters [TC:2],brite|tcdb|annotation,Inorganic ion transport,True,False,True,True
Alteromonas macleodii HOT1A3,ACZ81_00710,acrA,efflux RND transporter periplasmic adaptor subunit,Belongs to the membrane fusion protein (MFP) (TC 8.A.1) family,K03585,"acrA, mexA, adeI, smeD, mtrC, cmeA; membrane fusion protein, multidrug efflux system",2.A.6.2 ; 8.A.1.6,Accessory factors involved in transport [TC:8],brite|kegg|tcdb|annotation,Cell wall and membrane,True,True,True,True
Alteromonas macleodii HOT1A3,ACZ81_00715,ttgB,efflux RND transporter permease subunit,Efflux pump,K18138 ; K18299,"acrB, mexB, adeJ, smeE, mtrD, cmeB; multidrug efflux pump ; mexF; multidrug efflux pump",2.A.6.2.16,Electrochemical potential-driven transporters [TC:2],brite|kegg|tcdb|annotation,Defense mechanisms,True,True,True,True
Alteromonas macleodii HOT1A3,ACZ81_00775,gstA,glutathione S-transferase,Belongs to the GST superfamily,K00799,"GST, gst; glutathione S-transferase [EC:2.5.1.18]",1.A.12.2.2 ; 1.A.12.3.2,Pores ion channels [TC:1],brite|tcdb,Post-translational modification,True,False,True,False
Alteromonas macleodii HOT1A3,ACZ81_00790,mgtE,magnesium transporter,Mg Co Ni transporter MgtE,K06213,mgtE; magnesium transporter,1.A.26.1,Pores ion channels [TC:1],brite|kegg|tcdb|annotation,Inorganic ion transport,True,True,True,True
Alteromonas macleodii HOT1A3,ACZ81_00795,rarD,EamA family transporter RarD,RarD protein,K05786,rarD; chloramphenicol-sensitive protein RarD,2.A.7.7,Electrochemical potential-driven transporters [TC:2],brite|tcdb|annotation,Unknown,True,False,True,True
Alteromonas macleodii HOT1A3,ACZ81_00870,,ABC transporter substrate-binding protein,Bacterial extracellular solute-binding protein,K02027,ABC.MS.S; multiple sugar transport system substrate-binding protein,3.A.1.1,Putative multiple sugar transporter,brite|kegg|tcdb|annotation,Carbohydrate metabolism,True,True,True,True
Alteromonas macleodii HOT1A3,ACZ81_00930,yegD,Hsp70 family protein,MreB/Mbl protein,K04046,yegD; hypothetical chaperone protein,The Cation Channel-forming Heat Shock Protein-70 (Hsp70) Family,,tcdb,Post-translational modification,False,False,True,False
Alteromonas macleodii HOT1A3,ACZ81_00940,uvrA,excinuclease ABC subunit UvrA,"The UvrABC repair system catalyzes the recognition and processing of DNA lesions. UvrA is an ATPase and a DNA-binding protein. A damage recognition complex composed of 2 UvrA and 2 UvrB subunits scans DNA for abnormalities. When the presence of a lesion has been verified by UvrB, the UvrA molecules dissociate",K03701,uvrA; excinuclease ABC subunit A,,,kegg|annotation,Replication and repair,False,True,False,True
Alteromonas macleodii HOT1A3,ACZ81_00945,yajR,MFS transporter,COG0477 Permeases of the major facilitator superfamily,,,,,annotation,Amino acid metabolism,False,False,False,True
Alteromonas macleodii HOT1A3,ACZ81_00985,sglT,sodium/sugar symporter,Belongs to the sodium solute symporter (SSF) (TC 2.A.21) family,K03307,"TC.SSS; solute:Na+ symporter, SSS family",The Solute:Sodium Symporter (SSS) Family,,kegg|tcdb|annotation,Unknown,False,True,True,True
Alteromonas macleodii HOT1A3,ACZ81_01010,,SLC5 family protein,Belongs to the sodium solute symporter (SSF) (TC 2.A.21) family,K03307,"TC.SSS; solute:Na+ symporter, SSS family",The Solute:Sodium Symporter (SSS) Family,,kegg|tcdb|annotation,Unknown,False,True,True,True
Alteromonas macleodii HOT1A3,ACZ81_01015,,TonB-dependent receptor,TonB-dependent Receptor Plug Domain,,,,,annotation,Inorganic ion transport,False,False,False,True
Alteromonas macleodii HOT1A3,ACZ81_01065,mshL,pilus (MSHA type) biogenesis protein MshL,pilus (MSHA type) biogenesis protein MshL,K12282,mshL; MSHA biogenesis protein MshL,,,annotation,Cell motility,False,False,False,True
Alteromonas macleodii HOT1A3,ACZ81_01085,mshG,type II secretion system F family protein,"Type II secretory pathway, component PulF",K02505 ; K12278,hofC; protein transport protein HofC ; mshG; MSHA biogenesis protein MshG,,,kegg,Cell motility,False,True,False,False
Alteromonas macleodii HOT1A3,ACZ81_01130,mreB,rod shape-determining protein,"Forms membrane-associated dynamic filaments that are essential for cell shape determination. Acts by regulating cell wall synthesis and cell elongation, and thus cell shape. A feedback loop between cell geometry and MreB localization may maintain elongated cell shape by targeting cell wall growth to regions of negative cell wall curvature",K03569,mreB; rod shape-determining protein MreB and related proteins,1.A.33.1 ; 9.B.157.1,,tcdb,Cell cycle and division,False,False,True,False
Alteromonas macleodii HOT1A3,ACZ81_01135,mreC,rod shape-determining protein MreC,Involved in formation and maintenance of cell shape,K03570,mreC; rod shape-determining protein MreC,9.B.157.1,,tcdb,Cell wall and membrane,False,False,True,False
Alteromonas macleodii HOT1A3,ACZ81_01140,mreD,rod shape-determining protein MreD,Involved in formation of the rod shape of the cell. May also contribute to regulation of formation of penicillin-binding proteins,K03571,mreD; rod shape-determining protein MreD,9.B.157.1,,tcdb,Cell wall and membrane,False,False,True,False
Alteromonas macleodii HOT1A3,ACZ81_01375,czcA,efflux RND transporter permease subunit,AcrB/AcrD/AcrF family,K15726,"czcA, cusA, cnrA; heavy metal efflux system protein",2.A.6.1.2,Electrochemical potential-driven transporters [TC:2],brite|kegg|tcdb|annotation,Inorganic ion transport,True,True,True,True
Alteromonas macleodii HOT1A3,ACZ81_01380,czcB,efflux RND transporter periplasmic adaptor subunit,COG0845 Membrane-fusion protein,K15727,"czcB, cusB, cnrB; membrane fusion protein, heavy metal efflux system",8.A.1.2.1,Accessory factors involved in transport [TC:8],brite|kegg|tcdb|annotation,Cell wall and membrane,True,True,True,True
Alteromonas macleodii HOT1A3,ACZ81_01385,czcC,TolC family protein,Outer membrane efflux protein,K15725,"czcC, cusC, cnrC; outer membrane protein, heavy metal efflux system",1.B.17.2.2,Pores ion channels [TC:1],brite|kegg|tcdb|annotation,Cell wall and membrane,True,True,True,True
Alteromonas macleodii HOT1A3,ACZ81_01515,,TonB-dependent receptor,"COG1629 Outer membrane receptor proteins, mostly Fe transport",,,,,annotation,Inorganic ion transport,False,False,False,True
Alteromonas macleodii HOT1A3,ACZ81_01525,,MFS transporter,Major Facilitator Superfamily,,,,,annotation,Carbohydrate metabolism,False,False,False,True
Alteromonas macleodii HOT1A3,ACZ81_01540,,DMT family transporter,Transporter,,,,,annotation,Amino acid metabolism,False,False,False,True
Alteromonas macleodii HOT1A3,ACZ81_01580,,nucleoside permease,LacY proton/sugar symporter,K05820,"hcaT; MFS transporter, PPP family, 3-phenylpropionic acid transporter",2.A.1.27,Phenylproprionate permease (PPP) family [TC:2.A.1.27],brite|kegg|tcdb|annotation,Amino acid metabolism,True,True,True,True
Alteromonas macleodii HOT1A3,ACZ81_01730,nhaP,cation:proton antiporter,Belongs to the monovalent cation proton antiporter 2 (CPA2) transporter (TC 2.A.37) family,K03316,"nhaP, nhaS1, nhaS2; Na+:H+ antiporter",The Monovalent Cation:Proton Antiporter-1 (CPA1) Family,Electrochemical potential-driven transporters [TC:2],brite|kegg|tcdb|annotation,Inorganic ion transport,True,True,True,True
Alteromonas macleodii HOT1A3,ACZ81_01830,amtB,ammonium transporter,Ammonium transporter,K03320,"amt, AMT, MEP; ammonium transporter, Amt family",The Ammonium Transporter Channel (Amt) Family,Pores ion channels [TC:1],brite|kegg|tcdb|annotation,Inorganic ion transport,True,True,True,True
Alteromonas macleodii HOT1A3,ACZ81_01865,,efflux RND transporter periplasmic adaptor subunit,Belongs to the membrane fusion protein (MFP) (TC 8.A.1) family,K21136,"triA; membrane fusion protein, multidrug efflux system",2.A.6.2.27 ; The Membrane Fusion Protein (MFP) Family,Accessory factors involved in transport [TC:8],brite|kegg|tcdb|annotation,Cell wall and membrane,True,True,True,True
Alteromonas macleodii HOT1A3,ACZ81_01870,,efflux RND transporter permease subunit,Belongs to the resistance-nodulation-cell division (RND) (TC 2.A.6) family,,,,,annotation,Defense mechanisms,False,False,False,True
Alteromonas macleodii HOT1A3,ACZ81_01975,pilQ,type IV pilus secretin PilQ,"COG4796 Type II secretory pathway, component HofQ",K02507 ; K02666,hofQ; protein transport protein HofQ ; pilQ; type IV pilus assembly protein PilQ,3.A.15.2,,kegg|tcdb|annotation,Intracellular trafficking,False,True,True,True
Alteromonas macleodii HOT1A3,ACZ81_02120,pvdR,efflux RND transporter periplasmic adaptor subunit,Belongs to the membrane fusion protein (MFP) (TC 8.A.1) family,K02005 ; K13888,"ABC.CD.TX; HlyD family secretion protein ; macA; membrane fusion protein, macrolide-specific efflux system",The Membrane Fusion Protein (MFP) Family,Accessory factors involved in transport [TC:8],brite|kegg|tcdb|annotation,Cell wall and membrane,True,True,True,True
Alteromonas macleodii HOT1A3,ACZ81_02125,macB,MacB family efflux pump subunit,"Part of the tripartite efflux system MacAB-TolC. MacB is a non-canonical ABC transporter that contains transmembrane domains (TMD), which form a pore in the inner membrane, and an ATP-binding domain (NBD), which is responsible for energy generation. Confers resistance against macrolides",K02003 ; K05685,ABC.CD.A; putative ABC transport system ATP-binding protein ; macB; macrolide transport system ATP-binding/permease protein [EC:7.6.2.-],The ATP-binding Cassette (ABC) Superfamily ; 3.A.1.122.1 ; 3.A.1.122.12,Macrolide exporter ; Putative ABC transporter,brite|kegg|tcdb|annotation,Defense mechanisms,True,True,True,True
Alteromonas macleodii HOT1A3,ACZ81_02130,,TolC family protein,Outer membrane efflux protein,,,,,annotation,Cell wall and membrane,False,False,False,True
Alteromonas macleodii HOT1A3,ACZ81_02150,secB,protein-export chaperone SecB,"One of the proteins required for the normal export of preproteins out of the cell cytoplasm. It is a molecular chaperone that binds to a subset of precursor proteins, maintaining them in a translocation-competent state. It also specifically binds to its receptor SecA",K03071,secB; preprotein translocase subunit SecB,The General Secretory Pathway (Sec) Family,,kegg|tcdb|annotation,Intracellular trafficking,False,True,True,True
Alteromonas macleodii HOT1A3,ACZ81_02185,,DMT family transporter,COG0697 Permeases of the drug metabolite transporter (DMT) superfamily,,,,,annotation,Amino acid metabolism,False,False,False,True
Alteromonas macleodii HOT1A3,ACZ81_02215,,TonB-dependent receptor domain-containing protein,TonB dependent receptor,,,,,annotation,Cell wall and membrane,False,False,False,True
Alteromonas macleodii HOT1A3,ACZ81_02250,tatA,Sec-independent protein translocase subunit TatA,Part of the twin-arginine translocation (Tat) system that transports large folded proteins containing a characteristic twin-arginine motif in their signal peptide across membranes. TatA could form the protein-conducting channel of the Tat system,K03116 ; K03425,tatA; sec-independent protein translocase protein TatA ; tatE; sec-independent protein translocase protein TatE,The Twin Arginine Targeting (Tat) Family,,kegg|tcdb|annotation,Intracellular trafficking,False,True,True,True
Alteromonas macleodii HOT1A3,ACZ81_02255,tatB,Sec-independent protein translocase protein TatB,"Part of the twin-arginine translocation (Tat) system that transports large folded proteins containing a characteristic twin-arginine motif in their signal peptide across membranes. Together with TatC, TatB is part of a receptor directly interacting with Tat signal peptides. TatB may form an oligomeric binding site that transiently accommodates folded Tat precursor proteins before their translocation",K03117,tatB; sec-independent protein translocase protein TatB,The Twin Arginine Targeting (Tat) Family,,kegg|tcdb|annotation,Intracellular trafficking,False,True,True,True
Alteromonas macleodii HOT1A3,ACZ81_02260,tatC,twin-arginine translocase subunit TatC,"Part of the twin-arginine translocation (Tat) system that transports large folded proteins containing a characteristic twin-arginine motif in their signal peptide across membranes. Together with TatB, TatC is part of a receptor directly interacting with Tat signal peptides",K03118,tatC; sec-independent protein translocase protein TatC,The Twin Arginine Targeting (Tat) Family,,kegg|tcdb|annotation,Intracellular trafficking,False,True,True,True
Alteromonas macleodii HOT1A3,ACZ81_02315,nhaA,Na+/H+ antiporter NhaA,Na(+)/H(+) antiporter that extrudes sodium in exchange for external protons,K03313,"nhaA; Na+:H+ antiporter, NhaA family",2.A.33.1,Electrochemical potential-driven transporters [TC:2],brite|kegg|tcdb|annotation,Inorganic ion transport,True,True,True,True
Alteromonas macleodii HOT1A3,ACZ81_02410,mleN,Na+/H+ antiporter NhaC family protein,Na H antiporter,,,,,annotation,Energy production,False,False,False,True
Alteromonas macleodii HOT1A3,ACZ81_02420,,mechanosensitive ion channel family protein,Mechanosensitive ion channel,,,,,annotation,Cell wall and membrane,False,False,False,True
Alteromonas macleodii HOT1A3,ACZ81_02460,,TonB-dependent receptor,phosphate-selective porin O and P,,,,,annotation,Inorganic ion transport,False,False,False,True
Alteromonas macleodii HOT1A3,ACZ81_02465,,substrate-binding periplasmic protein,ABC transporter,K02030,ABC.PA.S; polar amino acid transport system substrate-binding protein,3.A.1.3,Putative polar amino acid transporter,brite|kegg|tcdb|annotation,Amino acid metabolism,True,True,True,True
Alteromonas macleodii HOT1A3,ACZ81_02475,,NRAMP family divalent metal transporter,COG1914 Mn2 and Fe2 transporters of the NRAMP family,,,,,annotation,Inorganic ion transport,False,False,False,True
Alteromonas macleodii HOT1A3,ACZ81_02490,dgdR,LysR family transcriptional regulator,Transcriptional regulator,,,,,annotation,Transcription,False,False,False,True
Alteromonas macleodii HOT1A3,ACZ81_02510,,YnfA family protein,UPF0060 membrane protein,K09771,TC.SMR3; small multidrug resistance family-3 protein,2.A.7.26,Electrochemical potential-driven transporters [TC:2],brite|tcdb,Unknown,True,False,True,False
Alteromonas macleodii HOT1A3,ACZ81_02675,,ZIP family metal transporter,divalent heavy-metal cations transporter,K07238,"TC.ZIP, zupT, ZRT3, ZIP2; zinc transporter, ZIP family",2.A.5.5,Electrochemical potential-driven transporters [TC:2],brite|kegg|tcdb|annotation,Inorganic ion transport,True,True,True,True
Alteromonas macleodii HOT1A3,ACZ81_02730,nlpD,peptidoglycan DD-metalloendopeptidase family protein,COG0739 Membrane proteins related to metalloendopeptidases,K06194,nlpD; lipoprotein NlpD,1.A.34.1.2,,tcdb,Cell cycle and division,False,False,True,False
Alteromonas macleodii HOT1A3,ACZ81_02820,ptsP,phosphoenolpyruvate--protein phosphotransferase,Belongs to the PEP-utilizing enzyme family,K08483 ; K08484,"ptsI; phosphoenolpyruvate-protein phosphotransferase (PTS system enzyme I) [EC:2.7.3.9] ; ptsP; phosphotransferase system, enzyme I, PtsP [EC:2.7.3.9]",The Phosphotransferase System Enzyme I (EI) Family,Enzyme I [TC:8.A.7],brite|kegg|tcdb,Signal transduction,True,True,True,False
Alteromonas macleodii HOT1A3,ACZ81_02825,,sulfite exporter TauE/SafE family protein,membrane transporter protein,K07090,K07090; uncharacterized protein,,,annotation,Unknown,False,False,False,True
Alteromonas macleodii HOT1A3,ACZ81_02855,ampG,AmpG family muropeptide MFS transporter,COG0477 Permeases of the major facilitator superfamily,K08218,"ampG; MFS transporter, PAT family, beta-lactamase induction signal transducer AmpG",2.A.1.25,Peptide-acetyl-CoA transporter (PAT) [TC:2.A.1.25],brite|kegg|tcdb|annotation,Carbohydrate metabolism,True,True,True,True
Alteromonas macleodii HOT1A3,ACZ81_02940,,ion transporter,COG1226 Kef-type K transport systems,K08714,VGSC; voltage-gated sodium channel,1.A.1.14,Pores ion channels [TC:1],brite|kegg|tcdb|annotation,Inorganic ion transport,True,True,True,True
Alteromonas macleodii HOT1A3,ACZ81_02945,tolC,outer membrane channel protein TolC,COG1538 Outer membrane protein,K12340,"tolC, bepC, cyaE, raxC, sapF, rsaF, hasF; outer membrane protein",The Outer Membrane Factor (OMF) Family ; 2.A.6.2,Pores ion channels [TC:1],brite|tcdb|annotation,Cell wall and membrane,True,False,True,True
Alteromonas macleodii HOT1A3,ACZ81_02990,,Hsp70 family protein,Heat shock 70 kDa protein,K04043,"dnaK, HSPA9; molecular chaperone DnaK",1.A.33.1,,tcdb,Post-translational modification,False,False,True,False
Alteromonas macleodii HOT1A3,ACZ81_03055,,TonB-dependent receptor,"COG1629 Outer membrane receptor proteins, mostly Fe transport",K02014,TC.FEV.OM; iron complex outermembrane recepter protein,The Outer Membrane Receptor (OMR) Family,Pores ion channels [TC:1],brite|tcdb|annotation,Coenzyme metabolism,True,False,True,True
Alteromonas macleodii HOT1A3,ACZ81_03115,,SulP family inorganic anion transporter,COG0659 Sulfate permease and related transporters (MFS superfamily),K03321,"TC.SULP; sulfate permease, SulP family",2.A.53.3,Electrochemical potential-driven transporters [TC:2],brite|kegg|tcdb|annotation,Inorganic ion transport,True,True,True,True
Alteromonas macleodii HOT1A3,ACZ81_03160,nrtC,CmpA/NrtA family ABC transporter substrate-binding protein,"COG0715 ABC-type nitrate sulfonate bicarbonate transport systems, periplasmic components",K15576,"nrtA, nasF, cynA; nitrate/nitrite transport system substrate-binding protein",3.A.1.16.1 ; 3.A.1.16.2,Nitrate/nitrite transporter,brite|kegg|tcdb|annotation,Inorganic ion transport,True,True,True,True
Alteromonas macleodii HOT1A3,ACZ81_03165,nrtB,ABC transporter permease,"ABC-type nitrate sulfonate bicarbonate transport system, permease component",K15577,"nrtB, nasE, cynB; nitrate/nitrite transport system permease protein",3.A.1.16.1 ; 3.A.1.16.2,Nitrate/nitrite transporter,brite|kegg|tcdb|annotation,Inorganic ion transport,True,True,True,True
Alteromonas macleodii HOT1A3,ACZ81_03170,nasD,ABC transporter ATP-binding protein,"COG1116 ABC-type nitrate sulfonate bicarbonate transport system, ATPase component",K15578,"nrtC, nasD; nitrate/nitrite transport system ATP-binding protein [EC:7.3.2.4]",3.A.1.16.1,Nitrate/nitrite transporter,brite|kegg|tcdb|annotation,Inorganic ion transport,True,True,True,True
Alteromonas macleodii HOT1A3,ACZ81_03190,btuB,TonB-dependent receptor plug domain-containing protein,Outer membrane cobalamin receptor protein,K16092,btuB; vitamin B12 transporter,1.B.14.3,Pores ion channels [TC:1],brite|kegg|tcdb|annotation,Coenzyme metabolism,True,True,True,True
Alteromonas macleodii HOT1A3,ACZ81_03245,,efflux RND transporter periplasmic adaptor subunit,Belongs to the membrane fusion protein (MFP) (TC 8.A.1) family,K03585,"acrA, mexA, adeI, smeD, mtrC, cmeA; membrane fusion protein, multidrug efflux system",2.A.6.2 ; 8.A.1.6,Accessory factors involved in transport [TC:8],brite|kegg|tcdb|annotation,Cell wall and membrane,True,True,True,True
Alteromonas macleodii HOT1A3,ACZ81_03250,acrF,efflux RND transporter permease subunit,Belongs to the resistance-nodulation-cell division (RND) (TC 2.A.6) family,K18138,"acrB, mexB, adeJ, smeE, mtrD, cmeB; multidrug efflux pump",2.A.6.2,Electrochemical potential-driven transporters [TC:2],brite|kegg|tcdb|annotation,Defense mechanisms,True,True,True,True
Alteromonas macleodii HOT1A3,ACZ81_03255,,type 2 periplasmic-binding domain-containing protein,Phosphate ABC transporter substrate-binding protein,,,,,annotation,Inorganic ion transport,False,False,False,True
Alteromonas macleodii HOT1A3,ACZ81_03335,benE,benzoate/H(+) symporter BenE family transporter,protein involved in benzoate metabolism,K05782,benE; benzoate membrane transport protein,2.A.46.1,Electrochemical potential-driven transporters [TC:2],brite|kegg|tcdb|annotation,Secondary metabolites,True,True,True,True
Alteromonas macleodii HOT1A3,ACZ81_03365,pstS,PstS family phosphate ABC transporter substrate-binding protein,"COG0226 ABC-type phosphate transport system, periplasmic component",K02040,pstS; phosphate transport system substrate-binding protein,3.A.1.7,Phosphate transporter,brite|kegg|tcdb|annotation,Inorganic ion transport,True,True,True,True
Alteromonas macleodii HOT1A3,ACZ81_03375,,TonB-dependent receptor domain-containing protein,"COG1629 Outer membrane receptor proteins, mostly Fe transport",,,,,annotation,Inorganic ion transport,False,False,False,True
Alteromonas macleodii HOT1A3,ACZ81_03385,,MotA/TolQ/ExbB proton channel family protein,MotA TolQ ExbB proton channel,K03561,exbB; biopolymer transport protein ExbB,1.A.30.2.1,Pores ion channels [TC:1],brite|kegg|tcdb|annotation,Intracellular trafficking,True,True,True,True
Alteromonas macleodii HOT1A3,ACZ81_03390,,MotA/TolQ/ExbB proton channel family protein,MotA/TolQ/ExbB proton channel family,K03561,exbB; biopolymer transport protein ExbB,1.A.30.2.1,Pores ion channels [TC:1],brite|kegg|tcdb|annotation,Intracellular trafficking,True,True,True,True
Alteromonas macleodii HOT1A3,ACZ81_03395,,ExbD/TolR family protein,Biopolymer transport protein,K03559,exbD; biopolymer transport protein ExbD,1.A.30.2.1,Pores ion channels [TC:1],brite|kegg|tcdb|annotation,Intracellular trafficking,True,True,True,True
Alteromonas macleodii HOT1A3,ACZ81_03400,,energy transducer TonB,"Interacts with outer membrane receptor proteins that carry out high-affinity binding and energy dependent uptake into the periplasmic space of specific substrates. It could act to transduce energy from the cytoplasmic membrane to specific energy- requiring processes in the outer membrane, resulting in the release into the periplasm of ligands bound by these outer membrane proteins",K03832,tonB; periplasmic protein TonB,2.C.1.1,Electrochemical potential-driven transporters [TC:2],brite|kegg|tcdb|annotation,Cell wall and membrane,True,True,True,True
Alteromonas macleodii HOT1A3,ACZ81_03420,,AMP-binding protein,AMP-binding enzyme C-terminal domain,K01897,"ACSL, fadD; long-chain-fatty-acid---CoA ligase [EC:6.2.1.3]",4.C.1.1,,tcdb,Lipid metabolism,False,False,True,False
Alteromonas macleodii HOT1A3,ACZ81_03495,apaG,Co2+/Mg2+ efflux protein ApaG,protein affecting Mg2 Co2 transport,K06195,apaG; ApaG protein,,,annotation,Inorganic ion transport,False,False,False,True
Alteromonas macleodii HOT1A3,ACZ81_03515,lptD,LPS assembly protein LptD,"Together with LptE, is involved in the assembly of lipopolysaccharide (LPS) at the surface of the outer membrane",K04744,"lptD, imp, ostA; LPS-assembly protein",1.B.42.1,Pores ion channels [TC:1],brite|tcdb,Cell wall and membrane,True,False,True,False
Alteromonas macleodii HOT1A3,ACZ81_03535,dsbC,bifunctional protein-disulfide isomerase/oxidoreductase DsbC,Required for disulfide bond formation in some periplasmic proteins. Acts by transferring its disulfide bond to other proteins and is reduced in the process,K03981,dsbC; thiol:disulfide interchange protein DsbC [EC:5.3.4.1],3.A.7.11.1,,tcdb,Cell wall and membrane,False,False,True,False
Alteromonas macleodii HOT1A3,ACZ81_03640,,hypothetical protein,)-iron permease,K07243,"FTR, FTH1, efeU; high-affinity iron transporter",2.A.108.1 ; 2.A.108.2,Electrochemical potential-driven transporters [TC:2],brite|kegg|tcdb|annotation,Inorganic ion transport,True,True,True,True
Alteromonas macleodii HOT1A3,ACZ81_03660,,hypothetical protein,ABC-type amino acid transport signal transduction systems periplasmic component domain,,,,,annotation,Amino acid metabolism,False,False,False,True
Alteromonas macleodii HOT1A3,ACZ81_03690,sspA,stringent starvation protein SspA,Glutathione S-transferase,K03599,"sspA, mglA; stringent starvation protein A",1.A.12.3.1,Pores ion channels [TC:1],brite|tcdb,Post-translational modification,True,False,True,False
Alteromonas macleodii HOT1A3,ACZ81_03715,mgtE,magnesium transporter,Acts as a magnesium transporter,K06213,mgtE; magnesium transporter,1.A.26.1,Pores ion channels [TC:1],brite|kegg|tcdb|annotation,Inorganic ion transport,True,True,True,True
Alteromonas macleodii HOT1A3,ACZ81_03720,ptsO,HPr family phosphocarrier protein,"COG1925 Phosphotransferase system, HPr-related proteins",K08485 ; K11189,"ptsO, npr; phosphocarrier protein NPr ; K11189",4.A.2.1,Phosphocarrier protein HPr [TC:8.A.8],brite|tcdb,Carbohydrate metabolism,True,False,True,False
Alteromonas macleodii HOT1A3,ACZ81_03730,ptsN,PTS IIA-like nitrogen regulatory protein PtsN,COG1762 Phosphotransferase system mannitol fructose-specific IIA domain (Ntr-type),K02806,ptsN; nitrogen PTS system EIIA component [EC:2.7.1.-],,Nitrogen regulatory II component,brite|kegg,Carbohydrate metabolism,True,True,False,False
Alteromonas macleodii HOT1A3,ACZ81_03745,lptB,LPS export ABC transporter ATP-binding protein,Part of the ABC transporter complex LptBFG involved in the translocation of lipopolysaccharide (LPS) from the inner membrane to the outer membrane. Probably responsible for energy coupling to the transport system,K06861,lptB; lipopolysaccharide export system ATP-binding protein [EC:7.5.2.5],1.B.42.1,Lipopolysaccharide transporter ; Pores ion channels [TC:1],brite|tcdb|annotation,Unknown,True,False,True,True
Alteromonas macleodii HOT1A3,ACZ81_03750,lptA,lipopolysaccharide transport periplasmic protein LptA,"Involved in the assembly of lipopolysaccharide (LPS). Required for the translocation of LPS from the inner membrane to the outer membrane. May form a bridge between the inner membrane and the outer membrane, via interactions with LptC and LptD, thereby facilitating LPS transfer across the periplasm",K09774,lptA; lipopolysaccharide export system protein LptA,1.B.42.1,Pores ion channels [TC:1],brite|tcdb|annotation,Unknown,True,False,True,True
Alteromonas macleodii HOT1A3,ACZ81_03755,lptC,LPS export ABC transporter periplasmic protein LptC,Involved in the assembly of lipopolysaccharide (LPS). Required for the translocation of LPS from the inner membrane to the outer membrane. Facilitates the transfer of LPS from the inner membrane to the periplasmic protein LptA. Could be a docking site for LptA. ; FUNCTION: Required for the translocation of lipopolysaccharide (LPS) from the inner membrane to the outer membrane,K11719,lptC; lipopolysaccharide export system protein LptC,1.B.42.1,Pores ion channels [TC:1],brite|tcdb|annotation,Unknown,True,False,True,True
Alteromonas macleodii HOT1A3,ACZ81_03770,yrbG,calcium/sodium antiporter,COG0530 Ca2 Na antiporter,K07301,yrbG; cation:H+ antiporter,2.A.19.5,Electrochemical potential-driven transporters [TC:2],brite|kegg|tcdb|annotation,Inorganic ion transport,True,True,True,True
Alteromonas macleodii HOT1A3,ACZ81_03775,mlaF,phospholipid ABC transporter ATP-binding protein MlaF,"ABC-type transport system involved in resistance to organic solvents, ATPase component",K02065,"mlaF, linL, mkl; phospholipid/cholesterol/gamma-HCH transport system ATP-binding protein",3.A.1.27,gamma-Hexachlorocyclohexane transporter ; Phospholipid transporter ; Mce system transporter,brite|kegg|tcdb|annotation,Secondary metabolites,True,True,True,True
Alteromonas macleodii HOT1A3,ACZ81_03780,mlaE,lipid asymmetry maintenance ABC transporter permease subunit MlaE,"Part of the ABC transporter complex MlaFEDB, which is involved in a phospholipid transport pathway that maintains lipid asymmetry in the outer membrane by retrograde trafficking of phospholipids from the outer membrane to the inner membrane. Probably responsible for the translocation of the substrate across the membrane",K02066,"mlaE, linK; phospholipid/cholesterol/gamma-HCH transport system permease protein",3.A.1.27,gamma-Hexachlorocyclohexane transporter ; Phospholipid transporter ; Mce system transporter,brite|kegg|tcdb|annotation,Secondary metabolites,True,True,True,True
Alteromonas macleodii HOT1A3,ACZ81_03785,mlaD,outer membrane lipid asymmetry maintenance protein MlaD,"ABC-type transport system involved in resistance to organic solvents, periplasmic component",K02067,"mlaD, linM; phospholipid/cholesterol/gamma-HCH transport system substrate-binding protein",3.A.1.27,gamma-Hexachlorocyclohexane transporter ; Phospholipid transporter ; Mce system transporter,brite|kegg|tcdb|annotation,Secondary metabolites,True,True,True,True
Alteromonas macleodii HOT1A3,ACZ81_03790,ttg2D,MlaC/ttg2D family ABC transporter substrate-binding protein,"ABC-type transport system involved in resistance to organic solvents, auxiliary component",K07323,mlaC; phospholipid transport system substrate-binding protein,3.A.1.27.3,Phospholipid transporter,brite|kegg|tcdb|annotation,Secondary metabolites,True,True,True,True
Alteromonas macleodii HOT1A3,ACZ81_03795,yrbB,STAS domain-containing protein,NTP binding protein (Contains STAS domain),K07122,mlaB; phospholipid transport system transporter-binding protein,3.A.1.27.3,Phospholipid transporter,brite|kegg|tcdb,Unknown,True,True,True,False
Alteromonas macleodii HOT1A3,ACZ81_03890,secD,protein translocase subunit SecD,Part of the Sec protein translocase complex. Interacts with the SecYEG preprotein conducting channel. SecDF uses the proton motive force (PMF) to complete protein translocation after the ATP-dependent function of SecA,K12257,secDF; SecD/SecF fusion protein,2.A.6.4,,tcdb|annotation,Intracellular trafficking,False,False,True,True
Alteromonas macleodii HOT1A3,ACZ81_03895,nhaP2,potassium/proton antiporter,COG3263 NhaP-type Na H and K H antiporters with a unique C-terminal domain,K11105,"cvrA, nhaP2; potassium/hydrogen antiporter",2.A.36.6,Electrochemical potential-driven transporters [TC:2],brite|kegg|tcdb|annotation,Inorganic ion transport,True,True,True,True
Alteromonas macleodii HOT1A3,ACZ81_03900,,TonB-dependent receptor,TonB dependent receptor,,,,,annotation,Inorganic ion transport,False,False,False,True
Alteromonas macleodii HOT1A3,ACZ81_03905,ywfM,DMT family transporter,EamA-like transporter family,K03298,"TC.DME; drug/metabolite transporter, DME family",2.A.7.3,Electrochemical potential-driven transporters [TC:2],brite|kegg|tcdb|annotation,Amino acid metabolism,True,True,True,True
Alteromonas macleodii HOT1A3,ACZ81_03910,,substrate-binding periplasmic protein,"Bacterial extracellular solute-binding proteins, family 3",,,,,annotation,Amino acid metabolism,False,False,False,True
Alteromonas macleodii HOT1A3,ACZ81_03920,,ABC transporter substrate-binding protein,"COG0683 ABC-type branched-chain amino acid transport systems, periplasmic component",K01999,livK; branched-chain amino acid transport system substrate-binding protein,3.A.1.4,Branched-chain amino acid transporter,brite|kegg|tcdb|annotation,Amino acid metabolism,True,True,True,True
Alteromonas macleodii HOT1A3,ACZ81_03990,,efflux RND transporter periplasmic adaptor subunit,Belongs to the membrane fusion protein (MFP) (TC 8.A.1) family,K03585,"acrA, mexA, adeI, smeD, mtrC, cmeA; membrane fusion protein, multidrug efflux system",2.A.6.2 ; 8.A.1.6,Accessory factors involved in transport [TC:8],brite|kegg|tcdb|annotation,Cell wall and membrane,True,True,True,True
Alteromonas macleodii HOT1A3,ACZ81_03995,,efflux RND transporter permease subunit,Belongs to the resistance-nodulation-cell division (RND) (TC 2.A.6) family,K03296,"TC.HAE1; hydrophobic/amphiphilic exporter-1 (mainly G- bacteria), HAE1 family",2.A.6.2,,kegg|tcdb|annotation,Defense mechanisms,False,True,True,True
Alteromonas macleodii HOT1A3,ACZ81_04000,nodT,TolC family protein,"RND efflux system, outer membrane lipoprotein",K18139,"oprM, emhC, ttgC, cusC, adeK, smeF, mtrE, cmeC, gesC; outer membrane protein, multidrug efflux system",The Outer Membrane Factor (OMF) Family ; 2.A.6.2,Pores ion channels [TC:1],brite|kegg|tcdb|annotation,Cell wall and membrane,True,True,True,True
Alteromonas macleodii HOT1A3,ACZ81_04030,pstC,ABC transporter permease subunit,"transport system, permease component",K02037,pstC; phosphate transport system permease protein,3.A.1.7,Phosphate transporter,brite|kegg|tcdb|annotation,Inorganic ion transport,True,True,True,True
Alteromonas macleodii HOT1A3,ACZ81_04035,pstA,phosphate ABC transporter permease PstA,Phosphate transport system permease,K02038,pstA; phosphate transport system permease protein,3.A.1.7,Phosphate transporter,brite|kegg|tcdb|annotation,Inorganic ion transport,True,True,True,True
Alteromonas macleodii HOT1A3,ACZ81_04040,pstB,phosphate ABC transporter ATP-binding protein PstB,Part of the ABC transporter complex PstSACB involved in phosphate import. Responsible for energy coupling to the transport system,K02036,pstB; phosphate transport system ATP-binding protein [EC:7.3.2.1],3.A.1.7,Phosphate transporter,brite|kegg|tcdb|annotation,Inorganic ion transport,True,True,True,True
Alteromonas macleodii HOT1A3,ACZ81_04045,phoU,phosphate signaling complex protein PhoU,Plays a role in the regulation of phosphate uptake,K02039,phoU; phosphate transport system protein,,,kegg,Inorganic ion transport,False,True,False,False
Alteromonas macleodii HOT1A3,ACZ81_04050,pitA,inorganic phosphate transporter,COG0306 Phosphate sulphate permeases,K03306,"TC.PIT; inorganic phosphate transporter, PiT family",The Inorganic Phosphate Transporter (PiT) Family,,kegg|tcdb|annotation,Inorganic ion transport,False,True,True,True
Alteromonas macleodii HOT1A3,ACZ81_04060,oxyR,hydrogen peroxide-inducible genes activator,Transcriptional regulator,K04761,"oxyR; LysR family transcriptional regulator, hydrogen peroxide-inducible genes activator",,,annotation,Transcription,False,False,False,True
Alteromonas macleodii HOT1A3,ACZ81_04155,sstT,serine/threonine transporter SstT,"Involved in the import of serine and threonine into the cell, with the concomitant import of sodium (symport system)",K07862,sstT; serine/threonine transporter,2.A.23.4,Electrochemical potential-driven transporters [TC:2],brite|kegg|tcdb|annotation,Amino acid metabolism,True,True,True,True
Alteromonas macleodii HOT1A3,ACZ81_04190,,MipA/OmpV family protein,MltA-interacting protein MipA,K07274,"mipA, ompV; MipA family protein",9.B.99.1,Pores ion channels [TC:1],brite|tcdb,Cell wall and membrane,True,False,True,False
Alteromonas macleodii HOT1A3,ACZ81_04210,ybiT,ABC-F family ATPase,COG0488 ATPase components of ABC transporters with duplicated ATPase domains,,,,,annotation,Unknown,False,False,False,True
Alteromonas macleodii HOT1A3,ACZ81_04225,,mechanosensitive ion channel family protein,Mechanosensitive ion channel,K16052,"ynaI, mscMJ; MscS family membrane protein",1.A.23.4,Pores ion channels [TC:1],brite|tcdb|annotation,Cell wall and membrane,True,False,True,True
Alteromonas macleodii HOT1A3,ACZ81_04240,,TonB-dependent receptor domain-containing protein,Outer membrane receptor for ferrienterochelin and colicins,K16089,"TC.FEV.OM2, cirA, cfrA, hmuR; outer membrane receptor for ferrienterochelin and colicins",1.B.14.1 ; 1.B.14.10,Pores ion channels [TC:1],brite|tcdb|annotation,Inorganic ion transport,True,False,True,True
Alteromonas macleodii HOT1A3,ACZ81_04245,yhiI,HlyD family secretion protein,Biotin-lipoyl like,K01993,ABC-2.TX; HlyD family secretion protein,,,kegg,Cell wall and membrane,False,True,False,False
Alteromonas macleodii HOT1A3,ACZ81_04250,rbbA,ribosome-associated ATPase/putative transporter RbbA,"ABC-type multidrug transport system, ATPase component",K13926,rbbA; ribosome-dependent ATPase,,,annotation,Defense mechanisms,False,False,False,True
Alteromonas macleodii HOT1A3,ACZ81_04255,yhhJ,ABC transporter permease,"ABC-type multidrug transport system, permease component",K01992,ABC-2.P; ABC-2 type transport system permease protein,The ATP-binding Cassette (ABC) Superfamily,ABC-2 type transporter,brite|kegg|tcdb|annotation,Defense mechanisms,True,True,True,True
Alteromonas macleodii HOT1A3,ACZ81_04260,,MFS transporter,COG0477 Permeases of the major facilitator superfamily,K07552 ; K08154,"bcr, tcaB; MFS transporter, DHA1 family, multidrug resistance protein ; emrD; MFS transporter, DHA1 family, 2-module integral membrane pump EmrD",2.A.1.2.9,Drug:H+ antiporter-1 (12 spanner) (DHA1) family [TC:2.A.1.2],brite|kegg|tcdb|annotation,Amino acid metabolism,True,True,True,True
Alteromonas macleodii HOT1A3,ACZ81_04290,czcC,TolC family protein,Outer membrane efflux protein,K15725,"czcC, cusC, cnrC; outer membrane protein, heavy metal efflux system",1.B.17.2.2,Pores ion channels [TC:1],brite|kegg|tcdb|annotation,Cell wall and membrane,True,True,True,True
Alteromonas macleodii HOT1A3,ACZ81_04295,czcB,efflux RND transporter periplasmic adaptor subunit,PFAM biotin lipoyl attachment domain-containing protein,K15727,"czcB, cusB, cnrB; membrane fusion protein, heavy metal efflux system",8.A.1.2.1,Accessory factors involved in transport [TC:8],brite|kegg|tcdb|annotation,Cell wall and membrane,True,True,True,True
Alteromonas macleodii HOT1A3,ACZ81_04300,czcA,efflux RND transporter permease subunit,Belongs to the resistance-nodulation-cell division (RND) (TC 2.A.6) family,K15726,"czcA, cusA, cnrA; heavy metal efflux system protein",2.A.6.1.2,Electrochemical potential-driven transporters [TC:2],brite|kegg|tcdb|annotation,Inorganic ion transport,True,True,True,True
Alteromonas macleodii HOT1A3,ACZ81_04320,,efflux RND transporter periplasmic adaptor subunit,Belongs to the membrane fusion protein (MFP) (TC 8.A.1) family,,,,,annotation,Cell wall and membrane,False,False,False,True
Alteromonas macleodii HOT1A3,ACZ81_04325,,efflux RND transporter permease subunit,Belongs to the resistance-nodulation-cell division (RND) (TC 2.A.6) family,K03296,"TC.HAE1; hydrophobic/amphiphilic exporter-1 (mainly G- bacteria), HAE1 family",2.A.6.2,,kegg|tcdb|annotation,Defense mechanisms,False,True,True,True
Alteromonas macleodii HOT1A3,ACZ81_04350,,YeeE/YedE family protein,Transporter component,K07112,K07112; uncharacterized protein,,,annotation,Unknown,False,False,False,True
Alteromonas macleodii HOT1A3,ACZ81_04355,,DUF6691 family protein,Transporter component,K07112,K07112; uncharacterized protein,,,annotation,Unknown,False,False,False,True
Alteromonas macleodii HOT1A3,ACZ81_04365,,sulfite exporter TauE/SafE family protein,Sulfite exporter TauE/SafE,K07090,K07090; uncharacterized protein,,,annotation,Unknown,False,False,False,True
Alteromonas macleodii HOT1A3,ACZ81_04470,,CidA/LrgA family protein,LrgA family,K06518,cidA; holin-like protein,1.E.14.2,Pores ion channels [TC:1],brite|tcdb,Unknown,True,False,True,False
Alteromonas macleodii HOT1A3,ACZ81_04540,gspA,ExeA family protein,"COG3267 Type II secretory pathway, component ExeA",K02450,gspA; general secretion pathway protein A,The ExeAB (ExeAB) Secretin Assembly/Export Complex Family,,tcdb,Intracellular trafficking,False,False,True,False
Alteromonas macleodii HOT1A3,ACZ81_04545,gspB,general secretion pathway protein GspB,Type II secretion system protein B,K02451,gspB; general secretion pathway protein B,The ExeAB (ExeAB) Secretin Assembly/Export Complex Family,,tcdb,Intracellular trafficking,False,False,True,False
Alteromonas macleodii HOT1A3,ACZ81_04605,natA,ABC transporter ATP-binding protein,"ABC-type Na transport system, ATPase component",K09697,natA; sodium transport system ATP-binding protein [EC:7.2.2.4],3.A.1.115,Sodium transporter,brite|kegg|tcdb|annotation,Energy production,True,True,True,True
Alteromonas macleodii HOT1A3,ACZ81_04610,natB,ABC transporter permease,"COG1668 ABC-type Na efflux pump, permease component",K09696,natB; sodium transport system permease protein,3.A.1.115,Sodium transporter,brite|kegg|tcdb|annotation,Energy production,True,True,True,True
Alteromonas macleodii HOT1A3,ACZ81_04615,flhB2,EscU/YscU/HrcU family type III secretion system export apparatus switch protein,"Required for formation of the rod structure in the basal body of the flagellar apparatus. Together with FliI and FliH, may constitute the export apparatus of flagellin",K04061,flhB2; flagellar biosynthesis protein,,,annotation,Unknown,False,False,False,True
Alteromonas macleodii HOT1A3,ACZ81_04625,ccmA,cytochrome c biogenesis heme-transporting ATPase CcmA,"once thought to export heme, this seems not to be the case, but its exact role is uncertain. Responsible for energy coupling to the transport system",K02193,ccmA; heme exporter protein A [EC:7.6.2.5],3.A.1.107,Heme transporter,brite|kegg|tcdb|annotation,Post-translational modification,True,True,True,True
Alteromonas macleodii HOT1A3,ACZ81_04630,ccmB,heme exporter protein CcmB,Required for the export of heme to the periplasm for the biogenesis of c-type cytochromes,K02194,ccmB; heme exporter protein B,3.A.1.107,Heme transporter,brite|kegg|tcdb|annotation,Post-translational modification,True,True,True,True
Alteromonas macleodii HOT1A3,ACZ81_04635,ccmC,heme ABC transporter permease,Required for the export of heme to the periplasm for the biogenesis of c-type cytochromes,K02195,ccmC; heme exporter protein C,3.A.1.107,Heme transporter,brite|kegg|tcdb|annotation,Post-translational modification,True,True,True,True
Alteromonas macleodii HOT1A3,ACZ81_04640,ccmD,heme exporter protein CcmD,Required for the export of heme to the periplasm for the biogenesis of c-type cytochromes,K02196,ccmD; heme exporter protein D,3.A.1.107,Heme transporter,brite|kegg|tcdb|annotation,Intracellular trafficking,True,True,True,True
Alteromonas macleodii HOT1A3,ACZ81_04650,ccmF,heme lyase CcmF/NrfE family subunit,COG1138 Cytochrome c biogenesis factor,K02198,ccmF; cytochrome c-type biogenesis protein CcmF,9.B.14.1,Others,brite|tcdb,Post-translational modification,True,False,True,False
Alteromonas macleodii HOT1A3,ACZ81_04685,dtpT,peptide MFS transporter,POT family,K03305,"TC.POT; proton-dependent oligopeptide transporter, POT family",The Proton-dependent Oligopeptide Transporter (POT/PTR) Family,,kegg|tcdb|annotation,Amino acid metabolism,False,True,True,True
Alteromonas macleodii HOT1A3,ACZ81_04690,kpsE,KpsE/RkpR family capsule polysaccharide export protein,COG3524 Capsule polysaccharide export protein,K10107,kpsE; capsular polysaccharide transport system permease protein,3.A.1.101,Capsular polysaccharide transporter,brite|kegg|tcdb,Cell wall and membrane,True,True,True,False
Alteromonas macleodii HOT1A3,ACZ81_04695,kpsT,ABC transporter ATP-binding protein,"ABC-type polysaccharide polyol phosphate transport system, ATPase component",K09689,kpsT; capsular polysaccharide transport system ATP-binding protein [EC:7.6.2.12],3.A.1.101,Capsular polysaccharide transporter,brite|kegg|tcdb|annotation,Carbohydrate metabolism,True,True,True,True
Alteromonas macleodii HOT1A3,ACZ81_04700,kpsM,ABC transporter permease,Transport permease protein,K09688,kpsM; capsular polysaccharide transport system permease protein,3.A.1.101,Capsular polysaccharide transporter,brite|kegg|tcdb|annotation,Carbohydrate metabolism,True,True,True,True
Alteromonas macleodii HOT1A3,ACZ81_04740,,ComEA family DNA-binding protein,Competence protein,K02237,comEA; competence protein ComEA,3.A.11.1 ; 3.A.11.2,,tcdb,Replication and repair,False,False,True,False
Alteromonas macleodii HOT1A3,ACZ81_04775,syd,SecY-interacting protein,"Interacts with the SecY protein in vivo. May bind preferentially to an uncomplexed state of SecY, thus functioning either as a chelating agent for excess SecY in the cell or as a regulatory factor that negatively controls the translocase function",K15723,syd; SecY interacting protein Syd,,,annotation,Unknown,False,False,False,True
Alteromonas macleodii HOT1A3,ACZ81_04875,yaeT,outer membrane protein assembly factor BamA,"Part of the outer membrane protein assembly complex, which is involved in assembly and insertion of beta-barrel proteins into the outer membrane",K07277,"SAM50, TOB55, bamA; outer membrane protein insertion porin family",The Outer Membrane Protein Insertion Porin (Bam Complex) (OmpIP) Family,Pores ion channels [TC:1],brite|tcdb,Cell wall and membrane,True,False,True,False
Alteromonas macleodii HOT1A3,ACZ81_04915,tilS,tRNA lysidine(34) synthetase TilS,"Ligates lysine onto the cytidine present at position 34 of the AUA codon-specific tRNA(Ile) that contains the anticodon CAU, in an ATP-dependent manner. Cytidine is converted to lysidine, thus changing the amino acid specificity of the tRNA from methionine to isoleucine",K04075,"tilS, mesJ; tRNA(Ile)-lysidine synthase [EC:6.3.4.19]",,,annotation,Cell cycle and division,False,False,False,True
Alteromonas macleodii HOT1A3,ACZ81_04925,kefB,monovalent cation:proton antiporter family protein,Belongs to the monovalent cation proton antiporter 2 (CPA2) transporter (TC 2.A.37) family,K03455,"KEA1_2_3, kefB, kefC; K+:H+ antiporter",The Monovalent Cation:Proton Antiporter-2 (CPA2) Family,Electrochemical potential-driven transporters [TC:2],brite|kegg|tcdb|annotation,Inorganic ion transport,True,True,True,True
Alteromonas macleodii HOT1A3,ACZ81_04940,mltF,membrane-bound lytic murein transglycosylase MltF,"Murein-degrading enzyme that degrades murein glycan strands and insoluble, high-molecular weight murein sacculi, with the concomitant formation of a 1,6-anhydromuramoyl product. Lytic transglycosylases (LTs) play an integral role in the metabolism of the peptidoglycan (PG) sacculus. Their lytic action creates space within the PG sacculus to allow for its expansion as well as for the insertion of various structures such as secretion systems and flagella",K18691,mltF; peptidoglycan lytic transglycosylase F [EC:4.2.2.29],,,annotation,Cell wall and membrane,False,False,False,True
Alteromonas macleodii HOT1A3,ACZ81_05080,fliD,flagellar filament capping protein FliD,"Required for morphogenesis and for the elongation of the flagellar filament by facilitating polymerization of the flagellin monomers at the tip of growing filament. Forms a capping structure, which prevents flagellin subunits (transported through the central channel of the flagellum) from leaking out without polymerization at the distal end",K02407,fliD; flagellar hook-associated protein 2,,,annotation,Cell motility,False,False,False,True
Alteromonas macleodii HOT1A3,ACZ81_05170,fliF,flagellar basal-body MS-ring/collar protein FliF,The M ring may be actively involved in energy transduction,K02409,fliF; flagellar M-ring protein FliF,3.A.6.2 ; 3.A.6.3,,tcdb,Cell motility,False,False,True,False
Alteromonas macleodii HOT1A3,ACZ81_05180,fliH,flagellar assembly protein FliH,Flagellar biosynthesis type III secretory pathway protein,K02411,fliH; flagellar assembly protein FliH,3.A.6.2,,tcdb,Cell motility,False,False,True,False
Alteromonas macleodii HOT1A3,ACZ81_05185,fliI,flagellar protein export ATPase FliI,COG1157 Flagellar biosynthesis type III secretory pathway ATPase,K02412,fliI; flagellum-specific ATP synthase [EC:7.4.2.8],3.A.6.2 ; 3.A.6.3,,tcdb,Cell motility,False,False,True,False
Alteromonas macleodii HOT1A3,ACZ81_05210,fliN,flagellar motor switch protein FliN,"FliN is one of three proteins (FliG, FliN, FliM) that form the rotor-mounted switch complex (C ring), located at the base of the basal body. This complex interacts with the CheY and CheZ chemotaxis proteins, in addition to contacting components of the motor that determine the direction of flagellar rotation",K02417,fliN; flagellar motor switch protein FliN,3.A.6.2 ; 3.A.6.3,,tcdb,Cell motility,False,False,True,False
Alteromonas macleodii HOT1A3,ACZ81_05215,fliO,flagellar biosynthetic protein FliO,"Flagellar biosynthesis protein, FliO",K02418,"fliO, fliZ; flagellar protein FliO/FliZ",3.A.6.2,,tcdb,Cell motility,False,False,True,False
Alteromonas macleodii HOT1A3,ACZ81_05220,fliP,flagellar type III secretion system pore protein FliP,Plays a role in the flagellum-specific transport system,K02419,fliP; flagellar biosynthesis protein FliP,3.A.6.2,,tcdb|annotation,Cell motility,False,False,True,True
Alteromonas macleodii HOT1A3,ACZ81_05225,fliQ,flagellar biosynthesis protein FliQ,Role in flagellar biosynthesis,K02420,fliQ; flagellar biosynthesis protein FliQ,3.A.6.2,,tcdb,Cell motility,False,False,True,False
Alteromonas macleodii HOT1A3,ACZ81_05230,fliR,flagellar biosynthetic protein FliR,Role in flagellar biosynthesis,K02421,fliR; flagellar biosynthesis protein FliR,3.A.6.2,,tcdb,Cell motility,False,False,True,False
Alteromonas macleodii HOT1A3,ACZ81_05235,flhB,flagellar biosynthesis protein FlhB,"Required for formation of the rod structure in the basal body of the flagellar apparatus. Together with FliI and FliH, may constitute the export apparatus of flagellin",K02401,flhB; flagellar biosynthesis protein FlhB,3.A.6.2,,tcdb,Cell motility,False,False,True,False
Alteromonas macleodii HOT1A3,ACZ81_05250,flhA,flagellar biosynthesis protein FlhA,"Required for formation of the rod structure of the flagellar apparatus. Together with FliI and FliH, may constitute the export apparatus of flagellin",K02400,flhA; flagellar biosynthesis protein FlhA,3.A.6.2 ; 3.A.6.3,,tcdb,Cell motility,False,False,True,False
Alteromonas macleodii HOT1A3,ACZ81_05340,metR,LysR family transcriptional regulator,Transcriptional regulator,K03576,"metR; LysR family transcriptional regulator, regulator for metE and metH",,,annotation,Transcription,False,False,False,True
Alteromonas macleodii HOT1A3,ACZ81_05345,oxyR,hydrogen peroxide-inducible genes activator,Transcriptional regulator,K04761,"oxyR; LysR family transcriptional regulator, hydrogen peroxide-inducible genes activator",,,annotation,Transcription,False,False,False,True
Alteromonas macleodii HOT1A3,ACZ81_05355,,SulP family inorganic anion transporter,COG0659 Sulfate permease and related transporters (MFS superfamily),K03321,"TC.SULP; sulfate permease, SulP family",2.A.53.3,Electrochemical potential-driven transporters [TC:2],brite|kegg|tcdb|annotation,Inorganic ion transport,True,True,True,True
Alteromonas macleodii HOT1A3,ACZ81_05370,,TonB-dependent receptor domain-containing protein,TonB dependent receptor,,,,,annotation,Inorganic ion transport,False,False,False,True
Alteromonas macleodii HOT1A3,ACZ81_05425,oadG,OadG family protein,Lyase and sodium transporter,K01573,oadG; oxaloacetate decarboxylase (Na+ extruding) subunit gamma,3.B.1.1.1,Primary active transporters [TC:3],brite|tcdb|annotation,Energy production,True,False,True,True
Alteromonas macleodii HOT1A3,ACZ81_05430,oadA,sodium-extruding oxaloacetate decarboxylase subunit alpha,COG5016 Pyruvate oxaloacetate carboxyltransferase,K01571,oadA; oxaloacetate decarboxylase (Na+ extruding) subunit alpha [EC:7.2.4.2],3.B.1.1.1,Primary active transporters [TC:3],brite|tcdb,Energy production,True,False,True,False
Alteromonas macleodii HOT1A3,ACZ81_05435,oadB,sodium ion-translocating decarboxylase subunit beta,Na transporting methylmalonyl-CoA oxaloacetate decarboxylase beta subunit,K01572,K01572,3.B.1.1.1,,tcdb,Energy production,False,False,True,False
Alteromonas macleodii HOT1A3,ACZ81_05440,dppF,ATP-binding cassette domain-containing protein,"ABC transporter, ATP-binding protein",K12372 ; K19230,dppF; dipeptide transport system ATP-binding protein ; sapF; cationic peptide transport system ATP-binding protein,3.A.1.5.5,Dipeptide transporter ; Cationic peptide transporter,brite|kegg|tcdb|annotation,Amino acid metabolism,True,True,True,True
Alteromonas macleodii HOT1A3,ACZ81_05445,sapD,peptide ABC transporter ATP-binding protein,Belongs to the ABC transporter superfamily,K02031 ; K02032 ; K13896 ; K19229,ddpD; peptide/nickel transport system ATP-binding protein ; ddpF; peptide/nickel transport system ATP-binding protein ; yejF; microcin C transport system ATP-binding protein ; sapD; cationic peptide transport system ATP-binding protein,3.A.1.5.21 ; 3.A.1.5.24 ; 3.A.1.5.5,Cationic peptide transporter ; Peptides/nickel transporter ; Microcin C transporter,brite|kegg|tcdb|annotation,Inorganic ion transport,True,True,True,True
Alteromonas macleodii HOT1A3,ACZ81_05450,sapC,ABC transporter permease subunit,"ABC-type antimicrobial peptide transport system, permease component",K12370 ; K19228,dppC; dipeptide transport system permease protein ; sapC; cationic peptide transport system permease protein,3.A.1.5.5,Dipeptide transporter ; Cationic peptide transporter,brite|kegg|tcdb|annotation,Defense mechanisms,True,True,True,True
Alteromonas macleodii HOT1A3,ACZ81_05455,dppB,ABC transporter permease,"COG0601 ABC-type dipeptide oligopeptide nickel transport systems, permease components",K12369 ; K15581 ; K19227,dppB; dipeptide transport system permease protein ; oppB; oligopeptide transport system permease protein ; sapB; cationic peptide transport system permease protein,3.A.1.5.1 ; 3.A.1.5.18 ; 3.A.1.5.19 ; 3.A.1.5.25 ; 3.A.1.5.5,Oligopeptide transporter ; Dipeptide transporter ; Cationic peptide transporter,brite|kegg|tcdb|annotation,Inorganic ion transport,True,True,True,True
Alteromonas macleodii HOT1A3,ACZ81_05460,sapA,ABC transporter substrate-binding protein,"ABC-type dipeptide transport system, periplasmic component",K12368 ; K19226,dppA; dipeptide transport system substrate-binding protein ; sapA; cationic peptide transport system substrate-binding protein,3.A.1.5.5,Dipeptide transporter ; Cationic peptide transporter,brite|kegg|tcdb|annotation,Amino acid metabolism,True,True,True,True
Alteromonas macleodii HOT1A3,ACZ81_05490,tyrR,transcriptional regulator TyrR,Transcriptional regulator of aromatic amino acids metabolism,K03721,"tyrR; transcriptional regulator of aroF, aroG, tyrA and aromatic amino acid transport",,,kegg,Amino acid metabolism,False,True,False,False
Alteromonas macleodii HOT1A3,ACZ81_05525,,TonB-dependent receptor,"COG1629 Outer membrane receptor proteins, mostly Fe transport",,,,,annotation,Inorganic ion transport,False,False,False,True
Alteromonas macleodii HOT1A3,ACZ81_05530,,TonB-dependent receptor,"COG1629 Outer membrane receptor proteins, mostly Fe transport",K02014,TC.FEV.OM; iron complex outermembrane recepter protein,The Outer Membrane Receptor (OMR) Family,Pores ion channels [TC:1],brite|tcdb|annotation,Inorganic ion transport,True,False,True,True
Alteromonas macleodii HOT1A3,ACZ81_05565,,MotA/TolQ/ExbB proton channel family protein,MotA TolQ ExbB proton channel,K03561,exbB; biopolymer transport protein ExbB,1.A.30.2.1,Pores ion channels [TC:1],brite|kegg|tcdb|annotation,Intracellular trafficking,True,True,True,True
Alteromonas macleodii HOT1A3,ACZ81_05570,exbB2,MotA/TolQ/ExbB proton channel family protein,COG0811 Biopolymer transport proteins,K03561,exbB; biopolymer transport protein ExbB,1.A.30.2.1,Pores ion channels [TC:1],brite|kegg|tcdb|annotation,Intracellular trafficking,True,True,True,True
Alteromonas macleodii HOT1A3,ACZ81_05575,exbD2,ExbD/TolR family protein,Biopolymer transport protein,K03559,exbD; biopolymer transport protein ExbD,1.A.30.2.1,Pores ion channels [TC:1],brite|kegg|tcdb|annotation,Intracellular trafficking,True,True,True,True
Alteromonas macleodii HOT1A3,ACZ81_05580,tonB2,energy transducer TonB,"Interacts with outer membrane receptor proteins that carry out high-affinity binding and energy dependent uptake into the periplasmic space of specific substrates. It could act to transduce energy from the cytoplasmic membrane to specific energy-requiring processes in the outer membrane, resulting in the release into the periplasm of ligands bound by these outer membrane proteins",K03832,tonB; periplasmic protein TonB,2.C.1.1,Electrochemical potential-driven transporters [TC:2],brite|kegg|tcdb|annotation,Intracellular trafficking,True,True,True,True
Alteromonas macleodii HOT1A3,ACZ81_05600,,TonB-dependent receptor,Outer membrane receptor,,,,,annotation,Inorganic ion transport,False,False,False,True
Alteromonas macleodii HOT1A3,ACZ81_05610,pnuC,nicotinamide riboside transporter PnuC,Required for nicotinamide riboside transport across the inner membrane,K03811,pnuC; nicotinamide mononucleotide transporter,4.B.1.1,Others,brite|kegg|tcdb|annotation,Coenzyme metabolism,True,True,True,True
Alteromonas macleodii HOT1A3,ACZ81_05640,,DMT family transporter,COG0697 Permeases of the drug metabolite transporter (DMT) superfamily,,,,,annotation,Amino acid metabolism,False,False,False,True
Alteromonas macleodii HOT1A3,ACZ81_05645,yafC,LysR substrate-binding domain-containing protein,Transcriptional regulator,,,,,annotation,Transcription,False,False,False,True
Alteromonas macleodii HOT1A3,ACZ81_05675,yiaV,HlyD family secretion protein,COG1566 Multidrug resistance efflux pump,K03543,"emrA; membrane fusion protein, multidrug efflux system",8.A.1.1,Accessory factors involved in transport [TC:8],brite|kegg|tcdb|annotation,Defense mechanisms,True,True,True,True
Alteromonas macleodii HOT1A3,ACZ81_05695,cstA,carbon starvation CstA family protein,5TM C-terminal transporter carbon starvation CstA,K06200,cstA; carbon starvation protein,,Electrochemical potential-driven transporters [TC:2],brite|annotation,Signal transduction,True,False,False,True
Alteromonas macleodii HOT1A3,ACZ81_05770,,LysR family transcriptional regulator,Transcriptional regulator,,,,,annotation,Transcription,False,False,False,True
Alteromonas macleodii HOT1A3,ACZ81_05870,hcaT,MFS transporter,COG0477 Permeases of the major facilitator superfamily,K05820,"hcaT; MFS transporter, PPP family, 3-phenylpropionic acid transporter",2.A.1.27,Phenylproprionate permease (PPP) family [TC:2.A.1.27],brite|kegg|tcdb|annotation,Amino acid metabolism,True,True,True,True
Alteromonas macleodii HOT1A3,ACZ81_05900,,TonB-dependent receptor plug domain-containing protein,"COG1629 Outer membrane receptor proteins, mostly Fe transport",K02014,TC.FEV.OM; iron complex outermembrane recepter protein,The Outer Membrane Receptor (OMR) Family,Pores ion channels [TC:1],brite|tcdb|annotation,Inorganic ion transport,True,False,True,True
Alteromonas macleodii HOT1A3,ACZ81_05915,,TonB-dependent receptor,TonB dependent receptor,K02014,TC.FEV.OM; iron complex outermembrane recepter protein,The Outer Membrane Receptor (OMR) Family,Pores ion channels [TC:1],brite|tcdb|annotation,Inorganic ion transport,True,False,True,True
Alteromonas macleodii HOT1A3,ACZ81_05935,motY,flagellar protein MotY,Belongs to the ompA family,K21218,motY; sodium-type flagellar protein MotY,1.A.30.1,Pores ion channels [TC:1],brite|tcdb,Cell wall and membrane,True,False,True,False
Alteromonas macleodii HOT1A3,ACZ81_05975,rnfE,electron transport complex subunit E,Part of a membrane-bound complex that couples electron transfer with translocation of ions across the membrane,K03613,rnfE; H+/Na+-translocating ferredoxin:NAD+ oxidoreductase subunit E,,,annotation,Energy production,False,False,False,True
Alteromonas macleodii HOT1A3,ACZ81_05980,rnfG,RnfABCDGE type electron transport complex subunit G,Part of a membrane complex involved in electron transport,K03612,rnfG; H+/Na+-translocating ferredoxin:NAD+ oxidoreductase subunit G,,,annotation,Energy production,False,False,False,True
Alteromonas macleodii HOT1A3,ACZ81_05985,rnfD,electron transport complex subunit RsxD,Part of a membrane-bound complex that couples electron transfer with translocation of ions across the membrane,K03614,rnfD; H+/Na+-translocating ferredoxin:NAD+ oxidoreductase subunit D [EC:7.1.1.11 7.2.1.2],,,annotation,Energy production,False,False,False,True
Alteromonas macleodii HOT1A3,ACZ81_05990,rsxC,electron transport complex subunit RsxC,Part of a membrane complex involved in electron transport,K03615,rnfC; H+/Na+-translocating ferredoxin:NAD+ oxidoreductase subunit C [EC:7.1.1.11 7.2.1.2],,,annotation,Energy production,False,False,False,True
Alteromonas macleodii HOT1A3,ACZ81_05995,rnfB,electron transport complex subunit RsxB,Part of a membrane-bound complex that couples electron transfer with translocation of ions across the membrane,K03616,rnfB; H+/Na+-translocating ferredoxin:NAD+ oxidoreductase subunit B [EC:7.1.1.11 7.2.1.2],,,annotation,Energy production,False,False,False,True
Alteromonas macleodii HOT1A3,ACZ81_06000,rnfA,electron transport complex subunit RsxA,Part of a membrane-bound complex that couples electron transfer with translocation of ions across the membrane,K03617,rnfA; H+/Na+-translocating ferredoxin:NAD+ oxidoreductase subunit A,,,annotation,Energy production,False,False,False,True
Alteromonas macleodii HOT1A3,ACZ81_06015,,MATE family efflux transporter,COG0534 Na -driven multidrug efflux pump,,,,,annotation,Defense mechanisms,False,False,False,True
Alteromonas macleodii HOT1A3,ACZ81_06020,uvrB,excinuclease ABC subunit UvrB,"The UvrABC repair system catalyzes the recognition and processing of DNA lesions. A damage recognition complex composed of 2 UvrA and 2 UvrB subunits scans DNA for abnormalities. Upon binding of the UvrA(2)B(2) complex to a putative damaged site, the DNA wraps around one UvrB monomer. DNA wrap is dependent on ATP binding by UvrB and probably causes local melting of the DNA helix, facilitating insertion of UvrB beta-hairpin between the DNA strands. Then UvrB probes one DNA strand for the presence of a lesion. If a lesion is found the UvrA subunits dissociate and the UvrB-DNA preincision complex is formed. This complex is subsequently bound by UvrC and the second UvrB is released. If no lesion is found, the DNA wraps around the other UvrB subunit that will check the other stand for damage",K03702,uvrB; excinuclease ABC subunit B,,,kegg,Replication and repair,False,True,False,False
Alteromonas macleodii HOT1A3,ACZ81_06025,,LysR family transcriptional regulator,Transcriptional regulator,K21699,"bauR; LysR family transcriptional regulator, transcriptional activator for bauABCD operon",,,annotation,Transcription,False,False,False,True
Alteromonas macleodii HOT1A3,ACZ81_06040,,type 2 periplasmic-binding domain-containing protein,ABC-type amino acid transport signal transduction systems periplasmic component domain,,,,,annotation,Amino acid metabolism,False,False,False,True
Alteromonas macleodii HOT1A3,ACZ81_06075,,SLC13 family permease,COG0471 Di- and tricarboxylate transporters,,,,,annotation,Inorganic ion transport,False,False,False,True
Alteromonas macleodii HOT1A3,ACZ81_06100,putP,sodium/proline symporter PutP,Belongs to the sodium solute symporter (SSF) (TC 2.A.21) family,K03307 ; K11928,"TC.SSS; solute:Na+ symporter, SSS family ; putP; sodium/proline symporter",2.A.21.2,Electrochemical potential-driven transporters [TC:2],brite|kegg|tcdb|annotation,Amino acid metabolism,True,True,True,True
Alteromonas macleodii HOT1A3,ACZ81_06130,,VWA domain-containing protein,protein containing a von Willebrand factor type A (vWA) domain,K07114,yfbK; Ca-activated chloride channel homolog,1.A.13.2.2 ; 1.A.13.2.3,Pores ion channels [TC:1],brite|kegg|tcdb,Transcription,True,True,True,False
Alteromonas macleodii HOT1A3,ACZ81_06135,batA,vWA domain-containing protein,protein containing a von Willebrand factor type A (vWA) domain,K07114,yfbK; Ca-activated chloride channel homolog,1.A.13.2.2 ; 1.A.13.2.3,Pores ion channels [TC:1],brite|kegg|tcdb,Unknown,True,True,True,False
Alteromonas macleodii HOT1A3,ACZ81_06185,yfjD,HlyC/CorC family transporter,Plays a role in the transport of magnesium and cobalt ions,,,,,annotation,Inorganic ion transport,False,False,False,True
Alteromonas macleodii HOT1A3,ACZ81_06190,ypjD,cytochrome C assembly family protein,"transport system, permease component",,,,,annotation,Unknown,False,False,False,True
Alteromonas macleodii HOT1A3,ACZ81_06195,ffh,signal recognition particle protein,"Involved in targeting and insertion of nascent membrane proteins into the cytoplasmic membrane. Binds to the hydrophobic signal sequence of the ribosome-nascent chain (RNC) as it emerges from the ribosomes. The SRP-RNC complex is then targeted to the cytoplasmic membrane where it interacts with the SRP receptor FtsY. Interaction with FtsY leads to the transfer of the RNC complex to the Sec translocase for insertion into the membrane, the hydrolysis of GTP by both Ffh and FtsY, and the dissociation of the SRP-FtsY complex into the individual components",K03106,"SRP54, ffh; signal recognition particle subunit SRP54 [EC:3.6.5.4]",3.A.5.1 ; 3.A.5.2 ; 3.A.5.7 ; 3.A.5.8 ; 3.A.5.9,,tcdb|annotation,Intracellular trafficking,False,False,True,True
Alteromonas macleodii HOT1A3,ACZ81_06230,,efflux RND transporter permease subunit,Belongs to the resistance-nodulation-cell division (RND) (TC 2.A.6) family,K18138,"acrB, mexB, adeJ, smeE, mtrD, cmeB; multidrug efflux pump",2.A.6.2,Electrochemical potential-driven transporters [TC:2],brite|kegg|tcdb|annotation,Defense mechanisms,True,True,True,True
Alteromonas macleodii HOT1A3,ACZ81_06235,,efflux RND transporter periplasmic adaptor subunit,Belongs to the membrane fusion protein (MFP) (TC 8.A.1) family,,,,,annotation,Cell wall and membrane,False,False,False,True
Alteromonas macleodii HOT1A3,ACZ81_06240,draA,ABC transporter transmembrane domain-containing protein,"COG1132 ABC-type multidrug transport system, ATPase and permease components",K06147 ; K11085,"ABCB-BAC; ATP-binding cassette, subfamily B, bacterial ; msbA; ATP-binding cassette, subfamily B, bacterial MsbA [EC:7.5.2.6]",3.A.1.106 ; 3.A.1.109 ; 3.A.1.21,ABCB-BAC subgroup,brite|kegg|tcdb|annotation,Defense mechanisms,True,True,True,True
Alteromonas macleodii HOT1A3,ACZ81_06275,,trimeric intracellular cation channel family protein,UPF0126 domain,,,,,annotation,Unknown,False,False,False,True
Alteromonas macleodii HOT1A3,ACZ81_06415,tolQ,protein TolQ,"Part of the Tol-Pal system, which plays a role in outer membrane invagination during cell division and is important for maintaining outer membrane integrity",K03562,tolQ; biopolymer transport protein TolQ,1.A.30.2.2,Pores ion channels [TC:1],brite|kegg|tcdb|annotation,Intracellular trafficking,True,True,True,True
Alteromonas macleodii HOT1A3,ACZ81_06420,tolR,protein TolR,Biopolymer transport protein,K03560,tolR; biopolymer transport protein TolR,1.A.30.2.2,Pores ion channels [TC:1],brite|kegg|tcdb|annotation,Intracellular trafficking,True,True,True,True
Alteromonas macleodii HOT1A3,ACZ81_06425,tolA,cell envelope integrity protein TolA,COG3064 Membrane protein involved in colicin uptake,K03646,tolA; colicin import membrane protein,2.C.1.2,Electrochemical potential-driven transporters [TC:2],brite|tcdb,Cell wall and membrane,True,False,True,False
Alteromonas macleodii HOT1A3,ACZ81_06430,tolB,Tol-Pal system beta propeller repeat protein TolB,"Part of the Tol-Pal system, which plays a role in outer membrane invagination during cell division and is important for maintaining outer membrane integrity",K03641,tolB; TolB protein,2.C.1.2,Electrochemical potential-driven transporters [TC:2],brite|tcdb|annotation,Intracellular trafficking,True,False,True,True
Alteromonas macleodii HOT1A3,ACZ81_06435,pal,peptidoglycan-associated lipoprotein Pal,"Part of the Tol-Pal system, which plays a role in outer membrane invagination during cell division and is important for maintaining outer membrane integrity",K03640,pal; peptidoglycan-associated lipoprotein,2.C.1.2,Electrochemical potential-driven transporters [TC:2],brite|tcdb,Cell wall and membrane,True,False,True,False
Alteromonas macleodii HOT1A3,ACZ81_06540,,hypothetical protein,"ABC-type phosphate transport system, periplasmic component",,,,,annotation,Inorganic ion transport,False,False,False,True
Alteromonas macleodii HOT1A3,ACZ81_06560,,efflux RND transporter permease subunit,Belongs to the resistance-nodulation-cell division (RND) (TC 2.A.6) family,K18138,"acrB, mexB, adeJ, smeE, mtrD, cmeB; multidrug efflux pump",2.A.6.2,Electrochemical potential-driven transporters [TC:2],brite|kegg|tcdb|annotation,Defense mechanisms,True,True,True,True
Alteromonas macleodii HOT1A3,ACZ81_06565,,efflux RND transporter periplasmic adaptor subunit,Belongs to the membrane fusion protein (MFP) (TC 8.A.1) family,,,,,annotation,Cell wall and membrane,False,False,False,True
Alteromonas macleodii HOT1A3,ACZ81_06575,,TonB-dependent receptor,TonB dependent receptor,K16090,fiu; catecholate siderophore receptor,1.B.14.1.11,Pores ion channels [TC:1],brite|tcdb|annotation,Inorganic ion transport,True,False,True,True
Alteromonas macleodii HOT1A3,ACZ81_06590,,efflux RND transporter permease subunit,Belongs to the resistance-nodulation-cell division (RND) (TC 2.A.6) family,,,,,annotation,Defense mechanisms,False,False,False,True
Alteromonas macleodii HOT1A3,ACZ81_06595,,efflux RND transporter periplasmic adaptor subunit,Belongs to the membrane fusion protein (MFP) (TC 8.A.1) family,,,,,annotation,Cell wall and membrane,False,False,False,True
Alteromonas macleodii HOT1A3,ACZ81_06605,ymbA,PqiC family protein,ABC-type transport auxiliary lipoprotein component,K09857,pqiC; intermembrane transport lipoprotein PqiC,,Others,brite|kegg|annotation,Unknown,True,True,False,True
Alteromonas macleodii HOT1A3,ACZ81_06610,pqiB,intermembrane transport protein PqiB,Paraquat-inducible protein B,K06192,"pqiB, letB; intermembrane transport protein PqiB/LetB",,Others,brite|kegg|annotation,Secondary metabolites,True,True,False,True
Alteromonas macleodii HOT1A3,ACZ81_06615,pqiA,paraquat-inducible protein A,paraquat-inducible protein A,K03808,"pqiA, letA; intermembrane transport protein PqiA/LetA",,Others,brite|kegg,Unknown,True,True,False,False
Alteromonas macleodii HOT1A3,ACZ81_06635,,calcium/sodium antiporter,COG0530 Ca2 Na antiporter,K07301,yrbG; cation:H+ antiporter,2.A.19.5,Electrochemical potential-driven transporters [TC:2],brite|kegg|tcdb|annotation,Inorganic ion transport,True,True,True,True
Alteromonas macleodii HOT1A3,ACZ81_06695,,FecCD family ABC transporter permease,Belongs to the binding-protein-dependent transport system permease family. FecCD subfamily,K02015 ; K06073,ABC.FEV.P; iron complex transport system permease protein ; btuC; vitamin B12 transport system permease protein,3.A.1.13 ; 3.A.1.14,Vitamin B12 transporter ; Iron complex transporter,brite|kegg|tcdb|annotation,Inorganic ion transport,True,True,True,True
Alteromonas macleodii HOT1A3,ACZ81_06700,,ABC transporter ATP-binding protein,ATPases associated with a variety of cellular activities,K02013 ; K06074,ABC.FEV.A; iron complex transport system ATP-binding protein [EC:7.2.2.-] ; btuD; vitamin B12 transport system ATP-binding protein [EC:7.6.2.8],3.A.1.13 ; 3.A.1.14,Vitamin B12 transporter ; Iron complex transporter,brite|kegg|tcdb|annotation,Inorganic ion transport,True,True,True,True
Alteromonas macleodii HOT1A3,ACZ81_06710,kdpD,sensor histidine kinase,Domain of unknown function (DUF4118),K07646,"kdpD; two-component system, OmpR family, sensor histidine kinase KdpD [EC:2.7.13.3]",,,annotation,Signal transduction,False,False,False,True
Alteromonas macleodii HOT1A3,ACZ81_06720,ktrA,potassium channel family protein,COG0569 K transport systems NAD-binding component,K03499,"trkA, ktrA, ktrC; trk/ktr system potassium uptake protein",2.A.38.1 ; 2.A.38.4,Electrochemical potential-driven transporters [TC:2],brite|kegg|tcdb|annotation,Inorganic ion transport,True,True,True,True
Alteromonas macleodii HOT1A3,ACZ81_06725,ktrB,TrkH family potassium uptake protein,"COG0168 Trk-type K transport systems, membrane components",K03498,"trkH, trkG, ktrB, ktrD; trk/ktr system potassium uptake protein",2.A.38.1 ; 2.A.38.4,Electrochemical potential-driven transporters [TC:2],brite|kegg|tcdb|annotation,Inorganic ion transport,True,True,True,True
Alteromonas macleodii HOT1A3,ACZ81_06740,atmA,ABCB family ABC transporter ATP-binding protein/permease,"COG5265 ABC-type transport system involved in Fe-S cluster assembly, permease and ATPase components",K06147,"ABCB-BAC; ATP-binding cassette, subfamily B, bacterial",3.A.1.106 ; 3.A.1.109 ; 3.A.1.21,ABCB-BAC subgroup,brite|kegg|tcdb|annotation,Defense mechanisms,True,True,True,True
Alteromonas macleodii HOT1A3,ACZ81_06840,ybbA,ABC transporter ATP-binding protein,"ABC-type transport system involved in lysophospholipase L1 biosynthesis, ATPase component",K02003,ABC.CD.A; putative ABC transport system ATP-binding protein,The ATP-binding Cassette (ABC) Superfamily,Putative ABC transporter,brite|kegg|tcdb|annotation,Secondary metabolites,True,True,True,True
Alteromonas macleodii HOT1A3,ACZ81_06845,ybbP,ABC transporter permease,"ABC-type transport system involved in lysophospholipase L1 biosynthesis, permease component",K02004,ABC.CD.P; putative ABC transport system permease protein,The ATP-binding Cassette (ABC) Superfamily,Putative ABC transporter,brite|kegg|tcdb|annotation,Secondary metabolites,True,True,True,True
Alteromonas macleodii HOT1A3,ACZ81_06860,tqsA,AI-2E family transporter,AI-2E family transporter,K11744,tqsA; AI-2 transport protein TqsA,,,kegg|annotation,Unknown,False,True,False,True
Alteromonas macleodii HOT1A3,ACZ81_06975,bamE,outer membrane protein assembly factor BamE,"Part of the outer membrane protein assembly complex, which is involved in assembly and insertion of beta-barrel proteins into the outer membrane",K06186,"bamE, smpA; outer membrane protein assembly factor BamE",1.B.33.1,Pores ion channels [TC:1],brite|tcdb,Translation,True,False,True,False
Alteromonas macleodii HOT1A3,ACZ81_07020,,GntP family permease,COG2610 H gluconate symporter and related permeases,,,,,annotation,Amino acid metabolism,False,False,False,True
Alteromonas macleodii HOT1A3,ACZ81_07025,,TonB-dependent receptor,TonB dependent receptor,K02014,TC.FEV.OM; iron complex outermembrane recepter protein,The Outer Membrane Receptor (OMR) Family,Pores ion channels [TC:1],brite|tcdb|annotation,Inorganic ion transport,True,False,True,True
Alteromonas macleodii HOT1A3,ACZ81_07035,,hybrid sensor histidine kinase/response regulator,PAS fold,,,,,annotation,Signal transduction,False,False,False,True
Alteromonas macleodii HOT1A3,ACZ81_07045,dnaK,molecular chaperone DnaK,Acts as a chaperone,K04043,"dnaK, HSPA9; molecular chaperone DnaK",1.A.33.1,,tcdb,Post-translational modification,False,False,True,False
Alteromonas macleodii HOT1A3,ACZ81_07150,corC,CNNM family magnesium/cobalt transport protein CorC,Plays a role in the transport of magnesium and cobalt ions,K06189,"corC, tlyC; hemolysin (HlyC) family protein",9.A.40.1.2,Pores ion channels [TC:1],brite|tcdb|annotation,Inorganic ion transport,True,False,True,True
Alteromonas macleodii HOT1A3,ACZ81_07200,,TonB-dependent receptor plug domain-containing protein,"COG1629 Outer membrane receptor proteins, mostly Fe transport",K02014,TC.FEV.OM; iron complex outermembrane recepter protein,The Outer Membrane Receptor (OMR) Family,Pores ion channels [TC:1],brite|tcdb|annotation,Inorganic ion transport,True,False,True,True
Alteromonas macleodii HOT1A3,ACZ81_07230,alsT,alanine/glycine:cation symporter family protein,alanine symporter,K03310,"TC.AGCS; alanine or glycine:cation symporter, AGCS family",The Alanine or Glycine:Cation Symporter (AGCS) Family,,kegg|tcdb|annotation,Amino acid metabolism,False,True,True,True
Alteromonas macleodii HOT1A3,ACZ81_07360,gcvA,transcriptional regulator GcvA,COG0583 Transcriptional regulator,K03566,"gcvA; LysR family transcriptional regulator, glycine cleavage system transcriptional activator",,,annotation,Transcription,False,False,False,True
Alteromonas macleodii HOT1A3,ACZ81_07395,fnt,formate/nitrite transporter family protein,COG2116 Formate nitrite family of transporters,K06212 ; K21993,focA; formate transporter ; fdhC; formate transporter,1.A.16.1.1 ; 1.A.16.1.3 ; 1.A.16.2,Pores ion channels [TC:1],brite|kegg|tcdb|annotation,Inorganic ion transport,True,True,True,True
Alteromonas macleodii HOT1A3,ACZ81_07450,gltP,dicarboxylate/amino acid:cation symporter,Belongs to the dicarboxylate amino acid cation symporter (DAACS) (TC 2.A.23) family,,,,,annotation,Intracellular trafficking,False,False,False,True
Alteromonas macleodii HOT1A3,ACZ81_07475,crr,PTS sugar transporter subunit IIA,"phosphoenolpyruvate-dependent sugar phosphotransferase system, EIIA 1",K02777,crr; sugar PTS system EIIA component [EC:2.7.1.-],4.A.1.1.1,Glucose-specific II component ; Trehalose-specific II component ; N-Acetylmuramic acid-specific II component ; Alpha-glucoside-specific II component ; N-Acetylglucosamine-specific II component ; Maltose/glucose-specific II component ; Beta-glucoside (arbutin/salicin/cellobiose)-specific II component,brite|kegg|tcdb|annotation,Carbohydrate metabolism,True,True,True,True
Alteromonas macleodii HOT1A3,ACZ81_07720,czcA,efflux RND transporter permease subunit,Belongs to the resistance-nodulation-cell division (RND) (TC 2.A.6) family,K18138,"acrB, mexB, adeJ, smeE, mtrD, cmeB; multidrug efflux pump",2.A.6.2,Electrochemical potential-driven transporters [TC:2],brite|kegg|tcdb|annotation,Defense mechanisms,True,True,True,True
Alteromonas macleodii HOT1A3,ACZ81_07725,ttgA,efflux RND transporter periplasmic adaptor subunit,Belongs to the membrane fusion protein (MFP) (TC 8.A.1) family,,,,,annotation,Cell wall and membrane,False,False,False,True
Alteromonas macleodii HOT1A3,ACZ81_07730,kefC,monovalent cation:proton antiporter-2 (CPA2) family protein,Belongs to the monovalent cation proton antiporter 2 (CPA2) transporter (TC 2.A.37) family,K03455 ; K11745 ; K11747,"KEA1_2_3, kefB, kefC; K+:H+ antiporter ; kefC; glutathione-regulated potassium-efflux system protein KefC ; kefB; glutathione-regulated potassium-efflux system protein KefB",The Monovalent Cation:Proton Antiporter-2 (CPA2) Family ; 2.A.37.1.1 ; 2.A.37.1.2,Electrochemical potential-driven transporters [TC:2],brite|kegg|tcdb|annotation,Inorganic ion transport,True,True,True,True
Alteromonas macleodii HOT1A3,ACZ81_07735,ywrO,NAD(P)H-dependent oxidoreductase,Flavodoxin-like fold,K11748,kefG; glutathione-regulated potassium-efflux system ancillary protein KefG,2.A.37.1.2,Electrochemical potential-driven transporters [TC:2],brite|kegg|tcdb,Unknown,True,True,True,False
Alteromonas macleodii HOT1A3,ACZ81_07785,uraH,hydroxyisourate hydrolase,Catalyzes the hydrolysis of 5-hydroxyisourate (HIU) to 2-oxo-4-hydroxy-4-carboxy-5-ureidoimidazoline (OHCU),K07127,"uraH, pucM, hiuH; 5-hydroxyisourate hydrolase [EC:3.5.2.17]",9.B.35.1.2 ; 9.B.35.2,Others,brite|tcdb,Unknown,True,False,True,False
Alteromonas macleodii HOT1A3,ACZ81_07825,yjcD,NCS2 family permease,COG2252 Permeases,K06901,"pbuG, azgA, ghxP, ghxQ, adeQ; adenine/guanine/hypoxanthine permease",2.A.1.40,Electrochemical potential-driven transporters [TC:2],brite|kegg|tcdb|annotation,Unknown,True,True,True,True
Alteromonas macleodii HOT1A3,ACZ81_07855,,purine nucleoside permease,Purine nucleoside permease,,,,,annotation,Nucleotide metabolism,False,False,False,True
Alteromonas macleodii HOT1A3,ACZ81_07860,,TonB-dependent siderophore receptor,receptor,K02014,TC.FEV.OM; iron complex outermembrane recepter protein,The Outer Membrane Receptor (OMR) Family,Pores ion channels [TC:1],brite|tcdb|annotation,Inorganic ion transport,True,False,True,True
Alteromonas macleodii HOT1A3,ACZ81_07865,xanQ,uracil-xanthine permease family protein,xanthine,K03458 ; K16345 ; K16346,"TC.NCS2; nucleobase:cation symporter-2, NCS2 family ; xanP; xanthine permease XanP ; xanQ; xanthine permease XanQ",The Nucleobase/Ascorbate Transporter (NAT) or Nucleobase:Cation Symporter-2 (NCS2) Family ; 2.A.40.4.2 ; 2.A.40.4.3,Electrochemical potential-driven transporters [TC:2],brite|kegg|tcdb|annotation,Nucleotide metabolism,True,True,True,True
Alteromonas macleodii HOT1A3,ACZ81_07890,,sulfite exporter TauE/SafE family protein,membrane transporter protein,,,,,annotation,Unknown,False,False,False,True
Alteromonas macleodii HOT1A3,ACZ81_07920,,mechanosensitive ion channel family protein,Mechanosensitive ion channel,,,,,annotation,Cell wall and membrane,False,False,False,True
Alteromonas macleodii HOT1A3,ACZ81_07975,,outer membrane beta-barrel protein,Putative beta-barrel porin 2,K20920,vpsM; polysaccharide biosynthesis protein VpsM,1.B.66.3.1 ; 1.B.66.3.2,Pores ion channels [TC:1],brite|tcdb,Unknown,True,False,True,False
Alteromonas macleodii HOT1A3,ACZ81_07980,gumB,polysaccharide biosynthesis/export family protein,COG1596 Periplasmic protein involved in polysaccharide export,K20988,vpsN; polysaccharide biosynthesis/export protein VpsN,The Outer Membrane Auxiliary (OMA) Protein Family,Pores ion channels [TC:1],brite|tcdb,Cell wall and membrane,True,False,True,False
Alteromonas macleodii HOT1A3,ACZ81_07985,,GumC family protein,protein involved in exopolysaccharide biosynthesis,K16554 ; K16692,"exoP, vpsO; polysaccharide biosynthesis transport protein [EC:2.7.10.3] ; etk-wzc; tyrosine-protein kinase Etk/Wzc [EC:2.7.10.3]",8.A.3.1,Accessory factors involved in transport [TC:8],brite|kegg|tcdb,Cell cycle and division,True,True,True,False
Alteromonas macleodii HOT1A3,ACZ81_08165,lolC,lipoprotein-releasing ABC transporter permease subunit,"COG4591 ABC-type transport system, involved in lipoprotein release, permease component",K09808,lolC_E_F; lipoprotein-releasing system permease protein,3.A.1.125,Lipoprotein-releasing transporter,brite|kegg|tcdb|annotation,Cell wall and membrane,True,True,True,True
Alteromonas macleodii HOT1A3,ACZ81_08180,,energy-coupling factor ABC transporter permease,membrane,,,,,annotation,Unknown,False,False,False,True
Alteromonas macleodii HOT1A3,ACZ81_08220,,spinster family MFS transporter,Sugar (and other) transporter,,,,,annotation,Carbohydrate metabolism,False,False,False,True
Alteromonas macleodii HOT1A3,ACZ81_08240,,MFS transporter,Major facilitator superfamily,,,,,annotation,Amino acid metabolism,False,False,False,True
Alteromonas macleodii HOT1A3,ACZ81_08295,,diguanylate cyclase,"COG0834 ABC-type amino acid transport signal transduction systems, periplasmic component domain",,,,,annotation,Amino acid metabolism,False,False,False,True
Alteromonas macleodii HOT1A3,ACZ81_08330,,TonB-dependent receptor,"COG1629 Outer membrane receptor proteins, mostly Fe transport",,,,,annotation,Inorganic ion transport,False,False,False,True
Alteromonas macleodii HOT1A3,ACZ81_08345,,Na+/H+ antiporter NhaC family protein,Na H antiporter,,,,,annotation,Energy production,False,False,False,True
Alteromonas macleodii HOT1A3,ACZ81_08415,lolD,lipoprotein-releasing ABC transporter ATP-binding protein LolD,"Part of the ABC transporter complex LolCDE involved in the translocation of mature outer membrane-directed lipoproteins, from the inner membrane to the periplasmic chaperone, LolA. Responsible for the formation of the LolA-lipoprotein complex in an ATP-dependent manner",K09810,lolD; lipoprotein-releasing system ATP-binding protein [EC:7.6.2.-],3.A.1.125,Lipoprotein-releasing transporter,brite|tcdb|annotation,Defense mechanisms,True,False,True,True
Alteromonas macleodii HOT1A3,ACZ81_08420,lolE,lipoprotein-releasing ABC transporter permease subunit,"COG4591 ABC-type transport system, involved in lipoprotein release, permease component",K09808,lolC_E_F; lipoprotein-releasing system permease protein,3.A.1.125,Lipoprotein-releasing transporter,brite|kegg|tcdb|annotation,Cell wall and membrane,True,True,True,True
Alteromonas macleodii HOT1A3,ACZ81_08425,gltT,dicarboxylate/amino acid:cation symporter,Belongs to the dicarboxylate amino acid cation symporter (DAACS) (TC 2.A.23) family,K03309,"TC.DAACS; dicarboxylate/amino acid:cation (Na+ or H+) symporter, DAACS family",The Dicarboxylate/Amino Acid:Cation (Na+ or H+) Symporter (DAACS) Family,,kegg|tcdb|annotation,Intracellular trafficking,False,True,True,True
Alteromonas macleodii HOT1A3,ACZ81_08455,,LysR family transcriptional regulator,Transcriptional regulator,K11921,"cynR; LysR family transcriptional regulator, cyn operon transcriptional activator",,,annotation,Transcription,False,False,False,True
Alteromonas macleodii HOT1A3,ACZ81_08480,,glutathione binding-like protein,"Glutathione S-transferase, C-terminal domain",K00799,"GST, gst; glutathione S-transferase [EC:2.5.1.18]",1.A.12.2.2 ; 1.A.12.3.2,Pores ion channels [TC:1],brite|tcdb,Post-translational modification,True,False,True,False
Alteromonas macleodii HOT1A3,ACZ81_08485,,nuclear transport factor 2 family protein,Protein of unknown function (DUF1348),K09958,K09958; uncharacterized protein,,,annotation,Unknown,False,False,False,True
Alteromonas macleodii HOT1A3,ACZ81_08490,,LysR family transcriptional regulator,"Bacterial regulatory helix-turn-helix protein, lysR family",,,,,annotation,Transcription,False,False,False,True
Alteromonas macleodii HOT1A3,ACZ81_08690,,purine-cytosine permease family protein,COG1457 Purine-cytosine permease and related proteins,K03457,"TC.NCS1; nucleobase:cation symporter-1, NCS1 family",The Nucleobase:Cation Symporter-1 (NCS1) Family,,kegg|tcdb|annotation,Nucleotide metabolism,False,True,True,True
Alteromonas macleodii HOT1A3,ACZ81_08705,,LysR family transcriptional regulator,Transcriptional regulator,,,,,annotation,Transcription,False,False,False,True
Alteromonas macleodii HOT1A3,ACZ81_08715,,mechanosensitive ion channel family protein,Mechanosensitive ion channel,,,,,annotation,Cell wall and membrane,False,False,False,True
Alteromonas macleodii HOT1A3,ACZ81_08720,,TonB-dependent receptor,"COG1629 Outer membrane receptor proteins, mostly Fe transport",,,,,annotation,Inorganic ion transport,False,False,False,True
Alteromonas macleodii HOT1A3,ACZ81_08850,,TonB-dependent siderophore receptor,"COG1629 Outer membrane receptor proteins, mostly Fe transport",K02014,TC.FEV.OM; iron complex outermembrane recepter protein,The Outer Membrane Receptor (OMR) Family,Pores ion channels [TC:1],brite|tcdb|annotation,Inorganic ion transport,True,False,True,True
Alteromonas macleodii HOT1A3,ACZ81_08900,,TonB-dependent receptor,TonB dependent receptor,,,,,annotation,Inorganic ion transport,False,False,False,True
Alteromonas macleodii HOT1A3,ACZ81_08915,ynjB,ABC transporter substrate-binding protein,Bacterial extracellular solute-binding protein,K05777,ynjB; putative thiamine transport system substrate-binding protein,,Putative thiamine transporter,brite|kegg|annotation,Unknown,True,True,False,True
Alteromonas macleodii HOT1A3,ACZ81_08920,ynjC,ABC transporter permease,transport system permease component,K05778,ynjC; putative thiamine transport system permease protein,,Putative thiamine transporter,brite|kegg|annotation,Inorganic ion transport,True,True,False,True
Alteromonas macleodii HOT1A3,ACZ81_08925,ynjD,ATP-binding cassette domain-containing protein,ABC transporter,K05779,ynjD; putative thiamine transport system ATP-binding protein,,Putative thiamine transporter,brite|kegg|annotation,Unknown,True,True,False,True
Alteromonas macleodii HOT1A3,ACZ81_08975,,LysR family transcriptional regulator,LysR substrate binding domain,,,,,annotation,Transcription,False,False,False,True
Alteromonas macleodii HOT1A3,ACZ81_08980,,NAD(P)H-dependent oxidoreductase,Flavodoxin-like fold,K11748,kefG; glutathione-regulated potassium-efflux system ancillary protein KefG,2.A.37.1.2,Electrochemical potential-driven transporters [TC:2],brite|kegg|tcdb,Unknown,True,True,True,False
Alteromonas macleodii HOT1A3,ACZ81_09000,,LysR family transcriptional regulator,Transcriptional regulator,,,,,annotation,Transcription,False,False,False,True
Alteromonas macleodii HOT1A3,ACZ81_09005,,TonB-dependent siderophore receptor,TonB dependent receptor,K02014,TC.FEV.OM; iron complex outermembrane recepter protein,The Outer Membrane Receptor (OMR) Family,Pores ion channels [TC:1],brite|tcdb|annotation,Inorganic ion transport,True,False,True,True
Alteromonas macleodii HOT1A3,ACZ81_09010,,DUF3526 domain-containing protein,Domain of unknown function (DUF3526),K01992,ABC-2.P; ABC-2 type transport system permease protein,The ATP-binding Cassette (ABC) Superfamily,ABC-2 type transporter,brite|kegg|tcdb,Unknown,True,True,True,False
Alteromonas macleodii HOT1A3,ACZ81_09015,,ABC transporter permease,Domain of unknown function (DUF3526),K01992,ABC-2.P; ABC-2 type transport system permease protein,The ATP-binding Cassette (ABC) Superfamily,ABC-2 type transporter,brite|kegg|tcdb|annotation,Unknown,True,True,True,True
Alteromonas macleodii HOT1A3,ACZ81_09020,drrA,ABC transporter ATP-binding protein,"AAA domain, putative AbiEii toxin, Type IV TA system",K01990,ABC-2.A; ABC-2 type transport system ATP-binding protein,The ATP-binding Cassette (ABC) Superfamily,ABC-2 type transporter,brite|kegg|tcdb|annotation,Defense mechanisms,True,True,True,True
Alteromonas macleodii HOT1A3,ACZ81_09075,ratA,type II toxin-antitoxin system RatA family toxin,COG2867 Oligoketide cyclase lipid transport protein,,,,,annotation,Lipid metabolism,False,False,False,True
Alteromonas macleodii HOT1A3,ACZ81_09090,betT,BCCT family transporter,Belongs to the BCCT transporter (TC 2.A.15) family,K02168,"betT, betS; choline/glycine/proline betaine transport protein",2.A.15.1.3 ; 2.A.15.1.4,Electrochemical potential-driven transporters [TC:2],brite|kegg|tcdb|annotation,Cell wall and membrane,True,True,True,True
Alteromonas macleodii HOT1A3,ACZ81_09095,,TonB-dependent receptor,receptor,,,,,annotation,Coenzyme metabolism,False,False,False,True
Alteromonas macleodii HOT1A3,ACZ81_09325,lptE,LPS-assembly lipoprotein LptE,"Together with LptD, is involved in the assembly of lipopolysaccharide (LPS) at the surface of the outer membrane. Required for the proper assembly of LptD. Binds LPS and may serve as the LPS recognition site at the outer membrane",K03643,"lptE, rlpB; LPS-assembly lipoprotein",1.B.42.1,Pores ion channels [TC:1],brite|tcdb,Cell wall and membrane,True,False,True,False
Alteromonas macleodii HOT1A3,ACZ81_09335,,SRPBCC family protein,glyoxalase III activity,,,,,annotation,Translation,False,False,False,True
Alteromonas macleodii HOT1A3,ACZ81_09390,secG,preprotein translocase subunit SecG,Involved in protein export. Participates in an early event of protein translocation,K03075,secG; preprotein translocase subunit SecG,3.A.5.1 ; 3.A.5.2,,kegg|tcdb|annotation,Intracellular trafficking,False,True,True,True
Alteromonas macleodii HOT1A3,ACZ81_09445,putP,sodium/proline symporter PutP,Belongs to the sodium solute symporter (SSF) (TC 2.A.21) family,K03307 ; K11928,"TC.SSS; solute:Na+ symporter, SSS family ; putP; sodium/proline symporter",2.A.21.2,Electrochemical potential-driven transporters [TC:2],brite|kegg|tcdb|annotation,Amino acid metabolism,True,True,True,True
Alteromonas macleodii HOT1A3,ACZ81_09460,,mechanosensitive ion channel family protein,Mechanosensitive ion channel,,,,,annotation,Cell wall and membrane,False,False,False,True
Alteromonas macleodii HOT1A3,ACZ81_09540,,nuclear transport factor 2-like protein,,,,,,annotation,Unknown,False,False,False,True
Alteromonas macleodii HOT1A3,ACZ81_09580,yhjX,hypothetical protein,COG0477 Permeases of the major facilitator superfamily,,,,,annotation,Inorganic ion transport,False,False,False,True
Alteromonas macleodii HOT1A3,ACZ81_09595,yhjX,MFS transporter,COG0477 Permeases of the major facilitator superfamily,,,,,annotation,Inorganic ion transport,False,False,False,True
Alteromonas macleodii HOT1A3,ACZ81_09610,yhjX,MFS transporter,COG0477 Permeases of the major facilitator superfamily,,,,,annotation,Inorganic ion transport,False,False,False,True
Alteromonas macleodii HOT1A3,ACZ81_09620,,energy transducer TonB,"Interacts with outer membrane receptor proteins that carry out high-affinity binding and energy dependent uptake into the periplasmic space of specific substrates. It could act to transduce energy from the cytoplasmic membrane to specific energy- requiring processes in the outer membrane, resulting in the release into the periplasm of ligands bound by these outer membrane proteins",K03832,tonB; periplasmic protein TonB,2.C.1.1,Electrochemical potential-driven transporters [TC:2],brite|kegg|tcdb|annotation,Intracellular trafficking,True,True,True,True
Alteromonas macleodii HOT1A3,ACZ81_09650,cysZ,sulfate transporter CysZ,"High affinity, high specificity proton-dependent sulfate transporter, which mediates sulfate uptake. Provides the sulfur source for the cysteine synthesis pathway",K06203,cysZ; CysZ protein,,,annotation,Amino acid metabolism,False,False,False,True
Alteromonas macleodii HOT1A3,ACZ81_09675,comA,DNA internalization-related competence protein ComEC/Rec2,DNA internalization-related competence protein ComEC Rec2,K02238,comEC; competence protein ComEC,3.A.11.1 ; 3.A.11.2,,tcdb,Unknown,False,False,True,False
Alteromonas macleodii HOT1A3,ACZ81_09680,msbA,lipid A export permease/ATP-binding protein MsbA,Involved in lipid A export and possibly also in glycerophospholipid export and for biogenesis of the outer membrane. Transmembrane domains (TMD) form a pore in the inner membrane and the ATP-binding domain (NBD) is responsible for energy generation,K11085,"msbA; ATP-binding cassette, subfamily B, bacterial MsbA [EC:7.5.2.6]",3.A.1.106,ABCB-BAC subgroup,brite|kegg|tcdb|annotation,Defense mechanisms,True,True,True,True
Alteromonas macleodii HOT1A3,ACZ81_09705,,substrate-binding periplasmic protein,"Bacterial extracellular solute-binding proteins, family 3",K02030,ABC.PA.S; polar amino acid transport system substrate-binding protein,3.A.1.3,Putative polar amino acid transporter,brite|kegg|tcdb|annotation,Amino acid metabolism,True,True,True,True
Alteromonas macleodii HOT1A3,ACZ81_09815,,TonB-dependent receptor,"COG1629 Outer membrane receptor proteins, mostly Fe transport",K02014,TC.FEV.OM; iron complex outermembrane recepter protein,The Outer Membrane Receptor (OMR) Family,Pores ion channels [TC:1],brite|tcdb|annotation,Inorganic ion transport,True,False,True,True
Alteromonas macleodii HOT1A3,ACZ81_09825,,TonB-dependent receptor,"COG1629 Outer membrane receptor proteins, mostly Fe transport",,,,,annotation,Coenzyme metabolism,False,False,False,True
Alteromonas macleodii HOT1A3,ACZ81_09860,,MFS transporter,COG0477 Permeases of the major facilitator superfamily,K16211,"malY, malT; maltose/moltooligosaccharide transporter",2.A.2.6,Electrochemical potential-driven transporters [TC:2],brite|kegg|tcdb|annotation,Carbohydrate metabolism,True,True,True,True
Alteromonas macleodii HOT1A3,ACZ81_10085,,LysR family transcriptional regulator,Transcriptional regulator,K17737,"dhcR; LysR family transcriptional regulator, carnitine catabolism transcriptional activator",,,annotation,Transcription,False,False,False,True
Alteromonas macleodii HOT1A3,ACZ81_10100,cysB,HTH-type transcriptional regulator CysB,Transcriptional regulator,K13634,"cysB; LysR family transcriptional regulator, cys regulon transcriptional activator",,,annotation,Transcription,False,False,False,True
Alteromonas macleodii HOT1A3,ACZ81_10200,,sodium-dependent transporter,Sodium:neurotransmitter symporter family,K03308,"TC.NSS; neurotransmitter:Na+ symporter, NSS family",2.A.22.4 ; 2.A.22.5,,kegg|tcdb|annotation,Unknown,False,True,True,True
Alteromonas macleodii HOT1A3,ACZ81_10205,nhaC,Na+/H+ antiporter NhaC,Na H antiporter,K03315,"nhaC; Na+:H+ antiporter, NhaC family",The NhaC Na+:H+ Antiporter (NhaC) Family,Electrochemical potential-driven transporters [TC:2],brite|kegg|tcdb|annotation,Energy production,True,True,True,True
Alteromonas macleodii HOT1A3,ACZ81_10235,,efflux RND transporter permease subunit,exporters of the RND superfamily,K07003,K07003; uncharacterized protein,,,annotation,Unknown,False,False,False,True
Alteromonas macleodii HOT1A3,ACZ81_10260,uup,ATP-binding cassette ATPase Uup,COG0488 ATPase components of ABC transporters with duplicated ATPase domains,K15738,uup; ABC transport system ATP-binding/permease protein,3.A.1.120.6,Other ABC transporters,brite|kegg|tcdb|annotation,Unknown,True,True,True,True
Alteromonas macleodii HOT1A3,ACZ81_10345,ybaL,cation:proton antiporter family protein,Belongs to the monovalent cation proton antiporter 2 (CPA2) transporter (TC 2.A.37) family,K03455,"KEA1_2_3, kefB, kefC; K+:H+ antiporter",The Monovalent Cation:Proton Antiporter-2 (CPA2) Family,Electrochemical potential-driven transporters [TC:2],brite|kegg|tcdb|annotation,Inorganic ion transport,True,True,True,True
Alteromonas macleodii HOT1A3,ACZ81_10365,ccoN,"cytochrome-c oxidase, cbb3-type subunit I",Belongs to the heme-copper respiratory oxidase family,K00404,ccoN; cytochrome c oxidase cbb3-type subunit I [EC:7.1.1.9],3.D.4.3,,tcdb,Energy production,False,False,True,False
Alteromonas macleodii HOT1A3,ACZ81_10370,ccoO,"cytochrome-c oxidase, cbb3-type subunit II","COG2993 Cbb3-type cytochrome oxidase, cytochrome c subunit",K00405,ccoO; cytochrome c oxidase cbb3-type subunit II,3.D.4.3,,tcdb,Energy production,False,False,True,False
Alteromonas macleodii HOT1A3,ACZ81_10375,ccoQ,cbb3-type cytochrome oxidase subunit 3,"COG4736 Cbb3-type cytochrome oxidase, subunit 3",K00407,ccoQ; cytochrome c oxidase cbb3-type subunit IV,3.D.4.3,,tcdb,Post-translational modification,False,False,True,False
Alteromonas macleodii HOT1A3,ACZ81_10380,ccoP,"cytochrome-c oxidase, cbb3-type subunit III",C-type cytochrome. Part of the cbb3-type cytochrome c oxidase complex,K00406,ccoP; cytochrome c oxidase cbb3-type subunit III,3.D.4.3,,tcdb,Energy production,False,False,True,False
Alteromonas macleodii HOT1A3,ACZ81_10390,ccoI,heavy metal translocating P-type ATPase,COG2217 Cation transport ATPase,K01533,copB; P-type Cu2+ transporter [EC:7.2.2.9],3.A.3.5,,kegg|tcdb|annotation,Inorganic ion transport,False,True,True,True
Alteromonas macleodii HOT1A3,ACZ81_10400,braZ,sulfite exporter TauE/SafE family protein,Cytochrome C biogenesis protein transmembrane region,K09792,K09792; uncharacterized protein,,,annotation,Unknown,False,False,False,True
Alteromonas macleodii HOT1A3,ACZ81_10440,,LysE family translocator,Lysine exporter protein (LysE YggA),,,,,annotation,Amino acid metabolism,False,False,False,True
Alteromonas macleodii HOT1A3,ACZ81_10485,uvrC,excinuclease ABC subunit UvrC,The UvrABC repair system catalyzes the recognition and processing of DNA lesions. UvrC both incises the 5^ and 3^ sides of the lesion. The N-terminal half is responsible for the 3^ incision and the C-terminal half is responsible for the 5^ incision,K03703,uvrC; excinuclease ABC subunit C,,,kegg,Replication and repair,False,True,False,False
Alteromonas macleodii HOT1A3,ACZ81_10535,,LysR family transcriptional regulator,Transcriptional regulator,,,,,annotation,Transcription,False,False,False,True
Alteromonas macleodii HOT1A3,ACZ81_10550,yccA,Bax inhibitor-1/YccA family protein,Belongs to the BI1 family,K19416,yccA; modulator of FtsH protease,1.A.14.2.1,Pores ion channels [TC:1],brite|tcdb,Unknown,True,False,True,False
Alteromonas macleodii HOT1A3,ACZ81_10585,,TonB-dependent receptor plug domain-containing protein,"COG1629 Outer membrane receptor proteins, mostly Fe transport",,,,,annotation,Inorganic ion transport,False,False,False,True
Alteromonas macleodii HOT1A3,ACZ81_10595,fluC,fluoride efflux transporter CrcB,"Fluoride-specific ion channel. Important for reducing fluoride concentration in the cell, thus reducing its toxicity",K06199,"crcB, FEX; fluoride exporter",1.A.43.1 ; 1.A.43.2 ; 1.A.43.3,Pores ion channels [TC:1],brite|kegg|tcdb|annotation,Cell cycle and division,True,True,True,True
Alteromonas macleodii HOT1A3,ACZ81_10610,ftsK,DNA translocase FtsK,COG1674 DNA segregation ATPase FtsK SpoIIIE and related proteins,K03466,"ftsK, spoIIIE; DNA segregation ATPase FtsK/SpoIIIE, S-DNA-T family",The Septal DNA Translocator (S-DNA-T) Family,,tcdb|annotation,Cell cycle and division,False,False,True,True
Alteromonas macleodii HOT1A3,ACZ81_10735,,DMT family transporter,COG0697 Permeases of the drug metabolite transporter (DMT) superfamily,,,,,annotation,Amino acid metabolism,False,False,False,True
Alteromonas macleodii HOT1A3,ACZ81_10745,bamC,outer membrane protein assembly factor BamC,"Part of the outer membrane protein assembly complex, which is involved in assembly and insertion of beta-barrel proteins into the outer membrane",K07287,bamC; outer membrane protein assembly factor BamC,1.B.33.1,Pores ion channels [TC:1],brite|tcdb,Cell wall and membrane,True,False,True,False
Alteromonas macleodii HOT1A3,ACZ81_10765,perM,AI-2E family transporter,permease,K03548,perM; putative permease,2.A.86.1,Electrochemical potential-driven transporters [TC:2],brite|kegg|tcdb|annotation,Unknown,True,True,True,True
Alteromonas macleodii HOT1A3,ACZ81_10880,mdtK,MATE family efflux transporter,COG0534 Na -driven multidrug efflux pump,K03327,"SLC47A, MATE, DTX; MATE family, multidrug and toxin extrusion protein",2.A.66.1,SLC47: Multidrug and toxin extrusion (MATE) family,brite|tcdb|annotation,Defense mechanisms,True,False,True,True
Alteromonas macleodii HOT1A3,ACZ81_10910,,nuclear transport factor 2 family protein,,,,,,annotation,Unknown,False,False,False,True
Alteromonas macleodii HOT1A3,ACZ81_11050,,NRDE family protein,Transport and Golgi organisation 2,,,,,annotation,Unknown,False,False,False,True
Alteromonas macleodii HOT1A3,ACZ81_11100,,TonB-dependent receptor,"COG1629 Outer membrane receptor proteins, mostly Fe transport",K02014,TC.FEV.OM; iron complex outermembrane recepter protein,The Outer Membrane Receptor (OMR) Family,Pores ion channels [TC:1],brite|tcdb|annotation,Inorganic ion transport,True,False,True,True
Alteromonas macleodii HOT1A3,ACZ81_11115,,efflux RND transporter permease subunit,Belongs to the resistance-nodulation-cell division (RND) (TC 2.A.6) family,,,,,annotation,Defense mechanisms,False,False,False,True
Alteromonas macleodii HOT1A3,ACZ81_11120,,efflux RND transporter periplasmic adaptor subunit,Belongs to the membrane fusion protein (MFP) (TC 8.A.1) family,,,,,annotation,Cell wall and membrane,False,False,False,True
Alteromonas macleodii HOT1A3,ACZ81_11170,fur,ferric iron uptake transcriptional regulator,Belongs to the Fur family,K03711,"fur, zur, furB; Fur family transcriptional regulator, ferric uptake regulator",,,kegg,Transcription,False,True,False,False
Alteromonas macleodii HOT1A3,ACZ81_11205,,efflux RND transporter periplasmic adaptor subunit,Belongs to the membrane fusion protein (MFP) (TC 8.A.1) family,K03585,"acrA, mexA, adeI, smeD, mtrC, cmeA; membrane fusion protein, multidrug efflux system",2.A.6.2 ; 8.A.1.6,Accessory factors involved in transport [TC:8],brite|kegg|tcdb|annotation,Cell wall and membrane,True,True,True,True
Alteromonas macleodii HOT1A3,ACZ81_11210,mdtB,efflux RND transporter permease subunit,Belongs to the resistance-nodulation-cell division (RND) (TC 2.A.6) family,K03296,"TC.HAE1; hydrophobic/amphiphilic exporter-1 (mainly G- bacteria), HAE1 family",2.A.6.2,,kegg|tcdb|annotation,Defense mechanisms,False,True,True,True
Alteromonas macleodii HOT1A3,ACZ81_11215,,efflux RND transporter permease subunit,Belongs to the resistance-nodulation-cell division (RND) (TC 2.A.6) family,K03296,"TC.HAE1; hydrophobic/amphiphilic exporter-1 (mainly G- bacteria), HAE1 family",2.A.6.2,,kegg|tcdb|annotation,Defense mechanisms,False,True,True,True
Alteromonas macleodii HOT1A3,ACZ81_11295,,TonB-dependent receptor,receptor,K02014,TC.FEV.OM; iron complex outermembrane recepter protein,The Outer Membrane Receptor (OMR) Family,Pores ion channels [TC:1],brite|tcdb|annotation,Inorganic ion transport,True,False,True,True
Alteromonas macleodii HOT1A3,ACZ81_11320,,ATP-binding cassette domain-containing protein,"ABC-type molybdate transport system, ATPase component",K02017,modC; molybdate transport system ATP-binding protein [EC:7.3.2.5],3.A.1.8,Molybdate transporter,brite|kegg|tcdb|annotation,Inorganic ion transport,True,True,True,True
Alteromonas macleodii HOT1A3,ACZ81_11325,modB,molybdate ABC transporter permease subunit,"COG4149 ABC-type molybdate transport system, permease component",K02018,modB; molybdate transport system permease protein,3.A.1.8,Molybdate transporter,brite|kegg|tcdb|annotation,Inorganic ion transport,True,True,True,True
Alteromonas macleodii HOT1A3,ACZ81_11330,modA,molybdate ABC transporter substrate-binding protein,"molybdenum ABC transporter, periplasmic",K02020,modA; molybdate transport system substrate-binding protein,3.A.1.8,Molybdate transporter,brite|kegg|tcdb|annotation,Inorganic ion transport,True,True,True,True
Alteromonas macleodii HOT1A3,ACZ81_11430,,TonB-dependent receptor domain-containing protein,"COG1629 Outer membrane receptor proteins, mostly Fe transport",,,,,annotation,Inorganic ion transport,False,False,False,True
Alteromonas macleodii HOT1A3,ACZ81_11450,rhtA,EamA family transporter,"permease, DMT superfamily",K11939,rhtA; inner membrane transporter RhtA,2.A.7.3.6,Electrochemical potential-driven transporters [TC:2],brite|kegg|tcdb|annotation,Unknown,True,True,True,True
Alteromonas macleodii HOT1A3,ACZ81_11480,eamB,LysE family translocator,threonine efflux protein,,,,,annotation,Amino acid metabolism,False,False,False,True
Alteromonas macleodii HOT1A3,ACZ81_11550,hdfR,LysR family transcriptional regulator,Transcriptional regulator,,,,,annotation,Transcription,False,False,False,True
Alteromonas macleodii HOT1A3,ACZ81_11575,,LysR family transcriptional regulator,transcriptional regulator,,,,,annotation,Transcription,False,False,False,True
Alteromonas macleodii HOT1A3,ACZ81_11670,dagA,alanine/glycine:cation symporter family protein,alanine symporter,K03310,"TC.AGCS; alanine or glycine:cation symporter, AGCS family",The Alanine or Glycine:Cation Symporter (AGCS) Family,,kegg|tcdb|annotation,Amino acid metabolism,False,True,True,True
Alteromonas macleodii HOT1A3,ACZ81_11845,,TRAP transporter substrate-binding protein,"COG1638 TRAP-type C4-dicarboxylate transport system, periplasmic component",,,,,annotation,Carbohydrate metabolism,False,False,False,True
Alteromonas macleodii HOT1A3,ACZ81_11850,,TRAP transporter small permease,"Tripartite ATP-independent periplasmic transporters, DctQ component",,,,,annotation,Carbohydrate metabolism,False,False,False,True
Alteromonas macleodii HOT1A3,ACZ81_11855,,TRAP transporter large permease,Part of the tripartite ATP-independent periplasmic (TRAP) transport system,,,,,annotation,Carbohydrate metabolism,False,False,False,True
Alteromonas macleodii HOT1A3,ACZ81_11895,,TonB-dependent receptor,"COG1629 Outer membrane receptor proteins, mostly Fe transport",,,,,annotation,Inorganic ion transport,False,False,False,True
Alteromonas macleodii HOT1A3,ACZ81_11950,,type 2 periplasmic-binding domain-containing protein,Phosphate ABC transporter substrate-binding protein,,,,,annotation,Inorganic ion transport,False,False,False,True
Alteromonas macleodii HOT1A3,ACZ81_11955,,LysR family transcriptional regulator,"Bacterial regulatory helix-turn-helix protein, lysR family",,,,,annotation,Transcription,False,False,False,True
Alteromonas macleodii HOT1A3,ACZ81_12100,sdcS,SLC13 family permease,COG0471 Di- and tricarboxylate transporters,K14445,"SLC13A2_3_5; solute carrier family 13 (sodium-dependent dicarboxylate transporter), member 2/3/5",2.A.47.1,SLC13: Human Na+-sulfate/carboxylate cotransporter,brite|kegg|tcdb|annotation,Inorganic ion transport,True,True,True,True
Alteromonas macleodii HOT1A3,ACZ81_12120,mscS,mechanosensitive ion channel family protein,Mechanosensitive ion channel,K03442,mscS; small conductance mechanosensitive channel,1.A.23.2,Pores ion channels [TC:1],brite|kegg|tcdb|annotation,Cell wall and membrane,True,True,True,True
Alteromonas macleodii HOT1A3,ACZ81_12140,,hypothetical protein,Preprotein translocase subunit SecA,,,,,annotation,Unknown,False,False,False,True
Alteromonas macleodii HOT1A3,ACZ81_12185,yhjC,LysR family transcriptional regulator,Transcriptional regulator,,,,,annotation,Transcription,False,False,False,True
Alteromonas macleodii HOT1A3,ACZ81_12220,,LysR family transcriptional regulator,Transcriptional regulator,,,,,annotation,Transcription,False,False,False,True
Alteromonas macleodii HOT1A3,ACZ81_12280,,substrate-binding periplasmic protein,ABC-type amino acid transport signal transduction systems periplasmic component domain,K02030,ABC.PA.S; polar amino acid transport system substrate-binding protein,3.A.1.3,Putative polar amino acid transporter,brite|kegg|tcdb|annotation,Amino acid metabolism,True,True,True,True
Alteromonas macleodii HOT1A3,ACZ81_12330,,AMP-binding protein,AMP-binding enzyme C-terminal domain,K01897,"ACSL, fadD; long-chain-fatty-acid---CoA ligase [EC:6.2.1.3]",4.C.1.1,,tcdb,Lipid metabolism,False,False,True,False
Alteromonas macleodii HOT1A3,ACZ81_12395,modF,ATP-binding cassette domain-containing protein,"ABC-type molybdenum transport system, ATPase component photorepair protein PhrA",K02013 ; K05776,ABC.FEV.A; iron complex transport system ATP-binding protein [EC:7.2.2.-] ; modF; molybdate transport system ATP-binding protein,3.A.1.14,Molybdate transporter ; Iron complex transporter,brite|kegg|tcdb|annotation,Inorganic ion transport,True,True,True,True
Alteromonas macleodii HOT1A3,ACZ81_12425,atoE,short-chain fatty acid transporter,COG2031 Short chain fatty acids transporter,K02106,atoE; short-chain fatty acids transporter,2.A.73.1,,kegg|tcdb|annotation,Lipid metabolism,False,True,True,True
Alteromonas macleodii HOT1A3,ACZ81_12545,nhaB,sodium/proton antiporter NhaB,Na( ) H( ) antiporter that extrudes sodium in exchange for external protons,K03314,"nhaB; Na+:H+ antiporter, NhaB family",2.A.34.1,Electrochemical potential-driven transporters [TC:2],brite|kegg|tcdb|annotation,Inorganic ion transport,True,True,True,True
Alteromonas macleodii HOT1A3,ACZ81_12550,dsbB,disulfide bond formation protein DsbB,Required for disulfide bond formation in some periplasmic proteins. Acts by oxidizing the DsbA protein,K03611,dsbB; protein dithiol:quinone oxidoreductase [EC:1.8.5.9],5.A.2.1,,tcdb,Post-translational modification,False,False,True,False
Alteromonas macleodii HOT1A3,ACZ81_12585,fadD,long-chain-fatty-acid--CoA ligase FadD,COG0318 Acyl-CoA synthetases (AMP-forming) AMP-acid ligases II,K01897,"ACSL, fadD; long-chain-fatty-acid---CoA ligase [EC:6.2.1.3]",4.C.1.1,,tcdb,Lipid metabolism,False,False,True,False
Alteromonas macleodii HOT1A3,ACZ81_12625,,cation diffusion facilitator family transporter,Cation efflux family,,,,,annotation,Inorganic ion transport,False,False,False,True
Alteromonas macleodii HOT1A3,ACZ81_12655,,sulfite exporter TauE/SafE family protein,membrane transporter protein,,,,,annotation,Unknown,False,False,False,True
Alteromonas macleodii HOT1A3,ACZ81_12745,yfdC,formate/nitrite transporter family protein,transporter (Formate nitrite transporter family) protein,K21990,yfdC; formate-nitrite transporter family protein,1.A.16.4,,kegg|tcdb|annotation,Inorganic ion transport,False,True,True,True
Alteromonas macleodii HOT1A3,ACZ81_12760,,TonB-dependent receptor,"COG1629 Outer membrane receptor proteins, mostly Fe transport",K02014,TC.FEV.OM; iron complex outermembrane recepter protein,The Outer Membrane Receptor (OMR) Family,Pores ion channels [TC:1],brite|tcdb|annotation,Inorganic ion transport,True,False,True,True
Alteromonas macleodii HOT1A3,ACZ81_12835,,type 2 periplasmic-binding domain-containing protein,,K02030,ABC.PA.S; polar amino acid transport system substrate-binding protein,3.A.1.3,Putative polar amino acid transporter,brite|kegg|tcdb|annotation,Unknown,True,True,True,True
Alteromonas macleodii HOT1A3,ACZ81_12890,lldP,L-lactate permease,L-lactate permease,K00427 ; K03303,"lldP, lctP; L-lactate permease ; lutP, lctP; lactate permease",The Lactate Permease (LctP) Family ; 2.A.14.1.1,Electrochemical potential-driven transporters [TC:2],brite|kegg|tcdb|annotation,Energy production,True,True,True,True
Alteromonas macleodii HOT1A3,ACZ81_12895,,LysR family transcriptional regulator,"Bacterial regulatory helix-turn-helix protein, lysR family",,,,,annotation,Transcription,False,False,False,True
Alteromonas macleodii HOT1A3,ACZ81_12900,,DcaP family trimeric outer membrane transporter,Forms passive diffusion pores that allow small molecular weight hydrophilic materials across the outer membrane,,,,,annotation,Cell wall and membrane,False,False,False,True
Alteromonas macleodii HOT1A3,ACZ81_12925,yfiO,outer membrane protein assembly factor BamD,"Part of the outer membrane protein assembly complex, which is involved in assembly and insertion of beta-barrel proteins into the outer membrane",K05807,bamD; outer membrane protein assembly factor BamD,1.B.33.1,Pores ion channels [TC:1],brite|tcdb,Cell wall and membrane,True,False,True,False
Alteromonas macleodii HOT1A3,ACZ81_12940,,LON peptidase substrate-binding domain-containing protein,to the N-terminal domain of Lon protease,K07157,K07157; uncharacterized protein,,,annotation,Unknown,False,False,False,True
Alteromonas macleodii HOT1A3,ACZ81_12945,,nuclear transport factor 2 family protein,Uncharacterized conserved protein (DUF2358),,,,,annotation,Unknown,False,False,False,True
Alteromonas macleodii HOT1A3,ACZ81_12970,motB,flagellar motor protein MotB,Flagellar motor protein,K02557,motB; chemotaxis protein MotB,1.A.30.1,Pores ion channels [TC:1],brite|tcdb|annotation,Cell motility,True,False,True,True
Alteromonas macleodii HOT1A3,ACZ81_12975,pomA,flagellar motor protein PomA,COG1291 Flagellar motor component,K02556,motA; chemotaxis protein MotA,1.A.30.1,Pores ion channels [TC:1],brite|tcdb|annotation,Cell motility,True,False,True,True
Alteromonas macleodii HOT1A3,ACZ81_13050,ettA,energy-dependent translational throttle protein EttA,"A translation factor that gates the progression of the 70S ribosomal initiation complex (IC, containing tRNA(fMet) in the P-site) into the translation elongation cycle by using a mechanism sensitive to the ATP/ADP ratio. Binds to the 70S ribosome E-site where it modulates the state of the translating ribosome during subunit translocation. ATP hydrolysis probably frees it from the ribosome, which can enter the elongation phase",K06020,ettA; energy-dependent translational throttle protein EttA,,,annotation,Unknown,False,False,False,True
Alteromonas macleodii HOT1A3,ACZ81_13175,fimT,GspH/FimT family pseudopilin,Pilus assembly protein,K08084,fimT; type IV fimbrial biogenesis protein FimT,3.A.15.2,,tcdb|annotation,Cell motility,False,False,True,True
Alteromonas macleodii HOT1A3,ACZ81_13180,gspJ,type IV pilin protein,Prokaryotic N-terminal methylation motif,K02456 ; K02458 ; K02459 ; K02655 ; K12285,gspG; general secretion pathway protein G ; gspI; general secretion pathway protein I ; gspJ; general secretion pathway protein J ; pilE; type IV pilus assembly protein PilE ; mshO; MSHA biogenesis protein MshO,3.A.15.2,,tcdb,Cell motility,False,False,True,False
Alteromonas macleodii HOT1A3,ACZ81_13185,VP0657,prepilin-type N-terminal cleavage/methylation domain-containing protein,COG4970 Tfp pilus assembly protein FimT,K08084,fimT; type IV fimbrial biogenesis protein FimT,3.A.15.2,,tcdb|annotation,Cell motility,False,False,True,True
Alteromonas macleodii HOT1A3,ACZ81_13205,pilE,type IV pilin protein,COG4968 Tfp pilus assembly protein PilE,K02655,pilE; type IV pilus assembly protein PilE,3.A.15.2,,tcdb,Cell motility,False,False,True,False
Alteromonas macleodii HOT1A3,ACZ81_13255,murJ,murein biosynthesis integral membrane protein MurJ,Involved in peptidoglycan biosynthesis. Transports lipid-linked peptidoglycan precursors from the inner to the outer leaflet of the cytoplasmic membrane,K03980,"murJ, mviN; putative peptidoglycan lipid II flippase",2.A.66.4,Electrochemical potential-driven transporters [TC:2],brite|tcdb,Unknown,True,False,True,False
Alteromonas macleodii HOT1A3,ACZ81_13280,,bile acid:sodium symporter family protein,Na -dependent transporter,K03453,"TC.BASS; bile acid:Na+ symporter, BASS family",The Bile Acid:Na+ Symporter (BASS) Family,,kegg|tcdb|annotation,Unknown,False,True,True,True
Alteromonas macleodii HOT1A3,ACZ81_13285,,LysR family transcriptional regulator,transcriptional regulator,,,,,annotation,Transcription,False,False,False,True
Alteromonas macleodii HOT1A3,ACZ81_13315,lon,endopeptidase La,"ATP-dependent serine protease that mediates the selective degradation of mutant and abnormal proteins as well as certain short-lived regulatory proteins. Required for cellular homeostasis and for survival from DNA damage and developmental changes induced by stress. Degrades polypeptides processively to yield small peptide fragments that are 5 to 10 amino acids long. Binds to DNA in a double-stranded, site-specific manner",K01338,lon; ATP-dependent Lon protease [EC:3.4.21.53],,,annotation,Post-translational modification,False,False,False,True
Alteromonas macleodii HOT1A3,ACZ81_13450,yfgL,outer membrane protein assembly factor BamB,"Part of the outer membrane protein assembly complex, which is involved in assembly and insertion of beta-barrel proteins into the outer membrane",K17713,bamB; outer membrane protein assembly factor BamB,1.B.33.1,Pores ion channels [TC:1],brite|tcdb,Cell wall and membrane,True,False,True,False
Alteromonas macleodii HOT1A3,ACZ81_13510,sufD,Fe-S cluster assembly protein SufD,"COG0719 ABC-type transport system involved in Fe-S cluster assembly, permease component",K09015,sufD; Fe-S cluster assembly protein SufD,,,annotation,Post-translational modification,False,False,False,True
Alteromonas macleodii HOT1A3,ACZ81_13515,sufC,Fe-S cluster assembly ATPase SufC,"COG0396 ABC-type transport system involved in Fe-S cluster assembly, ATPase component",K09013,sufC; Fe-S cluster assembly ATP-binding protein,,Orphan ABC ATPase,brite|annotation,Post-translational modification,True,False,False,True
Alteromonas macleodii HOT1A3,ACZ81_13520,sufB,Fe-S cluster assembly protein SufB,"COG0719 ABC-type transport system involved in Fe-S cluster assembly, permease component",K09014,sufB; Fe-S cluster assembly protein SufB,,,annotation,Post-translational modification,False,False,False,True
Alteromonas macleodii HOT1A3,ACZ81_13540,ethA,flavin-containing monooxygenase,flavoprotein involved in K transport,,,,,annotation,Inorganic ion transport,False,False,False,True
Alteromonas macleodii HOT1A3,ACZ81_13570,secF,protein translocase subunit SecF,Part of the Sec protein translocase complex. Interacts with the SecYEG preprotein conducting channel. SecDF uses the proton motive force (PMF) to complete protein translocation after the ATP-dependent function of SecA,K03074,secF; preprotein translocase subunit SecF,2.A.6.4 ; 3.A.5.2 ; 3.A.5.7,,kegg|tcdb|annotation,Intracellular trafficking,False,True,True,True
Alteromonas macleodii HOT1A3,ACZ81_13575,secD,protein translocase subunit SecD,Part of the Sec protein translocase complex. Interacts with the SecYEG preprotein conducting channel. SecDF uses the proton motive force (PMF) to complete protein translocation after the ATP-dependent function of SecA,K03072,secD; preprotein translocase subunit SecD,2.A.6.4 ; 3.A.5.2 ; 3.A.5.7,,kegg|tcdb|annotation,Intracellular trafficking,False,True,True,True
Alteromonas macleodii HOT1A3,ACZ81_13580,yajC,preprotein translocase subunit YajC,Preprotein translocase subunit YajC,K03210,yajC; preprotein translocase subunit YajC,3.A.5.1 ; 3.A.5.2,,kegg|tcdb|annotation,Intracellular trafficking,False,True,True,True
Alteromonas macleodii HOT1A3,ACZ81_13610,VP1064,potassium channel family protein,Ion channel,K10716,"kch, trkA, mthK, pch; voltage-gated potassium channel",1.A.1.1 ; 1.A.1.13 ; 1.A.1.17 ; 1.A.1.24 ; 1.A.1.25 ; 1.A.1.6,Pores ion channels [TC:1],brite|kegg|tcdb|annotation,Inorganic ion transport,True,True,True,True
Alteromonas macleodii HOT1A3,ACZ81_13645,,ABC transporter ATP-binding protein,ATPases associated with a variety of cellular activities,K02003,ABC.CD.A; putative ABC transport system ATP-binding protein,The ATP-binding Cassette (ABC) Superfamily,Putative ABC transporter,brite|kegg|tcdb|annotation,Defense mechanisms,True,True,True,True
Alteromonas macleodii HOT1A3,ACZ81_13650,,FtsX-like permease family protein,FtsX-like permease family,K02004,ABC.CD.P; putative ABC transport system permease protein,The ATP-binding Cassette (ABC) Superfamily,Putative ABC transporter,brite|kegg|tcdb|annotation,Defense mechanisms,True,True,True,True
Alteromonas macleodii HOT1A3,ACZ81_13680,,LysR family transcriptional regulator,Transcriptional regulator,,,,,annotation,Transcription,False,False,False,True
Alteromonas macleodii HOT1A3,ACZ81_13810,,lipopolysaccharide biosynthesis protein,Polysaccharide biosynthesis protein,K03328,"TC.PST; polysaccharide transporter, PST family",2.A.66.2,,kegg|tcdb,Unknown,False,True,True,False
Alteromonas macleodii HOT1A3,ACZ81_13845,,oligosaccharide flippase family protein,Membrane protein involved in the export of O-antigen and teichoic acid,K03328,"TC.PST; polysaccharide transporter, PST family",2.A.66.2,,kegg|tcdb,Unknown,False,True,True,False
Alteromonas macleodii HOT1A3,ACZ81_13870,wza,XrtA/PEP-CTERM system exopolysaccharide export protein,COG1596 Periplasmic protein involved in polysaccharide export,K01991,"wza, gfcE; polysaccharide biosynthesis/export protein",The Outer Membrane Auxiliary (OMA) Protein Family,Pores ion channels [TC:1],brite|tcdb,Cell wall and membrane,True,False,True,False
Alteromonas macleodii HOT1A3,ACZ81_13940,suxA,TonB-dependent receptor,"COG1629 Outer membrane receptor proteins, mostly Fe transport",,,,,annotation,Cell wall and membrane,False,False,False,True
Alteromonas macleodii HOT1A3,ACZ81_13955,,TonB-dependent receptor,TonB dependent receptor,K02014,TC.FEV.OM; iron complex outermembrane recepter protein,The Outer Membrane Receptor (OMR) Family,Pores ion channels [TC:1],brite|tcdb|annotation,Inorganic ion transport,True,False,True,True
Alteromonas macleodii HOT1A3,ACZ81_14000,spoU,TrmH family RNA methyltransferase,Belongs to the class IV-like SAM-binding methyltransferase superfamily. RNA methyltransferase TrmH family,K03437,"spoU; RNA methyltransferase, TrmH family",,,annotation,Translation,False,False,False,True
Alteromonas macleodii HOT1A3,ACZ81_14055,,choline transporter,Choline-glycine betaine transporter,,,,,annotation,Cell wall and membrane,False,False,False,True
Alteromonas macleodii HOT1A3,ACZ81_14140,,M56 family metallopeptidase,"Interacts with outer membrane receptor proteins that carry out high-affinity binding and energy dependent uptake into the periplasmic space of specific substrates. It could act to transduce energy from the cytoplasmic membrane to specific energy- requiring processes in the outer membrane, resulting in the release into the periplasm of ligands bound by these outer membrane proteins",,,,,annotation,Intracellular trafficking,False,False,False,True
Alteromonas macleodii HOT1A3,ACZ81_14210,,TonB-dependent receptor,Outer membrane receptor,K02014 ; K16087,"TC.FEV.OM; iron complex outermembrane recepter protein ; TC.FEV.OM3, tbpA, hemR, lbpA, hpuB, bhuR, hugA, hmbR; hemoglobin/transferrin/lactoferrin receptor protein",1.B.14.2,Pores ion channels [TC:1],brite|tcdb|annotation,Inorganic ion transport,True,False,True,True
Alteromonas macleodii HOT1A3,ACZ81_14220,nikA,ABC transporter substrate-binding protein,"Bacterial extracellular solute-binding proteins, family 5 Middle",K02035,ABC.PE.S; peptide/nickel transport system substrate-binding protein,3.A.1.5,Peptides/nickel transporter,brite|kegg|tcdb|annotation,Amino acid metabolism,True,True,True,True
Alteromonas macleodii HOT1A3,ACZ81_14225,nikB,ABC transporter permease,Binding-protein-dependent transport system inner membrane component,K02033,ABC.PE.P; peptide/nickel transport system permease protein,3.A.1.5,Peptides/nickel transporter,brite|kegg|tcdb|annotation,Amino acid metabolism,True,True,True,True
Alteromonas macleodii HOT1A3,ACZ81_14230,,ABC transporter permease,Binding-protein-dependent transport system inner membrane component,K02034,ABC.PE.P1; peptide/nickel transport system permease protein,3.A.1.5,Peptides/nickel transporter,brite|kegg|tcdb|annotation,Inorganic ion transport,True,True,True,True
Alteromonas macleodii HOT1A3,ACZ81_14235,,ABC transporter ATP-binding protein,Belongs to the ABC transporter superfamily,K02031 ; K02032,ddpD; peptide/nickel transport system ATP-binding protein ; ddpF; peptide/nickel transport system ATP-binding protein,3.A.1.5,Peptides/nickel transporter,brite|kegg|tcdb|annotation,Inorganic ion transport,True,True,True,True
Alteromonas macleodii HOT1A3,ACZ81_14260,,MFS transporter,Major Facilitator Superfamily,,,,,annotation,Carbohydrate metabolism,False,False,False,True
Alteromonas macleodii HOT1A3,ACZ81_14265,,marine proteobacterial sortase target protein,protein containing a von Willebrand factor type A (vWA) domain,K07114,yfbK; Ca-activated chloride channel homolog,1.A.13.2.2 ; 1.A.13.2.3,Pores ion channels [TC:1],brite|kegg|tcdb,Unknown,True,True,True,False
Alteromonas macleodii HOT1A3,ACZ81_14275,czcA,efflux RND transporter permease subunit,Belongs to the resistance-nodulation-cell division (RND) (TC 2.A.6) family,K15726,"czcA, cusA, cnrA; heavy metal efflux system protein",2.A.6.1.2,Electrochemical potential-driven transporters [TC:2],brite|kegg|tcdb|annotation,Inorganic ion transport,True,True,True,True
Alteromonas macleodii HOT1A3,ACZ81_14280,czcB,efflux RND transporter periplasmic adaptor subunit,Barrel-sandwich domain of CusB or HlyD membrane-fusion,K15727,"czcB, cusB, cnrB; membrane fusion protein, heavy metal efflux system",8.A.1.2.1,Accessory factors involved in transport [TC:8],brite|kegg|tcdb|annotation,Cell wall and membrane,True,True,True,True
Alteromonas macleodii HOT1A3,ACZ81_14340,,sugar efflux transporter,Major facilitator superfamily,K03291,"MFS.SET; MFS transporter, SET family, sugar efflux transporter",2.A.1.20,Sugar efflux transporter (SET) [TC:2.A.1.20],brite|kegg|tcdb|annotation,Amino acid metabolism,True,True,True,True
Alteromonas macleodii HOT1A3,ACZ81_14420,,hypothetical protein,ABC-type amino acid transport signal transduction systems periplasmic component domain,,,,,annotation,Amino acid metabolism,False,False,False,True
Alteromonas macleodii HOT1A3,ACZ81_14470,gluP,sugar MFS transporter,Major Facilitator Superfamily,K02429,"fucP, deoP, nagP, agaP; MFS transporter, FHS family, fucose-galactose-glucose:H+ symporter family protein",2.A.1.7,Fucose:H+ symporter (FHS) family [TC:2.A.1.7],brite|kegg|tcdb|annotation,Carbohydrate metabolism,True,True,True,True
Alteromonas macleodii HOT1A3,ACZ81_14495,,TonB-dependent receptor,"COG1629 Outer membrane receptor proteins, mostly Fe transport",K02014,TC.FEV.OM; iron complex outermembrane recepter protein,The Outer Membrane Receptor (OMR) Family,Pores ion channels [TC:1],brite|tcdb|annotation,Inorganic ion transport,True,False,True,True
Alteromonas macleodii HOT1A3,ACZ81_14510,dgdR,LysR family transcriptional regulator,Transcriptional regulator,,,,,annotation,Transcription,False,False,False,True
Alteromonas macleodii HOT1A3,ACZ81_14525,,EamA family transporter,COG0697 Permeases of the drug metabolite transporter (DMT) superfamily,,,,,annotation,Amino acid metabolism,False,False,False,True
Alteromonas macleodii HOT1A3,ACZ81_14625,mexF,efflux RND transporter permease subunit,Efflux pump,K18138 ; K18299,"acrB, mexB, adeJ, smeE, mtrD, cmeB; multidrug efflux pump ; mexF; multidrug efflux pump",2.A.6.2.16,Electrochemical potential-driven transporters [TC:2],brite|kegg|tcdb|annotation,Defense mechanisms,True,True,True,True
Alteromonas macleodii HOT1A3,ACZ81_14630,mexE,efflux RND transporter periplasmic adaptor subunit,Belongs to the membrane fusion protein (MFP) (TC 8.A.1) family,K18298,"mexE; membrane fusion protein, multidrug efflux system",The Membrane Fusion Protein (MFP) Family,Accessory factors involved in transport [TC:8],brite|kegg|tcdb|annotation,Cell wall and membrane,True,True,True,True
Alteromonas macleodii HOT1A3,ACZ81_14635,,LysR family transcriptional regulator,Transcriptional regulator,,,,,annotation,Transcription,False,False,False,True
Alteromonas macleodii HOT1A3,ACZ81_14680,ppdD,pilin,Prokaryotic N-terminal methylation motif,K02650 ; K02682,pilA; type IV pilus assembly protein PilA ; ppdD; prepilin peptidase dependent protein D,3.A.15.2,,tcdb,Cell motility,False,False,True,False
Alteromonas macleodii HOT1A3,ACZ81_14685,pilC,type II secretion system F family protein,"COG1459 Type II secretory pathway, component PulF",K02653,pilC; type IV pilus assembly protein PilC,3.A.15.2,,tcdb,Intracellular trafficking,False,False,True,False
Alteromonas macleodii HOT1A3,ACZ81_14690,pilD,prepilin peptidase,Cleaves type-4 fimbrial leader sequence and methylates the N-terminal (generally Phe) residue,K02464 ; K02654,"gspO; general secretion pathway protein O [EC:3.4.23.43 2.1.1.-] ; pilD, pppA; leader peptidase (prepilin peptidase) / N-methyltransferase [EC:3.4.23.43 2.1.1.-]",3.A.15.2,,tcdb,Cell motility,False,False,True,False
Alteromonas macleodii HOT1A3,ACZ81_14720,secA,preprotein translocase subunit SecA,"Part of the Sec protein translocase complex. Interacts with the SecYEG preprotein conducting channel. Has a central role in coupling the hydrolysis of ATP to the transfer of proteins into and across the cell membrane, serving both as a receptor for the preprotein-SecB complex and as an ATP-driven molecular motor driving the stepwise translocation of polypeptide chains across the membrane",K03070,secA; preprotein translocase subunit SecA [EC:7.4.2.8],3.A.5.1 ; 3.A.5.10 ; 3.A.5.2 ; 3.A.5.4,,kegg|tcdb|annotation,Intracellular trafficking,False,True,True,True
Alteromonas macleodii HOT1A3,ACZ81_14765,ftsW,cell division protein FtsW,Peptidoglycan polymerase that is essential for cell division,K03588,"ftsW, spoVE, rodA; peptidoglycan glycosyltransferase [EC:2.4.99.28]",2.A.103.1,Electrochemical potential-driven transporters [TC:2],brite|tcdb,Cell wall and membrane,True,False,True,False
Alteromonas macleodii HOT1A3,ACZ81_14775,mraY,phospho-N-acetylmuramoyl-pentapeptide-transferase,"Catalyzes the initial step of the lipid cycle reactions in the biosynthesis of the cell wall peptidoglycan: transfers peptidoglycan precursor phospho-MurNAc-pentapeptide from UDP-MurNAc-pentapeptide onto the lipid carrier undecaprenyl phosphate, yielding undecaprenyl-pyrophosphoryl-MurNAc-pentapeptide, known as lipid I",K01000,mraY; phospho-N-acetylmuramoyl-pentapeptide-transferase [EC:2.7.8.13],The Putative Undecaprenyl-phosphate N-Acetylglucosaminyl Transferase (MurG) Family,,tcdb,Cell wall and membrane,False,False,True,False
Alteromonas macleodii HOT1A3,ACZ81_14825,cusA,efflux RND transporter permease subunit,Belongs to the resistance-nodulation-cell division (RND) (TC 2.A.6) family,K07787,"cusA, silA; copper/silver efflux system protein",2.A.6.1.4,Electrochemical potential-driven transporters [TC:2],brite|kegg|tcdb|annotation,Inorganic ion transport,True,True,True,True
Alteromonas macleodii HOT1A3,ACZ81_14830,cusB,efflux RND transporter periplasmic adaptor subunit,Belongs to the membrane fusion protein (MFP) (TC 8.A.1) family,K07798,"cusB, silB; membrane fusion protein, copper/silver efflux system",2.A.6.1.4 ; The Membrane Fusion Protein (MFP) Family,Accessory factors involved in transport [TC:8],brite|kegg|tcdb|annotation,Cell wall and membrane,True,True,True,True
Alteromonas macleodii HOT1A3,ACZ81_14835,,TolC family protein,COG1538 Outer membrane protein,,,,,annotation,Cell wall and membrane,False,False,False,True
Alteromonas macleodii HOT1A3,ACZ81_14900,mscS,mechanosensitive ion channel family protein,"Mechanosensitive channel that participates in the regulation of osmotic pressure changes within the cell, opening in response to stretch forces in the membrane lipid bilayer, without the need for other proteins. Contributes to normal resistance to hypoosmotic shock. Forms an ion channel of 1.0 nanosiemens conductance with a slight preference for anions",K03442,mscS; small conductance mechanosensitive channel,1.A.23.2,Pores ion channels [TC:1],brite|kegg|tcdb|annotation,Cell wall and membrane,True,True,True,True
Alteromonas macleodii HOT1A3,ACZ81_14930,pilU,PilT/PilU family type 4a pilus ATPase,"COG5008 Tfp pilus assembly protein, ATPase PilU",K02670,pilU; twitching motility protein PilU,3.A.15.2,,tcdb,Cell motility,False,False,True,False
Alteromonas macleodii HOT1A3,ACZ81_14935,pilT,type IV pilus twitching motility protein PilT,"COG2805 Tfp pilus assembly protein, pilus retraction ATPase PilT",K02669,pilT; twitching motility protein PilT,3.A.15.2,,tcdb,Cell motility,False,False,True,False
Alteromonas macleodii HOT1A3,ACZ81_14975,,glutathione S-transferase family protein,Belongs to the GST superfamily,K00799,"GST, gst; glutathione S-transferase [EC:2.5.1.18]",1.A.12.2.2 ; 1.A.12.3.2,Pores ion channels [TC:1],brite|tcdb,Coenzyme metabolism,True,False,True,False
Alteromonas macleodii HOT1A3,ACZ81_14995,,AzlD domain-containing protein,branched-chain amino acid,,,,,annotation,Unknown,False,False,False,True
Alteromonas macleodii HOT1A3,ACZ81_15000,ygaZ,AzlC family ABC transporter permease,branched-chain amino acid,,,,,annotation,Amino acid metabolism,False,False,False,True
Alteromonas macleodii HOT1A3,ACZ81_15015,araJ,MFS transporter,Arabinose efflux permease,K08156 ; K18567 ; K19577,"araJ; MFS transporter, DHA1 family, arabinose polymer utilization protein ; pbuE; MFS transporter, DHA1 family, purine base/nucleoside efflux pump ; ydhP; MFS transporter, DHA1 family, inner membrane transport protein",2.A.1.2.14 ; 2.A.1.2.25 ; 2.A.1.2.65,Drug:H+ antiporter-1 (12 spanner) (DHA1) family [TC:2.A.1.2],brite|kegg|tcdb|annotation,Amino acid metabolism,True,True,True,True
Alteromonas macleodii HOT1A3,ACZ81_15065,,LysR substrate-binding domain-containing protein,Transcriptional regulator,,,,,annotation,Transcription,False,False,False,True
Alteromonas macleodii HOT1A3,ACZ81_15110,arsB,ACR3 family arsenite efflux transporter,COG0798 Arsenite efflux pump ACR3 and related permeases,K03325,"ACR3, arsB; arsenite transporter",The Arsenical Resistance-3 (ACR3) Family,Electrochemical potential-driven transporters [TC:2],brite|kegg|tcdb|annotation,Inorganic ion transport,True,True,True,True
Alteromonas macleodii HOT1A3,ACZ81_15170,,SRPBCC family protein,,,,,,annotation,Unknown,False,False,False,True
Alteromonas macleodii HOT1A3,ACZ81_15200,kdtX,glycosyltransferase family 2 protein,Glycosyl transferase family 2,K12984,"waaE, kdtX; (heptosyl)LPS beta-1,4-glucosyltransferase [EC:2.4.1.-]",4.D.1.3,,tcdb,Cell wall and membrane,False,False,True,False
Alteromonas macleodii HOT1A3,ACZ81_15240,,MFS transporter,COG0477 Permeases of the major facilitator superfamily,,,,,annotation,Amino acid metabolism,False,False,False,True
Alteromonas macleodii HOT1A3,ACZ81_15250,emrE,DMT family transporter,COG2076 Membrane transporters of cations and cationic drugs,K03297,"emrE, qac, mmr, smr; small multidrug resistance pump",2.A.7.1,Electrochemical potential-driven transporters [TC:2],brite|tcdb|annotation,Intracellular trafficking,True,False,True,True
Alteromonas macleodii HOT1A3,ACZ81_15275,,TonB-dependent receptor,TonB-dependent receptor,K02014,TC.FEV.OM; iron complex outermembrane recepter protein,The Outer Membrane Receptor (OMR) Family,Pores ion channels [TC:1],brite|tcdb|annotation,Inorganic ion transport,True,False,True,True
Alteromonas macleodii HOT1A3,ACZ81_15310,nanT,sodium:solute symporter family transporter,Belongs to the sodium solute symporter (SSF) (TC 2.A.21) family,K03307,"TC.SSS; solute:Na+ symporter, SSS family",The Solute:Sodium Symporter (SSS) Family,,kegg|tcdb|annotation,Amino acid metabolism,False,True,True,True
Alteromonas macleodii HOT1A3,ACZ81_15370,btuF,cobalamin-binding protein,"COG0614 ABC-type Fe3 -hydroxamate transport system, periplasmic component",K02016 ; K06858,ABC.FEV.S; iron complex transport system substrate-binding protein ; btuF; vitamin B12 transport system substrate-binding protein,3.A.1.13 ; 3.A.1.14,Vitamin B12 transporter ; Iron complex transporter,brite|kegg|tcdb|annotation,Inorganic ion transport,True,True,True,True
Alteromonas macleodii HOT1A3,ACZ81_15415,nhaD,ArsB/NhaD family transporter,COG1055 Na H antiporter NhaD and related arsenite permeases,,,,,annotation,Inorganic ion transport,False,False,False,True
Alteromonas macleodii HOT1A3,ACZ81_15420,fucP,L-fucose:H+ symporter permease,Major Facilitator Superfamily,K02429,"fucP, deoP, nagP, agaP; MFS transporter, FHS family, fucose-galactose-glucose:H+ symporter family protein",2.A.1.7,Fucose:H+ symporter (FHS) family [TC:2.A.1.7],brite|kegg|tcdb|annotation,Carbohydrate metabolism,True,True,True,True
Alteromonas macleodii HOT1A3,ACZ81_15425,rpfN,carbohydrate porin,"Carbohydrate-selective porin, OprB family",K07267,oprB; porin,1.B.19.1,Pores ion channels [TC:1],brite|tcdb,Cell wall and membrane,True,False,True,False
Alteromonas macleodii HOT1A3,ACZ81_15450,,glutathione S-transferase family protein,Glutathione S-transferase,K00799,"GST, gst; glutathione S-transferase [EC:2.5.1.18]",1.A.12.2.2 ; 1.A.12.3.2,Pores ion channels [TC:1],brite|tcdb,Post-translational modification,True,False,True,False
Alteromonas macleodii HOT1A3,ACZ81_15495,VP1164,putative manganese transporter,"Putative, 10TM heavy-metal exporter",,,,,annotation,Unknown,False,False,False,True
Alteromonas macleodii HOT1A3,ACZ81_15505,eriC,chloride channel protein,COG0038 Chloride channel protein EriC,K03281,"clcA, clcB, CLC-E, CLC-F; chloride channel protein, CIC family",The Chloride Carrier/Channel (ClC) Family,Electrochemical potential-driven transporters [TC:2],brite|kegg|tcdb|annotation,Inorganic ion transport,True,True,True,True
Alteromonas macleodii HOT1A3,ACZ81_15525,mntH,Nramp family divalent metal transporter,COG1914 Mn2 and Fe2 transporters of the NRAMP family,,,,,annotation,Inorganic ion transport,False,False,False,True
Alteromonas macleodii HOT1A3,ACZ81_15600,,ABC transporter substrate-binding protein,Spermidine putrescine-binding periplasmic protein,K02055,ABC.SP.S; putative spermidine/putrescine transport system substrate-binding protein,3.A.1.11,Putative spermidine/putrescine transporter,brite|kegg|tcdb|annotation,Amino acid metabolism,True,True,True,True
Alteromonas macleodii HOT1A3,ACZ81_15625,lptF,LPS export ABC transporter permease LptF,permeases,K07091,lptF; lipopolysaccharide export system permease protein,1.B.42.1,Lipopolysaccharide transporter,brite|kegg|tcdb|annotation,Unknown,True,True,True,True
Alteromonas macleodii HOT1A3,ACZ81_15630,lptG,LPS export ABC transporter permease LptG,Part of the ABC transporter complex LptBFG involved in the translocation of lipopolysaccharide (LPS) from the inner membrane to the outer membrane,K11720,lptG; lipopolysaccharide export system permease protein,1.B.42.1,Lipopolysaccharide transporter,brite|kegg|tcdb|annotation,Unknown,True,True,True,True
Alteromonas macleodii HOT1A3,ACZ81_15640,,TonB-dependent receptor,receptor,,,,,annotation,Coenzyme metabolism,False,False,False,True
Alteromonas macleodii HOT1A3,ACZ81_15700,,permease,Predicted permease,K07089,K07089; uncharacterized protein,,,annotation,Unknown,False,False,False,True
Alteromonas macleodii HOT1A3,ACZ81_15705,,cation diffusion facilitator family transporter,Cation efflux family,,,,,annotation,Inorganic ion transport,False,False,False,True
Alteromonas macleodii HOT1A3,ACZ81_15755,yhhT,AI-2E family transporter,AI-2E family transporter,,,,,annotation,Unknown,False,False,False,True
Alteromonas macleodii HOT1A3,ACZ81_15760,fcuA,TonB-dependent receptor,TonB dependent receptor,K02014,TC.FEV.OM; iron complex outermembrane recepter protein,The Outer Membrane Receptor (OMR) Family,Pores ion channels [TC:1],brite|tcdb|annotation,Inorganic ion transport,True,False,True,True
Alteromonas macleodii HOT1A3,ACZ81_15825,glpF,MIP/aquaporin family protein,Belongs to the MIP aquaporin (TC 1.A.8) family,K02440,glpF; glycerol uptake facilitator,1.A.8.1 ; 1.A.8.2,Aquaglyceroporins or glycerol-uptake facilitators,brite|kegg|tcdb,Intracellular trafficking,True,True,True,False
Alteromonas macleodii HOT1A3,ACZ81_15830,yigM,DMT family transporter,COG0697 Permeases of the drug metabolite transporter (DMT) superfamily,,,,,annotation,Amino acid metabolism,False,False,False,True
Alteromonas macleodii HOT1A3,ACZ81_15840,,TonB-dependent receptor plug domain-containing protein,TonB dependent receptor,,,,,annotation,Inorganic ion transport,False,False,False,True
Alteromonas macleodii HOT1A3,ACZ81_15850,mntP,manganese efflux pump MntP,Probably functions as a manganese efflux pump,,,,,annotation,Inorganic ion transport,False,False,False,True
Alteromonas macleodii HOT1A3,ACZ81_15880,,AEC family transporter,Auxin Efflux Carrier,K07088,K07088,,,annotation,Unknown,False,False,False,True
Alteromonas macleodii HOT1A3,ACZ81_15895,pedG,substrate-binding periplasmic protein,"COG0834 ABC-type amino acid transport signal transduction systems, periplasmic component domain",,,,,annotation,Amino acid metabolism,False,False,False,True
Alteromonas macleodii HOT1A3,ACZ81_15900,,type 1 periplasmic-binding domain-containing protein,"TIGRFAM ABC transporter, substrate binding protein, PQQ-dependent alcohol dehydrogenase system",,,,,annotation,Amino acid metabolism,False,False,False,True
Alteromonas macleodii HOT1A3,ACZ81_15910,pedB,ATP-binding cassette domain-containing protein,"COG1131 ABC-type multidrug transport system, ATPase component",K01990,ABC-2.A; ABC-2 type transport system ATP-binding protein,The ATP-binding Cassette (ABC) Superfamily,ABC-2 type transporter,brite|kegg|tcdb|annotation,Defense mechanisms,True,True,True,True
Alteromonas macleodii HOT1A3,ACZ81_15915,pedC,ABC transporter permease,"COG0842 ABC-type multidrug transport system, permease component",K01992,ABC-2.P; ABC-2 type transport system permease protein,The ATP-binding Cassette (ABC) Superfamily,ABC-2 type transporter,brite|kegg|tcdb|annotation,Defense mechanisms,True,True,True,True
Alteromonas macleodii HOT1A3,ACZ81_15925,pqqB,pyrroloquinoline quinone biosynthesis protein PqqB,May be involved in the transport of PQQ or its precursor to the periplasm,K06136,pqqB; pyrroloquinoline quinone biosynthesis protein B,,,annotation,Unknown,False,False,False,True
Alteromonas macleodii HOT1A3,ACZ81_15950,,TonB-dependent receptor,TonB dependent receptor,,,,,annotation,Coenzyme metabolism,False,False,False,True
Alteromonas macleodii HOT1A3,ACZ81_16005,,LysR family transcriptional regulator,transcriptional regulator,,,,,annotation,Transcription,False,False,False,True
Alteromonas macleodii HOT1A3,ACZ81_16020,betT,BCCT family transporter,Belongs to the BCCT transporter (TC 2.A.15) family,K02168,"betT, betS; choline/glycine/proline betaine transport protein",2.A.15.1.3 ; 2.A.15.1.4,Electrochemical potential-driven transporters [TC:2],brite|kegg|tcdb|annotation,Cell wall and membrane,True,True,True,True
Alteromonas macleodii HOT1A3,ACZ81_16035,,TonB-dependent receptor,Secretin and TonB N terminus short domain,,,,,annotation,Cell wall and membrane,False,False,False,True
Alteromonas macleodii HOT1A3,ACZ81_16045,,LysR family transcriptional regulator,Transcriptional regulator,,,,,annotation,Transcription,False,False,False,True
Alteromonas macleodii HOT1A3,ACZ81_16065,csgG,CsgG/HfaB family protein,May be involved in the biogenesis of curli organelles,K06214,csgG; curli production assembly/transport component CsgG,,,kegg|annotation,Cell wall and membrane,False,True,False,True
Alteromonas macleodii HOT1A3,ACZ81_16070,csgF,curli assembly protein CsgF,"Type VIII secretion system (T8SS), CsgF protein",K04338,csgF; curli production assembly/transport component CsgF,,,kegg,Unknown,False,True,False,False
Alteromonas macleodii HOT1A3,ACZ81_16075,csgE,CsgE family curli-type amyloid fiber assembly protein,Curli assembly protein CsgE,K04337,csgE; curli production assembly/transport component CsgE,,,kegg,Unknown,False,True,False,False
Alteromonas macleodii HOT1A3,ACZ81_16115,,mechanosensitive ion channel family protein,Mechanosensitive ion channel,,,,,annotation,Cell wall and membrane,False,False,False,True
Alteromonas macleodii HOT1A3,ACZ81_16130,,porin family protein,OmpA-like transmembrane domain,K03286,"TC.OOP; OmpA-OmpF porin, OOP family",The OmpA-OmpF Porin (OOP) Family,Pores ion channels [TC:1],brite|tcdb,Cell wall and membrane,True,False,True,False
Alteromonas macleodii HOT1A3,ACZ81_16145,,LysR family transcriptional regulator,Transcriptional regulator,K19338,"nac; LysR family transcriptional regulator, nitrogen assimilation regulatory protein",,,annotation,Transcription,False,False,False,True
Alteromonas macleodii HOT1A3,ACZ81_16150,,TonB-dependent receptor plug domain-containing protein,receptor,K02014,TC.FEV.OM; iron complex outermembrane recepter protein,The Outer Membrane Receptor (OMR) Family,Pores ion channels [TC:1],brite|tcdb|annotation,Inorganic ion transport,True,False,True,True
Alteromonas macleodii HOT1A3,ACZ81_16155,,sulfite exporter TauE/SafE family protein,membrane transporter protein,,,,,annotation,Unknown,False,False,False,True
Alteromonas macleodii HOT1A3,ACZ81_16360,,mechanosensitive ion channel family protein,Mechanosensitive ion channel,K16053,"ybdG, mscM; miniconductance mechanosensitive channel",1.A.23.4.5,Pores ion channels [TC:1],brite|kegg|tcdb|annotation,Cell wall and membrane,True,True,True,True
Alteromonas macleodii HOT1A3,ACZ81_16380,,sodium-dependent transporter,COG0733 Na -dependent transporters of the SNF family,K03308,"TC.NSS; neurotransmitter:Na+ symporter, NSS family",2.A.22.4 ; 2.A.22.5,,kegg|tcdb|annotation,Unknown,False,True,True,True
Alteromonas macleodii HOT1A3,ACZ81_16420,,ExbD/TolR family protein,Biopolymer transport protein ExbD/TolR,K03559,exbD; biopolymer transport protein ExbD,1.A.30.2.1,Pores ion channels [TC:1],brite|kegg|tcdb|annotation,Intracellular trafficking,True,True,True,True
Alteromonas macleodii HOT1A3,ACZ81_16430,,cellulose synthase subunit BcsC-related outer membrane protein,Cellulose synthase operon protein C C-terminus (BCSC_C),K20543,bcsC; cellulose synthase operon protein C,1.B.55.3,Pores ion channels [TC:1],brite|tcdb,Post-translational modification,True,False,True,False
Alteromonas macleodii HOT1A3,ACZ81_16440,,cellulose biosynthesis cyclic di-GMP-binding regulatory protein BcsB,Bacterial cellulose synthase subunit,K20541,bcsB; cellulose synthase operon protein B,4.D.3.1.6,,tcdb,Unknown,False,False,True,False
Alteromonas macleodii HOT1A3,ACZ81_16445,bcsA,UDP-forming cellulose synthase catalytic subunit,Cellulose synthase catalytic subunit,K00694,bcsA; cellulose synthase (UDP-forming) [EC:2.4.1.12],4.D.3.1.2 ; 4.D.3.1.5 ; 4.D.3.1.6,,tcdb,Cell wall and membrane,False,False,True,False
Alteromonas macleodii HOT1A3,ACZ81_16495,,APC family permease,amino acid,,,,,annotation,Amino acid metabolism,False,False,False,True
Alteromonas macleodii HOT1A3,ACZ81_16510,,LysR family transcriptional regulator,Transcriptional regulator,,,,,annotation,Transcription,False,False,False,True
Alteromonas macleodii HOT1A3,ACZ81_16565,ybbW,NCS1 family nucleobase:cation symporter-1,"Permease for cytosine/purines, uracil, thiamine, allantoin",K03457 ; K10975,"TC.NCS1; nucleobase:cation symporter-1, NCS1 family ; allP; allantoin permease",The Nucleobase:Cation Symporter-1 (NCS1) Family ; 2.A.39.3.8,Electrochemical potential-driven transporters [TC:2],brite|kegg|tcdb|annotation,Nucleotide metabolism,True,True,True,True
Alteromonas macleodii HOT1A3,ACZ81_16570,,TonB-dependent receptor,TonB dependent receptor,K02014,TC.FEV.OM; iron complex outermembrane recepter protein,The Outer Membrane Receptor (OMR) Family,Pores ion channels [TC:1],brite|tcdb|annotation,Inorganic ion transport,True,False,True,True
Alteromonas macleodii HOT1A3,ACZ81_16630,gntU,GntP family permease,COG2610 H gluconate symporter and related permeases,K03299 ; K06156,"TC.GNTP; gluconate:H+ symporter, GntP family ; gntU; Gnt-I system low-affinity gluconate transporter",The Gluconate:H+ Symporter (GntP) Family ; 2.A.8.1.8,Electrochemical potential-driven transporters [TC:2],brite|kegg|tcdb|annotation,Amino acid metabolism,True,True,True,True
Alteromonas macleodii HOT1A3,ACZ81_16680,nqrF,NADH:ubiquinone reductase (Na(+)-transporting) subunit F,"NQR complex catalyzes the reduction of ubiquinone-1 to ubiquinol by two successive reactions, coupled with the transport of Na(+) ions from the cytoplasm to the periplasm. The first step is catalyzed by NqrF, which accepts electrons from NADH and reduces ubiquinone-1 to ubisemiquinone by a one-electron transfer pathway",K00351,nqrF; Na+-transporting NADH:ubiquinone oxidoreductase subunit F [EC:7.2.1.1],,,kegg|annotation,Energy production,False,True,False,True
Alteromonas macleodii HOT1A3,ACZ81_16685,nqrE,NADH:ubiquinone reductase (Na(+)-transporting) subunit E,"NQR complex catalyzes the reduction of ubiquinone-1 to ubiquinol by two successive reactions, coupled with the transport of Na(+) ions from the cytoplasm to the periplasm. NqrA to NqrE are probably involved in the second step, the conversion of ubisemiquinone to ubiquinol",K00350,nqrE; Na+-transporting NADH:ubiquinone oxidoreductase subunit E [EC:7.2.1.1],,,kegg|annotation,Energy production,False,True,False,True
Alteromonas macleodii HOT1A3,ACZ81_16690,nqrD,NADH:ubiquinone reductase (Na(+)-transporting) subunit D,"NQR complex catalyzes the reduction of ubiquinone-1 to ubiquinol by two successive reactions, coupled with the transport of Na(+) ions from the cytoplasm to the periplasm. NqrA to NqrE are probably involved in the second step, the conversion of ubisemiquinone to ubiquinol",K00349,nqrD; Na+-transporting NADH:ubiquinone oxidoreductase subunit D [EC:7.2.1.1],,,kegg|annotation,Energy production,False,True,False,True
Alteromonas macleodii HOT1A3,ACZ81_16695,nqrC,Na(+)-translocating NADH-quinone reductase subunit C,"NQR complex catalyzes the reduction of ubiquinone-1 to ubiquinol by two successive reactions, coupled with the transport of Na( ) ions from the cytoplasm to the periplasm. NqrA to NqrE are probably involved in the second step, the conversion of ubisemiquinone to ubiquinol",K00348,nqrC; Na+-transporting NADH:ubiquinone oxidoreductase subunit C [EC:7.2.1.1],,,kegg|annotation,Energy production,False,True,False,True
Alteromonas macleodii HOT1A3,ACZ81_16700,nqrB,NADH:ubiquinone reductase (Na(+)-transporting) subunit B,"NQR complex catalyzes the reduction of ubiquinone-1 to ubiquinol by two successive reactions, coupled with the transport of Na(+) ions from the cytoplasm to the periplasm. NqrA to NqrE are probably involved in the second step, the conversion of ubisemiquinone to ubiquinol",K00347,nqrB; Na+-transporting NADH:ubiquinone oxidoreductase subunit B [EC:7.2.1.1],,,kegg|annotation,Energy production,False,True,False,True
Alteromonas macleodii HOT1A3,ACZ81_16705,nqrA,Na(+)-translocating NADH-quinone reductase subunit A,"NQR complex catalyzes the reduction of ubiquinone-1 to ubiquinol by two successive reactions, coupled with the transport of Na( ) ions from the cytoplasm to the periplasm. NqrA to NqrE are probably involved in the second step, the conversion of ubisemiquinone to ubiquinol",K00346,nqrA; Na+-transporting NADH:ubiquinone oxidoreductase subunit A [EC:7.2.1.1],,,kegg|annotation,Energy production,False,True,False,True
Alteromonas macleodii HOT1A3,ACZ81_16740,,TonB-dependent receptor,Carboxypeptidase regulatory-like domain,,,,,annotation,Inorganic ion transport,False,False,False,True
Alteromonas macleodii HOT1A3,ACZ81_16745,,PhnD/SsuA/transferrin family substrate-binding protein,"COG3221 ABC-type phosphate phosphonate transport system, periplasmic component",,,,,annotation,Inorganic ion transport,False,False,False,True
Alteromonas macleodii HOT1A3,ACZ81_16760,yeiM,NupC/NupG family nucleoside CNT transporter,Belongs to the concentrative nucleoside transporter (CNT) (TC 2.A.41) family,K03317,"TC.CNT; concentrative nucleoside transporter, CNT family",The Concentrative Nucleoside Transporter (CNT) Family,,kegg|tcdb|annotation,Intracellular trafficking,False,True,True,True
Alteromonas macleodii HOT1A3,ACZ81_16795,,putative nucleotidyltransferase substrate binding domain-containing protein,signal-transduction protein containing cAMP-binding and CBS domains,K07182,K07182; CBS domain-containing protein,,,annotation,Signal transduction,False,False,False,True
Alteromonas macleodii HOT1A3,ACZ81_16800,actP,sodium:solute symporter family protein,Belongs to the sodium solute symporter (SSF) (TC 2.A.21) family,K14393,actP; cation/acetate symporter,2.A.21.7,Electrochemical potential-driven transporters [TC:2],brite|kegg|tcdb|annotation,Unknown,True,True,True,True
Alteromonas macleodii HOT1A3,ACZ81_16810,,PAS domain-containing hybrid sensor histidine kinase/response regulator,PAS fold,,,,,annotation,Signal transduction,False,False,False,True
Alteromonas macleodii HOT1A3,ACZ81_16815,,mechanosensitive ion channel family protein,"Mechanosensitive channel that participates in the regulation of osmotic pressure changes within the cell, opening in response to stretch forces in the membrane lipid bilayer, without the need for other proteins. Contributes to normal resistance to hypoosmotic shock. Forms an ion channel of 1.0 nanosiemens conductance with a slight preference for anions",,,,,annotation,Cell wall and membrane,False,False,False,True
Alteromonas macleodii HOT1A3,ACZ81_16835,,amino acid ABC transporter substrate-binding protein,ABC-type amino acid transport signal transduction systems periplasmic component domain,,,,,annotation,Amino acid metabolism,False,False,False,True
Alteromonas macleodii HOT1A3,ACZ81_16850,,DcaP family trimeric outer membrane transporter,Forms passive diffusion pores that allow small molecular weight hydrophilic materials across the outer membrane,,,,,annotation,Cell wall and membrane,False,False,False,True
Alteromonas macleodii HOT1A3,ACZ81_17005,,TolC family protein,Outer membrane efflux protein,,,,,annotation,Cell wall and membrane,False,False,False,True
Alteromonas macleodii HOT1A3,ACZ81_17015,,ABC transporter transmembrane domain-containing protein,"ABC transporter, ATP-binding protein",K02021,ABC.MR; putative ABC transport system ATP-binding protein,3.A.1.106 ; 3.A.1.110 ; 3.A.1.112 ; 3.A.1.113 ; 3.A.1.117 ; 3.A.1.21,Other ABC transporters,brite|kegg|tcdb|annotation,Defense mechanisms,True,True,True,True
Alteromonas macleodii HOT1A3,ACZ81_17020,nhaR,LysR family transcriptional regulator,Transcriptional regulator,K03717,"nhaR; LysR family transcriptional regulator, transcriptional activator of nhaA",,,annotation,Transcription,False,False,False,True
Alteromonas macleodii HOT1A3,ACZ81_17040,rfbD,dTDP-4-dehydrorhamnose reductase,Catalyzes the reduction of dTDP-6-deoxy-L-lyxo-4- hexulose to yield dTDP-L-rhamnose,K00067,"rfbD, rmlD; dTDP-4-dehydrorhamnose reductase [EC:1.1.1.133]",,,annotation,Cell wall and membrane,False,False,False,True
Alteromonas macleodii HOT1A3,ACZ81_17060,,glycosyltransferase,Glycosyl transferases group 1,K20444,rfbC; O-antigen biosynthesis protein [EC:2.4.1.-],4.D.1.3,,tcdb,Cell wall and membrane,False,False,True,False
Alteromonas macleodii HOT1A3,ACZ81_17070,,hypothetical protein,COG0438 Glycosyltransferase,K20444,rfbC; O-antigen biosynthesis protein [EC:2.4.1.-],4.D.1.3,,tcdb,Cell wall and membrane,False,False,True,False
Alteromonas macleodii HOT1A3,ACZ81_17250,,glycosyltransferase family 2 protein,Glycosyltransferase like family 2,K20444,rfbC; O-antigen biosynthesis protein [EC:2.4.1.-],4.D.1.3,,tcdb,Cell wall and membrane,False,False,True,False
Alteromonas macleodii HOT1A3,ACZ81_17300,secY,preprotein translocase subunit SecY,"The central subunit of the protein translocation channel SecYEG. Consists of two halves formed by TMs 1-5 and 6-10. These two domains form a lateral gate at the front which open onto the bilayer between TMs 2 and 7, and are clamped together by SecE at the back. The channel is closed by both a pore ring composed of hydrophobic SecY resides and a short helix (helix 2A) on the extracellular side of the membrane which forms a plug. The plug probably moves laterally to allow the channel to open. The ring and the pore may move independently",K03076,secY; preprotein translocase subunit SecY,The General Secretory Pathway (Sec) Family,,kegg|tcdb|annotation,Intracellular trafficking,False,True,True,True
Alteromonas macleodii HOT1A3,ACZ81_17370,rlmB,23S rRNA (guanosine(2251)-2^-O)-methyltransferase RlmB,Specifically methylates the ribose of guanosine 2251 in 23S rRNA,K03218,rlmB; 23S rRNA (guanosine2251-2^-O)-methyltransferase [EC:2.1.1.185],,,annotation,Translation,False,False,False,True
Alteromonas macleodii HOT1A3,ACZ81_17395,,TonB-dependent receptor,receptor,,,,,annotation,Coenzyme metabolism,False,False,False,True
Alteromonas macleodii HOT1A3,ACZ81_17420,motX,tetratricopeptide repeat protein,"COG0790 FOG TPR repeat, SEL1 subfamily",K21217,motX; sodium-type polar flagellar protein MotX,1.A.30.1,Pores ion channels [TC:1],brite|tcdb,Cell motility,True,False,True,False
Alteromonas macleodii HOT1A3,ACZ81_17450,,substrate-binding periplasmic protein,ABC-type amino acid transport signal transduction systems periplasmic component domain,K02030,ABC.PA.S; polar amino acid transport system substrate-binding protein,3.A.1.3,Putative polar amino acid transporter,brite|kegg|tcdb|annotation,Amino acid metabolism,True,True,True,True
Alteromonas macleodii HOT1A3,ACZ81_17475,cydA,cytochrome ubiquinol oxidase subunit I,"COG1271 Cytochrome bd-type quinol oxidase, subunit 1",K00425,cydA; cytochrome bd ubiquinol oxidase subunit I [EC:7.1.1.7],3.D.4.3,,tcdb,Energy production,False,False,True,False
Alteromonas macleodii HOT1A3,ACZ81_17480,cydB,cytochrome d ubiquinol oxidase subunit II,"COG1294 Cytochrome bd-type quinol oxidase, subunit 2",K00426,cydB; cytochrome bd ubiquinol oxidase subunit II [EC:7.1.1.7],3.D.4.3,,tcdb,Energy production,False,False,True,False
Alteromonas macleodii HOT1A3,ACZ81_17535,,phosphate/phosphite/phosphonate ABC transporter substrate-binding protein,"ABC-type phosphate phosphonate transport system, periplasmic component",K02044,phnD; phosphonate transport system substrate-binding protein,3.A.1.9,Phosphonate transporter,brite|kegg|tcdb|annotation,Inorganic ion transport,True,True,True,True
Alteromonas macleodii HOT1A3,ACZ81_17560,,TonB-dependent receptor,"COG1629 Outer membrane receptor proteins, mostly Fe transport",K02014,TC.FEV.OM; iron complex outermembrane recepter protein,The Outer Membrane Receptor (OMR) Family,Pores ion channels [TC:1],brite|tcdb|annotation,Inorganic ion transport,True,False,True,True
Alteromonas macleodii HOT1A3,ACZ81_17570,,amidohydrolase family protein,COG0823 Periplasmic component of the Tol biopolymer transport system,,,,,annotation,Secondary metabolites,False,False,False,True
Alteromonas macleodii HOT1A3,ACZ81_17595,,MotA/TolQ/ExbB proton channel family protein,MotA/TolQ/ExbB proton channel family,,,,,annotation,Intracellular trafficking,False,False,False,True
Alteromonas macleodii HOT1A3,ACZ81_17615,,HlyD family secretion protein,HlyD family secretion protein,K13408,"cvaA, mchE, raxA; membrane fusion protein",The Membrane Fusion Protein (MFP) Family,Accessory factors involved in transport [TC:8],brite|tcdb,Cell wall and membrane,True,False,True,False
Alteromonas macleodii HOT1A3,ACZ81_17620,cvaB,peptidase domain-containing ABC transporter,"COG2274 ABC-type bacteriocin lantibiotic exporters, contain an N-terminal double-glycine peptidase domain",K06147 ; K13409,"ABCB-BAC; ATP-binding cassette, subfamily B, bacterial ; cvaB, mchF, raxB; ATP-binding cassette, subfamily B, bacterial CvaB/MchF/RaxB",3.A.1.106 ; 3.A.1.109 ; 3.A.1.110 ; 3.A.1.21,ABCB-BAC subgroup,brite|kegg|tcdb|annotation,Defense mechanisms,True,True,True,True
Alteromonas macleodii HOT1A3,ACZ81_17760,ftsX,permease-like cell division protein FtsX,Part of the ABC transporter FtsEX involved in cellular division,K09811,ftsX; cell division transport system permease protein,3.A.1.140,Cell division transporter,brite|kegg|tcdb|annotation,Cell cycle and division,True,True,True,True
Alteromonas macleodii HOT1A3,ACZ81_17765,ftsE,cell division ATP-binding protein FtsE,Part of the ABC transporter FtsEX involved in cellular division. Important for assembly or stability of the septal ring,K09812,ftsE; cell division transport system ATP-binding protein,3.A.1.140,Cell division transporter,brite|kegg|tcdb|annotation,Cell cycle and division,True,True,True,True
Alteromonas macleodii HOT1A3,ACZ81_17770,ftsY,signal recognition particle-docking protein FtsY,"Involved in targeting and insertion of nascent membrane proteins into the cytoplasmic membrane. Acts as a receptor for the complex formed by the signal recognition particle (SRP) and the ribosome-nascent chain (RNC). Interaction with SRP-RNC leads to the transfer of the RNC complex to the Sec translocase for insertion into the membrane, the hydrolysis of GTP by both Ffh and FtsY, and the dissociation of the SRP-FtsY complex into the individual components",K03110,ftsY; fused signal recognition particle receptor,3.A.5.1 ; 3.A.5.2 ; 3.A.5.7,,tcdb|annotation,Intracellular trafficking,False,False,True,True
Alteromonas macleodii HOT1A3,ACZ81_17785,yhgN,YhgN family NAAT transporter,UPF0056 membrane protein,K05595,marC; multiple antibiotic resistance protein,2.A.95.1,Electrochemical potential-driven transporters [TC:2],brite|tcdb|annotation,Intracellular trafficking,True,False,True,True
Alteromonas macleodii HOT1A3,ACZ81_17850,yadH,ABC transporter permease,Transport permease protein,K01992,ABC-2.P; ABC-2 type transport system permease protein,The ATP-binding Cassette (ABC) Superfamily,ABC-2 type transporter,brite|kegg|tcdb|annotation,Defense mechanisms,True,True,True,True
Alteromonas macleodii HOT1A3,ACZ81_17855,yadG,ABC transporter ATP-binding protein,"COG1131 ABC-type multidrug transport system, ATPase component",K01990,ABC-2.A; ABC-2 type transport system ATP-binding protein,The ATP-binding Cassette (ABC) Superfamily,ABC-2 type transporter,brite|kegg|tcdb|annotation,Defense mechanisms,True,True,True,True
Alteromonas macleodii HOT1A3,ACZ81_17880,,energy transducer TonB,Gram-negative bacterial TonB protein C-terminal,,,,,annotation,Cell wall and membrane,False,False,False,True
Alteromonas macleodii HOT1A3,ACZ81_17890,,SO_0444 family Cu/Zn efflux transporter,Predicted permease,K07089,K07089; uncharacterized protein,,,annotation,Unknown,False,False,False,True
Alteromonas macleodii HOT1A3,ACZ81_17895,cstA,carbon starvation CstA family protein,Carbon starvation protein,K06200,cstA; carbon starvation protein,,Electrochemical potential-driven transporters [TC:2],brite|annotation,Signal transduction,True,False,False,True
Alteromonas macleodii HOT1A3,ACZ81_17940,,energy transducer TonB,"Interacts with outer membrane receptor proteins that carry out high-affinity binding and energy dependent uptake into the periplasmic space of specific substrates. It could act to transduce energy from the cytoplasmic membrane to specific energy- requiring processes in the outer membrane, resulting in the release into the periplasm of ligands bound by these outer membrane proteins",K03832,tonB; periplasmic protein TonB,2.C.1.1,Electrochemical potential-driven transporters [TC:2],brite|kegg|tcdb|annotation,Cell wall and membrane,True,True,True,True
Alteromonas macleodii HOT1A3,ACZ81_17945,,ExbD/TolR family protein,Biopolymer transport protein ExbD/TolR,K03559,exbD; biopolymer transport protein ExbD,1.A.30.2.1,Pores ion channels [TC:1],brite|kegg|tcdb|annotation,Intracellular trafficking,True,True,True,True
Alteromonas macleodii HOT1A3,ACZ81_17950,,MotA/TolQ/ExbB proton channel family protein,MotA/TolQ/ExbB proton channel family,K03561,exbB; biopolymer transport protein ExbB,1.A.30.2.1,Pores ion channels [TC:1],brite|kegg|tcdb|annotation,Intracellular trafficking,True,True,True,True
Alteromonas macleodii HOT1A3,ACZ81_17955,,MotA/TolQ/ExbB proton channel family protein,MotA/TolQ/ExbB proton channel family,K03561,exbB; biopolymer transport protein ExbB,1.A.30.2.1,Pores ion channels [TC:1],brite|kegg|tcdb|annotation,Intracellular trafficking,True,True,True,True
Alteromonas macleodii HOT1A3,ACZ81_17965,fepA,FepA family TonB-dependent siderophore receptor,Receptor,K16089 ; K19611,"TC.FEV.OM2, cirA, cfrA, hmuR; outer membrane receptor for ferrienterochelin and colicins ; fepA, pfeA, iroN, pirA; ferric enterobactin receptor",1.B.14.1.22 ; 1.B.14.1.3 ; 1.B.14.1.5 ; 1.B.14.10,Pores ion channels [TC:1],brite|tcdb|annotation,Inorganic ion transport,True,False,True,True
Alteromonas macleodii HOT1A3,ACZ81_17980,,TonB-dependent receptor,TonB dependent receptor,K16090,fiu; catecholate siderophore receptor,1.B.14.1.11,Pores ion channels [TC:1],brite|tcdb|annotation,Inorganic ion transport,True,False,True,True
Alteromonas macleodii HOT1A3,ACZ81_18060,secE,preprotein translocase subunit SecE,Essential subunit of the Sec protein translocation channel SecYEG. Clamps together the 2 halves of SecY. May contact the channel plug during translocation,K03073,secE; preprotein translocase subunit SecE,3.A.5.1 ; 3.A.5.2,,kegg|tcdb|annotation,Intracellular trafficking,False,True,True,True
Alteromonas macleodii HOT1A3,ACZ81_18070,vcaM,ABC transporter ATP-binding protein,"COG1132 ABC-type multidrug transport system, ATPase and permease components",K06147 ; K18893,"ABCB-BAC; ATP-binding cassette, subfamily B, bacterial ; vcaM; ATP-binding cassette, subfamily B, multidrug efflux pump",3.A.1.106 ; 3.A.1.109 ; 3.A.1.21,ABCB-BAC subgroup,brite|kegg|tcdb|annotation,Defense mechanisms,True,True,True,True
Alteromonas macleodii HOT1A3,ACZ81_18100,,substrate-binding periplasmic protein,"Bacterial extracellular solute-binding proteins, family 3",K02030,ABC.PA.S; polar amino acid transport system substrate-binding protein,3.A.1.3,Putative polar amino acid transporter,brite|kegg|tcdb|annotation,Amino acid metabolism,True,True,True,True
Alteromonas macleodii HOT1A3,ACZ81_18125,,mechanosensitive ion channel family protein,"Mechanosensitive channel that participates in the regulation of osmotic pressure changes within the cell, opening in response to stretch forces in the membrane lipid bilayer, without the need for other proteins. Contributes to normal resistance to hypoosmotic shock. Forms an ion channel of 1.0 nanosiemens conductance with a slight preference for anions",K03442,mscS; small conductance mechanosensitive channel,1.A.23.2,Pores ion channels [TC:1],brite|kegg|tcdb|annotation,Cell wall and membrane,True,True,True,True
Alteromonas macleodii HOT1A3,ACZ81_18130,,MFS transporter,COG0738 Fucose permease,,,,,annotation,Carbohydrate metabolism,False,False,False,True
Alteromonas macleodii HOT1A3,ACZ81_18185,,transporter substrate-binding domain-containing protein,ABC-type amino acid transport signal transduction systems periplasmic component domain,,,,,annotation,Amino acid metabolism,False,False,False,True
Alteromonas macleodii HOT1A3,ACZ81_18225,,LysR family transcriptional regulator,"Bacterial regulatory helix-turn-helix protein, lysR family",K09681,"gltC; LysR family transcriptional regulator, transcription activator of glutamate synthase operon",,,annotation,Transcription,False,False,False,True
Alteromonas macleodii HOT1A3,ACZ81_18280,ydaH,AbgT family transporter,Transporter,K12942,abgT; aminobenzoyl-glutamate transport protein,,,kegg|annotation,Coenzyme metabolism,False,True,False,True
Alteromonas macleodii HOT1A3,ACZ81_18355,fur,transcriptional repressor,Belongs to the Fur family,K09823,"zur; Fur family transcriptional regulator, zinc uptake regulator",,,kegg,Transcription,False,True,False,False
Alteromonas macleodii HOT1A3,ACZ81_18370,,OmpA family protein,Belongs to the ompA family,K03286,"TC.OOP; OmpA-OmpF porin, OOP family",The OmpA-OmpF Porin (OOP) Family,Pores ion channels [TC:1],brite|tcdb,Cell wall and membrane,True,False,True,False
Alteromonas macleodii HOT1A3,ACZ81_18425,,TonB-dependent receptor,TonB dependent receptor,K02014 ; K16087,"TC.FEV.OM; iron complex outermembrane recepter protein ; TC.FEV.OM3, tbpA, hemR, lbpA, hpuB, bhuR, hugA, hmbR; hemoglobin/transferrin/lactoferrin receptor protein",1.B.14.2,Pores ion channels [TC:1],brite|tcdb|annotation,Inorganic ion transport,True,False,True,True
Alteromonas macleodii HOT1A3,ACZ81_18430,,efflux RND transporter periplasmic adaptor subunit,Barrel-sandwich domain of CusB or HlyD membrane-fusion,,,,,annotation,Cell wall and membrane,False,False,False,True
Alteromonas macleodii HOT1A3,ACZ81_18435,,efflux RND transporter permease subunit,Belongs to the resistance-nodulation-cell division (RND) (TC 2.A.6) family,,,,,annotation,Defense mechanisms,False,False,False,True
Alteromonas macleodii HOT1A3,ACZ81_18465,,ABC transporter ATP-binding protein,"ABC-type antimicrobial peptide transport system, ATPase component",K02003,ABC.CD.A; putative ABC transport system ATP-binding protein,The ATP-binding Cassette (ABC) Superfamily,Putative ABC transporter,brite|kegg|tcdb|annotation,Defense mechanisms,True,True,True,True
Alteromonas macleodii HOT1A3,ACZ81_18470,,ABC transporter permease,"ABC-type antimicrobial peptide transport system, permease component",K02004,ABC.CD.P; putative ABC transport system permease protein,The ATP-binding Cassette (ABC) Superfamily,Putative ABC transporter,brite|kegg|tcdb|annotation,Defense mechanisms,True,True,True,True
Alteromonas macleodii HOT1A3,ACZ81_18520,,TSUP family transporter,membrane transporter protein,,,,,annotation,Unknown,False,False,False,True
Alteromonas macleodii HOT1A3,ACZ81_18530,yidK,solute:sodium symporter family transporter,Belongs to the sodium solute symporter (SSF) (TC 2.A.21) family,K03307,"TC.SSS; solute:Na+ symporter, SSS family",The Solute:Sodium Symporter (SSS) Family,,kegg|tcdb|annotation,Unknown,False,True,True,True
Alteromonas macleodii HOT1A3,ACZ81_18535,,TonB-dependent receptor,TonB dependent receptor,K02014,TC.FEV.OM; iron complex outermembrane recepter protein,The Outer Membrane Receptor (OMR) Family,Pores ion channels [TC:1],brite|tcdb|annotation,Inorganic ion transport,True,False,True,True
Alteromonas macleodii HOT1A3,ACZ81_18540,,cation diffusion facilitator family transporter,COG1230 Co Zn Cd efflux system component,K16264,"czcD, zitB; cobalt-zinc-cadmium efflux system protein",2.A.4.1,Electrochemical potential-driven transporters [TC:2],brite|kegg|tcdb|annotation,Inorganic ion transport,True,True,True,True
Alteromonas macleodii HOT1A3,ACZ81_18550,,TonB-dependent receptor,"COG1629 Outer membrane receptor proteins, mostly Fe transport",,,,,annotation,Inorganic ion transport,False,False,False,True
Alteromonas macleodii HOT1A3,ACZ81_18570,gluP,sugar MFS transporter,glucose galactose transporter,K02429,"fucP, deoP, nagP, agaP; MFS transporter, FHS family, fucose-galactose-glucose:H+ symporter family protein",2.A.1.7,Fucose:H+ symporter (FHS) family [TC:2.A.1.7],brite|kegg|tcdb|annotation,Carbohydrate metabolism,True,True,True,True
Alteromonas macleodii HOT1A3,ACZ81_18585,xylE,sugar porter family MFS transporter,Belongs to the major facilitator superfamily. Sugar transporter (TC 2.A.1.1) family,K08138 ; K08139,"xylE; MFS transporter, SP family, xylose:H+ symportor ; HXT; MFS transporter, SP family, sugar:H+ symporter",2.A.1.1.3,Sugar porter (SP) family [TC:2.A.1.1],brite|kegg|tcdb|annotation,Inorganic ion transport,True,True,True,True
Alteromonas macleodii HOT1A3,ACZ81_18590,,ATP-binding cassette domain-containing protein,"COG4987 ABC-type transport system involved in cytochrome bd biosynthesis, fused ATPase and permease components",K16012,"cydC; ATP-binding cassette, subfamily C, bacterial CydC",3.A.1.129,ABCC-BAC subgroup,brite|kegg|tcdb|annotation,Energy production,True,True,True,True
Alteromonas macleodii HOT1A3,ACZ81_18595,cydD,ATP-binding cassette domain-containing protein,"COG4988 ABC-type transport system involved in cytochrome bd biosynthesis, ATPase and permease components",K16013,"cydD; ATP-binding cassette, subfamily C, bacterial CydD",3.A.1.129,ABCC-BAC subgroup,brite|kegg|tcdb|annotation,Defense mechanisms,True,True,True,True
Alteromonas macleodii HOT1A3,ACZ81_18600,cydB,cytochrome d ubiquinol oxidase subunit II,"oxidase, subunit",K00426,cydB; cytochrome bd ubiquinol oxidase subunit II [EC:7.1.1.7],3.D.4.3,,tcdb,Energy production,False,False,True,False
Alteromonas macleodii HOT1A3,ACZ81_18605,cydA,cytochrome ubiquinol oxidase subunit I,oxidase subunit 1,K00425,cydA; cytochrome bd ubiquinol oxidase subunit I [EC:7.1.1.7],3.D.4.3,,tcdb,Energy production,False,False,True,False
Alteromonas macleodii HOT1A3,ACZ81_18625,,TonB-dependent receptor plug domain-containing protein,TonB dependent receptor,K02014,TC.FEV.OM; iron complex outermembrane recepter protein,The Outer Membrane Receptor (OMR) Family,Pores ion channels [TC:1],brite|tcdb|annotation,Inorganic ion transport,True,False,True,True
Alteromonas macleodii HOT1A3,ACZ81_18630,,sulfite exporter TauE/SafE family protein,membrane transporter protein,,,,,annotation,Unknown,False,False,False,True
Alteromonas macleodii HOT1A3,ACZ81_18645,irp,TonB-dependent receptor,TonB dependent receptor,K02014,TC.FEV.OM; iron complex outermembrane recepter protein,The Outer Membrane Receptor (OMR) Family,Pores ion channels [TC:1],brite|tcdb|annotation,Inorganic ion transport,True,False,True,True
Alteromonas macleodii HOT1A3,ACZ81_18685,,efflux RND transporter permease subunit,exporters of the RND superfamily,K07003,K07003; uncharacterized protein,,,annotation,Unknown,False,False,False,True
Alteromonas macleodii HOT1A3,ACZ81_18690,,MFS transporter,Major facilitator superfamily,,,,,annotation,Amino acid metabolism,False,False,False,True
Alteromonas macleodii HOT1A3,ACZ81_18785,,TonB-dependent receptor,TonB dependent receptor,K02014,TC.FEV.OM; iron complex outermembrane recepter protein,The Outer Membrane Receptor (OMR) Family,Pores ion channels [TC:1],brite|tcdb|annotation,Inorganic ion transport,True,False,True,True
Alteromonas macleodii HOT1A3,ACZ81_18800,,LysR family transcriptional regulator,Transcriptional regulator,,,,,annotation,Transcription,False,False,False,True
Alteromonas macleodii HOT1A3,ACZ81_18810,fadL,OmpP1/FadL family transporter,Long-chain fatty acid,K06076,fadL; long-chain fatty acid transport protein,The FadL Outer Membrane Protein (FadL) Family,Pores ion channels [TC:1],brite|kegg|tcdb|annotation,Lipid metabolism,True,True,True,True
Alteromonas macleodii HOT1A3,ACZ81_18830,,ABC transporter substrate-binding protein,ABC transporter substrate binding protein,K01989,K01989; putative tryptophan/tyrosine transport system substrate-binding protein,,Putative tryptophan/tyrosine transporter,brite|kegg|annotation,Unknown,True,True,False,True
Alteromonas macleodii HOT1A3,ACZ81_18865,,DMT family transporter,COG0697 Permeases of the drug metabolite transporter (DMT) superfamily,,,,,annotation,Amino acid metabolism,False,False,False,True
Alteromonas macleodii HOT1A3,ACZ81_18910,,TonB-dependent receptor,TonB-dependent Receptor Plug Domain,,,,,annotation,Inorganic ion transport,False,False,False,True
Alteromonas macleodii HOT1A3,ACZ81_18945,hupA,TonB-dependent hemoglobin/transferrin/lactoferrin family receptor,receptor,K16087 ; K16089,"TC.FEV.OM3, tbpA, hemR, lbpA, hpuB, bhuR, hugA, hmbR; hemoglobin/transferrin/lactoferrin receptor protein ; TC.FEV.OM2, cirA, cfrA, hmuR; outer membrane receptor for ferrienterochelin and colicins",1.B.14.1 ; 1.B.14.10 ; 1.B.14.2,Pores ion channels [TC:1],brite|tcdb|annotation,Inorganic ion transport,True,False,True,True
Alteromonas macleodii HOT1A3,ACZ81_18955,,TonB-dependent receptor,Secretin and TonB N terminus short domain,,,,,annotation,Inorganic ion transport,False,False,False,True
Alteromonas macleodii HOT1A3,ACZ81_18990,cyoD,cytochrome o ubiquinol oxidase subunit IV,"Cytochrome bo(3) ubiquinol terminal oxidase is the component of the aerobic respiratory chain of E.coli that predominates when cells are grown at high aeration. Has proton pump activity across the membrane in addition to electron transfer, pumping 2 protons/electron",K02300,cyoD; cytochrome o ubiquinol oxidase subunit IV,3.D.4.5,,tcdb,Energy production,False,False,True,False
Alteromonas macleodii HOT1A3,ACZ81_18995,cyoC,cytochrome o ubiquinol oxidase subunit III,"Cytochrome bo(3) ubiquinol terminal oxidase is the component of the aerobic respiratory chain of E.coli that predominates when cells are grown at high aeration. Has proton pump activity across the membrane in addition to electron transfer, pumping 2 protons/electron",K02299,cyoC; cytochrome o ubiquinol oxidase subunit III,3.D.4.5,,tcdb,Energy production,False,False,True,False
Alteromonas macleodii HOT1A3,ACZ81_19000,cyoB,cytochrome o ubiquinol oxidase subunit I,Belongs to the heme-copper respiratory oxidase family,K02274 ; K02298,"coxA, ctaD; cytochrome c oxidase subunit I [EC:7.1.1.9] ; cyoB; cytochrome o ubiquinol oxidase subunit I [EC:7.1.1.3]",3.D.4.2 ; 3.D.4.3 ; 3.D.4.4 ; 3.D.4.5 ; 3.D.4.6,,tcdb,Energy production,False,False,True,False
Alteromonas macleodii HOT1A3,ACZ81_19005,cyoA,ubiquinol oxidase subunit II,"COG1622 Heme copper-type cytochrome quinol oxidases, subunit 2",K02297,cyoA; cytochrome o ubiquinol oxidase subunit II [EC:7.1.1.3],3.D.4.5,,tcdb,Energy production,False,False,True,False
Alteromonas macleodii HOT1A3,ACZ81_19025,,TonB-dependent receptor,TonB dependent receptor,,,,,annotation,Inorganic ion transport,False,False,False,True
Alteromonas macleodii HOT1A3,ACZ81_19080,groES,co-chaperone GroES,"Together with the chaperonin GroEL, plays an essential role in assisting protein folding. The GroEL-GroES system forms a nano-cage that allows encapsulation of the non-native substrate proteins and provides a physical environment optimized to promote and accelerate protein folding. GroES binds to the apical surface of the GroEL ring, thereby capping the opening of the GroEL channel",K04078,"groES, HSPE1; chaperonin GroES",,,annotation,Post-translational modification,False,False,False,True
Alteromonas macleodii HOT1A3,ACZ81_19095,dsbD,protein-disulfide reductase DsbD,Required to facilitate the formation of correct disulfide bonds in some periplasmic proteins and for the assembly of the periplasmic c-type cytochromes. Acts by transferring electrons from cytoplasmic thioredoxin to the periplasm. This transfer involves a cascade of disulfide bond formation and reduction steps,K04084,"dsbD, dipZ; thioredoxin:protein disulfide reductase [EC:1.8.4.16]",5.A.1.1,,tcdb,Energy production,False,False,True,False
Alteromonas macleodii HOT1A3,ACZ81_19165,hip,high-potential iron-sulfur protein,"Specific class of high-redox-potential 4Fe-4S ferredoxins. Functions in anaerobic electron transport in most purple and in some other photosynthetic bacteria and in at least one genus (Paracoccus) of halophilic, denitrifying bacteria",,,,,annotation,Energy production,False,False,False,True
Alteromonas macleodii HOT1A3,ACZ81_19175,,substrate-binding periplasmic protein,"Bacterial extracellular solute-binding proteins, family 3",K02030,ABC.PA.S; polar amino acid transport system substrate-binding protein,3.A.1.3,Putative polar amino acid transporter,brite|kegg|tcdb|annotation,Amino acid metabolism,True,True,True,True
Alteromonas macleodii HOT1A3,ACZ81_19220,,ion transporter,potassium channel protein,K10716,"kch, trkA, mthK, pch; voltage-gated potassium channel",1.A.1.1 ; 1.A.1.13 ; 1.A.1.17 ; 1.A.1.24 ; 1.A.1.25 ; 1.A.1.6,Pores ion channels [TC:1],brite|kegg|tcdb|annotation,Signal transduction,True,True,True,True
Alteromonas macleodii HOT1A3,ACZ81_19245,,MFS transporter,Major facilitator superfamily,,,,,annotation,Carbohydrate metabolism,False,False,False,True
Alteromonas macleodii HOT1A3,ACZ81_19275,gspC,type II secretion system protein GspC,General secretion pathway protein C,K02452,gspC; general secretion pathway protein C,The Outer Membrane Protein Secreting Main Terminal Branch (MTB) Family,,tcdb,Intracellular trafficking,False,False,True,False
Alteromonas macleodii HOT1A3,ACZ81_19280,gspD,type II secretion system secretin GspD,"COG1450 Type II secretory pathway, component PulD",K02453,gspD; general secretion pathway protein D,The Outer Membrane Protein Secreting Main Terminal Branch (MTB) Family,,tcdb,Cell motility,False,False,True,False
Alteromonas macleodii HOT1A3,ACZ81_19285,gspE,type II secretion system ATPase GspE,"COG2804 Type II secretory pathway, ATPase PulE Tfp pilus assembly pathway, ATPase PilB",K02454,gspE; general secretion pathway protein E [EC:7.4.2.8],The Outer Membrane Protein Secreting Main Terminal Branch (MTB) Family,,tcdb,Cell motility,False,False,True,False
Alteromonas macleodii HOT1A3,ACZ81_19290,gspF,type II secretion system inner membrane protein GspF,General secretion pathway protein F,K02455,gspF; general secretion pathway protein F,The Outer Membrane Protein Secreting Main Terminal Branch (MTB) Family,,tcdb,Intracellular trafficking,False,False,True,False
Alteromonas macleodii HOT1A3,ACZ81_19295,gspG,type II secretion system major pseudopilin GspG,"COG2165 Type II secretory pathway, pseudopilin PulG",K02456,gspG; general secretion pathway protein G,The Outer Membrane Protein Secreting Main Terminal Branch (MTB) Family,,tcdb,Intracellular trafficking,False,False,True,False
Alteromonas macleodii HOT1A3,ACZ81_19300,gspH,type II secretion system minor pseudopilin GspH,general secretion pathway protein,K02457,gspH; general secretion pathway protein H,The Outer Membrane Protein Secreting Main Terminal Branch (MTB) Family,,tcdb|annotation,Intracellular trafficking,False,False,True,True
Alteromonas macleodii HOT1A3,ACZ81_19305,gspI,type II secretion system minor pseudopilin GspI,Component of the type II secretion system required for the energy-dependent secretion of extracellular factors such as proteases and toxins from the periplasm,K02458,gspI; general secretion pathway protein I,The Outer Membrane Protein Secreting Main Terminal Branch (MTB) Family,,tcdb,Intracellular trafficking,False,False,True,False
Alteromonas macleodii HOT1A3,ACZ81_19310,gspJ,type II secretion system minor pseudopilin GspJ,General secretion pathway protein J,K02459,gspJ; general secretion pathway protein J,The Outer Membrane Protein Secreting Main Terminal Branch (MTB) Family,,tcdb,Intracellular trafficking,False,False,True,False
Alteromonas macleodii HOT1A3,ACZ81_19315,gspK,type II secretion system minor pseudopilin GspK,"COG3156 Type II secretory pathway, component PulK",K02460,gspK; general secretion pathway protein K,The Outer Membrane Protein Secreting Main Terminal Branch (MTB) Family,,tcdb,Intracellular trafficking,False,False,True,False
Alteromonas macleodii HOT1A3,ACZ81_19320,gspL,type II secretion system protein GspL,"Involved in a type II secretion system (T2SS, formerly general secretion pathway, GSP) for the export of proteins",K02461,gspL; general secretion pathway protein L,The Outer Membrane Protein Secreting Main Terminal Branch (MTB) Family,,tcdb,Intracellular trafficking,False,False,True,False
Alteromonas macleodii HOT1A3,ACZ81_19325,gspM,type II secretion system protein GspM,Inner membrane component of the type II secretion system required for the energy-dependent secretion of extracellular factors such as proteases and toxins from the periplasm,K02462,gspM; general secretion pathway protein M,The Outer Membrane Protein Secreting Main Terminal Branch (MTB) Family,,tcdb,Intracellular trafficking,False,False,True,False
Alteromonas macleodii HOT1A3,ACZ81_19330,gspN,type II secretion system protein N,"Type II secretion system (T2SS), protein N",K02463,gspN; general secretion pathway protein N,The Outer Membrane Protein Secreting Main Terminal Branch (MTB) Family,,tcdb,Unknown,False,False,True,False
Alteromonas macleodii HOT1A3,ACZ81_19375,mdoH,glucans biosynthesis glucosyltransferase MdoH,COG2943 Membrane glycosyltransferase,K03669,mdoH; membrane glycosyltransferase [EC:2.4.1.-],4.D.3.1.1,,tcdb,Cell wall and membrane,False,False,True,False
Alteromonas macleodii HOT1A3,ACZ81_19405,yheS,ATP-binding cassette domain-containing protein,COG0488 ATPase components of ABC transporters with duplicated ATPase domains,K06158,"ABCF3; ATP-binding cassette, subfamily F, member 3",,,kegg|annotation,Unknown,False,True,False,True
Alteromonas macleodii HOT1A3,ACZ81_19505,dinF,MATE family efflux transporter,COG0534 Na -driven multidrug efflux pump,K03327,"SLC47A, MATE, DTX; MATE family, multidrug and toxin extrusion protein",2.A.66.1,SLC47: Multidrug and toxin extrusion (MATE) family,brite|tcdb|annotation,Defense mechanisms,True,False,True,True
Alteromonas macleodii HOT1A3,ACZ81_19530,ctaA,COX15/CtaA family protein,protein required for cytochrome oxidase assembly,K02259,"COX15, ctaA; heme a synthase [EC:1.17.99.9]",3.D.4.4,,tcdb,Post-translational modification,False,False,True,False
Alteromonas macleodii HOT1A3,ACZ81_19540,surf1,SURF1 family protein,SURF1-like protein,K14998,"SURF1, SHY1; surfeit locus 1 family protein",3.D.4.8,,tcdb,Unknown,False,False,True,False
Alteromonas macleodii HOT1A3,ACZ81_19550,coxC,cytochrome c oxidase subunit 3,"COG1845 Heme copper-type cytochrome quinol oxidase, subunit 3",K02276,"coxC, ctaE; cytochrome c oxidase subunit III [EC:7.1.1.9]",3.D.4.4 ; 3.D.4.6,,tcdb,Energy production,False,False,True,False
Alteromonas macleodii HOT1A3,ACZ81_19555,ctaG,cytochrome c oxidase assembly protein,"Exerts its effect at some terminal stage of cytochrome c oxidase synthesis, probably by being involved in the insertion of the copper B into subunit I",K02258,"COX11, ctaG; cytochrome c oxidase assembly protein subunit 11",3.D.4.8,,tcdb,Post-translational modification,False,False,True,False
Alteromonas macleodii HOT1A3,ACZ81_19560,ctaD,cytochrome c oxidase subunit I,Cytochrome c oxidase is the component of the respiratory chain that catalyzes the reduction of oxygen to water. Subunits 1- 3 form the functional core of the enzyme complex. CO I is the catalytic subunit of the enzyme. Electrons originating in cytochrome c are transferred via the copper A center of subunit 2 and heme A of subunit 1 to the bimetallic center formed by heme A3 and copper B,K02274 ; K02298,"coxA, ctaD; cytochrome c oxidase subunit I [EC:7.1.1.9] ; cyoB; cytochrome o ubiquinol oxidase subunit I [EC:7.1.1.3]",3.D.4.2 ; 3.D.4.3 ; 3.D.4.4 ; 3.D.4.5 ; 3.D.4.6,,tcdb,Energy production,False,False,True,False
Alteromonas macleodii HOT1A3,ACZ81_19565,coxB,cytochrome c oxidase subunit II,Subunits I and II form the functional core of the enzyme complex. Electrons originating in cytochrome c are transferred via heme a and Cu(A) to the binuclear center formed by heme a3 and Cu(B),K02275,"coxB, ctaC; cytochrome c oxidase subunit II [EC:7.1.1.9]",3.D.4.2 ; 3.D.4.4 ; 3.D.4.6,,tcdb,Energy production,False,False,True,False
Alteromonas macleodii HOT1A3,ACZ81_19600,yadS,trimeric intracellular cation channel family protein,UPF0126 domain,,,,,annotation,Unknown,False,False,False,True
Alteromonas macleodii HOT1A3,ACZ81_19610,ilvY,HTH-type transcriptional activator IlvY,Transcriptional regulator,K02521,"ilvY; LysR family transcriptional regulator, positive regulator for ilvC",,,annotation,Transcription,False,False,False,True
Alteromonas macleodii HOT1A3,ACZ81_19620,bcr,multidrug effflux MFS transporter,Fungal trichothecene efflux pump (TRI12),K07552,"bcr, tcaB; MFS transporter, DHA1 family, multidrug resistance protein",2.A.1.2,Drug:H+ antiporter-1 (12 spanner) (DHA1) family [TC:2.A.1.2],brite|kegg|tcdb|annotation,Amino acid metabolism,True,True,True,True
Alteromonas macleodii HOT1A3,ACZ81_19630,ytfM,autotransporter assembly complex protein TamA,COG0729 Outer membrane protein,K07278,tamA; translocation and assembly module TamA,1.B.33.2.4,Pores ion channels [TC:1],brite|tcdb,Cell wall and membrane,True,False,True,False
Alteromonas macleodii HOT1A3,ACZ81_19635,ytfN,translocation/assembly module TamB domain-containing protein,protein conserved in bacteria,K09800,tamB; translocation and assembly module TamB,,Pores ion channels [TC:1],brite,Unknown,True,False,False,False
Alteromonas macleodii HOT1A3,ACZ81_19655,,DMT family transporter,COG0697 Permeases of the drug metabolite transporter (DMT) superfamily,,,,,annotation,Amino acid metabolism,False,False,False,True
Alteromonas macleodii HOT1A3,ACZ81_19700,,DUF6482 family protein,cation transporter,,,,,annotation,Unknown,False,False,False,True
Alteromonas macleodii HOT1A3,ACZ81_19770,,TonB-dependent receptor,"COG1629 Outer membrane receptor proteins, mostly Fe transport",,,,,annotation,Inorganic ion transport,False,False,False,True
Alteromonas macleodii HOT1A3,ACZ81_19780,,MFS transporter,MFS/sugar transport protein,K03292,"TC.GPH; glycoside/pentoside/hexuronide:cation symporter, GPH family",The Glycoside-Pentoside-Hexuronide (GPH):Cation Symporter Family,,kegg|tcdb|annotation,Carbohydrate metabolism,False,True,True,True
Alteromonas macleodii HOT1A3,ACZ81_19795,,nuclear transport factor 2 family protein,SnoaL-like domain,,,,,annotation,Unknown,False,False,False,True
Alteromonas macleodii HOT1A3,ACZ81_19800,yiaD,YiaD family glycine zipper/OmpA-like lipoprotein,Belongs to the ompA family,K12216,"icmN, lphA, dotK; intracellular multiplication protein IcmN",3.A.7.9.1,,tcdb,Cell wall and membrane,False,False,True,False
Alteromonas macleodii HOT1A3,ACZ81_19820,gst5,glutathione S-transferase family protein,Glutathione S-transferase,K00799 ; K11209,"GST, gst; glutathione S-transferase [EC:2.5.1.18] ; yghU, yfcG; GSH-dependent disulfide-bond oxidoreductase [EC:1.8.4.-]",1.A.12.2.2 ; 1.A.12.3.2,Pores ion channels [TC:1],brite|tcdb,Post-translational modification,True,False,True,False
Alteromonas macleodii HOT1A3,ACZ81_19830,atpC,F0F1 ATP synthase subunit epsilon,Produces ATP from ADP in the presence of a proton gradient across the membrane,K02114,"ATPF1E, atpC; F-type H+-transporting ATPase subunit epsilon",3.A.2.1,,kegg|tcdb,Energy production,False,True,True,False
Alteromonas macleodii HOT1A3,ACZ81_19835,atpD,F0F1 ATP synthase subunit beta,Produces ATP from ADP in the presence of a proton gradient across the membrane. The catalytic sites are hosted primarily by the beta subunits,K02112,"ATPF1B, atpD; F-type H+/Na+-transporting ATPase subunit beta [EC:7.1.2.2 7.2.2.1]",3.A.2.1,,kegg|tcdb,Energy production,False,True,True,False
Alteromonas macleodii HOT1A3,ACZ81_19840,atpG,F0F1 ATP synthase subunit gamma,Produces ATP from ADP in the presence of a proton gradient across the membrane. The gamma chain is believed to be important in regulating ATPase activity and the flow of protons through the CF(0) complex,K02115,"ATPF1G, atpG; F-type H+-transporting ATPase subunit gamma",3.A.2.1,,kegg|tcdb,Energy production,False,True,True,False
Alteromonas macleodii HOT1A3,ACZ81_19845,atpA,F0F1 ATP synthase subunit alpha,Produces ATP from ADP in the presence of a proton gradient across the membrane. The alpha chain is a regulatory subunit,K02111,"ATPF1A, atpA; F-type H+/Na+-transporting ATPase subunit alpha [EC:7.1.2.2 7.2.2.1]",3.A.2.1,,kegg|tcdb,Energy production,False,True,True,False
Alteromonas macleodii HOT1A3,ACZ81_19850,atpH,F0F1 ATP synthase subunit delta,"F(1)F(0) ATP synthase produces ATP from ADP in the presence of a proton or sodium gradient. F-type ATPases consist of two structural domains, F(1) containing the extramembraneous catalytic core and F(0) containing the membrane proton channel, linked together by a central stalk and a peripheral stalk. During catalysis, ATP synthesis in the catalytic domain of F(1) is coupled via a rotary mechanism of the central stalk subunits to proton translocation. ; FUNCTION: This protein is part of the stalk that links CF(0) to CF(1). It either transmits conformational changes from CF(0) to CF(1) or is implicated in proton conduction",K02113,"ATPF1D, atpH; F-type H+-transporting ATPase subunit delta",3.A.2.1,,kegg|tcdb|annotation,Energy production,False,True,True,True
Alteromonas macleodii HOT1A3,ACZ81_19855,atpF,F0F1 ATP synthase subunit B,"Component of the F(0) channel, it forms part of the peripheral stalk, linking F(1) to F(0). The b^-subunit is a diverged and duplicated form of b found in plants and photosynthetic bacteria. ; FUNCTION: F(1)F(0) ATP synthase produces ATP from ADP in the presence of a proton or sodium gradient. F-type ATPases consist of two structural domains, F(1) containing the extramembraneous catalytic core and F(0) containing the membrane proton channel, linked together by a central stalk and a peripheral stalk. During catalysis, ATP synthesis in the catalytic domain of F(1) is coupled via a rotary mechanism of the central stalk subunits to proton translocation",K02109,"ATPF0B, atpF; F-type H+-transporting ATPase subunit b",3.A.2.1,,kegg|tcdb|annotation,Energy production,False,True,True,True
Alteromonas macleodii HOT1A3,ACZ81_19860,atpE,F0F1 ATP synthase subunit C,"F(1)F(0) ATP synthase produces ATP from ADP in the presence of a proton or sodium gradient. F-type ATPases consist of two structural domains, F(1) containing the extramembraneous catalytic core and F(0) containing the membrane proton channel, linked together by a central stalk and a peripheral stalk. During catalysis, ATP synthesis in the catalytic domain of F(1) is coupled via a rotary mechanism of the central stalk subunits to proton translocation. ; FUNCTION: Key component of the F(0) channel; it plays a direct role in translocation across the membrane. A homomeric c-ring of between 10-14 subunits forms the central stalk rotor element with the F(1) delta and epsilon subunits",K02110,"ATPF0C, atpE; F-type H+-transporting ATPase subunit c",3.A.2.1,,kegg|tcdb|annotation,Energy production,False,True,True,True
Alteromonas macleodii HOT1A3,ACZ81_19865,atpB,F0F1 ATP synthase subunit A,Key component of the proton channel; it plays a direct role in the translocation of protons across the membrane,K02108,"ATPF0A, atpB; F-type H+-transporting ATPase subunit a",3.A.2.1,,kegg|tcdb|annotation,Energy production,False,True,True,True
Alteromonas macleodii HOT1A3,ACZ81_19870,atpI,ATP synthase subunit I,ATP synthase I chain,K02116,atpI; ATP synthase protein I,3.A.2.1,,tcdb,Energy production,False,False,True,False
Alteromonas macleodii HOT1A3,ACZ81_19925,yidC,membrane protein insertase YidC,"Required for the insertion and or proper folding and or complex formation of integral membrane proteins into the membrane. Involved in integration of membrane proteins that insert both dependently and independently of the Sec translocase complex, as well as at least some lipoproteins. Aids folding of multispanning membrane proteins",K03217,"yidC, spoIIIJ, OXA1, ccfA; YidC/Oxa1 family membrane protein insertase",The Membrane Protein Insertase (YidC/Alb3/Oxa1) Family,,tcdb|annotation,Intracellular trafficking,False,False,True,True
Alteromonas macleodii HOT1A3,ACZ81_19970,,ion channel,Ion transport 2 domain protein,,,,,annotation,Inorganic ion transport,False,False,False,True
Alteromonas macleodii HOT1A3,ACZ81_19985,cadR,Cd(II)/Pb(II)-responsive transcriptional regulator,"helix_turn_helix, mercury resistance",K19591,"cueR; MerR family transcriptional regulator, copper efflux regulator",,,kegg,Transcription,False,True,False,False
Alteromonas macleodii HOT1A3,ACZ81_20015,czcC,TolC family protein,COG1538 Outer membrane protein,K15725,"czcC, cusC, cnrC; outer membrane protein, heavy metal efflux system",1.B.17.2.2,Pores ion channels [TC:1],brite|kegg|tcdb|annotation,Cell wall and membrane,True,True,True,True
Alteromonas macleodii HOT1A3,ACZ81_20020,,biotin/lipoyl-containing protein,COG0845 Membrane-fusion protein,K15727,"czcB, cusB, cnrB; membrane fusion protein, heavy metal efflux system",8.A.1.2.1,Accessory factors involved in transport [TC:8],brite|kegg|tcdb,Cell wall and membrane,True,True,True,False
Alteromonas macleodii HOT1A3,ACZ81_20055,,mercuric transporter MerT family protein,PFAM Mercuric transport protein MerT,K08363,merT; mercuric ion transport protein,1.A.72.1,Pores ion channels [TC:1],brite|kegg|tcdb|annotation,Unknown,True,True,True,True
Alteromonas macleodii HOT1A3,ACZ81_20060,merP,mercury resistance system periplasmic binding protein MerP,Involved in mercury resistance. Acts as a mercury scavenger that specifically binds to a mercuric ion in the periplasm and probably passes it to the cytoplasmic mercuric reductase MerA via the mercuric transport protein MerT,K08364,merP; periplasmic mercuric ion binding protein,1.A.72.1,Pores ion channels [TC:1],brite|tcdb|annotation,Inorganic ion transport,True,False,True,True
Alteromonas macleodii HOT1A3,ACZ81_20065,merC,organomercurial transporter MerC,MerC mercury resistance protein,K19058,merC; mercuric ion transport protein,1.A.72.4,Pores ion channels [TC:1],brite|kegg|tcdb|annotation,Unknown,True,True,True,True
Alteromonas macleodii HOT1A3,ACZ81_20140,,efflux RND transporter periplasmic adaptor subunit,COG0845 Membrane-fusion protein,K15727,"czcB, cusB, cnrB; membrane fusion protein, heavy metal efflux system",8.A.1.2.1,Accessory factors involved in transport [TC:8],brite|kegg|tcdb|annotation,Cell wall and membrane,True,True,True,True
Alteromonas macleodii HOT1A3,ACZ81_20145,,hypothetical protein,COG0845 Membrane-fusion protein,K15727,"czcB, cusB, cnrB; membrane fusion protein, heavy metal efflux system",8.A.1.2.1,Accessory factors involved in transport [TC:8],brite|kegg|tcdb,Cell wall and membrane,True,True,True,False
Alteromonas macleodii HOT1A3,ACZ81_20150,czcC,TolC family protein,COG1538 Outer membrane protein,K15725,"czcC, cusC, cnrC; outer membrane protein, heavy metal efflux system",1.B.17.2.2,Pores ion channels [TC:1],brite|kegg|tcdb|annotation,Cell wall and membrane,True,True,True,True
Alteromonas macleodii HOT1A3,ACZ81_20345,,copper resistance D family protein,Involved in copper resistance,K07245,pcoD; copper resistance protein D,9.B.62.1,Others,brite|tcdb,Inorganic ion transport,True,False,True,False
Alteromonas macleodii HOT1A3,ACZ81_20350,,copper resistance CopC family protein,resistance protein CopC,K07156,"copC, pcoC; copper resistance protein C",9.B.62.2,Others,brite|tcdb,Unknown,True,False,True,False
Alteromonas macleodii HOT1A3,ACZ81_20375,,TolC family protein,COG1538 Outer membrane protein,,,,,annotation,Cell wall and membrane,False,False,False,True
Alteromonas macleodii HOT1A3,ACZ81_20675,,copper resistance CopC family protein,CopC domain,K07156,"copC, pcoC; copper resistance protein C",9.B.62.2,Others,brite|tcdb,Unknown,True,False,True,False
Alteromonas macleodii HOT1A3,ACZ81_20680,copD,copper resistance D family protein,Copper resistance protein D,K07245,pcoD; copper resistance protein D,9.B.62.1,Others,brite|tcdb,Inorganic ion transport,True,False,True,False
Alteromonas macleodii HOT1A3,ACZ81_RS18600,cydX,cytochrome bd-I oxidase subunit CydX,Cyd operon protein YbgT,K00424,cydX; cytochrome bd-I ubiquinol oxidase subunit X [EC:7.1.1.7],3.D.4.3,,tcdb,Unknown,False,False,True,False
Alteromonas macleodii HOT1A3,ACZ81_RS20765,,DMT family transporter,COG0697 Permeases of the drug metabolite transporter (DMT) superfamily,,,,,annotation,Amino acid metabolism,False,False,False,True
Alteromonas macleodii HOT1A3,ACZ81_RS20815,ecnAB,entericidin A/B family lipoprotein,response to toxic substance,K16348,ecnB; entericidin B,9.B.13.1.1,Others,brite|tcdb,Unknown,True,False,True,False
Alteromonas macleodii HOT1A3,ACZ81_RS21580,,permuted SH3 domain-containing protein,Biotin-lipoyl like,K15727,"czcB, cusB, cnrB; membrane fusion protein, heavy metal efflux system",8.A.1.2.1,Accessory factors involved in transport [TC:8],brite|kegg|tcdb,Cell wall and membrane,True,True,True,False
Alteromonas macleodii HOT1A3,ACZ81_RS21650,,nuclear transport factor 2 family protein,Domain of unknown function (DUF4440),,,,,annotation,Unknown,False,False,False,True
Alteromonas macleodii EZ55,EZ55_00037,trkH,TrkH family potassium uptake protein,Low-affinity potassium transport system. Interacts with Trk system potassium uptake protein TrkA,K03498,"trkH, trkG, ktrB, ktrD; trk/ktr system potassium uptake protein",2.A.38.1 ; 2.A.38.4,Electrochemical potential-driven transporters [TC:2],brite|kegg|tcdb|annotation,Inorganic ion transport,True,True,True,True
Alteromonas macleodii EZ55,EZ55_00038,trkA,Trk system potassium transporter TrkA,"COG0569 K transport systems, NAD-binding component",K03499,"trkA, ktrA, ktrC; trk/ktr system potassium uptake protein",2.A.38.1 ; 2.A.38.4,Electrochemical potential-driven transporters [TC:2],brite|kegg|tcdb|annotation,Inorganic ion transport,True,True,True,True
Alteromonas macleodii EZ55,EZ55_00050,aroE,shikimate dehydrogenase,"Involved in the biosynthesis of the chorismate, which leads to the biosynthesis of aromatic amino acids. Catalyzes the reversible NADPH linked reduction of 3-dehydroshikimate (DHSA) to yield shikimate (SA)",K00014,aroE; shikimate dehydrogenase [EC:1.1.1.25],,,annotation,Amino acid metabolism,False,False,False,True
Alteromonas macleodii EZ55,EZ55_00061,,substrate-binding periplasmic protein,ABC-type amino acid transport signal transduction systems periplasmic component domain,,,,,annotation,Amino acid metabolism,False,False,False,True
Alteromonas macleodii EZ55,EZ55_00062,,hypothetical protein,ABC-type amino acid transport signal transduction systems periplasmic component domain,,,,,annotation,Amino acid metabolism,False,False,False,True
Alteromonas macleodii EZ55,EZ55_00085,,hypothetical protein,"COG0226 ABC-type phosphate transport system, periplasmic component",,,,,annotation,Inorganic ion transport,False,False,False,True
Alteromonas macleodii EZ55,EZ55_00098,cyc,c-type cytochrome,COG3245 Cytochrome c5,K02277,"coxD, ctaF; cytochrome c oxidase subunit IV [EC:7.1.1.9]",3.D.4.4,,tcdb,Energy production,False,False,True,False
Alteromonas macleodii EZ55,EZ55_00100,nhaC,Na+/H+ antiporter NhaC,Na+/H+ antiporter family,K03315,"nhaC; Na+:H+ antiporter, NhaC family",The NhaC Na+:H+ Antiporter (NhaC) Family,Electrochemical potential-driven transporters [TC:2],brite|kegg|tcdb|annotation,Energy production,True,True,True,True
Alteromonas macleodii EZ55,EZ55_00101,cudT,BCCT family transporter,Belongs to the BCCT transporter (TC 2.A.15) family,K03451,"TC.BCT; betaine/carnitine transporter, BCCT family",The Betaine/Carnitine/Choline Transporter (BCCT) Family,,kegg|tcdb|annotation,Inorganic ion transport,False,True,True,True
Alteromonas macleodii EZ55,EZ55_00107,,TonB-dependent siderophore receptor,TonB dependent receptor,K16088,"TC.FEV.OM1, fhuE, fpvA, fptA; outer-membrane receptor for ferric coprogen and ferric-rhodotorulic acid",1.B.14.1.10 ; 1.B.14.1.3 ; 1.B.14.1.8,Pores ion channels [TC:1],brite|tcdb|annotation,Inorganic ion transport,True,False,True,True
Alteromonas macleodii EZ55,EZ55_00110,,LysR family transcriptional regulator,Transcriptional regulator,,,,,annotation,Transcription,False,False,False,True
Alteromonas macleodii EZ55,EZ55_00114,,threonine/serine exporter family protein,"Threonine/Serine exporter, ThrE",,,,,annotation,Unknown,False,False,False,True
Alteromonas macleodii EZ55,EZ55_00138,,extracellular solute-binding protein,"ABC-type Fe3 transport system, periplasmic component",K02012,"afuA, fbpA; iron(III) transport system substrate-binding protein",3.A.1.10,Iron(III) transporter,brite|kegg|tcdb|annotation,Inorganic ion transport,True,True,True,True
Alteromonas macleodii EZ55,EZ55_00139,sfuB,ABC transporter permease,"COG1178 ABC-type Fe3 transport system, permease component",K02011,"afuB, fbpB; iron(III) transport system permease protein",3.A.1.10,Iron(III) transporter,brite|kegg|tcdb|annotation,Inorganic ion transport,True,True,True,True
Alteromonas macleodii EZ55,EZ55_00140,,ABC transporter ATP-binding protein,Belongs to the ABC transporter superfamily,K02010,"afuC, fbpC; iron(III) transport system ATP-binding protein [EC:7.2.2.7]",3.A.1.10,Iron(III) transporter,brite|kegg|tcdb|annotation,Inorganic ion transport,True,True,True,True
Alteromonas macleodii EZ55,EZ55_00147,argP,ArgP/LysG family DNA-binding transcriptional regulator,Transcriptional regulator,K05596,"argP, iciA; LysR family transcriptional regulator, arginine and lysine transport system/DNA replication regulator",,,kegg|annotation,Transcription,False,True,False,True
Alteromonas macleodii EZ55,EZ55_00148,argO,LysE/ArgO family amino acid transporter,COG1279 Lysine efflux permease,K06895,"lysE, argO; L-lysine exporter family protein LysE/ArgO",2.A.75.1,Electrochemical potential-driven transporters [TC:2],brite|kegg|tcdb|annotation,Unknown,True,True,True,True
Alteromonas macleodii EZ55,EZ55_00149,sugE,DMT family transporter,COG2076 Membrane transporters of cations and cationic drugs,K11741,sugE; quaternary ammonium compound-resistance protein SugE,2.A.7.1,Electrochemical potential-driven transporters [TC:2],brite|tcdb|annotation,Inorganic ion transport,True,False,True,True
Alteromonas macleodii EZ55,EZ55_00152,acrA,efflux RND transporter periplasmic adaptor subunit,Belongs to the membrane fusion protein (MFP) (TC 8.A.1) family,K03585,"acrA, mexA, adeI, smeD, mtrC, cmeA; membrane fusion protein, multidrug efflux system",2.A.6.2 ; 8.A.1.6,Accessory factors involved in transport [TC:8],brite|kegg|tcdb|annotation,Cell wall and membrane,True,True,True,True
Alteromonas macleodii EZ55,EZ55_00153,ttgB,efflux RND transporter permease subunit,Efflux pump,K18138 ; K18299,"acrB, mexB, adeJ, smeE, mtrD, cmeB; multidrug efflux pump ; mexF; multidrug efflux pump",2.A.6.2.16,Electrochemical potential-driven transporters [TC:2],brite|kegg|tcdb|annotation,Defense mechanisms,True,True,True,True
Alteromonas macleodii EZ55,EZ55_00165,gstA,glutathione S-transferase,Belongs to the GST superfamily,K00799,"GST, gst; glutathione S-transferase [EC:2.5.1.18]",1.A.12.2.2 ; 1.A.12.3.2,Pores ion channels [TC:1],brite|tcdb,Post-translational modification,True,False,True,False
Alteromonas macleodii EZ55,EZ55_00168,mgtE,magnesium transporter,Mg Co Ni transporter MgtE,K06213,mgtE; magnesium transporter,1.A.26.1,Pores ion channels [TC:1],brite|kegg|tcdb|annotation,Inorganic ion transport,True,True,True,True
Alteromonas macleodii EZ55,EZ55_00169,rarD,EamA family transporter RarD,RarD protein,K05786,rarD; chloramphenicol-sensitive protein RarD,2.A.7.7,Electrochemical potential-driven transporters [TC:2],brite|tcdb|annotation,Unknown,True,False,True,True
Alteromonas macleodii EZ55,EZ55_00183,,ABC transporter substrate-binding protein,Bacterial extracellular solute-binding protein,K02027,ABC.MS.S; multiple sugar transport system substrate-binding protein,3.A.1.1,Putative multiple sugar transporter,brite|kegg|tcdb|annotation,Carbohydrate metabolism,True,True,True,True
Alteromonas macleodii EZ55,EZ55_00195,yegD,Hsp70 family protein,MreB/Mbl protein,K04046,yegD; hypothetical chaperone protein,The Cation Channel-forming Heat Shock Protein-70 (Hsp70) Family,,tcdb,Post-translational modification,False,False,True,False
Alteromonas macleodii EZ55,EZ55_00197,uvrA,excinuclease ABC subunit UvrA,"The UvrABC repair system catalyzes the recognition and processing of DNA lesions. UvrA is an ATPase and a DNA-binding protein. A damage recognition complex composed of 2 UvrA and 2 UvrB subunits scans DNA for abnormalities. When the presence of a lesion has been verified by UvrB, the UvrA molecules dissociate",K03701,uvrA; excinuclease ABC subunit A,,,kegg|annotation,Replication and repair,False,True,False,True
Alteromonas macleodii EZ55,EZ55_00198,yajR,MFS transporter,COG0477 Permeases of the major facilitator superfamily,,,,,annotation,Amino acid metabolism,False,False,False,True
Alteromonas macleodii EZ55,EZ55_00206,sglT,sodium/sugar symporter,Belongs to the sodium solute symporter (SSF) (TC 2.A.21) family,K03307,"TC.SSS; solute:Na+ symporter, SSS family",The Solute:Sodium Symporter (SSS) Family,,kegg|tcdb|annotation,Unknown,False,True,True,True
Alteromonas macleodii EZ55,EZ55_00211,,SLC5 family protein,Belongs to the sodium solute symporter (SSF) (TC 2.A.21) family,K03307,"TC.SSS; solute:Na+ symporter, SSS family",The Solute:Sodium Symporter (SSS) Family,,kegg|tcdb|annotation,Unknown,False,True,True,True
Alteromonas macleodii EZ55,EZ55_00212,,TonB-dependent receptor,TonB-dependent Receptor Plug Domain,,,,,annotation,Inorganic ion transport,False,False,False,True
Alteromonas macleodii EZ55,EZ55_00222,mshL,pilus (MSHA type) biogenesis protein MshL,pilus (MSHA type) biogenesis protein MshL,K12282,mshL; MSHA biogenesis protein MshL,,,annotation,Cell motility,False,False,False,True
Alteromonas macleodii EZ55,EZ55_00226,mshG,type II secretion system F family protein,"Type II secretory pathway, component PulF",K02505 ; K12278,hofC; protein transport protein HofC ; mshG; MSHA biogenesis protein MshG,,,kegg,Cell motility,False,True,False,False
Alteromonas macleodii EZ55,EZ55_00236,mreB,rod shape-determining protein,"Forms membrane-associated dynamic filaments that are essential for cell shape determination. Acts by regulating cell wall synthesis and cell elongation, and thus cell shape. A feedback loop between cell geometry and MreB localization may maintain elongated cell shape by targeting cell wall growth to regions of negative cell wall curvature",K03569,mreB; rod shape-determining protein MreB and related proteins,1.A.33.1 ; 9.B.157.1,,tcdb,Cell cycle and division,False,False,True,False
Alteromonas macleodii EZ55,EZ55_00237,mreC,rod shape-determining protein MreC,Involved in formation and maintenance of cell shape,K03570,mreC; rod shape-determining protein MreC,9.B.157.1,,tcdb,Cell wall and membrane,False,False,True,False
Alteromonas macleodii EZ55,EZ55_00238,mreD,rod shape-determining protein MreD,Involved in formation of the rod shape of the cell. May also contribute to regulation of formation of penicillin-binding proteins,K03571,mreD; rod shape-determining protein MreD,9.B.157.1,,tcdb,Cell wall and membrane,False,False,True,False
Alteromonas macleodii EZ55,EZ55_00283,czcC,TolC family protein,COG1538 Outer membrane protein,K15725,"czcC, cusC, cnrC; outer membrane protein, heavy metal efflux system",1.B.17.2.2,Pores ion channels [TC:1],brite|kegg|tcdb|annotation,Cell wall and membrane,True,True,True,True
Alteromonas macleodii EZ55,EZ55_00284,,efflux RND transporter periplasmic adaptor subunit,COG0845 Membrane-fusion protein,K15727,"czcB, cusB, cnrB; membrane fusion protein, heavy metal efflux system",8.A.1.2.1,Accessory factors involved in transport [TC:8],brite|kegg|tcdb|annotation,Cell wall and membrane,True,True,True,True
Alteromonas macleodii EZ55,EZ55_00285,helA,efflux RND transporter permease subunit,Belongs to the resistance-nodulation-cell division (RND) (TC 2.A.6) family,K15726,"czcA, cusA, cnrA; heavy metal efflux system protein",2.A.6.1.2,Electrochemical potential-driven transporters [TC:2],brite|kegg|tcdb|annotation,Inorganic ion transport,True,True,True,True
Alteromonas macleodii EZ55,EZ55_00286,,cation diffusion facilitator family transporter,COG1230 Co Zn Cd efflux system component,K16264,"czcD, zitB; cobalt-zinc-cadmium efflux system protein",2.A.4.1,Electrochemical potential-driven transporters [TC:2],brite|kegg|tcdb|annotation,Inorganic ion transport,True,True,True,True
Alteromonas macleodii EZ55,EZ55_00293,,LNS2 domain-containing protein,phosphatidylinositol transporter activity,,,,,annotation,Unknown,False,False,False,True
Alteromonas macleodii EZ55,EZ55_00299,czcA,efflux RND transporter permease subunit,AcrB/AcrD/AcrF family,K15726,"czcA, cusA, cnrA; heavy metal efflux system protein",2.A.6.1.2,Electrochemical potential-driven transporters [TC:2],brite|kegg|tcdb|annotation,Inorganic ion transport,True,True,True,True
Alteromonas macleodii EZ55,EZ55_00300,czcB,efflux RND transporter periplasmic adaptor subunit,COG0845 Membrane-fusion protein,K15727,"czcB, cusB, cnrB; membrane fusion protein, heavy metal efflux system",8.A.1.2.1,Accessory factors involved in transport [TC:8],brite|kegg|tcdb|annotation,Cell wall and membrane,True,True,True,True
Alteromonas macleodii EZ55,EZ55_00301,czcC,TolC family protein,Outer membrane efflux protein,K15725,"czcC, cusC, cnrC; outer membrane protein, heavy metal efflux system",1.B.17.2.2,Pores ion channels [TC:1],brite|kegg|tcdb|annotation,Cell wall and membrane,True,True,True,True
Alteromonas macleodii EZ55,EZ55_00326,,TonB-dependent receptor,"COG1629 Outer membrane receptor proteins, mostly Fe transport",,,,,annotation,Inorganic ion transport,False,False,False,True
Alteromonas macleodii EZ55,EZ55_00328,,MFS transporter,Major Facilitator Superfamily,,,,,annotation,Carbohydrate metabolism,False,False,False,True
Alteromonas macleodii EZ55,EZ55_00331,,DMT family transporter,Transporter,,,,,annotation,Amino acid metabolism,False,False,False,True
Alteromonas macleodii EZ55,EZ55_00340,,nucleoside permease,LacY proton/sugar symporter,K05820,"hcaT; MFS transporter, PPP family, 3-phenylpropionic acid transporter",2.A.1.27,Phenylproprionate permease (PPP) family [TC:2.A.1.27],brite|kegg|tcdb|annotation,Amino acid metabolism,True,True,True,True
Alteromonas macleodii EZ55,EZ55_00371,nhaP,cation:proton antiporter,Belongs to the monovalent cation proton antiporter 2 (CPA2) transporter (TC 2.A.37) family,K03316,"nhaP, nhaS1, nhaS2; Na+:H+ antiporter",The Monovalent Cation:Proton Antiporter-1 (CPA1) Family,Electrochemical potential-driven transporters [TC:2],brite|kegg|tcdb|annotation,Inorganic ion transport,True,True,True,True
Alteromonas macleodii EZ55,EZ55_00391,amtB,ammonium transporter,Ammonium transporter,K03320,"amt, AMT, MEP; ammonium transporter, Amt family",The Ammonium Transporter Channel (Amt) Family,Pores ion channels [TC:1],brite|kegg|tcdb|annotation,Inorganic ion transport,True,True,True,True
Alteromonas macleodii EZ55,EZ55_00401,,efflux RND transporter periplasmic adaptor subunit,Belongs to the membrane fusion protein (MFP) (TC 8.A.1) family,K21136,"triA; membrane fusion protein, multidrug efflux system",2.A.6.2.27 ; The Membrane Fusion Protein (MFP) Family,Accessory factors involved in transport [TC:8],brite|kegg|tcdb|annotation,Cell wall and membrane,True,True,True,True
Alteromonas macleodii EZ55,EZ55_00402,,efflux RND transporter permease subunit,Belongs to the resistance-nodulation-cell division (RND) (TC 2.A.6) family,,,,,annotation,Defense mechanisms,False,False,False,True
Alteromonas macleodii EZ55,EZ55_00423,pilQ,type IV pilus secretin PilQ,"COG4796 Type II secretory pathway, component HofQ",K02507 ; K02666,hofQ; protein transport protein HofQ ; pilQ; type IV pilus assembly protein PilQ,3.A.15.2,,kegg|tcdb|annotation,Intracellular trafficking,False,True,True,True
Alteromonas macleodii EZ55,EZ55_00456,,TonB-dependent receptor domain-containing protein,TonB-dependent Receptor Plug Domain,K16087,"TC.FEV.OM3, tbpA, hemR, lbpA, hpuB, bhuR, hugA, hmbR; hemoglobin/transferrin/lactoferrin receptor protein",1.B.14.2,Pores ion channels [TC:1],brite|tcdb|annotation,Inorganic ion transport,True,False,True,True
Alteromonas macleodii EZ55,EZ55_00459,pvdR,efflux RND transporter periplasmic adaptor subunit,Belongs to the membrane fusion protein (MFP) (TC 8.A.1) family,K02005 ; K13888,"ABC.CD.TX; HlyD family secretion protein ; macA; membrane fusion protein, macrolide-specific efflux system",The Membrane Fusion Protein (MFP) Family,Accessory factors involved in transport [TC:8],brite|kegg|tcdb|annotation,Cell wall and membrane,True,True,True,True
Alteromonas macleodii EZ55,EZ55_00460,macB,MacB family efflux pump subunit,"Part of the tripartite efflux system MacAB-TolC. MacB is a non-canonical ABC transporter that contains transmembrane domains (TMD), which form a pore in the inner membrane, and an ATP-binding domain (NBD), which is responsible for energy generation. Confers resistance against macrolides",K02003 ; K05685,ABC.CD.A; putative ABC transport system ATP-binding protein ; macB; macrolide transport system ATP-binding/permease protein [EC:7.6.2.-],The ATP-binding Cassette (ABC) Superfamily ; 3.A.1.122.1 ; 3.A.1.122.12,Macrolide exporter ; Putative ABC transporter,brite|kegg|tcdb|annotation,Defense mechanisms,True,True,True,True
Alteromonas macleodii EZ55,EZ55_00461,,TolC family protein,Outer membrane efflux protein,,,,,annotation,Cell wall and membrane,False,False,False,True
Alteromonas macleodii EZ55,EZ55_00464,secB,protein-export chaperone SecB,"One of the proteins required for the normal export of preproteins out of the cell cytoplasm. It is a molecular chaperone that binds to a subset of precursor proteins, maintaining them in a translocation-competent state. It also specifically binds to its receptor SecA",K03071,secB; preprotein translocase subunit SecB,The General Secretory Pathway (Sec) Family,,kegg|tcdb|annotation,Intracellular trafficking,False,True,True,True
Alteromonas macleodii EZ55,EZ55_00471,,DMT family transporter,COG0697 Permeases of the drug metabolite transporter (DMT) superfamily,,,,,annotation,Amino acid metabolism,False,False,False,True
Alteromonas macleodii EZ55,EZ55_00478,,TonB-dependent receptor domain-containing protein,TonB dependent receptor,,,,,annotation,Cell wall and membrane,False,False,False,True
Alteromonas macleodii EZ55,EZ55_00488,tatA,Sec-independent protein translocase subunit TatA,Part of the twin-arginine translocation (Tat) system that transports large folded proteins containing a characteristic twin-arginine motif in their signal peptide across membranes. TatA could form the protein-conducting channel of the Tat system,K03116 ; K03425,tatA; sec-independent protein translocase protein TatA ; tatE; sec-independent protein translocase protein TatE,The Twin Arginine Targeting (Tat) Family,,kegg|tcdb|annotation,Intracellular trafficking,False,True,True,True
Alteromonas macleodii EZ55,EZ55_00489,tatB,Sec-independent protein translocase protein TatB,"Part of the twin-arginine translocation (Tat) system that transports large folded proteins containing a characteristic twin-arginine motif in their signal peptide across membranes. Together with TatC, TatB is part of a receptor directly interacting with Tat signal peptides. TatB may form an oligomeric binding site that transiently accommodates folded Tat precursor proteins before their translocation",K03117,tatB; sec-independent protein translocase protein TatB,The Twin Arginine Targeting (Tat) Family,,kegg|tcdb|annotation,Intracellular trafficking,False,True,True,True
Alteromonas macleodii EZ55,EZ55_00490,tatC,twin-arginine translocase subunit TatC,"Part of the twin-arginine translocation (Tat) system that transports large folded proteins containing a characteristic twin-arginine motif in their signal peptide across membranes. Together with TatB, TatC is part of a receptor directly interacting with Tat signal peptides",K03118,tatC; sec-independent protein translocase protein TatC,The Twin Arginine Targeting (Tat) Family,,kegg|tcdb|annotation,Intracellular trafficking,False,True,True,True
Alteromonas macleodii EZ55,EZ55_00501,nhaA,Na+/H+ antiporter NhaA,Na(+)/H(+) antiporter that extrudes sodium in exchange for external protons,K03313,"nhaA; Na+:H+ antiporter, NhaA family",2.A.33.1,Electrochemical potential-driven transporters [TC:2],brite|kegg|tcdb|annotation,Inorganic ion transport,True,True,True,True
Alteromonas macleodii EZ55,EZ55_00519,mleN,Na+/H+ antiporter NhaC family protein,Na H antiporter,,,,,annotation,Energy production,False,False,False,True
Alteromonas macleodii EZ55,EZ55_00521,,mechanosensitive ion channel family protein,Mechanosensitive ion channel,,,,,annotation,Cell wall and membrane,False,False,False,True
Alteromonas macleodii EZ55,EZ55_00529,,TonB-dependent receptor,phosphate-selective porin O and P,,,,,annotation,Inorganic ion transport,False,False,False,True
Alteromonas macleodii EZ55,EZ55_00530,,substrate-binding periplasmic protein,ABC transporter,K02030,ABC.PA.S; polar amino acid transport system substrate-binding protein,3.A.1.3,Putative polar amino acid transporter,brite|kegg|tcdb|annotation,Amino acid metabolism,True,True,True,True
Alteromonas macleodii EZ55,EZ55_00531,,NRAMP family divalent metal transporter,COG1914 Mn2 and Fe2 transporters of the NRAMP family,,,,,annotation,Inorganic ion transport,False,False,False,True
Alteromonas macleodii EZ55,EZ55_00534,dgdR,LysR family transcriptional regulator,Transcriptional regulator,,,,,annotation,Transcription,False,False,False,True
Alteromonas macleodii EZ55,EZ55_00538,,YnfA family protein,UPF0060 membrane protein,K09771,TC.SMR3; small multidrug resistance family-3 protein,2.A.7.26,Electrochemical potential-driven transporters [TC:2],brite|tcdb,Unknown,True,False,True,False
Alteromonas macleodii EZ55,EZ55_00539,,energy transducer TonB,Gram-negative bacterial TonB protein C-terminal,,,,,annotation,Cell wall and membrane,False,False,False,True
Alteromonas macleodii EZ55,EZ55_00589,,ZIP family metal transporter,divalent heavy-metal cations transporter,K07238,"TC.ZIP, zupT, ZRT3, ZIP2; zinc transporter, ZIP family",2.A.5.5,Electrochemical potential-driven transporters [TC:2],brite|kegg|tcdb|annotation,Inorganic ion transport,True,True,True,True
Alteromonas macleodii EZ55,EZ55_00600,nlpD,peptidoglycan DD-metalloendopeptidase family protein,COG0739 Membrane proteins related to metalloendopeptidases,K06194,nlpD; lipoprotein NlpD,1.A.34.1.2,,tcdb,Cell cycle and division,False,False,True,False
Alteromonas macleodii EZ55,EZ55_00610,,TolC family protein,Outer membrane efflux protein,,,,,annotation,Cell wall and membrane,False,False,False,True
Alteromonas macleodii EZ55,EZ55_00611,,efflux RND transporter periplasmic adaptor subunit,Belongs to the membrane fusion protein (MFP) (TC 8.A.1) family,,,,,annotation,Cell wall and membrane,False,False,False,True
Alteromonas macleodii EZ55,EZ55_00612,,efflux RND transporter permease subunit,Belongs to the resistance-nodulation-cell division (RND) (TC 2.A.6) family,,,,,annotation,Defense mechanisms,False,False,False,True
Alteromonas macleodii EZ55,EZ55_00620,ptsP,phosphoenolpyruvate--protein phosphotransferase,Belongs to the PEP-utilizing enzyme family,K08483 ; K08484,"ptsI; phosphoenolpyruvate-protein phosphotransferase (PTS system enzyme I) [EC:2.7.3.9] ; ptsP; phosphotransferase system, enzyme I, PtsP [EC:2.7.3.9]",The Phosphotransferase System Enzyme I (EI) Family,Enzyme I [TC:8.A.7],brite|kegg|tcdb,Signal transduction,True,True,True,False
Alteromonas macleodii EZ55,EZ55_00621,,sulfite exporter TauE/SafE family protein,membrane transporter protein,K07090,K07090; uncharacterized protein,,,annotation,Unknown,False,False,False,True
Alteromonas macleodii EZ55,EZ55_00627,ampG,AmpG family muropeptide MFS transporter,COG0477 Permeases of the major facilitator superfamily,K08218,"ampG; MFS transporter, PAT family, beta-lactamase induction signal transducer AmpG",2.A.1.25,Peptide-acetyl-CoA transporter (PAT) [TC:2.A.1.25],brite|kegg|tcdb|annotation,Carbohydrate metabolism,True,True,True,True
Alteromonas macleodii EZ55,EZ55_00642,,ion transporter,COG1226 Kef-type K transport systems,K08714,VGSC; voltage-gated sodium channel,1.A.1.14,Pores ion channels [TC:1],brite|kegg|tcdb|annotation,Inorganic ion transport,True,True,True,True
Alteromonas macleodii EZ55,EZ55_00644,tolC,outer membrane channel protein TolC,COG1538 Outer membrane protein,K12340,"tolC, bepC, cyaE, raxC, sapF, rsaF, hasF; outer membrane protein",The Outer Membrane Factor (OMF) Family ; 2.A.6.2,Pores ion channels [TC:1],brite|tcdb|annotation,Cell wall and membrane,True,False,True,True
Alteromonas macleodii EZ55,EZ55_00653,,Hsp70 family protein,Heat shock 70 kDa protein,K04043,"dnaK, HSPA9; molecular chaperone DnaK",1.A.33.1,,tcdb,Post-translational modification,False,False,True,False
Alteromonas macleodii EZ55,EZ55_00666,,TonB-dependent receptor,"COG1629 Outer membrane receptor proteins, mostly Fe transport",K02014,TC.FEV.OM; iron complex outermembrane recepter protein,The Outer Membrane Receptor (OMR) Family,Pores ion channels [TC:1],brite|tcdb|annotation,Coenzyme metabolism,True,False,True,True
Alteromonas macleodii EZ55,EZ55_00678,,SulP family inorganic anion transporter,COG0659 Sulfate permease and related transporters (MFS superfamily),K03321,"TC.SULP; sulfate permease, SulP family",2.A.53.3,Electrochemical potential-driven transporters [TC:2],brite|kegg|tcdb|annotation,Inorganic ion transport,True,True,True,True
Alteromonas macleodii EZ55,EZ55_00688,nrtC,CmpA/NrtA family ABC transporter substrate-binding protein,"COG0715 ABC-type nitrate sulfonate bicarbonate transport systems, periplasmic components",K15576,"nrtA, nasF, cynA; nitrate/nitrite transport system substrate-binding protein",3.A.1.16.1 ; 3.A.1.16.2,Nitrate/nitrite transporter,brite|kegg|tcdb|annotation,Inorganic ion transport,True,True,True,True
Alteromonas macleodii EZ55,EZ55_00689,nrtB,ABC transporter permease,"ABC-type nitrate sulfonate bicarbonate transport system, permease component",K15577,"nrtB, nasE, cynB; nitrate/nitrite transport system permease protein",3.A.1.16.1 ; 3.A.1.16.2,Nitrate/nitrite transporter,brite|kegg|tcdb|annotation,Inorganic ion transport,True,True,True,True
Alteromonas macleodii EZ55,EZ55_00690,nasD,ABC transporter ATP-binding protein,"COG1116 ABC-type nitrate sulfonate bicarbonate transport system, ATPase component",K15578,"nrtC, nasD; nitrate/nitrite transport system ATP-binding protein [EC:7.3.2.4]",3.A.1.16.1,Nitrate/nitrite transporter,brite|kegg|tcdb|annotation,Inorganic ion transport,True,True,True,True
Alteromonas macleodii EZ55,EZ55_00694,btuB,TonB-dependent receptor plug domain-containing protein,Outer membrane cobalamin receptor protein,K16092,btuB; vitamin B12 transporter,1.B.14.3,Pores ion channels [TC:1],brite|kegg|tcdb|annotation,Coenzyme metabolism,True,True,True,True
Alteromonas macleodii EZ55,EZ55_00707,,efflux RND transporter periplasmic adaptor subunit,Belongs to the membrane fusion protein (MFP) (TC 8.A.1) family,K03585,"acrA, mexA, adeI, smeD, mtrC, cmeA; membrane fusion protein, multidrug efflux system",2.A.6.2 ; 8.A.1.6,Accessory factors involved in transport [TC:8],brite|kegg|tcdb|annotation,Cell wall and membrane,True,True,True,True
Alteromonas macleodii EZ55,EZ55_00708,acrF,efflux RND transporter permease subunit,Belongs to the resistance-nodulation-cell division (RND) (TC 2.A.6) family,K18138,"acrB, mexB, adeJ, smeE, mtrD, cmeB; multidrug efflux pump",2.A.6.2,Electrochemical potential-driven transporters [TC:2],brite|kegg|tcdb|annotation,Defense mechanisms,True,True,True,True
Alteromonas macleodii EZ55,EZ55_00709,,type 2 periplasmic-binding domain-containing protein,Phosphate ABC transporter substrate-binding protein,,,,,annotation,Inorganic ion transport,False,False,False,True
Alteromonas macleodii EZ55,EZ55_00725,benE,benzoate/H(+) symporter BenE family transporter,protein involved in benzoate metabolism,K05782,benE; benzoate membrane transport protein,2.A.46.1,Electrochemical potential-driven transporters [TC:2],brite|kegg|tcdb|annotation,Secondary metabolites,True,True,True,True
Alteromonas macleodii EZ55,EZ55_00731,pstS,PstS family phosphate ABC transporter substrate-binding protein,"COG0226 ABC-type phosphate transport system, periplasmic component",K02040,pstS; phosphate transport system substrate-binding protein,3.A.1.7,Phosphate transporter,brite|kegg|tcdb|annotation,Inorganic ion transport,True,True,True,True
Alteromonas macleodii EZ55,EZ55_00734,,TonB-dependent receptor domain-containing protein,"COG1629 Outer membrane receptor proteins, mostly Fe transport",,,,,annotation,Inorganic ion transport,False,False,False,True
Alteromonas macleodii EZ55,EZ55_00736,,MotA/TolQ/ExbB proton channel family protein,MotA TolQ ExbB proton channel,K03561,exbB; biopolymer transport protein ExbB,1.A.30.2.1,Pores ion channels [TC:1],brite|kegg|tcdb|annotation,Intracellular trafficking,True,True,True,True
Alteromonas macleodii EZ55,EZ55_00737,,MotA/TolQ/ExbB proton channel family protein,MotA/TolQ/ExbB proton channel family,K03561,exbB; biopolymer transport protein ExbB,1.A.30.2.1,Pores ion channels [TC:1],brite|kegg|tcdb|annotation,Intracellular trafficking,True,True,True,True
Alteromonas macleodii EZ55,EZ55_00738,,ExbD/TolR family protein,Biopolymer transport protein,K03559,exbD; biopolymer transport protein ExbD,1.A.30.2.1,Pores ion channels [TC:1],brite|kegg|tcdb|annotation,Intracellular trafficking,True,True,True,True
Alteromonas macleodii EZ55,EZ55_00739,,energy transducer TonB,"Interacts with outer membrane receptor proteins that carry out high-affinity binding and energy dependent uptake into the periplasmic space of specific substrates. It could act to transduce energy from the cytoplasmic membrane to specific energy-requiring processes in the outer membrane, resulting in the release into the periplasm of ligands bound by these outer membrane proteins",K03832,tonB; periplasmic protein TonB,2.C.1.1,Electrochemical potential-driven transporters [TC:2],brite|kegg|tcdb|annotation,Cell wall and membrane,True,True,True,True
Alteromonas macleodii EZ55,EZ55_00743,,AMP-binding protein,AMP-binding enzyme C-terminal domain,K01897,"ACSL, fadD; long-chain-fatty-acid---CoA ligase [EC:6.2.1.3]",4.C.1.1,,tcdb,Lipid metabolism,False,False,True,False
Alteromonas macleodii EZ55,EZ55_00758,apaG,Co2+/Mg2+ efflux protein ApaG,protein affecting Mg2 Co2 transport,K06195,apaG; ApaG protein,,,annotation,Inorganic ion transport,False,False,False,True
Alteromonas macleodii EZ55,EZ55_00762,lptD,LPS assembly protein LptD,"Together with LptE, is involved in the assembly of lipopolysaccharide (LPS) at the surface of the outer membrane",K04744,"lptD, imp, ostA; LPS-assembly protein",1.B.42.1,Pores ion channels [TC:1],brite|tcdb,Cell wall and membrane,True,False,True,False
Alteromonas macleodii EZ55,EZ55_00765,dsbC,bifunctional protein-disulfide isomerase/oxidoreductase DsbC,Required for disulfide bond formation in some periplasmic proteins. Acts by transferring its disulfide bond to other proteins and is reduced in the process,K03981,dsbC; thiol:disulfide interchange protein DsbC [EC:5.3.4.1],3.A.7.11.1,,tcdb,Cell wall and membrane,False,False,True,False
Alteromonas macleodii EZ55,EZ55_00785,,hypothetical protein,)-iron permease,K07243,"FTR, FTH1, efeU; high-affinity iron transporter",2.A.108.1 ; 2.A.108.2,Electrochemical potential-driven transporters [TC:2],brite|kegg|tcdb|annotation,Inorganic ion transport,True,True,True,True
Alteromonas macleodii EZ55,EZ55_00789,,transporter substrate-binding domain-containing protein,ABC-type amino acid transport signal transduction systems periplasmic component domain,,,,,annotation,Amino acid metabolism,False,False,False,True
Alteromonas macleodii EZ55,EZ55_00795,sspA,stringent starvation protein SspA,Glutathione S-transferase,K03599,"sspA, mglA; stringent starvation protein A",1.A.12.3.1,Pores ion channels [TC:1],brite|tcdb,Post-translational modification,True,False,True,False
Alteromonas macleodii EZ55,EZ55_00800,mgtE,magnesium transporter,Acts as a magnesium transporter,K06213,mgtE; magnesium transporter,1.A.26.1,Pores ion channels [TC:1],brite|kegg|tcdb|annotation,Inorganic ion transport,True,True,True,True
Alteromonas macleodii EZ55,EZ55_00801,ptsO,HPr family phosphocarrier protein,"COG1925 Phosphotransferase system, HPr-related proteins",K08485 ; K11189,"ptsO, npr; phosphocarrier protein NPr ; K11189",4.A.2.1,Phosphocarrier protein HPr [TC:8.A.8],brite|tcdb,Carbohydrate metabolism,True,False,True,False
Alteromonas macleodii EZ55,EZ55_00803,ptsN,PTS IIA-like nitrogen regulatory protein PtsN,COG1762 Phosphotransferase system mannitol fructose-specific IIA domain (Ntr-type),K02806,ptsN; nitrogen PTS system EIIA component [EC:2.7.1.-],,Nitrogen regulatory II component,brite|kegg,Carbohydrate metabolism,True,True,False,False
Alteromonas macleodii EZ55,EZ55_00806,lptB,LPS export ABC transporter ATP-binding protein,Part of the ABC transporter complex LptBFG involved in the translocation of lipopolysaccharide (LPS) from the inner membrane to the outer membrane. Probably responsible for energy coupling to the transport system,K06861,lptB; lipopolysaccharide export system ATP-binding protein [EC:7.5.2.5],1.B.42.1,Lipopolysaccharide transporter ; Pores ion channels [TC:1],brite|tcdb|annotation,Unknown,True,False,True,True
Alteromonas macleodii EZ55,EZ55_00807,lptA,lipopolysaccharide transport periplasmic protein LptA,"Involved in the assembly of lipopolysaccharide (LPS). Required for the translocation of LPS from the inner membrane to the outer membrane. May form a bridge between the inner membrane and the outer membrane, via interactions with LptC and LptD, thereby facilitating LPS transfer across the periplasm",K09774,lptA; lipopolysaccharide export system protein LptA,1.B.42.1,Pores ion channels [TC:1],brite|tcdb|annotation,Unknown,True,False,True,True
Alteromonas macleodii EZ55,EZ55_00808,lptC,LPS export ABC transporter periplasmic protein LptC,Involved in the assembly of lipopolysaccharide (LPS). Required for the translocation of LPS from the inner membrane to the outer membrane. Facilitates the transfer of LPS from the inner membrane to the periplasmic protein LptA. Could be a docking site for LptA. ; FUNCTION: Required for the translocation of lipopolysaccharide (LPS) from the inner membrane to the outer membrane,K11719,lptC; lipopolysaccharide export system protein LptC,1.B.42.1,Pores ion channels [TC:1],brite|tcdb|annotation,Unknown,True,False,True,True
Alteromonas macleodii EZ55,EZ55_00811,yrbG,calcium/sodium antiporter,COG0530 Ca2 Na antiporter,K07301,yrbG; cation:H+ antiporter,2.A.19.5,Electrochemical potential-driven transporters [TC:2],brite|kegg|tcdb|annotation,Inorganic ion transport,True,True,True,True
Alteromonas macleodii EZ55,EZ55_00812,mlaF,phospholipid ABC transporter ATP-binding protein MlaF,"ABC-type transport system involved in resistance to organic solvents, ATPase component",K02065,"mlaF, linL, mkl; phospholipid/cholesterol/gamma-HCH transport system ATP-binding protein",3.A.1.27,gamma-Hexachlorocyclohexane transporter ; Phospholipid transporter ; Mce system transporter,brite|kegg|tcdb|annotation,Secondary metabolites,True,True,True,True
Alteromonas macleodii EZ55,EZ55_00813,mlaE,lipid asymmetry maintenance ABC transporter permease subunit MlaE,"Part of the ABC transporter complex MlaFEDB, which is involved in a phospholipid transport pathway that maintains lipid asymmetry in the outer membrane by retrograde trafficking of phospholipids from the outer membrane to the inner membrane. Probably responsible for the translocation of the substrate across the membrane",K02066,"mlaE, linK; phospholipid/cholesterol/gamma-HCH transport system permease protein",3.A.1.27,gamma-Hexachlorocyclohexane transporter ; Phospholipid transporter ; Mce system transporter,brite|kegg|tcdb|annotation,Secondary metabolites,True,True,True,True
Alteromonas macleodii EZ55,EZ55_00814,mlaD,outer membrane lipid asymmetry maintenance protein MlaD,"ABC-type transport system involved in resistance to organic solvents, periplasmic component",K02067,"mlaD, linM; phospholipid/cholesterol/gamma-HCH transport system substrate-binding protein",3.A.1.27,gamma-Hexachlorocyclohexane transporter ; Phospholipid transporter ; Mce system transporter,brite|kegg|tcdb|annotation,Secondary metabolites,True,True,True,True
Alteromonas macleodii EZ55,EZ55_00815,ttg2D,MlaC/ttg2D family ABC transporter substrate-binding protein,"ABC-type transport system involved in resistance to organic solvents, auxiliary component",K07323,mlaC; phospholipid transport system substrate-binding protein,3.A.1.27.3,Phospholipid transporter,brite|kegg|tcdb|annotation,Secondary metabolites,True,True,True,True
Alteromonas macleodii EZ55,EZ55_00816,yrbB,STAS domain-containing protein,NTP binding protein (Contains STAS domain),K07122,mlaB; phospholipid transport system transporter-binding protein,3.A.1.27.3,Phospholipid transporter,brite|kegg|tcdb,Unknown,True,True,True,False
Alteromonas macleodii EZ55,EZ55_00833,secD,protein translocase subunit SecD,Part of the Sec protein translocase complex. Interacts with the SecYEG preprotein conducting channel. SecDF uses the proton motive force (PMF) to complete protein translocation after the ATP-dependent function of SecA,K12257,secDF; SecD/SecF fusion protein,2.A.6.4,,tcdb|annotation,Intracellular trafficking,False,False,True,True
Alteromonas macleodii EZ55,EZ55_00834,nhaP2,potassium/proton antiporter,COG3263 NhaP-type Na H and K H antiporters with a unique C-terminal domain,K11105,"cvrA, nhaP2; potassium/hydrogen antiporter",2.A.36.6,Electrochemical potential-driven transporters [TC:2],brite|kegg|tcdb|annotation,Inorganic ion transport,True,True,True,True
Alteromonas macleodii EZ55,EZ55_00837,,TonB-dependent receptor,TonB dependent receptor,,,,,annotation,Inorganic ion transport,False,False,False,True
Alteromonas macleodii EZ55,EZ55_00838,ywfM,DMT family transporter,EamA-like transporter family,K03298,"TC.DME; drug/metabolite transporter, DME family",2.A.7.3,Electrochemical potential-driven transporters [TC:2],brite|kegg|tcdb|annotation,Amino acid metabolism,True,True,True,True
Alteromonas macleodii EZ55,EZ55_00839,,substrate-binding periplasmic protein,"Bacterial extracellular solute-binding proteins, family 3",,,,,annotation,Amino acid metabolism,False,False,False,True
Alteromonas macleodii EZ55,EZ55_00841,,ABC transporter substrate-binding protein,"COG0683 ABC-type branched-chain amino acid transport systems, periplasmic component",K01999,livK; branched-chain amino acid transport system substrate-binding protein,3.A.1.4,Branched-chain amino acid transporter,brite|kegg|tcdb|annotation,Amino acid metabolism,True,True,True,True
Alteromonas macleodii EZ55,EZ55_00850,,efflux RND transporter periplasmic adaptor subunit,Belongs to the membrane fusion protein (MFP) (TC 8.A.1) family,K03585,"acrA, mexA, adeI, smeD, mtrC, cmeA; membrane fusion protein, multidrug efflux system",2.A.6.2 ; 8.A.1.6,Accessory factors involved in transport [TC:8],brite|kegg|tcdb|annotation,Cell wall and membrane,True,True,True,True
Alteromonas macleodii EZ55,EZ55_00851,,efflux RND transporter permease subunit,Belongs to the resistance-nodulation-cell division (RND) (TC 2.A.6) family,K03296,"TC.HAE1; hydrophobic/amphiphilic exporter-1 (mainly G- bacteria), HAE1 family",2.A.6.2,,kegg|tcdb|annotation,Defense mechanisms,False,True,True,True
Alteromonas macleodii EZ55,EZ55_00852,nodT,TolC family protein,"RND efflux system, outer membrane lipoprotein",K18139,"oprM, emhC, ttgC, cusC, adeK, smeF, mtrE, cmeC, gesC; outer membrane protein, multidrug efflux system",The Outer Membrane Factor (OMF) Family ; 2.A.6.2,Pores ion channels [TC:1],brite|kegg|tcdb|annotation,Cell wall and membrane,True,True,True,True
Alteromonas macleodii EZ55,EZ55_00858,pstC,ABC transporter permease subunit,"transport system, permease component",K02037,pstC; phosphate transport system permease protein,3.A.1.7,Phosphate transporter,brite|kegg|tcdb|annotation,Inorganic ion transport,True,True,True,True
Alteromonas macleodii EZ55,EZ55_00859,pstA,phosphate ABC transporter permease PstA,Phosphate transport system permease,K02038,pstA; phosphate transport system permease protein,3.A.1.7,Phosphate transporter,brite|kegg|tcdb|annotation,Inorganic ion transport,True,True,True,True
Alteromonas macleodii EZ55,EZ55_00860,pstB,phosphate ABC transporter ATP-binding protein PstB,Part of the ABC transporter complex PstSACB involved in phosphate import. Responsible for energy coupling to the transport system,K02036,pstB; phosphate transport system ATP-binding protein [EC:7.3.2.1],3.A.1.7,Phosphate transporter,brite|kegg|tcdb|annotation,Inorganic ion transport,True,True,True,True
Alteromonas macleodii EZ55,EZ55_00861,phoU,phosphate signaling complex protein PhoU,Plays a role in the regulation of phosphate uptake,K02039,phoU; phosphate transport system protein,,,kegg,Inorganic ion transport,False,True,False,False
Alteromonas macleodii EZ55,EZ55_00862,pitA,inorganic phosphate transporter,COG0306 Phosphate sulphate permeases,K03306,"TC.PIT; inorganic phosphate transporter, PiT family",The Inorganic Phosphate Transporter (PiT) Family,,kegg|tcdb|annotation,Inorganic ion transport,False,True,True,True
Alteromonas macleodii EZ55,EZ55_00864,oxyR,hydrogen peroxide-inducible genes activator,Transcriptional regulator,K04761,"oxyR; LysR family transcriptional regulator, hydrogen peroxide-inducible genes activator",,,annotation,Transcription,False,False,False,True
Alteromonas macleodii EZ55,EZ55_00882,,LysR family transcriptional regulator,"PFAM LysR substrate-binding protein, regulatory protein LysR",,,,,annotation,Transcription,False,False,False,True
Alteromonas macleodii EZ55,EZ55_00892,sstT,serine/threonine transporter SstT,"Involved in the import of serine and threonine into the cell, with the concomitant import of sodium (symport system)",K07862,sstT; serine/threonine transporter,2.A.23.4,Electrochemical potential-driven transporters [TC:2],brite|kegg|tcdb|annotation,Amino acid metabolism,True,True,True,True
Alteromonas macleodii EZ55,EZ55_00899,,MipA/OmpV family protein,MltA-interacting protein MipA,K07274,"mipA, ompV; MipA family protein",9.B.99.1,Pores ion channels [TC:1],brite|tcdb,Cell wall and membrane,True,False,True,False
Alteromonas macleodii EZ55,EZ55_00904,ybiT,ABC-F family ATPase,COG0488 ATPase components of ABC transporters with duplicated ATPase domains,,,,,annotation,Unknown,False,False,False,True
Alteromonas macleodii EZ55,EZ55_00910,,mechanosensitive ion channel family protein,Mechanosensitive ion channel,K16052,"ynaI, mscMJ; MscS family membrane protein",1.A.23.4,Pores ion channels [TC:1],brite|tcdb|annotation,Cell wall and membrane,True,False,True,True
Alteromonas macleodii EZ55,EZ55_00915,,MFS transporter,COG0477 Permeases of the major facilitator superfamily,K07552 ; K08154,"bcr, tcaB; MFS transporter, DHA1 family, multidrug resistance protein ; emrD; MFS transporter, DHA1 family, 2-module integral membrane pump EmrD",2.A.1.2.9,Drug:H+ antiporter-1 (12 spanner) (DHA1) family [TC:2.A.1.2],brite|kegg|tcdb|annotation,Amino acid metabolism,True,True,True,True
Alteromonas macleodii EZ55,EZ55_00937,,CidA/LrgA family protein,LrgA family,K06518,cidA; holin-like protein,1.E.14.2,Pores ion channels [TC:1],brite|tcdb,Unknown,True,False,True,False
Alteromonas macleodii EZ55,EZ55_00950,gspA,ExeA family protein,"COG3267 Type II secretory pathway, component ExeA",K02450,gspA; general secretion pathway protein A,The ExeAB (ExeAB) Secretin Assembly/Export Complex Family,,tcdb,Intracellular trafficking,False,False,True,False
Alteromonas macleodii EZ55,EZ55_00951,gspB,general secretion pathway protein GspB,Type II secretion system protein B,K02451,gspB; general secretion pathway protein B,The ExeAB (ExeAB) Secretin Assembly/Export Complex Family,,tcdb,Intracellular trafficking,False,False,True,False
Alteromonas macleodii EZ55,EZ55_00963,natA,ABC transporter ATP-binding protein,"ABC-type Na transport system, ATPase component",K09697,natA; sodium transport system ATP-binding protein [EC:7.2.2.4],3.A.1.115,Sodium transporter,brite|kegg|tcdb|annotation,Energy production,True,True,True,True
Alteromonas macleodii EZ55,EZ55_00964,natB,ABC transporter permease,"COG1668 ABC-type Na efflux pump, permease component",K09696,natB; sodium transport system permease protein,3.A.1.115,Sodium transporter,brite|kegg|tcdb|annotation,Energy production,True,True,True,True
Alteromonas macleodii EZ55,EZ55_00967,ccmA,cytochrome c biogenesis heme-transporting ATPase CcmA,"once thought to export heme, this seems not to be the case, but its exact role is uncertain. Responsible for energy coupling to the transport system",K02193,ccmA; heme exporter protein A [EC:7.6.2.5],3.A.1.107,Heme transporter,brite|kegg|tcdb|annotation,Post-translational modification,True,True,True,True
Alteromonas macleodii EZ55,EZ55_00968,ccmB,heme exporter protein CcmB,Required for the export of heme to the periplasm for the biogenesis of c-type cytochromes,K02194,ccmB; heme exporter protein B,3.A.1.107,Heme transporter,brite|kegg|tcdb|annotation,Post-translational modification,True,True,True,True
Alteromonas macleodii EZ55,EZ55_00969,ccmC,heme ABC transporter permease,Required for the export of heme to the periplasm for the biogenesis of c-type cytochromes,K02195,ccmC; heme exporter protein C,3.A.1.107,Heme transporter,brite|kegg|tcdb|annotation,Post-translational modification,True,True,True,True
Alteromonas macleodii EZ55,EZ55_00970,ccmD,heme exporter protein CcmD,Required for the export of heme to the periplasm for the biogenesis of c-type cytochromes,K02196,ccmD; heme exporter protein D,3.A.1.107,Heme transporter,brite|kegg|tcdb|annotation,Intracellular trafficking,True,True,True,True
Alteromonas macleodii EZ55,EZ55_00972,ccmF,heme lyase CcmF/NrfE family subunit,COG1138 Cytochrome c biogenesis factor,K02198,ccmF; cytochrome c-type biogenesis protein CcmF,9.B.14.1,Others,brite|tcdb,Post-translational modification,True,False,True,False
Alteromonas macleodii EZ55,EZ55_00979,dtpT,peptide MFS transporter,POT family,K03305,"TC.POT; proton-dependent oligopeptide transporter, POT family",The Proton-dependent Oligopeptide Transporter (POT/PTR) Family,,kegg|tcdb|annotation,Amino acid metabolism,False,True,True,True
Alteromonas macleodii EZ55,EZ55_00980,kpsE,capsule biosynthesis protein,COG3524 Capsule polysaccharide export protein,K10107,kpsE; capsular polysaccharide transport system permease protein,3.A.1.101,Capsular polysaccharide transporter,brite|kegg|tcdb,Cell wall and membrane,True,True,True,False
Alteromonas macleodii EZ55,EZ55_00981,kpsT,ABC transporter ATP-binding protein,"ABC-type polysaccharide polyol phosphate transport system, ATPase component",K09689,kpsT; capsular polysaccharide transport system ATP-binding protein [EC:7.6.2.12],3.A.1.101,Capsular polysaccharide transporter,brite|kegg|tcdb|annotation,Carbohydrate metabolism,True,True,True,True
Alteromonas macleodii EZ55,EZ55_00982,kpsM,ABC transporter permease,Transport permease protein,K09688,kpsM; capsular polysaccharide transport system permease protein,3.A.1.101,Capsular polysaccharide transporter,brite|kegg|tcdb|annotation,Carbohydrate metabolism,True,True,True,True
Alteromonas macleodii EZ55,EZ55_00989,,ComEA family DNA-binding protein,Competence protein,K02237,comEA; competence protein ComEA,3.A.11.1 ; 3.A.11.2,,tcdb,Replication and repair,False,False,True,False
Alteromonas macleodii EZ55,EZ55_00996,syd,SecY-interacting protein,"Interacts with the SecY protein in vivo. May bind preferentially to an uncomplexed state of SecY, thus functioning either as a chelating agent for excess SecY in the cell or as a regulatory factor that negatively controls the translocase function",K15723,syd; SecY interacting protein Syd,,,annotation,Unknown,False,False,False,True
Alteromonas macleodii EZ55,EZ55_01020,yaeT,outer membrane protein assembly factor BamA,"Part of the outer membrane protein assembly complex, which is involved in assembly and insertion of beta-barrel proteins into the outer membrane",K07277,"SAM50, TOB55, bamA; outer membrane protein insertion porin family",The Outer Membrane Protein Insertion Porin (Bam Complex) (OmpIP) Family,Pores ion channels [TC:1],brite|tcdb,Cell wall and membrane,True,False,True,False
Alteromonas macleodii EZ55,EZ55_01028,tilS,tRNA lysidine(34) synthetase TilS,"Ligates lysine onto the cytidine present at position 34 of the AUA codon-specific tRNA(Ile) that contains the anticodon CAU, in an ATP-dependent manner. Cytidine is converted to lysidine, thus changing the amino acid specificity of the tRNA from methionine to isoleucine",K04075,"tilS, mesJ; tRNA(Ile)-lysidine synthase [EC:6.3.4.19]",,,annotation,Cell cycle and division,False,False,False,True
Alteromonas macleodii EZ55,EZ55_01030,kefB,cation:proton antiporter domain-containing protein,Belongs to the monovalent cation proton antiporter 2 (CPA2) transporter (TC 2.A.37) family,K03455,"KEA1_2_3, kefB, kefC; K+:H+ antiporter",The Monovalent Cation:Proton Antiporter-2 (CPA2) Family,Electrochemical potential-driven transporters [TC:2],brite|kegg|tcdb|annotation,Inorganic ion transport,True,True,True,True
Alteromonas macleodii EZ55,EZ55_01034,mltF,membrane-bound lytic murein transglycosylase MltF,"Murein-degrading enzyme that degrades murein glycan strands and insoluble, high-molecular weight murein sacculi, with the concomitant formation of a 1,6-anhydromuramoyl product. Lytic transglycosylases (LTs) play an integral role in the metabolism of the peptidoglycan (PG) sacculus. Their lytic action creates space within the PG sacculus to allow for its expansion as well as for the insertion of various structures such as secretion systems and flagella",K18691,mltF; peptidoglycan lytic transglycosylase F [EC:4.2.2.29],,,annotation,Cell wall and membrane,False,False,False,True
Alteromonas macleodii EZ55,EZ55_01063,fliD,flagellar filament capping protein FliD,"Required for morphogenesis and for the elongation of the flagellar filament by facilitating polymerization of the flagellin monomers at the tip of growing filament. Forms a capping structure, which prevents flagellin subunits (transported through the central channel of the flagellum) from leaking out without polymerization at the distal end",K02407,fliD; flagellar hook-associated protein 2,,,annotation,Cell motility,False,False,False,True
Alteromonas macleodii EZ55,EZ55_01074,fliF,flagellar basal-body MS-ring/collar protein FliF,The M ring may be actively involved in energy transduction,K02409,fliF; flagellar M-ring protein FliF,3.A.6.2 ; 3.A.6.3,,tcdb,Cell motility,False,False,True,False
Alteromonas macleodii EZ55,EZ55_01076,fliH,flagellar assembly protein FliH,Flagellar biosynthesis type III secretory pathway protein,K02411,fliH; flagellar assembly protein FliH,3.A.6.2,,tcdb,Cell motility,False,False,True,False
Alteromonas macleodii EZ55,EZ55_01077,fliI,flagellar protein export ATPase FliI,COG1157 Flagellar biosynthesis type III secretory pathway ATPase,K02412,fliI; flagellum-specific ATP synthase [EC:7.4.2.8],3.A.6.2 ; 3.A.6.3,,tcdb,Cell motility,False,False,True,False
Alteromonas macleodii EZ55,EZ55_01082,fliN,flagellar motor switch protein FliN,"FliN is one of three proteins (FliG, FliN, FliM) that form the rotor-mounted switch complex (C ring), located at the base of the basal body. This complex interacts with the CheY and CheZ chemotaxis proteins, in addition to contacting components of the motor that determine the direction of flagellar rotation",K02417,fliN; flagellar motor switch protein FliN,3.A.6.2 ; 3.A.6.3,,tcdb,Cell motility,False,False,True,False
Alteromonas macleodii EZ55,EZ55_01083,fliO,flagellar biosynthetic protein FliO,"Flagellar biosynthesis protein, FliO",K02418,"fliO, fliZ; flagellar protein FliO/FliZ",3.A.6.2,,tcdb,Cell motility,False,False,True,False
Alteromonas macleodii EZ55,EZ55_01084,fliP,flagellar type III secretion system pore protein FliP,Plays a role in the flagellum-specific transport system,K02419,fliP; flagellar biosynthesis protein FliP,3.A.6.2,,tcdb|annotation,Cell motility,False,False,True,True
Alteromonas macleodii EZ55,EZ55_01085,fliQ,flagellar biosynthesis protein FliQ,Role in flagellar biosynthesis,K02420,fliQ; flagellar biosynthesis protein FliQ,3.A.6.2,,tcdb,Cell motility,False,False,True,False
Alteromonas macleodii EZ55,EZ55_01086,fliR,flagellar biosynthetic protein FliR,Role in flagellar biosynthesis,K02421,fliR; flagellar biosynthesis protein FliR,3.A.6.2,,tcdb,Cell motility,False,False,True,False
Alteromonas macleodii EZ55,EZ55_01087,flhB,flagellar biosynthesis protein FlhB,"Required for formation of the rod structure in the basal body of the flagellar apparatus. Together with FliI and FliH, may constitute the export apparatus of flagellin",K02401,flhB; flagellar biosynthesis protein FlhB,3.A.6.2,,tcdb,Cell motility,False,False,True,False
Alteromonas macleodii EZ55,EZ55_01090,flhA,flagellar biosynthesis protein FlhA,"Required for formation of the rod structure of the flagellar apparatus. Together with FliI and FliH, may constitute the export apparatus of flagellin",K02400,flhA; flagellar biosynthesis protein FlhA,3.A.6.2 ; 3.A.6.3,,tcdb,Cell motility,False,False,True,False
Alteromonas macleodii EZ55,EZ55_01108,metR,LysR family transcriptional regulator,Transcriptional regulator,K03576,"metR; LysR family transcriptional regulator, regulator for metE and metH",,,annotation,Transcription,False,False,False,True
Alteromonas macleodii EZ55,EZ55_01109,oxyR,hydrogen peroxide-inducible genes activator,Transcriptional regulator,K04761,"oxyR; LysR family transcriptional regulator, hydrogen peroxide-inducible genes activator",,,annotation,Transcription,False,False,False,True
Alteromonas macleodii EZ55,EZ55_01111,,SulP family inorganic anion transporter,COG0659 Sulfate permease and related transporters (MFS superfamily),K03321,"TC.SULP; sulfate permease, SulP family",2.A.53.3,Electrochemical potential-driven transporters [TC:2],brite|kegg|tcdb|annotation,Inorganic ion transport,True,True,True,True
Alteromonas macleodii EZ55,EZ55_01112,,TonB-dependent receptor domain-containing protein,TonB dependent receptor,,,,,annotation,Inorganic ion transport,False,False,False,True
Alteromonas macleodii EZ55,EZ55_01124,oadG,OadG family protein,Lyase and sodium transporter,K01573,oadG; oxaloacetate decarboxylase (Na+ extruding) subunit gamma,3.B.1.1.1,Primary active transporters [TC:3],brite|tcdb|annotation,Energy production,True,False,True,True
Alteromonas macleodii EZ55,EZ55_01125,oadA,sodium-extruding oxaloacetate decarboxylase subunit alpha,COG5016 Pyruvate oxaloacetate carboxyltransferase,K01571,oadA; oxaloacetate decarboxylase (Na+ extruding) subunit alpha [EC:7.2.4.2],3.B.1.1.1,Primary active transporters [TC:3],brite|tcdb,Energy production,True,False,True,False
Alteromonas macleodii EZ55,EZ55_01126,oadB,sodium ion-translocating decarboxylase subunit beta,Na transporting methylmalonyl-CoA oxaloacetate decarboxylase beta subunit,K01572,K01572,3.B.1.1.1,,tcdb,Energy production,False,False,True,False
Alteromonas macleodii EZ55,EZ55_01127,dppF,ATP-binding cassette domain-containing protein,"ABC transporter, ATP-binding protein",K12372 ; K19230,dppF; dipeptide transport system ATP-binding protein ; sapF; cationic peptide transport system ATP-binding protein,3.A.1.5.5,Dipeptide transporter ; Cationic peptide transporter,brite|kegg|tcdb|annotation,Amino acid metabolism,True,True,True,True
Alteromonas macleodii EZ55,EZ55_01128,sapD,peptide ABC transporter ATP-binding protein,Belongs to the ABC transporter superfamily,K02031 ; K02032 ; K13896 ; K19229,ddpD; peptide/nickel transport system ATP-binding protein ; ddpF; peptide/nickel transport system ATP-binding protein ; yejF; microcin C transport system ATP-binding protein ; sapD; cationic peptide transport system ATP-binding protein,3.A.1.5.21 ; 3.A.1.5.24 ; 3.A.1.5.5,Cationic peptide transporter ; Peptides/nickel transporter ; Microcin C transporter,brite|kegg|tcdb|annotation,Inorganic ion transport,True,True,True,True
Alteromonas macleodii EZ55,EZ55_01129,sapC,ABC transporter permease subunit,"ABC-type antimicrobial peptide transport system, permease component",K12370 ; K19228,dppC; dipeptide transport system permease protein ; sapC; cationic peptide transport system permease protein,3.A.1.5.5,Dipeptide transporter ; Cationic peptide transporter,brite|kegg|tcdb|annotation,Defense mechanisms,True,True,True,True
Alteromonas macleodii EZ55,EZ55_01130,dppB,ABC transporter permease,"COG0601 ABC-type dipeptide oligopeptide nickel transport systems, permease components",K12369 ; K15581 ; K19227,dppB; dipeptide transport system permease protein ; oppB; oligopeptide transport system permease protein ; sapB; cationic peptide transport system permease protein,3.A.1.5.1 ; 3.A.1.5.18 ; 3.A.1.5.19 ; 3.A.1.5.25 ; 3.A.1.5.5,Oligopeptide transporter ; Dipeptide transporter ; Cationic peptide transporter,brite|kegg|tcdb|annotation,Inorganic ion transport,True,True,True,True
Alteromonas macleodii EZ55,EZ55_01131,sapA,ABC transporter substrate-binding protein,"ABC-type dipeptide transport system, periplasmic component",K12368 ; K19226,dppA; dipeptide transport system substrate-binding protein ; sapA; cationic peptide transport system substrate-binding protein,3.A.1.5.5,Dipeptide transporter ; Cationic peptide transporter,brite|kegg|tcdb|annotation,Amino acid metabolism,True,True,True,True
Alteromonas macleodii EZ55,EZ55_01137,tyrR,transcriptional regulator TyrR,Transcriptional regulator of aromatic amino acids metabolism,K03721,"tyrR; transcriptional regulator of aroF, aroG, tyrA and aromatic amino acid transport",,,kegg,Amino acid metabolism,False,True,False,False
Alteromonas macleodii EZ55,EZ55_01145,,TonB-dependent receptor,"COG1629 Outer membrane receptor proteins, mostly Fe transport",,,,,annotation,Inorganic ion transport,False,False,False,True
Alteromonas macleodii EZ55,EZ55_01146,,TonB-dependent receptor,"COG1629 Outer membrane receptor proteins, mostly Fe transport",K02014,TC.FEV.OM; iron complex outermembrane recepter protein,The Outer Membrane Receptor (OMR) Family,Pores ion channels [TC:1],brite|tcdb|annotation,Inorganic ion transport,True,False,True,True
Alteromonas macleodii EZ55,EZ55_01153,,MotA/TolQ/ExbB proton channel family protein,MotA TolQ ExbB proton channel,K03561,exbB; biopolymer transport protein ExbB,1.A.30.2.1,Pores ion channels [TC:1],brite|kegg|tcdb|annotation,Intracellular trafficking,True,True,True,True
Alteromonas macleodii EZ55,EZ55_01154,exbB2,MotA/TolQ/ExbB proton channel family protein,COG0811 Biopolymer transport proteins,K03561,exbB; biopolymer transport protein ExbB,1.A.30.2.1,Pores ion channels [TC:1],brite|kegg|tcdb|annotation,Intracellular trafficking,True,True,True,True
Alteromonas macleodii EZ55,EZ55_01155,exbD2,ExbD/TolR family protein,Biopolymer transport protein,K03559,exbD; biopolymer transport protein ExbD,1.A.30.2.1,Pores ion channels [TC:1],brite|kegg|tcdb|annotation,Intracellular trafficking,True,True,True,True
Alteromonas macleodii EZ55,EZ55_01156,tonB2,energy transducer TonB,"Interacts with outer membrane receptor proteins that carry out high-affinity binding and energy dependent uptake into the periplasmic space of specific substrates. It could act to transduce energy from the cytoplasmic membrane to specific energy- requiring processes in the outer membrane, resulting in the release into the periplasm of ligands bound by these outer membrane proteins",K03832,tonB; periplasmic protein TonB,2.C.1.1,Electrochemical potential-driven transporters [TC:2],brite|kegg|tcdb|annotation,Intracellular trafficking,True,True,True,True
Alteromonas macleodii EZ55,EZ55_01161,,TonB-dependent receptor,Outer membrane receptor,,,,,annotation,Inorganic ion transport,False,False,False,True
Alteromonas macleodii EZ55,EZ55_01163,pnuC,nicotinamide riboside transporter PnuC,nicotinamide mononucleotide transporter,K03811,pnuC; nicotinamide mononucleotide transporter,4.B.1.1,Others,brite|kegg|tcdb|annotation,Coenzyme metabolism,True,True,True,True
Alteromonas macleodii EZ55,EZ55_01169,,DMT family transporter,COG0697 Permeases of the drug metabolite transporter (DMT) superfamily,,,,,annotation,Amino acid metabolism,False,False,False,True
Alteromonas macleodii EZ55,EZ55_01170,yafC,LysR family transcriptional regulator,Transcriptional regulator,,,,,annotation,Transcription,False,False,False,True
Alteromonas macleodii EZ55,EZ55_01171,ydhP,MFS transporter,Arabinose efflux permease,K18567 ; K19577,"pbuE; MFS transporter, DHA1 family, purine base/nucleoside efflux pump ; ydhP; MFS transporter, DHA1 family, inner membrane transport protein",2.A.1.2.25 ; 2.A.1.2.65,Drug:H+ antiporter-1 (12 spanner) (DHA1) family [TC:2.A.1.2],brite|kegg|tcdb|annotation,Amino acid metabolism,True,True,True,True
Alteromonas macleodii EZ55,EZ55_01176,yiaV,HlyD family secretion protein,COG1566 Multidrug resistance efflux pump,K03543,"emrA; membrane fusion protein, multidrug efflux system",8.A.1.1,Accessory factors involved in transport [TC:8],brite|kegg|tcdb|annotation,Defense mechanisms,True,True,True,True
Alteromonas macleodii EZ55,EZ55_01180,cstA,carbon starvation CstA family protein,5TM C-terminal transporter carbon starvation CstA,K06200,cstA; carbon starvation protein,,Electrochemical potential-driven transporters [TC:2],brite|annotation,Signal transduction,True,False,False,True
Alteromonas macleodii EZ55,EZ55_01195,,LysR family transcriptional regulator,Transcriptional regulator,,,,,annotation,Transcription,False,False,False,True
Alteromonas macleodii EZ55,EZ55_01217,hcaT,MFS transporter,COG0477 Permeases of the major facilitator superfamily,K05820,"hcaT; MFS transporter, PPP family, 3-phenylpropionic acid transporter",2.A.1.27,Phenylproprionate permease (PPP) family [TC:2.A.1.27],brite|kegg|tcdb|annotation,Amino acid metabolism,True,True,True,True
Alteromonas macleodii EZ55,EZ55_01225,,TonB-dependent receptor plug domain-containing protein,"COG1629 Outer membrane receptor proteins, mostly Fe transport",K02014,TC.FEV.OM; iron complex outermembrane recepter protein,The Outer Membrane Receptor (OMR) Family,Pores ion channels [TC:1],brite|tcdb|annotation,Inorganic ion transport,True,False,True,True
Alteromonas macleodii EZ55,EZ55_01228,,TonB-dependent receptor,TonB dependent receptor,K02014,TC.FEV.OM; iron complex outermembrane recepter protein,The Outer Membrane Receptor (OMR) Family,Pores ion channels [TC:1],brite|tcdb|annotation,Inorganic ion transport,True,False,True,True
Alteromonas macleodii EZ55,EZ55_01232,motY,flagellar protein MotY,Belongs to the ompA family,K21218,motY; sodium-type flagellar protein MotY,1.A.30.1,Pores ion channels [TC:1],brite|tcdb,Cell wall and membrane,True,False,True,False
Alteromonas macleodii EZ55,EZ55_01241,rnfE,electron transport complex subunit E,Part of a membrane-bound complex that couples electron transfer with translocation of ions across the membrane,K03613,rnfE; H+/Na+-translocating ferredoxin:NAD+ oxidoreductase subunit E,,,annotation,Energy production,False,False,False,True
Alteromonas macleodii EZ55,EZ55_01242,rnfG,RnfABCDGE type electron transport complex subunit G,Part of a membrane-bound complex that couples electron transfer with translocation of ions across the membrane,K03612,rnfG; H+/Na+-translocating ferredoxin:NAD+ oxidoreductase subunit G,,,annotation,Energy production,False,False,False,True
Alteromonas macleodii EZ55,EZ55_01243,rnfD,electron transport complex subunit RsxD,Part of a membrane-bound complex that couples electron transfer with translocation of ions across the membrane,K03614,rnfD; H+/Na+-translocating ferredoxin:NAD+ oxidoreductase subunit D [EC:7.1.1.11 7.2.1.2],,,annotation,Energy production,False,False,False,True
Alteromonas macleodii EZ55,EZ55_01244,rsxC,electron transport complex subunit RsxC,Part of a membrane complex involved in electron transport,K03615,rnfC; H+/Na+-translocating ferredoxin:NAD+ oxidoreductase subunit C [EC:7.1.1.11 7.2.1.2],,,annotation,Energy production,False,False,False,True
Alteromonas macleodii EZ55,EZ55_01245,rsxB,electron transport complex subunit RsxB,Part of a membrane complex involved in electron transport,K03616,rnfB; H+/Na+-translocating ferredoxin:NAD+ oxidoreductase subunit B [EC:7.1.1.11 7.2.1.2],,,annotation,Energy production,False,False,False,True
Alteromonas macleodii EZ55,EZ55_01246,rnfA,electron transport complex subunit RsxA,Part of a membrane-bound complex that couples electron transfer with translocation of ions across the membrane,K03617,rnfA; H+/Na+-translocating ferredoxin:NAD+ oxidoreductase subunit A,,,annotation,Energy production,False,False,False,True
Alteromonas macleodii EZ55,EZ55_01249,,MATE family efflux transporter,COG0534 Na -driven multidrug efflux pump,,,,,annotation,Defense mechanisms,False,False,False,True
Alteromonas macleodii EZ55,EZ55_01250,uvrB,excinuclease ABC subunit UvrB,"The UvrABC repair system catalyzes the recognition and processing of DNA lesions. A damage recognition complex composed of 2 UvrA and 2 UvrB subunits scans DNA for abnormalities. Upon binding of the UvrA(2)B(2) complex to a putative damaged site, the DNA wraps around one UvrB monomer. DNA wrap is dependent on ATP binding by UvrB and probably causes local melting of the DNA helix, facilitating insertion of UvrB beta-hairpin between the DNA strands. Then UvrB probes one DNA strand for the presence of a lesion. If a lesion is found the UvrA subunits dissociate and the UvrB-DNA preincision complex is formed. This complex is subsequently bound by UvrC and the second UvrB is released. If no lesion is found, the DNA wraps around the other UvrB subunit that will check the other stand for damage",K03702,uvrB; excinuclease ABC subunit B,,,kegg,Replication and repair,False,True,False,False
Alteromonas macleodii EZ55,EZ55_01251,,LysR family transcriptional regulator,Transcriptional regulator,K21699,"bauR; LysR family transcriptional regulator, transcriptional activator for bauABCD operon",,,annotation,Transcription,False,False,False,True
Alteromonas macleodii EZ55,EZ55_01254,,type 2 periplasmic-binding domain-containing protein,ABC-type amino acid transport signal transduction systems periplasmic component domain,,,,,annotation,Amino acid metabolism,False,False,False,True
Alteromonas macleodii EZ55,EZ55_01261,,SLC13 family permease,COG0471 Di- and tricarboxylate transporters,,,,,annotation,Inorganic ion transport,False,False,False,True
Alteromonas macleodii EZ55,EZ55_01266,putP,sodium/proline symporter PutP,Belongs to the sodium solute symporter (SSF) (TC 2.A.21) family,K03307 ; K11928,"TC.SSS; solute:Na+ symporter, SSS family ; putP; sodium/proline symporter",2.A.21.2,Electrochemical potential-driven transporters [TC:2],brite|kegg|tcdb|annotation,Amino acid metabolism,True,True,True,True
Alteromonas macleodii EZ55,EZ55_01272,,vWA domain-containing protein,protein containing a von Willebrand factor type A (vWA) domain,K07114,yfbK; Ca-activated chloride channel homolog,1.A.13.2.2 ; 1.A.13.2.3,Pores ion channels [TC:1],brite|kegg|tcdb,Transcription,True,True,True,False
Alteromonas macleodii EZ55,EZ55_01273,batA,vWA domain-containing protein,protein containing a von Willebrand factor type A (vWA) domain,K07114,yfbK; Ca-activated chloride channel homolog,1.A.13.2.2 ; 1.A.13.2.3,Pores ion channels [TC:1],brite|kegg|tcdb,Unknown,True,True,True,False
Alteromonas macleodii EZ55,EZ55_01289,yfjD,HlyC/CorC family transporter,Plays a role in the transport of magnesium and cobalt ions,,,,,annotation,Inorganic ion transport,False,False,False,True
Alteromonas macleodii EZ55,EZ55_01290,ypjD,cytochrome C assembly family protein,"transport system, permease component",,,,,annotation,Unknown,False,False,False,True
Alteromonas macleodii EZ55,EZ55_01291,ffh,signal recognition particle protein,"Involved in targeting and insertion of nascent membrane proteins into the cytoplasmic membrane. Binds to the hydrophobic signal sequence of the ribosome-nascent chain (RNC) as it emerges from the ribosomes. The SRP-RNC complex is then targeted to the cytoplasmic membrane where it interacts with the SRP receptor FtsY. Interaction with FtsY leads to the transfer of the RNC complex to the Sec translocase for insertion into the membrane, the hydrolysis of GTP by both Ffh and FtsY, and the dissociation of the SRP-FtsY complex into the individual components",K03106,"SRP54, ffh; signal recognition particle subunit SRP54 [EC:3.6.5.4]",3.A.5.1 ; 3.A.5.2 ; 3.A.5.7 ; 3.A.5.8 ; 3.A.5.9,,tcdb|annotation,Intracellular trafficking,False,False,True,True
Alteromonas macleodii EZ55,EZ55_01298,,efflux RND transporter permease subunit,Belongs to the resistance-nodulation-cell division (RND) (TC 2.A.6) family,K18138,"acrB, mexB, adeJ, smeE, mtrD, cmeB; multidrug efflux pump",2.A.6.2,Electrochemical potential-driven transporters [TC:2],brite|kegg|tcdb|annotation,Defense mechanisms,True,True,True,True
Alteromonas macleodii EZ55,EZ55_01299,,efflux RND transporter periplasmic adaptor subunit,Belongs to the membrane fusion protein (MFP) (TC 8.A.1) family,,,,,annotation,Cell wall and membrane,False,False,False,True
Alteromonas macleodii EZ55,EZ55_01300,draA,ABC transporter transmembrane domain-containing protein,"COG1132 ABC-type multidrug transport system, ATPase and permease components",K06147 ; K11085,"ABCB-BAC; ATP-binding cassette, subfamily B, bacterial ; msbA; ATP-binding cassette, subfamily B, bacterial MsbA [EC:7.5.2.6]",3.A.1.106 ; 3.A.1.109 ; 3.A.1.21,ABCB-BAC subgroup,brite|kegg|tcdb|annotation,Defense mechanisms,True,True,True,True
Alteromonas macleodii EZ55,EZ55_01308,,trimeric intracellular cation channel family protein,UPF0126 domain,,,,,annotation,Unknown,False,False,False,True
Alteromonas macleodii EZ55,EZ55_01336,tolQ,protein TolQ,"Part of the Tol-Pal system, which plays a role in outer membrane invagination during cell division and is important for maintaining outer membrane integrity",K03562,tolQ; biopolymer transport protein TolQ,1.A.30.2.2,Pores ion channels [TC:1],brite|kegg|tcdb|annotation,Intracellular trafficking,True,True,True,True
Alteromonas macleodii EZ55,EZ55_01337,tolR,protein TolR,"Part of the Tol-Pal system, which plays a role in outer membrane invagination during cell division and is important for maintaining outer membrane integrity",K03560,tolR; biopolymer transport protein TolR,1.A.30.2.2,Pores ion channels [TC:1],brite|kegg|tcdb|annotation,Intracellular trafficking,True,True,True,True
Alteromonas macleodii EZ55,EZ55_01338,tolA,cell envelope integrity protein TolA,COG3064 Membrane protein involved in colicin uptake,K03646,tolA; colicin import membrane protein,2.C.1.2,Electrochemical potential-driven transporters [TC:2],brite|tcdb,Cell wall and membrane,True,False,True,False
Alteromonas macleodii EZ55,EZ55_01339,tolB,Tol-Pal system beta propeller repeat protein TolB,"Part of the Tol-Pal system, which plays a role in outer membrane invagination during cell division and is important for maintaining outer membrane integrity",K03641,tolB; TolB protein,2.C.1.2,Electrochemical potential-driven transporters [TC:2],brite|tcdb|annotation,Intracellular trafficking,True,False,True,True
Alteromonas macleodii EZ55,EZ55_01340,pal,peptidoglycan-associated lipoprotein Pal,"Part of the Tol-Pal system, which plays a role in outer membrane invagination during cell division and is important for maintaining outer membrane integrity",K03640,pal; peptidoglycan-associated lipoprotein,2.C.1.2,Electrochemical potential-driven transporters [TC:2],brite|tcdb,Cell wall and membrane,True,False,True,False
Alteromonas macleodii EZ55,EZ55_01361,,hypothetical protein,"ABC-type phosphate transport system, periplasmic component",,,,,annotation,Inorganic ion transport,False,False,False,True
Alteromonas macleodii EZ55,EZ55_01365,,efflux RND transporter permease subunit,Belongs to the resistance-nodulation-cell division (RND) (TC 2.A.6) family,K18138,"acrB, mexB, adeJ, smeE, mtrD, cmeB; multidrug efflux pump",2.A.6.2,Electrochemical potential-driven transporters [TC:2],brite|kegg|tcdb|annotation,Defense mechanisms,True,True,True,True
Alteromonas macleodii EZ55,EZ55_01366,,efflux RND transporter periplasmic adaptor subunit,Belongs to the membrane fusion protein (MFP) (TC 8.A.1) family,,,,,annotation,Cell wall and membrane,False,False,False,True
Alteromonas macleodii EZ55,EZ55_01368,,TonB-dependent receptor,TonB dependent receptor,K16090,fiu; catecholate siderophore receptor,1.B.14.1.11,Pores ion channels [TC:1],brite|tcdb|annotation,Inorganic ion transport,True,False,True,True
Alteromonas macleodii EZ55,EZ55_01370,,efflux RND transporter permease subunit,Belongs to the resistance-nodulation-cell division (RND) (TC 2.A.6) family,,,,,annotation,Defense mechanisms,False,False,False,True
Alteromonas macleodii EZ55,EZ55_01371,,efflux RND transporter periplasmic adaptor subunit,Belongs to the membrane fusion protein (MFP) (TC 8.A.1) family,,,,,annotation,Cell wall and membrane,False,False,False,True
Alteromonas macleodii EZ55,EZ55_01373,ymbA,PqiC family protein,ABC-type transport auxiliary lipoprotein component,K09857,pqiC; intermembrane transport lipoprotein PqiC,,Others,brite|kegg|annotation,Unknown,True,True,False,True
Alteromonas macleodii EZ55,EZ55_01374,pqiB,intermembrane transport protein PqiB,Paraquat-inducible protein B,K06192,"pqiB, letB; intermembrane transport protein PqiB/LetB",,Others,brite|kegg|annotation,Secondary metabolites,True,True,False,True
Alteromonas macleodii EZ55,EZ55_01375,pqiA,paraquat-inducible protein A,paraquat-inducible protein A,K03808,"pqiA, letA; intermembrane transport protein PqiA/LetA",,Others,brite|kegg,Unknown,True,True,False,False
Alteromonas macleodii EZ55,EZ55_01383,,TonB-dependent receptor domain-containing protein,"COG1629 Outer membrane receptor proteins, mostly Fe transport",K02014,TC.FEV.OM; iron complex outermembrane recepter protein,The Outer Membrane Receptor (OMR) Family,Pores ion channels [TC:1],brite|tcdb|annotation,Inorganic ion transport,True,False,True,True
Alteromonas macleodii EZ55,EZ55_01384,SLC35B2,hypothetical protein,UDP-galactose transporter,K15276,"SLC35B2, PAPST1; solute carrier family 35 (adenosine 3^-phospho 5^-phosphosulfate transporter), member B2",2.A.7.11.2 ; 2.A.7.11.3,SLC35: Nucleoside-sugar transporter,brite|kegg|tcdb|annotation,Inorganic ion transport,True,True,True,True
Alteromonas macleodii EZ55,EZ55_01394,,calcium/sodium antiporter,COG0530 Ca2 Na antiporter,K07301,yrbG; cation:H+ antiporter,2.A.19.5,Electrochemical potential-driven transporters [TC:2],brite|kegg|tcdb|annotation,Inorganic ion transport,True,True,True,True
Alteromonas macleodii EZ55,EZ55_01406,,FecCD family ABC transporter permease,Belongs to the binding-protein-dependent transport system permease family. FecCD subfamily,K02015 ; K06073,ABC.FEV.P; iron complex transport system permease protein ; btuC; vitamin B12 transport system permease protein,3.A.1.13 ; 3.A.1.14,Vitamin B12 transporter ; Iron complex transporter,brite|kegg|tcdb|annotation,Inorganic ion transport,True,True,True,True
Alteromonas macleodii EZ55,EZ55_01407,,ABC transporter ATP-binding protein,ATPases associated with a variety of cellular activities,K02013 ; K06074,ABC.FEV.A; iron complex transport system ATP-binding protein [EC:7.2.2.-] ; btuD; vitamin B12 transport system ATP-binding protein [EC:7.6.2.8],3.A.1.13 ; 3.A.1.14,Vitamin B12 transporter ; Iron complex transporter,brite|kegg|tcdb|annotation,Inorganic ion transport,True,True,True,True
Alteromonas macleodii EZ55,EZ55_01409,kdpD,sensor histidine kinase,Domain of unknown function (DUF4118),K07646,"kdpD; two-component system, OmpR family, sensor histidine kinase KdpD [EC:2.7.13.3]",,,annotation,Signal transduction,False,False,False,True
Alteromonas macleodii EZ55,EZ55_01411,ktrA,potassium channel family protein,COG0569 K transport systems NAD-binding component,K03499,"trkA, ktrA, ktrC; trk/ktr system potassium uptake protein",2.A.38.1 ; 2.A.38.4,Electrochemical potential-driven transporters [TC:2],brite|kegg|tcdb|annotation,Inorganic ion transport,True,True,True,True
Alteromonas macleodii EZ55,EZ55_01412,ktrB,TrkH family potassium uptake protein,"COG0168 Trk-type K transport systems, membrane components",K03498,"trkH, trkG, ktrB, ktrD; trk/ktr system potassium uptake protein",2.A.38.1 ; 2.A.38.4,Electrochemical potential-driven transporters [TC:2],brite|kegg|tcdb|annotation,Inorganic ion transport,True,True,True,True
Alteromonas macleodii EZ55,EZ55_01415,atmA,ABCB family ABC transporter ATP-binding protein/permease,"COG5265 ABC-type transport system involved in Fe-S cluster assembly, permease and ATPase components",K06147,"ABCB-BAC; ATP-binding cassette, subfamily B, bacterial",3.A.1.106 ; 3.A.1.109 ; 3.A.1.21,ABCB-BAC subgroup,brite|kegg|tcdb|annotation,Defense mechanisms,True,True,True,True
Alteromonas macleodii EZ55,EZ55_01436,ybbA,ABC transporter ATP-binding protein,"ABC-type transport system involved in lysophospholipase L1 biosynthesis, ATPase component",K02003,ABC.CD.A; putative ABC transport system ATP-binding protein,The ATP-binding Cassette (ABC) Superfamily,Putative ABC transporter,brite|kegg|tcdb|annotation,Secondary metabolites,True,True,True,True
Alteromonas macleodii EZ55,EZ55_01437,ybbP,ABC transporter permease,"ABC-type transport system involved in lysophospholipase L1 biosynthesis, permease component",K02004,ABC.CD.P; putative ABC transport system permease protein,The ATP-binding Cassette (ABC) Superfamily,Putative ABC transporter,brite|kegg|tcdb|annotation,Secondary metabolites,True,True,True,True
Alteromonas macleodii EZ55,EZ55_01440,tqsA,AI-2E family transporter,AI-2E family transporter,K11744,tqsA; AI-2 transport protein TqsA,,,kegg|annotation,Unknown,False,True,False,True
Alteromonas macleodii EZ55,EZ55_01463,bamE,outer membrane protein assembly factor BamE,"Part of the outer membrane protein assembly complex, which is involved in assembly and insertion of beta-barrel proteins into the outer membrane",K06186,"bamE, smpA; outer membrane protein assembly factor BamE",1.B.33.1,Pores ion channels [TC:1],brite|tcdb,Translation,True,False,True,False
Alteromonas macleodii EZ55,EZ55_01472,,GntP family permease,COG2610 H gluconate symporter and related permeases,,,,,annotation,Amino acid metabolism,False,False,False,True
Alteromonas macleodii EZ55,EZ55_01473,,TonB-dependent receptor,TonB dependent receptor,K02014,TC.FEV.OM; iron complex outermembrane recepter protein,The Outer Membrane Receptor (OMR) Family,Pores ion channels [TC:1],brite|tcdb|annotation,Inorganic ion transport,True,False,True,True
Alteromonas macleodii EZ55,EZ55_01476,,hybrid sensor histidine kinase/response regulator,PAS fold,,,,,annotation,Signal transduction,False,False,False,True
Alteromonas macleodii EZ55,EZ55_01479,dnaK,molecular chaperone DnaK,Acts as a chaperone,K04043,"dnaK, HSPA9; molecular chaperone DnaK",1.A.33.1,,tcdb,Post-translational modification,False,False,True,False
Alteromonas macleodii EZ55,EZ55_01500,corC,CNNM family magnesium/cobalt transport protein CorC,Plays a role in the transport of magnesium and cobalt ions,K06189,"corC, tlyC; hemolysin (HlyC) family protein",9.A.40.1.2,Pores ion channels [TC:1],brite|tcdb|annotation,Inorganic ion transport,True,False,True,True
Alteromonas macleodii EZ55,EZ55_01513,,TonB-dependent receptor plug domain-containing protein,"COG1629 Outer membrane receptor proteins, mostly Fe transport",K02014,TC.FEV.OM; iron complex outermembrane recepter protein,The Outer Membrane Receptor (OMR) Family,Pores ion channels [TC:1],brite|tcdb|annotation,Inorganic ion transport,True,False,True,True
Alteromonas macleodii EZ55,EZ55_01519,alsT,alanine/glycine:cation symporter family protein,alanine symporter,K03310,"TC.AGCS; alanine or glycine:cation symporter, AGCS family",The Alanine or Glycine:Cation Symporter (AGCS) Family,,kegg|tcdb|annotation,Amino acid metabolism,False,True,True,True
Alteromonas macleodii EZ55,EZ55_01545,gcvA,transcriptional regulator GcvA,COG0583 Transcriptional regulator,K03566,"gcvA; LysR family transcriptional regulator, glycine cleavage system transcriptional activator",,,annotation,Transcription,False,False,False,True
Alteromonas macleodii EZ55,EZ55_01552,fnt,formate/nitrite transporter family protein,COG2116 Formate nitrite family of transporters,K06212 ; K21993,focA; formate transporter ; fdhC; formate transporter,1.A.16.1.1 ; 1.A.16.1.3 ; 1.A.16.2,Pores ion channels [TC:1],brite|kegg|tcdb|annotation,Inorganic ion transport,True,True,True,True
Alteromonas macleodii EZ55,EZ55_01565,gltP,dicarboxylate/amino acid:cation symporter,Belongs to the dicarboxylate amino acid cation symporter (DAACS) (TC 2.A.23) family,,,,,annotation,Intracellular trafficking,False,False,False,True
Alteromonas macleodii EZ55,EZ55_01570,crr,PTS sugar transporter subunit IIA,"phosphoenolpyruvate-dependent sugar phosphotransferase system, EIIA 1",K02777,crr; sugar PTS system EIIA component [EC:2.7.1.-],4.A.1.1.1,Glucose-specific II component ; Trehalose-specific II component ; N-Acetylmuramic acid-specific II component ; Alpha-glucoside-specific II component ; N-Acetylglucosamine-specific II component ; Maltose/glucose-specific II component ; Beta-glucoside (arbutin/salicin/cellobiose)-specific II component,brite|kegg|tcdb|annotation,Carbohydrate metabolism,True,True,True,True
Alteromonas macleodii EZ55,EZ55_01582,czcA,efflux RND transporter permease subunit,Belongs to the resistance-nodulation-cell division (RND) (TC 2.A.6) family,K18138,"acrB, mexB, adeJ, smeE, mtrD, cmeB; multidrug efflux pump",2.A.6.2,Electrochemical potential-driven transporters [TC:2],brite|kegg|tcdb|annotation,Defense mechanisms,True,True,True,True
Alteromonas macleodii EZ55,EZ55_01583,ttgA,efflux RND transporter periplasmic adaptor subunit,Belongs to the membrane fusion protein (MFP) (TC 8.A.1) family,,,,,annotation,Cell wall and membrane,False,False,False,True
Alteromonas macleodii EZ55,EZ55_01584,kefC,monovalent cation:proton antiporter-2 (CPA2) family protein,Belongs to the monovalent cation proton antiporter 2 (CPA2) transporter (TC 2.A.37) family,K03455 ; K11745 ; K11747,"KEA1_2_3, kefB, kefC; K+:H+ antiporter ; kefC; glutathione-regulated potassium-efflux system protein KefC ; kefB; glutathione-regulated potassium-efflux system protein KefB",The Monovalent Cation:Proton Antiporter-2 (CPA2) Family ; 2.A.37.1.1 ; 2.A.37.1.2,Electrochemical potential-driven transporters [TC:2],brite|kegg|tcdb|annotation,Inorganic ion transport,True,True,True,True
Alteromonas macleodii EZ55,EZ55_01585,ywrO,NAD(P)H-dependent oxidoreductase,Flavodoxin-like fold,K11748,kefG; glutathione-regulated potassium-efflux system ancillary protein KefG,2.A.37.1.2,Electrochemical potential-driven transporters [TC:2],brite|kegg|tcdb,Unknown,True,True,True,False
Alteromonas macleodii EZ55,EZ55_01595,uraH,hydroxyisourate hydrolase,Catalyzes the hydrolysis of 5-hydroxyisourate (HIU) to 2-oxo-4-hydroxy-4-carboxy-5-ureidoimidazoline (OHCU),K07127,"uraH, pucM, hiuH; 5-hydroxyisourate hydrolase [EC:3.5.2.17]",9.B.35.1.2 ; 9.B.35.2,Others,brite|tcdb,Unknown,True,False,True,False
Alteromonas macleodii EZ55,EZ55_01602,yjcD,NCS2 family permease,COG2252 Permeases,K06901,"pbuG, azgA, ghxP, ghxQ, adeQ; adenine/guanine/hypoxanthine permease",2.A.1.40,Electrochemical potential-driven transporters [TC:2],brite|kegg|tcdb|annotation,Unknown,True,True,True,True
Alteromonas macleodii EZ55,EZ55_01608,,purine nucleoside permease,Purine nucleoside permease,,,,,annotation,Nucleotide metabolism,False,False,False,True
Alteromonas macleodii EZ55,EZ55_01609,,TonB-dependent siderophore receptor,receptor,K02014,TC.FEV.OM; iron complex outermembrane recepter protein,The Outer Membrane Receptor (OMR) Family,Pores ion channels [TC:1],brite|tcdb|annotation,Inorganic ion transport,True,False,True,True
Alteromonas macleodii EZ55,EZ55_01610,xanQ,uracil-xanthine permease family protein,xanthine,K03458 ; K16345 ; K16346,"TC.NCS2; nucleobase:cation symporter-2, NCS2 family ; xanP; xanthine permease XanP ; xanQ; xanthine permease XanQ",The Nucleobase/Ascorbate Transporter (NAT) or Nucleobase:Cation Symporter-2 (NCS2) Family ; 2.A.40.4.2 ; 2.A.40.4.3,Electrochemical potential-driven transporters [TC:2],brite|kegg|tcdb|annotation,Nucleotide metabolism,True,True,True,True
Alteromonas macleodii EZ55,EZ55_01615,,sulfite exporter TauE/SafE family protein,membrane transporter protein,,,,,annotation,Unknown,False,False,False,True
Alteromonas macleodii EZ55,EZ55_01621,,mechanosensitive ion channel family protein,Mechanosensitive ion channel,,,,,annotation,Cell wall and membrane,False,False,False,True
Alteromonas macleodii EZ55,EZ55_01632,,outer membrane beta-barrel protein,Putative beta-barrel porin 2,K20920,vpsM; polysaccharide biosynthesis protein VpsM,1.B.66.3.1 ; 1.B.66.3.2,Pores ion channels [TC:1],brite|tcdb,Unknown,True,False,True,False
Alteromonas macleodii EZ55,EZ55_01633,gumB,polysaccharide biosynthesis/export family protein,COG1596 Periplasmic protein involved in polysaccharide export,K20988,vpsN; polysaccharide biosynthesis/export protein VpsN,The Outer Membrane Auxiliary (OMA) Protein Family,Pores ion channels [TC:1],brite|tcdb,Cell wall and membrane,True,False,True,False
Alteromonas macleodii EZ55,EZ55_01634,,GumC family protein,protein involved in exopolysaccharide biosynthesis,K16554 ; K16692,"exoP, vpsO; polysaccharide biosynthesis transport protein [EC:2.7.10.3] ; etk-wzc; tyrosine-protein kinase Etk/Wzc [EC:2.7.10.3]",8.A.3.1,Accessory factors involved in transport [TC:8],brite|kegg|tcdb,Cell cycle and division,True,True,True,False
Alteromonas macleodii EZ55,EZ55_01673,lolC,FtsX-like permease family protein,"COG4591 ABC-type transport system, involved in lipoprotein release, permease component",K09808,lolC_E_F; lipoprotein-releasing system permease protein,3.A.1.125,Lipoprotein-releasing transporter,brite|kegg|tcdb|annotation,Cell wall and membrane,True,True,True,True
Alteromonas macleodii EZ55,EZ55_01676,,energy-coupling factor ABC transporter permease,membrane,,,,,annotation,Unknown,False,False,False,True
Alteromonas macleodii EZ55,EZ55_01684,,spinster family MFS transporter,Sugar (and other) transporter,,,,,annotation,Carbohydrate metabolism,False,False,False,True
Alteromonas macleodii EZ55,EZ55_01687,,SRPBCC family protein,Polyketide cyclase / dehydrase and lipid transport,,,,,annotation,Unknown,False,False,False,True
Alteromonas macleodii EZ55,EZ55_01688,,MFS transporter,Major facilitator superfamily,,,,,annotation,Amino acid metabolism,False,False,False,True
Alteromonas macleodii EZ55,EZ55_01699,,diguanylate cyclase,"COG0834 ABC-type amino acid transport signal transduction systems, periplasmic component domain",,,,,annotation,Amino acid metabolism,False,False,False,True
Alteromonas macleodii EZ55,EZ55_01706,,TonB-dependent receptor,"COG1629 Outer membrane receptor proteins, mostly Fe transport",,,,,annotation,Inorganic ion transport,False,False,False,True
Alteromonas macleodii EZ55,EZ55_01709,,Na+/H+ antiporter NhaC family protein,Na H antiporter,,,,,annotation,Energy production,False,False,False,True
Alteromonas macleodii EZ55,EZ55_01723,lolD,lipoprotein-releasing ABC transporter ATP-binding protein LolD,"Part of the ABC transporter complex LolCDE involved in the translocation of lipoproteins, in an ATP-dependent manner",K09810,lolD; lipoprotein-releasing system ATP-binding protein [EC:7.6.2.-],3.A.1.125,Lipoprotein-releasing transporter,brite|tcdb|annotation,Defense mechanisms,True,False,True,True
Alteromonas macleodii EZ55,EZ55_01724,lolE,lipoprotein-releasing ABC transporter permease subunit,"COG4591 ABC-type transport system, involved in lipoprotein release, permease component",K09808,lolC_E_F; lipoprotein-releasing system permease protein,3.A.1.125,Lipoprotein-releasing transporter,brite|kegg|tcdb|annotation,Cell wall and membrane,True,True,True,True
Alteromonas macleodii EZ55,EZ55_01726,gltT,dicarboxylate/amino acid:cation symporter,Belongs to the dicarboxylate amino acid cation symporter (DAACS) (TC 2.A.23) family,K03309,"TC.DAACS; dicarboxylate/amino acid:cation (Na+ or H+) symporter, DAACS family",The Dicarboxylate/Amino Acid:Cation (Na+ or H+) Symporter (DAACS) Family,,kegg|tcdb|annotation,Intracellular trafficking,False,True,True,True
Alteromonas macleodii EZ55,EZ55_01732,,LysR family transcriptional regulator,Transcriptional regulator,K11921,"cynR; LysR family transcriptional regulator, cyn operon transcriptional activator",,,annotation,Transcription,False,False,False,True
Alteromonas macleodii EZ55,EZ55_01737,,glutathione S-transferase family protein,"Glutathione S-transferase, C-terminal domain",K00799,"GST, gst; glutathione S-transferase [EC:2.5.1.18]",1.A.12.2.2 ; 1.A.12.3.2,Pores ion channels [TC:1],brite|tcdb,Post-translational modification,True,False,True,False
Alteromonas macleodii EZ55,EZ55_01738,,nuclear transport factor 2 family protein,Protein of unknown function (DUF1348),K09958,K09958; uncharacterized protein,,,annotation,Unknown,False,False,False,True
Alteromonas macleodii EZ55,EZ55_01739,,LysR family transcriptional regulator,"Bacterial regulatory helix-turn-helix protein, lysR family",,,,,annotation,Transcription,False,False,False,True
Alteromonas macleodii EZ55,EZ55_01780,,purine-cytosine permease family protein,COG1457 Purine-cytosine permease and related proteins,K03457,"TC.NCS1; nucleobase:cation symporter-1, NCS1 family",The Nucleobase:Cation Symporter-1 (NCS1) Family,,kegg|tcdb|annotation,Nucleotide metabolism,False,True,True,True
Alteromonas macleodii EZ55,EZ55_01783,,Fur family transcriptional regulator,Ferric uptake regulator family,K09823,"zur; Fur family transcriptional regulator, zinc uptake regulator",,,kegg,Inorganic ion transport,False,True,False,False
Alteromonas macleodii EZ55,EZ55_01788,,LysR family transcriptional regulator,Transcriptional regulator,,,,,annotation,Transcription,False,False,False,True
Alteromonas macleodii EZ55,EZ55_01790,ecnAB,entericidin A/B family lipoprotein,response to toxic substance,K16348,ecnB; entericidin B,9.B.13.1.1,Others,brite|tcdb,Unknown,True,False,True,False
Alteromonas macleodii EZ55,EZ55_01791,,mechanosensitive ion channel family protein,Mechanosensitive ion channel,,,,,annotation,Cell wall and membrane,False,False,False,True
Alteromonas macleodii EZ55,EZ55_01792,,TonB-dependent receptor plug domain-containing protein,"COG1629 Outer membrane receptor proteins, mostly Fe transport",,,,,annotation,Inorganic ion transport,False,False,False,True
Alteromonas macleodii EZ55,EZ55_01816,,TonB-dependent siderophore receptor,"COG1629 Outer membrane receptor proteins, mostly Fe transport",K02014,TC.FEV.OM; iron complex outermembrane recepter protein,The Outer Membrane Receptor (OMR) Family,Pores ion channels [TC:1],brite|tcdb|annotation,Inorganic ion transport,True,False,True,True
Alteromonas macleodii EZ55,EZ55_01826,,TonB-dependent receptor,TonB dependent receptor,,,,,annotation,Inorganic ion transport,False,False,False,True
Alteromonas macleodii EZ55,EZ55_01829,ynjB,ABC transporter substrate-binding protein,Bacterial extracellular solute-binding protein,K05777,ynjB; putative thiamine transport system substrate-binding protein,,Putative thiamine transporter,brite|kegg|annotation,Unknown,True,True,False,True
Alteromonas macleodii EZ55,EZ55_01830,ynjC,ABC transporter permease,transport system permease component,K05778,ynjC; putative thiamine transport system permease protein,,Putative thiamine transporter,brite|kegg|annotation,Inorganic ion transport,True,True,False,True
Alteromonas macleodii EZ55,EZ55_01831,ynjD,ATP-binding cassette domain-containing protein,ABC transporter,K05779,ynjD; putative thiamine transport system ATP-binding protein,,Putative thiamine transporter,brite|kegg|annotation,Unknown,True,True,False,True
Alteromonas macleodii EZ55,EZ55_01841,,nuclear transport factor 2 family protein,SnoaL-like domain,,,,,annotation,Unknown,False,False,False,True
Alteromonas macleodii EZ55,EZ55_01842,,LysR family transcriptional regulator,LysR substrate binding domain,,,,,annotation,Transcription,False,False,False,True
Alteromonas macleodii EZ55,EZ55_01843,,NAD(P)H-dependent oxidoreductase,Flavodoxin-like fold,K11748,kefG; glutathione-regulated potassium-efflux system ancillary protein KefG,2.A.37.1.2,Electrochemical potential-driven transporters [TC:2],brite|kegg|tcdb,Unknown,True,True,True,False
Alteromonas macleodii EZ55,EZ55_01846,,LysR family transcriptional regulator,Transcriptional regulator,,,,,annotation,Transcription,False,False,False,True
Alteromonas macleodii EZ55,EZ55_01848,,TonB-dependent siderophore receptor,TonB dependent receptor,K02014,TC.FEV.OM; iron complex outermembrane recepter protein,The Outer Membrane Receptor (OMR) Family,Pores ion channels [TC:1],brite|tcdb|annotation,Inorganic ion transport,True,False,True,True
Alteromonas macleodii EZ55,EZ55_01849,,DUF3526 domain-containing protein,Domain of unknown function (DUF3526),K01992,ABC-2.P; ABC-2 type transport system permease protein,The ATP-binding Cassette (ABC) Superfamily,ABC-2 type transporter,brite|kegg|tcdb,Unknown,True,True,True,False
Alteromonas macleodii EZ55,EZ55_01850,,ABC transporter permease,Domain of unknown function (DUF3526),K01992,ABC-2.P; ABC-2 type transport system permease protein,The ATP-binding Cassette (ABC) Superfamily,ABC-2 type transporter,brite|kegg|tcdb|annotation,Unknown,True,True,True,True
Alteromonas macleodii EZ55,EZ55_01851,drrA,ABC transporter ATP-binding protein,"AAA domain, putative AbiEii toxin, Type IV TA system",K01990,ABC-2.A; ABC-2 type transport system ATP-binding protein,The ATP-binding Cassette (ABC) Superfamily,ABC-2 type transporter,brite|kegg|tcdb|annotation,Defense mechanisms,True,True,True,True
Alteromonas macleodii EZ55,EZ55_01855,ratA,type II toxin-antitoxin system RatA family toxin,COG2867 Oligoketide cyclase lipid transport protein,,,,,annotation,Lipid metabolism,False,False,False,True
Alteromonas macleodii EZ55,EZ55_01858,betT,BCCT family transporter,Belongs to the BCCT transporter (TC 2.A.15) family,K02168,"betT, betS; choline/glycine/proline betaine transport protein",2.A.15.1.3 ; 2.A.15.1.4,Electrochemical potential-driven transporters [TC:2],brite|kegg|tcdb|annotation,Cell wall and membrane,True,True,True,True
Alteromonas macleodii EZ55,EZ55_01859,,TonB-dependent receptor,receptor,,,,,annotation,Coenzyme metabolism,False,False,False,True
Alteromonas macleodii EZ55,EZ55_01905,lptE,LPS-assembly lipoprotein LptE,"Together with LptD, is involved in the assembly of lipopolysaccharide (LPS) at the surface of the outer membrane. Required for the proper assembly of LptD. Binds LPS and may serve as the LPS recognition site at the outer membrane",K03643,"lptE, rlpB; LPS-assembly lipoprotein",1.B.42.1,Pores ion channels [TC:1],brite|tcdb,Cell wall and membrane,True,False,True,False
Alteromonas macleodii EZ55,EZ55_01907,,SRPBCC family protein,glyoxalase III activity,,,,,annotation,Translation,False,False,False,True
Alteromonas macleodii EZ55,EZ55_01918,secG,preprotein translocase subunit SecG,Preprotein translocase subunit SecG,K03075,secG; preprotein translocase subunit SecG,3.A.5.1 ; 3.A.5.2,,kegg|tcdb|annotation,Intracellular trafficking,False,True,True,True
Alteromonas macleodii EZ55,EZ55_01930,putP,sodium/proline symporter PutP,Belongs to the sodium solute symporter (SSF) (TC 2.A.21) family,K03307 ; K11928,"TC.SSS; solute:Na+ symporter, SSS family ; putP; sodium/proline symporter",2.A.21.2,Electrochemical potential-driven transporters [TC:2],brite|kegg|tcdb|annotation,Amino acid metabolism,True,True,True,True
Alteromonas macleodii EZ55,EZ55_01933,,mechanosensitive ion channel family protein,Mechanosensitive ion channel,,,,,annotation,Cell wall and membrane,False,False,False,True
Alteromonas macleodii EZ55,EZ55_01956,,nuclear transport factor 2-like protein,,,,,,annotation,Unknown,False,False,False,True
Alteromonas macleodii EZ55,EZ55_01966,yhjX,OFA family MFS transporter,COG0477 Permeases of the major facilitator superfamily,,,,,annotation,Inorganic ion transport,False,False,False,True
Alteromonas macleodii EZ55,EZ55_01969,,energy transducer TonB,"Interacts with outer membrane receptor proteins that carry out high-affinity binding and energy dependent uptake into the periplasmic space of specific substrates. It could act to transduce energy from the cytoplasmic membrane to specific energy- requiring processes in the outer membrane, resulting in the release into the periplasm of ligands bound by these outer membrane proteins",K03832,tonB; periplasmic protein TonB,2.C.1.1,Electrochemical potential-driven transporters [TC:2],brite|kegg|tcdb|annotation,Intracellular trafficking,True,True,True,True
Alteromonas macleodii EZ55,EZ55_01975,cysZ,sulfate transporter CysZ,"High affinity, high specificity proton-dependent sulfate transporter, which mediates sulfate uptake. Provides the sulfur source for the cysteine synthesis pathway",K06203,cysZ; CysZ protein,,,annotation,Amino acid metabolism,False,False,False,True
Alteromonas macleodii EZ55,EZ55_01980,comA,DNA internalization-related competence protein ComEC/Rec2,DNA internalization-related competence protein ComEC Rec2,K02238,comEC; competence protein ComEC,3.A.11.1 ; 3.A.11.2,,tcdb,Unknown,False,False,True,False
Alteromonas macleodii EZ55,EZ55_01981,msbA,lipid A export permease/ATP-binding protein MsbA,Involved in lipid A export and possibly also in glycerophospholipid export and for biogenesis of the outer membrane. Transmembrane domains (TMD) form a pore in the inner membrane and the ATP-binding domain (NBD) is responsible for energy generation,K11085,"msbA; ATP-binding cassette, subfamily B, bacterial MsbA [EC:7.5.2.6]",3.A.1.106,ABCB-BAC subgroup,brite|kegg|tcdb|annotation,Defense mechanisms,True,True,True,True
Alteromonas macleodii EZ55,EZ55_01986,,substrate-binding periplasmic protein,"Bacterial extracellular solute-binding proteins, family 3",K02030,ABC.PA.S; polar amino acid transport system substrate-binding protein,3.A.1.3,Putative polar amino acid transporter,brite|kegg|tcdb|annotation,Amino acid metabolism,True,True,True,True
Alteromonas macleodii EZ55,EZ55_02006,,TonB-dependent receptor,"COG1629 Outer membrane receptor proteins, mostly Fe transport",K02014,TC.FEV.OM; iron complex outermembrane recepter protein,The Outer Membrane Receptor (OMR) Family,Pores ion channels [TC:1],brite|tcdb|annotation,Inorganic ion transport,True,False,True,True
Alteromonas macleodii EZ55,EZ55_02008,,TonB-dependent receptor,"COG1629 Outer membrane receptor proteins, mostly Fe transport",,,,,annotation,Coenzyme metabolism,False,False,False,True
Alteromonas macleodii EZ55,EZ55_02015,,MFS transporter,COG0477 Permeases of the major facilitator superfamily,K16211,"malY, malT; maltose/moltooligosaccharide transporter",2.A.2.6,Electrochemical potential-driven transporters [TC:2],brite|kegg|tcdb|annotation,Carbohydrate metabolism,True,True,True,True
Alteromonas macleodii EZ55,EZ55_02058,,LysR family transcriptional regulator,COG0583 Transcriptional regulator,,,,,annotation,Transcription,False,False,False,True
Alteromonas macleodii EZ55,EZ55_02064,,LysR family transcriptional regulator,Transcriptional regulator,K17737,"dhcR; LysR family transcriptional regulator, carnitine catabolism transcriptional activator",,,annotation,Transcription,False,False,False,True
Alteromonas macleodii EZ55,EZ55_02067,cysB,HTH-type transcriptional regulator CysB,Transcriptional regulator,K13634,"cysB; LysR family transcriptional regulator, cys regulon transcriptional activator",,,annotation,Transcription,False,False,False,True
Alteromonas macleodii EZ55,EZ55_02088,,sodium-dependent transporter,Sodium:neurotransmitter symporter family,K03308,"TC.NSS; neurotransmitter:Na+ symporter, NSS family",2.A.22.4 ; 2.A.22.5,,kegg|tcdb|annotation,Unknown,False,True,True,True
Alteromonas macleodii EZ55,EZ55_02089,nhaC,Na+/H+ antiporter NhaC,Na H antiporter,K03315,"nhaC; Na+:H+ antiporter, NhaC family",The NhaC Na+:H+ Antiporter (NhaC) Family,Electrochemical potential-driven transporters [TC:2],brite|kegg|tcdb|annotation,Energy production,True,True,True,True
Alteromonas macleodii EZ55,EZ55_02095,,efflux RND transporter permease subunit,exporters of the RND superfamily,K07003,K07003; uncharacterized protein,,,annotation,Unknown,False,False,False,True
Alteromonas macleodii EZ55,EZ55_02100,uup,ATP-binding cassette ATPase Uup,Probably plays a role in ribosome assembly or function. May be involved in resolution of branched DNA intermediates that result from template switching in postreplication gaps. Binds DNA and has ATPase activity,K15738,uup; ABC transport system ATP-binding/permease protein,3.A.1.120.6,Other ABC transporters,brite|kegg|tcdb|annotation,Unknown,True,True,True,True
Alteromonas macleodii EZ55,EZ55_02114,chrA,chromate efflux transporter,Chromate,K07240,chrA; chromate transporter,2.A.51.1,Electrochemical potential-driven transporters [TC:2],brite|kegg|tcdb|annotation,Inorganic ion transport,True,True,True,True
Alteromonas macleodii EZ55,EZ55_02117,fecA,TonB-dependent receptor family protein,receptor,K16091,fecA; Fe(3+) dicitrate transport protein,1.B.14.1.14,Pores ion channels [TC:1],brite|kegg|tcdb|annotation,Inorganic ion transport,True,True,True,True
Alteromonas macleodii EZ55,EZ55_02127,ybaL,cation:proton antiporter family protein,Belongs to the monovalent cation proton antiporter 2 (CPA2) transporter (TC 2.A.37) family,K03455,"KEA1_2_3, kefB, kefC; K+:H+ antiporter",The Monovalent Cation:Proton Antiporter-2 (CPA2) Family,Electrochemical potential-driven transporters [TC:2],brite|kegg|tcdb|annotation,Inorganic ion transport,True,True,True,True
Alteromonas macleodii EZ55,EZ55_02131,ccoN,"cytochrome-c oxidase, cbb3-type subunit I",Belongs to the heme-copper respiratory oxidase family,K00404,ccoN; cytochrome c oxidase cbb3-type subunit I [EC:7.1.1.9],3.D.4.3,,tcdb,Energy production,False,False,True,False
Alteromonas macleodii EZ55,EZ55_02132,ccoO,"cytochrome-c oxidase, cbb3-type subunit II","COG2993 Cbb3-type cytochrome oxidase, cytochrome c subunit",K00405,ccoO; cytochrome c oxidase cbb3-type subunit II,3.D.4.3,,tcdb,Energy production,False,False,True,False
Alteromonas macleodii EZ55,EZ55_02133,ccoQ,cbb3-type cytochrome oxidase subunit 3,"COG4736 Cbb3-type cytochrome oxidase, subunit 3",K00407,ccoQ; cytochrome c oxidase cbb3-type subunit IV,3.D.4.3,,tcdb,Post-translational modification,False,False,True,False
Alteromonas macleodii EZ55,EZ55_02134,ccoP,"cytochrome-c oxidase, cbb3-type subunit III",C-type cytochrome. Part of the cbb3-type cytochrome c oxidase complex,K00406,ccoP; cytochrome c oxidase cbb3-type subunit III,3.D.4.3,,tcdb,Energy production,False,False,True,False
Alteromonas macleodii EZ55,EZ55_02136,ccoI,heavy metal translocating P-type ATPase,COG2217 Cation transport ATPase,K01533,copB; P-type Cu2+ transporter [EC:7.2.2.9],3.A.3.5,,kegg|tcdb|annotation,Inorganic ion transport,False,True,True,True
Alteromonas macleodii EZ55,EZ55_02138,braZ,sulfite exporter TauE/SafE family protein,Cytochrome C biogenesis protein transmembrane region,K09792,K09792; uncharacterized protein,,,annotation,Unknown,False,False,False,True
Alteromonas macleodii EZ55,EZ55_02147,,LysE family translocator,Lysine exporter protein (LysE YggA),,,,,annotation,Amino acid metabolism,False,False,False,True
Alteromonas macleodii EZ55,EZ55_02156,uvrC,excinuclease ABC subunit UvrC,The UvrABC repair system catalyzes the recognition and processing of DNA lesions. UvrC both incises the 5^ and 3^ sides of the lesion. The N-terminal half is responsible for the 3^ incision and the C-terminal half is responsible for the 5^ incision,K03703,uvrC; excinuclease ABC subunit C,,,kegg,Replication and repair,False,True,False,False
Alteromonas macleodii EZ55,EZ55_02166,,LysR family transcriptional regulator,Transcriptional regulator,,,,,annotation,Transcription,False,False,False,True
Alteromonas macleodii EZ55,EZ55_02169,yccA,Bax inhibitor-1/YccA family protein,Belongs to the BI1 family,K19416,yccA; modulator of FtsH protease,1.A.14.2.1,Pores ion channels [TC:1],brite|tcdb,Unknown,True,False,True,False
Alteromonas macleodii EZ55,EZ55_02176,,TonB-dependent receptor plug domain-containing protein,"COG1629 Outer membrane receptor proteins, mostly Fe transport",,,,,annotation,Inorganic ion transport,False,False,False,True
Alteromonas macleodii EZ55,EZ55_02178,fluC,fluoride efflux transporter CrcB,"Fluoride-specific ion channel. Important for reducing fluoride concentration in the cell, thus reducing its toxicity",K06199,"crcB, FEX; fluoride exporter",1.A.43.1 ; 1.A.43.2 ; 1.A.43.3,Pores ion channels [TC:1],brite|kegg|tcdb|annotation,Cell cycle and division,True,True,True,True
Alteromonas macleodii EZ55,EZ55_02181,ftsK,DNA translocase FtsK,COG1674 DNA segregation ATPase FtsK SpoIIIE and related proteins,K03466,"ftsK, spoIIIE; DNA segregation ATPase FtsK/SpoIIIE, S-DNA-T family",The Septal DNA Translocator (S-DNA-T) Family,,tcdb|annotation,Cell cycle and division,False,False,True,True
Alteromonas macleodii EZ55,EZ55_02206,,DMT family transporter,COG0697 Permeases of the drug metabolite transporter (DMT) superfamily,,,,,annotation,Amino acid metabolism,False,False,False,True
Alteromonas macleodii EZ55,EZ55_02208,bamC,outer membrane protein assembly factor BamC,"Part of the outer membrane protein assembly complex, which is involved in assembly and insertion of beta-barrel proteins into the outer membrane",K07287,bamC; outer membrane protein assembly factor BamC,1.B.33.1,Pores ion channels [TC:1],brite|tcdb,Cell wall and membrane,True,False,True,False
Alteromonas macleodii EZ55,EZ55_02212,perM,AI-2E family transporter,permease,K03548,perM; putative permease,2.A.86.1,Electrochemical potential-driven transporters [TC:2],brite|kegg|tcdb|annotation,Unknown,True,True,True,True
Alteromonas macleodii EZ55,EZ55_02235,mdtK,MATE family efflux transporter,COG0534 Na -driven multidrug efflux pump,K03327,"SLC47A, MATE, DTX; MATE family, multidrug and toxin extrusion protein",2.A.66.1,SLC47: Multidrug and toxin extrusion (MATE) family,brite|tcdb|annotation,Defense mechanisms,True,False,True,True
Alteromonas macleodii EZ55,EZ55_02240,,nuclear transport factor 2 family protein,,,,,,annotation,Unknown,False,False,False,True
Alteromonas macleodii EZ55,EZ55_02273,,NRDE family protein,Transport and Golgi organisation 2,,,,,annotation,Unknown,False,False,False,True
Alteromonas macleodii EZ55,EZ55_02282,,TonB-dependent receptor,"COG1629 Outer membrane receptor proteins, mostly Fe transport",K02014,TC.FEV.OM; iron complex outermembrane recepter protein,The Outer Membrane Receptor (OMR) Family,Pores ion channels [TC:1],brite|tcdb|annotation,Inorganic ion transport,True,False,True,True
Alteromonas macleodii EZ55,EZ55_02285,,efflux RND transporter permease subunit,Belongs to the resistance-nodulation-cell division (RND) (TC 2.A.6) family,,,,,annotation,Defense mechanisms,False,False,False,True
Alteromonas macleodii EZ55,EZ55_02286,,efflux RND transporter periplasmic adaptor subunit,Belongs to the membrane fusion protein (MFP) (TC 8.A.1) family,,,,,annotation,Cell wall and membrane,False,False,False,True
Alteromonas macleodii EZ55,EZ55_02296,fur,ferric iron uptake transcriptional regulator,Belongs to the Fur family,K03711,"fur, zur, furB; Fur family transcriptional regulator, ferric uptake regulator",,,kegg,Transcription,False,True,False,False
Alteromonas macleodii EZ55,EZ55_02304,,efflux RND transporter periplasmic adaptor subunit,Belongs to the membrane fusion protein (MFP) (TC 8.A.1) family,K03585,"acrA, mexA, adeI, smeD, mtrC, cmeA; membrane fusion protein, multidrug efflux system",2.A.6.2 ; 8.A.1.6,Accessory factors involved in transport [TC:8],brite|kegg|tcdb|annotation,Cell wall and membrane,True,True,True,True
Alteromonas macleodii EZ55,EZ55_02305,mdtB,efflux RND transporter permease subunit,Belongs to the resistance-nodulation-cell division (RND) (TC 2.A.6) family,K03296,"TC.HAE1; hydrophobic/amphiphilic exporter-1 (mainly G- bacteria), HAE1 family",2.A.6.2,,kegg|tcdb|annotation,Defense mechanisms,False,True,True,True
Alteromonas macleodii EZ55,EZ55_02306,,efflux RND transporter permease subunit,Belongs to the resistance-nodulation-cell division (RND) (TC 2.A.6) family,K03296,"TC.HAE1; hydrophobic/amphiphilic exporter-1 (mainly G- bacteria), HAE1 family",2.A.6.2,,kegg|tcdb|annotation,Defense mechanisms,False,True,True,True
Alteromonas macleodii EZ55,EZ55_02322,,TonB-dependent receptor,receptor,K02014,TC.FEV.OM; iron complex outermembrane recepter protein,The Outer Membrane Receptor (OMR) Family,Pores ion channels [TC:1],brite|tcdb|annotation,Inorganic ion transport,True,False,True,True
Alteromonas macleodii EZ55,EZ55_02327,,ATP-binding cassette domain-containing protein,"ABC-type molybdate transport system, ATPase component",K02017,modC; molybdate transport system ATP-binding protein [EC:7.3.2.5],3.A.1.8,Molybdate transporter,brite|kegg|tcdb|annotation,Inorganic ion transport,True,True,True,True
Alteromonas macleodii EZ55,EZ55_02328,modB,molybdate ABC transporter permease subunit,"COG4149 ABC-type molybdate transport system, permease component",K02018,modB; molybdate transport system permease protein,3.A.1.8,Molybdate transporter,brite|kegg|tcdb|annotation,Inorganic ion transport,True,True,True,True
Alteromonas macleodii EZ55,EZ55_02329,modA,molybdate ABC transporter substrate-binding protein,"molybdenum ABC transporter, periplasmic",K02020,modA; molybdate transport system substrate-binding protein,3.A.1.8,Molybdate transporter,brite|kegg|tcdb|annotation,Inorganic ion transport,True,True,True,True
Alteromonas macleodii EZ55,EZ55_02349,,TonB-dependent receptor domain-containing protein,"COG1629 Outer membrane receptor proteins, mostly Fe transport",,,,,annotation,Inorganic ion transport,False,False,False,True
Alteromonas macleodii EZ55,EZ55_02351,rhtA,EamA family transporter,"permease, DMT superfamily",K11939,rhtA; inner membrane transporter RhtA,2.A.7.3.6,Electrochemical potential-driven transporters [TC:2],brite|kegg|tcdb|annotation,Unknown,True,True,True,True
Alteromonas macleodii EZ55,EZ55_02357,,nuclear transport factor 2 family protein,SnoaL-like domain,,,,,annotation,Unknown,False,False,False,True
Alteromonas macleodii EZ55,EZ55_02358,eamB,LysE family translocator,threonine efflux protein,,,,,annotation,Amino acid metabolism,False,False,False,True
Alteromonas macleodii EZ55,EZ55_02370,hdfR,LysR family transcriptional regulator,Transcriptional regulator,,,,,annotation,Transcription,False,False,False,True
Alteromonas macleodii EZ55,EZ55_02376,,LysR family transcriptional regulator,transcriptional regulator,,,,,annotation,Transcription,False,False,False,True
Alteromonas macleodii EZ55,EZ55_02395,dagA,alanine/glycine:cation symporter family protein,alanine symporter,K03310,"TC.AGCS; alanine or glycine:cation symporter, AGCS family",The Alanine or Glycine:Cation Symporter (AGCS) Family,,kegg|tcdb|annotation,Amino acid metabolism,False,True,True,True
Alteromonas macleodii EZ55,EZ55_02430,,TRAP transporter substrate-binding protein,"COG1638 TRAP-type C4-dicarboxylate transport system, periplasmic component",,,,,annotation,Carbohydrate metabolism,False,False,False,True
Alteromonas macleodii EZ55,EZ55_02431,,TRAP transporter small permease,"Tripartite ATP-independent periplasmic transporters, DctQ component",,,,,annotation,Carbohydrate metabolism,False,False,False,True
Alteromonas macleodii EZ55,EZ55_02432,,TRAP transporter large permease,Part of the tripartite ATP-independent periplasmic (TRAP) transport system,,,,,annotation,Carbohydrate metabolism,False,False,False,True
Alteromonas macleodii EZ55,EZ55_02441,,TonB-dependent receptor,"COG1629 Outer membrane receptor proteins, mostly Fe transport",,,,,annotation,Inorganic ion transport,False,False,False,True
Alteromonas macleodii EZ55,EZ55_02452,,type 2 periplasmic-binding domain-containing protein,Phosphate ABC transporter substrate-binding protein,,,,,annotation,Inorganic ion transport,False,False,False,True
Alteromonas macleodii EZ55,EZ55_02453,,LysR family transcriptional regulator,"Bacterial regulatory helix-turn-helix protein, lysR family",,,,,annotation,Transcription,False,False,False,True
Alteromonas macleodii EZ55,EZ55_02480,sdcS,SLC13 family permease,COG0471 Di- and tricarboxylate transporters,K14445,"SLC13A2_3_5; solute carrier family 13 (sodium-dependent dicarboxylate transporter), member 2/3/5",2.A.47.1,SLC13: Human Na+-sulfate/carboxylate cotransporter,brite|kegg|tcdb|annotation,Inorganic ion transport,True,True,True,True
Alteromonas macleodii EZ55,EZ55_02484,mscS,mechanosensitive ion channel family protein,Mechanosensitive ion channel,K03442,mscS; small conductance mechanosensitive channel,1.A.23.2,Pores ion channels [TC:1],brite|kegg|tcdb|annotation,Cell wall and membrane,True,True,True,True
Alteromonas macleodii EZ55,EZ55_02489,,hypothetical protein,Preprotein translocase subunit SecA,,,,,annotation,Unknown,False,False,False,True
Alteromonas macleodii EZ55,EZ55_02498,yhjC,LysR family transcriptional regulator,Transcriptional regulator,,,,,annotation,Transcription,False,False,False,True
Alteromonas macleodii EZ55,EZ55_02506,,LysR family transcriptional regulator,Transcriptional regulator,,,,,annotation,Transcription,False,False,False,True
Alteromonas macleodii EZ55,EZ55_02529,,AMP-binding protein,AMP-binding enzyme C-terminal domain,K01897,"ACSL, fadD; long-chain-fatty-acid---CoA ligase [EC:6.2.1.3]",4.C.1.1,,tcdb,Lipid metabolism,False,False,True,False
Alteromonas macleodii EZ55,EZ55_02542,modF,ATP-binding cassette domain-containing protein,"ABC-type molybdenum transport system, ATPase component photorepair protein PhrA",K02013 ; K05776,ABC.FEV.A; iron complex transport system ATP-binding protein [EC:7.2.2.-] ; modF; molybdate transport system ATP-binding protein,3.A.1.14,Molybdate transporter ; Iron complex transporter,brite|kegg|tcdb|annotation,Inorganic ion transport,True,True,True,True
Alteromonas macleodii EZ55,EZ55_02546,atoE,short-chain fatty acid transporter,COG2031 Short chain fatty acids transporter,K02106,atoE; short-chain fatty acids transporter,2.A.73.1,,kegg|tcdb|annotation,Lipid metabolism,False,True,True,True
Alteromonas macleodii EZ55,EZ55_02572,nhaB,sodium/proton antiporter NhaB,Na( ) H( ) antiporter that extrudes sodium in exchange for external protons,K03314,"nhaB; Na+:H+ antiporter, NhaB family",2.A.34.1,Electrochemical potential-driven transporters [TC:2],brite|kegg|tcdb|annotation,Inorganic ion transport,True,True,True,True
Alteromonas macleodii EZ55,EZ55_02573,dsbB,disulfide bond formation protein DsbB,Required for disulfide bond formation in some periplasmic proteins. Acts by oxidizing the DsbA protein,K03611,dsbB; protein dithiol:quinone oxidoreductase [EC:1.8.5.9],5.A.2.1,,tcdb,Post-translational modification,False,False,True,False
Alteromonas macleodii EZ55,EZ55_02580,fadD,long-chain-fatty-acid--CoA ligase FadD,COG0318 Acyl-CoA synthetases (AMP-forming) AMP-acid ligases II,K01897,"ACSL, fadD; long-chain-fatty-acid---CoA ligase [EC:6.2.1.3]",4.C.1.1,,tcdb,Lipid metabolism,False,False,True,False
Alteromonas macleodii EZ55,EZ55_02588,,cation diffusion facilitator family transporter,Cation efflux family,,,,,annotation,Inorganic ion transport,False,False,False,True
Alteromonas macleodii EZ55,EZ55_02594,,sulfite exporter TauE/SafE family protein,membrane transporter protein,,,,,annotation,Unknown,False,False,False,True
Alteromonas macleodii EZ55,EZ55_02613,yfdC,formate/nitrite transporter family protein,transporter (Formate nitrite transporter family) protein,K21990,yfdC; formate-nitrite transporter family protein,1.A.16.4,,kegg|tcdb|annotation,Inorganic ion transport,False,True,True,True
Alteromonas macleodii EZ55,EZ55_02616,,hypothetical protein,"COG1629 Outer membrane receptor proteins, mostly Fe transport",K02014,TC.FEV.OM; iron complex outermembrane recepter protein,The Outer Membrane Receptor (OMR) Family,Pores ion channels [TC:1],brite|tcdb|annotation,Inorganic ion transport,True,False,True,True
Alteromonas macleodii EZ55,EZ55_02617,,TonB-dependent receptor,"COG1629 Outer membrane receptor proteins, mostly Fe transport",K02014,TC.FEV.OM; iron complex outermembrane recepter protein,The Outer Membrane Receptor (OMR) Family,Pores ion channels [TC:1],brite|tcdb|annotation,Inorganic ion transport,True,False,True,True
Alteromonas macleodii EZ55,EZ55_02635,,substrate-binding periplasmic protein,,K02030,ABC.PA.S; polar amino acid transport system substrate-binding protein,3.A.1.3,Putative polar amino acid transporter,brite|kegg|tcdb|annotation,Unknown,True,True,True,True
Alteromonas macleodii EZ55,EZ55_02647,lldP,L-lactate permease,L-lactate permease,K00427 ; K03303,"lldP, lctP; L-lactate permease ; lutP, lctP; lactate permease",The Lactate Permease (LctP) Family ; 2.A.14.1.1,Electrochemical potential-driven transporters [TC:2],brite|kegg|tcdb|annotation,Energy production,True,True,True,True
Alteromonas macleodii EZ55,EZ55_02648,,LysR family transcriptional regulator,"Bacterial regulatory helix-turn-helix protein, lysR family",,,,,annotation,Transcription,False,False,False,True
Alteromonas macleodii EZ55,EZ55_02649,,DcaP family trimeric outer membrane transporter,Forms passive diffusion pores that allow small molecular weight hydrophilic materials across the outer membrane,,,,,annotation,Cell wall and membrane,False,False,False,True
Alteromonas macleodii EZ55,EZ55_02654,yfiO,outer membrane protein assembly factor BamD,"Part of the outer membrane protein assembly complex, which is involved in assembly and insertion of beta-barrel proteins into the outer membrane",K05807,bamD; outer membrane protein assembly factor BamD,1.B.33.1,Pores ion channels [TC:1],brite|tcdb,Cell wall and membrane,True,False,True,False
Alteromonas macleodii EZ55,EZ55_02657,,LON peptidase substrate-binding domain-containing protein,to the N-terminal domain of Lon protease,K07157,K07157; uncharacterized protein,,,annotation,Unknown,False,False,False,True
Alteromonas macleodii EZ55,EZ55_02658,,nuclear transport factor 2 family protein,Uncharacterized conserved protein (DUF2358),,,,,annotation,Unknown,False,False,False,True
Alteromonas macleodii EZ55,EZ55_02663,motB,flagellar motor protein MotB,Flagellar motor protein,K02557,motB; chemotaxis protein MotB,1.A.30.1,Pores ion channels [TC:1],brite|tcdb|annotation,Cell motility,True,False,True,True
Alteromonas macleodii EZ55,EZ55_02664,pomA,flagellar motor protein PomA,COG1291 Flagellar motor component,K02556,motA; chemotaxis protein MotA,1.A.30.1,Pores ion channels [TC:1],brite|tcdb|annotation,Cell motility,True,False,True,True
Alteromonas macleodii EZ55,EZ55_02678,ettA,energy-dependent translational throttle protein EttA,"A translation factor that gates the progression of the 70S ribosomal initiation complex (IC, containing tRNA(fMet) in the P-site) into the translation elongation cycle by using a mechanism sensitive to the ATP/ADP ratio. Binds to the 70S ribosome E-site where it modulates the state of the translating ribosome during subunit translocation. ATP hydrolysis probably frees it from the ribosome, which can enter the elongation phase",K06020,ettA; energy-dependent translational throttle protein EttA,,,annotation,Unknown,False,False,False,True
Alteromonas macleodii EZ55,EZ55_02702,fimT,GspH/FimT family pseudopilin,Pilus assembly protein,K08084,fimT; type IV fimbrial biogenesis protein FimT,3.A.15.2,,tcdb|annotation,Cell motility,False,False,True,True
Alteromonas macleodii EZ55,EZ55_02703,gspJ,type IV pilin protein,Prokaryotic N-terminal methylation motif,K02456 ; K02458 ; K02459 ; K02655 ; K12285,gspG; general secretion pathway protein G ; gspI; general secretion pathway protein I ; gspJ; general secretion pathway protein J ; pilE; type IV pilus assembly protein PilE ; mshO; MSHA biogenesis protein MshO,3.A.15.2,,tcdb,Cell motility,False,False,True,False
Alteromonas macleodii EZ55,EZ55_02704,VP0657,prepilin-type N-terminal cleavage/methylation domain-containing protein,COG4970 Tfp pilus assembly protein FimT,K08084,fimT; type IV fimbrial biogenesis protein FimT,3.A.15.2,,tcdb|annotation,Cell motility,False,False,True,True
Alteromonas macleodii EZ55,EZ55_02708,pilE,type IV pilin protein,COG4968 Tfp pilus assembly protein PilE,K02655,pilE; type IV pilus assembly protein PilE,3.A.15.2,,tcdb,Cell motility,False,False,True,False
Alteromonas macleodii EZ55,EZ55_02718,murJ,murein biosynthesis integral membrane protein MurJ,Involved in peptidoglycan biosynthesis. Transports lipid-linked peptidoglycan precursors from the inner to the outer leaflet of the cytoplasmic membrane,K03980,"murJ, mviN; putative peptidoglycan lipid II flippase",2.A.66.4,Electrochemical potential-driven transporters [TC:2],brite|tcdb,Unknown,True,False,True,False
Alteromonas macleodii EZ55,EZ55_02723,,bile acid:sodium symporter family protein,Na -dependent transporter,K03453,"TC.BASS; bile acid:Na+ symporter, BASS family",The Bile Acid:Na+ Symporter (BASS) Family,,kegg|tcdb|annotation,Unknown,False,True,True,True
Alteromonas macleodii EZ55,EZ55_02724,,LysR family transcriptional regulator,transcriptional regulator,,,,,annotation,Transcription,False,False,False,True
Alteromonas macleodii EZ55,EZ55_02731,lon,endopeptidase La,"ATP-dependent serine protease that mediates the selective degradation of mutant and abnormal proteins as well as certain short-lived regulatory proteins. Required for cellular homeostasis and for survival from DNA damage and developmental changes induced by stress. Degrades polypeptides processively to yield small peptide fragments that are 5 to 10 amino acids long. Binds to DNA in a double-stranded, site-specific manner",K01338,lon; ATP-dependent Lon protease [EC:3.4.21.53],,,annotation,Post-translational modification,False,False,False,True
Alteromonas macleodii EZ55,EZ55_02757,yfgL,outer membrane protein assembly factor BamB,"Part of the outer membrane protein assembly complex, which is involved in assembly and insertion of beta-barrel proteins into the outer membrane",K17713,bamB; outer membrane protein assembly factor BamB,1.B.33.1,Pores ion channels [TC:1],brite|tcdb,Cell wall and membrane,True,False,True,False
Alteromonas macleodii EZ55,EZ55_02769,sufD,Fe-S cluster assembly protein SufD,"COG0719 ABC-type transport system involved in Fe-S cluster assembly, permease component",K09015,sufD; Fe-S cluster assembly protein SufD,,,annotation,Post-translational modification,False,False,False,True
Alteromonas macleodii EZ55,EZ55_02770,sufC,Fe-S cluster assembly ATPase SufC,"COG0396 ABC-type transport system involved in Fe-S cluster assembly, ATPase component",K09013,sufC; Fe-S cluster assembly ATP-binding protein,,Orphan ABC ATPase,brite|annotation,Post-translational modification,True,False,False,True
Alteromonas macleodii EZ55,EZ55_02771,sufB,Fe-S cluster assembly protein SufB,"COG0719 ABC-type transport system involved in Fe-S cluster assembly, permease component",K09014,sufB; Fe-S cluster assembly protein SufB,,,annotation,Post-translational modification,False,False,False,True
Alteromonas macleodii EZ55,EZ55_02775,ethA,flavin-containing monooxygenase,flavoprotein involved in K transport,,,,,annotation,Inorganic ion transport,False,False,False,True
Alteromonas macleodii EZ55,EZ55_02781,secF,protein translocase subunit SecF,Part of the Sec protein translocase complex. Interacts with the SecYEG preprotein conducting channel. SecDF uses the proton motive force (PMF) to complete protein translocation after the ATP-dependent function of SecA,K03074,secF; preprotein translocase subunit SecF,2.A.6.4 ; 3.A.5.2 ; 3.A.5.7,,kegg|tcdb|annotation,Intracellular trafficking,False,True,True,True
Alteromonas macleodii EZ55,EZ55_02782,secD,protein translocase subunit SecD,Part of the Sec protein translocase complex. Interacts with the SecYEG preprotein conducting channel. SecDF uses the proton motive force (PMF) to complete protein translocation after the ATP-dependent function of SecA,K03072,secD; preprotein translocase subunit SecD,2.A.6.4 ; 3.A.5.2 ; 3.A.5.7,,kegg|tcdb|annotation,Intracellular trafficking,False,True,True,True
Alteromonas macleodii EZ55,EZ55_02783,yajC,preprotein translocase subunit YajC,Preprotein translocase subunit YajC,K03210,yajC; preprotein translocase subunit YajC,3.A.5.1 ; 3.A.5.2,,kegg|tcdb|annotation,Intracellular trafficking,False,True,True,True
Alteromonas macleodii EZ55,EZ55_02789,VP1064,potassium channel protein,Ion channel,K10716,"kch, trkA, mthK, pch; voltage-gated potassium channel",1.A.1.1 ; 1.A.1.13 ; 1.A.1.17 ; 1.A.1.24 ; 1.A.1.25 ; 1.A.1.6,Pores ion channels [TC:1],brite|kegg|tcdb|annotation,Inorganic ion transport,True,True,True,True
Alteromonas macleodii EZ55,EZ55_02796,,ABC transporter ATP-binding protein,ATPases associated with a variety of cellular activities,K02003,ABC.CD.A; putative ABC transport system ATP-binding protein,The ATP-binding Cassette (ABC) Superfamily,Putative ABC transporter,brite|kegg|tcdb|annotation,Defense mechanisms,True,True,True,True
Alteromonas macleodii EZ55,EZ55_02797,,ABC transporter permease,FtsX-like permease family,K02004,ABC.CD.P; putative ABC transport system permease protein,The ATP-binding Cassette (ABC) Superfamily,Putative ABC transporter,brite|kegg|tcdb|annotation,Defense mechanisms,True,True,True,True
Alteromonas macleodii EZ55,EZ55_02803,,LysR family transcriptional regulator,Transcriptional regulator,,,,,annotation,Transcription,False,False,False,True
Alteromonas macleodii EZ55,EZ55_02829,,oligosaccharide flippase family protein,Membrane protein involved in the export of O-antigen and teichoic acid,K03328,"TC.PST; polysaccharide transporter, PST family",2.A.66.2,,kegg|tcdb,Unknown,False,True,True,False
Alteromonas macleodii EZ55,EZ55_02839,wza,XrtA/PEP-CTERM system exopolysaccharide export protein,COG1596 Periplasmic protein involved in polysaccharide export,K01991,"wza, gfcE; polysaccharide biosynthesis/export protein",The Outer Membrane Auxiliary (OMA) Protein Family,Pores ion channels [TC:1],brite|tcdb,Cell wall and membrane,True,False,True,False
Alteromonas macleodii EZ55,EZ55_02855,suxA,TonB-dependent receptor,"COG1629 Outer membrane receptor proteins, mostly Fe transport",,,,,annotation,Cell wall and membrane,False,False,False,True
Alteromonas macleodii EZ55,EZ55_02858,,TonB-dependent receptor,TonB dependent receptor,K02014,TC.FEV.OM; iron complex outermembrane recepter protein,The Outer Membrane Receptor (OMR) Family,Pores ion channels [TC:1],brite|tcdb|annotation,Inorganic ion transport,True,False,True,True
Alteromonas macleodii EZ55,EZ55_02867,spoU,TrmH family RNA methyltransferase,Belongs to the class IV-like SAM-binding methyltransferase superfamily. RNA methyltransferase TrmH family,K03437,"spoU; RNA methyltransferase, TrmH family",,,annotation,Translation,False,False,False,True
Alteromonas macleodii EZ55,EZ55_02878,,BCCT family transporter,Choline-glycine betaine transporter,,,,,annotation,Cell wall and membrane,False,False,False,True
Alteromonas macleodii EZ55,EZ55_02896,,M56 family metallopeptidase,"Interacts with outer membrane receptor proteins that carry out high-affinity binding and energy dependent uptake into the periplasmic space of specific substrates. It could act to transduce energy from the cytoplasmic membrane to specific energy- requiring processes in the outer membrane, resulting in the release into the periplasm of ligands bound by these outer membrane proteins",,,,,annotation,Intracellular trafficking,False,False,False,True
Alteromonas macleodii EZ55,EZ55_02909,,TonB-dependent receptor,Outer membrane receptor,K02014 ; K16087,"TC.FEV.OM; iron complex outermembrane recepter protein ; TC.FEV.OM3, tbpA, hemR, lbpA, hpuB, bhuR, hugA, hmbR; hemoglobin/transferrin/lactoferrin receptor protein",1.B.14.2,Pores ion channels [TC:1],brite|tcdb|annotation,Inorganic ion transport,True,False,True,True
Alteromonas macleodii EZ55,EZ55_02911,nikA,ABC transporter substrate-binding protein,"Bacterial extracellular solute-binding proteins, family 5 Middle",K02035,ABC.PE.S; peptide/nickel transport system substrate-binding protein,3.A.1.5,Peptides/nickel transporter,brite|kegg|tcdb|annotation,Amino acid metabolism,True,True,True,True
Alteromonas macleodii EZ55,EZ55_02912,nikB,ABC transporter permease,Binding-protein-dependent transport system inner membrane component,K02033,ABC.PE.P; peptide/nickel transport system permease protein,3.A.1.5,Peptides/nickel transporter,brite|kegg|tcdb|annotation,Amino acid metabolism,True,True,True,True
Alteromonas macleodii EZ55,EZ55_02913,,ABC transporter permease,Binding-protein-dependent transport system inner membrane component,K02034,ABC.PE.P1; peptide/nickel transport system permease protein,3.A.1.5,Peptides/nickel transporter,brite|kegg|tcdb|annotation,Inorganic ion transport,True,True,True,True
Alteromonas macleodii EZ55,EZ55_02914,,ABC transporter ATP-binding protein,Belongs to the ABC transporter superfamily,K02031 ; K02032,ddpD; peptide/nickel transport system ATP-binding protein ; ddpF; peptide/nickel transport system ATP-binding protein,3.A.1.5,Peptides/nickel transporter,brite|kegg|tcdb|annotation,Inorganic ion transport,True,True,True,True
Alteromonas macleodii EZ55,EZ55_02922,,MFS transporter,Major Facilitator Superfamily,,,,,annotation,Carbohydrate metabolism,False,False,False,True
Alteromonas macleodii EZ55,EZ55_02929,,marine proteobacterial sortase target protein,protein containing a von Willebrand factor type A (vWA) domain,K07114,yfbK; Ca-activated chloride channel homolog,1.A.13.2.2 ; 1.A.13.2.3,Pores ion channels [TC:1],brite|kegg|tcdb,Unknown,True,True,True,False
Alteromonas macleodii EZ55,EZ55_02931,czcA,efflux RND transporter permease subunit,Belongs to the resistance-nodulation-cell division (RND) (TC 2.A.6) family,K15726,"czcA, cusA, cnrA; heavy metal efflux system protein",2.A.6.1.2,Electrochemical potential-driven transporters [TC:2],brite|kegg|tcdb|annotation,Inorganic ion transport,True,True,True,True
Alteromonas macleodii EZ55,EZ55_02932,czcB,efflux RND transporter periplasmic adaptor subunit,Barrel-sandwich domain of CusB or HlyD membrane-fusion,K15727,"czcB, cusB, cnrB; membrane fusion protein, heavy metal efflux system",8.A.1.2.1,Accessory factors involved in transport [TC:8],brite|kegg|tcdb|annotation,Cell wall and membrane,True,True,True,True
Alteromonas macleodii EZ55,EZ55_02945,,sugar efflux transporter,Major facilitator superfamily,K03291,"MFS.SET; MFS transporter, SET family, sugar efflux transporter",2.A.1.20,Sugar efflux transporter (SET) [TC:2.A.1.20],brite|kegg|tcdb|annotation,Amino acid metabolism,True,True,True,True
Alteromonas macleodii EZ55,EZ55_02962,,hypothetical protein,ABC-type amino acid transport signal transduction systems periplasmic component domain,,,,,annotation,Amino acid metabolism,False,False,False,True
Alteromonas macleodii EZ55,EZ55_02974,,energy transducer TonB,,,,,,annotation,Unknown,False,False,False,True
Alteromonas macleodii EZ55,EZ55_02979,gluP,sugar MFS transporter,Major Facilitator Superfamily,K02429,"fucP, deoP, nagP, agaP; MFS transporter, FHS family, fucose-galactose-glucose:H+ symporter family protein",2.A.1.7,Fucose:H+ symporter (FHS) family [TC:2.A.1.7],brite|kegg|tcdb|annotation,Carbohydrate metabolism,True,True,True,True
Alteromonas macleodii EZ55,EZ55_02984,,TonB-dependent receptor,"COG1629 Outer membrane receptor proteins, mostly Fe transport",K02014,TC.FEV.OM; iron complex outermembrane recepter protein,The Outer Membrane Receptor (OMR) Family,Pores ion channels [TC:1],brite|tcdb|annotation,Inorganic ion transport,True,False,True,True
Alteromonas macleodii EZ55,EZ55_02987,dgdR,LysR family transcriptional regulator,Transcriptional regulator,,,,,annotation,Transcription,False,False,False,True
Alteromonas macleodii EZ55,EZ55_02991,,DMT family transporter,COG0697 Permeases of the drug metabolite transporter (DMT) superfamily,,,,,annotation,Amino acid metabolism,False,False,False,True
Alteromonas macleodii EZ55,EZ55_03009,mexF,efflux RND transporter permease subunit,Efflux pump,K18138 ; K18299,"acrB, mexB, adeJ, smeE, mtrD, cmeB; multidrug efflux pump ; mexF; multidrug efflux pump",2.A.6.2.16,Electrochemical potential-driven transporters [TC:2],brite|kegg|tcdb|annotation,Defense mechanisms,True,True,True,True
Alteromonas macleodii EZ55,EZ55_03010,mexE,efflux RND transporter periplasmic adaptor subunit,Belongs to the membrane fusion protein (MFP) (TC 8.A.1) family,K18298,"mexE; membrane fusion protein, multidrug efflux system",The Membrane Fusion Protein (MFP) Family,Accessory factors involved in transport [TC:8],brite|kegg|tcdb|annotation,Cell wall and membrane,True,True,True,True
Alteromonas macleodii EZ55,EZ55_03011,,LysR family transcriptional regulator,Transcriptional regulator,,,,,annotation,Transcription,False,False,False,True
Alteromonas macleodii EZ55,EZ55_03020,ppdD,pilin,Prokaryotic N-terminal methylation motif,K02650 ; K02682,pilA; type IV pilus assembly protein PilA ; ppdD; prepilin peptidase dependent protein D,3.A.15.2,,tcdb,Cell motility,False,False,True,False
Alteromonas macleodii EZ55,EZ55_03021,pilC,type II secretion system F family protein,"COG1459 Type II secretory pathway, component PulF",K02653,pilC; type IV pilus assembly protein PilC,3.A.15.2,,tcdb,Intracellular trafficking,False,False,True,False
Alteromonas macleodii EZ55,EZ55_03022,pilD,prepilin peptidase,Cleaves type-4 fimbrial leader sequence and methylates the N-terminal (generally Phe) residue,K02464 ; K02654,"gspO; general secretion pathway protein O [EC:3.4.23.43 2.1.1.-] ; pilD, pppA; leader peptidase (prepilin peptidase) / N-methyltransferase [EC:3.4.23.43 2.1.1.-]",3.A.15.2,,tcdb,Cell motility,False,False,True,False
Alteromonas macleodii EZ55,EZ55_03039,secA,preprotein translocase subunit SecA,"Part of the Sec protein translocase complex. Interacts with the SecYEG preprotein conducting channel. Has a central role in coupling the hydrolysis of ATP to the transfer of proteins into and across the cell membrane, serving both as a receptor for the preprotein-SecB complex and as an ATP-driven molecular motor driving the stepwise translocation of polypeptide chains across the membrane",K03070,secA; preprotein translocase subunit SecA [EC:7.4.2.8],3.A.5.1 ; 3.A.5.10 ; 3.A.5.2 ; 3.A.5.4,,kegg|tcdb|annotation,Intracellular trafficking,False,True,True,True
Alteromonas macleodii EZ55,EZ55_03048,ftsW,cell division protein FtsW,Peptidoglycan polymerase that is essential for cell division,K03588,"ftsW, spoVE, rodA; peptidoglycan glycosyltransferase [EC:2.4.99.28]",2.A.103.1,Electrochemical potential-driven transporters [TC:2],brite|tcdb,Cell wall and membrane,True,False,True,False
Alteromonas macleodii EZ55,EZ55_03050,mraY,phospho-N-acetylmuramoyl-pentapeptide-transferase,First step of the lipid cycle reactions in the biosynthesis of the cell wall peptidoglycan,K01000,mraY; phospho-N-acetylmuramoyl-pentapeptide-transferase [EC:2.7.8.13],The Putative Undecaprenyl-phosphate N-Acetylglucosaminyl Transferase (MurG) Family,,tcdb,Cell wall and membrane,False,False,True,False
Alteromonas macleodii EZ55,EZ55_03060,cusA,efflux RND transporter permease subunit,Belongs to the resistance-nodulation-cell division (RND) (TC 2.A.6) family,K07787,"cusA, silA; copper/silver efflux system protein",2.A.6.1.4,Electrochemical potential-driven transporters [TC:2],brite|kegg|tcdb|annotation,Inorganic ion transport,True,True,True,True
Alteromonas macleodii EZ55,EZ55_03061,cusB,efflux RND transporter periplasmic adaptor subunit,Belongs to the membrane fusion protein (MFP) (TC 8.A.1) family,K07798,"cusB, silB; membrane fusion protein, copper/silver efflux system",2.A.6.1.4 ; The Membrane Fusion Protein (MFP) Family,Accessory factors involved in transport [TC:8],brite|kegg|tcdb|annotation,Cell wall and membrane,True,True,True,True
Alteromonas macleodii EZ55,EZ55_03062,,TolC family protein,COG1538 Outer membrane protein,,,,,annotation,Cell wall and membrane,False,False,False,True
Alteromonas macleodii EZ55,EZ55_03076,mscS,mechanosensitive ion channel family protein,"Mechanosensitive channel that participates in the regulation of osmotic pressure changes within the cell, opening in response to stretch forces in the membrane lipid bilayer, without the need for other proteins. Contributes to normal resistance to hypoosmotic shock. Forms an ion channel of 1.0 nanosiemens conductance with a slight preference for anions",K03442,mscS; small conductance mechanosensitive channel,1.A.23.2,Pores ion channels [TC:1],brite|kegg|tcdb|annotation,Cell wall and membrane,True,True,True,True
Alteromonas macleodii EZ55,EZ55_03082,pilU,PilT/PilU family type 4a pilus ATPase,"COG5008 Tfp pilus assembly protein, ATPase PilU",K02670,pilU; twitching motility protein PilU,3.A.15.2,,tcdb,Cell motility,False,False,True,False
Alteromonas macleodii EZ55,EZ55_03083,pilT,type IV pilus twitching motility protein PilT,"COG2805 Tfp pilus assembly protein, pilus retraction ATPase PilT",K02669,pilT; twitching motility protein PilT,3.A.15.2,,tcdb,Cell motility,False,False,True,False
Alteromonas macleodii EZ55,EZ55_03091,,glutathione S-transferase family protein,Belongs to the GST superfamily,K00799,"GST, gst; glutathione S-transferase [EC:2.5.1.18]",1.A.12.2.2 ; 1.A.12.3.2,Pores ion channels [TC:1],brite|tcdb,Coenzyme metabolism,True,False,True,False
Alteromonas macleodii EZ55,EZ55_03097,,AzlD domain-containing protein,branched-chain amino acid,,,,,annotation,Unknown,False,False,False,True
Alteromonas macleodii EZ55,EZ55_03098,ygaZ,AzlC family ABC transporter permease,branched-chain amino acid,,,,,annotation,Amino acid metabolism,False,False,False,True
Alteromonas macleodii EZ55,EZ55_03100,araJ,MFS transporter,Arabinose efflux permease,K08156 ; K18567 ; K19577,"araJ; MFS transporter, DHA1 family, arabinose polymer utilization protein ; pbuE; MFS transporter, DHA1 family, purine base/nucleoside efflux pump ; ydhP; MFS transporter, DHA1 family, inner membrane transport protein",2.A.1.2.14 ; 2.A.1.2.25 ; 2.A.1.2.65,Drug:H+ antiporter-1 (12 spanner) (DHA1) family [TC:2.A.1.2],brite|kegg|tcdb|annotation,Amino acid metabolism,True,True,True,True
Alteromonas macleodii EZ55,EZ55_03110,,class I adenylate-forming enzyme family protein,COG0318 Acyl-CoA synthetases (AMP-forming) AMP-acid ligases II,K00666 ; K01897,"K00666; fatty-acyl-CoA synthase [EC:6.2.1.-] ; ACSL, fadD; long-chain-fatty-acid---CoA ligase [EC:6.2.1.3]",4.C.1.1,,tcdb,Lipid metabolism,False,False,True,False
Alteromonas macleodii EZ55,EZ55_03119,,LysR substrate-binding domain-containing protein,Transcriptional regulator,,,,,annotation,Transcription,False,False,False,True
Alteromonas macleodii EZ55,EZ55_03129,arsB,ACR3 family arsenite efflux transporter,COG0798 Arsenite efflux pump ACR3 and related permeases,K03325,"ACR3, arsB; arsenite transporter",The Arsenical Resistance-3 (ACR3) Family,Electrochemical potential-driven transporters [TC:2],brite|kegg|tcdb|annotation,Inorganic ion transport,True,True,True,True
Alteromonas macleodii EZ55,EZ55_03141,,SRPBCC family protein,,,,,,annotation,Unknown,False,False,False,True
Alteromonas macleodii EZ55,EZ55_03146,kdtX,glycosyltransferase family 2 protein,Glycosyl transferase family 2,K12984,"waaE, kdtX; (heptosyl)LPS beta-1,4-glucosyltransferase [EC:2.4.1.-]",4.D.1.3,,tcdb,Cell wall and membrane,False,False,True,False
Alteromonas macleodii EZ55,EZ55_03154,,MFS transporter,COG0477 Permeases of the major facilitator superfamily,,,,,annotation,Amino acid metabolism,False,False,False,True
Alteromonas macleodii EZ55,EZ55_03156,emrE,DMT family transporter,COG2076 Membrane transporters of cations and cationic drugs,K03297,"emrE, qac, mmr, smr; small multidrug resistance pump",2.A.7.1,Electrochemical potential-driven transporters [TC:2],brite|tcdb|annotation,Intracellular trafficking,True,False,True,True
Alteromonas macleodii EZ55,EZ55_03161,,TonB-dependent receptor,TonB-dependent receptor,K02014,TC.FEV.OM; iron complex outermembrane recepter protein,The Outer Membrane Receptor (OMR) Family,Pores ion channels [TC:1],brite|tcdb|annotation,Inorganic ion transport,True,False,True,True
Alteromonas macleodii EZ55,EZ55_03169,nanT,sodium:solute symporter family transporter,Belongs to the sodium solute symporter (SSF) (TC 2.A.21) family,K03307,"TC.SSS; solute:Na+ symporter, SSS family",The Solute:Sodium Symporter (SSS) Family,,kegg|tcdb|annotation,Amino acid metabolism,False,True,True,True
Alteromonas macleodii EZ55,EZ55_03181,btuF,cobalamin-binding protein,"COG0614 ABC-type Fe3 -hydroxamate transport system, periplasmic component",K02016 ; K06858,ABC.FEV.S; iron complex transport system substrate-binding protein ; btuF; vitamin B12 transport system substrate-binding protein,3.A.1.13 ; 3.A.1.14,Vitamin B12 transporter ; Iron complex transporter,brite|kegg|tcdb|annotation,Inorganic ion transport,True,True,True,True
Alteromonas macleodii EZ55,EZ55_03193,nhaD,ArsB/NhaD family transporter,COG1055 Na H antiporter NhaD and related arsenite permeases,,,,,annotation,Inorganic ion transport,False,False,False,True
Alteromonas macleodii EZ55,EZ55_03194,fucP,L-fucose:H+ symporter permease,Major Facilitator Superfamily,K02429,"fucP, deoP, nagP, agaP; MFS transporter, FHS family, fucose-galactose-glucose:H+ symporter family protein",2.A.1.7,Fucose:H+ symporter (FHS) family [TC:2.A.1.7],brite|kegg|tcdb|annotation,Carbohydrate metabolism,True,True,True,True
Alteromonas macleodii EZ55,EZ55_03195,rpfN,carbohydrate porin,"Carbohydrate-selective porin, OprB family",K07267,oprB; porin,1.B.19.1,Pores ion channels [TC:1],brite|tcdb,Cell wall and membrane,True,False,True,False
Alteromonas macleodii EZ55,EZ55_03200,,glutathione S-transferase family protein,Glutathione S-transferase,K00799,"GST, gst; glutathione S-transferase [EC:2.5.1.18]",1.A.12.2.2 ; 1.A.12.3.2,Pores ion channels [TC:1],brite|tcdb,Post-translational modification,True,False,True,False
Alteromonas macleodii EZ55,EZ55_03209,VP1164,putative manganese transporter,"Putative, 10TM heavy-metal exporter",,,,,annotation,Unknown,False,False,False,True
Alteromonas macleodii EZ55,EZ55_03211,eriC,chloride channel protein,COG0038 Chloride channel protein EriC,K03281,"clcA, clcB, CLC-E, CLC-F; chloride channel protein, CIC family",The Chloride Carrier/Channel (ClC) Family,Electrochemical potential-driven transporters [TC:2],brite|kegg|tcdb|annotation,Inorganic ion transport,True,True,True,True
Alteromonas macleodii EZ55,EZ55_03215,mntH,Nramp family divalent metal transporter,COG1914 Mn2 and Fe2 transporters of the NRAMP family,,,,,annotation,Inorganic ion transport,False,False,False,True
Alteromonas macleodii EZ55,EZ55_03232,,ABC transporter substrate-binding protein,Spermidine putrescine-binding periplasmic protein,K02055,ABC.SP.S; putative spermidine/putrescine transport system substrate-binding protein,3.A.1.11,Putative spermidine/putrescine transporter,brite|kegg|tcdb|annotation,Amino acid metabolism,True,True,True,True
Alteromonas macleodii EZ55,EZ55_03237,lptF,LPS export ABC transporter permease LptF,permeases,K07091,lptF; lipopolysaccharide export system permease protein,1.B.42.1,Lipopolysaccharide transporter,brite|kegg|tcdb|annotation,Unknown,True,True,True,True
Alteromonas macleodii EZ55,EZ55_03238,lptG,LPS export ABC transporter permease LptG,Part of the ABC transporter complex LptBFG involved in the translocation of lipopolysaccharide (LPS) from the inner membrane to the outer membrane,K11720,lptG; lipopolysaccharide export system permease protein,1.B.42.1,Lipopolysaccharide transporter,brite|kegg|tcdb|annotation,Unknown,True,True,True,True
Alteromonas macleodii EZ55,EZ55_03240,,TonB-dependent receptor,receptor,,,,,annotation,Coenzyme metabolism,False,False,False,True
Alteromonas macleodii EZ55,EZ55_03263,,HlyD family secretion protein,Barrel-sandwich domain of CusB or HlyD membrane-fusion,K01993,ABC-2.TX; HlyD family secretion protein,,,kegg,Defense mechanisms,False,True,False,False
Alteromonas macleodii EZ55,EZ55_03264,,ABC transporter permease,ABC-2 family transporter protein,K01992,ABC-2.P; ABC-2 type transport system permease protein,The ATP-binding Cassette (ABC) Superfamily,ABC-2 type transporter,brite|kegg|tcdb|annotation,Defense mechanisms,True,True,True,True
Alteromonas macleodii EZ55,EZ55_03265,,ABC transporter permease,ABC-2 family transporter protein,K01992,ABC-2.P; ABC-2 type transport system permease protein,The ATP-binding Cassette (ABC) Superfamily,ABC-2 type transporter,brite|kegg|tcdb|annotation,Defense mechanisms,True,True,True,True
Alteromonas macleodii EZ55,EZ55_03266,,LysR family transcriptional regulator,"Bacterial regulatory helix-turn-helix protein, lysR family",,,,,annotation,Transcription,False,False,False,True
Alteromonas macleodii EZ55,EZ55_03288,yhhT,AI-2E family transporter,AI-2E family transporter,,,,,annotation,Unknown,False,False,False,True
Alteromonas macleodii EZ55,EZ55_03289,fcuA,TonB-dependent receptor,TonB dependent receptor,K02014,TC.FEV.OM; iron complex outermembrane recepter protein,The Outer Membrane Receptor (OMR) Family,Pores ion channels [TC:1],brite|tcdb|annotation,Inorganic ion transport,True,False,True,True
Alteromonas macleodii EZ55,EZ55_03301,glpF,MIP/aquaporin family protein,Belongs to the MIP aquaporin (TC 1.A.8) family,K02440,glpF; glycerol uptake facilitator,1.A.8.1 ; 1.A.8.2,Aquaglyceroporins or glycerol-uptake facilitators,brite|kegg|tcdb,Intracellular trafficking,True,True,True,False
Alteromonas macleodii EZ55,EZ55_03302,yigM,DMT family transporter,COG0697 Permeases of the drug metabolite transporter (DMT) superfamily,,,,,annotation,Amino acid metabolism,False,False,False,True
Alteromonas macleodii EZ55,EZ55_03304,,TonB-dependent receptor plug domain-containing protein,TonB dependent receptor,,,,,annotation,Inorganic ion transport,False,False,False,True
Alteromonas macleodii EZ55,EZ55_03305,mntP,manganese efflux pump MntP,Probably functions as a manganese efflux pump,,,,,annotation,Inorganic ion transport,False,False,False,True
Alteromonas macleodii EZ55,EZ55_03313,,AEC family transporter,Auxin Efflux Carrier,K07088,K07088,,,annotation,Unknown,False,False,False,True
Alteromonas macleodii EZ55,EZ55_03316,pedG,substrate-binding periplasmic protein,"COG0834 ABC-type amino acid transport signal transduction systems, periplasmic component domain",,,,,annotation,Amino acid metabolism,False,False,False,True
Alteromonas macleodii EZ55,EZ55_03317,,ABC transporter substrate-binding protein,"TIGRFAM ABC transporter, substrate binding protein, PQQ-dependent alcohol dehydrogenase system",,,,,annotation,Amino acid metabolism,False,False,False,True
Alteromonas macleodii EZ55,EZ55_03319,pedB,ATP-binding cassette domain-containing protein,"COG1131 ABC-type multidrug transport system, ATPase component",K01990,ABC-2.A; ABC-2 type transport system ATP-binding protein,The ATP-binding Cassette (ABC) Superfamily,ABC-2 type transporter,brite|kegg|tcdb|annotation,Defense mechanisms,True,True,True,True
Alteromonas macleodii EZ55,EZ55_03320,pedC,ABC transporter permease,"COG0842 ABC-type multidrug transport system, permease component",K01992,ABC-2.P; ABC-2 type transport system permease protein,The ATP-binding Cassette (ABC) Superfamily,ABC-2 type transporter,brite|kegg|tcdb|annotation,Defense mechanisms,True,True,True,True
Alteromonas macleodii EZ55,EZ55_03322,pqqB,pyrroloquinoline quinone biosynthesis protein PqqB,May be involved in the transport of PQQ or its precursor to the periplasm,K06136,pqqB; pyrroloquinoline quinone biosynthesis protein B,,,annotation,Unknown,False,False,False,True
Alteromonas macleodii EZ55,EZ55_03327,,TonB-dependent receptor,TonB dependent receptor,,,,,annotation,Coenzyme metabolism,False,False,False,True
Alteromonas macleodii EZ55,EZ55_03338,,LysR family transcriptional regulator,transcriptional regulator,,,,,annotation,Transcription,False,False,False,True
Alteromonas macleodii EZ55,EZ55_03341,betT,BCCT family transporter,Belongs to the BCCT transporter (TC 2.A.15) family,K02168,"betT, betS; choline/glycine/proline betaine transport protein",2.A.15.1.3 ; 2.A.15.1.4,Electrochemical potential-driven transporters [TC:2],brite|kegg|tcdb|annotation,Cell wall and membrane,True,True,True,True
Alteromonas macleodii EZ55,EZ55_03344,,TonB-dependent receptor domain-containing protein,Secretin and TonB N terminus short domain,,,,,annotation,Cell wall and membrane,False,False,False,True
Alteromonas macleodii EZ55,EZ55_03346,,LysR family transcriptional regulator,Transcriptional regulator,,,,,annotation,Transcription,False,False,False,True
Alteromonas macleodii EZ55,EZ55_03350,csgG,CsgG/HfaB family protein,May be involved in the biogenesis of curli organelles,K06214,csgG; curli production assembly/transport component CsgG,,,kegg|annotation,Cell wall and membrane,False,True,False,True
Alteromonas macleodii EZ55,EZ55_03351,csgF,curli assembly protein CsgF,"Type VIII secretion system (T8SS), CsgF protein",K04338,csgF; curli production assembly/transport component CsgF,,,kegg,Unknown,False,True,False,False
Alteromonas macleodii EZ55,EZ55_03352,csgE,CsgE family curli-type amyloid fiber assembly protein,May be involved in the biogenesis of curli organelles,K04337,csgE; curli production assembly/transport component CsgE,,,kegg,Unknown,False,True,False,False
Alteromonas macleodii EZ55,EZ55_03360,,mechanosensitive ion channel family protein,Mechanosensitive ion channel,,,,,annotation,Cell wall and membrane,False,False,False,True
Alteromonas macleodii EZ55,EZ55_03363,,porin family protein,OmpA-like transmembrane domain,K03286,"TC.OOP; OmpA-OmpF porin, OOP family",The OmpA-OmpF Porin (OOP) Family,Pores ion channels [TC:1],brite|tcdb,Cell wall and membrane,True,False,True,False
Alteromonas macleodii EZ55,EZ55_03367,,LysR family transcriptional regulator,Transcriptional regulator,K19338,"nac; LysR family transcriptional regulator, nitrogen assimilation regulatory protein",,,annotation,Transcription,False,False,False,True
Alteromonas macleodii EZ55,EZ55_03368,,TonB-dependent receptor plug domain-containing protein,receptor,K02014,TC.FEV.OM; iron complex outermembrane recepter protein,The Outer Membrane Receptor (OMR) Family,Pores ion channels [TC:1],brite|tcdb|annotation,Inorganic ion transport,True,False,True,True
Alteromonas macleodii EZ55,EZ55_03369,,sulfite exporter TauE/SafE family protein,membrane transporter protein,,,,,annotation,Unknown,False,False,False,True
Alteromonas macleodii EZ55,EZ55_03412,,mechanosensitive ion channel family protein,Mechanosensitive ion channel,K16053,"ybdG, mscM; miniconductance mechanosensitive channel",1.A.23.4.5,Pores ion channels [TC:1],brite|kegg|tcdb|annotation,Cell wall and membrane,True,True,True,True
Alteromonas macleodii EZ55,EZ55_03416,,sodium-dependent transporter,COG0733 Na -dependent transporters of the SNF family,K03308,"TC.NSS; neurotransmitter:Na+ symporter, NSS family",2.A.22.4 ; 2.A.22.5,,kegg|tcdb|annotation,Unknown,False,True,True,True
Alteromonas macleodii EZ55,EZ55_03424,,ExbD/TolR family protein,Biopolymer transport protein ExbD/TolR,K03559,exbD; biopolymer transport protein ExbD,1.A.30.2.1,Pores ion channels [TC:1],brite|kegg|tcdb|annotation,Intracellular trafficking,True,True,True,True
Alteromonas macleodii EZ55,EZ55_03426,,cellulose synthase subunit BcsC-related outer membrane protein,Cellulose synthase operon protein C C-terminus (BCSC_C),K20543,bcsC; cellulose synthase operon protein C,1.B.55.3,Pores ion channels [TC:1],brite|tcdb,Post-translational modification,True,False,True,False
Alteromonas macleodii EZ55,EZ55_03428,,cellulose biosynthesis cyclic di-GMP-binding regulatory protein BcsB,Bacterial cellulose synthase subunit,K20541,bcsB; cellulose synthase operon protein B,4.D.3.1.6,,tcdb,Unknown,False,False,True,False
Alteromonas macleodii EZ55,EZ55_03429,bcsA,UDP-forming cellulose synthase catalytic subunit,Cellulose synthase catalytic subunit,K00694,bcsA; cellulose synthase (UDP-forming) [EC:2.4.1.12],4.D.3.1.2 ; 4.D.3.1.5 ; 4.D.3.1.6,,tcdb,Cell wall and membrane,False,False,True,False
Alteromonas macleodii EZ55,EZ55_03439,,APC family permease,amino acid,,,,,annotation,Amino acid metabolism,False,False,False,True
Alteromonas macleodii EZ55,EZ55_03440,,hypothetical protein,amino acid,,,,,annotation,Amino acid metabolism,False,False,False,True
Alteromonas macleodii EZ55,EZ55_03443,,LysR family transcriptional regulator,Transcriptional regulator,,,,,annotation,Transcription,False,False,False,True
Alteromonas macleodii EZ55,EZ55_03451,ybbW,NCS1 family nucleobase:cation symporter-1,"Permease for cytosine/purines, uracil, thiamine, allantoin",K03457 ; K10975,"TC.NCS1; nucleobase:cation symporter-1, NCS1 family ; allP; allantoin permease",The Nucleobase:Cation Symporter-1 (NCS1) Family ; 2.A.39.3.8,Electrochemical potential-driven transporters [TC:2],brite|kegg|tcdb|annotation,Nucleotide metabolism,True,True,True,True
Alteromonas macleodii EZ55,EZ55_03452,,TonB-dependent receptor,TonB dependent receptor,K02014,TC.FEV.OM; iron complex outermembrane recepter protein,The Outer Membrane Receptor (OMR) Family,Pores ion channels [TC:1],brite|tcdb|annotation,Inorganic ion transport,True,False,True,True
Alteromonas macleodii EZ55,EZ55_03464,gntU,GntP family permease,COG2610 H gluconate symporter and related permeases,K03299 ; K06156,"TC.GNTP; gluconate:H+ symporter, GntP family ; gntU; Gnt-I system low-affinity gluconate transporter",The Gluconate:H+ Symporter (GntP) Family ; 2.A.8.1.8,Electrochemical potential-driven transporters [TC:2],brite|kegg|tcdb|annotation,Amino acid metabolism,True,True,True,True
Alteromonas macleodii EZ55,EZ55_03474,nqrF,NADH:ubiquinone reductase (Na(+)-transporting) subunit F,"NQR complex catalyzes the reduction of ubiquinone-1 to ubiquinol by two successive reactions, coupled with the transport of Na(+) ions from the cytoplasm to the periplasm. The first step is catalyzed by NqrF, which accepts electrons from NADH and reduces ubiquinone-1 to ubisemiquinone by a one-electron transfer pathway",K00351,nqrF; Na+-transporting NADH:ubiquinone oxidoreductase subunit F [EC:7.2.1.1],,,kegg|annotation,Energy production,False,True,False,True
Alteromonas macleodii EZ55,EZ55_03475,nqrE,NADH:ubiquinone reductase (Na(+)-transporting) subunit E,"NQR complex catalyzes the reduction of ubiquinone-1 to ubiquinol by two successive reactions, coupled with the transport of Na(+) ions from the cytoplasm to the periplasm. NqrA to NqrE are probably involved in the second step, the conversion of ubisemiquinone to ubiquinol",K00350,nqrE; Na+-transporting NADH:ubiquinone oxidoreductase subunit E [EC:7.2.1.1],,,kegg|annotation,Energy production,False,True,False,True
Alteromonas macleodii EZ55,EZ55_03476,nqrD,NADH:ubiquinone reductase (Na(+)-transporting) subunit D,"NQR complex catalyzes the reduction of ubiquinone-1 to ubiquinol by two successive reactions, coupled with the transport of Na(+) ions from the cytoplasm to the periplasm. NqrA to NqrE are probably involved in the second step, the conversion of ubisemiquinone to ubiquinol",K00349,nqrD; Na+-transporting NADH:ubiquinone oxidoreductase subunit D [EC:7.2.1.1],,,kegg|annotation,Energy production,False,True,False,True
Alteromonas macleodii EZ55,EZ55_03477,nqrC,Na(+)-translocating NADH-quinone reductase subunit C,"NQR complex catalyzes the reduction of ubiquinone-1 to ubiquinol by two successive reactions, coupled with the transport of Na( ) ions from the cytoplasm to the periplasm. NqrA to NqrE are probably involved in the second step, the conversion of ubisemiquinone to ubiquinol",K00348,nqrC; Na+-transporting NADH:ubiquinone oxidoreductase subunit C [EC:7.2.1.1],,,kegg|annotation,Energy production,False,True,False,True
Alteromonas macleodii EZ55,EZ55_03478,nqrB,NADH:ubiquinone reductase (Na(+)-transporting) subunit B,"NQR complex catalyzes the reduction of ubiquinone-1 to ubiquinol by two successive reactions, coupled with the transport of Na(+) ions from the cytoplasm to the periplasm. NqrA to NqrE are probably involved in the second step, the conversion of ubisemiquinone to ubiquinol",K00347,nqrB; Na+-transporting NADH:ubiquinone oxidoreductase subunit B [EC:7.2.1.1],,,kegg|annotation,Energy production,False,True,False,True
Alteromonas macleodii EZ55,EZ55_03479,nqrA,Na(+)-translocating NADH-quinone reductase subunit A,"NQR complex catalyzes the reduction of ubiquinone-1 to ubiquinol by two successive reactions, coupled with the transport of Na( ) ions from the cytoplasm to the periplasm. NqrA to NqrE are probably involved in the second step, the conversion of ubisemiquinone to ubiquinol",K00346,nqrA; Na+-transporting NADH:ubiquinone oxidoreductase subunit A [EC:7.2.1.1],,,kegg|annotation,Energy production,False,True,False,True
Alteromonas macleodii EZ55,EZ55_03486,,TonB-dependent receptor,Carboxypeptidase regulatory-like domain,,,,,annotation,Inorganic ion transport,False,False,False,True
Alteromonas macleodii EZ55,EZ55_03487,,PhnD/SsuA/transferrin family substrate-binding protein,"COG3221 ABC-type phosphate phosphonate transport system, periplasmic component",,,,,annotation,Inorganic ion transport,False,False,False,True
Alteromonas macleodii EZ55,EZ55_03490,yeiM,NupC/NupG family nucleoside CNT transporter,Belongs to the concentrative nucleoside transporter (CNT) (TC 2.A.41) family,K03317,"TC.CNT; concentrative nucleoside transporter, CNT family",The Concentrative Nucleoside Transporter (CNT) Family,,kegg|tcdb|annotation,Intracellular trafficking,False,True,True,True
Alteromonas macleodii EZ55,EZ55_03497,,putative nucleotidyltransferase substrate binding domain-containing protein,signal-transduction protein containing cAMP-binding and CBS domains,K07182,K07182; CBS domain-containing protein,,,annotation,Signal transduction,False,False,False,True
Alteromonas macleodii EZ55,EZ55_03498,actP,sodium:solute symporter family protein,Belongs to the sodium solute symporter (SSF) (TC 2.A.21) family,K14393,actP; cation/acetate symporter,2.A.21.7,Electrochemical potential-driven transporters [TC:2],brite|kegg|tcdb|annotation,Unknown,True,True,True,True
Alteromonas macleodii EZ55,EZ55_03500,,PAS domain-containing hybrid sensor histidine kinase/response regulator,PAS fold,,,,,annotation,Signal transduction,False,False,False,True
Alteromonas macleodii EZ55,EZ55_03501,,mechanosensitive ion channel family protein,"Mechanosensitive channel that participates in the regulation of osmotic pressure changes within the cell, opening in response to stretch forces in the membrane lipid bilayer, without the need for other proteins. Contributes to normal resistance to hypoosmotic shock. Forms an ion channel of 1.0 nanosiemens conductance with a slight preference for anions",,,,,annotation,Cell wall and membrane,False,False,False,True
Alteromonas macleodii EZ55,EZ55_03505,,amino acid ABC transporter substrate-binding protein,ABC-type amino acid transport signal transduction systems periplasmic component domain,,,,,annotation,Amino acid metabolism,False,False,False,True
Alteromonas macleodii EZ55,EZ55_03508,,DcaP family trimeric outer membrane transporter,Forms passive diffusion pores that allow small molecular weight hydrophilic materials across the outer membrane,,,,,annotation,Cell wall and membrane,False,False,False,True
Alteromonas macleodii EZ55,EZ55_03509,nptA,Na/Pi symporter,Phosphate,K14683,"SLC34A, NPT, nptA; solute carrier family 34 (sodium-dependent phosphate cotransporter)",2.A.58.1,SLC34: Type II Na+-phosphate cotransporter,brite|kegg|tcdb|annotation,Inorganic ion transport,True,True,True,True
Alteromonas macleodii EZ55,EZ55_03540,,TolC family protein,Outer membrane efflux protein,,,,,annotation,Cell wall and membrane,False,False,False,True
Alteromonas macleodii EZ55,EZ55_03542,,ABC transporter transmembrane domain-containing protein,"ABC transporter, ATP-binding protein",K02021,ABC.MR; putative ABC transport system ATP-binding protein,3.A.1.106 ; 3.A.1.110 ; 3.A.1.112 ; 3.A.1.113 ; 3.A.1.117 ; 3.A.1.21,Other ABC transporters,brite|kegg|tcdb|annotation,Defense mechanisms,True,True,True,True
Alteromonas macleodii EZ55,EZ55_03543,nhaR,LysR family transcriptional regulator,Transcriptional regulator,K03717,"nhaR; LysR family transcriptional regulator, transcriptional activator of nhaA",,,annotation,Transcription,False,False,False,True
Alteromonas macleodii EZ55,EZ55_03550,,glycosyltransferase family 2 protein,Glycosyltransferase like family 2,K20444,rfbC; O-antigen biosynthesis protein [EC:2.4.1.-],4.D.1.3,,tcdb,Unknown,False,False,True,False
Alteromonas macleodii EZ55,EZ55_03552,rfbD,dTDP-4-dehydrorhamnose reductase,Catalyzes the reduction of dTDP-6-deoxy-L-lyxo-4- hexulose to yield dTDP-L-rhamnose,K00067,"rfbD, rmlD; dTDP-4-dehydrorhamnose reductase [EC:1.1.1.133]",,,annotation,Cell wall and membrane,False,False,False,True
Alteromonas macleodii EZ55,EZ55_03580,secY,preprotein translocase subunit SecY,"The central subunit of the protein translocation channel SecYEG. Consists of two halves formed by TMs 1-5 and 6-10. These two domains form a lateral gate at the front which open onto the bilayer between TMs 2 and 7, and are clamped together by SecE at the back. The channel is closed by both a pore ring composed of hydrophobic SecY resides and a short helix (helix 2A) on the extracellular side of the membrane which forms a plug. The plug probably moves laterally to allow the channel to open. The ring and the pore may move independently",K03076,secY; preprotein translocase subunit SecY,The General Secretory Pathway (Sec) Family,,kegg|tcdb|annotation,Intracellular trafficking,False,True,True,True
Alteromonas macleodii EZ55,EZ55_03594,rlmB,23S rRNA (guanosine(2251)-2^-O)-methyltransferase RlmB,Specifically methylates the ribose of guanosine 2251 in 23S rRNA,K03218,rlmB; 23S rRNA (guanosine2251-2^-O)-methyltransferase [EC:2.1.1.185],,,annotation,Translation,False,False,False,True
Alteromonas macleodii EZ55,EZ55_03601,,TonB-dependent receptor,receptor,,,,,annotation,Coenzyme metabolism,False,False,False,True
Alteromonas macleodii EZ55,EZ55_03604,motX,tetratricopeptide repeat protein,"COG0790 FOG TPR repeat, SEL1 subfamily",K21217,motX; sodium-type polar flagellar protein MotX,1.A.30.1,Pores ion channels [TC:1],brite|tcdb,Cell motility,True,False,True,False
Alteromonas macleodii EZ55,EZ55_03609,,substrate-binding periplasmic protein,ABC-type amino acid transport signal transduction systems periplasmic component domain,K02030,ABC.PA.S; polar amino acid transport system substrate-binding protein,3.A.1.3,Putative polar amino acid transporter,brite|kegg|tcdb|annotation,Amino acid metabolism,True,True,True,True
Alteromonas macleodii EZ55,EZ55_03614,cydA,cytochrome ubiquinol oxidase subunit I,"COG1271 Cytochrome bd-type quinol oxidase, subunit 1",K00425,cydA; cytochrome bd ubiquinol oxidase subunit I [EC:7.1.1.7],3.D.4.3,,tcdb,Energy production,False,False,True,False
Alteromonas macleodii EZ55,EZ55_03615,cydB,cytochrome d ubiquinol oxidase subunit II,"COG1294 Cytochrome bd-type quinol oxidase, subunit 2",K00426,cydB; cytochrome bd ubiquinol oxidase subunit II [EC:7.1.1.7],3.D.4.3,,tcdb,Energy production,False,False,True,False
Alteromonas macleodii EZ55,EZ55_03627,,phosphate/phosphite/phosphonate ABC transporter substrate-binding protein,"ABC-type phosphate phosphonate transport system, periplasmic component",K02044,phnD; phosphonate transport system substrate-binding protein,3.A.1.9,Phosphonate transporter,brite|kegg|tcdb|annotation,Inorganic ion transport,True,True,True,True
Alteromonas macleodii EZ55,EZ55_03632,,TonB-dependent receptor,"COG1629 Outer membrane receptor proteins, mostly Fe transport",K02014,TC.FEV.OM; iron complex outermembrane recepter protein,The Outer Membrane Receptor (OMR) Family,Pores ion channels [TC:1],brite|tcdb|annotation,Inorganic ion transport,True,False,True,True
Alteromonas macleodii EZ55,EZ55_03634,,amidohydrolase family protein,COG0823 Periplasmic component of the Tol biopolymer transport system,,,,,annotation,Secondary metabolites,False,False,False,True
Alteromonas macleodii EZ55,EZ55_03640,,MotA/TolQ/ExbB proton channel family protein,MotA/TolQ/ExbB proton channel family,,,,,annotation,Intracellular trafficking,False,False,False,True
Alteromonas macleodii EZ55,EZ55_03644,,HlyD family secretion protein,HlyD family secretion protein,K13408,"cvaA, mchE, raxA; membrane fusion protein",The Membrane Fusion Protein (MFP) Family,Accessory factors involved in transport [TC:8],brite|tcdb,Cell wall and membrane,True,False,True,False
Alteromonas macleodii EZ55,EZ55_03645,cvaB,peptidase domain-containing ABC transporter,"COG2274 ABC-type bacteriocin lantibiotic exporters, contain an N-terminal double-glycine peptidase domain",K06147 ; K13409,"ABCB-BAC; ATP-binding cassette, subfamily B, bacterial ; cvaB, mchF, raxB; ATP-binding cassette, subfamily B, bacterial CvaB/MchF/RaxB",3.A.1.106 ; 3.A.1.109 ; 3.A.1.110 ; 3.A.1.21,ABCB-BAC subgroup,brite|kegg|tcdb|annotation,Defense mechanisms,True,True,True,True
Alteromonas macleodii EZ55,EZ55_03672,ftsX,permease-like cell division protein FtsX,Part of the ABC transporter FtsEX involved in cellular division,K09811,ftsX; cell division transport system permease protein,3.A.1.140,Cell division transporter,brite|kegg|tcdb|annotation,Cell cycle and division,True,True,True,True
Alteromonas macleodii EZ55,EZ55_03673,ftsE,cell division ATP-binding protein FtsE,Part of the ABC transporter FtsEX involved in cellular division. Important for assembly or stability of the septal ring,K09812,ftsE; cell division transport system ATP-binding protein,3.A.1.140,Cell division transporter,brite|kegg|tcdb|annotation,Cell cycle and division,True,True,True,True
Alteromonas macleodii EZ55,EZ55_03674,ftsY,signal recognition particle-docking protein FtsY,"Involved in targeting and insertion of nascent membrane proteins into the cytoplasmic membrane. Acts as a receptor for the complex formed by the signal recognition particle (SRP) and the ribosome-nascent chain (RNC). Interaction with SRP-RNC leads to the transfer of the RNC complex to the Sec translocase for insertion into the membrane, the hydrolysis of GTP by both Ffh and FtsY, and the dissociation of the SRP-FtsY complex into the individual components",K03110,ftsY; fused signal recognition particle receptor,3.A.5.1 ; 3.A.5.2 ; 3.A.5.7,,tcdb|annotation,Intracellular trafficking,False,False,True,True
Alteromonas macleodii EZ55,EZ55_03677,yhgN,YhgN family NAAT transporter,UPF0056 membrane protein,K05595,marC; multiple antibiotic resistance protein,2.A.95.1,Electrochemical potential-driven transporters [TC:2],brite|tcdb|annotation,Intracellular trafficking,True,False,True,True
Alteromonas macleodii EZ55,EZ55_03690,yadH,ABC transporter permease,Transport permease protein,K01992,ABC-2.P; ABC-2 type transport system permease protein,The ATP-binding Cassette (ABC) Superfamily,ABC-2 type transporter,brite|kegg|tcdb|annotation,Defense mechanisms,True,True,True,True
Alteromonas macleodii EZ55,EZ55_03691,yadG,ABC transporter ATP-binding protein,"COG1131 ABC-type multidrug transport system, ATPase component",K01990,ABC-2.A; ABC-2 type transport system ATP-binding protein,The ATP-binding Cassette (ABC) Superfamily,ABC-2 type transporter,brite|kegg|tcdb|annotation,Defense mechanisms,True,True,True,True
Alteromonas macleodii EZ55,EZ55_03697,,energy transducer TonB,Gram-negative bacterial TonB protein C-terminal,,,,,annotation,Cell wall and membrane,False,False,False,True
Alteromonas macleodii EZ55,EZ55_03699,,SO_0444 family Cu/Zn efflux transporter,Predicted permease,K07089,K07089; uncharacterized protein,,,annotation,Unknown,False,False,False,True
Alteromonas macleodii EZ55,EZ55_03700,cstA,carbon starvation CstA family protein,Carbon starvation protein,K06200,cstA; carbon starvation protein,,Electrochemical potential-driven transporters [TC:2],brite|annotation,Signal transduction,True,False,False,True
Alteromonas macleodii EZ55,EZ55_03709,,energy transducer TonB,"Interacts with outer membrane receptor proteins that carry out high-affinity binding and energy dependent uptake into the periplasmic space of specific substrates. It could act to transduce energy from the cytoplasmic membrane to specific energy- requiring processes in the outer membrane, resulting in the release into the periplasm of ligands bound by these outer membrane proteins",K03832,tonB; periplasmic protein TonB,2.C.1.1,Electrochemical potential-driven transporters [TC:2],brite|kegg|tcdb|annotation,Cell wall and membrane,True,True,True,True
Alteromonas macleodii EZ55,EZ55_03710,,ExbD/TolR family protein,Biopolymer transport protein ExbD/TolR,K03559,exbD; biopolymer transport protein ExbD,1.A.30.2.1,Pores ion channels [TC:1],brite|kegg|tcdb|annotation,Intracellular trafficking,True,True,True,True
Alteromonas macleodii EZ55,EZ55_03711,,MotA/TolQ/ExbB proton channel family protein,MotA/TolQ/ExbB proton channel family,K03561,exbB; biopolymer transport protein ExbB,1.A.30.2.1,Pores ion channels [TC:1],brite|kegg|tcdb|annotation,Intracellular trafficking,True,True,True,True
Alteromonas macleodii EZ55,EZ55_03712,,MotA/TolQ/ExbB proton channel family protein,MotA/TolQ/ExbB proton channel family,K03561,exbB; biopolymer transport protein ExbB,1.A.30.2.1,Pores ion channels [TC:1],brite|kegg|tcdb|annotation,Intracellular trafficking,True,True,True,True
Alteromonas macleodii EZ55,EZ55_03714,fepA,FepA family TonB-dependent siderophore receptor,Receptor,K16089 ; K19611,"TC.FEV.OM2, cirA, cfrA, hmuR; outer membrane receptor for ferrienterochelin and colicins ; fepA, pfeA, iroN, pirA; ferric enterobactin receptor",1.B.14.1.22 ; 1.B.14.1.3 ; 1.B.14.1.5 ; 1.B.14.10,Pores ion channels [TC:1],brite|tcdb|annotation,Inorganic ion transport,True,False,True,True
Alteromonas macleodii EZ55,EZ55_03717,,TonB-dependent receptor,TonB dependent receptor,K16090,fiu; catecholate siderophore receptor,1.B.14.1.11,Pores ion channels [TC:1],brite|tcdb|annotation,Inorganic ion transport,True,False,True,True
Alteromonas macleodii EZ55,EZ55_03733,secE,preprotein translocase subunit SecE,Essential subunit of the Sec protein translocation channel SecYEG. Clamps together the 2 halves of SecY. May contact the channel plug during translocation,K03073,secE; preprotein translocase subunit SecE,3.A.5.1 ; 3.A.5.2,,kegg|tcdb|annotation,Intracellular trafficking,False,True,True,True
Alteromonas macleodii EZ55,EZ55_03735,vcaM,ABC transporter ATP-binding protein,"COG1132 ABC-type multidrug transport system, ATPase and permease components",K06147 ; K18893,"ABCB-BAC; ATP-binding cassette, subfamily B, bacterial ; vcaM; ATP-binding cassette, subfamily B, multidrug efflux pump",3.A.1.106 ; 3.A.1.109 ; 3.A.1.21,ABCB-BAC subgroup,brite|kegg|tcdb|annotation,Defense mechanisms,True,True,True,True
Alteromonas macleodii EZ55,EZ55_03741,,substrate-binding periplasmic protein,"Bacterial extracellular solute-binding proteins, family 3",K02030,ABC.PA.S; polar amino acid transport system substrate-binding protein,3.A.1.3,Putative polar amino acid transporter,brite|kegg|tcdb|annotation,Amino acid metabolism,True,True,True,True
Alteromonas macleodii EZ55,EZ55_03746,,mechanosensitive ion channel family protein,Mechanosensitive ion channel,K03442,mscS; small conductance mechanosensitive channel,1.A.23.2,Pores ion channels [TC:1],brite|kegg|tcdb|annotation,Cell wall and membrane,True,True,True,True
Alteromonas macleodii EZ55,EZ55_03747,,MFS transporter,COG0738 Fucose permease,,,,,annotation,Carbohydrate metabolism,False,False,False,True
Alteromonas macleodii EZ55,EZ55_03758,,transporter substrate-binding domain-containing protein,ABC-type amino acid transport signal transduction systems periplasmic component domain,,,,,annotation,Amino acid metabolism,False,False,False,True
Alteromonas macleodii EZ55,EZ55_03766,,LysR family transcriptional regulator,"Bacterial regulatory helix-turn-helix protein, lysR family",K09681,"gltC; LysR family transcriptional regulator, transcription activator of glutamate synthase operon",,,annotation,Transcription,False,False,False,True
Alteromonas macleodii EZ55,EZ55_03777,ydaH,AbgT family transporter,Transporter,K12942,abgT; aminobenzoyl-glutamate transport protein,,,kegg|annotation,Coenzyme metabolism,False,True,False,True
Alteromonas macleodii EZ55,EZ55_03792,fur,transcriptional repressor,Belongs to the Fur family,K09823,"zur; Fur family transcriptional regulator, zinc uptake regulator",,,kegg,Transcription,False,True,False,False
Alteromonas macleodii EZ55,EZ55_03795,,OmpA family protein,Belongs to the ompA family,K03286,"TC.OOP; OmpA-OmpF porin, OOP family",The OmpA-OmpF Porin (OOP) Family,Pores ion channels [TC:1],brite|tcdb,Cell wall and membrane,True,False,True,False
Alteromonas macleodii EZ55,EZ55_03806,,TonB-dependent receptor,TonB dependent receptor,K02014 ; K16087,"TC.FEV.OM; iron complex outermembrane recepter protein ; TC.FEV.OM3, tbpA, hemR, lbpA, hpuB, bhuR, hugA, hmbR; hemoglobin/transferrin/lactoferrin receptor protein",1.B.14.2,Pores ion channels [TC:1],brite|tcdb|annotation,Inorganic ion transport,True,False,True,True
Alteromonas macleodii EZ55,EZ55_03807,,efflux RND transporter periplasmic adaptor subunit,Barrel-sandwich domain of CusB or HlyD membrane-fusion,,,,,annotation,Cell wall and membrane,False,False,False,True
Alteromonas macleodii EZ55,EZ55_03808,,efflux RND transporter permease subunit,Belongs to the resistance-nodulation-cell division (RND) (TC 2.A.6) family,,,,,annotation,Defense mechanisms,False,False,False,True
Alteromonas macleodii EZ55,EZ55_03813,,ABC transporter ATP-binding protein,"ABC-type antimicrobial peptide transport system, ATPase component",K02003,ABC.CD.A; putative ABC transport system ATP-binding protein,The ATP-binding Cassette (ABC) Superfamily,Putative ABC transporter,brite|kegg|tcdb|annotation,Defense mechanisms,True,True,True,True
Alteromonas macleodii EZ55,EZ55_03814,,ABC transporter permease,"ABC-type antimicrobial peptide transport system, permease component",K02004,ABC.CD.P; putative ABC transport system permease protein,The ATP-binding Cassette (ABC) Superfamily,Putative ABC transporter,brite|kegg|tcdb|annotation,Defense mechanisms,True,True,True,True
Alteromonas macleodii EZ55,EZ55_03824,,TSUP family transporter,membrane transporter protein,,,,,annotation,Unknown,False,False,False,True
Alteromonas macleodii EZ55,EZ55_03826,yidK,solute:sodium symporter family transporter,Belongs to the sodium solute symporter (SSF) (TC 2.A.21) family,K03307,"TC.SSS; solute:Na+ symporter, SSS family",The Solute:Sodium Symporter (SSS) Family,,kegg|tcdb|annotation,Unknown,False,True,True,True
Alteromonas macleodii EZ55,EZ55_03827,,TonB-dependent receptor,TonB dependent receptor,K02014,TC.FEV.OM; iron complex outermembrane recepter protein,The Outer Membrane Receptor (OMR) Family,Pores ion channels [TC:1],brite|tcdb|annotation,Inorganic ion transport,True,False,True,True
Alteromonas macleodii EZ55,EZ55_03828,,cation diffusion facilitator family transporter,COG1230 Co Zn Cd efflux system component,K16264,"czcD, zitB; cobalt-zinc-cadmium efflux system protein",2.A.4.1,Electrochemical potential-driven transporters [TC:2],brite|kegg|tcdb|annotation,Inorganic ion transport,True,True,True,True
Alteromonas macleodii EZ55,EZ55_03830,,TonB-dependent receptor,"COG1629 Outer membrane receptor proteins, mostly Fe transport",,,,,annotation,Inorganic ion transport,False,False,False,True
Alteromonas macleodii EZ55,EZ55_03832,nhaC,Na+/H+ antiporter NhaC,Na+/H+ antiporter family,K03315,"nhaC; Na+:H+ antiporter, NhaC family",The NhaC Na+:H+ Antiporter (NhaC) Family,Electrochemical potential-driven transporters [TC:2],brite|kegg|tcdb|annotation,Energy production,True,True,True,True
Alteromonas macleodii EZ55,EZ55_03834,gluP,sugar MFS transporter,glucose galactose transporter,K02429,"fucP, deoP, nagP, agaP; MFS transporter, FHS family, fucose-galactose-glucose:H+ symporter family protein",2.A.1.7,Fucose:H+ symporter (FHS) family [TC:2.A.1.7],brite|kegg|tcdb|annotation,Carbohydrate metabolism,True,True,True,True
Alteromonas macleodii EZ55,EZ55_03837,xylE,sugar porter family MFS transporter,Belongs to the major facilitator superfamily. Sugar transporter (TC 2.A.1.1) family,K08138 ; K08139,"xylE; MFS transporter, SP family, xylose:H+ symportor ; HXT; MFS transporter, SP family, sugar:H+ symporter",2.A.1.1.3,Sugar porter (SP) family [TC:2.A.1.1],brite|kegg|tcdb|annotation,Inorganic ion transport,True,True,True,True
Alteromonas macleodii EZ55,EZ55_03838,,ATP-binding cassette domain-containing protein,"COG4987 ABC-type transport system involved in cytochrome bd biosynthesis, fused ATPase and permease components",K16012,"cydC; ATP-binding cassette, subfamily C, bacterial CydC",3.A.1.129,ABCC-BAC subgroup,brite|kegg|tcdb|annotation,Energy production,True,True,True,True
Alteromonas macleodii EZ55,EZ55_03839,cydD,ATP-binding cassette domain-containing protein,"COG4988 ABC-type transport system involved in cytochrome bd biosynthesis, ATPase and permease components",K16013,"cydD; ATP-binding cassette, subfamily C, bacterial CydD",3.A.1.129,ABCC-BAC subgroup,brite|kegg|tcdb|annotation,Defense mechanisms,True,True,True,True
Alteromonas macleodii EZ55,EZ55_03840,cydX,cytochrome bd-I oxidase subunit CydX,Cyd operon protein YbgT,K00424,cydX; cytochrome bd-I ubiquinol oxidase subunit X [EC:7.1.1.7],3.D.4.3,,tcdb,Unknown,False,False,True,False
Alteromonas macleodii EZ55,EZ55_03841,cydB,cytochrome d ubiquinol oxidase subunit II,"oxidase, subunit",K00426,cydB; cytochrome bd ubiquinol oxidase subunit II [EC:7.1.1.7],3.D.4.3,,tcdb,Energy production,False,False,True,False
Alteromonas macleodii EZ55,EZ55_03842,cydA,cytochrome ubiquinol oxidase subunit I,oxidase subunit 1,K00425,cydA; cytochrome bd ubiquinol oxidase subunit I [EC:7.1.1.7],3.D.4.3,,tcdb,Energy production,False,False,True,False
Alteromonas macleodii EZ55,EZ55_03846,,TonB-dependent receptor plug domain-containing protein,TonB dependent receptor,K02014,TC.FEV.OM; iron complex outermembrane recepter protein,The Outer Membrane Receptor (OMR) Family,Pores ion channels [TC:1],brite|tcdb|annotation,Inorganic ion transport,True,False,True,True
Alteromonas macleodii EZ55,EZ55_03847,,sulfite exporter TauE/SafE family protein,membrane transporter protein,,,,,annotation,Unknown,False,False,False,True
Alteromonas macleodii EZ55,EZ55_03851,irp,TonB-dependent receptor,TonB dependent receptor,K02014,TC.FEV.OM; iron complex outermembrane recepter protein,The Outer Membrane Receptor (OMR) Family,Pores ion channels [TC:1],brite|tcdb|annotation,Inorganic ion transport,True,False,True,True
Alteromonas macleodii EZ55,EZ55_03862,,efflux RND transporter permease subunit,exporters of the RND superfamily,K07003,K07003; uncharacterized protein,,,annotation,Unknown,False,False,False,True
Alteromonas macleodii EZ55,EZ55_03863,,MFS transporter,Major facilitator superfamily,,,,,annotation,Amino acid metabolism,False,False,False,True
Alteromonas macleodii EZ55,EZ55_03882,,TonB-dependent receptor,TonB dependent receptor,K02014,TC.FEV.OM; iron complex outermembrane recepter protein,The Outer Membrane Receptor (OMR) Family,Pores ion channels [TC:1],brite|tcdb|annotation,Inorganic ion transport,True,False,True,True
Alteromonas macleodii EZ55,EZ55_03885,,LysR family transcriptional regulator,Transcriptional regulator,,,,,annotation,Transcription,False,False,False,True
Alteromonas macleodii EZ55,EZ55_03886,fadL,OmpP1/FadL family transporter,Long-chain fatty acid,K06076,fadL; long-chain fatty acid transport protein,The FadL Outer Membrane Protein (FadL) Family,Pores ion channels [TC:1],brite|kegg|tcdb|annotation,Lipid metabolism,True,True,True,True
Alteromonas macleodii EZ55,EZ55_03890,,ABC transporter substrate-binding protein,ABC transporter substrate binding protein,K01989,K01989; putative tryptophan/tyrosine transport system substrate-binding protein,,Putative tryptophan/tyrosine transporter,brite|kegg|annotation,Unknown,True,True,False,True
Alteromonas macleodii EZ55,EZ55_03897,,DMT family transporter,COG0697 Permeases of the drug metabolite transporter (DMT) superfamily,,,,,annotation,Amino acid metabolism,False,False,False,True
Alteromonas macleodii EZ55,EZ55_03906,,TonB-dependent receptor,TonB-dependent Receptor Plug Domain,,,,,annotation,Inorganic ion transport,False,False,False,True
Alteromonas macleodii EZ55,EZ55_03913,hupA,TonB-dependent hemoglobin/transferrin/lactoferrin family receptor,receptor,K16087 ; K16089,"TC.FEV.OM3, tbpA, hemR, lbpA, hpuB, bhuR, hugA, hmbR; hemoglobin/transferrin/lactoferrin receptor protein ; TC.FEV.OM2, cirA, cfrA, hmuR; outer membrane receptor for ferrienterochelin and colicins",1.B.14.1 ; 1.B.14.10 ; 1.B.14.2,Pores ion channels [TC:1],brite|tcdb|annotation,Inorganic ion transport,True,False,True,True
Alteromonas macleodii EZ55,EZ55_03915,,TonB-dependent receptor,Secretin and TonB N terminus short domain,,,,,annotation,Inorganic ion transport,False,False,False,True
Alteromonas macleodii EZ55,EZ55_03922,cyoD,cytochrome o ubiquinol oxidase subunit IV,cytochrome o ubiquinol oxidase,K02300,cyoD; cytochrome o ubiquinol oxidase subunit IV,3.D.4.5,,tcdb,Energy production,False,False,True,False
Alteromonas macleodii EZ55,EZ55_03923,cyoC,cytochrome o ubiquinol oxidase subunit III,"COG1845 Heme copper-type cytochrome quinol oxidase, subunit 3",K02299,cyoC; cytochrome o ubiquinol oxidase subunit III,3.D.4.5,,tcdb,Energy production,False,False,True,False
Alteromonas macleodii EZ55,EZ55_03924,cyoB,cytochrome o ubiquinol oxidase subunit I,Belongs to the heme-copper respiratory oxidase family,K02274 ; K02298,"coxA, ctaD; cytochrome c oxidase subunit I [EC:7.1.1.9] ; cyoB; cytochrome o ubiquinol oxidase subunit I [EC:7.1.1.3]",3.D.4.2 ; 3.D.4.3 ; 3.D.4.4 ; 3.D.4.5 ; 3.D.4.6,,tcdb,Energy production,False,False,True,False
Alteromonas macleodii EZ55,EZ55_03925,cyoA,ubiquinol oxidase subunit II,"COG1622 Heme copper-type cytochrome quinol oxidases, subunit 2",K02297,cyoA; cytochrome o ubiquinol oxidase subunit II [EC:7.1.1.3],3.D.4.5,,tcdb,Energy production,False,False,True,False
Alteromonas macleodii EZ55,EZ55_03929,,TonB-dependent receptor,TonB dependent receptor,,,,,annotation,Inorganic ion transport,False,False,False,True
Alteromonas macleodii EZ55,EZ55_03939,groES,co-chaperone GroES,"Together with the chaperonin GroEL, plays an essential role in assisting protein folding. The GroEL-GroES system forms a nano-cage that allows encapsulation of the non-native substrate proteins and provides a physical environment optimized to promote and accelerate protein folding. GroES binds to the apical surface of the GroEL ring, thereby capping the opening of the GroEL channel",K04078,"groES, HSPE1; chaperonin GroES",,,annotation,Post-translational modification,False,False,False,True
Alteromonas macleodii EZ55,EZ55_03942,dsbD,protein-disulfide reductase DsbD,Required to facilitate the formation of correct disulfide bonds in some periplasmic proteins and for the assembly of the periplasmic c-type cytochromes. Acts by transferring electrons from cytoplasmic thioredoxin to the periplasm. This transfer involves a cascade of disulfide bond formation and reduction steps,K04084,"dsbD, dipZ; thioredoxin:protein disulfide reductase [EC:1.8.4.16]",5.A.1.1,,tcdb,Energy production,False,False,True,False
Alteromonas macleodii EZ55,EZ55_03953,hip,high-potential iron-sulfur protein,"Specific class of high-redox-potential 4Fe-4S ferredoxins. Functions in anaerobic electron transport in most purple and in some other photosynthetic bacteria and in at least one genus (Paracoccus) of halophilic, denitrifying bacteria",,,,,annotation,Energy production,False,False,False,True
Alteromonas macleodii EZ55,EZ55_03955,,substrate-binding periplasmic protein,"Bacterial extracellular solute-binding proteins, family 3",K02030,ABC.PA.S; polar amino acid transport system substrate-binding protein,3.A.1.3,Putative polar amino acid transporter,brite|kegg|tcdb|annotation,Amino acid metabolism,True,True,True,True
Alteromonas macleodii EZ55,EZ55_03964,,ion transporter,potassium channel protein,K10716,"kch, trkA, mthK, pch; voltage-gated potassium channel",1.A.1.1 ; 1.A.1.13 ; 1.A.1.17 ; 1.A.1.24 ; 1.A.1.25 ; 1.A.1.6,Pores ion channels [TC:1],brite|kegg|tcdb|annotation,Signal transduction,True,True,True,True
Alteromonas macleodii EZ55,EZ55_03969,,MFS transporter,Major facilitator superfamily,,,,,annotation,Carbohydrate metabolism,False,False,False,True
Alteromonas macleodii EZ55,EZ55_03974,gspC,type II secretion system protein GspC,General secretion pathway protein C,K02452,gspC; general secretion pathway protein C,The Outer Membrane Protein Secreting Main Terminal Branch (MTB) Family,,tcdb,Intracellular trafficking,False,False,True,False
Alteromonas macleodii EZ55,EZ55_03975,gspD,type II secretion system secretin GspD,"COG1450 Type II secretory pathway, component PulD",K02453,gspD; general secretion pathway protein D,The Outer Membrane Protein Secreting Main Terminal Branch (MTB) Family,,tcdb,Cell motility,False,False,True,False
Alteromonas macleodii EZ55,EZ55_03976,gspE,type II secretion system ATPase GspE,"COG2804 Type II secretory pathway, ATPase PulE Tfp pilus assembly pathway, ATPase PilB",K02454,gspE; general secretion pathway protein E [EC:7.4.2.8],The Outer Membrane Protein Secreting Main Terminal Branch (MTB) Family,,tcdb,Cell motility,False,False,True,False
Alteromonas macleodii EZ55,EZ55_03977,gspF,type II secretion system inner membrane protein GspF,General secretion pathway protein F,K02455,gspF; general secretion pathway protein F,The Outer Membrane Protein Secreting Main Terminal Branch (MTB) Family,,tcdb,Intracellular trafficking,False,False,True,False
Alteromonas macleodii EZ55,EZ55_03978,gspG,type II secretion system major pseudopilin GspG,"COG2165 Type II secretory pathway, pseudopilin PulG",K02456,gspG; general secretion pathway protein G,The Outer Membrane Protein Secreting Main Terminal Branch (MTB) Family,,tcdb,Intracellular trafficking,False,False,True,False
Alteromonas macleodii EZ55,EZ55_03979,gspH,type II secretion system minor pseudopilin GspH,general secretion pathway protein,K02457,gspH; general secretion pathway protein H,The Outer Membrane Protein Secreting Main Terminal Branch (MTB) Family,,tcdb|annotation,Intracellular trafficking,False,False,True,True
Alteromonas macleodii EZ55,EZ55_03980,gspI,type II secretion system minor pseudopilin GspI,general secretion pathway protein,K02458,gspI; general secretion pathway protein I,The Outer Membrane Protein Secreting Main Terminal Branch (MTB) Family,,tcdb,Intracellular trafficking,False,False,True,False
Alteromonas macleodii EZ55,EZ55_03981,gspJ,type II secretion system minor pseudopilin GspJ,General secretion pathway protein J,K02459,gspJ; general secretion pathway protein J,The Outer Membrane Protein Secreting Main Terminal Branch (MTB) Family,,tcdb,Intracellular trafficking,False,False,True,False
Alteromonas macleodii EZ55,EZ55_03982,gspK,type II secretion system minor pseudopilin GspK,"COG3156 Type II secretory pathway, component PulK",K02460,gspK; general secretion pathway protein K,The Outer Membrane Protein Secreting Main Terminal Branch (MTB) Family,,tcdb,Intracellular trafficking,False,False,True,False
Alteromonas macleodii EZ55,EZ55_03983,gspL,type II secretion system protein GspL,"Involved in a type II secretion system (T2SS, formerly general secretion pathway, GSP) for the export of proteins",K02461,gspL; general secretion pathway protein L,The Outer Membrane Protein Secreting Main Terminal Branch (MTB) Family,,tcdb,Intracellular trafficking,False,False,True,False
Alteromonas macleodii EZ55,EZ55_03984,gspM,type II secretion system protein GspM,Inner membrane component of the type II secretion system required for the energy-dependent secretion of extracellular factors such as proteases and toxins from the periplasm,K02462,gspM; general secretion pathway protein M,The Outer Membrane Protein Secreting Main Terminal Branch (MTB) Family,,tcdb,Intracellular trafficking,False,False,True,False
Alteromonas macleodii EZ55,EZ55_03985,gspN,type II secretion system protein N,"Type II secretion system (T2SS), protein N",K02463,gspN; general secretion pathway protein N,The Outer Membrane Protein Secreting Main Terminal Branch (MTB) Family,,tcdb,Unknown,False,False,True,False
Alteromonas macleodii EZ55,EZ55_03994,mdoH,glucans biosynthesis glucosyltransferase MdoH,COG2943 Membrane glycosyltransferase,K03669,mdoH; membrane glycosyltransferase [EC:2.4.1.-],4.D.3.1.1,,tcdb,Cell wall and membrane,False,False,True,False
Alteromonas macleodii EZ55,EZ55_04000,yheS,ATP-binding cassette domain-containing protein,COG0488 ATPase components of ABC transporters with duplicated ATPase domains,K06158,"ABCF3; ATP-binding cassette, subfamily F, member 3",,,kegg|annotation,Unknown,False,True,False,True
Alteromonas macleodii EZ55,EZ55_04013,,TonB-dependent receptor,"COG1629 Outer membrane receptor proteins, mostly Fe transport",,,,,annotation,Inorganic ion transport,False,False,False,True
Alteromonas macleodii EZ55,EZ55_04015,,MFS transporter,COG2211 Na melibiose symporter and related transporters,K03292,"TC.GPH; glycoside/pentoside/hexuronide:cation symporter, GPH family",The Glycoside-Pentoside-Hexuronide (GPH):Cation Symporter Family,,kegg|tcdb|annotation,Carbohydrate metabolism,False,True,True,True
Alteromonas macleodii EZ55,EZ55_04028,xylE,sugar porter family MFS transporter,Belongs to the major facilitator superfamily. Sugar transporter (TC 2.A.1.1) family,K05548 ; K08138 ; K08139,"benK; MFS transporter, AAHS family, benzoate transport protein ; xylE; MFS transporter, SP family, xylose:H+ symportor ; HXT; MFS transporter, SP family, sugar:H+ symporter",2.A.1.1.3 ; 2.A.1.15,Sugar porter (SP) family [TC:2.A.1.1] ; Aromatic acid:H+ symporter (AAHS) family [TC:2.A.1.15],brite|kegg|tcdb|annotation,Amino acid metabolism,True,True,True,True
Alteromonas macleodii EZ55,EZ55_04043,dinF,MATE family efflux transporter,COG0534 Na -driven multidrug efflux pump,K03327,"SLC47A, MATE, DTX; MATE family, multidrug and toxin extrusion protein",2.A.66.1,SLC47: Multidrug and toxin extrusion (MATE) family,brite|tcdb|annotation,Defense mechanisms,True,False,True,True
Alteromonas macleodii EZ55,EZ55_04048,ctaA,COX15/CtaA family protein,protein required for cytochrome oxidase assembly,K02259,"COX15, ctaA; heme a synthase [EC:1.17.99.9]",3.D.4.4,,tcdb,Post-translational modification,False,False,True,False
Alteromonas macleodii EZ55,EZ55_04050,surf1,SURF1 family protein,SURF1-like protein,K14998,"SURF1, SHY1; surfeit locus 1 family protein",3.D.4.8,,tcdb,Unknown,False,False,True,False
Alteromonas macleodii EZ55,EZ55_04052,coxC,cytochrome c oxidase subunit 3,"COG1845 Heme copper-type cytochrome quinol oxidase, subunit 3",K02276,"coxC, ctaE; cytochrome c oxidase subunit III [EC:7.1.1.9]",3.D.4.4 ; 3.D.4.6,,tcdb,Energy production,False,False,True,False
Alteromonas macleodii EZ55,EZ55_04053,ctaG,cytochrome c oxidase assembly protein,oxidase assembly,K02258,"COX11, ctaG; cytochrome c oxidase assembly protein subunit 11",3.D.4.8,,tcdb,Post-translational modification,False,False,True,False
Alteromonas macleodii EZ55,EZ55_04054,ctaD,cytochrome c oxidase subunit I,Cytochrome c oxidase is the component of the respiratory chain that catalyzes the reduction of oxygen to water. Subunits 1- 3 form the functional core of the enzyme complex. CO I is the catalytic subunit of the enzyme. Electrons originating in cytochrome c are transferred via the copper A center of subunit 2 and heme A of subunit 1 to the bimetallic center formed by heme A3 and copper B,K02274 ; K02298,"coxA, ctaD; cytochrome c oxidase subunit I [EC:7.1.1.9] ; cyoB; cytochrome o ubiquinol oxidase subunit I [EC:7.1.1.3]",3.D.4.2 ; 3.D.4.3 ; 3.D.4.4 ; 3.D.4.5 ; 3.D.4.6,,tcdb,Energy production,False,False,True,False
Alteromonas macleodii EZ55,EZ55_04055,coxB,cytochrome c oxidase subunit II,Subunits I and II form the functional core of the enzyme complex. Electrons originating in cytochrome c are transferred via heme a and Cu(A) to the binuclear center formed by heme a3 and Cu(B),K02275,"coxB, ctaC; cytochrome c oxidase subunit II [EC:7.1.1.9]",3.D.4.2 ; 3.D.4.4 ; 3.D.4.6,,tcdb,Energy production,False,False,True,False
Alteromonas macleodii EZ55,EZ55_04062,yadS,trimeric intracellular cation channel family protein,UPF0126 domain,,,,,annotation,Unknown,False,False,False,True
Alteromonas macleodii EZ55,EZ55_04064,ilvY,HTH-type transcriptional activator IlvY,Transcriptional regulator,K02521,"ilvY; LysR family transcriptional regulator, positive regulator for ilvC",,,annotation,Transcription,False,False,False,True
Alteromonas macleodii EZ55,EZ55_04066,bcr,multidrug effflux MFS transporter,Fungal trichothecene efflux pump (TRI12),K07552,"bcr, tcaB; MFS transporter, DHA1 family, multidrug resistance protein",2.A.1.2,Drug:H+ antiporter-1 (12 spanner) (DHA1) family [TC:2.A.1.2],brite|kegg|tcdb|annotation,Amino acid metabolism,True,True,True,True
Alteromonas macleodii EZ55,EZ55_04068,ytfM,autotransporter assembly complex protein TamA,COG0729 Outer membrane protein,K07278,tamA; translocation and assembly module TamA,1.B.33.2.4,Pores ion channels [TC:1],brite|tcdb,Cell wall and membrane,True,False,True,False
Alteromonas macleodii EZ55,EZ55_04069,ytfN,translocation/assembly module TamB domain-containing protein,protein conserved in bacteria,K09800,tamB; translocation and assembly module TamB,,Pores ion channels [TC:1],brite,Unknown,True,False,False,False
Alteromonas macleodii EZ55,EZ55_04073,,DMT family transporter,COG0697 Permeases of the drug metabolite transporter (DMT) superfamily,,,,,annotation,Amino acid metabolism,False,False,False,True
Alteromonas macleodii EZ55,EZ55_04082,,DUF6482 family protein,cation transporter,,,,,annotation,Unknown,False,False,False,True
Alteromonas macleodii EZ55,EZ55_04098,,TonB-dependent receptor,"COG1629 Outer membrane receptor proteins, mostly Fe transport",,,,,annotation,Inorganic ion transport,False,False,False,True
Alteromonas macleodii EZ55,EZ55_04100,,MFS transporter,MFS/sugar transport protein,K03292,"TC.GPH; glycoside/pentoside/hexuronide:cation symporter, GPH family",The Glycoside-Pentoside-Hexuronide (GPH):Cation Symporter Family,,kegg|tcdb|annotation,Carbohydrate metabolism,False,True,True,True
Alteromonas macleodii EZ55,EZ55_04103,,nuclear transport factor 2 family protein,SnoaL-like domain,,,,,annotation,Unknown,False,False,False,True
Alteromonas macleodii EZ55,EZ55_04104,yiaD,OmpA family protein,Belongs to the ompA family,K12216,"icmN, lphA, dotK; intracellular multiplication protein IcmN",3.A.7.9.1,,tcdb,Cell wall and membrane,False,False,True,False
Alteromonas macleodii EZ55,EZ55_04108,gst5,glutathione S-transferase family protein,Glutathione S-transferase,K00799 ; K11209,"GST, gst; glutathione S-transferase [EC:2.5.1.18] ; yghU, yfcG; GSH-dependent disulfide-bond oxidoreductase [EC:1.8.4.-]",1.A.12.2.2 ; 1.A.12.3.2,Pores ion channels [TC:1],brite|tcdb,Post-translational modification,True,False,True,False
Alteromonas macleodii EZ55,EZ55_04110,atpC,F0F1 ATP synthase subunit epsilon,Produces ATP from ADP in the presence of a proton gradient across the membrane,K02114,"ATPF1E, atpC; F-type H+-transporting ATPase subunit epsilon",3.A.2.1,,kegg|tcdb,Energy production,False,True,True,False
Alteromonas macleodii EZ55,EZ55_04111,atpD,F0F1 ATP synthase subunit beta,Produces ATP from ADP in the presence of a proton gradient across the membrane. The catalytic sites are hosted primarily by the beta subunits,K02112,"ATPF1B, atpD; F-type H+/Na+-transporting ATPase subunit beta [EC:7.1.2.2 7.2.2.1]",3.A.2.1,,kegg|tcdb,Energy production,False,True,True,False
Alteromonas macleodii EZ55,EZ55_04112,atpG,F0F1 ATP synthase subunit gamma,Produces ATP from ADP in the presence of a proton gradient across the membrane. The gamma chain is believed to be important in regulating ATPase activity and the flow of protons through the CF(0) complex,K02115,"ATPF1G, atpG; F-type H+-transporting ATPase subunit gamma",3.A.2.1,,kegg|tcdb,Energy production,False,True,True,False
Alteromonas macleodii EZ55,EZ55_04113,atpA,F0F1 ATP synthase subunit alpha,Produces ATP from ADP in the presence of a proton gradient across the membrane. The alpha chain is a regulatory subunit,K02111,"ATPF1A, atpA; F-type H+/Na+-transporting ATPase subunit alpha [EC:7.1.2.2 7.2.2.1]",3.A.2.1,,kegg|tcdb,Energy production,False,True,True,False
Alteromonas macleodii EZ55,EZ55_04114,atpH,F0F1 ATP synthase subunit delta,"F(1)F(0) ATP synthase produces ATP from ADP in the presence of a proton or sodium gradient. F-type ATPases consist of two structural domains, F(1) containing the extramembraneous catalytic core and F(0) containing the membrane proton channel, linked together by a central stalk and a peripheral stalk. During catalysis, ATP synthesis in the catalytic domain of F(1) is coupled via a rotary mechanism of the central stalk subunits to proton translocation. ; FUNCTION: This protein is part of the stalk that links CF(0) to CF(1). It either transmits conformational changes from CF(0) to CF(1) or is implicated in proton conduction",K02113,"ATPF1D, atpH; F-type H+-transporting ATPase subunit delta",3.A.2.1,,kegg|tcdb|annotation,Energy production,False,True,True,True
Alteromonas macleodii EZ55,EZ55_04115,atpF,F0F1 ATP synthase subunit B,"Component of the F(0) channel, it forms part of the peripheral stalk, linking F(1) to F(0)",K02109,"ATPF0B, atpF; F-type H+-transporting ATPase subunit b",3.A.2.1,,kegg|tcdb|annotation,Energy production,False,True,True,True
Alteromonas macleodii EZ55,EZ55_04116,atpE,F0F1 ATP synthase subunit C,"F(1)F(0) ATP synthase produces ATP from ADP in the presence of a proton or sodium gradient. F-type ATPases consist of two structural domains, F(1) containing the extramembraneous catalytic core and F(0) containing the membrane proton channel, linked together by a central stalk and a peripheral stalk. During catalysis, ATP synthesis in the catalytic domain of F(1) is coupled via a rotary mechanism of the central stalk subunits to proton translocation. ; FUNCTION: Key component of the F(0) channel; it plays a direct role in translocation across the membrane. A homomeric c-ring of between 10-14 subunits forms the central stalk rotor element with the F(1) delta and epsilon subunits",K02110,"ATPF0C, atpE; F-type H+-transporting ATPase subunit c",3.A.2.1,,kegg|tcdb|annotation,Energy production,False,True,True,True
Alteromonas macleodii EZ55,EZ55_04117,atpB,F0F1 ATP synthase subunit A,it plays a direct role in the translocation of protons across the membrane,K02108,"ATPF0A, atpB; F-type H+-transporting ATPase subunit a",3.A.2.1,,kegg|tcdb,Energy production,False,True,True,False
Alteromonas macleodii EZ55,EZ55_04118,atpI,ATP synthase subunit I,ATP synthase I chain,K02116,atpI; ATP synthase protein I,3.A.2.1,,tcdb,Energy production,False,False,True,False
Alteromonas macleodii EZ55,EZ55_04128,yidC,membrane protein insertase YidC,"Required for the insertion and/or proper folding and/or complex formation of integral membrane proteins into the membrane. Involved in integration of membrane proteins that insert both dependently and independently of the Sec translocase complex, as well as at least some lipoproteins. Aids folding of multispanning membrane proteins",K03217,"yidC, spoIIIJ, OXA1, ccfA; YidC/Oxa1 family membrane protein insertase",The Membrane Protein Insertase (YidC/Alb3/Oxa1) Family,,tcdb|annotation,Intracellular trafficking,False,False,True,True
Alteromonas macleodii EZ55,EZ55_04144,chrA,chromate efflux transporter,Chromate,K07240,chrA; chromate transporter,2.A.51.1,Electrochemical potential-driven transporters [TC:2],brite|kegg|tcdb|annotation,Inorganic ion transport,True,True,True,True
Alteromonas macleodii EZ55,EZ55_04153,,TolC family protein,COG1538 Outer membrane protein,,,,,annotation,Cell wall and membrane,False,False,False,True
Alteromonas macleodii EZ55,EZ55_04154,cusB,efflux RND transporter periplasmic adaptor subunit,Belongs to the membrane fusion protein (MFP) (TC 8.A.1) family,K07798,"cusB, silB; membrane fusion protein, copper/silver efflux system",2.A.6.1.4 ; The Membrane Fusion Protein (MFP) Family,Accessory factors involved in transport [TC:8],brite|kegg|tcdb|annotation,Cell wall and membrane,True,True,True,True
Alteromonas macleodii EZ55,EZ55_04155,cusA,efflux RND transporter permease subunit,Belongs to the resistance-nodulation-cell division (RND) (TC 2.A.6) family,K07787,"cusA, silA; copper/silver efflux system protein",2.A.6.1.4,Electrochemical potential-driven transporters [TC:2],brite|kegg|tcdb|annotation,Inorganic ion transport,True,True,True,True
Alteromonas macleodii EZ55,EZ55_04157,,copper resistance CopC family protein,resistance protein CopC,K07156,"copC, pcoC; copper resistance protein C",9.B.62.2,Others,brite|tcdb,Unknown,True,False,True,False
Alteromonas macleodii EZ55,EZ55_04158,,copper resistance D family protein,Involved in copper resistance,K07245,pcoD; copper resistance protein D,9.B.62.1,Others,brite|tcdb,Inorganic ion transport,True,False,True,False
Alteromonas macleodii EZ55,EZ55_04187,copA,heavy metal translocating P-type ATPase,COG2217 Cation transport ATPase,K17686,"copA, ctpA, ATP7; P-type Cu+ transporter [EC:7.2.2.8]",3.A.3.5,,kegg|tcdb|annotation,Inorganic ion transport,False,True,True,True
Alteromonas macleodii EZ55,EZ55_04199,,copper resistance CopC family protein,CopC domain,K07156,"copC, pcoC; copper resistance protein C",9.B.62.2,Others,brite|tcdb,Unknown,True,False,True,False
Alteromonas macleodii EZ55,EZ55_04200,copD,copper resistance D family protein,Copper resistance protein D,K07245,pcoD; copper resistance protein D,9.B.62.1,Others,brite|tcdb,Inorganic ion transport,True,False,True,False
Alteromonas macleodii EZ55,EZ55_04206,copA,heavy metal translocating P-type ATPase,COG2217 Cation transport ATPase,K17686,"copA, ctpA, ATP7; P-type Cu+ transporter [EC:7.2.2.8]",3.A.3.5,,kegg|tcdb|annotation,Inorganic ion transport,False,True,True,True
Alteromonas macleodii EZ55,EZ55_04287,,OmpP1/FadL family transporter,Membrane protein involved in aromatic hydrocarbon degradation,K06076,fadL; long-chain fatty acid transport protein,The FadL Outer Membrane Protein (FadL) Family,Pores ion channels [TC:1],brite|kegg|tcdb|annotation,Lipid metabolism,True,True,True,True
Alteromonas macleodii EZ55,EZ55_04313,chrA,chromate efflux transporter,Chromate,K07240,chrA; chromate transporter,2.A.51.1,Electrochemical potential-driven transporters [TC:2],brite|kegg|tcdb|annotation,Inorganic ion transport,True,True,True,True
Alteromonas macleodii EZ55,EZ55_04323,merC,organomercurial transporter MerC,MerC mercury resistance protein,K19058,merC; mercuric ion transport protein,1.A.72.4,Pores ion channels [TC:1],brite|kegg|tcdb|annotation,Unknown,True,True,True,True
Alteromonas macleodii EZ55,EZ55_04324,merP,mercury resistance system periplasmic binding protein MerP,Involved in mercury resistance. Acts as a mercury scavenger that specifically binds to a mercuric ion in the periplasm and probably passes it to the cytoplasmic mercuric reductase MerA via the mercuric transport protein MerT,K08364,merP; periplasmic mercuric ion binding protein,1.A.72.1,Pores ion channels [TC:1],brite|tcdb|annotation,Inorganic ion transport,True,False,True,True
Alteromonas macleodii EZ55,EZ55_04325,,mercuric transporter MerT family protein,PFAM Mercuric transport protein MerT,K08363,merT; mercuric ion transport protein,1.A.72.1,Pores ion channels [TC:1],brite|kegg|tcdb|annotation,Unknown,True,True,True,True
Alteromonas macleodii EZ55,EZ55_04332,helA,efflux RND transporter permease subunit,Belongs to the resistance-nodulation-cell division (RND) (TC 2.A.6) family,K15726,"czcA, cusA, cnrA; heavy metal efflux system protein",2.A.6.1.2,Electrochemical potential-driven transporters [TC:2],brite|kegg|tcdb|annotation,Inorganic ion transport,True,True,True,True
Alteromonas macleodii EZ55,EZ55_04333,,efflux RND transporter periplasmic adaptor subunit,COG0845 Membrane-fusion protein,K15727,"czcB, cusB, cnrB; membrane fusion protein, heavy metal efflux system",8.A.1.2.1,Accessory factors involved in transport [TC:8],brite|kegg|tcdb|annotation,Cell wall and membrane,True,True,True,True
Alteromonas macleodii EZ55,EZ55_04334,czcC,TolC family protein,COG1538 Outer membrane protein,K15725,"czcC, cusC, cnrC; outer membrane protein, heavy metal efflux system",1.B.17.2.2,Pores ion channels [TC:1],brite|kegg|tcdb|annotation,Cell wall and membrane,True,True,True,True
Alteromonas macleodii EZ55,EZ55_04336,,cation transporter,COG2217 Cation transport ATPase,,,,,annotation,Inorganic ion transport,False,False,False,True
Alteromonas macleodii EZ55,EZ55_04337,cadR,Cd(II)/Pb(II)-responsive transcriptional regulator,"helix_turn_helix, mercury resistance",K19591,"cueR; MerR family transcriptional regulator, copper efflux regulator",,,kegg,Transcription,False,True,False,False
Alteromonas macleodii EZ55,EZ55_04340,,ion channel,Ion transport 2 domain protein,,,,,annotation,Inorganic ion transport,False,False,False,True
Alteromonas macleodii EZ55,EZ55_04346,ybaT,APC family permease,amino acid,,,,,annotation,Amino acid metabolism,False,False,False,True
