locus_tag,gene_name,product,contig,start,end,strand,next_locus_tag,gap_to_next,run_id,run_size,opposite_strand_in_run,inside_run_id
PMN2A_1328,dnaN,"DNA polymerase III, beta subunit",NC_007335.2,189,1349,+,PMN2A_1329,2.0,run_PMN2A_1328,4,False,
PMN2A_1329,PMN2A_RS00020,conserved hypothetical protein,NC_007335.2,1352,2122,+,PMN2A_1330,3.0,run_PMN2A_1328,4,False,
PMN2A_1330,purL,"phosphoribosylformylglycinamidine synthase, synthetase domain",NC_007335.2,2126,4537,+,PMN2A_1331,61.0,run_PMN2A_1328,4,False,
PMN2A_1331,purF,amidophosphoribosyltransferase,NC_007335.2,4599,6056,+,PMN2A_1332,-4.0,run_PMN2A_1328,4,False,
PMN2A_1332,PMN2A_RS00035,"DNA gyrase/topoisomerase IV, subunit A family protein",NC_007335.2,6053,8536,-,PMN2A_1333,83.0,run_PMN2A_1332,3,False,
PMN2A_1333,PMN2A_RS00040,tetratricopeptide repeat family protein,NC_007335.2,8620,9486,-,PMN2A_1334,5.0,run_PMN2A_1332,3,False,
PMN2A_1334,queG,epoxyqueuosine reductase,NC_007335.2,9492,10430,-,PMN2A_1335,189.0,run_PMN2A_1332,3,False,
PMN2A_1335,PMN2A_RS00050,uncharacterized conserved membrane protein (DUF502),NC_007335.2,10620,11345,+,PMN2A_1336,17.0,run_PMN2A_1335,11,False,
PMN2A_1336,nusB,transcription antitermination protein NusB,NC_007335.2,11363,11989,+,PMN2A_1337,-4.0,run_PMN2A_1335,11,False,
PMN2A_1337,ftsY,signal recognition particle-docking protein FtsY,NC_007335.2,11986,13281,+,PMN2A_1338,58.0,run_PMN2A_1335,11,False,
PMN2A_1338,rsbU,phosphoserine phosphatase RsbU/P,NC_007335.2,13340,14737,+,PMN2A_1339,48.0,run_PMN2A_1335,11,False,
PMN2A_1339,argH,argininosuccinate lyase,NC_007335.2,14786,16177,+,PMN2A_1340,126.0,run_PMN2A_1335,11,False,
PMN2A_1340,PMN2A_RS00075,RNA-binding domain RNP-1 (RNA recognition motif) containing protein,NC_007335.2,16304,17056,+,PMN2A_1341,18.0,run_PMN2A_1335,11,False,
PMN2A_1341,dusA,tRNA dihydrouridine synthase,NC_007335.2,17075,18082,-,PMN2A_1342,89.0,run_PMN2A_1341,1,True,run_PMN2A_1335
PMN2A_1342,msrB,peptide methionine-R-sulfoxide reductase,NC_007335.2,18172,18639,+,PMN2A_1343,94.0,run_PMN2A_1335,11,False,
PMN2A_1343,grpE,chaperone protein GrpE,NC_007335.2,18734,19513,+,PMN2A_1344,44.0,run_PMN2A_1335,11,False,
PMN2A_1344,dnaJ1,DnaJ type I chaperone protein,NC_007335.2,19558,20688,+,PMN2A_1345,2.0,run_PMN2A_1335,11,False,
PMN2A_1345,PMN2A_RS00100,TusA-like domain-containing protein,NC_007335.2,20691,20930,+,PMN2A_1346,-8.0,run_PMN2A_1335,11,False,
PMN2A_1346,rsgA,ribosome biogenesis GTPase / thiamine phosphate phosphatase,NC_007335.2,20923,21861,+,PMN2A_1347,-32.0,run_PMN2A_1335,11,False,
PMN2A_1347,PMN2A_RS00110,"DNA-binding protein, YbaB/EbfC family",NC_007335.2,21830,22177,-,PMN2A_1348,37.0,run_PMN2A_1347,5,False,
PMN2A_1348,murB,UDP-N-acetylenolpyruvoylglucosamine reductase,NC_007335.2,22215,23090,-,PMN2A_1349,3.0,run_PMN2A_1347,5,False,
PMN2A_1349,murC,UDP-N-acetylmuramate-alanine ligase,NC_007335.2,23094,24578,-,PMN2A_1350,149.0,run_PMN2A_1347,5,False,
PMN2A_1350,gap2,glyceraldehyde-3-phosphate dehydrogenase,NC_007335.2,24728,25750,+,PMN2A_1351,15.0,run_PMN2A_1350,1,True,run_PMN2A_1347
PMN2A_1351,thiL,thiamine-monophosphate kinase,NC_007335.2,25766,26749,-,PMN2A_1352,12.0,run_PMN2A_1347,5,False,
PMN2A_1352,PMN2A_RS00135,cyclophilin type peptidyl-prolyl cis-trans isomerase/CLD family protein,NC_007335.2,26762,27838,-,PMN2A_1353,63.0,run_PMN2A_1347,5,False,
PMN2A_1353,efp,translation elongation factor P,NC_007335.2,27902,28465,+,PMN2A_1354,-4.0,run_PMN2A_1353,2,False,
PMN2A_1354,accB,"acetyl-CoA carboxylase, biotin carboxyl carrier protein",NC_007335.2,28462,28959,+,PMN2A_1355,10.0,run_PMN2A_1353,2,False,
PMN2A_1355,pdxA,4-hydroxythreonine-4-phosphate dehydrogenase PdxA,NC_007335.2,28970,29995,-,PMN2A_1356,185.0,run_PMN2A_1355,4,False,
PMN2A_1356,PMN2A_RS00155,uncharacterized conserved NADP-binding domain-containing protein,NC_007335.2,30181,31077,-,PMN2A_1357,8.0,run_PMN2A_1355,4,False,
PMN2A_1357,PMN2A_RS00160,uncharacterized conserved membrane protein,NC_007335.2,31086,31334,+,PMN2A_1358,3.0,run_PMN2A_1357,1,True,run_PMN2A_1355
PMN2A_1358,PMN2A_RS00165,HNH endonuclease family protein,NC_007335.2,31338,31748,-,PMN2A_1359,151.0,run_PMN2A_1355,4,False,
PMN2A_1359,PMN2A_RS00170,putative bacterial type II secretion system protein,NC_007335.2,31900,32322,-,PMN2A_1360,215.0,run_PMN2A_1355,4,False,
PMN2A_1360,PMN2A_RS00175,conserved hypothetical protein,NC_007335.2,32538,32726,+,PMN2A_1361,23.0,run_PMN2A_1360,3,False,
PMN2A_1361,PSTA,3-phosphoserine transaminase,NC_007335.2,32750,33904,-,PMN2A_1362,79.0,run_PMN2A_1361,1,True,run_PMN2A_1360
PMN2A_1362,cbiD,pseudocobalamin biosynthesis protein CbiD,NC_007335.2,33984,35129,+,PMN2A_1363,66.0,run_PMN2A_1360,3,False,
PMN2A_1363,guaA,"GMP synthase (glutamine-hydrolyzing), N-terminal domain",NC_007335.2,35196,36782,+,PMN2A_1364,386.0,run_PMN2A_1360,3,False,
PMN2A_1364,PMN2A_RS00195,methyltransferase domain protein,NC_007335.2,37169,38911,-,PMN2A_RS00200,780.0,run_PMN2A_1364,1,False,
PMN2A_RS00200,,HNH endonuclease,NC_007335.2,39692,40111,+,PMN2A_1366,456.0,run_PMN2A_RS00200,1,False,
PMN2A_1366,PMN2A_RS09955,TPR repeat-containing protein,NC_007335.2,40568,41776,-,PMN2A_1367,528.0,run_PMN2A_1366,1,False,
PMN2A_1367,PMN2A_RS00210,conserved hypothetical protein,NC_007335.2,42305,43033,+,PMN2A_1368,353.0,run_PMN2A_1367,1,False,
PMN2A_1368,PMN2A_RS00215,ion transport family protein,NC_007335.2,43387,44181,+,PMN2A_1369,262.0,run_PMN2A_1368,1,False,
PMN2A_1369,PMN2A_RS00220,uncharacterized conserved membrane protein,NC_007335.2,44444,44680,-,PMN2A_1370,471.0,run_PMN2A_1369,1,False,
PMN2A_1370,PMN2A_RS00225,conserved hypothetical protein,NC_007335.2,45152,45469,-,PMN2A_1371,308.0,run_PMN2A_1370,1,False,
PMN2A_1371,PMN2A_RS00230,Conserved hypotothetical protein,NC_007335.2,45778,46389,+,PMN2A_1372,16.0,run_PMN2A_1371,3,False,
PMN2A_1372,PMN2A_RS00235,conserved hypothetical protein,NC_007335.2,46406,46780,+,PMN2A_1373,22.0,run_PMN2A_1371,3,False,
PMN2A_1373,mrdA,transpeptidase involved in septal peptidoglycan synthesis (peptidoglycan synthetase precursor),NC_007335.2,46803,48632,+,PMN2A_1374,8.0,run_PMN2A_1371,3,False,
PMN2A_1374,PMN2A_RS00245,NADPH-dependent FMN reductase family protein,NC_007335.2,48641,49165,-,PMN2A_1375,50.0,run_PMN2A_1374,3,False,
PMN2A_1375,flv1,flavoprotein involved in Mehler reaction,NC_007335.2,49216,51066,-,PMN2A_1376,2.0,run_PMN2A_1374,3,False,
PMN2A_1376,flv3,flavoprotein involved in Mehler reaction,NC_007335.2,51069,52844,-,PMN2A_1377,294.0,run_PMN2A_1374,3,False,
PMN2A_1377,alaS,alanyl-tRNA synthetase,NC_007335.2,53139,55799,+,PMN2A_1378,1.0,run_PMN2A_1377,5,False,
PMN2A_1378,speA,arginine decarboxylase,NC_007335.2,55801,57744,-,PMN2A_1379,142.0,run_PMN2A_1378,3,True,run_PMN2A_1377
PMN2A_1379,ndk,nucleoside diphosphate kinase,NC_007335.2,57887,58342,+,PMN2A_1380,34.0,run_PMN2A_1377,5,True,run_PMN2A_1378
PMN2A_1380,thiO,glycine oxidase,NC_007335.2,58377,59480,-,PMN2A_1381,99.0,run_PMN2A_1378,3,True,run_PMN2A_1377
PMN2A_1381,gatB,aspartyl-tRNA(Asn)/glutamyl-tRNA(Gln) amidotransferase subunit B,NC_007335.2,59580,61055,+,PMN2A_1382,-4.0,run_PMN2A_1377,5,True,run_PMN2A_1378
PMN2A_1382,coaE,dephospho-CoA kinase,NC_007335.2,61052,61696,-,PMN2A_1383,15.0,run_PMN2A_1378,3,True,run_PMN2A_1377
PMN2A_1383,argJ,glutamate N-acetyltransferase/amino-acid acetyltransferase,NC_007335.2,61712,62974,+,PMN2A_RS10960,82.0,run_PMN2A_1377,5,False,
PMN2A_RS10960,,hypothetical protein,NC_007335.2,63057,63188,+,PMN2A_1384,-4.0,run_PMN2A_1377,5,False,
PMN2A_1384,PMN2A_RS00295,conserved hypothetical protein,NC_007335.2,63185,64642,-,PMN2A_1385,80.0,run_PMN2A_1384,3,False,
PMN2A_1385,PMN2A_RS10215,"esterase, PHB depolymerase",NC_007335.2,64723,66117,-,PMN2A_1386,182.0,run_PMN2A_1384,3,False,
PMN2A_1386,PMN2A_RS00305,conserved hypothetical protein,NC_007335.2,66300,66575,-,PMN2A_1897,173.0,run_PMN2A_1384,3,False,
PMN2A_1897,PMN2A_RS00310,conserved hypothetical protein,NC_007335.2,66749,66955,+,PMN2A_1387,91.0,run_PMN2A_1897,3,False,
PMN2A_1387,PMN2A_RS00315,conserved hypothetical protein,NC_007335.2,67047,67379,+,PMN2A_1388,113.0,run_PMN2A_1897,3,False,
PMN2A_1388,PMN2A_RS00320,conserved hypothetical protein,NC_007335.2,67493,68083,+,PMN2A_1389,702.0,run_PMN2A_1897,3,False,
PMN2A_1389,PMN2A_RS09960,hypothetical protein,NC_007335.2,68786,70450,-,PMN2A_1898,629.0,run_PMN2A_1389,1,False,
PMN2A_1898,PMN2A_RS10350,conserved hypothetical protein,NC_007335.2,71080,71235,+,PMN2A_1390,225.0,run_PMN2A_1898,1,False,
PMN2A_1390,cynS,cyanate hydratase,NC_007335.2,71461,71904,+,PMN2A_1391,513.0,run_PMN2A_1390,1,False,
PMN2A_1391,PMN2A_RS10920,conserved hypothetical protein,NC_007335.2,72418,74097,+,PMN2A_1392,444.0,run_PMN2A_1391,1,False,
PMN2A_1392,PMN2A_RS10355,conserved hypothetical protein,NC_007335.2,74542,74715,+,PMN2A_1393,137.0,run_PMN2A_1392,2,False,
PMN2A_1393,PMN2A_RS00340,uncharacterized conserved membrane protein,NC_007335.2,74853,75059,+,PMN2A_1899,220.0,run_PMN2A_1392,2,False,
PMN2A_1899,PMN2A_RS10360,conserved hypothetical protein,NC_007335.2,75280,75444,+,PMN2A_1900,423.0,run_PMN2A_1899,1,False,
PMN2A_1900,PMN2A_RS10365,conserved hypothetical protein,NC_007335.2,75868,76044,+,PMN2A_1901,21.0,run_PMN2A_1900,1,False,
PMN2A_1901,PMN2A_RS00350,conserved hypothetical protein,NC_007335.2,76066,76275,-,PMN2A_1902,194.0,run_PMN2A_1901,2,False,
PMN2A_1902,PMN2A_RS10370,conserved hypothetical protein,NC_007335.2,76470,76616,-,PMN2A_1394,254.0,run_PMN2A_1901,2,False,
PMN2A_1394,PMN2A_RS00355,conserved hypothetical protein,NC_007335.2,76871,77206,-,PMN2A_1395,616.0,run_PMN2A_1394,1,False,
PMN2A_1395,PMN2A_RS00360,conserved hypothetical protein,NC_007335.2,77823,78353,-,PMN2A_1396,273.0,run_PMN2A_1395,1,False,
PMN2A_1396,PMN2A_RS00365,conserved hypothetical protein,NC_007335.2,78627,78935,+,PMN2A_1903,101.0,run_PMN2A_1396,1,False,
PMN2A_1903,PMN2A_RS00370,conserved hypothetical protein,NC_007335.2,79037,79249,-,PMN2A_1397,151.0,run_PMN2A_1903,2,False,
PMN2A_1397,PMN2A_RS00375,hypothetical protein,NC_007335.2,79401,79715,-,PMN2A_1398,314.0,run_PMN2A_1903,2,False,
PMN2A_1398,PMN2A_RS00380,uncharacterized conserved secreted protein,NC_007335.2,80030,80425,+,PMN2A_1399,-1.0,run_PMN2A_1398,3,False,
PMN2A_1399,PMN2A_RS00385,FAD/NAD-binding domain-containing protein,NC_007335.2,80425,81534,+,PMN2A_1400,151.0,run_PMN2A_1398,3,False,
PMN2A_1400,PMN2A_RS00390,conserved hypothetical protein,NC_007335.2,81686,81958,+,PMN2A_1401,62.0,run_PMN2A_1398,3,False,
PMN2A_1401,PMN2A_RS00395,conserved hypothetical protein,NC_007335.2,82021,82323,-,PMN2A_1402,251.0,run_PMN2A_1401,1,False,
PMN2A_1402,unk14A,conserved hypothetical protein,NC_007335.2,82575,82934,-,PMN2A_1403,71.0,run_PMN2A_1402,1,False,
PMN2A_1403,ppiA,peptidylprolyl isomerase,NC_007335.2,83006,84793,+,PMN2A_1404,321.0,run_PMN2A_1403,1,False,
PMN2A_1404,hli,high light inducible protein,NC_007335.2,85115,85222,+,PMN2A_1405,90.0,run_PMN2A_1404,1,False,
PMN2A_1405,PMN2A_RS10375,conserved hypothetical protein,NC_007335.2,85313,85483,-,PMN2A_RS10380,532.0,run_PMN2A_1405,1,False,
PMN2A_RS10380,,conserved hypothetical protein,NC_007335.2,86016,86174,+,PMN2A_1407,188.0,run_PMN2A_RS10380,2,False,
PMN2A_1407,PMN2A_RS00420,conserved hypothetical protein,NC_007335.2,86363,86866,+,PMN2A_1408,624.0,run_PMN2A_RS10380,2,False,
PMN2A_1408,PMN2A_RS00425,short-chain dehydrogenase/reductase (SDR) superfamily,NC_007335.2,87491,88156,+,PMN2A_1409,76.0,run_PMN2A_1408,1,False,
PMN2A_1409,PMN2A_RS00430,helix-hairpin-helix DNA-binding motif class 1-containing protein,NC_007335.2,88233,88517,-,PMN2A_1410,233.0,run_PMN2A_1409,1,False,
PMN2A_1410,PMN2A_RS00435,cobQ/CobB/MinD/ParA nucleotide binding domain protein,NC_007335.2,88751,89422,+,PMN2A_RS10235,-67.0,run_PMN2A_1410,2,False,
PMN2A_RS10235,,hypothetical protein,NC_007335.2,89356,89592,+,PMN2A_1411,28.0,run_PMN2A_1410,2,False,
PMN2A_1411,PMN2A_RS00440,ABC transporter family protein,NC_007335.2,89621,91456,-,PMN2A_1412,190.0,run_PMN2A_1411,2,False,
PMN2A_1412,PMN2A_RS00445,conserved hypothetical protein,NC_007335.2,91647,92156,-,PMN2A_1413,47.0,run_PMN2A_1411,2,False,
PMN2A_1413,PMN2A_RS00450,"alpha-glycosyltransferase, family 4",NC_007335.2,92204,93268,+,PMN2A_1904,198.0,run_PMN2A_1413,3,False,
PMN2A_1904,PMN2A_RS10240,uncharacterized conserved membrane protein,NC_007335.2,93467,93637,+,PMN2A_1414,165.0,run_PMN2A_1413,3,False,
PMN2A_1414,PMN2A_RS00455,conserved hypothetical protein (DUF3303),NC_007335.2,93803,94120,+,PMN2A_1905,77.0,run_PMN2A_1413,3,False,
PMN2A_1905,PMN2A_RS10385,conserved hypothetical protein,NC_007335.2,94198,94374,-,PMN2A_1415,641.0,run_PMN2A_1905,1,False,
PMN2A_1415,ypsC,putative N6-adenine-specific DNA methylase,NC_007335.2,95016,96140,+,PMN2A_1416,1.0,run_PMN2A_1415,1,False,
PMN2A_1416,PMN2A_RS00470,"uncharacterized conserved membrane protein, phage holin family",NC_007335.2,96142,96528,-,PMN2A_1417,-1.0,run_PMN2A_1416,2,False,
PMN2A_1417,PMN2A_RS00475,"uncharacterized conserved inner membrane protein, YqjD/ElaB family",NC_007335.2,96528,96992,-,PMN2A_1418,218.0,run_PMN2A_1416,2,False,
PMN2A_1418,PMN2A_RS10245,uncharacterized conserved membrane protein,NC_007335.2,97211,97348,+,PMN2A_1419,93.0,run_PMN2A_1418,4,False,
PMN2A_1419,PMN2A_RS00480,conserved hypothetical protein,NC_007335.2,97442,97831,+,PMN2A_1420,76.0,run_PMN2A_1418,4,False,
PMN2A_1420,smc,chromosome segregation protein,NC_007335.2,97908,101513,+,PMN2A_1421,58.0,run_PMN2A_1418,4,False,
PMN2A_1421,PMN2A_RS00490,PRC-barrel domain-containing protein,NC_007335.2,101572,102612,+,PMN2A_1422,0.0,run_PMN2A_1418,4,False,
PMN2A_1422,PMN2A_RS00495,lipid A disaccharide synthase family protein,NC_007335.2,102613,103890,-,PMN2A_1423,235.0,run_PMN2A_1422,1,False,
PMN2A_1423,accC,"acetyl-CoA carboxylase, biotin carboxylase subunit",NC_007335.2,104126,105469,+,PMN2A_1424,13.0,run_PMN2A_1423,3,False,
PMN2A_1424,cbb3,cofactor assembly of complex C subunit CBB3,NC_007335.2,105483,105782,-,PMN2A_1425,87.0,run_PMN2A_1424,1,True,run_PMN2A_1423
PMN2A_1425,psbX,photosystem II PsbX protein,NC_007335.2,105870,106040,+,PMN2A_1426,83.0,run_PMN2A_1423,3,False,
PMN2A_1426,ycf66,uncharacterized conserved hypothetical protein Ycf66,NC_007335.2,106124,107086,+,PMN2A_1427,11.0,run_PMN2A_1423,3,False,
PMN2A_1427,hli,high light inducible protein,NC_007335.2,107098,107337,-,PMN2A_1428,9.0,run_PMN2A_1427,9,False,
PMN2A_1428,PMN2A_RS00530,"ABC transporter, ATPase component",NC_007335.2,107347,109335,-,PMN2A_1429,122.0,run_PMN2A_1427,9,False,
PMN2A_1429,PMN2A_RS00535,conserved hypothetical protein,NC_007335.2,109458,109739,-,PMN2A_1430,105.0,run_PMN2A_1427,9,False,
PMN2A_1430,PMN2A_RS00540,histidine triad (HIT) family protein,NC_007335.2,109845,110180,-,PMN2A_1431,69.0,run_PMN2A_1427,9,False,
PMN2A_1431,def,peptide deformylase,NC_007335.2,110250,110858,-,PMN2A_1432,80.0,run_PMN2A_1427,9,False,
PMN2A_1432,PMN2A_RS00550,prolyl oligopeptidase/peptidase S9-like domain containing protein,NC_007335.2,110939,112873,+,PMN2A_1433,-4.0,run_PMN2A_1432,1,True,run_PMN2A_1427
PMN2A_1433,sufS1,cysteine desulfurase / selenocysteine lyase,NC_007335.2,112870,114120,-,PMN2A_1434,-4.0,run_PMN2A_1427,9,False,
PMN2A_1434,sufD,"ABC transporter involved in Fe-S cluster assembly, permease component",NC_007335.2,114117,115355,-,PMN2A_1435,-4.0,run_PMN2A_1427,9,False,
PMN2A_1435,sufC,"ABC transporter involved in Fe-S cluster assembly, ATPase component",NC_007335.2,115352,116143,-,PMN2A_1436,50.0,run_PMN2A_1427,9,False,
PMN2A_1436,sufB,"ABC transporter involved in Fe-S cluster assembly, permease component",NC_007335.2,116194,117636,-,PMN2A_1437,477.0,run_PMN2A_1427,9,False,
PMN2A_1437,PMN2A_RS00575,conserved hypothetical protein,NC_007335.2,118114,118476,+,PMN2A_1438,285.0,run_PMN2A_1437,1,False,
PMN2A_1438,PMN2A_RS00580,conserved hypothetical protein,NC_007335.2,118762,119844,+,PMN2A_1439,19.0,run_PMN2A_1438,5,False,
PMN2A_1439,PMN2A_RS10390,uncharacterized conserved membrane protein,NC_007335.2,119864,120034,+,PMN2A_1440,63.0,run_PMN2A_1438,5,False,
PMN2A_1440,pgmA2,phosphoglucomutase,NC_007335.2,120098,121747,+,PMN2A_1441,87.0,run_PMN2A_1438,5,False,
PMN2A_1441,rarA,recombination factor,NC_007335.2,121835,124039,+,PMN2A_1442,-4.0,run_PMN2A_1438,5,False,
PMN2A_1442,PMN2A_RS00600,putative 4^-phosphopantetheinyl transferase family domain protein,NC_007335.2,124036,124638,-,PMN2A_1443,52.0,run_PMN2A_1442,3,True,run_PMN2A_1438
PMN2A_1443,prxQ,2-Cys peroxiredoxin,NC_007335.2,124691,125158,+,PMN2A_1444,-14.0,run_PMN2A_1438,5,True,run_PMN2A_1442
PMN2A_1444,coaX,type III pantothenate kinase,NC_007335.2,125145,125846,-,PMN2A_1445,17.0,run_PMN2A_1442,3,False,
PMN2A_1445,cysH,phosphoadenylyl-sulfate reductase,NC_007335.2,125864,126631,-,PMN2A_1446,71.0,run_PMN2A_1442,3,False,
PMN2A_1446,ndbB,type 2 NADH dehydrogenase,NC_007335.2,126703,127875,+,PMN2A_1447,99.0,run_PMN2A_1446,8,False,
PMN2A_1447,PMN2A_RS00625,"putative sodium/potassium/sulfate transporter, DASS family",NC_007335.2,127975,129792,+,PMN2A_1448,103.0,run_PMN2A_1446,8,False,
PMN2A_1448,ktrB,"Ktr-type potassium uptake transporter, potassium-translocating subunit B",NC_007335.2,129896,131281,+,PMN2A_1449,12.0,run_PMN2A_1446,8,False,
PMN2A_1449,ktrA,"Ktr-type potassium uptake system, NAD-binding component",NC_007335.2,131294,131998,+,PMN2A_1450,3.0,run_PMN2A_1446,8,False,
PMN2A_1450,anmK,anhydro-N-acetylmuramic acid kinase,NC_007335.2,132002,133138,+,PMN2A_1451,17.0,run_PMN2A_1446,8,False,
PMN2A_1451,PMN2A_RS00645,conserved hypothetical protein,NC_007335.2,133156,133458,-,PMN2A_1452,139.0,run_PMN2A_1451,1,True,run_PMN2A_1446
PMN2A_1452,PMN2A_RS00650,conserved hypothetical protein,NC_007335.2,133598,133954,+,PMN2A_1453,33.0,run_PMN2A_1446,8,False,
PMN2A_1453,PMN2A_RS00655,conserved hypothetical protein,NC_007335.2,133988,134218,+,PMN2A_1454,0.0,run_PMN2A_1446,8,False,
PMN2A_1454,PMN2A_RS10395,conserved hypothetical protein,NC_007335.2,134219,134383,-,PMN2A_1455,85.0,run_PMN2A_1454,2,True,run_PMN2A_1446
PMN2A_1455,abc-f,"ABC transport system ATP-binding/permease protein, Uup family",NC_007335.2,134469,136187,+,PMN2A_1456,24.0,run_PMN2A_1446,8,True,run_PMN2A_1454
PMN2A_1456,degQ,"serine endoprotease, periplasmic",NC_007335.2,136212,137390,-,PMN2A_1457,231.0,run_PMN2A_1454,2,False,
PMN2A_1457,PMN2A_RS00670,bacteriophage-like protein,NC_007335.2,137622,137900,+,PMN2A_1458,55.0,run_PMN2A_1457,5,False,
PMN2A_1458,PMN2A_RS00675,conserved hypothetical protein,NC_007335.2,137956,138339,+,PMN2A_1459,101.0,run_PMN2A_1457,5,False,
PMN2A_1459,hli,high light inducible protein,NC_007335.2,138441,138587,+,PMN2A_1460,33.0,run_PMN2A_1457,5,False,
PMN2A_1460,xseA,"exodeoxyribonuclease VII, large subunit",NC_007335.2,138621,139781,+,PMN2A_1461,27.0,run_PMN2A_1457,5,False,
PMN2A_1461,xseB,"exodeoxyribonuclease VII, small subunit",NC_007335.2,139809,140099,+,PMN2A_1462,1.0,run_PMN2A_1457,5,False,
PMN2A_1462,PMN2A_RS00695,uncharacterized conserved membrane protein,NC_007335.2,140101,140430,-,PMN2A_1463,62.0,run_PMN2A_1462,5,False,
PMN2A_1463,PMN2A_RS00700,virulence factor BrkB family protein,NC_007335.2,140493,141407,-,PMN2A_1464,131.0,run_PMN2A_1462,5,False,
PMN2A_1464,PMN2A_RS00705,Inositol monophosphatase family protein,NC_007335.2,141539,142357,-,PMN2A_1465,17.0,run_PMN2A_1462,5,False,
PMN2A_1465,PMN2A_RS00710,"TolC-like outer membrane efflux protein, RND family",NC_007335.2,142375,143955,-,PMN2A_1466,37.0,run_PMN2A_1462,5,False,
PMN2A_1466,PMN2A_RS00715,conserved hypothetical protein,NC_007335.2,143993,145342,-,PMN2A_1467,412.0,run_PMN2A_1462,5,False,
PMN2A_1467,PMN2A_RS00725,uncharacterized membrane protein (DUF3120),NC_007335.2,145755,146393,+,PMN2A_1468,13.0,run_PMN2A_1467,2,False,
PMN2A_1468,nadB,L-aspartate oxidase,NC_007335.2,146407,148107,+,PMN2A_1469,-14.0,run_PMN2A_1467,2,False,
PMN2A_1469,SynDsbAB,disulfide bond forming protein,NC_007335.2,148094,149035,-,PMN2A_1470,176.0,run_PMN2A_1469,9,False,
PMN2A_1470,petL,cytochrome b6/f complex subunit VI,NC_007335.2,149212,149304,-,PMN2A_1471,62.0,run_PMN2A_1469,9,False,
PMN2A_1471,PMN2A_RS00745,uncharacterised conserved protein UCP037673,NC_007335.2,149367,149768,-,PMN2A_1472,81.0,run_PMN2A_1469,9,False,
PMN2A_1472,PMN2A_RS00750,conserved hypothetical protein,NC_007335.2,149850,150116,-,PMN2A_1473,31.0,run_PMN2A_1469,9,False,
PMN2A_1473,PMN2A_RS00755,protein of unknown function DUF482,NC_007335.2,150148,151329,-,PMN2A_1474,22.0,run_PMN2A_1469,9,False,
PMN2A_1474,ribD2,5-amino-6-(5-phosphoribosylamino)uracil reductase,NC_007335.2,151352,152029,-,PMN2A_1475,0.0,run_PMN2A_1469,9,False,
PMN2A_1475,queD,queuosine biosynthesis protein QueD,NC_007335.2,152030,152956,-,PMN2A_1476,52.0,run_PMN2A_1469,9,False,
PMN2A_1476,aroK,shikimate kinase,NC_007335.2,153009,153605,+,PMN2A_1909,-47.0,run_PMN2A_1476,6,True,run_PMN2A_1469
PMN2A_1909,PMN2A_RS00775,protein of unknown function DUF3571,NC_007335.2,153559,153822,-,PMN2A_1477,-2.0,run_PMN2A_1469,9,True,run_PMN2A_1476
PMN2A_1477,PMN2A_RS00780,uncharacterized conserved secreted protein,NC_007335.2,153821,154552,+,PMN2A_1478,-14.0,run_PMN2A_1476,6,True,run_PMN2A_1469
PMN2A_1478,gst,"glutathione S-transferase, rho class",NC_007335.2,154539,155273,-,PMN2A_1479,45.0,run_PMN2A_1469,9,True,run_PMN2A_1476
PMN2A_1479,PMN2A_RS00790,conserved hypothetical protein,NC_007335.2,155319,155525,+,PMN2A_1480,2.0,run_PMN2A_1476,6,False,
PMN2A_1480,rbfA,ribosome-binding factor A,NC_007335.2,155528,155899,+,PMN2A_1481,17.0,run_PMN2A_1476,6,False,
PMN2A_1481,PMN2A_RS00800,"N-Acetyl-D-glucosamine (anhydrous) N-Acetylmuramyl-tripeptide beta -1,4-N-acetylglucosaminidase",NC_007335.2,155917,157551,+,PMN2A_1482,86.0,run_PMN2A_1476,6,False,
PMN2A_1482,hemD,uroporphyrinogen-III synthase,NC_007335.2,157638,158438,+,PMN2A_1483,2.0,run_PMN2A_1476,6,False,
PMN2A_1483,PMN2A_RS00810,polyketide cyclase / aromatase,NC_007335.2,158441,158893,-,PMN2A_1484,3.0,run_PMN2A_1483,2,False,
PMN2A_1484,crtQ,"9,9^-di-cis-zeta-carotene desaturase",NC_007335.2,158897,160357,-,PMN2A_1485,105.0,run_PMN2A_1483,2,False,
PMN2A_1485,iscA,iron-sulfur cluster complex assembly protein IscA,NC_007335.2,160463,160852,+,PMN2A_1486,31.0,run_PMN2A_1485,3,False,
PMN2A_1486,PMN2A_RS00825,tetratricopeptide repeat family protein,NC_007335.2,160884,161303,+,PMN2A_1487,26.0,run_PMN2A_1485,3,False,
PMN2A_1487,sulA,cell division inhibitor,NC_007335.2,161330,162259,-,PMN2A_1488,189.0,run_PMN2A_1487,3,True,run_PMN2A_1485
PMN2A_1488,ndhO,NADH dehydrogenase I subunit NdhO,NC_007335.2,162449,162712,+,PMN2A_1489,22.0,run_PMN2A_1485,3,True,run_PMN2A_1487
PMN2A_1489,dnaJ4,DnaJ type III chaperone protein,NC_007335.2,162735,163385,-,PMN2A_1490,20.0,run_PMN2A_1487,3,False,
PMN2A_1490,cysK,O-acetylserine (thiol)-lyase A,NC_007335.2,163406,164374,-,PMN2A_1491,143.0,run_PMN2A_1487,3,False,
PMN2A_1491,PMN2A_RS00850,inverting glycosyltransferase family 83 utilizing lipid monophospho-sugar donors,NC_007335.2,164518,166083,+,PMN2A_1492,82.0,run_PMN2A_1491,3,False,
PMN2A_1492,PMN2A_RS00855,"conserved hypothetical UPF0367 protein, cyanobacteria specific",NC_007335.2,166166,166426,+,PMN2A_1493,23.0,run_PMN2A_1491,3,False,
PMN2A_1493,ecfA1,energy-coupling factor transport system ATP-binding protein,NC_007335.2,166450,167136,+,PMN2A_1494,463.0,run_PMN2A_1491,3,False,
PMN2A_1494,rpaA,two-component system response regulator RR class II (RRII)-CheY-OmpR,NC_007335.2,167600,168397,+,PMN2A_1495,-4.0,run_PMN2A_1494,1,False,
PMN2A_1495,holB,"DNA polymerase III, delta^ subunit",NC_007335.2,168394,169353,-,PMN2A_1496,1.0,run_PMN2A_1495,4,False,
PMN2A_1496,tmk,dTMP kinase,NC_007335.2,169355,169990,-,PMN2A_1497,-4.0,run_PMN2A_1495,4,False,
PMN2A_1497,PMN2A_RS00885,copper-translocating P-type ATPase,NC_007335.2,169987,172317,-,PMN2A_1498,161.0,run_PMN2A_1495,4,False,
PMN2A_1498,ycf3,photosystem I assembly protein Ycf3,NC_007335.2,172479,173000,+,PMN2A_1499,16.0,run_PMN2A_1498,6,True,run_PMN2A_1495
PMN2A_1499,radA,DNA repair protein Sms/RadA,NC_007335.2,173017,174396,-,PMN2A_1500,107.0,run_PMN2A_1495,4,True,run_PMN2A_1498
PMN2A_1500,rpaB,two-component system response regulator RR class II (RRII)-CheY-OmpR,NC_007335.2,174504,175250,+,PMN2A_1501,4.0,run_PMN2A_1498,6,False,
PMN2A_1501,plsX,glycerol-3-phosphate acyltransferase PlsX,NC_007335.2,175255,176577,+,PMN2A_1502,57.0,run_PMN2A_1498,6,False,
PMN2A_1502,fabH,beta-ketoacyl-(acyl-carrier-protein) synthase III (KASIII),NC_007335.2,176635,177651,+,PMN2A_1503,27.0,run_PMN2A_1498,6,False,
PMN2A_1503,fabD,malonyl CoA-acyl carrier protein transacylase (MCAT),NC_007335.2,177679,178575,+,PMN2A_1504,50.0,run_PMN2A_1498,6,False,
PMN2A_1504,plsC1,1-acyl-sn-glycerol-3-phosphate acyltransferase,NC_007335.2,178626,179258,+,PMN2A_1505,51.0,run_PMN2A_1498,6,False,
PMN2A_1505,tsaB,tRNA threonylcarbamoyladenosine biosynthesis protein TsaB,NC_007335.2,179310,180026,-,PMN2A_1506,-40.0,run_PMN2A_1505,2,False,
PMN2A_1506,ycf34,iron-sulfur protein Ycf34,NC_007335.2,179987,180238,-,PMN2A_1507,29.0,run_PMN2A_1505,2,False,
PMN2A_1507,pcnB,tRNA nucleotidyltransferase (CCA-adding enzyme),NC_007335.2,180268,181455,+,PMN2A_1508,66.0,run_PMN2A_1507,2,False,
PMN2A_1508,PMN2A_RS00940,RNA-binding protein,NC_007335.2,181522,181953,+,PMN2A_1509,4.0,run_PMN2A_1507,2,False,
PMN2A_1509,crtB,phytoene synthase,NC_007335.2,181958,182896,-,PMN2A_1510,75.0,run_PMN2A_1509,2,False,
PMN2A_1510,crtP,phytoene dehydrogenase,NC_007335.2,182972,184366,-,PMN2A_1511,104.0,run_PMN2A_1509,2,False,
PMN2A_1511,ndhM,NADH dehydrogenase I subunit NdhM,NC_007335.2,184471,184818,+,PMN2A_1512,-4.0,run_PMN2A_1511,8,False,
PMN2A_1512,PMN2A_RS00960,uncharacterized conserved membrane protein (DUF3172),NC_007335.2,184815,185474,+,PMN2A_1513,-4.0,run_PMN2A_1511,8,False,
PMN2A_1513,rbcR,possible RuBisCO operon transcriptional regulator,NC_007335.2,185471,186421,-,PMN2A_1514,108.0,run_PMN2A_1513,1,True,run_PMN2A_1511
PMN2A_1514,Z-ISO,15-cis-zeta-carotene isomerase protein family,NC_007335.2,186530,187276,+,PMN2A_1515,25.0,run_PMN2A_1511,8,False,
PMN2A_1515,ndhF1,NADH dehydrogenase subunit NdhF (chain 5 or L),NC_007335.2,187302,189308,+,PMN2A_1516,138.0,run_PMN2A_1511,8,False,
PMN2A_1516,ndhD1,NADH dehydrogenase I subunit NdhD (chain 4 or M),NC_007335.2,189447,191063,+,PMN2A_1517,64.0,run_PMN2A_1511,8,False,
PMN2A_1517,PMN2A_RS00985,scpA/B family protein,NC_007335.2,191128,192021,+,PMN2A_1518,56.0,run_PMN2A_1511,8,False,
PMN2A_1518,cugP,mannose-1-phosphate guanylyltransferase,NC_007335.2,192078,193256,+,PMN2A_1519,-8.0,run_PMN2A_1511,8,False,
PMN2A_1519,metF,"5,10-methylenetetrahydrofolate reductase",NC_007335.2,193249,194130,-,PMN2A_1520,84.0,run_PMN2A_1519,1,True,run_PMN2A_1511
PMN2A_1520,pedR,redox-responsive LuxR-type transcriptional regulator PedR,NC_007335.2,194215,194490,+,PMN2A_1522,241.0,run_PMN2A_1511,8,False,
PMN2A_1522,PMN2A_RS01005,CYTH domain protein,NC_007335.2,194732,195232,-,PMN2A_1523,6.0,run_PMN2A_1522,9,False,
PMN2A_1523,nadK,NAD kinase,NC_007335.2,195239,196147,-,PMN2A_1524,9.0,run_PMN2A_1522,9,False,
PMN2A_1524,ndhE,NADH dehydrogenase subunit NdhE (chain kappa or 4L),NC_007335.2,196157,196486,-,PMN2A_1525,34.0,run_PMN2A_1522,9,False,
PMN2A_1525,ndhG,NADH dehydrogenase I subunit NdhG (chain 6 or J),NC_007335.2,196521,197123,-,PMN2A_1526,-4.0,run_PMN2A_1522,9,False,
PMN2A_1526,ndhI,NADH dehydrogenase I subunit NdhI,NC_007335.2,197120,197776,-,PMN2A_1527,109.0,run_PMN2A_1522,9,False,
PMN2A_1527,ndhA,NADH dehydrogenase I subunit NdhA (chain 1 or H),NC_007335.2,197886,199004,-,PMN2A_1528,73.0,run_PMN2A_1522,9,False,
PMN2A_1528,gltA,citrate synthase,NC_007335.2,199078,200205,-,PMN2A_1529,135.0,run_PMN2A_1522,9,False,
PMN2A_1529,PMN2A_RS01040,conserved hypothetical protein,NC_007335.2,200341,201927,-,PMN2A_1530,76.0,run_PMN2A_1522,9,False,
PMN2A_1530,PMN2A_RS01045,rhodanese-like domain protein,NC_007335.2,202004,202360,+,PMN2A_1531,12.0,run_PMN2A_1530,8,True,run_PMN2A_1522
PMN2A_1531,trpB,"tryptophan synthase, beta subunit",NC_007335.2,202373,203626,-,PMN2A_1532,39.0,run_PMN2A_1522,9,True,run_PMN2A_1530
PMN2A_1532,PMN2A_RS01055,translation initiation factor SUI1 family protein,NC_007335.2,203666,203989,+,PMN2A_1533,52.0,run_PMN2A_1530,8,False,
PMN2A_1533,cysC,adenylylsulfate kinase,NC_007335.2,204042,204680,+,PMN2A_1534,24.0,run_PMN2A_1530,8,False,
PMN2A_1534,purE,N5-carboxyaminoimidazole ribonucleotide mutase,NC_007335.2,204705,205241,-,PMN2A_1535,78.0,run_PMN2A_1534,1,True,run_PMN2A_1530
PMN2A_1535,nagA,n-acetylglucosamine-6-phosphate deacetylase,NC_007335.2,205320,206480,+,PMN2A_1536,28.0,run_PMN2A_1530,8,False,
PMN2A_1536,chlM,magnesium protoporphyrin O-methyltransferase,NC_007335.2,206509,207210,+,PMN2A_1537,31.0,run_PMN2A_1530,8,False,
PMN2A_1537,ycf29,"two-component response regulator, NarL subfamily",NC_007335.2,207242,207970,-,PMN2A_1538,76.0,run_PMN2A_1537,2,True,run_PMN2A_1530
PMN2A_1538,iscS2,cysteine desulfurase,NC_007335.2,208047,209195,+,PMN2A_1539,7.0,run_PMN2A_1530,8,True,run_PMN2A_1537
PMN2A_1539,rsmH,16S rRNA (cytosine(1402)-N(4))-methyltransferase,NC_007335.2,209203,210117,-,PMN2A_1540,41.0,run_PMN2A_1537,2,True,run_PMN2A_1530
PMN2A_1540,ndhH,NADH dehydrogenase I subunit NdhH (chain 7 or delta),NC_007335.2,210159,211343,+,PMN2A_1541,4.0,run_PMN2A_1530,8,False,
PMN2A_1541,PMN2A_RS01100,"1,4-dihydroxy-2-naphthoyl-CoA hydrolase",NC_007335.2,211348,211800,+,PMN2A_1542,-4.0,run_PMN2A_1530,8,False,
PMN2A_1542,menE,O-succinylbenzoic acid--CoA ligase (OSB-CoA synthetase),NC_007335.2,211797,213032,-,PMN2A_1543,-4.0,run_PMN2A_1542,5,False,
PMN2A_1543,menC,O-succinylbenzoate synthase,NC_007335.2,213029,214000,-,PMN2A_1544,23.0,run_PMN2A_1542,5,False,
PMN2A_1544,menA,"1,4-dihydroxy-2-naphthoate phytyltransferase",NC_007335.2,214024,214944,-,PMN2A_1545,99.0,run_PMN2A_1542,5,False,
PMN2A_1545,menF,phylloquinone-specific isochorismate synthase,NC_007335.2,215044,216444,+,PMN2A_1546,-23.0,run_PMN2A_1545,1,True,run_PMN2A_1542
PMN2A_1546,gshB,glutathione synthetase,NC_007335.2,216422,217351,-,PMN2A_1547,3.0,run_PMN2A_1542,5,False,
PMN2A_1547,grxC,glutaredoxin 3,NC_007335.2,217355,217645,-,PMN2A_1548,58.0,run_PMN2A_1542,5,False,
PMN2A_1548,prfB,peptide chain release factor 2,NC_007335.2,217704,217778,+,PMN2A_1549,1047.0,run_PMN2A_1548,1,False,
PMN2A_1549,PMN2A_RS01140,conserved hypothetical protein,NC_007335.2,218826,219017,+,PMN2A_1550,4.0,run_PMN2A_1549,4,False,
PMN2A_1550,yqfG,endoribonuclease YqfG,NC_007335.2,219022,219576,+,PMN2A_1551,25.0,run_PMN2A_1549,4,False,
PMN2A_1551,PMN2A_RS01150,prokaryotic diacylglycerol kinase family protein,NC_007335.2,219602,220060,+,PMN2A_1552,13.0,run_PMN2A_1549,4,False,
PMN2A_1552,pabC,4-amino-4-deoxychorismate lyase,NC_007335.2,220074,220670,+,PMN2A_1553,39.0,run_PMN2A_1549,4,False,
PMN2A_1553,hisC,aminotransferase class I and II family protein,NC_007335.2,220710,221825,-,PMN2A_1554,-1.0,run_PMN2A_1553,3,False,
PMN2A_1554,argS,arginine--tRNA ligase,NC_007335.2,221825,223648,-,PMN2A_1555,67.0,run_PMN2A_1553,3,False,
PMN2A_1555,nadC,nicotinate-nucleotide diphosphorylase,NC_007335.2,223716,224579,-,PMN2A_1556,299.0,run_PMN2A_1553,3,False,
PMN2A_1556,trmE,tRNA modification GTPase,NC_007335.2,224879,226273,-,PMN2A_1557,70.0,run_PMN2A_1556,4,False,
PMN2A_1557,PMN2A_RS01180,conserved hypothetical protein,NC_007335.2,226344,226799,+,PMN2A_1558,60.0,run_PMN2A_1557,2,True,run_PMN2A_1556
PMN2A_1558,spoT,"bifunctional GTP diphosphokinase / guanosine-3^,5^-bis(diphosphate) 3^-diphosphatase",NC_007335.2,226860,229187,-,PMN2A_1559,55.0,run_PMN2A_1556,4,True,run_PMN2A_1557
PMN2A_1559,ddpD,"peptide/nickel ABC transport system, ATP-binding component",NC_007335.2,229243,230847,+,PMN2A_1560,-17.0,run_PMN2A_1557,2,True,run_PMN2A_1556
PMN2A_1560,rluD,23S rRNA pseudouridine synthase,NC_007335.2,230831,231811,-,PMN2A_1561,-1.0,run_PMN2A_1556,4,False,
PMN2A_1561,rbgA,ribosome biogenesis GTPase A,NC_007335.2,231811,232674,-,PMN2A_1562,482.0,run_PMN2A_1556,4,False,
PMN2A_1562,pgk,phosphoglycerate kinase,NC_007335.2,233157,234362,+,PMN2A_1563,38.0,run_PMN2A_1562,2,False,
PMN2A_1563,PMN2A_RS01210,conserved hypothetical protein,NC_007335.2,234401,235066,-,PMN2A_1564,109.0,run_PMN2A_1563,6,True,run_PMN2A_1562
PMN2A_1564,murG,undecaprenyldiphospho-muramoylpentapeptide beta-N-acetylglucosaminyltransferase,NC_007335.2,235176,236234,+,PMN2A_1565,-8.0,run_PMN2A_1562,2,True,run_PMN2A_1563
PMN2A_1565,PMN2A_RS01220,aminotransferase class I and II family protein,NC_007335.2,236227,237309,-,PMN2A_1566,81.0,run_PMN2A_1563,6,False,
PMN2A_1566,pyrD,"dihydroorotate dehydrogenase, class 2",NC_007335.2,237391,238548,-,PMN2A_1567,-14.0,run_PMN2A_1563,6,False,
PMN2A_1567,rnhA,ribonuclease HI,NC_007335.2,238535,239020,-,PMN2A_1568,67.0,run_PMN2A_1563,6,False,
PMN2A_1568,rplL,50S ribosomal protein L7/L12,NC_007335.2,239088,239483,-,PMN2A_1569,52.0,run_PMN2A_1563,6,False,
PMN2A_1569,rplJ,50S ribosomal protein L10,NC_007335.2,239536,240063,-,PMN2A_1570,223.0,run_PMN2A_1563,6,False,
PMN2A_1570,rplA,50S ribosomal protein L1,NC_007335.2,240287,240994,-,PMN2A_1571,70.0,run_PMN2A_1570,7,False,
PMN2A_1571,rplK,50S ribosomal protein L11,NC_007335.2,241065,241490,-,PMN2A_1572,103.0,run_PMN2A_1570,7,False,
PMN2A_1572,nusG,transcription termination/antitermination factor NusG,NC_007335.2,241594,242220,-,PMN2A_1573,84.0,run_PMN2A_1570,7,False,
PMN2A_1573,secE,Preprotein translocase SecE subunit,NC_007335.2,242305,242547,-,PMN2A_1574,72.0,run_PMN2A_1570,7,False,
PMN2A_1574,clpB2,ATP-dependent Clp protease ATP-binding subunit ClpB,NC_007335.2,242620,245415,-,PMN2A_1575,157.0,run_PMN2A_1570,7,False,
PMN2A_1575,eno,enolase,NC_007335.2,245573,246874,+,PMN2A_1576,10.0,run_PMN2A_1575,1,True,run_PMN2A_1570
PMN2A_1576,PMN2A_RS01275,ABC1 family protein,NC_007335.2,246885,248510,-,PMN2A_1577,50.0,run_PMN2A_1570,7,False,
PMN2A_1577,PMN2A_RS01280,conserved hypothetical protein,NC_007335.2,248561,248872,-,PMN2A_1578,267.0,run_PMN2A_1570,7,False,
PMN2A_1578,trxB,thioredoxin-disulfide reductase (NTR system),NC_007335.2,249140,250096,+,PMN2A_1579,23.0,run_PMN2A_1578,1,False,
PMN2A_1579,PMN2A_RS01290,possible regulator of sodium-dependent bicarbonate transport,NC_007335.2,250120,250401,-,PMN2A_1580,11.0,run_PMN2A_1579,3,False,
PMN2A_1580,PMN2A_RS01295,possible sodium-dependent bicarbonate transporter,NC_007335.2,250413,251405,-,PMN2A_1581,46.0,run_PMN2A_1579,3,False,
PMN2A_1581,sul3,sulfate transporter family protein,NC_007335.2,251452,253119,-,PMN2A_1582,142.0,run_PMN2A_1579,3,False,
PMN2A_1582,dnaJ2,DnaJ type II chaperone protein,NC_007335.2,253262,254197,+,PMN2A_1583,34.0,run_PMN2A_1582,6,False,
PMN2A_1583,hemB,delta-aminolevulinic acid dehydratase,NC_007335.2,254232,255230,+,PMN2A_1584,48.0,run_PMN2A_1582,6,False,
PMN2A_1584,PMN2A_RS01315,glyoxalase/Bleomycin resistance /Dioxygenase superfamily protein,NC_007335.2,255279,255683,+,PMN2A_1585,15.0,run_PMN2A_1582,6,False,
PMN2A_1585,mutS2,"DNA mismatch repair protein, MutS family",NC_007335.2,255699,258113,+,PMN2A_1586,99.0,run_PMN2A_1582,6,False,
PMN2A_1586,cgtA,obg family GTPase CgtA,NC_007335.2,258213,259202,+,PMN2A_1587,77.0,run_PMN2A_1582,6,False,
PMN2A_1587,PMN2A_RS01330,conserved hypothetical protein,NC_007335.2,259280,259462,+,PMN2A_1588,69.0,run_PMN2A_1582,6,False,
PMN2A_1588,cp12,CP12 polypeptide,NC_007335.2,259532,259750,-,PMN2A_1589,168.0,run_PMN2A_1588,4,False,
PMN2A_1589,PMN2A_RS01340,conserved hypothetical protein,NC_007335.2,259919,260581,-,PMN2A_1590,9.0,run_PMN2A_1588,4,False,
PMN2A_1590,yqjG,glutathionyl-hydroquinone reductase,NC_007335.2,260591,261565,-,PMN2A_1591,43.0,run_PMN2A_1588,4,False,
PMN2A_1591,aspA,aspartoacylase,NC_007335.2,261609,262526,+,PMN2A_1915,-10.0,run_PMN2A_1591,3,True,run_PMN2A_1588
PMN2A_1915,PMN2A_RS10965,conserved hypothetical protein,NC_007335.2,262517,262651,-,PMN2A_1592,197.0,run_PMN2A_1588,4,True,run_PMN2A_1591
PMN2A_1592,psbA,photosystem II protein D1.1,NC_007335.2,262849,263931,+,PMN2A_1593,130.0,run_PMN2A_1591,3,False,
PMN2A_1593,aroC,chorismate synthase,NC_007335.2,264062,265147,+,PMN2A_1594,71.0,run_PMN2A_1591,3,False,
PMN2A_1594,eda,2-keto-3-deoxy-6-phosphogluconate aldolase,NC_007335.2,265219,265854,-,PMN2A_1595,16.0,run_PMN2A_1594,4,False,
PMN2A_1595,ftsH1,cell division protein FtsH1,NC_007335.2,265871,267718,-,PMN2A_1596,43.0,run_PMN2A_1594,4,False,
PMN2A_1596,sat,sulfate adenylyltransferase,NC_007335.2,267762,268934,-,PMN2A_1597,129.0,run_PMN2A_1594,4,False,
PMN2A_1597,psbO,photosystem II manganese-stabilizing protein PsbO,NC_007335.2,269064,269867,-,PMN2A_1598,228.0,run_PMN2A_1594,4,False,
PMN2A_1598,coaBC,phosphopantothenoylcysteine decarboxylase / phosphopantothenate--cysteine ligase,NC_007335.2,270096,271352,-,PMN2A_1599,219.0,run_PMN2A_1598,1,False,
PMN2A_1599,ycf20,uncharacterised membrane protein Ycf20,NC_007335.2,271572,271901,+,PMN2A_1600,17.0,run_PMN2A_1599,1,False,
PMN2A_1600,pyrB,aspartate carbamoyltransferase,NC_007335.2,271919,272938,-,PMN2A_1601,-4.0,run_PMN2A_1600,2,False,
PMN2A_1601,mpg,DNA-3-methyladenine glycosylase,NC_007335.2,272935,273504,-,PMN2A_1602,255.0,run_PMN2A_1600,2,False,
PMN2A_1602,gatC,aspartyl-tRNA(Asn)/glutamyl-tRNA(Gln) amidotransferase subunit C,NC_007335.2,273760,274047,+,PMN2A_1603,12.0,run_PMN2A_1602,1,False,
PMN2A_1603,crtR,beta-carotene hydroxylase,NC_007335.2,274060,275091,-,PMN2A_1604,335.0,run_PMN2A_1603,1,False,
PMN2A_1604,PMN2A_RS01420,possible N-terminaldomain of isoleucyl-tRNA synthetase,NC_007335.2,275427,275945,+,PMN2A_1605,51.0,run_PMN2A_1604,2,False,
PMN2A_1605,ileS,isoleucyl-tRNA synthetase,NC_007335.2,275997,278900,+,PMN2A_1606,35.0,run_PMN2A_1604,2,False,
PMN2A_1606,PMN2A_RS01430,conserved hypothetical protein,NC_007335.2,278936,279547,-,PMN2A_1607,269.0,run_PMN2A_1606,1,False,
PMN2A_1607,trmB,tRNA (guanine-N(7)-)-methyltransferase,NC_007335.2,279817,280461,+,PMN2A_1608,203.0,run_PMN2A_1607,1,False,
PMN2A_1608,txlA,thioredoxin-like protein TxlA,NC_007335.2,280665,281111,+,PMN2A_1609,-4.0,run_PMN2A_1608,1,False,
PMN2A_1609,thyx,thymidylate synthase,NC_007335.2,281108,281746,-,PMN2A_1610,2.0,run_PMN2A_1609,3,False,
PMN2A_1610,dcd,deoxycytidine triphosphate deaminase,NC_007335.2,281749,282342,-,PMN2A_1611,0.0,run_PMN2A_1609,3,False,
PMN2A_1611,cobO2,cob(I)alamin adenosyltransferase,NC_007335.2,282343,282939,-,PMN2A_1612,314.0,run_PMN2A_1609,3,False,
PMN2A_1612,ntcA,global nitrogen regulatory protein,NC_007335.2,283254,283985,+,PMN2A_1613,55.0,run_PMN2A_1612,3,False,
PMN2A_1613,PMN2A_RS01465,conserved hypothetical protein (DUF3084),NC_007335.2,284041,284967,+,PMN2A_1614,0.0,run_PMN2A_1612,3,False,
PMN2A_1614,PMN2A_RS01470,"polynucleotidyl transferase, ribonuclease H fold superfamily",NC_007335.2,284968,285405,+,PMN2A_1615,-17.0,run_PMN2A_1612,3,False,
PMN2A_1615,PMN2A_RS01475,protein of unknown function (DUF3146),NC_007335.2,285389,285646,-,PMN2A_1616,13.0,run_PMN2A_1615,4,False,
PMN2A_1616,pth,peptidyl-tRNA hydrolase,NC_007335.2,285660,286268,-,PMN2A_1617,61.0,run_PMN2A_1615,4,False,
PMN2A_1617,tatA,"twin arginine-targeting translocase, TatA/E family protein",NC_007335.2,286330,286545,-,PMN2A_1618,33.0,run_PMN2A_1615,4,False,
PMN2A_1618,psbH,photosystem II reaction center protein PsbH,NC_007335.2,286579,286776,-,PMN2A_1619,357.0,run_PMN2A_1615,4,False,
PMN2A_1619,psbI,photosystem II reaction center protein PsbI,NC_007335.2,287134,287262,+,PMN2A_1620,104.0,run_PMN2A_1619,2,False,
PMN2A_1620,PMN2A_RS01495,protein of unknown function DUF3769,NC_007335.2,287367,289340,+,PMN2A_1621,-4.0,run_PMN2A_1619,2,False,
PMN2A_1621,leuD,3-isopropylmalate dehydratase small subunit,NC_007335.2,289337,289957,-,PMN2A_1622,24.0,run_PMN2A_1621,4,False,
PMN2A_1622,leuC,"3-isopropylmalate dehydratase, large subunit",NC_007335.2,289982,291391,-,PMN2A_1623,23.0,run_PMN2A_1621,4,False,
PMN2A_1623,pncC,nicotinamide-nucleotide amidase,NC_007335.2,291415,292707,-,PMN2A_1624,-14.0,run_PMN2A_1621,4,False,
PMN2A_1624,glyA,serine hydroxymethyltransferase,NC_007335.2,292694,293929,-,PMN2A_1625,379.0,run_PMN2A_1621,4,False,
PMN2A_1625,PMN2A_RS01525,conserved hypothetical protein,NC_007335.2,294309,294605,+,PMN2A_1626,40.0,run_PMN2A_1625,3,False,
PMN2A_1626,PMN2A_RS01530,conserved hypothetical protein,NC_007335.2,294646,294894,+,PMN2A_1627,-14.0,run_PMN2A_1625,3,False,
PMN2A_1627,murJ,peptidoglycan lipid II flippase,NC_007335.2,294881,296488,-,PMN2A_1628,74.0,run_PMN2A_1627,1,True,run_PMN2A_1625
PMN2A_1628,sfsA,sugar fermentation stimulation protein,NC_007335.2,296563,297339,+,PMN2A_1629,253.0,run_PMN2A_1625,3,False,
PMN2A_1629,amt1,ammonium transporter,NC_007335.2,297593,299083,+,PMN2A_1630,119.0,run_PMN2A_1629,4,False,
PMN2A_1630,lytB,4-hydroxy-3-methylbut-2-enyl diphosphate reductase,NC_007335.2,299203,300408,+,PMN2A_1631,62.0,run_PMN2A_1629,4,False,
PMN2A_1631,PMN2A_RS01555,doxX family protein,NC_007335.2,300471,301004,+,PMN2A_1632,61.0,run_PMN2A_1629,4,False,
PMN2A_1632,purH,bifunctional purine biosynthesis protein (AICAR transformylase/IMP cyclohydrolase),NC_007335.2,301066,302622,-,PMN2A_1633,64.0,run_PMN2A_1632,2,True,run_PMN2A_1629
PMN2A_1633,PMN2A_RS01565,phospholipase/carboxylesterase,NC_007335.2,302687,303292,+,PMN2A_1634,-4.0,run_PMN2A_1629,4,True,run_PMN2A_1632
PMN2A_1634,PMN2A_RS01570,uncharacterized conserved secreted protein (DUF3155),NC_007335.2,303289,303657,-,PMN2A_1635,315.0,run_PMN2A_1632,2,False,
PMN2A_1635,PMN2A_RS01575,two-component sensor histidine kinase,NC_007335.2,303973,305094,+,PMN2A_1636,-20.0,run_PMN2A_1635,3,False,
PMN2A_1636,cobS,adenosylcobinamide-GDP ribazoletransferase,NC_007335.2,305075,305857,-,PMN2A_1637,73.0,run_PMN2A_1636,1,True,run_PMN2A_1635
PMN2A_1637,tgt,queuine tRNA-ribosyltransferase,NC_007335.2,305931,307061,+,PMN2A_1638,34.0,run_PMN2A_1635,3,False,
PMN2A_1638,psbK,photosystem II reaction center protein PsbK,NC_007335.2,307096,307239,+,PMN2A_1639,132.0,run_PMN2A_1635,3,False,
PMN2A_1639,PMN2A_RS01595,NAD(P)-binding oxidoreductase,NC_007335.2,307372,308394,-,PMN2A_1640,37.0,run_PMN2A_1639,2,False,
PMN2A_1640,PMN2A_RS01600,CNNM domain-containing protein,NC_007335.2,308432,309700,-,PMN2A_1641,196.0,run_PMN2A_1639,2,False,
PMN2A_1641,pyrE,orotate phosphoribosyltransferase,NC_007335.2,309897,310478,+,PMN2A_1642,-4.0,run_PMN2A_1641,4,False,
PMN2A_1642,ygfz,tRNA-modifying protein,NC_007335.2,310475,311323,+,PMN2A_1643,18.0,run_PMN2A_1641,4,False,
PMN2A_1643,PMN2A_RS01620,"recB nuclease, TM0106 family domain protein",NC_007335.2,311342,312793,-,PMN2A_1644,52.0,run_PMN2A_1643,1,True,run_PMN2A_1641
PMN2A_1644,pgmA,phosphoglucomutase,NC_007335.2,312846,314306,+,PMN2A_1645,-8.0,run_PMN2A_1641,4,False,
PMN2A_1645,rdgB,XTP/dITP diphosphohydrolase,NC_007335.2,314299,314889,+,PMN2A_1646,26.0,run_PMN2A_1641,4,False,
PMN2A_1646,diox1,"apocarotenoid-15,15^-oxygenase",NC_007335.2,314916,316409,-,PMN2A_1647,88.0,run_PMN2A_1646,3,False,
PMN2A_1647,hisB,imidazoleglycerol-phosphate dehydratase family protein,NC_007335.2,316498,317109,-,PMN2A_1648,31.0,run_PMN2A_1646,3,False,
PMN2A_1648,fabI,enoyl-(acyl-carrier-protein) reductase (ENR),NC_007335.2,317141,317923,-,PMN2A_1649,120.0,run_PMN2A_1646,3,False,
PMN2A_1649,PMN2A_RS01650,thioredoxin domain-containing protein,NC_007335.2,318044,318664,+,PMN2A_1650,51.0,run_PMN2A_1649,2,False,
PMN2A_1650,degT,putative pleiotropic regulatory protein,NC_007335.2,318716,319885,+,PMN2A_1651,1.0,run_PMN2A_1649,2,False,
PMN2A_1651,phrA,deoxyribodipyrimidine photolyase (DNA photolyase) (photoreactivating enzyme),NC_007335.2,319887,321368,-,PMN2A_1652,-4.0,run_PMN2A_1651,8,False,
PMN2A_1652,nudF,"ADP-ribose diphosphatase, NUDIX hydrolase superfamily",NC_007335.2,321365,321925,-,PMN2A_1653,68.0,run_PMN2A_1651,8,False,
PMN2A_1653,folK,2-amino-4-hydroxy-6- hydroxymethyldihydropteridine diphosphokinase,NC_007335.2,321994,322575,-,PMN2A_1654,46.0,run_PMN2A_1651,8,False,
PMN2A_1654,chlD,"protoporphyrin IX Mg-chelatase, subunit ChlD",NC_007335.2,322622,324775,+,PMN2A_1655,9.0,run_PMN2A_1654,1,True,run_PMN2A_1651
PMN2A_1655,PMN2A_RS01680,"ABC-type transport system, periplasmic component",NC_007335.2,324785,325630,-,PMN2A_1656,4.0,run_PMN2A_1651,8,False,
PMN2A_1656,PMN2A_RS01685,ABC transporter family protein,NC_007335.2,325635,326420,-,PMN2A_1657,127.0,run_PMN2A_1651,8,False,
PMN2A_1657,yvcK,conserved hypothetical family protein,NC_007335.2,326548,327945,+,PMN2A_1658,1.0,run_PMN2A_1657,1,True,run_PMN2A_1651
PMN2A_1658,ndhJ,NADH dehydrogenase I subunit NdhJ,NC_007335.2,327947,328468,-,PMN2A_1659,17.0,run_PMN2A_1651,8,False,
PMN2A_1659,ndhK,NADH dehydrogenase I subunit NdhK (chain beta or K),NC_007335.2,328486,329235,-,PMN2A_1660,-10.0,run_PMN2A_1651,8,False,
PMN2A_1660,ndhC,NADH dehydrogenase I subunit NdhC (chain 3 or alpha),NC_007335.2,329226,329588,-,PMN2A_1661,156.0,run_PMN2A_1651,8,False,
PMN2A_1661,rub,rubredoxin,NC_007335.2,329745,330098,+,PMN2A_1662,-4.0,run_PMN2A_1661,6,False,
PMN2A_1662,ycf48,photosystem II stability/assembly factor,NC_007335.2,330095,331111,+,PMN2A_1663,107.0,run_PMN2A_1661,6,False,
PMN2A_1663,psbE,"cytochrome b559, alpha subunit",NC_007335.2,331219,331467,+,PMN2A_1664,29.0,run_PMN2A_1661,6,False,
PMN2A_1664,psbL,photosystem II reaction center protein PsbL,NC_007335.2,331497,331616,+,PMN2A_1665,11.0,run_PMN2A_1661,6,False,
PMN2A_1665,psbJ,photosystem II reaction center protein PsbJ,NC_007335.2,331628,331825,+,PMN2A_1666,71.0,run_PMN2A_1661,6,False,
PMN2A_1666,mtnP,methylthioadenosine phosphorylase,NC_007335.2,331897,332829,-,PMN2A_1667,-15.0,run_PMN2A_1666,4,True,run_PMN2A_1661
PMN2A_1667,selD,"bifunctional selenide, water dikinase / oxidoreductase fusion protein",NC_007335.2,332815,334995,+,PMN2A_1668,15.0,run_PMN2A_1661,6,True,run_PMN2A_1666
PMN2A_1668,pcnB,poly(A) polymerase,NC_007335.2,335011,336267,-,PMN2A_1669,43.0,run_PMN2A_1666,4,False,
PMN2A_1669,uvrD,DNA-dependent ATPase I and helicase II,NC_007335.2,336311,338728,-,PMN2A_1670,88.0,run_PMN2A_1666,4,False,
PMN2A_1670,unk13,conserved hypothetical protein,NC_007335.2,338817,339041,-,PMN2A_1671,243.0,run_PMN2A_1666,4,False,
PMN2A_1671,ppeB,"phycoerythrin class III, beta subunit",NC_007335.2,339285,339833,+,PMN2A_1672,56.0,run_PMN2A_1671,4,False,
PMN2A_1672,ppeA,"phycoerythrin class III, alpha chain",NC_007335.2,339890,340357,+,PMN2A_1673,70.0,run_PMN2A_1671,4,False,
PMN2A_1673,cpeZ,"phycoerythrobilin:Cys-82 alpha-phycoerythrin lyase, CpeZ subunit",NC_007335.2,340428,341024,+,PMN2A_1674,25.0,run_PMN2A_1671,4,False,
PMN2A_1674,cpeF,putative phycoerythrin:phycoerythrobilin lyase,NC_007335.2,341050,341913,-,PMN2A_1675,166.0,run_PMN2A_1674,5,True,run_PMN2A_1671
PMN2A_1675,cpeY,"phycoerythrobilin:Cys-82 alpha-phycoerythrin lyase, CpeY subunit",NC_007335.2,342080,343384,+,PMN2A_1676,33.0,run_PMN2A_1671,4,True,run_PMN2A_1674
PMN2A_1676,cpeT,putative phycoerythrobilin:phycoerythrin lyase CpeT,NC_007335.2,343418,344017,-,PMN2A_1677,14.0,run_PMN2A_1674,5,False,
PMN2A_1677,cpeS,phycoerythrobilin:Cys-82 beta-phycoerythrin lyase,NC_007335.2,344032,344565,-,PMN2A_1678,39.0,run_PMN2A_1674,5,False,
PMN2A_1678,ppeC,phycoerythrin class III gamma chain linker polypeptide,NC_007335.2,344605,345396,-,PMN2A_1679,104.0,run_PMN2A_1674,5,False,
PMN2A_1679,unk3,uncharacterized membrane protein,NC_007335.2,345501,346160,-,PMN2A_1680,169.0,run_PMN2A_1674,5,False,
PMN2A_1680,uxs,UDP-glucuronate decarboxylase,NC_007335.2,346330,347286,+,PMN2A_1681,89.0,run_PMN2A_1680,2,False,
PMN2A_1681,PMN2A_RS01805,nucleotide sugar epimerase,NC_007335.2,347376,348422,+,PMN2A_1682,33.0,run_PMN2A_1680,2,False,
PMN2A_1682,unk1,conserved hypothetical protein,NC_007335.2,348456,348686,-,PMN2A_1919,416.0,run_PMN2A_1682,1,False,
PMN2A_1919,psaM,photosystem I reaction centre subunit XII,NC_007335.2,349103,349270,-,PMN2A_RS10400,425.0,run_PMN2A_1919,1,False,
PMN2A_RS10400,,hypothetical protein,NC_007335.2,349696,349866,+,PMN2A_1683,217.0,run_PMN2A_RS10400,1,False,
PMN2A_1683,PMN2A_RS01820,TPR repeat-containing protein,NC_007335.2,350084,351172,+,PMN2A_1684,-20.0,run_PMN2A_1683,1,False,
PMN2A_1684,PMN2A_RS01825,conserved hypothetical protein,NC_007335.2,351153,352148,-,PMN2A_1685,541.0,run_PMN2A_1684,1,False,
PMN2A_1685,PMN2A_RS01835,FMN-binding split barrel domain-containing protein,NC_007335.2,352690,352959,-,PMN2A_1686,97.0,run_PMN2A_1685,8,False,
PMN2A_1686,PMN2A_RS01840,"carbohydrate kinase, FGGY family",NC_007335.2,353057,354292,-,PMN2A_1687,19.0,run_PMN2A_1685,8,False,
PMN2A_1687,metK,methionine adenosyltransferase,NC_007335.2,354312,355541,-,PMN2A_1688,23.0,run_PMN2A_1685,8,False,
PMN2A_1688,gph,putative phosphoglycolate phosphatase,NC_007335.2,355565,356353,-,PMN2A_1689,18.0,run_PMN2A_1685,8,False,
PMN2A_1689,rpsA1,30S ribosomal protein S1,NC_007335.2,356372,357481,-,PMN2A_1690,103.0,run_PMN2A_1685,8,False,
PMN2A_1690,nrdR,"transcriptional regulator, NrdR family",NC_007335.2,357585,358064,-,PMN2A_1691,159.0,run_PMN2A_1685,8,False,
PMN2A_1691,psbT,photosystem II reaction center T protein,NC_007335.2,358224,358319,-,PMN2A_1692,38.0,run_PMN2A_1685,8,False,
PMN2A_1692,psbB,photosystem II chlorophyll-binding protein CP47,NC_007335.2,358358,359881,-,PMN2A_1693,480.0,run_PMN2A_1685,8,False,
PMN2A_1693,psbM,photosystem II reaction center protein PsbM,NC_007335.2,360362,360520,+,PMN2A_1694,134.0,run_PMN2A_1693,4,False,
PMN2A_1694,PMN2A_RS01875,thioesterase superfamily protein,NC_007335.2,360655,361095,+,PMN2A_1695,66.0,run_PMN2A_1693,4,False,
PMN2A_1695,prmC,"protein-(glutamine-N5) methyltransferase, release factor-specific",NC_007335.2,361162,361983,+,PMN2A_1696,-38.0,run_PMN2A_1693,4,False,
PMN2A_1696,tsaC,L-threonylcarbamoyladenylate synthase,NC_007335.2,361946,362560,+,PMN2A_1697,370.0,run_PMN2A_1693,4,False,
PMN2A_1697,minE,cell division topological specificity factor MinE,NC_007335.2,362931,363278,-,PMN2A_1698,4.0,run_PMN2A_1697,5,False,
PMN2A_1698,minD,septum site-determining protein MinD,NC_007335.2,363283,364098,-,PMN2A_1699,163.0,run_PMN2A_1697,5,False,
PMN2A_1699,minC,septum formation inhibitor,NC_007335.2,364262,364906,-,PMN2A_1700,2.0,run_PMN2A_1697,5,False,
PMN2A_1700,PMN2A_RS01910,HD domain-containing protein,NC_007335.2,364909,366168,-,PMN2A_1701,3.0,run_PMN2A_1697,5,False,
PMN2A_1701,ctp,carboxy-terminal processing peptidase,NC_007335.2,366172,367482,-,PMN2A_1702,69.0,run_PMN2A_1697,5,False,
PMN2A_1702,petB,cytochrome b6,NC_007335.2,367552,368208,+,PMN2A_1703,59.0,run_PMN2A_1702,2,False,
PMN2A_1703,petD,cytochrome b6/f complex subunit 4,NC_007335.2,368268,368750,+,PMN2A_1704,-4.0,run_PMN2A_1702,2,False,
PMN2A_1704,invA,alkaline and neutral invertase,NC_007335.2,368747,370198,-,PMN2A_1705,5893.0,run_PMN2A_1704,1,False,
PMN2A_1705,mutM,formamidopyrimidine-DNA glycolase,NC_007335.2,376092,376940,-,PMN2A_1706,14.0,run_PMN2A_1705,2,False,
PMN2A_1706,psaE,photosystem I reaction centre subunit IV,NC_007335.2,376955,377173,-,PMN2A_1707,202.0,run_PMN2A_1705,2,False,
PMN2A_1707,PMN2A_RS01970,conserved hypothetical protein,NC_007335.2,377376,378425,+,PMN2A_1708,1.0,run_PMN2A_1707,1,False,
PMN2A_1708,PMN2A_RS01975,LysM domain-containing protein,NC_007335.2,378427,379287,-,PMN2A_1709,44.0,run_PMN2A_1708,2,False,
PMN2A_1709,ALDH,aldehyde dehydrogenase (NAD+),NC_007335.2,379332,380711,-,PMN2A_1710,234.0,run_PMN2A_1708,2,False,
PMN2A_1710,PMN2A_RS01985,conserved hypothetical protein,NC_007335.2,380946,381242,+,PMN2A_1711,78.0,run_PMN2A_1710,2,False,
PMN2A_1711,unk3B,uncharacterized membrane protein,NC_007335.2,381321,382070,+,PMN2A_RS10050,54.0,run_PMN2A_1710,2,False,
PMN2A_RS10050,,DUF4278 domain-containing protein,NC_007335.2,382125,382226,-,PMN2A_1922,360.0,run_PMN2A_RS10050,1,False,
PMN2A_1922,PMN2A_RS01995,Hypothetical protein,NC_007335.2,382587,382820,-,PMN2A_RS02000,776.0,run_PMN2A_1922,1,False,
PMN2A_RS02000,,hypothetical protein,NC_007335.2,383597,383782,+,PMN2A_1712,525.0,run_PMN2A_RS02000,1,False,
PMN2A_1712,PMN2A_RS02005,"possible 7S seed storage protein, N-terminal doma",NC_007335.2,384308,384583,+,PMN2A_1713,231.0,run_PMN2A_1712,1,False,
PMN2A_1713,PMN2A_RS02010,NTF2-like domain-containing protein,NC_007335.2,384815,385264,+,PMN2A_1714,33.0,run_PMN2A_1713,1,False,
PMN2A_1714,PMN2A_RS02015,conserved hypothetical protein,NC_007335.2,385298,385579,-,PMN2A_1715,271.0,run_PMN2A_1714,1,False,
PMN2A_1715,hli,high light inducible protein,NC_007335.2,385851,386066,+,PMN2A_1925,34.0,run_PMN2A_1715,5,False,
PMN2A_1925,hli,possible high light inducible protein,NC_007335.2,386101,386220,+,PMN2A_1716,-1.0,run_PMN2A_1715,5,False,
PMN2A_1716,hli,high light inducible protein,NC_007335.2,386220,386366,+,PMN2A_1717,-1.0,run_PMN2A_1715,5,False,
PMN2A_1717,hli,high light inducible protein,NC_007335.2,386366,386515,+,PMN2A_1718,-1.0,run_PMN2A_1715,5,False,
PMN2A_1718,hli,high light inducible protein,NC_007335.2,386515,386640,+,PMN2A_RS10405,594.0,run_PMN2A_1715,5,False,
PMN2A_RS10405,,hypothetical protein,NC_007335.2,387235,387375,-,PMN2A_1719,288.0,run_PMN2A_RS10405,1,False,
PMN2A_1719,PMN2A_RS02045,TPR repeat-containing protein,NC_007335.2,387664,389415,+,PMN2A_1720,-8.0,run_PMN2A_1719,2,False,
PMN2A_1720,PMN2A_RS02050,hypothetical protein,NC_007335.2,389408,389782,+,PMN2A_1721,296.0,run_PMN2A_1719,2,False,
PMN2A_1721,aroQ,"3-dehydroquinate dehydratase, type II",NC_007335.2,390079,390516,+,PMN2A_1722,7.0,run_PMN2A_1721,3,False,
PMN2A_1722,miaE,putative tRNA-(MS[2]IO[6]A)-hydroxylase,NC_007335.2,390524,391138,+,PMN2A_1723,36.0,run_PMN2A_1721,3,False,
PMN2A_1723,cobI,precorrin-2 C20-methyltransferase,NC_007335.2,391175,391903,+,PMN2A_1724,6.0,run_PMN2A_1721,3,False,
PMN2A_1724,dusB,"TIM-barrel , nifR3 family protein",NC_007335.2,391910,392902,-,PMN2A_1726,327.0,run_PMN2A_1724,1,False,
PMN2A_1726,engA,ribosome-associated GTPase,NC_007335.2,393230,394600,+,PMN2A_1727,9.0,run_PMN2A_1726,6,False,
PMN2A_1727,cbiQ,transmembrane component of ECF transporter energizing module,NC_007335.2,394610,395524,+,PMN2A_1728,15.0,run_PMN2A_1726,6,False,
PMN2A_1728,pipX,PII interaction protein X,NC_007335.2,395540,395806,+,PMN2A_1729,11.0,run_PMN2A_1726,6,False,
PMN2A_1729,ylmE,conserved hypothetical protein YlmE,NC_007335.2,395818,396459,+,PMN2A_1730,161.0,run_PMN2A_1726,6,False,
PMN2A_1730,sepF,cell division protein SepF (Cdv2),NC_007335.2,396621,397196,+,PMN2A_1731,17.0,run_PMN2A_1726,6,False,
PMN2A_1731,proC,pyrroline-5-carboxylate reductase,NC_007335.2,397214,398050,+,PMN2A_1732,-104.0,run_PMN2A_1726,6,False,
PMN2A_1732,dgdA,digalactosyldiacylglycerol (DGDG) synthase,NC_007335.2,397947,399221,-,PMN2A_1733,116.0,run_PMN2A_1732,4,False,
PMN2A_1733,recO,gap repair protein RecO,NC_007335.2,399338,400138,-,PMN2A_1734,-1.0,run_PMN2A_1732,4,False,
PMN2A_1734,deoC,deoC/LacD aldolase family protein,NC_007335.2,400138,400821,-,PMN2A_1735,14.0,run_PMN2A_1732,4,False,
PMN2A_1735,lrtA,light repressed protein A,NC_007335.2,400836,401420,-,PMN2A_1736,-18.0,run_PMN2A_1732,4,False,
PMN2A_1736,lipB,lipoyl(octanoyl) transferase,NC_007335.2,401403,402122,+,PMN2A_1737,49.0,run_PMN2A_1736,5,False,
PMN2A_1737,fadD,long-chain acyl-CoA synthetase,NC_007335.2,402172,404145,+,PMN2A_1738,80.0,run_PMN2A_1736,5,False,
PMN2A_1738,PMN2A_RS02150,conserved hypothetical protein,NC_007335.2,404226,404660,+,PMN2A_1739,190.0,run_PMN2A_1736,5,False,
PMN2A_1739,pdhC,"pyruvate dehydrogenase complex, dihydrolipoamide acyltransferase (E2) component",NC_007335.2,404851,406221,+,PMN2A_1740,53.0,run_PMN2A_1736,5,False,
PMN2A_1740,queA,S-adenosylmethionine:tRNA ribosyltransferase-isomerase,NC_007335.2,406275,407372,+,PMN2A_1741,9.0,run_PMN2A_1736,5,False,
PMN2A_1741,cysK,O-acetylserine sulfhydrylase A,NC_007335.2,407382,408368,-,PMN2A_1742,88.0,run_PMN2A_1741,4,False,
PMN2A_1742,PMN2A_RS02170,"O-succinylhomoserine(thiol)-lyase, MetB-like protein",NC_007335.2,408457,409923,-,PMN2A_1743,-4.0,run_PMN2A_1741,4,False,
PMN2A_1743,metB,O-succinylhomoserine(thiol)-lyase,NC_007335.2,409920,411089,-,PMN2A_1744,101.0,run_PMN2A_1741,4,False,
PMN2A_1744,rpsD,30S ribosomal protein S4,NC_007335.2,411191,411799,-,PMN2A_1745,91.0,run_PMN2A_1741,4,False,
PMN2A_1745,yidD,inner membrane protein insertion factor,NC_007335.2,411891,412130,+,PMN2A_1746,-4.0,run_PMN2A_1745,2,False,
PMN2A_1746,PMN2A_RS02190,thioredoxin family protein,NC_007335.2,412127,412438,+,PMN2A_1747,216.0,run_PMN2A_1745,2,False,
PMN2A_1747,murE,"UDP-N-acetylmuramoyl-L-alanyl-D-glutamate--2,6-diaminopimelate ligase",NC_007335.2,412655,414184,+,PMN2A_1748,0.0,run_PMN2A_1747,2,False,
PMN2A_1748,c-des,pyridoxal phosphate-dependent monomeric L-cysteine/cystine C-S-lyase,NC_007335.2,414185,415387,-,PMN2A_1928,171.0,run_PMN2A_1748,1,True,run_PMN2A_1747
PMN2A_1928,PMN2A_RS10970,conserved hypothetical protein,NC_007335.2,415559,415693,+,PMN2A_1749,509.0,run_PMN2A_1747,2,False,
PMN2A_1749,psbN,photosystem II reaction center assembly factor PsbN-like protein,NC_007335.2,416203,416406,+,PMN2A_1750,171.0,run_PMN2A_1749,7,False,
PMN2A_1750,PMN2A_RS02210,putative membrane protein,NC_007335.2,416578,417246,+,PMN2A_1929,12.0,run_PMN2A_1749,7,False,
PMN2A_1929,PMN2A_RS10975,conserved hypothetical protein,NC_007335.2,417259,417393,+,PMN2A_1751,89.0,run_PMN2A_1749,7,False,
PMN2A_1751,PMN2A_RS02215,uncharacterized conserved membrane protein,NC_007335.2,417483,417743,+,PMN2A_1752,27.0,run_PMN2A_1749,7,False,
PMN2A_1752,PMN2A_RS02220,NifU-like protein,NC_007335.2,417771,418016,-,PMN2A_1753,74.0,run_PMN2A_1752,1,True,run_PMN2A_1749
PMN2A_1753,mqoA,malate:quinone oxidoreductase,NC_007335.2,418091,419581,+,PMN2A_1754,84.0,run_PMN2A_1749,7,False,
PMN2A_1754,lepA,GTP-binding protein LepA,NC_007335.2,419666,421477,+,PMN2A_1931,16.0,run_PMN2A_1749,7,False,
PMN2A_1931,PMN2A_RS10410,hypothetical protein,NC_007335.2,421494,421661,-,PMN2A_1755,190.0,run_PMN2A_1931,3,True,run_PMN2A_1749
PMN2A_1755,dppC,"ABC-type oligopeptide transporter, membrane component",NC_007335.2,421852,422610,+,PMN2A_1756,20.0,run_PMN2A_1749,7,True,run_PMN2A_1931
PMN2A_1756,trmH,tRNA guanosine-2^-O-methyltransferase,NC_007335.2,422631,423320,-,PMN2A_1757,183.0,run_PMN2A_1931,3,False,
PMN2A_1757,PMN2A_RS02250,outer membrane porin,NC_007335.2,423504,424502,-,PMN2A_1758,224.0,run_PMN2A_1931,3,False,
PMN2A_1758,sun,ribosomal RNA small subunit methyltransferase B,NC_007335.2,424727,426043,+,PMN2A_1759,69.0,run_PMN2A_1758,1,False,
PMN2A_1759,chlG,chlorophyll a synthase,NC_007335.2,426113,427063,-,PMN2A_1760,15.0,run_PMN2A_1759,2,False,
PMN2A_1760,petP,cytochrome b6-f complex subunit PetP,NC_007335.2,427079,427300,-,PMN2A_1761,52.0,run_PMN2A_1759,2,False,
PMN2A_1761,hisF,"imidazole glycerol phosphate synthase, cyclase subunit",NC_007335.2,427353,428123,+,PMN2A_1762,82.0,run_PMN2A_1761,4,False,
PMN2A_1762,menG,"bifunctional 2-octaprenyl-6-methoxy-1,4-benzoquinone methylase and S-adenosylmethionine:2-DMK methyltransferase",NC_007335.2,428206,428904,+,PMN2A_1763,11.0,run_PMN2A_1761,4,False,
PMN2A_1763,PMN2A_RS02280,conserved hypothetical protein,NC_007335.2,428916,429398,-,PMN2A_1764,73.0,run_PMN2A_1763,1,True,run_PMN2A_1761
PMN2A_1764,vipp1,stress-induced protein assembly complex,NC_007335.2,429472,430248,+,PMN2A_1765,28.0,run_PMN2A_1761,4,False,
PMN2A_1765,birA,biotin operon repressor / biotin-[acetyl-CoA-carboxylase] ligase,NC_007335.2,430277,431041,+,PMN2A_1766,9.0,run_PMN2A_1761,4,False,
PMN2A_1766,ftsE,ATP-binding protein FtsE,NC_007335.2,431051,431737,-,PMN2A_1767,13.0,run_PMN2A_1766,2,False,
PMN2A_1767,ndhB,NADH dehydrogenase I subunit NdhB (chain 2 or N),NC_007335.2,431751,433313,-,PMN2A_1768,130.0,run_PMN2A_1766,2,False,
PMN2A_1768,topA,"DNA topoisomerase I, omega subunit",NC_007335.2,433444,436350,+,PMN2A_1769,4.0,run_PMN2A_1768,6,False,
PMN2A_1769,PMN2A_RS02310,conserved hypothetical protein,NC_007335.2,436355,436843,+,PMN2A_1770,5.0,run_PMN2A_1768,6,False,
PMN2A_1770,PMN2A_RS02315,conserved hypothetical protein,NC_007335.2,436849,437535,+,PMN2A_1771,6.0,run_PMN2A_1768,6,False,
PMN2A_1771,PMN2A_RS02320,phosphoribosyltransferase family protein,NC_007335.2,437542,438738,+,PMN2A_1772,5.0,run_PMN2A_1768,6,False,
PMN2A_1772,PMN2A_RS02325,uncharacterized conserved secreted protein,NC_007335.2,438744,439745,+,PMN2A_1773,84.0,run_PMN2A_1768,6,False,
PMN2A_1773,ribE,"riboflavin synthase, alpha subunit",NC_007335.2,439830,440483,+,PMN2A_1774,45.0,run_PMN2A_1768,6,False,
PMN2A_1774,PMN2A_RS02335,abrB-like transcriptional regulator family protein,NC_007335.2,440529,440885,-,PMN2A_1775,95.0,run_PMN2A_1774,4,False,
PMN2A_1775,ctaEI,cytochrome c oxidase subunit III,NC_007335.2,440981,441586,-,PMN2A_1776,-4.0,run_PMN2A_1774,4,False,
PMN2A_1776,ctaDI,cytochrome c oxidase subunit I,NC_007335.2,441583,443223,-,PMN2A_1777,4.0,run_PMN2A_1774,4,False,
PMN2A_1777,ctaCI,cytochrome c oxidase subunit II,NC_007335.2,443228,444040,-,PMN2A_1778,183.0,run_PMN2A_1774,4,False,
PMN2A_1778,ctaA,cytochrome oxidase biogenesis protein,NC_007335.2,444224,445150,+,PMN2A_1779,-8.0,run_PMN2A_1778,7,False,
PMN2A_1779,ctaB,protoheme IX farnesyltransferase,NC_007335.2,445143,446138,+,PMN2A_1780,101.0,run_PMN2A_1778,7,False,
PMN2A_1780,PMN2A_RS02365,"ABC-type multidrug transport system, ATPase component",NC_007335.2,446240,447253,+,PMN2A_1781,31.0,run_PMN2A_1778,7,False,
PMN2A_1781,PMN2A_RS02370,ABC-2 type transporter family protein,NC_007335.2,447285,448139,+,PMN2A_1782,29.0,run_PMN2A_1778,7,False,
PMN2A_1782,PMN2A_RS02375,conserved hypothetical protein,NC_007335.2,448169,448645,+,PMN2A_1783,64.0,run_PMN2A_1778,7,False,
PMN2A_1783,groL2,chaperonin GroEL,NC_007335.2,448710,450392,-,PMN2A_1784,128.0,run_PMN2A_1783,10,True,run_PMN2A_1778
PMN2A_1784,PMN2A_RS10255,uncharacterized conserved membrane protein,NC_007335.2,450521,450697,+,PMN2A_1785,7.0,run_PMN2A_1778,7,True,run_PMN2A_1783
PMN2A_1785,fabG,beta-ketoacyl-(acyl-carrier-protein) reductase (KR),NC_007335.2,450705,451457,-,PMN2A_1786,159.0,run_PMN2A_1783,10,True,run_PMN2A_1778
PMN2A_1786,ispD,2-C-methyl-D-erythritol 4-phosphate cytidylyltransferase,NC_007335.2,451617,452294,+,PMN2A_1787,-17.0,run_PMN2A_1778,7,True,run_PMN2A_1783
PMN2A_1787,ldcA,muramoyltetrapeptide carboxypeptidase,NC_007335.2,452278,453153,-,PMN2A_1788,25.0,run_PMN2A_1783,10,False,
PMN2A_1788,ubiA,4-hydroxybenzoate polyprenyltransferase,NC_007335.2,453179,454069,-,PMN2A_1789,85.0,run_PMN2A_1783,10,False,
PMN2A_1789,ppx,exopolyphosphatase,NC_007335.2,454155,455789,+,PMN2A_1790,-4.0,run_PMN2A_1789,1,True,run_PMN2A_1783
PMN2A_1790,PMN2A_RS02410,transcriptional regulator with a Cro/C1-type helix-turn-helix domain,NC_007335.2,455786,456283,-,PMN2A_1791,117.0,run_PMN2A_1783,10,False,
PMN2A_1791,cobM,precorrin-4/cobalt-precorrin-4 C11-methyltransferase,NC_007335.2,456401,457153,-,PMN2A_1792,-4.0,run_PMN2A_1783,10,False,
PMN2A_1792,lgt,phosphatidylglycerol:prolipoprotein diacylglycerol transferase,NC_007335.2,457150,458061,-,PMN2A_1793,13.0,run_PMN2A_1783,10,False,
PMN2A_1793,petA,apocytochrome f,NC_007335.2,458075,459007,-,PMN2A_1794,40.0,run_PMN2A_1783,10,False,
PMN2A_1794,petC,cytochrome b6-f complex iron-sulfur subunit,NC_007335.2,459048,459584,-,PMN2A_1795,83.0,run_PMN2A_1783,10,False,
PMN2A_1795,PMN2A_RS02435,conserved hypothetical protein,NC_007335.2,459668,460030,+,PMN2A_1796,-35.0,run_PMN2A_1795,1,True,run_PMN2A_1783
PMN2A_1796,tatC,sec-independent protein translocase protein TatC,NC_007335.2,459996,460715,-,PMN2A_1797,231.0,run_PMN2A_1783,10,False,
PMN2A_1797,PMN2A_RS02445,uncharacterized conserved membrane protein,NC_007335.2,460947,461198,-,PMN2A_1798,41.0,run_PMN2A_1797,4,False,
PMN2A_1798,PMN2A_RS02450,fibronectin-binding A family protein,NC_007335.2,461240,462943,-,PMN2A_1799,68.0,run_PMN2A_1797,4,False,
PMN2A_1799,gmk,guanylate kinase,NC_007335.2,463012,463572,+,PMN2A_1800,23.0,run_PMN2A_1799,1,True,run_PMN2A_1797
PMN2A_1800,psaJ,photosystem I reaction centre subunit IX,NC_007335.2,463596,463733,-,PMN2A_1801,47.0,run_PMN2A_1797,4,False,
PMN2A_1801,psaF,photosystem I reaction centre PsaF protein,NC_007335.2,463781,464338,-,PMN2A_1802,73.0,run_PMN2A_1797,4,False,
PMN2A_1802,tsaD,N6-L-threonylcarbamoyladenine synthase,NC_007335.2,464412,465482,+,PMN2A_1803,29.0,run_PMN2A_1802,4,False,
PMN2A_1803,hli,high light inducible protein,NC_007335.2,465512,465694,+,PMN2A_1804,55.0,run_PMN2A_1802,4,False,
PMN2A_1804,PMN2A_RS02475,conserved hypothetical protein,NC_007335.2,465750,466259,+,PMN2A_1805,170.0,run_PMN2A_1802,4,False,
PMN2A_1805,nhaS,"Na+/H+ antiporter, CPA1 family",NC_007335.2,466430,467674,+,PMN2A_1806,-45.0,run_PMN2A_1802,4,False,
PMN2A_1806,gltX,glutamyl-tRNA synthetase,NC_007335.2,467630,469060,-,PMN2A_1807,296.0,run_PMN2A_1806,1,False,
PMN2A_1807,PMN2A_RS02495,Prochlorococcus/marine Synechococcus Hyper-Conserved Protein (PSHCP),NC_007335.2,469357,469545,-,PMN2A_1808,167.0,run_PMN2A_1807,2,False,
PMN2A_1808,rplS,50S ribosomal protein L19,NC_007335.2,469713,470201,-,PMN2A_1809,301.0,run_PMN2A_1807,2,False,
PMN2A_1809,map,"methionine aminopeptidase, type I",NC_007335.2,470503,471342,+,PMN2A_1810,2.0,run_PMN2A_1809,6,False,
PMN2A_1810,PMN2A_RS02515,C-terminal Rossman-fold domain of the monoglucosyldiacylglycerol epimerase MgdE,NC_007335.2,471345,472109,-,PMN2A_1811,150.0,run_PMN2A_1810,1,True,run_PMN2A_1809
PMN2A_1811,PMN2A_RS02520,AAA domain protein,NC_007335.2,472260,473351,+,PMN2A_1812,40.0,run_PMN2A_1809,6,False,
PMN2A_1812,PMN2A_RS02525,possible DNA recombination-mediator A family protein,NC_007335.2,473392,473910,+,PMN2A_1813,125.0,run_PMN2A_1809,6,False,
PMN2A_1813,yajQ,cyclic-di-GMP-binding protein,NC_007335.2,474036,474533,+,PMN2A_1814,41.0,run_PMN2A_1809,6,False,
PMN2A_1814,PMN2A_RS02535,conserved hypothetical protein,NC_007335.2,474575,474769,+,PMN2A_1815,138.0,run_PMN2A_1809,6,False,
PMN2A_1815,PMN2A_RS02540,prohibitin-like protein,NC_007335.2,474908,475711,+,PMN2A_1816,59.0,run_PMN2A_1809,6,False,
PMN2A_1816,hemL,"glutamate-1-semialdehyde-2,1-aminomutase",NC_007335.2,475771,477057,-,PMN2A_1817,282.0,run_PMN2A_1816,1,False,
PMN2A_1817,xthA,exodeoxyribonuclease III,NC_007335.2,477340,478167,-,PMN2A_1818,58.0,run_PMN2A_1817,1,False,
PMN2A_1818,PMN2A_RS02555,conserved hypothetical protein,NC_007335.2,478226,478561,+,PMN2A_1819,69.0,run_PMN2A_1818,4,False,
PMN2A_1819,PMN2A_RS02560,conserved hypothetical protein,NC_007335.2,478631,479278,+,PMN2A_1820,65.0,run_PMN2A_1818,4,False,
PMN2A_1820,larC,"possible pyridinium-3,5-bisthiocarboxylic acid mononucleotide nickel chelatase",NC_007335.2,479344,480567,+,PMN2A_1821,14.0,run_PMN2A_1818,4,False,
PMN2A_1821,PMN2A_RS02570,glycosyltransferase 2 family protein,NC_007335.2,480582,481532,+,PMN2A_1822,9.0,run_PMN2A_1818,4,False,
PMN2A_1822,futB,"ABC-type Fe3+ transport system, membrane component",NC_007335.2,481542,483128,-,PMN2A_1823,27.0,run_PMN2A_1822,4,False,
PMN2A_1823,PMN2A_RS02580,CobW-like pseudocobalamin biosynthesis proteinn,NC_007335.2,483156,484190,-,PMN2A_1824,25.0,run_PMN2A_1822,4,False,
PMN2A_1824,phhB,pterin-4-alpha-carbinolamine dehydratase,NC_007335.2,484216,484521,-,PMN2A_1825,1.0,run_PMN2A_1822,4,False,
PMN2A_1825,PMN2A_RS02590,uncharacterised protein family UPF0047,NC_007335.2,484523,484984,-,PMN2A_1826,229.0,run_PMN2A_1822,4,False,
PMN2A_1826,cxp,carboxypeptidase Taq (M32) metallopeptidase,NC_007335.2,485214,486743,+,PMN2A_1827,127.0,run_PMN2A_1826,2,False,
PMN2A_1827,ppa,inorganic pyrophosphatase,NC_007335.2,486871,487458,+,PMN2A_1828,14.0,run_PMN2A_1826,2,False,
PMN2A_1828,hemC,porphobilinogen deaminase,NC_007335.2,487473,488420,-,PMN2A_1829,159.0,run_PMN2A_1828,2,False,
PMN2A_1829,rpoD1,"major RNA polymerase sigma factor, type I",NC_007335.2,488580,489842,-,PMN2A_1934,226.0,run_PMN2A_1828,2,False,
PMN2A_1934,PMN2A_RS10415,conserved hypothetical protein,NC_007335.2,490069,490218,+,PMN2A_1830,36.0,run_PMN2A_1934,2,False,
PMN2A_1830,priA,primosomal protein N^,NC_007335.2,490255,492498,+,PMN2A_1831,13.0,run_PMN2A_1934,2,False,
PMN2A_1831,PMN2A_RS02620,conserved hypothetical protein,NC_007335.2,492512,493603,-,PMN2A_1832,0.0,run_PMN2A_1831,4,False,
PMN2A_1832,argB,acetylglutamate kinase,NC_007335.2,493604,494518,-,PMN2A_1833,-8.0,run_PMN2A_1831,4,False,
PMN2A_1833,APE1,acclimation of photosynthesis to environment protein,NC_007335.2,494511,495074,-,PMN2A_1834,54.0,run_PMN2A_1831,4,False,
PMN2A_1834,PMN2A_RS02635,conserved hypothetical protein,NC_007335.2,495129,495320,+,PMN2A_1835,5.0,run_PMN2A_1834,3,True,run_PMN2A_1831
PMN2A_1835,PMN2A_RS02640,possible single-stranded DNA-binding protein,NC_007335.2,495326,495763,-,PMN2A_1836,31.0,run_PMN2A_1831,4,True,run_PMN2A_1834
PMN2A_1836,cobK,precorrin-6x reductase,NC_007335.2,495795,496604,+,PMN2A_1837,15.0,run_PMN2A_1834,3,False,
PMN2A_1837,cutA,periplasmic divalent cation tolerance protein,NC_007335.2,496620,496943,+,PMN2A_1838,11.0,run_PMN2A_1834,3,False,
PMN2A_1838,pfkB,possible 6-phosphofructokinase,NC_007335.2,496955,497962,-,PMN2A_1839,41.0,run_PMN2A_1838,4,False,
PMN2A_1839,purA,adenylosuccinate synthase,NC_007335.2,498004,499317,-,PMN2A_1840,95.0,run_PMN2A_1838,4,False,
PMN2A_1840,psb27,photosystem II manganese cluster assembly protein Psb27,NC_007335.2,499413,499847,-,PMN2A_1841,46.0,run_PMN2A_1838,4,False,
PMN2A_1841,proS,proline--tRNA ligase,NC_007335.2,499894,501684,-,PMN2A_1842,174.0,run_PMN2A_1838,4,False,
PMN2A_1842,PMN2A_RS02675,conserved hypothetical protein,NC_007335.2,501859,502320,+,PMN2A_1843,103.0,run_PMN2A_1842,9,False,
PMN2A_1843,PMN2A_RS02680,conserved hypothetical protein,NC_007335.2,502424,502672,+,PMN2A_1844,-14.0,run_PMN2A_1842,9,False,
PMN2A_1844,ppa,inorganic pyrophosphatase,NC_007335.2,502659,503186,+,PMN2A_1845,52.0,run_PMN2A_1842,9,False,
PMN2A_1845,arsC,putative arsenate reductase,NC_007335.2,503239,503586,+,PMN2A_1846,82.0,run_PMN2A_1842,9,False,
PMN2A_1846,lepB,signal peptidase I,NC_007335.2,503669,504364,+,PMN2A_1847,137.0,run_PMN2A_1842,9,False,
PMN2A_1847,psp,phosphoserine phosphatase,NC_007335.2,504502,505830,-,PMN2A_1848,109.0,run_PMN2A_1847,1,True,run_PMN2A_1842
PMN2A_1848,PMN2A_RS02705,CAAX protease self-immunity family protein,NC_007335.2,505940,507286,+,PMN2A_1849,84.0,run_PMN2A_1842,9,False,
PMN2A_1849,PMN2A_RS02710,uncharacterized conserved membrane protein,NC_007335.2,507371,507835,+,PMN2A_1850,8.0,run_PMN2A_1842,9,False,
PMN2A_1850,ftsI,cell division protein FtsI (peptidoglycan synthetase),NC_007335.2,507844,509640,+,PMN2A_1851,92.0,run_PMN2A_1842,9,False,
PMN2A_1851,talA,transaldolase,NC_007335.2,509733,510731,+,PMN2A_1852,3.0,run_PMN2A_1842,9,False,
PMN2A_1852,PMN2A_RS02725,geranylgeranyl reductase family protein,NC_007335.2,510735,511865,-,PMN2A_1853,-4.0,run_PMN2A_1852,5,False,
PMN2A_1853,frr,ribosome recycling factor,NC_007335.2,511862,512410,-,PMN2A_1854,68.0,run_PMN2A_1852,5,False,
PMN2A_1854,pyrH,uridylate kinase,NC_007335.2,512479,513192,-,PMN2A_1855,97.0,run_PMN2A_1852,5,False,
PMN2A_1855,cobO1,cob(I)alamin adenosyltransferase,NC_007335.2,513290,513982,-,PMN2A_1856,82.0,run_PMN2A_1852,5,False,
PMN2A_1856,PMN2A_RS02745,phage integrase family protein,NC_007335.2,514065,515225,-,PMN2A_1857,71.0,run_PMN2A_1852,5,False,
PMN2A_1857,hemH,ferrochelatase,NC_007335.2,515297,516472,+,PMN2A_1858,145.0,run_PMN2A_1857,3,False,
PMN2A_1858,ilvB,"acetolactate synthase, large subunit, biosynthetic type",NC_007335.2,516618,518366,+,PMN2A_1859,27.0,run_PMN2A_1857,3,False,
PMN2A_1859,PMN2A_RS02760,conserved hypothetical protein,NC_007335.2,518394,518741,+,PMN2A_1860,297.0,run_PMN2A_1857,3,False,
PMN2A_1860,PMN2A_RS02765,conserved hypothetical protein,NC_007335.2,519039,519926,-,PMN2A_1861,23.0,run_PMN2A_1860,2,False,
PMN2A_1861,rpsA2,30S ribosomal protein S1,NC_007335.2,519950,521245,-,PMN2A_1862,102.0,run_PMN2A_1860,2,False,
PMN2A_1862,crnA,creatinine amidohydrolase,NC_007335.2,521348,522145,+,PMN2A_1863,74.0,run_PMN2A_1862,8,False,
PMN2A_1863,ado,long-chain fatty aldehyde decarbonylase/aldehyde-deformylating oxygenase,NC_007335.2,522220,522945,+,PMN2A_1864,138.0,run_PMN2A_1862,8,False,
PMN2A_1864,aar,long-chain fatty acyl-ACP reductase,NC_007335.2,523084,524124,+,PMN2A_1865,20.0,run_PMN2A_1862,8,False,
PMN2A_1865,accA,"acetyl-CoA carboxylase, carboxyl transferase alpha subunit",NC_007335.2,524145,525134,+,PMN2A_1866,26.0,run_PMN2A_1862,8,False,
PMN2A_1866,PMN2A_RS02795,beta-ketoacyl-(acyl-carrier-protein) reductase protein family,NC_007335.2,525161,525868,+,PMN2A_1867,-4.0,run_PMN2A_1862,8,False,
PMN2A_1867,trpF,N-(5^phosphoribosyl)anthranilate isomerase,NC_007335.2,525865,526539,-,PMN2A_1868,63.0,run_PMN2A_1867,2,True,run_PMN2A_1862
PMN2A_1868,PMN2A_RS02805,metallopeptidase M50 family protein,NC_007335.2,526603,527832,+,PMN2A_1869,2.0,run_PMN2A_1862,8,True,run_PMN2A_1867
PMN2A_1869,lplA,lipoate---protein ligase,NC_007335.2,527835,528584,-,PMN2A_1870,158.0,run_PMN2A_1867,2,True,run_PMN2A_1862
PMN2A_1870,PMN2A_RS02815,conserved membrane protein,NC_007335.2,528743,529147,+,PMN2A_1871,68.0,run_PMN2A_1862,8,False,
PMN2A_1871,porA,light-dependent protochlorophyllide reductase,NC_007335.2,529216,530229,+,PMN2A_1872,16.0,run_PMN2A_1862,8,False,
PMN2A_1872,chlL,"light-independent protochlorophyllide reductase, iron-sulfur ATP-binding protein",NC_007335.2,530246,531136,-,PMN2A_1873,360.0,run_PMN2A_1872,1,False,
PMN2A_1873,chlN,light-independent protochlorophyllide reductase subunit N,NC_007335.2,531497,532753,+,PMN2A_1874,4.0,run_PMN2A_1873,3,False,
PMN2A_1874,chlB,"light-independent protochlorophyllide reductase, B subunit",NC_007335.2,532758,534335,+,PMN2A_1875,11.0,run_PMN2A_1873,3,False,
PMN2A_1875,PMN2A_RS02840,conserved hypothetical protein,NC_007335.2,534347,534712,-,PMN2A_1876,101.0,run_PMN2A_1875,3,True,run_PMN2A_1873
PMN2A_1876,csoS1D,carboxysome shell component,NC_007335.2,534814,535590,+,PMN2A_1877,-4.0,run_PMN2A_1873,3,True,run_PMN2A_1875
PMN2A_1877,rdgB,dITP/XTP pyrophosphatase,NC_007335.2,535587,536177,-,PMN2A_RS10260,161.0,run_PMN2A_1875,3,False,
PMN2A_RS10260,,hypothetical protein,NC_007335.2,536339,536536,-,PMN2A_1878,-2.0,run_PMN2A_1875,3,False,
PMN2A_1878,csoS1A,carboxysome shell protein CsoS1A,NC_007335.2,536535,536846,+,PMN2A_1879,71.0,run_PMN2A_1878,9,False,
PMN2A_1879,rbcL,"ribulose bisphosphate carboxylase, large subunit",NC_007335.2,536918,538330,+,PMN2A_1880,100.0,run_PMN2A_1878,9,False,
PMN2A_1880,rbcS,"ribulose bisphosphate carboxylase, small subunit",NC_007335.2,538431,538772,+,PMN2A_1881,99.0,run_PMN2A_1878,9,False,
PMN2A_1881,csoS2,carboxysome shell protein CsoS2,NC_007335.2,538872,541262,+,PMN2A_1882,7.0,run_PMN2A_1878,9,False,
PMN2A_1882,csoSCA,carboxysomal carbonic anhydrase,NC_007335.2,541270,542829,+,PMN2A_1883,0.0,run_PMN2A_1878,9,False,
PMN2A_1883,csoS4A,pentameric carboxysome shell protein Csos4A (peptide A),NC_007335.2,542830,543105,+,PMN2A_1884,-1.0,run_PMN2A_1878,9,False,
PMN2A_1884,csos4B,pentameric carboxysome shell protein Csos4B (peptide B),NC_007335.2,543105,543356,+,PMN2A_1885,44.0,run_PMN2A_1878,9,False,
PMN2A_1885,csoS1E,carboxysome shell peptide,NC_007335.2,543401,543949,+,PMN2A_1886,75.0,run_PMN2A_1878,9,False,
PMN2A_1886,raf,alpha-carboxysome RuBisCO assembly factor,NC_007335.2,544025,544288,+,PMN2A_1887,-4.0,run_PMN2A_1878,9,False,
PMN2A_1887,PMN2A_RS02900,conserved hypothetical protein (DUF3136),NC_007335.2,544285,544515,-,PMN2A_1888,87.0,run_PMN2A_1887,3,False,
PMN2A_1888,ridA,reactive intermediate/imine deaminase A,NC_007335.2,544603,545010,-,PMN2A_1889,45.0,run_PMN2A_1887,3,False,
PMN2A_1889,glx2,hydroxyacylglutathione hydrolase,NC_007335.2,545056,545811,-,PMN2A_1890,50.0,run_PMN2A_1887,3,False,
PMN2A_1890,hisG,ATP phosphoribosyltransferase,NC_007335.2,545862,546524,+,PMN2A_1891,-14.0,run_PMN2A_1890,3,False,
PMN2A_1891,PMN2A_RS02920,putative ABC multidrug efflux transporter,NC_007335.2,546511,548307,+,PMN2A_1892,13.0,run_PMN2A_1890,3,False,
PMN2A_1892,ycf52,uncharacterized acyl-CoA N-acetyltransferase,NC_007335.2,548321,548863,+,PMN2A_1893,23.0,run_PMN2A_1890,3,False,
PMN2A_1893,PMN2A_RS02930,"beta-glycosyltransferase, family 2",NC_007335.2,548887,549591,-,PMN2A_1894,-52.0,run_PMN2A_1893,2,False,
PMN2A_1894,PMN2A_RS02935,conserved hypothetical protein,NC_007335.2,549540,550271,-,PMN2A_0001,223.0,run_PMN2A_1893,2,False,
PMN2A_0001,dnaA,chromosomal replication initiator protein,NC_007335.2,550495,551895,+,PMN2A_0002,36.0,run_PMN2A_0001,3,False,
PMN2A_0002,gst,glutathione S-transferase,NC_007335.2,551932,553173,-,PMN2A_0003,41.0,run_PMN2A_0002,2,True,run_PMN2A_0001
PMN2A_0003,gor,glutathione reductase,NC_007335.2,553215,554576,+,PMN2A_0004,13.0,run_PMN2A_0001,3,True,run_PMN2A_0002
PMN2A_0004,yrbG,cation:H+ antiporter,NC_007335.2,554590,555684,-,PMN2A_0005,148.0,run_PMN2A_0002,2,True,run_PMN2A_0001
PMN2A_0005,pyrC,"dihydroorotase, homodimeric type",NC_007335.2,555833,556897,+,PMN2A_0006,432.0,run_PMN2A_0001,3,False,
PMN2A_0006,ndhL,NADH dehydrogenase I subunit NdhL,NC_007335.2,557330,557599,+,PMN2A_0007,3.0,run_PMN2A_0006,4,False,
PMN2A_0007,PMN2A_RS02975,conserved hypothetical protein,NC_007335.2,557603,557935,+,PMN2A_0008,83.0,run_PMN2A_0006,4,False,
PMN2A_0008,trpA,"tryptophan synthase, alpha subunit",NC_007335.2,558019,558834,+,PMN2A_0009,77.0,run_PMN2A_0006,4,False,
PMN2A_0009,PMN2A_RS02985,YCII-like domain-containing protein,NC_007335.2,558912,559181,+,PMN2A_0010,-25.0,run_PMN2A_0006,4,False,
PMN2A_0010,petJ3,cytochrome c553 (cytochrome c6),NC_007335.2,559157,559528,-,PMN2A_0011,13.0,run_PMN2A_0010,4,False,
PMN2A_0011,PMN2A_RS02995,conserved hypothetical protein,NC_007335.2,559542,559874,-,PMN2A_0012,-4.0,run_PMN2A_0010,4,False,
PMN2A_0012,PMN2A_RS03000,conserved hypothetical protein (DUF1232),NC_007335.2,559871,560236,-,PMN2A_0013,2.0,run_PMN2A_0010,4,False,
PMN2A_0013,rpoD7,"RNA polymerase sigma factor, type II",NC_007335.2,560239,561162,-,PMN2A_0014,462.0,run_PMN2A_0010,4,False,
PMN2A_0014,hisIE,bifunctional phosphoribosyl-ATP pyrophosphohydrolase / phosphoribosyl-AMP cyclohydrolase,NC_007335.2,561625,562269,-,PMN2A_0015,77.0,run_PMN2A_0014,2,False,
PMN2A_0015,PMN2A_RS03015,putative 6-pyruvoyl tetrahydropterin synthase,NC_007335.2,562347,562817,+,PMN2A_0016,55.0,run_PMN2A_0015,1,True,run_PMN2A_0014
PMN2A_0016,clpB1,ATP-dependent Clp protease ATP-binding subunit ClpB,NC_007335.2,562873,565464,-,PMN2A_0017,379.0,run_PMN2A_0014,2,False,
PMN2A_0017,petE,plastocyanin,NC_007335.2,565844,566194,-,PMN2A_0018,54.0,run_PMN2A_0017,8,False,
PMN2A_0018,PMN2A_RS03030,short chain dehydrogenase family protein,NC_007335.2,566249,567235,-,PMN2A_0019,-4.0,run_PMN2A_0017,8,False,
PMN2A_0019,hemE,uroporphyrinogen decarboxylase,NC_007335.2,567232,568290,-,PMN2A_0020,161.0,run_PMN2A_0017,8,False,
PMN2A_0020,glgB,"1,4-alpha-glucan branching enzyme",NC_007335.2,568452,570719,-,PMN2A_0021,56.0,run_PMN2A_0017,8,False,
PMN2A_0021,PMN2A_RS03045,"X-Pro dipeptidyl-peptidase, S15 family",NC_007335.2,570776,572353,-,PMN2A_0022,7.0,run_PMN2A_0017,8,False,
PMN2A_0022,PMN2A_RS03050,uncharacterized conserved secreted protein,NC_007335.2,572361,572630,-,PMN2A_0023,47.0,run_PMN2A_0017,8,False,
PMN2A_0023,PMN2A_RS03055,domain of unknown function DUF4332-containing protein,NC_007335.2,572678,573094,-,PMN2A_0024,-8.0,run_PMN2A_0017,8,False,
PMN2A_0024,PMN2A_RS03060,conserved hypothetical protein,NC_007335.2,573087,573620,-,PMN2A_0025,73.0,run_PMN2A_0017,8,False,
PMN2A_0025,PMN2A_RS03065,translocation and assembly module TamB-like protein,NC_007335.2,573694,577653,+,PMN2A_0026,145.0,run_PMN2A_0025,4,False,
PMN2A_0026,proA,glutamate-5-semialdehyde dehydrogenase,NC_007335.2,577799,579115,+,PMN2A_0027,-4.0,run_PMN2A_0025,4,False,
PMN2A_0027,folB,dihydroneopterin aldolase,NC_007335.2,579112,579501,+,PMN2A_0028,0.0,run_PMN2A_0025,4,False,
PMN2A_0028,PMN2A_RS03080,alpha/beta hydrolase fold family protein,NC_007335.2,579502,580104,+,PMN2A_0029,-4.0,run_PMN2A_0025,4,False,
PMN2A_0029,prlC,oligopeptidase A,NC_007335.2,580101,582212,-,PMN2A_0030,16.0,run_PMN2A_0029,7,False,
PMN2A_0030,ndhD2,NADH dehydrogenase I subunit NdhD (chain 4 or M),NC_007335.2,582229,583782,-,PMN2A_0031,57.0,run_PMN2A_0029,7,False,
PMN2A_0031,thrB,homoserine kinase,NC_007335.2,583840,584787,-,PMN2A_0032,29.0,run_PMN2A_0029,7,False,
PMN2A_0032,glk,glucokinase,NC_007335.2,584817,585842,-,PMN2A_0033,23.0,run_PMN2A_0029,7,False,
PMN2A_0033,thrS,threonyl-tRNA synthetase,NC_007335.2,585866,587791,-,PMN2A_0034,6.0,run_PMN2A_0029,7,False,
PMN2A_0034,trpS,tryptophan--tRNA ligase,NC_007335.2,587798,588811,-,PMN2A_0035,0.0,run_PMN2A_0029,7,False,
PMN2A_0035,PMN2A_RS03115,Conserved hypothetical protein,NC_007335.2,588812,589342,-,PMN2A_0036,230.0,run_PMN2A_0029,7,False,
PMN2A_0036,PMN2A_RS03120,uncharacterized conserved membrane protein (DUF697),NC_007335.2,589573,590928,+,PMN2A_0037,74.0,run_PMN2A_0036,5,False,
PMN2A_0037,mntC,"ABC-type Mn2+ transporter, substrate binding protein",NC_007335.2,591003,591968,+,PMN2A_0038,-1.0,run_PMN2A_0036,5,False,
PMN2A_0038,mntA,"ABC-type Mn2+ transport system, ATPase component",NC_007335.2,591968,592765,+,PMN2A_0039,-8.0,run_PMN2A_0036,5,False,
PMN2A_0039,mntB,"ABC-type Mn2+ transporter, membrane component",NC_007335.2,592758,593630,+,PMN2A_0040,12.0,run_PMN2A_0036,5,False,
PMN2A_0040,PMN2A_RS03140,conserved hypothetical protein (DUF4336),NC_007335.2,593643,594821,+,PMN2A_0041,-4.0,run_PMN2A_0036,5,False,
PMN2A_0041,PMN2A_RS03145,conserved hypothetical protein (DUF760),NC_007335.2,594818,595162,-,PMN2A_0042,63.0,run_PMN2A_0041,2,False,
PMN2A_0042,lepB,signal peptidase I,NC_007335.2,595226,595792,-,PMN2A_0043,63.0,run_PMN2A_0041,2,False,
PMN2A_0043,menD,2-succinyl-5-enolpyruvyl-6-hydroxy-3- cyclohexene-1-carboxylic-acid synthase,NC_007335.2,595856,597652,+,PMN2A_0044,13.0,run_PMN2A_0043,4,False,
PMN2A_0044,menB,naphthoate synthase,NC_007335.2,597666,598565,+,PMN2A_0045,48.0,run_PMN2A_0043,4,False,
PMN2A_0045,glgA,glycogen synthase,NC_007335.2,598614,600077,+,PMN2A_0046,45.0,run_PMN2A_0043,4,False,
PMN2A_0046,murF,UDP-N-acetylmuramoyl-tripeptide--D-alanyl-D-alanine ligase,NC_007335.2,600123,601520,+,PMN2A_0047,14.0,run_PMN2A_0043,4,False,
PMN2A_0047,glmU,bifunctional N-acetylglucosamine-1-phosphate uridyltransferase/glucosamine-1-phosphate acetyltransferase,NC_007335.2,601535,602875,-,PMN2A_0048,35.0,run_PMN2A_0047,4,False,
PMN2A_0048,PMN2A_RS03180,S-adenosyl-L-methionine-dependent methyltransferase family protein,NC_007335.2,602911,603807,-,PMN2A_0049,11.0,run_PMN2A_0047,4,False,
PMN2A_0049,aroA,3-phosphoshikimate 1-carboxyvinyltransferase,NC_007335.2,603819,605153,-,PMN2A_0050,55.0,run_PMN2A_0047,4,False,
PMN2A_0050,ubiD,4-hydroxy-3-solanesylbenzoate decarboxylase,NC_007335.2,605209,606774,-,PMN2A_0051,64.0,run_PMN2A_0047,4,False,
PMN2A_0051,comB,2-phosphosulpholactate phosphatase,NC_007335.2,606839,607567,+,PMN2A_0052,27.0,run_PMN2A_0051,10,False,
PMN2A_0052,ybeM,deaminated glutathione amidase,NC_007335.2,607595,608419,+,PMN2A_0053,-1.0,run_PMN2A_0051,10,False,
PMN2A_0053,amiC,N-acetylmuramoyl-L-alanine amidase,NC_007335.2,608419,609504,+,PMN2A_0054,2.0,run_PMN2A_0051,10,False,
PMN2A_0054,murI,glutamate racemase,NC_007335.2,609507,610304,+,PMN2A_0055,22.0,run_PMN2A_0051,10,False,
PMN2A_0055,sds,solanesyl diphosphate synthase,NC_007335.2,610327,611298,+,PMN2A_0056,1.0,run_PMN2A_0051,10,False,
PMN2A_0056,PMN2A_RS03220,"HAD hydrolase, IA, variant 3 family protein",NC_007335.2,611300,611980,-,PMN2A_0057,92.0,run_PMN2A_0056,2,True,run_PMN2A_0051
PMN2A_0057,acs,acetate--CoA ligase,NC_007335.2,612073,614049,+,PMN2A_0058,-12.0,run_PMN2A_0051,10,True,run_PMN2A_0056
PMN2A_0058,PMN2A_RS03230,conserved hypothetical protein,NC_007335.2,614038,614772,-,PMN2A_0059,107.0,run_PMN2A_0056,2,True,run_PMN2A_0051
PMN2A_0059,PMN2A_RS03235,exonuclease family protein,NC_007335.2,614880,615758,+,PMN2A_0060,94.0,run_PMN2A_0051,10,False,
PMN2A_0060,PMN2A_RS03240,conserved hypothetical protein,NC_007335.2,615853,616140,+,PMN2A_0061,127.0,run_PMN2A_0051,10,False,
PMN2A_0061,hisS,histidine--tRNA ligase,NC_007335.2,616268,617548,+,PMN2A_0062,13.0,run_PMN2A_0051,10,False,
PMN2A_0062,ugd,UDP-glucose 6-dehydrogenase,NC_007335.2,617562,618965,+,PMN2A_0064,374.0,run_PMN2A_0051,10,False,
PMN2A_0064,PMN2A_RS03260,tryptophan-rich conserved hypothetical protein CHP02450,NC_007335.2,619340,619678,+,PMN2A_0065,130.0,run_PMN2A_0064,2,False,
PMN2A_0065,PMN2A_RS03265,conserved hypothetical protein,NC_007335.2,619809,620051,+,PMN2A_1937,45.0,run_PMN2A_0064,2,False,
PMN2A_1937,PMN2A_RS10425,Conserved hypothetical protein,NC_007335.2,620097,620261,-,PMN2A_0066,373.0,run_PMN2A_1937,1,False,
PMN2A_0066,pcb,"divinyl-chlorophyll a/b binding light harvesting protein, photosystem II-associated",NC_007335.2,620635,621684,+,PMN2A_0067,292.0,run_PMN2A_0066,1,False,
PMN2A_0067,gltS,putative Na+/glutamate symporter,NC_007335.2,621977,623362,+,PMN2A_0068,69.0,run_PMN2A_0067,4,False,
PMN2A_0068,PMN2A_RS03285,conserved hypothetical protein,NC_007335.2,623432,623689,+,PMN2A_0069,12.0,run_PMN2A_0067,4,False,
PMN2A_0069,gst,glutathione S-transferase,NC_007335.2,623702,624370,-,PMN2A_0070,166.0,run_PMN2A_0069,1,True,run_PMN2A_0067
PMN2A_0070,PMN2A_RS03295,bacteriophage-like membrane-associated DNA-binding domain-containing protein,NC_007335.2,624537,625097,+,PMN2A_0071,101.0,run_PMN2A_0067,4,False,
PMN2A_0071,PMN2A_RS03300,conserved hypothetical protein,NC_007335.2,625199,625453,+,PMN2A_0072,17.0,run_PMN2A_0067,4,False,
PMN2A_0072,PMN2A_RS03305,short-chain dehydrogenase/reductase family,NC_007335.2,625471,626184,-,PMN2A_0073,-4.0,run_PMN2A_0072,2,False,
PMN2A_0073,crtL-e,lycopene epsilon cyclase,NC_007335.2,626181,627467,-,PMN2A_0074,312.0,run_PMN2A_0072,2,False,
PMN2A_0074,porB,light-dependent protochlorophyllide reductase,NC_007335.2,627780,628802,+,PMN2A_0075,7.0,run_PMN2A_0074,1,False,
PMN2A_0075,mscS,"small-conductance mechanosensitive ion channel, MscS family",NC_007335.2,628810,629826,-,PMN2A_0076,65.0,run_PMN2A_0075,2,False,
PMN2A_0076,pncA,isochorismatase-like hydrolase superfamily,NC_007335.2,629892,630503,-,PMN2A_0077,215.0,run_PMN2A_0075,2,False,
PMN2A_0077,fur,ferric uptake regulator,NC_007335.2,630719,631105,+,PMN2A_0078,9.0,run_PMN2A_0077,1,False,
PMN2A_0078,arsS,radical SAM/Cys-rich domain protein,NC_007335.2,631115,632059,-,PMN2A_0079,86.0,run_PMN2A_0078,2,False,
PMN2A_0079,ggpP,glucosylglycerol 3-phosphatase,NC_007335.2,632146,633330,-,PMN2A_0080,178.0,run_PMN2A_0078,2,False,
PMN2A_0080,PMN2A_RS03345,conserved hypothetical protein,NC_007335.2,633509,635050,+,PMN2A_0081,199.0,run_PMN2A_0080,6,False,
PMN2A_0081,PMN2A_RS03350,aminoglycoside phosphotransferase,NC_007335.2,635250,636224,+,PMN2A_0082,54.0,run_PMN2A_0080,6,False,
PMN2A_0082,PMN2A_RS03355,conserved hypothetical protein,NC_007335.2,636279,636974,+,PMN2A_0083,52.0,run_PMN2A_0080,6,False,
PMN2A_0083,metY,O-acetylhomoserine aminocarboxypropyltransferase,NC_007335.2,637027,638352,+,PMN2A_0084,22.0,run_PMN2A_0080,6,False,
PMN2A_0084,metA,homoserine O-succinyltransferase,NC_007335.2,638375,639268,+,PMN2A_0085,44.0,run_PMN2A_0080,6,False,
PMN2A_0085,PMN2A_RS03370,FAD domain-containing protein,NC_007335.2,639313,640584,-,PMN2A_0086,84.0,run_PMN2A_0085,1,True,run_PMN2A_0080
PMN2A_0086,cbiX,sirohydrochlorin cobaltochelatase,NC_007335.2,640669,641682,+,PMN2A_0087,387.0,run_PMN2A_0080,6,False,
PMN2A_0087,PMN2A_RS03380,conserved hypothetical protein (DUF2811),NC_007335.2,642070,642339,+,PMN2A_0088,-11.0,run_PMN2A_0087,1,False,
PMN2A_0088,PMN2A_RS03385,FAD binding domain protein,NC_007335.2,642329,643972,-,PMN2A_0089,343.0,run_PMN2A_0088,1,False,
PMN2A_0089,PMN2A_RS03390,pentapeptide repeats family protein,NC_007335.2,644316,644786,+,PMN2A_0090,8.0,run_PMN2A_0089,2,False,
PMN2A_0090,PMN2A_RS03395,dolichyl-phosphate-mannose-mannosyltransferase family protein,NC_007335.2,644795,646891,+,PMN2A_1939,37.0,run_PMN2A_0089,2,False,
PMN2A_1939,PMN2A_RS10430,conserved hypothetical protein,NC_007335.2,646929,647099,-,PMN2A_0091,619.0,run_PMN2A_1939,1,False,
PMN2A_0091,PMN2A_RS03405,conserved hypothetical protein,NC_007335.2,647719,647913,+,PMN2A_0092,51.0,run_PMN2A_0091,1,False,
PMN2A_0092,PMN2A_RS03410,conserved hypothetical protein,NC_007335.2,647965,648228,-,PMN2A_0093,162.0,run_PMN2A_0092,2,False,
PMN2A_0093,nrdJ,ribonucleoside-diphosphate reductase,NC_007335.2,648391,650727,-,PMN2A_0094,112.0,run_PMN2A_0092,2,False,
PMN2A_0094,PMN2A_RS03420,methyltransferase domain protein,NC_007335.2,650840,651523,+,PMN2A_0095,36.0,run_PMN2A_0094,3,False,
PMN2A_0095,prfC,peptide chain release factor 3,NC_007335.2,651560,653227,+,PMN2A_0096,55.0,run_PMN2A_0094,3,False,
PMN2A_0096,PMN2A_RS03430,conserved hypothetical protein,NC_007335.2,653283,653972,+,PMN2A_0097,4.0,run_PMN2A_0094,3,False,
PMN2A_0097,hslO,hsp33 family protein,NC_007335.2,653977,654876,-,PMN2A_0098,16.0,run_PMN2A_0097,2,False,
PMN2A_0098,PMN2A_RS03440,ABC transporter family protein,NC_007335.2,654893,655519,-,PMN2A_0099,115.0,run_PMN2A_0097,2,False,
PMN2A_0099,PMN2A_RS03445,conserved hypothetical protein,NC_007335.2,655635,656084,+,PMN2A_0100,6.0,run_PMN2A_0099,3,False,
PMN2A_0100,PMN2A_RS03450,"RNA methyltransferase, RsmE family protein",NC_007335.2,656091,656855,+,PMN2A_0101,64.0,run_PMN2A_0099,3,False,
PMN2A_0101,PMN2A_RS03455,conserved hypothetical protein,NC_007335.2,656920,657663,+,PMN2A_0102,5.0,run_PMN2A_0099,3,False,
PMN2A_0102,PMN2A_RS03460,SGNH hydrolase superfamily protein,NC_007335.2,657669,658316,-,PMN2A_0103,25.0,run_PMN2A_0102,5,False,
PMN2A_0103,phnE,"phosphate/phosphonate ABC type transporter, permease component",NC_007335.2,658342,659892,-,PMN2A_0104,6.0,run_PMN2A_0102,5,False,
PMN2A_0104,phnC,"phosphonate ABC type transporter, ATPase component",NC_007335.2,659899,660633,-,PMN2A_0105,-4.0,run_PMN2A_0102,5,False,
PMN2A_0105,phnD,"phosphonate ABC type transporter, substrate binding component",NC_007335.2,660630,661541,-,PMN2A_0106,5.0,run_PMN2A_0102,5,False,
PMN2A_0106,aspC,aspartate aminotransferase,NC_007335.2,661547,662725,-,PMN2A_0107,100.0,run_PMN2A_0102,5,False,
PMN2A_0107,PMN2A_RS03485,conserved hypothetical protein,NC_007335.2,662826,663230,+,PMN2A_0108,-4.0,run_PMN2A_0107,4,False,
PMN2A_0108,PMN2A_RS03490,uracil-DNA glycosylase,NC_007335.2,663227,663790,+,PMN2A_0109,52.0,run_PMN2A_0107,4,False,
PMN2A_0109,gcpE,(E)-4-hydroxy-3-methylbut-2-enyl diphosphate synthase,NC_007335.2,663843,665066,+,PMN2A_0110,53.0,run_PMN2A_0107,4,False,
PMN2A_0110,ctpA,photosystem II D1 protein carboxyl-terminal processing peptidase,NC_007335.2,665120,666424,+,PMN2A_0111,0.0,run_PMN2A_0107,4,False,
PMN2A_0111,PMN2A_RS03505,conserved hypothetical protein,NC_007335.2,666425,666979,-,PMN2A_0112,8.0,run_PMN2A_0111,4,False,
PMN2A_0112,nadA,"quinolinate synthetase complex, A subunit",NC_007335.2,666988,667929,-,PMN2A_0113,44.0,run_PMN2A_0111,4,False,
PMN2A_0113,PMN2A_RS03515,Predicted phosphoesterase,NC_007335.2,667974,668864,+,PMN2A_0114,39.0,run_PMN2A_0113,2,True,run_PMN2A_0111
PMN2A_0114,PMN2A_RS03520,repair family protein,NC_007335.2,668904,669653,-,PMN2A_0115,86.0,run_PMN2A_0111,4,True,run_PMN2A_0113
PMN2A_0115,PMN2A_RS03525,"protein arginine methyltransferase, NDUFAF7 superfamily",NC_007335.2,669740,670942,+,PMN2A_0116,-8.0,run_PMN2A_0113,2,True,run_PMN2A_0111
PMN2A_0116,aroB,3-dehydroquinate synthase,NC_007335.2,670935,672041,-,PMN2A_0117,274.0,run_PMN2A_0111,4,False,
PMN2A_0117,purK,N5-carboxyaminoimidazole ribonucleotide synthetase monomer,NC_007335.2,672316,673461,+,PMN2A_0118,313.0,run_PMN2A_0117,1,False,
PMN2A_0118,PMN2A_RS03540,conserved hypothetical protein,NC_007335.2,673775,674125,-,PMN2A_0119,230.0,run_PMN2A_0118,1,False,
PMN2A_0119,PMN2A_RS03545,uncharacterized conserved membrane protein,NC_007335.2,674356,674571,-,PMN2A_1942,1223.0,run_PMN2A_0119,1,False,
PMN2A_1942,PMN2A_RS10435,conserved hypothetical protein,NC_007335.2,675795,675941,+,PMN2A_1943,168.0,run_PMN2A_1942,2,False,
PMN2A_1943,PMN2A_RS10440,conserved hypothetical protein,NC_007335.2,676110,676268,+,PMN2A_1944,168.0,run_PMN2A_1942,2,False,
PMN2A_1944,PMN2A_RS10445,Conserved hypothetical protein,NC_007335.2,676437,676613,-,PMN2A_0120,675.0,run_PMN2A_1944,1,False,
PMN2A_0120,PMN2A_RS03550,conserved hypothetical protein,NC_007335.2,677289,677744,-,PMN2A_0121,227.0,run_PMN2A_0120,1,False,
PMN2A_0121,PMN2A_RS03555,conserved hypothetical protein,NC_007335.2,677972,678373,-,PMN2A_0122,246.0,run_PMN2A_0121,1,False,
PMN2A_0122,PMN2A_RS10065,conserved hypothetical protein,NC_007335.2,678620,678811,-,PMN2A_0123,162.0,run_PMN2A_0122,1,False,
PMN2A_0123,PMN2A_RS03560,conserved hypothetical protein (DUF1651),NC_007335.2,678974,679243,+,PMN2A_0124,339.0,run_PMN2A_0123,1,False,
PMN2A_0124,PMN2A_RS03570,nucleoside 2-deoxyribosyltransferase family protein,NC_007335.2,679583,680053,+,PMN2A_0125,99.0,run_PMN2A_0124,2,False,
PMN2A_0125,PMN2A_RS03575,conserved hypothetical protein,NC_007335.2,680153,680998,+,PMN2A_1946,615.0,run_PMN2A_0124,2,False,
PMN2A_1946,PMN2A_RS03580,conserved hypothetical protein,NC_007335.2,681614,681817,+,PMN2A_0126,144.0,run_PMN2A_1946,2,False,
PMN2A_0126,PMN2A_RS03585,"sensor kinase CpxA, putative",NC_007335.2,681962,682297,+,PMN2A_0127,46.0,run_PMN2A_1946,2,False,
PMN2A_0127,PMN2A_RS03590,conserved hypothetical protein,NC_007335.2,682344,682610,-,PMN2A_0128,193.0,run_PMN2A_0127,4,False,
PMN2A_0128,PMN2A_RS03595,conserved hypothetical protein,NC_007335.2,682804,683199,-,PMN2A_1947,83.0,run_PMN2A_0127,4,False,
PMN2A_1947,PMN2A_RS10450,conserved hypothetical protein,NC_007335.2,683283,683459,-,PMN2A_0129,164.0,run_PMN2A_0127,4,False,
PMN2A_0129,PMN2A_RS03600,conserved hypothetical protein,NC_007335.2,683624,683848,-,PMN2A_0130,219.0,run_PMN2A_0127,4,False,
PMN2A_0130,PMN2A_RS03605,"flavoprotein, HI0933 family",NC_007335.2,684068,685285,+,PMN2A_0131,460.0,run_PMN2A_0130,1,False,
PMN2A_0131,PMN2A_RS03610,"uncharacterized conserved membrane protein, DoxX family",NC_007335.2,685746,686303,+,PMN2A_0132,11.0,run_PMN2A_0131,1,False,
PMN2A_0132,PMN2A_RS03615,conserved hypothetical protein,NC_007335.2,686315,686611,-,PMN2A_0133,287.0,run_PMN2A_0132,1,False,
PMN2A_0133,PMN2A_RS03620,conserved hypothetical protein,NC_007335.2,686899,687102,+,PMN2A_0134,357.0,run_PMN2A_0133,1,False,
PMN2A_0134,PMN2A_RS03625,"putative autoinducer 2 exporter, YhhT family",NC_007335.2,687460,688536,-,PMN2A_0135,9.0,run_PMN2A_0134,3,False,
PMN2A_0135,psb28,photosystem II reaction centre Psb28 protein,NC_007335.2,688546,688887,-,PMN2A_0136,41.0,run_PMN2A_0134,3,False,
PMN2A_0136,selU,tRNA 2-selenouridine synthase,NC_007335.2,688929,689981,-,PMN2A_0137,39.0,run_PMN2A_0134,3,False,
PMN2A_0137,ycf53,ferredoxin-interacting protein Ycf53,NC_007335.2,690021,690737,+,PMN2A_0138,130.0,run_PMN2A_0137,2,False,
PMN2A_0138,rsbW,anti-sigma regulatory factor,NC_007335.2,690868,691260,+,PMN2A_0139,4.0,run_PMN2A_0137,2,False,
PMN2A_0139,PMN2A_RS03650,conserved hypothetical protein,NC_007335.2,691265,691522,-,PMN2A_0140,49.0,run_PMN2A_0139,3,False,
PMN2A_0140,PMN2A_RS03655,S-adenosyl-L-methionine-dependent methyltransferase,NC_007335.2,691572,692633,-,PMN2A_0141,138.0,run_PMN2A_0139,3,False,
PMN2A_0141,glnA,"glutamine synthetase, type I",NC_007335.2,692772,694193,-,PMN2A_0142,207.0,run_PMN2A_0139,3,False,
PMN2A_0142,spt,alanine--glyoxylate aminotransferase,NC_007335.2,694401,695579,+,PMN2A_0143,-18.0,run_PMN2A_0142,2,False,
PMN2A_0143,PMN2A_RS03670,cytidine and deoxycytidylate deaminase zinc-binding region family protein,NC_007335.2,695562,696029,-,PMN2A_0144,150.0,run_PMN2A_0143,6,True,run_PMN2A_0142
PMN2A_0144,PMN2A_RS03675,pyridoxal phosphate-dependent decarboxylase,NC_007335.2,696180,697550,+,PMN2A_0145,113.0,run_PMN2A_0142,2,True,run_PMN2A_0143
PMN2A_0145,PMN2A_RS03680,50S ribosome-binding GTPase family protein,NC_007335.2,697664,699217,-,PMN2A_0146,7.0,run_PMN2A_0143,6,False,
PMN2A_0146,ispA,signal peptidase II,NC_007335.2,699225,699710,-,PMN2A_0147,-4.0,run_PMN2A_0143,6,False,
PMN2A_0147,bioY,"biotin ECF transporter, substrate component",NC_007335.2,699707,700279,-,PMN2A_0148,84.0,run_PMN2A_0143,6,False,
PMN2A_0148,sipA,activator of the histidine kinase NblS,NC_007335.2,700364,700585,+,PMN2A_0149,18.0,run_PMN2A_0148,1,True,run_PMN2A_0143
PMN2A_0149,PMN2A_RS03700,"metallopeptidase, M16 family",NC_007335.2,700604,701839,-,PMN2A_0150,2.0,run_PMN2A_0143,6,False,
PMN2A_0150,PMN2A_RS03705,peptidase M16 inactive domain protein,NC_007335.2,701842,703074,-,PMN2A_0151,359.0,run_PMN2A_0143,6,False,
PMN2A_0151,pcyA,phycocyanobilin:ferredoxin oxidoreductase,NC_007335.2,703434,704159,+,PMN2A_0152,-7.0,run_PMN2A_0151,11,False,
PMN2A_0152,devB,"ABC exporter membrane fusion, DevB family",NC_007335.2,704153,705070,+,PMN2A_0153,-1.0,run_PMN2A_0151,11,False,
PMN2A_0153,devC,ABC exporter transmembrane subunit,NC_007335.2,705070,706245,+,PMN2A_0154,33.0,run_PMN2A_0151,11,False,
PMN2A_0154,devA,"DEVA-like ABC transporter, ATP-binding subunit",NC_007335.2,706279,706971,+,PMN2A_0155,36.0,run_PMN2A_0151,11,False,
PMN2A_0155,PMN2A_RS10265,conserved hypothetical protein,NC_007335.2,707008,707163,+,PMN2A_0156,91.0,run_PMN2A_0151,11,False,
PMN2A_0156,PMN2A_RS03730,"beta-glycosyltransferase, family 2",NC_007335.2,707255,708187,+,PMN2A_0157,137.0,run_PMN2A_0151,11,False,
PMN2A_0157,rpsB,30S ribosomal protein S2,NC_007335.2,708325,709017,+,PMN2A_0158,58.0,run_PMN2A_0151,11,False,
PMN2A_0158,tsf,Translation elongation factor Ts,NC_007335.2,709076,709732,+,PMN2A_0159,2.0,run_PMN2A_0151,11,False,
PMN2A_0159,PMN2A_RS03745,conserved hypothetical protein,NC_007335.2,709735,710934,+,PMN2A_0160,-28.0,run_PMN2A_0151,11,False,
PMN2A_0160,recG,ATP-dependent DNA helicase,NC_007335.2,710907,713447,+,PMN2A_0161,105.0,run_PMN2A_0151,11,False,
PMN2A_0161,ddpX,D-alanyl-D-alanine dipeptidase,NC_007335.2,713553,714308,+,PMN2A_0162,-64.0,run_PMN2A_0151,11,False,
PMN2A_0162,sir,sulfite reductase (ferredoxin),NC_007335.2,714245,716050,-,PMN2A_0163,519.0,run_PMN2A_0162,1,False,
PMN2A_0163,glyS,"glycyl-tRNA synthetase, beta subunit",NC_007335.2,716570,718732,+,PMN2A_0164,18.0,run_PMN2A_0163,15,False,
PMN2A_0164,chlP,geranylgeranyl reductase,NC_007335.2,718751,720082,-,PMN2A_0165,137.0,run_PMN2A_0164,1,True,run_PMN2A_0163
PMN2A_0165,vanY,D-alanyl-D-alanine carboxypeptidase,NC_007335.2,720220,720930,+,PMN2A_0166,132.0,run_PMN2A_0163,15,False,
PMN2A_0166,typA,GTP-binding protein TypA/BipA,NC_007335.2,721063,722859,+,PMN2A_0167,5.0,run_PMN2A_0163,15,False,
PMN2A_0167,PMN2A_RS03785,conserved hypothetical protein (DUF309),NC_007335.2,722865,723245,+,PMN2A_0168,161.0,run_PMN2A_0163,15,False,
PMN2A_0168,PMN2A_RS03790,putative membrane protein,NC_007335.2,723407,724963,+,PMN2A_0169,75.0,run_PMN2A_0163,15,False,
PMN2A_0169,lptB,"lipopolysaccharide export system, ATP-binding component LptB",NC_007335.2,725039,725764,+,PMN2A_0170,6.0,run_PMN2A_0163,15,False,
PMN2A_0170,lptG,"lipopolysaccharide export system, permease component",NC_007335.2,725771,726958,+,PMN2A_0171,37.0,run_PMN2A_0163,15,False,
PMN2A_0171,ccsA,cytochrome c-type biogenesis protein,NC_007335.2,726996,727943,+,PMN2A_0172,19.0,run_PMN2A_0163,15,False,
PMN2A_0172,rpe,ribulose-phosphate 3-epimerase,NC_007335.2,727963,728715,-,PMN2A_0173,200.0,run_PMN2A_0172,1,True,run_PMN2A_0163
PMN2A_0173,fbp-sbp,"bifunctional fructose-1,6-biphosphatase/sedoheptulose1,7-biphosphate phosphatase",NC_007335.2,728916,729920,+,PMN2A_0174,30.0,run_PMN2A_0163,15,False,
PMN2A_0174,hemA,glutamyl-tRNA reductase,NC_007335.2,729951,731276,+,PMN2A_0175,105.0,run_PMN2A_0163,15,False,
PMN2A_0175,glgC,glucose-1-phosphate adenylyltransferase,NC_007335.2,731382,732677,+,PMN2A_0176,158.0,run_PMN2A_0163,15,False,
PMN2A_0176,gnd,6-phosphogluconate dehydrogenase,NC_007335.2,732836,734254,+,PMN2A_0177,5.0,run_PMN2A_0163,15,False,
PMN2A_0177,pgl,6-phosphogluconolactonase,NC_007335.2,734260,734976,+,PMN2A_0178,29.0,run_PMN2A_0163,15,False,
PMN2A_0178,PMN2A_RS03840,NADH:ubiquinone oxidoreductase complex I intermediate-associated CIA30-like protein,NC_007335.2,735006,735587,+,PMN2A_0179,-14.0,run_PMN2A_0163,15,False,
PMN2A_0179,PMN2A_RS03845,conserved hypothetical protein,NC_007335.2,735574,735969,+,PMN2A_0180,1.0,run_PMN2A_0163,15,False,
PMN2A_0180,ilvD,dihydroxy-acid dehydratase,NC_007335.2,735971,737641,-,PMN2A_0181,33.0,run_PMN2A_0180,3,False,
PMN2A_0181,PMN2A_RS03855,conserved hypothetical protein,NC_007335.2,737675,737974,-,PMN2A_0182,24.0,run_PMN2A_0180,3,False,
PMN2A_0182,PMN2A_RS03860,putative uracil phosphoribosyltransferase,NC_007335.2,737999,738616,-,PMN2A_0183,71.0,run_PMN2A_0180,3,False,
PMN2A_0183,PMN2A_RS03865,pentapeptide repeats family protein,NC_007335.2,738688,739200,+,PMN2A_0184,20.0,run_PMN2A_0183,5,False,
PMN2A_0184,cobW,pseudocobalamin biosynthesis protein CobW,NC_007335.2,739221,740315,+,PMN2A_0185,119.0,run_PMN2A_0183,5,False,
PMN2A_0185,PMN2A_RS10070,conserved hypothetical protein,NC_007335.2,740435,740620,+,PMN2A_0186,87.0,run_PMN2A_0183,5,False,
PMN2A_0186,purS,"phosphoribosylformylglycinamidine (FGAM) synthase, PurS component",NC_007335.2,740708,740980,+,PMN2A_0187,5.0,run_PMN2A_0183,5,False,
PMN2A_0187,purQ,"phosphoribosylformylglycinamidine (FGAM) synthase, glutamine amidotransferase domain",NC_007335.2,740986,741639,+,PMN2A_0188,68.0,run_PMN2A_0183,5,False,
PMN2A_0188,fda,"fructose-1,6-bisphosphate aldolase class I",NC_007335.2,741708,742775,-,PMN2A_0189,141.0,run_PMN2A_0188,14,False,
PMN2A_0189,PMN2A_RS03890,"oxidoreductase, NAD-binding Rossmann fold family protein",NC_007335.2,742917,744017,-,PMN2A_0190,21.0,run_PMN2A_0188,14,False,
PMN2A_0190,PMN2A_RS03895,conserved hypothetical protein,NC_007335.2,744039,744443,-,PMN2A_0191,-8.0,run_PMN2A_0188,14,False,
PMN2A_0191,accD,"acetyl-CoA carboxylase, carboxyl transferase beta subunit",NC_007335.2,744436,745320,-,PMN2A_0192,51.0,run_PMN2A_0188,14,False,
PMN2A_0192,pilD,leader peptidase (prepilin peptidase) / N-methyltransferase,NC_007335.2,745372,745857,-,PMN2A_0193,61.0,run_PMN2A_0188,14,False,
PMN2A_0193,prkB,phosphoribulokinase,NC_007335.2,745919,746821,-,PMN2A_0194,87.0,run_PMN2A_0188,14,False,
PMN2A_0194,leuB,3-isopropylmalate dehydrogenase,NC_007335.2,746909,747988,-,PMN2A_0195,26.0,run_PMN2A_0188,14,False,
PMN2A_0195,lpxD,UDP-3-O-[3-hydroxymyristoyl] glucosamine N-acyltransferase,NC_007335.2,748015,749067,-,PMN2A_0196,45.0,run_PMN2A_0188,14,False,
PMN2A_0196,proB,glutamate 5-kinase,NC_007335.2,749113,750195,-,PMN2A_RS11085,-4.0,run_PMN2A_0188,14,False,
PMN2A_RS11085,,conserved hypothetical protein,NC_007335.2,750192,750713,-,PMN2A_0198,-13.0,run_PMN2A_0188,14,False,
PMN2A_0198,PMN2A_RS03935,conserved hypothetical protein (DUF3727),NC_007335.2,750701,751237,-,PMN2A_0199,64.0,run_PMN2A_0188,14,False,
PMN2A_0199,yqgF,DNA damage response protein YqgF / putative pre-16S rRNA nuclease,NC_007335.2,751302,751736,-,PMN2A_0200,-4.0,run_PMN2A_0188,14,False,
PMN2A_0200,PMN2A_RS03945,conserved hypothetical protein,NC_007335.2,751733,752770,-,PMN2A_0201,38.0,run_PMN2A_0188,14,False,
PMN2A_0201,PMN2A_RS03950,uncharacterized conserved secreted protein,NC_007335.2,752809,753774,-,PMN2A_0202,240.0,run_PMN2A_0188,14,False,
PMN2A_0202,PMN2A_RS03955,thioredoxin-like regulatory factor of photosystem I titer,NC_007335.2,754015,754572,-,PMN2A_0203,66.0,run_PMN2A_0202,4,False,
PMN2A_0203,ycf55,conserved hypothetical protein,NC_007335.2,754639,756234,-,PMN2A_0204,127.0,run_PMN2A_0202,4,False,
PMN2A_0204,hisA,1-(5-phosphoribosyl)-5-[(5- phosphoribosylamino)methylideneamino]imidazole-4- carboxamide isomerase,NC_007335.2,756362,757132,-,PMN2A_0205,87.0,run_PMN2A_0202,4,False,
PMN2A_0205,PMN2A_RS03970,conserved hypothetical protein,NC_007335.2,757220,758143,+,PMN2A_0206,-29.0,run_PMN2A_0205,1,True,run_PMN2A_0202
PMN2A_0206,pgsA,CDP-diacylglycerol--glycerol-3-phosphate 3-phosphatidyltransferase,NC_007335.2,758115,758672,-,PMN2A_0207,822.0,run_PMN2A_0202,4,False,
PMN2A_0207,PMN2A_RS03980,acetyltransferase family protein,NC_007335.2,759495,760382,+,PMN2A_0208,11.0,run_PMN2A_0207,1,False,
PMN2A_0208,PMN2A_RS03985,conserved hypothetical protein,NC_007335.2,760394,760597,-,PMN2A_0209,21.0,run_PMN2A_0208,3,False,
PMN2A_0209,PMN2A_RS03990,NAD(P)-binding domain-containing protein,NC_007335.2,760619,761287,-,PMN2A_0210,77.0,run_PMN2A_0208,3,False,
PMN2A_0210,nth,endonuclease III,NC_007335.2,761365,762018,-,PMN2A_0211,190.0,run_PMN2A_0208,3,False,
PMN2A_0211,futC,iron(III) transport system ATP-binding protein,NC_007335.2,762209,763267,+,PMN2A_0212,163.0,run_PMN2A_0211,2,False,
PMN2A_0212,ftn,ferritin,NC_007335.2,763431,763982,+,PMN2A_0214,316.0,run_PMN2A_0211,2,False,
PMN2A_0214,PMN2A_RS04015,"possible transcriptional regulator of iron metabolism, Crp/Fnr family protein",NC_007335.2,764299,764895,-,PMN2A_0215,283.0,run_PMN2A_0214,1,False,
PMN2A_0215,pcb,"divinyl-chlorophyll a/b binding light harvesting protein, photosystem I-associated",NC_007335.2,765179,766237,-,PMN2A_0216,253.0,run_PMN2A_0215,1,False,
PMN2A_0216,PMN2A_RS04025,AhpC/TSA antioxidant enzyme domain-containing protein,NC_007335.2,766491,767216,+,PMN2A_RS10270,10.0,run_PMN2A_0216,2,False,
PMN2A_RS10270,,transcriptional regulator,NC_007335.2,767227,767442,+,PMN2A_0217,-4.0,run_PMN2A_0216,2,False,
PMN2A_0217,PMN2A_RS04030,ABC transporter family protein,NC_007335.2,767439,768251,-,PMN2A_0218,34.0,run_PMN2A_0217,4,False,
PMN2A_0218,PcCAO,chlorophyll b synthase / chlorophyllide a oxygenase,NC_007335.2,768286,769620,-,PMN2A_0219,192.0,run_PMN2A_0217,4,False,
PMN2A_0219,PMN2A_RS10080,conserved hypothetical protein,NC_007335.2,769813,770004,-,PMN2A_0220,118.0,run_PMN2A_0217,4,False,
PMN2A_0220,PMN2A_RS10455,conserved hypothetical protein,NC_007335.2,770123,770293,-,PMN2A_0221,351.0,run_PMN2A_0217,4,False,
PMN2A_0221,galE,UDP-glucose 4-epimerase,NC_007335.2,770645,771688,+,PMN2A_0222,726.0,run_PMN2A_0221,1,False,
PMN2A_0222,PMN2A_RS04050,L-asparaginase II family protein,NC_007335.2,772415,773377,-,PMN2A_0223,3.0,run_PMN2A_0222,4,False,
PMN2A_0223,PMN2A_RS04055,CGLD27-like uncharacterized conserved membrane protein,NC_007335.2,773381,773878,-,PMN2A_0224,-8.0,run_PMN2A_0222,4,False,
PMN2A_0224,rsfS,oligomerisation domain protein,NC_007335.2,773871,774245,-,PMN2A_0225,-8.0,run_PMN2A_0222,4,False,
PMN2A_0225,PMN2A_RS04065,conserved hypothetical protein,NC_007335.2,774238,774873,-,PMN2A_0226,120.0,run_PMN2A_0222,4,False,
PMN2A_0226,carB,"carbamoyl-phosphate synthase, large subunit",NC_007335.2,774994,778302,+,PMN2A_0227,222.0,run_PMN2A_0226,1,False,
PMN2A_0227,cycI2,magnesium-protoporphyrin IX monomethyl ester aerobic oxidative cyclase,NC_007335.2,778525,779631,+,PMN2A_0228,15.0,run_PMN2A_0227,1,False,
PMN2A_0228,petF,2Fe-2S ferredoxin,NC_007335.2,779647,780033,-,PMN2A_0229,7.0,run_PMN2A_0228,3,False,
PMN2A_0229,PMN2A_RS04085,conserved hypothetical protein,NC_007335.2,780041,780376,-,PMN2A_0230,199.0,run_PMN2A_0228,3,False,
PMN2A_0230,PMN2A_RS04090,conserved hypothetical protein,NC_007335.2,780576,780794,-,PMN2A_0231,136.0,run_PMN2A_0228,3,False,
PMN2A_0231,PMN2A_RS04095,NAD binding domain of 6-phosphogluconate dehydrogenase family protein,NC_007335.2,780931,781794,+,PMN2A_0233,223.0,run_PMN2A_0231,1,False,
PMN2A_0233,PMN2A_RS04100,conserved hypothetical protein,NC_007335.2,782018,782416,-,PMN2A_0234,96.0,run_PMN2A_0233,1,False,
PMN2A_0234,evrA,ATP-binding cassette-type viologen exporter,NC_007335.2,782513,783511,+,PMN2A_0235,-4.0,run_PMN2A_0234,4,False,
PMN2A_0235,evrB,"ATP-binding cassette-type viologen exporter, permease component",NC_007335.2,783508,784305,+,PMN2A_0236,1.0,run_PMN2A_0234,4,False,
PMN2A_0236,evrC,ATP-binding cassette-type viologen exporter,NC_007335.2,784307,785095,+,PMN2A_0237,56.0,run_PMN2A_0234,4,False,
PMN2A_0237,PMN2A_RS04120,"Mn2+/Fe2+ transporter, NRAMP family",NC_007335.2,785152,786465,-,PMN2A_0238,149.0,run_PMN2A_0237,2,True,run_PMN2A_0234
PMN2A_0238,PMN2A_RS04125,conserved hypothetical protein,NC_007335.2,786615,787121,+,PMN2A_0239,7.0,run_PMN2A_0234,4,True,run_PMN2A_0237
PMN2A_0239,PMN2A_RS04130,phosphoribosyl transferase domain containing protein,NC_007335.2,787129,787512,-,PMN2A_0240,327.0,run_PMN2A_0237,2,False,
PMN2A_0240,PMN2A_RS10460,conserved hypothetical protein,NC_007335.2,787840,788007,-,PMN2A_0241,137.0,run_PMN2A_0240,3,False,
PMN2A_0241,PMN2A_RS04135,conserved hypothetical protein,NC_007335.2,788145,788432,+,PMN2A_0242,4.0,run_PMN2A_0241,1,True,run_PMN2A_0240
PMN2A_0242,PMN2A_RS04140,conserved hypothetical protein (DUF2862),NC_007335.2,788437,788835,-,PMN2A_1950,124.0,run_PMN2A_0240,3,False,
PMN2A_1950,PMN2A_RS04145,conserved hypothetical protein,NC_007335.2,788960,789142,-,PMN2A_0243,155.0,run_PMN2A_0240,3,False,
PMN2A_0243,PMN2A_RS04150,conserved hypothetical protein,NC_007335.2,789298,789507,+,PMN2A_0244,48.0,run_PMN2A_0243,8,False,
PMN2A_0244,PMN2A_RS04155,sulfite exporter TauE/SafE family protein,NC_007335.2,789556,790329,+,PMN2A_0245,-6.0,run_PMN2A_0243,8,False,
PMN2A_0245,gpgS,glucosyl-3-phosphoglycerate synthase,NC_007335.2,790324,791511,-,PMN2A_0246,71.0,run_PMN2A_0245,1,True,run_PMN2A_0243
PMN2A_0246,gmgG,possible glucosyl(mannosyl)glycerate-glucosidase,NC_007335.2,791583,793334,+,PMN2A_0247,4.0,run_PMN2A_0243,8,False,
PMN2A_0247,gpgP,glucosyl-3-phosphoglycerate phosphatase,NC_007335.2,793339,794136,+,PMN2A_0248,-1.0,run_PMN2A_0243,8,False,
PMN2A_0248,PMN2A_RS04175,D-glycerate 3-kinase,NC_007335.2,794136,795146,+,PMN2A_0249,122.0,run_PMN2A_0243,8,False,
PMN2A_0249,PMN2A_RS04180,conserved hypothetical protein,NC_007335.2,795269,795646,+,PMN2A_0250,107.0,run_PMN2A_0243,8,False,
PMN2A_0250,nhdP,NADH dehydrogenase subunit NdhP,NC_007335.2,795754,795888,+,PMN2A_0251,42.0,run_PMN2A_0243,8,False,
PMN2A_0251,PMN2A_RS04185,putative gRAM domain,NC_007335.2,795931,796212,-,PMN2A_0252,86.0,run_PMN2A_0251,1,True,run_PMN2A_0243
PMN2A_0252,uppP,undecaprenyl-diphosphatase,NC_007335.2,796299,797138,+,PMN2A_0253,321.0,run_PMN2A_0243,8,False,
PMN2A_0253,PMN2A_RS04200,uncharacterized conserved membrane protein,NC_007335.2,797460,797813,-,PMN2A_1952,43.0,run_PMN2A_0253,5,False,
PMN2A_1952,PMN2A_RS10465,conserved hypothetical protein,NC_007335.2,797857,798021,-,PMN2A_0254,-1.0,run_PMN2A_0253,5,False,
PMN2A_0254,msrA1,peptide methionine sulfoxide reductase,NC_007335.2,798021,798770,-,PMN2A_0255,4.0,run_PMN2A_0253,5,False,
PMN2A_0255,rpaC,regulator of phycobilisome association C,NC_007335.2,798775,799020,-,PMN2A_0256,90.0,run_PMN2A_0253,5,False,
PMN2A_0256,PMN2A_RS04215,putative ABC multidrug efflux transporter,NC_007335.2,799111,800862,-,PMN2A_0257,74.0,run_PMN2A_0253,5,False,
PMN2A_0257,PMN2A_RS04220,conserved hypothetical protein,NC_007335.2,800937,801248,+,PMN2A_0258,112.0,run_PMN2A_0257,6,False,
PMN2A_0258,trpD,anthranilate phosphoribosyltransferase,NC_007335.2,801361,802398,+,PMN2A_0259,29.0,run_PMN2A_0257,6,False,
PMN2A_0259,carA,carbamoyl-phosphate synthase small subunit,NC_007335.2,802428,803582,+,PMN2A_0260,51.0,run_PMN2A_0257,6,False,
PMN2A_0260,spoIIAA,anti-anti-sigma factor family protein,NC_007335.2,803634,803999,+,PMN2A_0261,-4.0,run_PMN2A_0257,6,False,
PMN2A_0261,mrnC,ribonuclease III domain protein,NC_007335.2,803996,804394,+,PMN2A_0262,17.0,run_PMN2A_0257,6,False,
PMN2A_0262,rlmB,23S rRNA (guanosine2251-2^-O)-methyltransferase,NC_007335.2,804412,805662,+,PMN2A_0263,226.0,run_PMN2A_0257,6,False,
PMN2A_0263,PMN2A_RS04250,uncharacterized conserved secreted protein (DUF1816),NC_007335.2,805889,806119,+,PMN2A_0264,30.0,run_PMN2A_0263,3,False,
PMN2A_0264,gatA,aspartyl-tRNA(Asn)/glutamyl-tRNA(Gln) amidotransferase subunit A,NC_007335.2,806150,807610,+,PMN2A_0265,71.0,run_PMN2A_0263,3,False,
PMN2A_0265,dnaE,"DNA polymerase III, alpha subunit",NC_007335.2,807682,811200,+,PMN2A_0266,8.0,run_PMN2A_0263,3,False,
PMN2A_0266,PMN2A_RS04265,"photosystem II assembly factor, PAM68-like protein",NC_007335.2,811209,811649,-,PMN2A_0267,27.0,run_PMN2A_0266,5,False,
PMN2A_0267,rpsO,30S ribosomal protein S15,NC_007335.2,811677,811946,-,PMN2A_0268,50.0,run_PMN2A_0266,5,False,
PMN2A_0268,ruvA,holliday junction ATP-dependent DNA helicase RuvA,NC_007335.2,811997,812671,-,PMN2A_0269,39.0,run_PMN2A_0266,5,False,
PMN2A_0269,PMN2A_RS04280,glycine zipper 2TM domain-containing protein,NC_007335.2,812711,813097,-,PMN2A_0270,-4.0,run_PMN2A_0266,5,False,
PMN2A_0270,PMN2A_RS04285,permease of the drug/metabolite transporter (DMT) superfamily,NC_007335.2,813094,814002,-,PMN2A_0271,48.0,run_PMN2A_0266,5,False,
PMN2A_0271,dnaG,DNA primase,NC_007335.2,814051,816078,+,PMN2A_0272,19.0,run_PMN2A_0271,2,False,
PMN2A_0272,PMN2A_RS04295,conserved hypothetical protein,NC_007335.2,816098,816397,+,PMN2A_0273,13.0,run_PMN2A_0271,2,False,
PMN2A_0273,PMN2A_RS04300,conserved hypothetical protein,NC_007335.2,816411,816917,-,PMN2A_0274,50.0,run_PMN2A_0273,5,False,
PMN2A_0274,umuC,"DNA polymerase V, subunit C",NC_007335.2,816968,818245,-,PMN2A_0275,2.0,run_PMN2A_0273,5,False,
PMN2A_0275,umuD,"DNA polymerase V, subunit D",NC_007335.2,818248,818682,-,PMN2A_0276,62.0,run_PMN2A_0273,5,False,
PMN2A_0276,PMN2A_RS04315,putative SPOUT methyltransferase family protein,NC_007335.2,818745,819182,-,PMN2A_0277,10.0,run_PMN2A_0273,5,False,
PMN2A_0277,PMN2A_RS04320,conserved hypothetical protein,NC_007335.2,819193,819558,-,PMN2A_0278,110.0,run_PMN2A_0273,5,False,
PMN2A_0278,ksgA,dimethyladenosine transferase,NC_007335.2,819669,820544,+,PMN2A_0279,-23.0,run_PMN2A_0278,6,False,
PMN2A_0279,ispE,4-(cytidine 5^-diphospho)-2-C-methyl-D-erythritol kinase,NC_007335.2,820522,821481,+,PMN2A_0280,-14.0,run_PMN2A_0278,6,False,
PMN2A_0280,PMN2A_RS04335,uncharacterized membrane protein (DUF3082),NC_007335.2,821468,821830,+,PMN2A_0281,192.0,run_PMN2A_0278,6,False,
PMN2A_0281,phdB,pyruvate dehydrogenase E1 component beta subunit,NC_007335.2,822023,823012,+,PMN2A_0282,2.0,run_PMN2A_0278,6,False,
PMN2A_0282,secD,preprotein translocase SecD subunit,NC_007335.2,823015,824505,+,PMN2A_0283,24.0,run_PMN2A_0278,6,False,
PMN2A_0283,secF,Preprotein translocase SecF subunit,NC_007335.2,824530,825495,+,PMN2A_0285,305.0,run_PMN2A_0278,6,False,
PMN2A_0285,PMN2A_RS04360,conserved hypothetical protein,NC_007335.2,825801,825998,-,PMN2A_0286,147.0,run_PMN2A_0285,1,False,
PMN2A_0286,PMN2A_RS04365,dolichyl-phosphate-mannose-mannosyltransferase family protein,NC_007335.2,826146,827795,+,PMN2A_1954,33.0,run_PMN2A_0286,2,False,
PMN2A_1954,PMN2A_RS10470,Conserved hypothetical protein,NC_007335.2,827829,827972,+,PMN2A_0287,11.0,run_PMN2A_0286,2,False,
PMN2A_0287,PMN2A_RS04370,conserved hypothetical protein,NC_007335.2,827984,828328,-,PMN2A_0288,224.0,run_PMN2A_0287,1,False,
PMN2A_0288,PMN2A_RS04375,conserved hypothetical protein,NC_007335.2,828553,828822,+,PMN2A_0289,348.0,run_PMN2A_0288,1,False,
PMN2A_0289,PMN2A_RS04380,uncharacterized conserved metal-binding protein (DUF2103),NC_007335.2,829171,829473,-,PMN2A_0290,102.0,run_PMN2A_0289,4,False,
PMN2A_0290,petN,cytochrome b6/f complex subunit VIII,NC_007335.2,829576,829677,+,PMN2A_0291,143.0,run_PMN2A_0290,2,True,run_PMN2A_0289
PMN2A_0291,psb29,photosystem II repair protein Psb29,NC_007335.2,829821,830420,-,PMN2A_0292,85.0,run_PMN2A_0289,4,True,run_PMN2A_0290
PMN2A_0292,clpP1,"ATP-dependent Clp protease, protease subunit",NC_007335.2,830506,831096,+,PMN2A_0293,10.0,run_PMN2A_0290,2,True,run_PMN2A_0289
PMN2A_0293,ftsH2,photosystem II D1 repair protein FtsH2,NC_007335.2,831107,833029,-,PMN2A_0294,140.0,run_PMN2A_0289,4,False,
PMN2A_0294,PMN2A_RS04400,putative ABC efflux system,NC_007335.2,833170,834399,-,PMN2A_0296,1542.0,run_PMN2A_0289,4,False,
PMN2A_0296,PMN2A_RS04410,"possible pyrophosphatase, MazG family",NC_007335.2,835942,836271,+,PMN2A_0297,7.0,run_PMN2A_0296,1,False,
PMN2A_0297,ylmG1,cell division membrane protein YlmG1 (factor involved in shape determination),NC_007335.2,836279,836581,-,PMN2A_0298,24.0,run_PMN2A_0297,11,False,
PMN2A_0298,scpB,segregation and condensation protein B,NC_007335.2,836606,837112,-,PMN2A_0299,56.0,run_PMN2A_0297,11,False,
PMN2A_0299,ilvA,threonine ammonia-lyase,NC_007335.2,837169,838704,-,PMN2A_0300,119.0,run_PMN2A_0297,11,False,
PMN2A_0300,dxs,1-deoxy-D-xylulose-5-phosphate synthase,NC_007335.2,838824,840710,+,PMN2A_0301,69.0,run_PMN2A_0300,1,True,run_PMN2A_0297
PMN2A_0301,psaK,photosystem I reaction center subunit X,NC_007335.2,840780,841040,-,PMN2A_0302,70.0,run_PMN2A_0297,11,False,
PMN2A_0302,PMN2A_RS04440,uncharacterized conserved membrane protein (DUF3593),NC_007335.2,841111,841455,-,PMN2A_0303,-4.0,run_PMN2A_0297,11,False,
PMN2A_0303,PMN2A_RS04445,conserved hypothetical protein,NC_007335.2,841452,841760,-,PMN2A_0304,-8.0,run_PMN2A_0297,11,False,
PMN2A_0304,prxQ,2-Cys peroxiredoxin,NC_007335.2,841753,842307,-,PMN2A_0305,16.0,run_PMN2A_0297,11,False,
PMN2A_0305,rpmB,50S ribosomal protein L28,NC_007335.2,842324,842560,-,PMN2A_0306,45.0,run_PMN2A_0297,11,False,
PMN2A_0306,htpG,molecular chaperone HtpG,NC_007335.2,842606,844510,-,PMN2A_0307,130.0,run_PMN2A_0297,11,False,
PMN2A_0307,hisZ,"ATP-phosphoribosyltransferase, regulatory subunit",NC_007335.2,844641,845816,-,PMN2A_0308,42.0,run_PMN2A_0297,11,False,
PMN2A_0308,suhB,L-myo-inositol 1-phosphate phosphatase,NC_007335.2,845859,846725,-,PMN2A_0309,338.0,run_PMN2A_0297,11,False,
PMN2A_0309,pstB,ABC-type phosphate transport system ATPase component,NC_007335.2,847064,847867,-,PMN2A_0310,31.0,run_PMN2A_0309,3,False,
PMN2A_0310,pstA,ABC-type phosphate transport system permease component,NC_007335.2,847899,848813,-,PMN2A_0311,0.0,run_PMN2A_0309,3,False,
PMN2A_0311,pstC,ABC-type phosphate transport system permease component,NC_007335.2,848814,849767,-,PMN2A_0312,151.0,run_PMN2A_0309,3,False,
PMN2A_0312,dnaK2,chaperone protein DnaK,NC_007335.2,849919,851919,+,PMN2A_0313,-17.0,run_PMN2A_0312,6,False,
PMN2A_0313,dnaJ3,DnaJ type II chaperone protein,NC_007335.2,851903,852820,+,PMN2A_0314,56.0,run_PMN2A_0312,6,False,
PMN2A_0314,PMN2A_RS04505,conserved hypothetical protein,NC_007335.2,852877,853269,+,PMN2A_0315,-4.0,run_PMN2A_0312,6,False,
PMN2A_0315,murQ,N-acetylmuramic acid 6-phosphate etherase,NC_007335.2,853266,854198,+,PMN2A_0316,89.0,run_PMN2A_0312,6,False,
PMN2A_0316,ppiB,peptidyl-prolyl cis-trans isomerase,NC_007335.2,854288,854725,+,PMN2A_0317,30.0,run_PMN2A_0312,6,False,
PMN2A_0317,ribBA,"3,4-dihydroxy 2-butanone 4-phosphate synthase / GTP cyclohydrolase II",NC_007335.2,854756,856441,-,PMN2A_0318,87.0,run_PMN2A_0317,2,True,run_PMN2A_0312
PMN2A_0318,argC,N-acetyl-gamma-glutamyl-phosphate reductase,NC_007335.2,856529,857608,+,PMN2A_0319,-17.0,run_PMN2A_0312,6,True,run_PMN2A_0317
PMN2A_0319,purN,phosphoribosylglycinamide formyltransferase,NC_007335.2,857592,858290,-,PMN2A_0320,285.0,run_PMN2A_0317,2,False,
PMN2A_0320,pgi,glucose-6-phosphate isomerase,NC_007335.2,858576,860174,+,PMN2A_0321,3.0,run_PMN2A_0320,11,False,
PMN2A_0321,leuS,leucine--tRNA ligase,NC_007335.2,860178,862766,-,PMN2A_0322,135.0,run_PMN2A_0321,1,True,run_PMN2A_0320
PMN2A_0322,dapF,diaminopimelate epimerase,NC_007335.2,862902,863756,+,PMN2A_0323,11.0,run_PMN2A_0320,11,False,
PMN2A_0323,iscS1,cysteine desulfurase,NC_007335.2,863768,864949,+,PMN2A_0324,10.0,run_PMN2A_0320,11,False,
PMN2A_0324,PMN2A_RS04555,conserved hypothetical protein,NC_007335.2,864960,865580,+,PMN2A_0325,4.0,run_PMN2A_0320,11,False,
PMN2A_0325,pbp4,penicillin-binding-like protein Pbp4,NC_007335.2,865585,866820,+,PMN2A_0326,-4.0,run_PMN2A_0320,11,False,
PMN2A_0326,coaD,pantetheine-phosphate adenylyltransferase,NC_007335.2,866817,867293,-,PMN2A_0327,67.0,run_PMN2A_0326,1,True,run_PMN2A_0320
PMN2A_0327,PMN2A_RS04570,flavin reductase-like domain containing protein,NC_007335.2,867361,867843,+,PMN2A_0328,18.0,run_PMN2A_0320,11,False,
PMN2A_0328,uvrC,"excinuclease UvrABC complex, endonuclease subunit",NC_007335.2,867862,869784,+,PMN2A_0329,92.0,run_PMN2A_0320,11,False,
PMN2A_0329,hemJ,protoporphyrinogen IX oxidase,NC_007335.2,869877,870440,+,PMN2A_0330,-31.0,run_PMN2A_0320,11,False,
PMN2A_0330,PMN2A_RS04585,PHP domain-containing protein,NC_007335.2,870410,871105,+,PMN2A_0331,-12.0,run_PMN2A_0320,11,False,
PMN2A_0331,cobN,"cobaltochelatase, CobN subunit",NC_007335.2,871094,874882,-,PMN2A_0332,71.0,run_PMN2A_0331,1,True,run_PMN2A_0320
PMN2A_0332,ilvE,branched-chain amino acid aminotransferase,NC_007335.2,874954,875868,+,PMN2A_0333,63.0,run_PMN2A_0320,11,False,
PMN2A_0333,metH,methionine synthase,NC_007335.2,875932,879480,+,PMN2A_0334,34.0,run_PMN2A_0320,11,False,
PMN2A_0334,PMN2A_RS04605,conserved hypothetical protein,NC_007335.2,879515,879742,-,PMN2A_0335,515.0,run_PMN2A_0334,1,False,
PMN2A_0335,apa2,ATP adenylyltransferase,NC_007335.2,880258,881094,+,PMN2A_0337,379.0,run_PMN2A_0335,1,False,
PMN2A_0337,PMN2A_RS04625,DnaJ type IV chaperone protein,NC_007335.2,881474,882517,+,PMN2A_0338,713.0,run_PMN2A_0337,1,False,
PMN2A_0338,pheT,"phenylalanine--tRNA ligase, beta subunit",NC_007335.2,883231,885705,-,PMN2A_0339,115.0,run_PMN2A_0338,1,False,
PMN2A_0339,rpmG,50S ribosomal protein L33,NC_007335.2,885821,886018,+,PMN2A_0340,25.0,run_PMN2A_0339,7,False,
PMN2A_0340,rpsR,30S ribosomal protein S18,NC_007335.2,886044,886265,+,PMN2A_0341,32.0,run_PMN2A_0339,7,False,
PMN2A_0341,rnb,exoribonuclease II,NC_007335.2,886298,887572,+,PMN2A_0342,67.0,run_PMN2A_0339,7,False,
PMN2A_0342,metG,methionine--tRNA ligase,NC_007335.2,887640,889190,+,PMN2A_0343,-1.0,run_PMN2A_0339,7,False,
PMN2A_0343,lptC,SMC domain-containing protein,NC_007335.2,889190,889849,+,PMN2A_0344,-15.0,run_PMN2A_0339,7,False,
PMN2A_0344,cbb2,cofactor assembly of complex C subunit CCB2,NC_007335.2,889835,890452,-,PMN2A_0345,133.0,run_PMN2A_0344,1,True,run_PMN2A_0339
PMN2A_0345,cobU-cobP,bifunctional adenosylcobinamide kinase / adenosylcobinamide-phosphate guanylyltransferase,NC_007335.2,890586,891143,+,PMN2A_0346,-4.0,run_PMN2A_0339,7,False,
PMN2A_0346,trmL,tRNA (cytidine/uridine-2^-O)-ribose methyltransferase,NC_007335.2,891140,891640,+,PMN2A_1958,7.0,run_PMN2A_0339,7,False,
PMN2A_1958,PMN2A_RS04675,conserved hypothetical protein,NC_007335.2,891648,891833,-,PMN2A_1959,244.0,run_PMN2A_1958,1,False,
PMN2A_1959,PMN2A_RS04680,conserved hypothetical protein,NC_007335.2,892078,892257,+,PMN2A_1960,4.0,run_PMN2A_1959,1,False,
PMN2A_1960,PMN2A_RS04685,Conserved hypothetical protein,NC_007335.2,892262,892468,-,PMN2A_1961,328.0,run_PMN2A_1960,1,False,
PMN2A_1961,PMN2A_RS04690,conserved hypothetical protein,NC_007335.2,892797,893012,+,PMN2A_RS10985,315.0,run_PMN2A_1961,1,False,
PMN2A_RS10985,,hypothetical protein,NC_007335.2,893328,893462,-,PMN2A_0348,615.0,run_PMN2A_RS10985,1,False,
PMN2A_0348,PMN2A_RS04700,conserved hypothetical protein,NC_007335.2,894078,894332,-,PMN2A_1962,782.0,run_PMN2A_0348,1,False,
PMN2A_1962,PMN2A_RS10475,Conserved hypothetical protein,NC_007335.2,895115,895270,-,PMN2A_RS10480,654.0,run_PMN2A_1962,1,False,
PMN2A_RS10480,,hypothetical protein,NC_007335.2,895925,896110,+,PMN2A_0349,-56.0,run_PMN2A_RS10480,4,False,
PMN2A_0349,PMN2A_RS04705,conserved hypothetical protein,NC_007335.2,896055,896261,+,PMN2A_1964,15.0,run_PMN2A_RS10480,4,False,
PMN2A_1964,PMN2A_RS10485,conserved hypothetical protein,NC_007335.2,896277,896420,+,PMN2A_0350,139.0,run_PMN2A_RS10480,4,False,
PMN2A_0350,pdxH,pyridoxamine 5^-phosphate oxidase,NC_007335.2,896560,897102,+,PMN2A_0351,1023.0,run_PMN2A_RS10480,4,False,
PMN2A_0351,PMN2A_RS04720,conserved hypothetical protein,NC_007335.2,898126,898536,-,PMN2A_0352,124.0,run_PMN2A_0351,5,False,
PMN2A_0352,ahpC,2-Cys peroxiredoxin,NC_007335.2,898661,899257,+,PMN2A_0353,20.0,run_PMN2A_0352,2,True,run_PMN2A_0351
PMN2A_0353,ftsH3,possible photosystem II D1 repair protein FtsH3,NC_007335.2,899278,901005,-,PMN2A_0354,172.0,run_PMN2A_0351,5,True,run_PMN2A_0352
PMN2A_0354,rpmF,50S ribosomal protein L32,NC_007335.2,901178,901357,+,PMN2A_0355,6.0,run_PMN2A_0352,2,True,run_PMN2A_0351
PMN2A_0355,PMN2A_RS04740,conserved hypothetical protein,NC_007335.2,901364,901684,-,PMN2A_0356,1.0,run_PMN2A_0351,5,False,
PMN2A_0356,PMN2A_RS04745,"HAD hydrolase, IA, variant 3 family protein",NC_007335.2,901686,902432,-,PMN2A_0357,61.0,run_PMN2A_0351,5,False,
PMN2A_0357,recJ,single-stranded DNA-specific exonuclease,NC_007335.2,902494,904383,+,PMN2A_1966,2.0,run_PMN2A_0357,1,True,run_PMN2A_0351
PMN2A_1966,psb30,photosystem II reaction center protein Ycf12/Psb30,NC_007335.2,904386,904469,-,PMN2A_0358,281.0,run_PMN2A_0351,5,False,
PMN2A_0358,PMN2A_RS04755,uncharacterized membrane protein,NC_007335.2,904751,905098,+,PMN2A_0359,16.0,run_PMN2A_0358,12,False,
PMN2A_0359,PMN2A_RS04760,uncharacterized membrane protein (UPF0016),NC_007335.2,905115,905411,+,PMN2A_0360,82.0,run_PMN2A_0358,12,False,
PMN2A_0360,vacB,exoribonuclease R,NC_007335.2,905494,907791,+,PMN2A_0361,0.0,run_PMN2A_0358,12,False,
PMN2A_0361,ubiX,3-octaprenyl-4-hydroxybenzoate carboxy-lyase,NC_007335.2,907792,908400,+,PMN2A_0362,-4.0,run_PMN2A_0358,12,False,
PMN2A_0362,PMN2A_RS04775,uncharacterized conserved membrane protein,NC_007335.2,908397,908954,+,PMN2A_0363,73.0,run_PMN2A_0358,12,False,
PMN2A_0363,ndhV,NADH dehydrogenase subunit NdhV,NC_007335.2,909028,909579,+,PMN2A_0364,169.0,run_PMN2A_0358,12,False,
PMN2A_0364,tldD,modulator of DNA gyrase,NC_007335.2,909749,911158,+,PMN2A_0365,1.0,run_PMN2A_0358,12,False,
PMN2A_0365,pmbA,possible modulator of DNA gyrase,NC_007335.2,911160,912548,+,PMN2A_0366,-4.0,run_PMN2A_0358,12,False,
PMN2A_0366,fmt,methionyl-tRNA formyltransferase,NC_007335.2,912545,913555,+,PMN2A_0367,-4.0,run_PMN2A_0358,12,False,
PMN2A_0367,terC,putative photosystem II assembly factor TerC,NC_007335.2,913552,914274,-,PMN2A_0368,86.0,run_PMN2A_0367,1,True,run_PMN2A_0358
PMN2A_0368,PMN2A_RS04805,conserved hypothetical protein,NC_007335.2,914361,915053,+,PMN2A_0369,63.0,run_PMN2A_0358,12,False,
PMN2A_0369,mfd,transcription-repair coupling factor,NC_007335.2,915117,918620,+,PMN2A_0370,45.0,run_PMN2A_0358,12,False,
PMN2A_0370,PMN2A_RS04815,conserved hypothetical protein,NC_007335.2,918666,918899,+,PMN2A_0371,7.0,run_PMN2A_0358,12,False,
PMN2A_0371,PMN2A_RS04820,conserved hypothetical protein,NC_007335.2,918907,919215,-,PMN2A_0372,53.0,run_PMN2A_0371,11,False,
PMN2A_0372,PMN2A_RS04825,methyltransferase domain protein,NC_007335.2,919269,919919,-,PMN2A_0373,124.0,run_PMN2A_0371,11,False,
PMN2A_0373,PMN2A_RS04830,conserved hypothetical protein,NC_007335.2,920044,920643,-,PMN2A_0374,9.0,run_PMN2A_0371,11,False,
PMN2A_0374,PMN2A_RS04835,conserved hypothetical protein,NC_007335.2,920653,921315,-,PMN2A_0375,18.0,run_PMN2A_0371,11,False,
PMN2A_0375,apt,adenine phosphoribosyltransferase,NC_007335.2,921334,921852,+,PMN2A_0376,-4.0,run_PMN2A_0375,1,True,run_PMN2A_0371
PMN2A_0376,PMN2A_RS04845,conserved hypothetical protein,NC_007335.2,921849,922058,-,PMN2A_0377,16.0,run_PMN2A_0371,11,False,
PMN2A_0377,ubiH,2-octaprenyl-6-methoxyphenyl hydroxylase,NC_007335.2,922075,923187,-,PMN2A_0378,33.0,run_PMN2A_0371,11,False,
PMN2A_0378,PMN2A_RS04855,conserved hypothetical protein,NC_007335.2,923221,923868,-,PMN2A_0379,12.0,run_PMN2A_0371,11,False,
PMN2A_0379,dapB,4-hydroxy-tetrahydrodipicolinate reductase,NC_007335.2,923881,924729,-,PMN2A_0380,113.0,run_PMN2A_0371,11,False,
PMN2A_0380,chlH,"protoporphyrin IX Mg-chelatase, subunit ChlH",NC_007335.2,924843,928856,+,PMN2A_0381,7.0,run_PMN2A_0380,1,True,run_PMN2A_0371
PMN2A_0381,folP,dihydropteroate synthase,NC_007335.2,928864,929715,-,PMN2A_0382,-32.0,run_PMN2A_0371,11,False,
PMN2A_0382,tpiA,triosephosphate isomerase,NC_007335.2,929684,930424,-,PMN2A_0383,9.0,run_PMN2A_0371,11,False,
PMN2A_0383,PMN2A_RS04880,S4 domain-containing protein,NC_007335.2,930434,930652,-,PMN2A_0384,38.0,run_PMN2A_0371,11,False,
PMN2A_0384,PMN2A_RS04885,putative ABC multidrug efflux transporter,NC_007335.2,930691,932427,+,PMN2A_0385,41.0,run_PMN2A_0384,6,False,
PMN2A_0385,PMN2A_RS04890,conserved hypothetical protein,NC_007335.2,932469,932696,+,PMN2A_0386,147.0,run_PMN2A_0384,6,False,
PMN2A_0386,PMN2A_RS04895,conserved hypothetical protein,NC_007335.2,932844,933134,+,PMN2A_0387,40.0,run_PMN2A_0384,6,False,
PMN2A_0387,PMN2A_RS04900,conserved hypothetical protein,NC_007335.2,933175,933402,+,PMN2A_RS10490,99.0,run_PMN2A_0384,6,False,
PMN2A_RS10490,,hypothetical protein,NC_007335.2,933502,933642,+,PMN2A_0388,62.0,run_PMN2A_0384,6,False,
PMN2A_0388,udk,possible uridine kinase,NC_007335.2,933705,934319,+,PMN2A_1967,56.0,run_PMN2A_0384,6,False,
PMN2A_1967,PMN2A_RS10495,conserved hypothetical protein,NC_007335.2,934376,934525,-,PMN2A_1968,285.0,run_PMN2A_1967,1,False,
PMN2A_1968,PMN2A_RS04910,Conserved hypothetical protein,NC_007335.2,934811,935032,-,PMN2A_0389,242.0,run_PMN2A_1968,1,False,
PMN2A_0389,PMN2A_RS04915,conserved hypothetical protein,NC_007335.2,935275,935676,+,PMN2A_1969,21.0,run_PMN2A_0389,1,False,
PMN2A_1969,PMN2A_RS04920,conserved hypothetical protein,NC_007335.2,935698,935898,-,PMN2A_0390,225.0,run_PMN2A_1969,1,False,
PMN2A_0390,PMN2A_RS04925,NADPH-dependent reductase,NC_007335.2,936124,937161,+,PMN2A_1970,30.0,run_PMN2A_0390,1,False,
PMN2A_1970,PMN2A_RS10500,Conserved hypothetical protein,NC_007335.2,937192,937362,-,PMN2A_1972,593.0,run_PMN2A_1970,1,False,
PMN2A_1972,PMN2A_RS10990,conserved hypothetical protein,NC_007335.2,937956,938087,+,PMN2A_1973,101.0,run_PMN2A_1972,2,False,
PMN2A_1973,PMN2A_RS10505,conserved hypothetical protein,NC_007335.2,938189,938347,+,PMN2A_0391,220.0,run_PMN2A_1972,2,False,
PMN2A_0391,PMN2A_RS04935,possible Domain of unknown function DUF38,NC_007335.2,938568,938747,+,PMN2A_0392,23.0,run_PMN2A_0391,1,False,
PMN2A_0392,PMN2A_RS04940,nif11-like leader peptide domain protein,NC_007335.2,938771,938953,-,PMN2A_0393,105.0,run_PMN2A_0392,5,False,
PMN2A_0393,desA2,delta-12 fatty acid desaturase DesA2,NC_007335.2,939059,940276,-,PMN2A_1975,190.0,run_PMN2A_0392,5,False,
PMN2A_1975,PMN2A_RS04950,conserved hypothetical protein,NC_007335.2,940467,940673,-,PMN2A_0394,85.0,run_PMN2A_0392,5,False,
PMN2A_0394,PMN2A_RS04955,peptidase S51,NC_007335.2,940759,941451,-,PMN2A_0395,103.0,run_PMN2A_0392,5,False,
PMN2A_0395,PMN2A_RS04960,short chain dehydrogenase family protein,NC_007335.2,941555,942274,-,PMN2A_0396,309.0,run_PMN2A_0392,5,False,
PMN2A_0396,PMN2A_RS04965,metallo-hydrolase/oxidoreductase,NC_007335.2,942584,943324,+,PMN2A_0397,15.0,run_PMN2A_0396,1,False,
PMN2A_0397,PMN2A_RS04970,conserved hypothetical protein,NC_007335.2,943340,943522,-,PMN2A_0398,59.0,run_PMN2A_0397,2,False,
PMN2A_0398,PMN2A_RS04975,conserved hypothetical protein,NC_007335.2,943582,943914,-,PMN2A_0399,326.0,run_PMN2A_0397,2,False,
PMN2A_0399,PMN2A_RS04980,nif11-like leader peptide domain protein,NC_007335.2,944241,944456,-,PMN2A_0400,159.0,run_PMN2A_0399,3,False,
PMN2A_0400,PMN2A_RS04985,conserved hypothetical protein,NC_007335.2,944616,944852,+,PMN2A_0401,48.0,run_PMN2A_0400,4,True,run_PMN2A_0399
PMN2A_0401,PMN2A_RS04990,conserved hypothetical protein,NC_007335.2,944901,945098,-,PMN2A_1976,85.0,run_PMN2A_0399,3,True,run_PMN2A_0400
PMN2A_1976,PMN2A_RS04995,conserved hypothetical protein,NC_007335.2,945184,945384,+,PMN2A_0402,118.0,run_PMN2A_0400,4,True,run_PMN2A_0399
PMN2A_0402,PMN2A_RS05000,conserved hypothetical protein,NC_007335.2,945503,945724,-,PMN2A_0403,160.0,run_PMN2A_0399,3,True,run_PMN2A_0400
PMN2A_0403,PMN2A_RS05005,"potassium ion channel, VIC family",NC_007335.2,945885,946925,+,PMN2A_0404,99.0,run_PMN2A_0400,4,False,
PMN2A_0404,PMN2A_RS05010,conserved hypothetical protein,NC_007335.2,947025,947276,+,PMN2A_0406,265.0,run_PMN2A_0400,4,False,
PMN2A_0406,PMN2A_RS05015,conserved hypothetical protein,NC_007335.2,947542,947793,+,PMN2A_1977,107.0,run_PMN2A_0406,3,False,
PMN2A_1977,PMN2A_RS10995,Conserved hypothetical protein,NC_007335.2,947901,948029,+,PMN2A_0407,19.0,run_PMN2A_0406,3,False,
PMN2A_0407,PMN2A_RS05020,conserved hypothetical protein,NC_007335.2,948049,948402,+,PMN2A_0408,58.0,run_PMN2A_0406,3,False,
PMN2A_0408,PMN2A_RS05025,bacteriophage-like DNA-binding domain-containing protein,NC_007335.2,948461,949003,-,PMN2A_0409,40.0,run_PMN2A_0408,2,False,
PMN2A_0409,PMN2A_RS05030,conserved hypothetical protein,NC_007335.2,949044,950336,-,PMN2A_RS10510,605.0,run_PMN2A_0408,2,False,
PMN2A_RS10510,,hypothetical protein,NC_007335.2,950942,951109,+,PMN2A_0410,288.0,run_PMN2A_RS10510,1,False,
PMN2A_0410,PMN2A_RS05040,conserved hypothetical protein,NC_007335.2,951398,951799,+,PMN2A_0411,1194.0,run_PMN2A_0410,1,False,
PMN2A_0411,cyabrB2,AbrB-like transcriptional regulator involved in photosynthesis regulation,NC_007335.2,952994,953350,-,PMN2A_0412,640.0,run_PMN2A_0411,1,False,
PMN2A_0412,PMN2A_RS05055,conserved hypothetical protein,NC_007335.2,953991,954236,-,PMN2A_1981,155.0,run_PMN2A_0412,3,False,
PMN2A_1981,PMN2A_RS05060,conserved hypothetical protein,NC_007335.2,954392,954556,-,PMN2A_0413,156.0,run_PMN2A_0412,3,False,
PMN2A_0413,PMN2A_RS05065,NAD-dependent DNA ligase,NC_007335.2,954713,955345,-,PMN2A_0414,369.0,run_PMN2A_0412,3,False,
PMN2A_0414,PMN2A_RS05070,conserved hypothetical protein,NC_007335.2,955715,955969,+,PMN2A_0415,67.0,run_PMN2A_0414,3,False,
PMN2A_0415,PMN2A_RS05075,conserved hypothetical protein,NC_007335.2,956037,956291,+,PMN2A_0416,29.0,run_PMN2A_0414,3,False,
PMN2A_0416,PMN2A_RS05080,conserved hypothetical protein,NC_007335.2,956321,956521,+,PMN2A_0417,426.0,run_PMN2A_0414,3,False,
PMN2A_0417,hli,high light inducible protein,NC_007335.2,956948,957067,-,PMN2A_0418,-1.0,run_PMN2A_0417,5,False,
PMN2A_0418,hli,high light inducible protein,NC_007335.2,957067,957216,-,PMN2A_0419,-1.0,run_PMN2A_0417,5,False,
PMN2A_0419,hli,high light inducible protein,NC_007335.2,957216,957362,-,PMN2A_1983,-1.0,run_PMN2A_0417,5,False,
PMN2A_1983,hli,possible high light inducible protein,NC_007335.2,957362,957481,-,PMN2A_0420,34.0,run_PMN2A_0417,5,False,
PMN2A_0420,PMN2A_RS05105,hypothetical protein,NC_007335.2,957516,957623,-,PMN2A_0421,255.0,run_PMN2A_0417,5,False,
PMN2A_0421,PMN2A_RS05110,conserved hypothetical protein,NC_007335.2,957879,958151,-,PMN2A_0422,87.0,run_PMN2A_0421,3,False,
PMN2A_0422,PMN2A_RS05115,conserved hypothetical protein,NC_007335.2,958239,958871,-,PMN2A_0423,-13.0,run_PMN2A_0421,3,False,
PMN2A_0423,PMN2A_RS05120,"possible DNA gyrase/topoisomerase IV, subunit",NC_007335.2,958859,959134,-,PMN2A_0424,91.0,run_PMN2A_0421,3,False,
PMN2A_0424,PMN2A_RS05125,NAD-dependent DNA ligase,NC_007335.2,959226,959912,+,PMN2A_1984,-1.0,run_PMN2A_0424,3,False,
PMN2A_1984,PMN2A_RS10515,conserved hypothetical protein,NC_007335.2,959912,960058,+,PMN2A_0425,113.0,run_PMN2A_0424,3,False,
PMN2A_0425,PMN2A_RS05130,conserved hypothetical protein,NC_007335.2,960172,960609,+,PMN2A_1985,51.0,run_PMN2A_0424,3,False,
PMN2A_1985,PMN2A_RS10520,conserved hypothetical protein,NC_007335.2,960661,960801,-,PMN2A_0426,326.0,run_PMN2A_1985,1,False,
PMN2A_0426,PMN2A_RS05135,thiamine-binding protein,NC_007335.2,961128,961421,+,PMN2A_RS11095,121.0,run_PMN2A_0426,3,False,
PMN2A_RS11095,,chlorophyll a/b-binding protein,NC_007335.2,961543,961644,+,PMN2A_1986,2.0,run_PMN2A_0426,3,False,
PMN2A_1986,PMN2A_RS10525,conserved hypothetical protein,NC_007335.2,961647,961784,+,PMN2A_1987,36.0,run_PMN2A_0426,3,False,
PMN2A_1987,PMN2A_RS10530,Conserved hypothetical protein,NC_007335.2,961821,961991,-,PMN2A_1988,33.0,run_PMN2A_1987,3,False,
PMN2A_1988,PMN2A_RS10535,conserved hypothetical protein,NC_007335.2,962025,962177,-,PMN2A_1989,78.0,run_PMN2A_1987,3,False,
PMN2A_1989,PMN2A_RS05140,conserved hypothetical protein,NC_007335.2,962256,962396,-,PMN2A_0427,877.0,run_PMN2A_1987,3,False,
PMN2A_0427,PMN2A_RS05145,conserved hypothetical protein,NC_007335.2,963274,963618,+,PMN2A_0428,232.0,run_PMN2A_0427,1,False,
PMN2A_0428,PMN2A_RS05150,possible uncharacterized conserved secreted protein,NC_007335.2,963851,964120,+,PMN2A_0429,54.0,run_PMN2A_0428,1,False,
PMN2A_0429,PTOX,plastoquinol terminal oxidase,NC_007335.2,964175,964678,-,PMN2A_0430,118.0,run_PMN2A_0429,2,False,
PMN2A_0430,PMN2A_RS10540,conserved hypothetical protein,NC_007335.2,964797,964973,-,PMN2A_0431,516.0,run_PMN2A_0429,2,False,
PMN2A_0431,PMN2A_RS05160,conserved hypothetical protein,NC_007335.2,965490,965702,+,PMN2A_0432,290.0,run_PMN2A_0431,1,False,
PMN2A_0432,PMN2A_RS05165,conserved hypothetical protein,NC_007335.2,965993,966253,+,PMN2A_RS10545,397.0,run_PMN2A_0432,1,False,
PMN2A_RS10545,hli,high light inducible protein,NC_007335.2,966651,966806,-,PMN2A_0434,149.0,run_PMN2A_RS10545,2,False,
PMN2A_0434,hli,high light inducible protein,NC_007335.2,966956,967063,-,PMN2A_1992,165.0,run_PMN2A_RS10545,2,False,
PMN2A_1992,PMN2A_RS10550,conserved hypothetical protein,NC_007335.2,967229,967405,+,PMN2A_1993,2.0,run_PMN2A_1992,3,False,
PMN2A_1993,PMN2A_RS10555,conserved hypothetical protein,NC_007335.2,967408,967584,+,PMN2A_1994,108.0,run_PMN2A_1992,3,False,
PMN2A_1994,PMN2A_RS10560,conserved hypothetical protein,NC_007335.2,967693,967830,+,PMN2A_1995,225.0,run_PMN2A_1992,3,False,
PMN2A_1995,PMN2A_RS10565,conserved hypothetical protein,NC_007335.2,968056,968214,-,PMN2A_1996,123.0,run_PMN2A_1995,2,False,
PMN2A_1996,PMN2A_RS05185,conserved hypothetical protein,NC_007335.2,968338,968544,-,PMN2A_0435,405.0,run_PMN2A_1995,2,False,
PMN2A_0435,ptrA,"transcriptional phosphate regulator, Crp family",NC_007335.2,968950,969582,+,PMN2A_0436,86.0,run_PMN2A_0435,3,False,
PMN2A_0436,phoB,two-component system response regulator RR class II (RRII)-CheY-OmpR,NC_007335.2,969669,970406,+,PMN2A_0437,9.0,run_PMN2A_0435,3,False,
PMN2A_0437,phoR,"two-component system sensor histidine kinase, phosphate sensing PhoR",NC_007335.2,970416,971549,+,PMN2A_0438,-4.0,run_PMN2A_0435,3,False,
PMN2A_0438,PMN2A_RS05205,uncharacterized conserved secreted protein,NC_007335.2,971546,971890,-,PMN2A_0439,82.0,run_PMN2A_0438,3,False,
PMN2A_0439,PMN2A_RS05210,probable alkaline phosphatase,NC_007335.2,971973,974237,-,PMN2A_0440,161.0,run_PMN2A_0438,3,False,
PMN2A_0440,PMN2A_RS05215,outer membrane porin,NC_007335.2,974399,975385,-,PMN2A_0441,313.0,run_PMN2A_0438,3,False,
PMN2A_0441,pstS,"phosphate ABC transporter, phosphate-binding protein PstS",NC_007335.2,975699,976670,+,PMN2A_1997,104.0,run_PMN2A_0441,3,False,
PMN2A_1997,PMN2A_RS05225,uncharacterized conserved lipoprotein,NC_007335.2,976775,976972,+,PMN2A_0442,100.0,run_PMN2A_0441,3,False,
PMN2A_0442,PMN2A_RS05230,conserved hypothetical protein,NC_007335.2,977073,977438,+,PMN2A_0443,-12.0,run_PMN2A_0441,3,False,
PMN2A_0443,chrA,chromate transporter,NC_007335.2,977427,978659,-,PMN2A_0444,57.0,run_PMN2A_0443,3,False,
PMN2A_0444,arsJ,"multidrug efflux transporter, MFS family",NC_007335.2,978717,979979,-,PMN2A_0445,10.0,run_PMN2A_0443,3,False,
PMN2A_0445,gap3,glyceraldehyde-3-phosphate dehydrogenase,NC_007335.2,979990,981015,-,PMN2A_0446,117.0,run_PMN2A_0443,3,False,
PMN2A_0446,arsR,"bacterial regulatory protein, ArsR family",NC_007335.2,981133,981456,+,PMN2A_0447,152.0,run_PMN2A_0446,2,False,
PMN2A_0447,arsB,arsenate efflux pump,NC_007335.2,981609,982637,+,PMN2A_0449,961.0,run_PMN2A_0446,2,False,
PMN2A_0449,PMN2A_RS05265,"possible 7S seed storage protein, N-terminal doma",NC_007335.2,983599,983874,+,PMN2A_0450,367.0,run_PMN2A_0449,1,False,
PMN2A_0450,PMN2A_RS05270,conserved hypothetical protein (DUF411),NC_007335.2,984242,984763,+,PMN2A_0451,23.0,run_PMN2A_0450,4,False,
PMN2A_0451,PMN2A_RS10925,conserved hypothetical protein,NC_007335.2,984787,985011,+,PMN2A_0452,2.0,run_PMN2A_0450,4,False,
PMN2A_0452,PMN2A_RS05280,pepSY-associated TM helix family protein,NC_007335.2,985014,985280,+,PMN2A_0453,126.0,run_PMN2A_0450,4,False,
PMN2A_0453,PMN2A_RS05285,conserved hypothetical protein,NC_007335.2,985407,985685,+,PMN2A_RS10570,39.0,run_PMN2A_0450,4,False,
PMN2A_RS10570,,hypothetical protein,NC_007335.2,985725,985877,-,PMN2A_0454,214.0,run_PMN2A_RS10570,1,False,
PMN2A_0454,PMN2A_RS05290,conserved hypothetical protein,NC_007335.2,986092,986343,-,PMN2A_2000,234.0,run_PMN2A_0454,1,False,
PMN2A_2000,PMN2A_RS11000,conserved hypothetical protein,NC_007335.2,986578,986712,+,PMN2A_2001,7.0,run_PMN2A_2000,2,False,
PMN2A_2001,PMN2A_RS11005,conserved hypothetical protein,NC_007335.2,986720,986851,+,PMN2A_0455,148.0,run_PMN2A_2000,2,False,
PMN2A_0455,PMN2A_RS05295,hypothetical protein,NC_007335.2,987000,987353,-,PMN2A_2002,134.0,run_PMN2A_0455,3,False,
PMN2A_2002,PMN2A_RS10575,conserved hypothetical protein,NC_007335.2,987488,987655,-,PMN2A_2003,128.0,run_PMN2A_0455,3,False,
PMN2A_2003,PMN2A_RS10580,conserved hypothetical protein,NC_007335.2,987784,987921,-,PMN2A_0456,432.0,run_PMN2A_0455,3,False,
PMN2A_0456,PMN2A_RS05305,tryptophan-rich conserved hypothetical protein CHP02450,NC_007335.2,988354,988584,+,PMN2A_0457,717.0,run_PMN2A_0456,1,False,
PMN2A_0457,PMN2A_RS05310,Predicted protein family PM-6,NC_007335.2,989302,989496,+,PMN2A_0458,0.0,run_PMN2A_0457,8,False,
PMN2A_0458,PMN2A_RS10585,conserved hypothetical protein,NC_007335.2,989497,989673,+,PMN2A_2005,33.0,run_PMN2A_0457,8,False,
PMN2A_2005,PMN2A_RS11010,conserved hypothetical protein,NC_007335.2,989707,989841,+,PMN2A_0459,129.0,run_PMN2A_0457,8,False,
PMN2A_0459,PMN2A_RS05315,conserved hypothetical protein,NC_007335.2,989971,990216,+,PMN2A_0460,70.0,run_PMN2A_0457,8,False,
PMN2A_0460,PMN2A_RS05320,"uncharacterized conserved membrane protein, Prochlorococcus-specific",NC_007335.2,990287,990697,+,PMN2A_0461,87.0,run_PMN2A_0457,8,False,
PMN2A_0461,PMN2A_RS05325,conserved hypothetical protein,NC_007335.2,990785,991126,+,PMN2A_0462,93.0,run_PMN2A_0457,8,False,
PMN2A_0462,PMN2A_RS05330,putative lysine decarboxylase family protein,NC_007335.2,991220,992068,+,PMN2A_0463,15.0,run_PMN2A_0457,8,False,
PMN2A_0463,PMN2A_RS05335,conserved hypothetical protein,NC_007335.2,992084,992365,+,PMN2A_0464,-24.0,run_PMN2A_0457,8,False,
PMN2A_0464,PMN2A_RS05340,MAPEG family protein,NC_007335.2,992342,992752,-,PMN2A_0465,383.0,run_PMN2A_0464,1,False,
PMN2A_0465,PMN2A_RS05345,conserved hypothetical protein,NC_007335.2,993136,993333,+,PMN2A_0466,12.0,run_PMN2A_0465,1,False,
PMN2A_0466,PMN2A_RS05350,conserved hypothetical protein,NC_007335.2,993346,993606,-,PMN2A_2007,63.0,run_PMN2A_0466,4,False,
PMN2A_2007,PMN2A_RS10590,conserved hypothetical protein,NC_007335.2,993670,993831,-,PMN2A_2008,188.0,run_PMN2A_0466,4,False,
PMN2A_2008,PMN2A_RS11015,conserved hypothetical protein,NC_007335.2,994020,994154,+,PMN2A_0467,123.0,run_PMN2A_2008,4,True,run_PMN2A_0466
PMN2A_0467,PMN2A_RS05355,conserved hypothetical protein family PM-17,NC_007335.2,994278,994544,-,PMN2A_2009,177.0,run_PMN2A_0466,4,True,run_PMN2A_2008
PMN2A_2009,PMN2A_RS10595,conserved hypothetical protein,NC_007335.2,994722,994880,+,PMN2A_RS10600,20.0,run_PMN2A_2008,4,True,run_PMN2A_0466
PMN2A_RS10600,,hypothetical protein,NC_007335.2,994901,995056,-,PMN2A_0468,126.0,run_PMN2A_0466,4,True,run_PMN2A_2008
PMN2A_0468,PMN2A_RS05365,conserved hypothetical protein,NC_007335.2,995183,995350,+,PMN2A_0469,72.0,run_PMN2A_2008,4,False,
PMN2A_0469,PMN2A_RS05370,Predicted protein family PM-11,NC_007335.2,995423,995719,+,PMN2A_0470,111.0,run_PMN2A_2008,4,False,
PMN2A_0470,PMN2A_RS05375,conserved hypothetical protein,NC_007335.2,995831,996349,-,PMN2A_0471,286.0,run_PMN2A_0470,1,False,
PMN2A_0471,PMN2A_RS10095,conserved hypothetical protein,NC_007335.2,996636,996956,-,PMN2A_0472,743.0,run_PMN2A_0471,1,False,
PMN2A_0472,PMN2A_RS05385,putative restriction endonuclease,NC_007335.2,997700,998560,+,PMN2A_0473,56.0,run_PMN2A_0472,2,False,
PMN2A_0473,yedK,putative SOS response associated peptidase,NC_007335.2,998617,999255,+,PMN2A_0474,62.0,run_PMN2A_0472,2,False,
PMN2A_0474,PMN2A_RS10605,conserved hypothetical protein,NC_007335.2,999318,999491,-,PMN2A_0475,371.0,run_PMN2A_0474,1,False,
PMN2A_0475,PMN2A_RS05395,uncharacterized conserved membrane protein,NC_007335.2,999863,1000366,+,PMN2A_0476,117.0,run_PMN2A_0475,1,False,
PMN2A_0476,PMN2A_RS05400,conserved hypothetical protein,NC_007335.2,1000484,1000681,-,PMN2A_0477,752.0,run_PMN2A_0476,1,False,
PMN2A_0477,PMN2A_RS05405,conserved hypothetical protein (DUF3764),NC_007335.2,1001434,1001745,-,PMN2A_2011,104.0,run_PMN2A_0477,1,False,
PMN2A_2011,PMN2A_RS05410,uncharacterized conserved membrane protein,NC_007335.2,1001850,1002071,+,PMN2A_0478,159.0,run_PMN2A_2011,3,False,
PMN2A_0478,PMN2A_RS05415,AEC transporter family,NC_007335.2,1002231,1003148,+,PMN2A_0479,63.0,run_PMN2A_2011,3,False,
PMN2A_0479,PMN2A_RS05420,Predicted protein family PM-26,NC_007335.2,1003212,1003412,+,PMN2A_0480,262.0,run_PMN2A_2011,3,False,
PMN2A_0480,PMN2A_RS05425,conserved hypothetical protein,NC_007335.2,1003675,1003869,+,PMN2A_0481,185.0,run_PMN2A_0480,7,False,
PMN2A_0481,PMN2A_RS05430,conserved hypothetical protein,NC_007335.2,1004055,1004246,+,PMN2A_0482,31.0,run_PMN2A_0480,7,False,
PMN2A_0482,PMN2A_RS05435,Predicted protein family PM-11,NC_007335.2,1004278,1004559,+,PMN2A_0483,80.0,run_PMN2A_0480,7,False,
PMN2A_0483,PMN2A_RS05440,"conserved hypothetical protein, Prochlorococcus-specific",NC_007335.2,1004640,1004852,+,PMN2A_2013,51.0,run_PMN2A_0480,7,False,
PMN2A_2013,PMN2A_RS05445,Conserved hypothetical protein,NC_007335.2,1004904,1005107,+,PMN2A_0484,137.0,run_PMN2A_0480,7,False,
PMN2A_0484,PMN2A_RS05450,conserved hypothetical protein,NC_007335.2,1005245,1005505,+,PMN2A_0485,87.0,run_PMN2A_0480,7,False,
PMN2A_0485,glpG,uncharacterized conserved membrane protein,NC_007335.2,1005593,1006180,-,PMN2A_0486,172.0,run_PMN2A_0485,2,True,run_PMN2A_0480
PMN2A_0486,PMN2A_RS05460,conserved hypothetical protein,NC_007335.2,1006353,1006679,+,PMN2A_0487,74.0,run_PMN2A_0480,7,True,run_PMN2A_0485
PMN2A_0487,PMN2A_RS05465,conserved hypothetical protein,NC_007335.2,1006754,1007341,-,PMN2A_0488,537.0,run_PMN2A_0485,2,False,
PMN2A_0488,PMN2A_RS05470,possible Gram-negative pili assembly chaperone,NC_007335.2,1007879,1008640,+,PMN2A_0489,95.0,run_PMN2A_0488,4,False,
PMN2A_0489,PMN2A_RS05475,carotenoid isomerase protein family,NC_007335.2,1008736,1010265,+,PMN2A_0490,42.0,run_PMN2A_0488,4,False,
PMN2A_0490,PMN2A_RS05480,conserved hypothetical protein,NC_007335.2,1010308,1010571,+,PMN2A_2014,48.0,run_PMN2A_0488,4,False,
PMN2A_2014,PMN2A_RS10610,conserved hypothetical protein,NC_007335.2,1010620,1010793,+,PMN2A_0491,214.0,run_PMN2A_0488,4,False,
PMN2A_0491,PMN2A_RS05485,NADH:ubiquinone oxidoreductase complex I intermediate-associated CIA30-like protein,NC_007335.2,1011008,1011568,+,PMN2A_0492,205.0,run_PMN2A_0491,1,False,
PMN2A_0492,PMN2A_RS05490,glycosyl hydrolase 57 family protein,NC_007335.2,1011774,1013243,+,PMN2A_0493,96.0,run_PMN2A_0492,3,False,
PMN2A_0493,PMN2A_RS05495,uncharacterized conserved membrane protein,NC_007335.2,1013340,1013531,+,PMN2A_2015,62.0,run_PMN2A_0492,3,False,
PMN2A_2015,PMN2A_RS11020,conserved hypothetical protein,NC_007335.2,1013594,1013728,+,PMN2A_RS10615,45.0,run_PMN2A_0492,3,False,
PMN2A_RS10615,,hypothetical protein,NC_007335.2,1013774,1013947,-,PMN2A_0494,379.0,run_PMN2A_RS10615,1,False,
PMN2A_0494,PMN2A_RS11025,conserved hypothetical protein,NC_007335.2,1014327,1014461,-,PMN2A_0495,327.0,run_PMN2A_0494,1,False,
PMN2A_0495,PMN2A_RS05505,conserved hypothetical protein,NC_007335.2,1014789,1015052,-,PMN2A_2017,5.0,run_PMN2A_0495,2,False,
PMN2A_2017,PMN2A_RS05510,conserved hypothetical protein,NC_007335.2,1015058,1015261,-,PMN2A_2019,529.0,run_PMN2A_0495,2,False,
PMN2A_2019,PMN2A_RS10620,Conserved hypothetical protein,NC_007335.2,1015791,1015952,+,PMN2A_0496,96.0,run_PMN2A_2019,2,False,
PMN2A_0496,PMN2A_RS05515,conserved hypothetical protein (DUF3764),NC_007335.2,1016049,1016345,+,PMN2A_2020,20.0,run_PMN2A_2019,2,False,
PMN2A_2020,PMN2A_RS10625,conserved hypothetical protein,NC_007335.2,1016366,1016515,-,PMN2A_0497,80.0,run_PMN2A_2020,2,False,
PMN2A_0497,PMN2A_RS05520,"protein of unknown function DUF1499, Prochlorococcus-specific",NC_007335.2,1016596,1016928,-,PMN2A_0498,261.0,run_PMN2A_2020,2,False,
PMN2A_0498,PMN2A_RS05525,nitroreductase family protein,NC_007335.2,1017190,1017741,-,PMN2A_0499,148.0,run_PMN2A_0498,5,False,
PMN2A_0499,PMN2A_RS05530,conserved hypothetical protein,NC_007335.2,1017890,1018159,-,PMN2A_RS10630,162.0,run_PMN2A_0498,5,False,
PMN2A_RS10630,,hypothetical protein,NC_007335.2,1018322,1018498,-,PMN2A_0500,78.0,run_PMN2A_0498,5,False,
PMN2A_0500,PMN2A_RS10100,conserved hypothetical protein,NC_007335.2,1018577,1018831,-,PMN2A_0501,48.0,run_PMN2A_0498,5,False,
PMN2A_0501,PMN2A_RS10105,conserved hypothetical protein (DUF4278),NC_007335.2,1018880,1019050,-,PMN2A_0502,649.0,run_PMN2A_0498,5,False,
PMN2A_0502,PMN2A_RS05535,conserved hypothetical protein,NC_007335.2,1019700,1019891,-,PMN2A_0503,58.0,run_PMN2A_0502,2,False,
PMN2A_0503,purT,formate-dependent phosphoribosyl glycinamide formyl transferase,NC_007335.2,1019950,1021113,-,PMN2A_0504,367.0,run_PMN2A_0502,2,False,
PMN2A_0504,PMN2A_RS05545,putative membrane protein,NC_007335.2,1021481,1021735,-,PMN2A_2021,121.0,run_PMN2A_0504,1,False,
PMN2A_2021,PMN2A_RS05550,conserved hypothetical protein,NC_007335.2,1021857,1022072,+,PMN2A_0505,143.0,run_PMN2A_2021,3,False,
PMN2A_0505,PMN2A_RS05555,NTF2-like domain-containing protein,NC_007335.2,1022216,1022608,+,PMN2A_0506,114.0,run_PMN2A_2021,3,False,
PMN2A_0506,PMN2A_RS10635,conserved hypothetical protein,NC_007335.2,1022723,1022899,+,PMN2A_0507,149.0,run_PMN2A_2021,3,False,
PMN2A_0507,hli,high light inducible protein,NC_007335.2,1023049,1023174,-,PMN2A_0508,-1.0,run_PMN2A_0507,13,False,
PMN2A_0508,hli,high light inducible protein,NC_007335.2,1023174,1023320,-,PMN2A_2022,-1.0,run_PMN2A_0507,13,False,
PMN2A_2022,hli,possible high light inducible protein,NC_007335.2,1023320,1023439,-,PMN2A_0509,34.0,run_PMN2A_0507,13,False,
PMN2A_0509,hli,high light inducible protein,NC_007335.2,1023474,1023689,-,PMN2A_0510,131.0,run_PMN2A_0507,13,False,
PMN2A_0510,PMN2A_RS05580,conserved hypothetical protein,NC_007335.2,1023821,1024021,-,PMN2A_0511,33.0,run_PMN2A_0507,13,False,
PMN2A_0511,PMN2A_RS05585,Glutamine amidotransferase class-I,NC_007335.2,1024055,1024786,-,PMN2A_0512,7.0,run_PMN2A_0507,13,False,
PMN2A_0512,PMN2A_RS05590,putative lipoprotein,NC_007335.2,1024794,1025033,-,PMN2A_0513,167.0,run_PMN2A_0507,13,False,
PMN2A_0513,PMN2A_RS05595,Hypothetical protein,NC_007335.2,1025201,1025446,-,PMN2A_0514,192.0,run_PMN2A_0507,13,False,
PMN2A_0514,PMN2A_RS05600,Predicted protein family PM-9,NC_007335.2,1025639,1026043,-,PMN2A_0515,154.0,run_PMN2A_0507,13,False,
PMN2A_0515,PMN2A_RS05605,conserved hypothetical protein,NC_007335.2,1026198,1026482,+,PMN2A_0516,58.0,run_PMN2A_0515,1,True,run_PMN2A_0507
PMN2A_0516,PMN2A_RS05610,conserved hypothetical protein,NC_007335.2,1026541,1027017,-,PMN2A_2026,42.0,run_PMN2A_0507,13,False,
PMN2A_2026,PMN2A_RS05615,conserved hypothetical protein,NC_007335.2,1027060,1027278,-,PMN2A_2027,94.0,run_PMN2A_0507,13,False,
PMN2A_2027,PMN2A_RS05620,conserved hypothetical protein,NC_007335.2,1027373,1027579,-,PMN2A_2028,7.0,run_PMN2A_0507,13,False,
PMN2A_2028,PMN2A_RS05625,uncharacterized conserved membrane protein,NC_007335.2,1027587,1027790,-,PMN2A_2029,290.0,run_PMN2A_0507,13,False,
PMN2A_2029,PMN2A_RS10640,conserved hypothetical protein,NC_007335.2,1028081,1028251,+,PMN2A_0517,176.0,run_PMN2A_2029,3,False,
PMN2A_0517,PMN2A_RS05630,conserved hypothetical protein,NC_007335.2,1028428,1028841,+,PMN2A_0518,141.0,run_PMN2A_2029,3,False,
PMN2A_0518,PMN2A_RS05635,conserved hypothetical protein,NC_007335.2,1028983,1029363,+,PMN2A_0519,581.0,run_PMN2A_2029,3,False,
PMN2A_0519,PMN2A_RS05640,"conserved hypothetical protein, Prochlorococcus-specific",NC_007335.2,1029945,1030274,+,PMN2A_0520,22.0,run_PMN2A_0519,3,False,
PMN2A_0520,PMN2A_RS05645,conserved hypothetical protein,NC_007335.2,1030297,1030545,+,PMN2A_2030,-1.0,run_PMN2A_0519,3,False,
PMN2A_2030,PMN2A_RS10645,conserved hypothetical protein,NC_007335.2,1030545,1030685,+,PMN2A_0521,200.0,run_PMN2A_0519,3,False,
PMN2A_0521,PMN2A_RS05655,conserved hypothetical protein,NC_007335.2,1030886,1031170,-,PMN2A_0522,183.0,run_PMN2A_0521,2,False,
PMN2A_0522,PMN2A_RS05660,conserved hypothetical protein (DUF1651),NC_007335.2,1031354,1031587,-,PMN2A_2034,456.0,run_PMN2A_0521,2,False,
PMN2A_2034,PMN2A_RS10650,Conserved hypothetical protein,NC_007335.2,1032044,1032220,-,PMN2A_0523,135.0,run_PMN2A_2034,2,False,
PMN2A_0523,pip,proline iminopeptidase,NC_007335.2,1032356,1033306,-,PMN2A_0524,100.0,run_PMN2A_2034,2,False,
PMN2A_0524,PMN2A_RS05670,conserved hypothetical protein,NC_007335.2,1033407,1033628,+,PMN2A_0525,942.0,run_PMN2A_0524,1,False,
PMN2A_0525,PMN2A_RS10655,conserved hypothetical protein family PM-14,NC_007335.2,1034571,1034735,+,PMN2A_RS10115,105.0,run_PMN2A_0525,1,False,
PMN2A_RS10115,,DUF4278 domain-containing protein,NC_007335.2,1034841,1035017,-,PMN2A_0526,243.0,run_PMN2A_RS10115,1,False,
PMN2A_0526,PMN2A_RS05675,conserved hypothetical protein,NC_007335.2,1035261,1035524,-,PMN2A_0527,2.0,run_PMN2A_0526,2,False,
PMN2A_0527,PMN2A_RS05680,conserved hypothetical protein,NC_007335.2,1035527,1035742,-,PMN2A_0528,309.0,run_PMN2A_0526,2,False,
PMN2A_0528,PMN2A_RS05685,conserved hypothetical protein,NC_007335.2,1036052,1036258,+,PMN2A_0529,84.0,run_PMN2A_0528,1,False,
PMN2A_0529,PMN2A_RS05690,conserved hypothetical protein,NC_007335.2,1036343,1036555,-,PMN2A_0531,857.0,run_PMN2A_0529,1,False,
PMN2A_0531,PMN2A_RS05700,putative imidazoleglycerol-phosphate dehydratase,NC_007335.2,1037413,1038210,+,PMN2A_0532,159.0,run_PMN2A_0531,1,False,
PMN2A_0532,PMN2A_RS05705,uncharacterized conserved membrane protein,NC_007335.2,1038370,1038654,-,PMN2A_0533,55.0,run_PMN2A_0532,4,False,
PMN2A_0533,PMN2A_RS05710,conserved hypothetical protein,NC_007335.2,1038710,1038892,-,PMN2A_2038,-8.0,run_PMN2A_0532,4,False,
PMN2A_2038,PMN2A_RS05715,conserved hypothetical protein,NC_007335.2,1038885,1039091,-,PMN2A_2039,-1.0,run_PMN2A_0532,4,False,
PMN2A_2039,PMN2A_RS10660,Conserved hypothetical protein,NC_007335.2,1039091,1039258,-,PMN2A_0534,288.0,run_PMN2A_0532,4,False,
PMN2A_0534,PMN2A_RS05725,putative membrane protein,NC_007335.2,1039547,1040143,+,PMN2A_0535,110.0,run_PMN2A_0534,2,False,
PMN2A_0535,PMN2A_RS10665,Conserved hypothetical protein,NC_007335.2,1040254,1040418,+,PMN2A_0536,241.0,run_PMN2A_0534,2,False,
PMN2A_0536,PMN2A_RS05735,uncharacterized conserved membrane protein,NC_007335.2,1040660,1041004,+,PMN2A_RS10670,102.0,run_PMN2A_0536,3,False,
PMN2A_RS10670,,hypothetical protein,NC_007335.2,1041107,1041328,+,PMN2A_0537,106.0,run_PMN2A_0536,3,False,
PMN2A_0537,PMN2A_RS05745,conserved hypothetical protein,NC_007335.2,1041435,1041686,+,PMN2A_0538,212.0,run_PMN2A_0536,3,False,
PMN2A_0538,ydiU,ACR YdiU/UPF0061 family protein,NC_007335.2,1041899,1043593,+,PMN2A_RS11030,185.0,run_PMN2A_0538,4,False,
PMN2A_RS11030,,hypothetical protein,NC_007335.2,1043779,1043907,+,PMN2A_2042,4.0,run_PMN2A_0538,4,False,
PMN2A_2042,PMN2A_RS11035,conserved hypothetical protein,NC_007335.2,1043912,1044046,+,PMN2A_2043,-4.0,run_PMN2A_0538,4,False,
PMN2A_2043,PMN2A_RS10675,conserved hypothetical protein,NC_007335.2,1044043,1044213,+,PMN2A_0539,108.0,run_PMN2A_0538,4,False,
PMN2A_0539,PMN2A_RS05755,conserved hypothetical protein,NC_007335.2,1044322,1044567,-,PMN2A_2044,70.0,run_PMN2A_0539,3,False,
PMN2A_2044,PMN2A_RS05760,conserved hypothetical protein,NC_007335.2,1044638,1044847,-,PMN2A_2045,141.0,run_PMN2A_0539,3,False,
PMN2A_2045,PMN2A_RS05765,Conserved hypothetical protein,NC_007335.2,1044989,1045201,+,PMN2A_2046,51.0,run_PMN2A_2045,1,True,run_PMN2A_0539
PMN2A_2046,PMN2A_RS05770,conserved hypothetical protein,NC_007335.2,1045253,1045435,-,PMN2A_0540,216.0,run_PMN2A_0539,3,False,
PMN2A_0540,PMN2A_RS05775,conserved hypothetical protein,NC_007335.2,1045652,1045903,-,PMN2A_2047,10.0,run_PMN2A_0540,5,False,
PMN2A_2047,PMN2A_RS05780,conserved hypothetical protein,NC_007335.2,1045914,1046069,-,PMN2A_0541,59.0,run_PMN2A_0540,5,False,
PMN2A_0541,PMN2A_RS05785,conserved hypothetical protein,NC_007335.2,1046129,1046587,-,PMN2A_2049,158.0,run_PMN2A_0540,5,False,
PMN2A_2049,PMN2A_RS10680,conserved hypothetical protein,NC_007335.2,1046746,1046913,+,PMN2A_2050,14.0,run_PMN2A_2049,2,True,run_PMN2A_0540
PMN2A_2050,PMN2A_RS10685,conserved hypothetical protein,NC_007335.2,1046928,1047068,-,PMN2A_0542,165.0,run_PMN2A_0540,5,True,run_PMN2A_2049
PMN2A_0542,PMN2A_RS05790,conserved hypothetical protein,NC_007335.2,1047234,1047512,+,PMN2A_0543,148.0,run_PMN2A_2049,2,True,run_PMN2A_0540
PMN2A_0543,PMN2A_RS05795,uncharacterized conserved membrane protein,NC_007335.2,1047661,1047993,-,PMN2A_0544,492.0,run_PMN2A_0540,5,False,
PMN2A_0544,PMN2A_RS05800,conserved hypothetical protein (DUF3303),NC_007335.2,1048486,1048815,+,PMN2A_2052,112.0,run_PMN2A_0544,1,False,
PMN2A_2052,PMN2A_RS10690,uncharacterized conserved membrane protein,NC_007335.2,1048928,1049098,-,PMN2A_0545,121.0,run_PMN2A_2052,2,False,
PMN2A_0545,PMN2A_RS05805,conserved hypothetical protein,NC_007335.2,1049220,1049774,-,PMN2A_0546,257.0,run_PMN2A_2052,2,False,
PMN2A_0546,psaJ2,photosystem I reaction centre subunit IX,NC_007335.2,1050032,1050166,+,PMN2A_2054,243.0,run_PMN2A_0546,1,False,
PMN2A_2054,PMN2A_RS05810,uncharacterized conserved membrane protein,NC_007335.2,1050410,1050604,+,PMN2A_2056,1043.0,run_PMN2A_2054,1,False,
PMN2A_2056,PMN2A_RS10695,conserved hypothetical protein,NC_007335.2,1051648,1051812,+,PMN2A_0547,22.0,run_PMN2A_2056,1,False,
PMN2A_0547,PMN2A_RS05815,uncharacterized conserved membrane protein,NC_007335.2,1051835,1052140,-,PMN2A_2058,311.0,run_PMN2A_0547,1,False,
PMN2A_2058,PMN2A_RS05820,conserved hypothetical protein,NC_007335.2,1052452,1052649,-,PMN2A_0548,111.0,run_PMN2A_2058,2,False,
PMN2A_0548,hli,high light inducible protein,NC_007335.2,1052761,1052907,-,PMN2A_0549,500.0,run_PMN2A_2058,2,False,
PMN2A_0549,PMN2A_RS05825,conserved hypothetical protein,NC_007335.2,1053408,1053698,-,PMN2A_2060,663.0,run_PMN2A_0549,1,False,
PMN2A_2060,PMN2A_RS05830,conserved hypothetical protein,NC_007335.2,1054362,1054568,+,PMN2A_0550,85.0,run_PMN2A_2060,2,False,
PMN2A_0550,PMN2A_RS05835,uncharacterized conserved membrane protein,NC_007335.2,1054654,1054935,+,PMN2A_0551,84.0,run_PMN2A_2060,2,False,
PMN2A_0551,hli,high light inducible protein,NC_007335.2,1055020,1055145,-,PMN2A_0552,-1.0,run_PMN2A_0551,4,False,
PMN2A_0552,hli,high light inducible protein,NC_007335.2,1055145,1055291,-,PMN2A_2061,-1.0,run_PMN2A_0551,4,False,
PMN2A_2061,hli,possible high light inducible protein,NC_007335.2,1055291,1055410,-,PMN2A_0553,34.0,run_PMN2A_0551,4,False,
PMN2A_0553,hli,high light inducible protein,NC_007335.2,1055445,1055660,-,PMN2A_0554,655.0,run_PMN2A_0551,4,False,
PMN2A_0554,PMN2A_RS11075,conserved hypothetical protein,NC_007335.2,1056316,1056681,-,PMN2A_0555,247.0,run_PMN2A_0554,1,False,
PMN2A_0555,PMN2A_RS05865,uncharacterized conserved membrane protein (DUF2839),NC_007335.2,1056929,1057111,-,PMN2A_0556,603.0,run_PMN2A_0555,1,False,
PMN2A_0556,arfB,RF-1 domain protein,NC_007335.2,1057715,1058137,-,PMN2A_0557,9.0,run_PMN2A_0556,2,False,
PMN2A_0557,PMN2A_RS05875,conserved hypothetical protein,NC_007335.2,1058147,1058635,-,PMN2A_0558,338.0,run_PMN2A_0556,2,False,
PMN2A_0558,psbA,photosystem II protein D1.1,NC_007335.2,1058974,1060056,+,PMN2A_0559,205.0,run_PMN2A_0558,1,False,
PMN2A_0559,PMN2A_RS05885,uncharacterized conserved membrane protein,NC_007335.2,1060262,1060888,+,PMN2A_0560,109.0,run_PMN2A_0559,2,False,
PMN2A_0560,nei,endonuclease VIII,NC_007335.2,1060998,1061843,+,PMN2A_0561,81.0,run_PMN2A_0559,2,False,
PMN2A_0561,PMN2A_RS05895,plastid lipid-associated protein (PAP)/fibrillin family,NC_007335.2,1061925,1062398,-,PMN2A_0563,528.0,run_PMN2A_0561,1,False,
PMN2A_0563,PMN2A_RS05900,conserved hypothetical protein,NC_007335.2,1062927,1063286,-,PMN2A_0564,247.0,run_PMN2A_0563,1,False,
PMN2A_0564,PMN2A_RS05905,conserved hypothetical protein,NC_007335.2,1063534,1063794,-,PMN2A_0566,582.0,run_PMN2A_0564,1,False,
PMN2A_0566,PMN2A_RS05915,Predicted protein family PM-5,NC_007335.2,1064377,1064559,+,PMN2A_0567,227.0,run_PMN2A_0566,1,False,
PMN2A_0567,PMN2A_RS05920,conserved hypothetical protein,NC_007335.2,1064787,1065329,-,PMN2A_0568,57.0,run_PMN2A_0567,2,False,
PMN2A_0568,PMN2A_RS05925,conserved hypothetical protein,NC_007335.2,1065387,1065728,-,PMN2A_0571,1445.0,run_PMN2A_0567,2,False,
PMN2A_0571,PMN2A_RS05935,conserved hypothetical protein,NC_007335.2,1067174,1067605,-,PMN2A_2068,586.0,run_PMN2A_0571,1,False,
PMN2A_2068,PMN2A_RS05940,Hypothetical protein,NC_007335.2,1068192,1068398,-,PMN2A_0572,568.0,run_PMN2A_2068,1,False,
PMN2A_0572,PMN2A_RS05945,uncharacterized conserved membrane protein (DUF2839),NC_007335.2,1068967,1069188,-,PMN2A_0573,95.0,run_PMN2A_0572,1,False,
PMN2A_0573,PMN2A_RS10710,Hypothetical protein,NC_007335.2,1069284,1069439,+,PMN2A_2070,341.0,run_PMN2A_0573,1,False,
PMN2A_2070,PMN2A_RS10715,conserved hypothetical protein,NC_007335.2,1069781,1069945,+,PMN2A_2071,53.0,run_PMN2A_2070,2,False,
PMN2A_2071,PMN2A_RS05950,Conserved hypothetical protein,NC_007335.2,1069999,1070187,+,PMN2A_2072,-6.0,run_PMN2A_2070,2,False,
PMN2A_2072,PMN2A_RS05955,conserved hypothetical protein,NC_007335.2,1070182,1070391,-,PMN2A_0574,9.0,run_PMN2A_2072,2,False,
PMN2A_0574,PMN2A_RS05960,conserved hypothetical protein,NC_007335.2,1070401,1070712,-,PMN2A_0575,629.0,run_PMN2A_2072,2,False,
PMN2A_0575,PMN2A_RS05970,nif11-like leader peptide domain protein,NC_007335.2,1071342,1071668,+,PMN2A_2075,278.0,run_PMN2A_0575,1,False,
PMN2A_2075,PMN2A_RS11040,conserved hypothetical protein,NC_007335.2,1071947,1072081,-,PMN2A_2076,8.0,run_PMN2A_2075,2,False,
PMN2A_2076,PMN2A_RS10720,conserved hypothetical protein,NC_007335.2,1072090,1072251,-,PMN2A_0576,347.0,run_PMN2A_2075,2,False,
PMN2A_0576,PMN2A_RS05975,hypothetical protein,NC_007335.2,1072599,1072706,+,PMN2A_RS05980,297.0,run_PMN2A_0576,1,False,
PMN2A_RS05980,,chlorophyll a/b-binding protein,NC_007335.2,1073004,1073129,-,PMN2A_0577,-1.0,run_PMN2A_RS05980,4,False,
PMN2A_0577,hli,high light inducible protein,NC_007335.2,1073129,1073275,-,PMN2A_2077,-1.0,run_PMN2A_RS05980,4,False,
PMN2A_2077,hli,possible high light inducible protein,NC_007335.2,1073275,1073394,-,PMN2A_0578,34.0,run_PMN2A_RS05980,4,False,
PMN2A_0578,hli,high light inducible protein,NC_007335.2,1073429,1073644,-,PMN2A_0579,794.0,run_PMN2A_RS05980,4,False,
PMN2A_0579,PMN2A_RS06000,conserved hypothetical protein,NC_007335.2,1074439,1074633,-,PMN2A_0580,-4.0,run_PMN2A_0579,2,False,
PMN2A_0580,PMN2A_RS06005,conserved hypothetical protein (DUF2811),NC_007335.2,1074630,1074920,-,PMN2A_2081,1013.0,run_PMN2A_0579,2,False,
PMN2A_2081,PMN2A_RS10725,conserved hypothetical protein,NC_007335.2,1075934,1076080,+,PMN2A_0581,154.0,run_PMN2A_2081,2,False,
PMN2A_0581,PMN2A_RS06010,conserved hypothetical protein,NC_007335.2,1076235,1076429,+,PMN2A_0582,216.0,run_PMN2A_2081,2,False,
PMN2A_0582,PMN2A_RS06015,conserved hypothetical protein,NC_007335.2,1076646,1077104,+,PMN2A_2082,156.0,run_PMN2A_0582,2,False,
PMN2A_2082,PMN2A_RS06020,conserved hypothetical protein,NC_007335.2,1077261,1077479,+,PMN2A_0583,102.0,run_PMN2A_0582,2,False,
PMN2A_0583,PMN2A_RS06025,uncharacterized conserved membrane protein,NC_007335.2,1077582,1077854,-,PMN2A_0584,918.0,run_PMN2A_0583,1,False,
PMN2A_0584,PMN2A_RS06035,uncharacterized conserved secreted protein,NC_007335.2,1078773,1079015,-,PMN2A_0585,203.0,run_PMN2A_0584,1,False,
PMN2A_0585,PMN2A_RS06045,conserved hypothetical protein (DUF3764),NC_007335.2,1079219,1079497,+,PMN2A_0586,149.0,run_PMN2A_0585,3,False,
PMN2A_0586,PMN2A_RS10930,conserved hypothetical protein,NC_007335.2,1079647,1080189,+,PMN2A_0587,60.0,run_PMN2A_0585,3,False,
PMN2A_0587,PMN2A_RS10730,hypothetical protein,NC_007335.2,1080250,1080405,+,PMN2A_0588,467.0,run_PMN2A_0585,3,False,
PMN2A_0588,PMN2A_RS06055,glutaredoxin family protein,NC_007335.2,1080873,1081475,+,PMN2A_2087,1074.0,run_PMN2A_0588,1,False,
PMN2A_2087,PMN2A_RS10735,conserved hypothetical protein,NC_007335.2,1082550,1082696,-,PMN2A_0590,-4.0,run_PMN2A_2087,3,False,
PMN2A_0590,PMN2A_RS06065,conserved hypothetical protein (DUF3104),NC_007335.2,1082693,1082950,-,PMN2A_2088,56.0,run_PMN2A_2087,3,False,
PMN2A_2088,PMN2A_RS10740,conserved hypothetical protein,NC_007335.2,1083007,1083171,-,PMN2A_0591,782.0,run_PMN2A_2087,3,False,
PMN2A_0591,PMN2A_RS06070,conserved hypothetical protein,NC_007335.2,1083954,1084136,+,PMN2A_2091,758.0,run_PMN2A_0591,1,False,
PMN2A_2091,PMN2A_RS10745,conserved hypothetical protein,NC_007335.2,1084895,1085056,-,PMN2A_0592,894.0,run_PMN2A_2091,1,False,
PMN2A_0592,PMN2A_RS06075,conserved hypothetical protein,NC_007335.2,1085951,1086148,+,PMN2A_2092,273.0,run_PMN2A_0592,1,False,
PMN2A_2092,PMN2A_RS10750,hypothetical protein,NC_007335.2,1086422,1086586,+,PMN2A_RS10755,262.0,run_PMN2A_2092,1,False,
PMN2A_RS10755,,hypothetical protein,NC_007335.2,1086849,1087022,-,PMN2A_0593,178.0,run_PMN2A_RS10755,3,False,
PMN2A_0593,PMN2A_RS06085,conserved hypothetical protein,NC_007335.2,1087201,1087437,-,PMN2A_0594,111.0,run_PMN2A_RS10755,3,False,
PMN2A_0594,PMN2A_RS06090,cupin domain-containing protein,NC_007335.2,1087549,1087980,-,PMN2A_2095,293.0,run_PMN2A_RS10755,3,False,
PMN2A_2095,PMN2A_RS10760,conserved hypothetical protein,NC_007335.2,1088274,1088441,-,PMN2A_2096,378.0,run_PMN2A_2095,1,False,
PMN2A_2096,PMN2A_RS06095,Conserved hypothetical protein,NC_007335.2,1088820,1089008,+,PMN2A_0595,939.0,run_PMN2A_2096,1,False,
PMN2A_0595,clpS1,ATP-dependent Clp protease adaptor protein ClpS,NC_007335.2,1089948,1090244,-,PMN2A_RS10290,145.0,run_PMN2A_0595,1,False,
PMN2A_RS10290,,hypothetical protein,NC_007335.2,1090390,1090569,+,PMN2A_2102,67.0,run_PMN2A_RS10290,3,False,
PMN2A_2102,PMN2A_RS10295,conserved hypothetical protein,NC_007335.2,1090637,1090825,+,PMN2A_0597,69.0,run_PMN2A_RS10290,3,False,
PMN2A_0597,PMN2A_RS06110,cupin domain-containing protein,NC_007335.2,1090895,1091335,+,PMN2A_0598,386.0,run_PMN2A_RS10290,3,False,
PMN2A_0598,PMN2A_RS06115,conserved hypothetical protein,NC_007335.2,1091722,1091970,+,PMN2A_0599,311.0,run_PMN2A_0598,1,False,
PMN2A_0599,petF,2Fe-2S ferredoxin,NC_007335.2,1092282,1092587,+,PMN2A_0600,54.0,run_PMN2A_0599,3,False,
PMN2A_0600,PMN2A_RS06125,conserved hypothetical protein,NC_007335.2,1092642,1092938,+,PMN2A_2103,78.0,run_PMN2A_0599,3,False,
PMN2A_2103,PMN2A_RS10765,conserved hypothetical protein,NC_007335.2,1093017,1093190,+,PMN2A_2105,333.0,run_PMN2A_0599,3,False,
PMN2A_2105,PMN2A_RS10770,hypothetical protein,NC_007335.2,1093524,1093685,+,PMN2A_2106,174.0,run_PMN2A_2105,2,False,
PMN2A_2106,PMN2A_RS06130,conserved hypothetical protein,NC_007335.2,1093860,1094006,+,PMN2A_0601,279.0,run_PMN2A_2105,2,False,
PMN2A_0601,rsuA,pseudouridine synthase,NC_007335.2,1094286,1095008,+,PMN2A_0602,227.0,run_PMN2A_0601,1,False,
PMN2A_0602,hli,high light inducible protein,NC_007335.2,1095236,1095361,-,PMN2A_0603,-1.0,run_PMN2A_0602,4,False,
PMN2A_0603,hli,high light inducible protein,NC_007335.2,1095361,1095510,-,PMN2A_2108,-1.0,run_PMN2A_0602,4,False,
PMN2A_2108,hli,possible high light inducible protein,NC_007335.2,1095510,1095629,-,PMN2A_0604,20.0,run_PMN2A_0602,4,False,
PMN2A_0604,hli,high light inducible protein,NC_007335.2,1095650,1095757,-,PMN2A_0605,457.0,run_PMN2A_0602,4,False,
PMN2A_0605,PMN2A_RS06160,conserved hypothetical protein,NC_007335.2,1096215,1096604,-,PMN2A_RS10300,-1.0,run_PMN2A_0605,7,False,
PMN2A_RS10300,,hypothetical protein,NC_007335.2,1096604,1096795,-,PMN2A_0606,-4.0,run_PMN2A_0605,7,False,
PMN2A_0606,PMN2A_RS06165,conserved hypothetical protein,NC_007335.2,1096792,1097187,-,PMN2A_RS06170,86.0,run_PMN2A_0605,7,False,
PMN2A_RS06170,,hypothetical protein,NC_007335.2,1097274,1097456,+,PMN2A_0607,27.0,run_PMN2A_RS06170,1,True,run_PMN2A_0605
PMN2A_0607,PMN2A_RS06175,conserved hypothetical protein DUF4278,NC_007335.2,1097484,1097777,-,PMN2A_0608,140.0,run_PMN2A_0605,7,False,
PMN2A_0608,PMN2A_RS06180,uncharacterized conserved secreted protein,NC_007335.2,1097918,1098157,-,PMN2A_0609,142.0,run_PMN2A_0605,7,False,
PMN2A_0609,PMN2A_RS10775,Conserved hypothetical protein,NC_007335.2,1098300,1098467,-,PMN2A_0610,197.0,run_PMN2A_0605,7,False,
PMN2A_0610,PMN2A_RS06185,conserved hypothetical protein (DUF3104),NC_007335.2,1098665,1098928,+,PMN2A_2111,189.0,run_PMN2A_0610,1,True,run_PMN2A_0605
PMN2A_2111,PMN2A_RS10780,conserved hypothetical protein,NC_007335.2,1099118,1099282,-,PMN2A_0611,764.0,run_PMN2A_0605,7,False,
PMN2A_0611,PMN2A_RS06190,"BgtA-like ABC-type uptake transporter for acidic and neutral polar amino acids (N-II), ATPase subunit",NC_007335.2,1100047,1100793,-,PMN2A_0612,6.0,run_PMN2A_0611,4,False,
PMN2A_0612,natH,"ABC-type uptake transporter for acidic and neutral polar amino acids (N-II), membrane protein",NC_007335.2,1100800,1101834,-,PMN2A_0613,3.0,run_PMN2A_0611,4,False,
PMN2A_0613,natG,"ABC-type uptake transporter for acidic and neutral polar amino acids (N-II), membrane protein",NC_007335.2,1101838,1102737,-,PMN2A_0614,18.0,run_PMN2A_0611,4,False,
PMN2A_0614,natF,"ABC-type uptake transporter for acidic and neutral polar amino acids (N-II), substrate binding protein",NC_007335.2,1102756,1103817,-,PMN2A_0615,577.0,run_PMN2A_0611,4,False,
PMN2A_0615,PMN2A_RS06210,conserved hypothetical protein,NC_007335.2,1104395,1104655,+,PMN2A_0616,258.0,run_PMN2A_0615,1,False,
PMN2A_0616,PMN2A_RS06215,putative antibiotic biosynthesis monooxygenase domain protein,NC_007335.2,1104914,1105300,+,PMN2A_0617,4.0,run_PMN2A_0616,6,False,
PMN2A_0617,PMN2A_RS06220,conserved hypothetical protein,NC_007335.2,1105305,1105568,+,PMN2A_2114,110.0,run_PMN2A_0616,6,False,
PMN2A_2114,PMN2A_RS06225,conserved hypothetical protein,NC_007335.2,1105679,1105876,-,PMN2A_0618,158.0,run_PMN2A_2114,1,True,run_PMN2A_0616
PMN2A_0618,PMN2A_RS06230,conserved hypothetical protein,NC_007335.2,1106035,1106382,+,PMN2A_0619,175.0,run_PMN2A_0616,6,False,
PMN2A_0619,PMN2A_RS10785,conserved hypothetical protein family PM-14,NC_007335.2,1106558,1106722,+,PMN2A_0620,15.0,run_PMN2A_0616,6,False,
PMN2A_0620,PMN2A_RS06235,possible Legume lectins alpha domain,NC_007335.2,1106738,1106920,+,PMN2A_2115,4.0,run_PMN2A_0616,6,False,
PMN2A_2115,PMN2A_RS10310,conserved hypothetical protein,NC_007335.2,1106925,1107125,+,PMN2A_0621,706.0,run_PMN2A_0616,6,False,
PMN2A_0621,PMN2A_RS06245,hydrogenase/urease accessory protein,NC_007335.2,1107832,1108464,-,PMN2A_0622,557.0,run_PMN2A_0621,1,False,
PMN2A_0622,PMN2A_RS10935,regulator of chromosome condensation (RCC1) repeat family protein,NC_007335.2,1109022,1112348,-,PMN2A_2117,726.0,run_PMN2A_0622,1,False,
PMN2A_2117,PMN2A_RS06260,conserved hypothetical protein,NC_007335.2,1113075,1113245,+,PMN2A_0623,555.0,run_PMN2A_2117,1,False,
PMN2A_0623,PMN2A_RS06265,conserved hypothetical protein,NC_007335.2,1113801,1114199,+,PMN2A_0624,537.0,run_PMN2A_0623,1,False,
PMN2A_0624,PMN2A_RS06270,conserved hypothetical protein,NC_007335.2,1114737,1115204,+,PMN2A_2119,30.0,run_PMN2A_0624,2,False,
PMN2A_2119,PMN2A_RS06275,conserved hypothetical protein,NC_007335.2,1115235,1115411,-,PMN2A_0625,172.0,run_PMN2A_2119,1,True,run_PMN2A_0624
PMN2A_0625,PMN2A_RS06280,conserved hypothetical protein,NC_007335.2,1115584,1115874,+,PMN2A_RS11045,233.0,run_PMN2A_0624,2,False,
PMN2A_RS11045,,hypothetical protein,NC_007335.2,1116108,1116236,+,PMN2A_2120,609.0,run_PMN2A_RS11045,1,False,
PMN2A_2120,PMN2A_RS10790,uncharacterized conserved membrane protein,NC_007335.2,1116846,1117016,+,PMN2A_0629,650.0,run_PMN2A_2120,1,False,
PMN2A_0629,PMN2A_RS06305,conserved hypothetical protein,NC_007335.2,1117667,1117942,+,PMN2A_0630,104.0,run_PMN2A_0629,2,False,
PMN2A_0630,PMN2A_RS10795,uncharacterized conserved membrane protein,NC_007335.2,1118047,1118190,+,PMN2A_0631,440.0,run_PMN2A_0629,2,False,
PMN2A_0631,sul1,sulfate permease,NC_007335.2,1118631,1120175,-,PMN2A_2121,86.0,run_PMN2A_0631,4,False,
PMN2A_2121,PMN2A_RS06315,conserved hypothetical protein,NC_007335.2,1120262,1120441,-,PMN2A_0632,115.0,run_PMN2A_0631,4,False,
PMN2A_0632,PMN2A_RS06320,"conserved hypothetical protein, Prochlorococcus-specific (PM-2)",NC_007335.2,1120557,1120853,-,PMN2A_0633,36.0,run_PMN2A_0631,4,False,
PMN2A_0633,PMN2A_RS06325,conserved hypothetical protein,NC_007335.2,1120890,1121213,-,PMN2A_0634,441.0,run_PMN2A_0631,4,False,
PMN2A_0634,PMN2A_RS06330,conserved hypothetical protein,NC_007335.2,1121655,1121963,-,PMN2A_0635,364.0,run_PMN2A_0634,1,False,
PMN2A_0635,trmFO,methylenetetrahydrofolate--tRNA-(uracil(54)-C(5))-methyltransferase (FADH(2)-oxidizing),NC_007335.2,1122328,1123731,+,PMN2A_0636,15.0,run_PMN2A_0635,3,False,
PMN2A_0636,crtH,carotenoid isomerase,NC_007335.2,1123747,1125309,+,PMN2A_0637,21.0,run_PMN2A_0635,3,False,
PMN2A_0637,PMN2A_RS06350,two-component system response regulator RR class II (RRII)-OmpR,NC_007335.2,1125331,1126095,-,PMN2A_0638,88.0,run_PMN2A_0637,4,True,run_PMN2A_0635
PMN2A_0638,PMN2A_RS06355,conserved hypothetical protein,NC_007335.2,1126184,1126453,+,PMN2A_0639,17.0,run_PMN2A_0635,3,True,run_PMN2A_0637
PMN2A_0639,grx3,monothiol glutaredoxin,NC_007335.2,1126471,1126794,-,PMN2A_0640,10.0,run_PMN2A_0637,4,False,
PMN2A_0640,PMN2A_RS06365,bolA-like family protein,NC_007335.2,1126805,1127035,-,PMN2A_0641,78.0,run_PMN2A_0637,4,False,
PMN2A_0641,plsC2,1-acyl-sn-glycerol-3-phosphate acyltransferase,NC_007335.2,1127114,1127794,-,PMN2A_0642,138.0,run_PMN2A_0637,4,False,
PMN2A_0642,pdxJ,pyridoxine 5^-phosphate synthase,NC_007335.2,1127933,1128670,+,PMN2A_0643,25.0,run_PMN2A_0642,10,False,
PMN2A_0643,recC,"exodeoxyribonuclease V (RecBCD complex), gamma subunit",NC_007335.2,1128696,1131989,+,PMN2A_0644,12.0,run_PMN2A_0642,10,False,
PMN2A_0644,PMN2A_RS06385,phospholipid methyltransferase,NC_007335.2,1132002,1132559,+,PMN2A_0645,95.0,run_PMN2A_0642,10,False,
PMN2A_0645,recB,"exodeoxyribonuclease V (RecBCD complex), beta subunit",NC_007335.2,1132655,1136440,+,PMN2A_0646,-4.0,run_PMN2A_0642,10,False,
PMN2A_0646,recD,"exodeoxyribonuclease V (RecBCD complex), alpha subunit",NC_007335.2,1136437,1138158,+,PMN2A_0647,147.0,run_PMN2A_0642,10,False,
PMN2A_0647,crhR,cyanobacterial RNA helicase,NC_007335.2,1138306,1140075,+,PMN2A_0648,62.0,run_PMN2A_0642,10,False,
PMN2A_0648,PMN2A_RS06405,uncharacterized conserved secreted protein,NC_007335.2,1140138,1140362,+,PMN2A_0649,21.0,run_PMN2A_0642,10,False,
PMN2A_0649,PMN2A_RS06410,ABC transporter,NC_007335.2,1140384,1142174,+,PMN2A_0650,1.0,run_PMN2A_0642,10,False,
PMN2A_0650,cyanoP,photosystem II protein CyanoP,NC_007335.2,1142176,1142721,-,PMN2A_0651,119.0,run_PMN2A_0650,1,True,run_PMN2A_0642
PMN2A_0651,recR,recombination protein RecR,NC_007335.2,1142841,1143440,+,PMN2A_0652,11.0,run_PMN2A_0642,10,False,
PMN2A_0652,lipA1,lipoyl synthase,NC_007335.2,1143452,1144375,+,PMN2A_0653,18.0,run_PMN2A_0642,10,False,
PMN2A_0653,PMN2A_RS06430,conserved hypothetical protein,NC_007335.2,1144394,1144894,-,PMN2A_0654,-4.0,run_PMN2A_0653,6,False,
PMN2A_0654,PMN2A_RS06435,rhodanese-like domain protein,NC_007335.2,1144891,1145850,-,PMN2A_0655,12.0,run_PMN2A_0653,6,False,
PMN2A_0655,bioB,biotin synthase,NC_007335.2,1145863,1146900,-,PMN2A_0656,93.0,run_PMN2A_0653,6,False,
PMN2A_0656,uppS,"di-trans,poly-cis-decaprenylcistransferase",NC_007335.2,1146994,1147764,-,PMN2A_0657,-4.0,run_PMN2A_0653,6,False,
PMN2A_0657,disA,diadenylate cyclase,NC_007335.2,1147761,1148663,-,PMN2A_0658,29.0,run_PMN2A_0653,6,False,
PMN2A_0658,lysA,diaminopimelate decarboxylase,NC_007335.2,1148693,1150057,-,PMN2A_0659,93.0,run_PMN2A_0653,6,False,
PMN2A_0659,rimI,ribosomal-protein-alanine acetyltransferase,NC_007335.2,1150151,1150606,+,PMN2A_0660,189.0,run_PMN2A_0659,5,False,
PMN2A_0660,clpC,ATP-dependent Clp protease ATP-binding subunit ClpC,NC_007335.2,1150796,1153363,+,PMN2A_0661,20.0,run_PMN2A_0659,5,False,
PMN2A_0661,gldA,glycerol dehydrogenase,NC_007335.2,1153384,1154502,+,PMN2A_0662,5.0,run_PMN2A_0659,5,False,
PMN2A_0662,PMN2A_RS06475,esterase family protein,NC_007335.2,1154508,1155416,+,PMN2A_0663,1.0,run_PMN2A_0659,5,False,
PMN2A_0663,PMN2A_RS06480,conserved hypothetical protein,NC_007335.2,1155418,1156050,+,PMN2A_0664,5.0,run_PMN2A_0659,5,False,
PMN2A_0664,cdsA,cytidine diphosphate-diacylglycerol (CDP-DG) synthase,NC_007335.2,1156056,1156943,-,PMN2A_0665,97.0,run_PMN2A_0664,4,False,
PMN2A_0665,cadA,lysine decarboxylase,NC_007335.2,1157041,1158435,-,PMN2A_0666,100.0,run_PMN2A_0664,4,False,
PMN2A_0666,PMN2A_RS06495,ABC1 family protein,NC_007335.2,1158536,1160182,+,PMN2A_RS10800,129.0,run_PMN2A_0666,2,True,run_PMN2A_0664
PMN2A_RS10800,,hypothetical protein,NC_007335.2,1160312,1160704,-,PMN2A_0668,49.0,run_PMN2A_0664,4,True,run_PMN2A_0666
PMN2A_0668,PMN2A_RS06505,helix-turn-helix domain-containing protein,NC_007335.2,1160754,1161287,+,PMN2A_0669,2.0,run_PMN2A_0666,2,True,run_PMN2A_0664
PMN2A_0669,malQ,4-alpha-glucanotransferase,NC_007335.2,1161290,1162786,-,PMN2A_0670,625.0,run_PMN2A_0664,4,False,
PMN2A_0670,prsA,ribose-phosphate pyrophosphokinase,NC_007335.2,1163412,1164407,+,PMN2A_0671,10.0,run_PMN2A_0670,1,False,
PMN2A_0671,pepN,aminopeptidase N,NC_007335.2,1164418,1167039,-,PMN2A_0672,23.0,run_PMN2A_0671,3,False,
PMN2A_0672,PMN2A_RS06525,putative cAMP phosphodiesterase class-II,NC_007335.2,1167063,1167515,-,PMN2A_0673,124.0,run_PMN2A_0671,3,False,
PMN2A_0673,PMN2A_RS06530,conserved hypothetical protein,NC_007335.2,1167640,1168197,-,PMN2A_0674,107.0,run_PMN2A_0671,3,False,
PMN2A_0674,sasA,adaptive-response sensory kinase,NC_007335.2,1168305,1169450,+,PMN2A_0675,433.0,run_PMN2A_0674,1,False,
PMN2A_0675,petH,ferredoxin--NADP+ reductase (FNR),NC_007335.2,1169884,1171029,+,PMN2A_0676,172.0,run_PMN2A_0675,4,False,
PMN2A_0676,zwf,glucose-6-phosphate 1-dehydrogenase,NC_007335.2,1171202,1172725,+,PMN2A_0677,38.0,run_PMN2A_0675,4,False,
PMN2A_0677,opcA,glucose 6-phosphate dehydrogenase assembly protein,NC_007335.2,1172764,1174071,+,PMN2A_0678,13.0,run_PMN2A_0675,4,False,
PMN2A_0678,cobB,"hydrogenobyrinic acid a,c-diamide synthase (glutamine-hydrolysing)",NC_007335.2,1174085,1175440,+,PMN2A_0679,34.0,run_PMN2A_0675,4,False,
PMN2A_0679,PMN2A_RS06565,UvrD-like P-loop containing nucleoside triphosphate hydrolase,NC_007335.2,1175475,1176935,-,PMN2A_0680,-4.0,run_PMN2A_0679,7,False,
PMN2A_0680,PMN2A_RS06570,possible phosphatidic acid phosphatase,NC_007335.2,1176932,1177447,-,PMN2A_0681,-4.0,run_PMN2A_0679,7,False,
PMN2A_0681,crtE,geranylgeranyl pyrophosphate synthase,NC_007335.2,1177444,1178343,-,PMN2A_0682,42.0,run_PMN2A_0679,7,False,
PMN2A_0682,folD,"bifunctional 5,10-methylene-tetrahydrofolate dehydrogenase/ 5,10-methylene-tetrahydrofolate cyclohydrolase",NC_007335.2,1178386,1179297,-,PMN2A_0683,68.0,run_PMN2A_0679,7,False,
PMN2A_0683,pgpH,cyclic-di-AMP phosphodiesterase PgpH,NC_007335.2,1179366,1181453,+,PMN2A_0684,34.0,run_PMN2A_0683,1,True,run_PMN2A_0679
PMN2A_0684,PMN2A_RS06590,alpha-glycosidase,NC_007335.2,1181488,1181865,-,PMN2A_0685,65.0,run_PMN2A_0679,7,False,
PMN2A_0685,PMN2A_RS06595,conserved hypothetical protein,NC_007335.2,1181931,1182170,-,PMN2A_0686,122.0,run_PMN2A_0679,7,False,
PMN2A_0686,leuA,2-isopropylmalate synthase,NC_007335.2,1182293,1183912,-,PMN2A_0687,312.0,run_PMN2A_0679,7,False,
PMN2A_0687,PMN2A_RS06605,alpha-glucan branching enzyme,NC_007335.2,1184225,1185790,+,PMN2A_0688,-4.0,run_PMN2A_0687,1,False,
PMN2A_0688,crtL-b,lycopene beta cyclase,NC_007335.2,1185787,1187031,-,PMN2A_0689,-4.0,run_PMN2A_0688,2,False,
PMN2A_0689,gyrA,"DNA gyrase, A subunit",NC_007335.2,1187028,1189646,-,PMN2A_0690,254.0,run_PMN2A_0688,2,False,
PMN2A_0690,guaB,inositol-5-monophosphate dehydrogenase,NC_007335.2,1189901,1191064,+,PMN2A_0691,216.0,run_PMN2A_0690,1,False,
PMN2A_0691,trxA,m-type thioredoxin,NC_007335.2,1191281,1191604,+,PMN2A_0692,54.0,run_PMN2A_0691,16,False,
PMN2A_0692,hisH,"imidazole glycerol phosphate synthase, HisH subunit",NC_007335.2,1191659,1192288,+,PMN2A_0693,22.0,run_PMN2A_0691,16,False,
PMN2A_0693,rsmD,16S rRNA m2G966 methyltransferase,NC_007335.2,1192311,1192901,+,PMN2A_0694,-20.0,run_PMN2A_0691,16,False,
PMN2A_0694,petG,cytochrome b6-f complex subunit 5,NC_007335.2,1192882,1193001,-,PMN2A_0695,55.0,run_PMN2A_0694,1,True,run_PMN2A_0691
PMN2A_0695,cytM,cytochrome cM,NC_007335.2,1193057,1193446,+,PMN2A_0696,2.0,run_PMN2A_0691,16,False,
PMN2A_0696,trmJ,"RNA methyltransferase, TrmH , group 1 family protein",NC_007335.2,1193449,1194186,+,PMN2A_0697,53.0,run_PMN2A_0691,16,False,
PMN2A_0697,penP,beta-lactamase class A,NC_007335.2,1194240,1195313,+,PMN2A_0698,111.0,run_PMN2A_0691,16,False,
PMN2A_0698,chlI,"protoporphyrin IX Mg-chelatase, subunit ChlI",NC_007335.2,1195425,1196513,+,PMN2A_0699,0.0,run_PMN2A_0691,16,False,
PMN2A_0699,ruvC,crossover junction endodeoxyribonuclease RuvC,NC_007335.2,1196514,1196978,+,PMN2A_0700,28.0,run_PMN2A_0691,16,False,
PMN2A_0700,PMN2A_RS06665,5-formyltetrahydrofolate cyclo-ligase,NC_007335.2,1197007,1197603,+,PMN2A_0701,42.0,run_PMN2A_0691,16,False,
PMN2A_0701,sufE,sulfur acceptor for SufS cysteine desulfurase,NC_007335.2,1197646,1198110,+,PMN2A_0702,35.0,run_PMN2A_0691,16,False,
PMN2A_0702,thrA,homoserine dehydrogenase,NC_007335.2,1198146,1199462,+,PMN2A_0703,92.0,run_PMN2A_0691,16,False,
PMN2A_0703,PMN2A_RS06680,conserved hypothetical protein,NC_007335.2,1199555,1199773,+,PMN2A_0704,42.0,run_PMN2A_0691,16,False,
PMN2A_0704,dppA,peptide/nickel transport system substrate-binding protein,NC_007335.2,1199816,1201393,+,PMN2A_0705,2.0,run_PMN2A_0691,16,False,
PMN2A_0705,dppB,"oligopeptide ABC transporter, membrane component",NC_007335.2,1201396,1202418,+,PMN2A_0706,-7.0,run_PMN2A_0691,16,False,
PMN2A_0706,PMN2A_RS06695,alpha/beta hydrolase,NC_007335.2,1202412,1204007,-,PMN2A_0707,-16.0,run_PMN2A_0706,2,True,run_PMN2A_0691
PMN2A_0707,PMN2A_RS06700,"multidrug efflux transporter, MFS family",NC_007335.2,1203992,1205230,+,PMN2A_0708,13.0,run_PMN2A_0691,16,True,run_PMN2A_0706
PMN2A_0708,PMN2A_RS06705,Uncharacterized conserved membrane protein,NC_007335.2,1205244,1205594,-,PMN2A_0709,135.0,run_PMN2A_0706,2,True,run_PMN2A_0691
PMN2A_0709,rbsK,ribokinase,NC_007335.2,1205730,1206572,+,PMN2A_0710,304.0,run_PMN2A_0691,16,False,
PMN2A_0710,PMN2A_RS06720,uncharacterized conserved secreted protein,NC_007335.2,1206877,1207239,+,PMN2A_RS10805,66.0,run_PMN2A_0710,2,False,
PMN2A_RS10805,,hypothetical protein,NC_007335.2,1207306,1207461,+,PMN2A_0711,3.0,run_PMN2A_0710,2,False,
PMN2A_0711,PMN2A_RS06725,conserved hypothetical protein,NC_007335.2,1207465,1207710,-,PMN2A_0712,97.0,run_PMN2A_0711,3,False,
PMN2A_0712,PMN2A_RS06730,pentapeptide repeats family protein,NC_007335.2,1207808,1208362,-,PMN2A_0713,106.0,run_PMN2A_0711,3,False,
PMN2A_0713,PMN2A_RS06735,conserved hypothetical protein,NC_007335.2,1208469,1208648,-,PMN2A_0714,205.0,run_PMN2A_0711,3,False,
PMN2A_0714,PmMIF,macrophage migration inhibitory factor MIF-like protein,NC_007335.2,1208854,1209195,+,PMN2A_0715,67.0,run_PMN2A_0714,2,False,
PMN2A_0715,PMN2A_RS06745,conserved hypothetical protein,NC_007335.2,1209263,1209664,-,PMN2A_0716,127.0,run_PMN2A_0715,3,True,run_PMN2A_0714
PMN2A_0716,PMN2A_RS06750,conserved hypothetical protein,NC_007335.2,1209792,1210433,+,PMN2A_0717,77.0,run_PMN2A_0714,2,True,run_PMN2A_0715
PMN2A_0717,pcb,"divinyl-chlorophyll a/b binding light harvesting protein, photosystem II-associated",NC_007335.2,1210511,1211566,-,PMN2A_0718,179.0,run_PMN2A_0715,3,False,
PMN2A_0718,pcb,"divinyl-chlorophyll a/b binding light harvesting protein, photosystem II-associated",NC_007335.2,1211746,1212858,-,PMN2A_0719,239.0,run_PMN2A_0715,3,False,
PMN2A_0719,pcb,"divinyl-chlorophyll a/b binding light harvesting protein, photosystem II-associated",NC_007335.2,1213098,1214147,-,PMN2A_0720,177.0,run_PMN2A_0719,1,False,
PMN2A_0720,PMN2A_RS06770,conserved hypothetical protein,NC_007335.2,1214325,1214519,+,PMN2A_0721,115.0,run_PMN2A_0720,2,False,
PMN2A_0721,PMN2A_RS06775,Predicted protein family PM-20,NC_007335.2,1214635,1214841,+,PMN2A_0722,90.0,run_PMN2A_0720,2,False,
PMN2A_0722,pcb,"divinyl-chlorophyll a/b binding light harvesting protein, photosystem II-associated",NC_007335.2,1214932,1216020,-,PMN2A_0723,252.0,run_PMN2A_0722,1,False,
PMN2A_0723,pcb,"divinyl-chlorophyll a/b binding light harvesting protein, photosystem II-associated",NC_007335.2,1216273,1217337,-,PMN2A_0724,456.0,run_PMN2A_0723,1,False,
PMN2A_0724,PMN2A_RS06790,conserved hypothetical protein,NC_007335.2,1217794,1218063,+,PMN2A_0725,-4.0,run_PMN2A_0724,6,False,
PMN2A_0725,PMN2A_RS10150,conserved hypothetical protein (UCP037205),NC_007335.2,1218060,1218191,+,PMN2A_0726,99.0,run_PMN2A_0724,6,False,
PMN2A_0726,PMN2A_RS06795,"deoxyribodipyrimidine photolyase-like, FAD-domain containing protein",NC_007335.2,1218291,1219781,+,PMN2A_0727,124.0,run_PMN2A_0724,6,False,
PMN2A_0727,prxQ,2-Cys peroxiredoxin,NC_007335.2,1219906,1220355,+,PMN2A_0728,16.0,run_PMN2A_0724,6,False,
PMN2A_0728,PMN2A_RS06805,FAD binding domain of DNA photolyase,NC_007335.2,1220372,1221487,+,PMN2A_0729,101.0,run_PMN2A_0724,6,False,
PMN2A_0729,PMN2A_RS06810,short-chain dehydrogenase/reductase (SDR) superfamily,NC_007335.2,1221589,1222515,+,PMN2A_0730,-18.0,run_PMN2A_0724,6,False,
PMN2A_0730,PMN2A_RS06815,conserved hypothetical protein,NC_007335.2,1222498,1223091,-,PMN2A_0731,157.0,run_PMN2A_0730,4,False,
PMN2A_0731,PMN2A_RS06820,transglutaminase-like superfamily protein,NC_007335.2,1223249,1224094,-,PMN2A_0732,-4.0,run_PMN2A_0730,4,False,
PMN2A_0732,PMN2A_RS06825,A predicted alpha-helical domain with a conserved ER motif family protein,NC_007335.2,1224091,1225065,-,PMN2A_0733,9.0,run_PMN2A_0730,4,False,
PMN2A_0733,PMN2A_RS06830,A circularly permuted ATPgrasp family protein,NC_007335.2,1225075,1226505,-,PMN2A_0734,278.0,run_PMN2A_0730,4,False,
PMN2A_0734,PMN2A_RS09975,mu-like prophage FluMu gp41 family protein,NC_007335.2,1226784,1232249,-,PMN2A_0735,329.0,run_PMN2A_0734,1,False,
PMN2A_0735,psbA,photosystem II protein D1.1,NC_007335.2,1232579,1233661,+,PMN2A_0736,84.0,run_PMN2A_0735,1,False,
PMN2A_0736,PMN2A_RS06850,mu-like prophage FluMu gp41 family protein,NC_007335.2,1233746,1238377,-,PMN2A_0737,320.0,run_PMN2A_0736,1,False,
PMN2A_0737,PMN2A_RS06855,conserved hypothetical protein,NC_007335.2,1238698,1239696,+,PMN2A_0738,-31.0,run_PMN2A_0737,1,False,
PMN2A_0738,PMN2A_RS06860,TPR repeat-containing protein,NC_007335.2,1239666,1240604,-,PMN2A_0739,480.0,run_PMN2A_0738,1,False,
PMN2A_0739,PMN2A_RS06865,conserved hypothetical protein,NC_007335.2,1241085,1242440,+,PMN2A_0740,83.0,run_PMN2A_0739,2,False,
PMN2A_0740,PMN2A_RS09980,conserved hypothetical protein,NC_007335.2,1242524,1244626,+,PMN2A_0741,322.0,run_PMN2A_0739,2,False,
PMN2A_0741,PMN2A_RS09985,serralysin-like metalloprotease C-terminal domain-containing protein,NC_007335.2,1244949,1246352,+,PMN2A_0742,110.0,run_PMN2A_0741,1,False,
PMN2A_0742,PMN2A_RS06880,Predicted protein family PM-12,NC_007335.2,1246463,1247032,-,PMN2A_2132,456.0,run_PMN2A_0742,1,False,
PMN2A_2132,PMN2A_RS10810,Conserved hypothetical protein,NC_007335.2,1247489,1247626,+,PMN2A_0743,401.0,run_PMN2A_2132,1,False,
PMN2A_0743,PMN2A_RS06885,conserved hypothetical protein,NC_007335.2,1248028,1249893,-,PMN2A_0744,280.0,run_PMN2A_0743,1,False,
PMN2A_0744,PMN2A_RS09990,conserved hypothetical protein,NC_007335.2,1250174,1252015,-,PMN2A_0745,568.0,run_PMN2A_0744,1,False,
PMN2A_0745,PMN2A_RS06895,hemolysin-type calcium-binding repeat family protein,NC_007335.2,1252584,1254431,+,PMN2A_0746,118.0,run_PMN2A_0745,5,False,
PMN2A_0746,ychf,ribosome-binding ATPase,NC_007335.2,1254550,1255641,-,PMN2A_0747,165.0,run_PMN2A_0746,1,True,run_PMN2A_0745
PMN2A_0747,PMN2A_RS06905,"RND efflux pump, MFP subunit, HlyD family",NC_007335.2,1255807,1256880,+,PMN2A_0748,26.0,run_PMN2A_0745,5,False,
PMN2A_0748,polA,DNA polymerase I,NC_007335.2,1256907,1259867,+,PMN2A_0749,43.0,run_PMN2A_0745,5,False,
PMN2A_0749,cysS,cysteinyl-tRNA synthetase,NC_007335.2,1259911,1261413,+,PMN2A_0750,-4.0,run_PMN2A_0745,5,False,
PMN2A_0750,PMN2A_RS06920,sodium-dependent transporter,NC_007335.2,1261410,1262735,-,PMN2A_0751,92.0,run_PMN2A_0750,5,True,run_PMN2A_0745
PMN2A_0751,dxr,1-deoxy-D-xylulose 5-phosphate reductoisomerase,NC_007335.2,1262828,1264066,+,PMN2A_0752,1.0,run_PMN2A_0745,5,True,run_PMN2A_0750
PMN2A_0752,PMN2A_RS06930,alpha/beta hydrolase,NC_007335.2,1264068,1265168,-,PMN2A_0753,-17.0,run_PMN2A_0750,5,False,
PMN2A_0753,pntB,pyridine nucleotide transhydrogenase beta subunit,NC_007335.2,1265152,1266588,-,PMN2A_0754,11.0,run_PMN2A_0750,5,False,
PMN2A_0754,pntA2,"pyridine nucleotide transhydrogenase, subunit alpha2 (A2)",NC_007335.2,1266600,1266893,-,PMN2A_0755,-4.0,run_PMN2A_0750,5,False,
PMN2A_0755,pntA1,"pyridine nucleotide transhydrogenase, subunit alpha1 (A1)",NC_007335.2,1266890,1268035,-,PMN2A_0756,149.0,run_PMN2A_0750,5,False,
PMN2A_0756,PMN2A_RS06950,conserved hypothetical protein,NC_007335.2,1268185,1268763,+,PMN2A_0757,207.0,run_PMN2A_0756,1,False,
PMN2A_0757,PMN2A_RS06955,conserved hypothetical protein,NC_007335.2,1268971,1269201,+,PMN2A_0758,105.0,run_PMN2A_0757,2,False,
PMN2A_0758,trxB,thioredoxin reductase fused with a thioredoxin domain (large NTR System or NTRC),NC_007335.2,1269307,1270683,+,PMN2A_0759,11.0,run_PMN2A_0757,2,False,
PMN2A_0759,infA,translation initiation factor IF-1,NC_007335.2,1270695,1270964,-,PMN2A_0760,74.0,run_PMN2A_0759,4,False,
PMN2A_0760,PMN2A_RS06970,conserved hypothetical protein,NC_007335.2,1271039,1271254,-,PMN2A_0761,52.0,run_PMN2A_0759,4,False,
PMN2A_0761,ycf39,photosystem II assembly factor Ycf39,NC_007335.2,1271307,1272269,-,PMN2A_0762,55.0,run_PMN2A_0759,4,False,
PMN2A_0762,petM,cytochrome b6/f complex subunit VII,NC_007335.2,1272325,1272423,-,PMN2A_0763,143.0,run_PMN2A_0759,4,False,
PMN2A_0763,PMN2A_RS06985,epoxide hydrolase-like protein,NC_007335.2,1272567,1273538,+,PMN2A_0764,5.0,run_PMN2A_0763,2,False,
PMN2A_0764,ilvN,"acetolactate synthase, small subunit",NC_007335.2,1273544,1274047,+,PMN2A_0765,16.0,run_PMN2A_0763,2,False,
PMN2A_0765,PMN2A_RS06995,cyclophilin type peptidyl-prolyl cis-trans isomerase/CLD family protein,NC_007335.2,1274064,1274774,-,PMN2A_0766,-14.0,run_PMN2A_0765,2,False,
PMN2A_0766,ycf4,photosytem I complex assembly protein Ycf4,NC_007335.2,1274761,1275336,-,PMN2A_0767,200.0,run_PMN2A_0765,2,False,
PMN2A_0767,psbD,photosystem II D2 protein,NC_007335.2,1275537,1276613,+,PMN2A_0768,-17.0,run_PMN2A_0767,5,False,
PMN2A_0768,psbC,photosystem II CP43 protein,NC_007335.2,1276597,1277979,+,PMN2A_0769,76.0,run_PMN2A_0767,5,False,
PMN2A_0769,maf,septum formation protein,NC_007335.2,1278056,1278691,-,PMN2A_0770,71.0,run_PMN2A_0769,1,True,run_PMN2A_0767
PMN2A_0770,PMN2A_RS07020,winged helix-turn-helix DNA-binding domain-containing protein,NC_007335.2,1278763,1279137,+,PMN2A_0771,-4.0,run_PMN2A_0767,5,False,
PMN2A_0771,cobQ,cobyric acid synthase,NC_007335.2,1279134,1280648,+,PMN2A_0772,8.0,run_PMN2A_0767,5,False,
PMN2A_0772,petF,2Fe-2S ferredoxin,NC_007335.2,1280657,1280890,+,PMN2A_0773,27.0,run_PMN2A_0767,5,False,
PMN2A_0773,PMN2A_RS07035,conserved hypothetical protein,NC_007335.2,1280918,1281559,-,PMN2A_0774,258.0,run_PMN2A_0773,1,False,
PMN2A_0774,idiA2,iron deficiency-induced protein A,NC_007335.2,1281818,1282843,-,PMN2A_0775,148.0,run_PMN2A_0774,1,False,
PMN2A_0775,piuC,iron-uptake factor PiuC,NC_007335.2,1282992,1283657,+,PMN2A_0776,91.0,run_PMN2A_0775,2,False,
PMN2A_0776,PMN2A_RS07055,possible peptidase,NC_007335.2,1283749,1283994,+,PMN2A_0777,113.0,run_PMN2A_0775,2,False,
PMN2A_0777,PMN2A_RS07060,outer membrane porin,NC_007335.2,1284108,1285352,-,PMN2A_0778,151.0,run_PMN2A_0777,2,False,
PMN2A_0778,glyQ,"glycine--tRNA ligase, alpha subunit",NC_007335.2,1285504,1286376,-,PMN2A_0779,530.0,run_PMN2A_0777,2,False,
PMN2A_0779,PMN2A_RS07070,conserved hypothetical protein,NC_007335.2,1286907,1287527,+,PMN2A_2133,43.0,run_PMN2A_0779,6,False,
PMN2A_2133,PMN2A_RS10815,conserved hypothetical protein,NC_007335.2,1287571,1287744,+,PMN2A_2134,4.0,run_PMN2A_0779,6,False,
PMN2A_2134,PMN2A_RS10820,conserved hypothetical protein,NC_007335.2,1287749,1287910,+,PMN2A_0780,-4.0,run_PMN2A_0779,6,False,
PMN2A_0780,PMN2A_RS07075,conserved hypothetical protein,NC_007335.2,1287907,1288227,+,PMN2A_RS10940,134.0,run_PMN2A_0779,6,False,
PMN2A_RS10940,,conserved hypothetical protein,NC_007335.2,1288362,1288571,+,PMN2A_2135,108.0,run_PMN2A_0779,6,False,
PMN2A_2135,PMN2A_RS07085,conserved hypothetical protein,NC_007335.2,1288680,1288874,+,PMN2A_2136,424.0,run_PMN2A_0779,6,False,
PMN2A_2136,PMN2A_RS07090,conserved hypothetical protein,NC_007335.2,1289299,1289493,+,PMN2A_0782,96.0,run_PMN2A_2136,1,False,
PMN2A_0782,PMN2A_RS11080,uncharacterized conserved membrane protein,NC_007335.2,1289590,1289805,-,PMN2A_0783,47.0,run_PMN2A_0782,2,False,
PMN2A_0783,PMN2A_RS07100,conserved hypothetical protein,NC_007335.2,1289853,1290353,-,PMN2A_0784,115.0,run_PMN2A_0782,2,False,
PMN2A_0784,PMN2A_RS07105,"conserved hypothetical protein, DUF2358 superfamily",NC_007335.2,1290469,1290894,+,PMN2A_0785,276.0,run_PMN2A_0784,1,False,
PMN2A_0785,PMN2A_RS07110,conserved hypothetical protein,NC_007335.2,1291171,1291527,+,PMN2A_2138,424.0,run_PMN2A_0785,1,False,
PMN2A_2138,PMN2A_RS07120,conserved hypothetical protein,NC_007335.2,1291952,1292152,+,PMN2A_0786,98.0,run_PMN2A_2138,3,False,
PMN2A_0786,PMN2A_RS07125,uncharacterized conserved secreted protein,NC_007335.2,1292251,1292526,+,PMN2A_0787,49.0,run_PMN2A_2138,3,False,
PMN2A_0787,prxQ,2-Cys peroxiredoxin,NC_007335.2,1292576,1293031,-,PMN2A_0788,197.0,run_PMN2A_0787,3,True,run_PMN2A_2138
PMN2A_0788,PMN2A_RS07135,methyltransferase domain protein,NC_007335.2,1293229,1295568,+,PMN2A_2139,-12.0,run_PMN2A_2138,3,True,run_PMN2A_0787
PMN2A_2139,PMN2A_RS10825,Conserved hypothetical protein,NC_007335.2,1295557,1295724,-,PMN2A_0789,98.0,run_PMN2A_0787,3,False,
PMN2A_0789,PMN2A_RS07140,conserved hypothetical protein,NC_007335.2,1295823,1296089,-,PMN2A_0790,91.0,run_PMN2A_0787,3,False,
PMN2A_0790,PMN2A_RS07145,putative membrane protein,NC_007335.2,1296181,1296459,+,PMN2A_2140,76.0,run_PMN2A_0790,2,False,
PMN2A_2140,PMN2A_RS10830,conserved hypothetical protein,NC_007335.2,1296536,1296697,+,PMN2A_0791,57.0,run_PMN2A_0790,2,False,
PMN2A_0791,PMN2A_RS07150,conserved hypothetical protein,NC_007335.2,1296755,1297183,-,PMN2A_0792,166.0,run_PMN2A_0791,2,False,
PMN2A_0792,psbF2,"cytochrome b559, beta subunit-like protein",NC_007335.2,1297350,1297643,-,PMN2A_0793,190.0,run_PMN2A_0791,2,False,
PMN2A_0793,PMN2A_RS07160,uncharacterized conserved membrane protein,NC_007335.2,1297834,1298280,+,PMN2A_0794,416.0,run_PMN2A_0793,1,False,
PMN2A_0794,isiB,flavodoxin,NC_007335.2,1298697,1299212,+,PMN2A_0795,180.0,run_PMN2A_0794,2,False,
PMN2A_0795,PMN2A_RS07170,conserved hypothetical protein,NC_007335.2,1299393,1299632,+,PMN2A_0796,14.0,run_PMN2A_0794,2,False,
PMN2A_0796,PMN2A_RS07175,4-amino-4-deoxy-L-arabinose transferase and related glycosyltransferase of PMT family,NC_007335.2,1299647,1301485,-,PMN2A_0797,0.0,run_PMN2A_0796,3,False,
PMN2A_0797,PMN2A_RS07180,glycosyl transferase family GT1,NC_007335.2,1301486,1302595,-,PMN2A_0798,5.0,run_PMN2A_0796,3,False,
PMN2A_0798,PMN2A_RS07185,eamA-like transporter family protein,NC_007335.2,1302601,1303551,-,PMN2A_0799,54.0,run_PMN2A_0796,3,False,
PMN2A_0799,sppA,signal peptide peptidase SppA (protease IV),NC_007335.2,1303606,1304415,+,PMN2A_0800,-4.0,run_PMN2A_0799,14,False,
PMN2A_0800,aroH,chorismate mutase,NC_007335.2,1304412,1304789,+,PMN2A_0801,97.0,run_PMN2A_0799,14,False,
PMN2A_0801,PMN2A_RS07200,uncharacterized conserved lipoprotein (DUF2808),NC_007335.2,1304887,1305462,+,PMN2A_0802,47.0,run_PMN2A_0799,14,False,
PMN2A_0802,rpmH,50S ribosomal protein L34,NC_007335.2,1305510,1305647,+,PMN2A_0803,45.0,run_PMN2A_0799,14,False,
PMN2A_0803,rnpA,ribonuclease P protein component,NC_007335.2,1305693,1306079,+,PMN2A_0804,-4.0,run_PMN2A_0799,14,False,
PMN2A_0804,PMN2A_RS07210,bacterial PH domain-containing protein,NC_007335.2,1306076,1306486,+,PMN2A_0805,84.0,run_PMN2A_0799,14,False,
PMN2A_0805,ALB3,photosystem II assembly factor,NC_007335.2,1306571,1307719,+,PMN2A_0806,57.0,run_PMN2A_0799,14,False,
PMN2A_0806,ycf46,ATPase potentially involved in the regulation of CO2 uptake,NC_007335.2,1307777,1309255,+,PMN2A_0807,122.0,run_PMN2A_0799,14,False,
PMN2A_0807,serS,serine--tRNA ligase,NC_007335.2,1309378,1310658,+,PMN2A_0808,19.0,run_PMN2A_0799,14,False,
PMN2A_0808,rseP,RIP metalloprotease RseP,NC_007335.2,1310678,1311763,+,PMN2A_0809,119.0,run_PMN2A_0799,14,False,
PMN2A_0809,rpsN,30S ribosomal protein S14,NC_007335.2,1311883,1312185,+,PMN2A_0810,184.0,run_PMN2A_0799,14,False,
PMN2A_0810,pnp,polyribonucleotide nucleotidyltransferase,NC_007335.2,1312370,1314538,+,PMN2A_0811,3.0,run_PMN2A_0799,14,False,
PMN2A_0811,cysQ,"3^(2^), 5^-bisphosphate nucleotidase",NC_007335.2,1314542,1315456,-,PMN2A_0812,1.0,run_PMN2A_0811,1,True,run_PMN2A_0799
PMN2A_0812,rsmI,2-O-methyltransferase,NC_007335.2,1315458,1316345,+,PMN2A_0813,54.0,run_PMN2A_0799,14,False,
PMN2A_0813,PMN2A_RS07255,uncharacterized conserved membrane protein,NC_007335.2,1316400,1316639,+,PMN2A_0814,14.0,run_PMN2A_0799,14,False,
PMN2A_0814,PMN2A_RS07260,conserved hypothetical protein,NC_007335.2,1316654,1317517,-,PMN2A_0815,710.0,run_PMN2A_0814,1,False,
PMN2A_0815,PMN2A_RS07270,TPR repeat-containing protein,NC_007335.2,1318228,1318935,+,PMN2A_0816,-1.0,run_PMN2A_0815,3,False,
PMN2A_0816,PMN2A_RS07275,2OG-Fe(II) oxygenase superfamily protein,NC_007335.2,1318935,1319534,+,PMN2A_0817,78.0,run_PMN2A_0815,3,False,
PMN2A_0817,PMN2A_RS07280,methyltransferase domain protein,NC_007335.2,1319613,1321598,+,PMN2A_0818,7.0,run_PMN2A_0815,3,False,
PMN2A_0818,PMN2A_RS07285,conserved hypothetical protein,NC_007335.2,1321606,1321971,-,PMN2A_RS10320,-14.0,run_PMN2A_0818,2,False,
PMN2A_RS10320,,hypothetical protein,NC_007335.2,1321958,1322146,-,PMN2A_0819,609.0,run_PMN2A_0818,2,False,
PMN2A_0819,PMN2A_RS07290,conserved hypothetical protein,NC_007335.2,1322756,1323238,-,PMN2A_0820,272.0,run_PMN2A_0819,1,False,
PMN2A_0820,PMN2A_RS07295,"uncharacterized secreted protein, Prochlorococcus-specific",NC_007335.2,1323511,1323909,+,PMN2A_0821,204.0,run_PMN2A_0820,1,False,
PMN2A_0821,purN,phosphoribosylglycinamide formyltransferase,NC_007335.2,1324114,1324506,-,PMN2A_RS10835,40.0,run_PMN2A_0821,2,False,
PMN2A_RS10835,purN,hypothetical protein,NC_007335.2,1324547,1324690,-,PMN2A_0822,651.0,run_PMN2A_0821,2,False,
PMN2A_0822,PMN2A_RS07310,hypothetical protein,NC_007335.2,1325342,1325776,-,PMN2A_0823,58.0,run_PMN2A_0822,3,False,
PMN2A_0823,PMN2A_RS07315,hypothetical protein,NC_007335.2,1325835,1326527,-,PMN2A_0824,-8.0,run_PMN2A_0822,3,False,
PMN2A_0824,PMN2A_RS07320,hypothetical protein,NC_007335.2,1326520,1327833,-,PMN2A_0825,471.0,run_PMN2A_0822,3,False,
PMN2A_0825,PMN2A_RS07325,TPR repeat-containing protein,NC_007335.2,1328305,1330524,+,PMN2A_RS10840,175.0,run_PMN2A_0825,2,False,
PMN2A_RS10840,,hypothetical protein,NC_007335.2,1330700,1330852,+,PMN2A_0826,282.0,run_PMN2A_0825,2,False,
PMN2A_0826,rfbE,perosamine synthetase protein family,NC_007335.2,1331135,1332229,-,PMN2A_2144,190.0,run_PMN2A_0826,2,False,
PMN2A_2144,PMN2A_RS10845,hypothetical protein,NC_007335.2,1332420,1332566,-,PMN2A_0827,1733.0,run_PMN2A_0826,2,False,
PMN2A_0827,PMN2A_RS07335,conserved hypothetical protein,NC_007335.2,1334300,1334536,+,PMN2A_0828,8.0,run_PMN2A_0827,1,False,
PMN2A_0828,lexA,SOS-response transcriptional repressor,NC_007335.2,1334545,1335153,-,PMN2A_0829,65.0,run_PMN2A_0828,9,False,
PMN2A_0829,argF,ornithine carbamoyltransferase,NC_007335.2,1335219,1336175,-,PMN2A_0830,53.0,run_PMN2A_0828,9,False,
PMN2A_0830,ftsH4,cell division protein FtsH,NC_007335.2,1336229,1338103,-,PMN2A_0831,105.0,run_PMN2A_0828,9,False,
PMN2A_0831,ribD,diaminohydroxyphosphoribosylaminopyrimidine deaminase / 5-amino-6-(5-phosphoribosylamino)uracil reductase,NC_007335.2,1338209,1339303,-,PMN2A_0832,2.0,run_PMN2A_0828,9,False,
PMN2A_0832,PMN2A_RS07360,conserved hypothetical protein,NC_007335.2,1339306,1339800,-,PMN2A_0833,-17.0,run_PMN2A_0828,9,False,
PMN2A_0833,PMN2A_RS07365,conserved hypothetical protein,NC_007335.2,1339784,1340071,-,PMN2A_0834,98.0,run_PMN2A_0828,9,False,
PMN2A_0834,cobL,"precorrin-6Y C5,15-methyltransferase (decarboxylating)",NC_007335.2,1340170,1341456,+,PMN2A_0835,3.0,run_PMN2A_0834,1,True,run_PMN2A_0828
PMN2A_0835,ppnK,ATP-NAD kinase family protein,NC_007335.2,1341460,1342368,-,PMN2A_0836,92.0,run_PMN2A_0828,9,False,
PMN2A_0836,pheS,"phenylalanine--tRNA ligase, alpha subunit",NC_007335.2,1342461,1343468,-,PMN2A_0837,68.0,run_PMN2A_0828,9,False,
PMN2A_0837,surE,5^-nucleotidase,NC_007335.2,1343537,1344325,+,PMN2A_0838,3.0,run_PMN2A_0837,6,True,run_PMN2A_0828
PMN2A_0838,PMN2A_RS07390,conserved membrane protein,NC_007335.2,1344329,1344892,-,PMN2A_0839,27.0,run_PMN2A_0828,9,True,run_PMN2A_0837
PMN2A_0839,ribF,riboflavin kinase / FMN adenylyltransferase,NC_007335.2,1344920,1345873,+,PMN2A_0840,156.0,run_PMN2A_0837,6,False,
PMN2A_0840,thiE,thiamine-phosphate pyrophosphorylase,NC_007335.2,1346030,1347082,+,PMN2A_0841,-10.0,run_PMN2A_0837,6,False,
PMN2A_0841,thiS,thiamine biosynthesis protein ThiS,NC_007335.2,1347073,1347291,+,PMN2A_0842,18.0,run_PMN2A_0837,6,False,
PMN2A_0842,PMN2A_RS07410,uncharacterized conserved glycin-rich membrane protein (DUF1517),NC_007335.2,1347310,1348275,+,PMN2A_0843,126.0,run_PMN2A_0837,6,False,
PMN2A_0843,PMN2A_RS10325,conserved hypothetical protein,NC_007335.2,1348402,1348569,+,PMN2A_0845,233.0,run_PMN2A_0837,6,False,
PMN2A_0845,cpmA,circadian phase modifier CpmA,NC_007335.2,1348803,1349450,-,PMN2A_0846,2.0,run_PMN2A_0845,12,False,
PMN2A_0846,PMN2A_RS07420,antibiotic biosynthesis monooxygenase-like domain containing protein,NC_007335.2,1349453,1349908,-,PMN2A_0847,-14.0,run_PMN2A_0845,12,False,
PMN2A_0847,trmD-ispF,"bifunctional tRNA-(guanine-N1)-methyltransferase / 2-C-methyl-D-erythritol 2,4-cyclodiphosphate synthase",NC_007335.2,1349895,1351121,-,PMN2A_0848,5.0,run_PMN2A_0845,12,False,
PMN2A_0848,era,GTP-binding protein Era,NC_007335.2,1351127,1352068,-,PMN2A_0849,51.0,run_PMN2A_0845,12,False,
PMN2A_0849,PMN2A_RS07435,conserved hypothetical protein UCP020893,NC_007335.2,1352120,1352632,+,PMN2A_0850,43.0,run_PMN2A_0849,1,True,run_PMN2A_0845
PMN2A_0850,PMN2A_RS07440,uncharacterized membrane protein,NC_007335.2,1352676,1353413,-,PMN2A_0851,75.0,run_PMN2A_0845,12,False,
PMN2A_0851,phoH,phosphate starvation-inducible protein,NC_007335.2,1353489,1354466,-,PMN2A_0852,37.0,run_PMN2A_0845,12,False,
PMN2A_0852,rpsP,30S ribosomal protein S16,NC_007335.2,1354504,1354836,-,PMN2A_0853,87.0,run_PMN2A_0845,12,False,
PMN2A_0853,ffh,signal recognition particle protein,NC_007335.2,1354924,1356387,-,PMN2A_0854,38.0,run_PMN2A_0845,12,False,
PMN2A_0854,zipN,cell division protein ZipN,NC_007335.2,1356426,1358480,-,PMN2A_0855,114.0,run_PMN2A_0845,12,False,
PMN2A_0855,pdhA,pyruvate dehydrogenase E1 component complex alpha subunit,NC_007335.2,1358595,1359671,+,PMN2A_0856,14.0,run_PMN2A_0855,1,True,run_PMN2A_0845
PMN2A_0856,rpoD6,"RNA polymerase sigma factor, type II",NC_007335.2,1359686,1360627,-,PMN2A_0857,156.0,run_PMN2A_0845,12,False,
PMN2A_0857,yjef,bifunctional NAD(P)HX epimerase / NAD(P)HX dehydratase,NC_007335.2,1360784,1362331,-,PMN2A_0858,44.0,run_PMN2A_0845,12,False,
PMN2A_0858,trmU,tRNA (5-methylaminomethyl-2-thiouridylate)-methyltransferase,NC_007335.2,1362376,1363590,+,PMN2A_0859,11.0,run_PMN2A_0858,4,True,run_PMN2A_0845
PMN2A_0859,lnt,apolipoprotein N-acyltransferase,NC_007335.2,1363602,1365065,-,PMN2A_0860,163.0,run_PMN2A_0845,12,True,run_PMN2A_0858
PMN2A_0860,fkpA,FKBP-type peptidyl-prolyl cis-trans isomerase,NC_007335.2,1365229,1365783,+,PMN2A_0861,97.0,run_PMN2A_0858,4,False,
PMN2A_0861,sodN,superoxide dismutase [Ni],NC_007335.2,1365881,1366351,+,PMN2A_0862,-26.0,run_PMN2A_0858,4,False,
PMN2A_0862,sodX,nickel-type superoxide dismutase maturation protease,NC_007335.2,1366326,1366703,+,PMN2A_0863,33.0,run_PMN2A_0858,4,False,
PMN2A_0863,trpC,indole-3-glycerol phosphate synthase,NC_007335.2,1366737,1367624,-,PMN2A_0864,42.0,run_PMN2A_0863,3,False,
PMN2A_0864,lpdA,dihydrolipoamide dehydrogenase,NC_007335.2,1367667,1369109,-,PMN2A_0865,-4.0,run_PMN2A_0863,3,False,
PMN2A_0865,spoU,"RNA methyltransferase, TrmH family",NC_007335.2,1369106,1369942,-,PMN2A_0866,239.0,run_PMN2A_0863,3,False,
PMN2A_0866,murA,UDP-N-acetylglucosamine 1-carboxyvinyltransferase,NC_007335.2,1370182,1371558,+,PMN2A_0867,129.0,run_PMN2A_0866,3,False,
PMN2A_0867,argD,acetylornithine/N-succinyldiaminopimelate aminotransferase,NC_007335.2,1371688,1372869,+,PMN2A_0868,-22.0,run_PMN2A_0866,3,False,
PMN2A_0868,folC,bifunctional dihydrofolate synthase / folylpolyglutamate synthase,NC_007335.2,1372848,1374086,+,PMN2A_0869,25.0,run_PMN2A_0866,3,False,
PMN2A_0869,glcD2,alternative glycolate dehydrogenase GlcD2,NC_007335.2,1374112,1375464,-,PMN2A_0870,-4.0,run_PMN2A_0869,2,False,
PMN2A_0870,codA,cytosine deaminase,NC_007335.2,1375461,1376774,-,PMN2A_0871,363.0,run_PMN2A_0869,2,False,
PMN2A_0871,miaB,tRNA-2-methylthio-N6-dimethylallyladenosine synthase,NC_007335.2,1377138,1378529,+,PMN2A_0872,54.0,run_PMN2A_0871,11,False,
PMN2A_0872,ddl,D-alanine--D-alanine ligase family protein,NC_007335.2,1378584,1379630,+,PMN2A_0873,36.0,run_PMN2A_0871,11,False,
PMN2A_0873,PMN2A_RS07565,conserved hypothetical protein,NC_007335.2,1379667,1380077,+,PMN2A_0874,-13.0,run_PMN2A_0871,11,False,
PMN2A_0874,ftsQ,cell division protein FtsQ,NC_007335.2,1380065,1380895,+,PMN2A_0875,169.0,run_PMN2A_0871,11,False,
PMN2A_0875,ftsZ,cell division protein FtsZ,NC_007335.2,1381065,1382162,+,PMN2A_0876,163.0,run_PMN2A_0871,11,False,
PMN2A_0876,panB,3-methyl-2-oxobutanoate hydroxymethyltransferase,NC_007335.2,1382326,1383144,+,PMN2A_0877,-62.0,run_PMN2A_0871,11,False,
PMN2A_0877,hemN,oxygen-independent coproporphyrinogen III oxidase,NC_007335.2,1383083,1384315,-,PMN2A_0878,108.0,run_PMN2A_0877,1,True,run_PMN2A_0871
PMN2A_0878,yacL,uncharacterized conserved membrane TRAM and PIN domains containing protein,NC_007335.2,1384424,1385533,+,PMN2A_0879,38.0,run_PMN2A_0871,11,False,
PMN2A_0879,clpP4,"ATP-dependent Clp protease, protease subunit",NC_007335.2,1385572,1386246,+,PMN2A_0880,60.0,run_PMN2A_0871,11,False,
PMN2A_0880,clpP3,"ATP-dependent Clp protease, protease subunit",NC_007335.2,1386307,1386909,+,PMN2A_0881,129.0,run_PMN2A_0871,11,False,
PMN2A_0881,ilvC,ketol-acid reductoisomerase,NC_007335.2,1387039,1388034,+,PMN2A_0882,14.0,run_PMN2A_0871,11,False,
PMN2A_0882,cobD,adenosylcobinamide-phosphate synthase,NC_007335.2,1388049,1389044,+,PMN2A_0883,2.0,run_PMN2A_0871,11,False,
PMN2A_0883,PMN2A_RS07615,putative undecaprenyl-phosphate galactosephosphotransferase,NC_007335.2,1389047,1389799,-,PMN2A_0884,61.0,run_PMN2A_0883,2,False,
PMN2A_0884,PMN2A_RS07620,conserved hypothetical protein distantly related to alpha-glycosyltransferases family 4,NC_007335.2,1389861,1391084,-,PMN2A_RS10850,501.0,run_PMN2A_0883,2,False,
PMN2A_RS10850,,hypothetical protein,NC_007335.2,1391586,1391729,+,PMN2A_0886,417.0,run_PMN2A_RS10850,1,False,
PMN2A_0886,hli6,high light inducible protein,NC_007335.2,1392147,1392440,+,PMN2A_0887,55.0,run_PMN2A_0886,2,False,
PMN2A_0887,PMN2A_RS07635,uncharacterized conserved membrane protein,NC_007335.2,1392496,1392708,+,PMN2A_0888,-4.0,run_PMN2A_0886,2,False,
PMN2A_0888,PMN2A_RS07640,conserved hypothetical protein,NC_007335.2,1392705,1392944,-,PMN2A_0889,57.0,run_PMN2A_0888,5,False,
PMN2A_0889,PMN2A_RS07645,conserved hypothetical protein,NC_007335.2,1393002,1393190,-,PMN2A_0890,175.0,run_PMN2A_0888,5,False,
PMN2A_0890,PMN2A_RS07650,conserved hypothetical protein,NC_007335.2,1393366,1393638,-,PMN2A_0891,147.0,run_PMN2A_0888,5,False,
PMN2A_0891,PMN2A_RS07655,conserved hypothetical protein,NC_007335.2,1393786,1394163,-,PMN2A_0892,135.0,run_PMN2A_0888,5,False,
PMN2A_0892,hupB,DNA-binding protein HU-beta,NC_007335.2,1394299,1394574,-,PMN2A_0893,732.0,run_PMN2A_0888,5,False,
PMN2A_0893,glgX,isoamylase,NC_007335.2,1395307,1397367,+,PMN2A_0894,219.0,run_PMN2A_0893,1,False,
PMN2A_0894,glcH,glucose transporter,NC_007335.2,1397587,1398942,+,PMN2A_0895,-4.0,run_PMN2A_0894,5,False,
PMN2A_0895,PMN2A_RS07680,"ABC-type transport system, membrane component",NC_007335.2,1398939,1399688,+,PMN2A_0896,5.0,run_PMN2A_0894,5,False,
PMN2A_0896,PMN2A_RS07685,conserved hypothetical protein,NC_007335.2,1399694,1400107,+,PMN2A_0897,31.0,run_PMN2A_0894,5,False,
PMN2A_0897,PMN2A_RS07690,conserved hypothetical protein,NC_007335.2,1400139,1401167,+,PMN2A_0898,20.0,run_PMN2A_0894,5,False,
PMN2A_0898,plsY,glycerol-3-phosphate acyltransferase (GPAT),NC_007335.2,1401188,1401784,+,PMN2A_0899,4.0,run_PMN2A_0894,5,False,
PMN2A_0899,pyrF,orotidine 5-phosphate decarboxylase,NC_007335.2,1401789,1402514,-,PMN2A_0900,9.0,run_PMN2A_0899,3,False,
PMN2A_0900,tyrS,tyrosyl-tRNA synthetase,NC_007335.2,1402524,1403771,-,PMN2A_0901,25.0,run_PMN2A_0899,3,False,
PMN2A_0901,PMN2A_RS07710,conserved hypothetical protein,NC_007335.2,1403797,1404114,-,PMN2A_0902,318.0,run_PMN2A_0899,3,False,
PMN2A_0902,PMN2A_RS07715,conserved hypothetical protein,NC_007335.2,1404433,1405032,+,PMN2A_0903,38.0,run_PMN2A_0902,2,False,
PMN2A_0903,pepA,leucine aminopeptidase,NC_007335.2,1405071,1406558,+,PMN2A_0904,65.0,run_PMN2A_0902,2,False,
PMN2A_0904,msrA2,peptide methionine sulfoxide reductase,NC_007335.2,1406624,1407235,-,PMN2A_0905,-1.0,run_PMN2A_0904,7,False,
PMN2A_0905,lpxB,lipid-A-disaccharide synthase,NC_007335.2,1407235,1408407,-,PMN2A_0906,-4.0,run_PMN2A_0904,7,False,
PMN2A_0906,lpxA,acyl-[acyl-carrier-protein]-UDP-N- acetylglucosamine O-acyltransferase,NC_007335.2,1408404,1409261,-,PMN2A_0907,4.0,run_PMN2A_0904,7,False,
PMN2A_0907,fabZ,beta-hydroxy-acyl-(acyl-carrier-protein) dehydratase (DH),NC_007335.2,1409266,1409673,-,PMN2A_0908,63.0,run_PMN2A_0904,7,False,
PMN2A_0908,lpxC,UDP-3-O-[3-hydroxymyristoyl] N-acetylglucosamine deacetylase,NC_007335.2,1409737,1410582,-,PMN2A_0909,-1.0,run_PMN2A_0904,7,False,
PMN2A_0909,bamA,outer membrane protein insertion porin family,NC_007335.2,1410582,1412885,-,PMN2A_0910,54.0,run_PMN2A_0904,7,False,
PMN2A_0910,purC,phosphoribosylaminoimidazolesuccinocarboxamide synthase,NC_007335.2,1412940,1413683,-,PMN2A_0911,189.0,run_PMN2A_0904,7,False,
PMN2A_0911,purD,phosphoribosylamine--glycine ligase,NC_007335.2,1413873,1415177,+,PMN2A_0912,15.0,run_PMN2A_0911,2,False,
PMN2A_0912,nblS,"two component sensor, signal transduction histidine kinase",NC_007335.2,1415193,1417262,+,PMN2A_0913,10.0,run_PMN2A_0911,2,False,
PMN2A_0913,kaiC,circadian clock protein KaiC,NC_007335.2,1417273,1418775,-,PMN2A_0914,130.0,run_PMN2A_0913,2,False,
PMN2A_0914,kaiB,circadian clock protein KaiB,NC_007335.2,1418906,1419229,-,PMN2A_0915,171.0,run_PMN2A_0913,2,False,
PMN2A_0915,rplU,50S ribosomal protein L21,NC_007335.2,1419401,1419820,+,PMN2A_0916,25.0,run_PMN2A_0915,5,False,
PMN2A_0916,rpmA,50S ribosomal protein L27,NC_007335.2,1419846,1420118,+,PMN2A_0917,1.0,run_PMN2A_0915,5,False,
PMN2A_0917,PMN2A_RS07790,possible S-adenosyl-L-methionine-dependent methyltransferase,NC_007335.2,1420120,1420866,-,PMN2A_0918,95.0,run_PMN2A_0917,2,True,run_PMN2A_0915
PMN2A_0918,truB,tRNA pseudouridine(55) synthase,NC_007335.2,1420962,1421906,+,PMN2A_0919,49.0,run_PMN2A_0915,5,True,run_PMN2A_0917
PMN2A_0919,spoIID,stage II sporulation protein D,NC_007335.2,1421956,1423173,-,PMN2A_0920,97.0,run_PMN2A_0917,2,True,run_PMN2A_0915
PMN2A_0920,rnz,ribonuclease Z,NC_007335.2,1423271,1424215,+,PMN2A_0921,92.0,run_PMN2A_0915,5,False,
PMN2A_0921,PMN2A_RS07810,Secreted pentapeptide repeats protein,NC_007335.2,1424308,1424856,+,PMN2A_0922,73.0,run_PMN2A_0915,5,False,
PMN2A_0922,PMN2A_RS07815,conserved hypothetical protein,NC_007335.2,1424930,1425121,-,PMN2A_0923,123.0,run_PMN2A_0922,5,False,
PMN2A_0923,PMN2A_RS07820,conserved hypothetical protein,NC_007335.2,1425245,1425634,-,PMN2A_0924,113.0,run_PMN2A_0922,5,False,
PMN2A_0924,petF,2Fe-2S ferredoxin,NC_007335.2,1425748,1426047,-,PMN2A_0925,37.0,run_PMN2A_0922,5,False,
PMN2A_0925,prmA,ribosomal protein L11 methyltransferase,NC_007335.2,1426085,1426966,-,PMN2A_0926,55.0,run_PMN2A_0922,5,False,
PMN2A_0926,serA,D-3-phosphoglycerate dehydrogenase (PGDH),NC_007335.2,1427022,1428608,-,PMN2A_0927,104.0,run_PMN2A_0922,5,False,
PMN2A_0927,PMN2A_RS07840,conserved hypothetical protein,NC_007335.2,1428713,1429276,+,PMN2A_0928,154.0,run_PMN2A_0927,2,False,
PMN2A_0928,PMN2A_RS07845,photosystem II S4 domain protein,NC_007335.2,1429431,1430219,+,PMN2A_2153,206.0,run_PMN2A_0927,2,False,
PMN2A_2153,PMN2A_RS10855,conserved hypothetical protein,NC_007335.2,1430426,1430572,-,PMN2A_0929,292.0,run_PMN2A_2153,1,False,
PMN2A_0929,murD,UDP-N-acetylmuramoylalanine--D-glutamate ligase,NC_007335.2,1430865,1432274,+,PMN2A_0930,95.0,run_PMN2A_0929,4,False,
PMN2A_0930,PMN2A_RS07860,conserved hypothetical protein,NC_007335.2,1432370,1432678,+,PMN2A_0931,114.0,run_PMN2A_0929,4,False,
PMN2A_0931,PMN2A_RS07865,conserved hypothetical protein,NC_007335.2,1432793,1433215,+,PMN2A_0932,47.0,run_PMN2A_0929,4,False,
PMN2A_0932,PMN2A_RS07870,conserved hypothetical protein,NC_007335.2,1433263,1433508,+,PMN2A_0933,-4.0,run_PMN2A_0929,4,False,
PMN2A_0933,PMN2A_RS07875,drug/metabolite transporter (DMT) superfamily efflux protein,NC_007335.2,1433505,1434371,-,PMN2A_0934,98.0,run_PMN2A_0933,2,False,
PMN2A_0934,PMN2A_RS07880,GAF domain-containing protein,NC_007335.2,1434470,1435231,-,PMN2A_0935,241.0,run_PMN2A_0933,2,False,
PMN2A_0935,PMN2A_RS07885,conserved hypothetical protein,NC_007335.2,1435473,1435721,-,PMN2A_0936,450.0,run_PMN2A_0935,1,False,
PMN2A_0936,PMN2A_RS07890,conserved hypothetical protein,NC_007335.2,1436172,1436573,+,PMN2A_0937,27.0,run_PMN2A_0936,1,False,
PMN2A_0937,PMN2A_RS07895,OsmC/Ohr family domain-containing protein,NC_007335.2,1436601,1436969,-,PMN2A_0938,201.0,run_PMN2A_0937,1,False,
PMN2A_0938,PMN2A_RS07900,conserved hypothetical protein,NC_007335.2,1437171,1437542,+,PMN2A_RS07905,68.0,run_PMN2A_0938,2,False,
PMN2A_RS07905,,hypothetical protein,NC_007335.2,1437611,1437805,+,PMN2A_0940,202.0,run_PMN2A_0938,2,False,
PMN2A_0940,hli,high light inducible protein,NC_007335.2,1438008,1438154,-,PMN2A_2155,-1.0,run_PMN2A_0940,3,False,
PMN2A_2155,hli,possible high light inducible protein,NC_007335.2,1438154,1438273,-,PMN2A_0941,10.0,run_PMN2A_0940,3,False,
PMN2A_0941,PMN2A_RS07920,hypothetical protein,NC_007335.2,1438284,1438391,-,PMN2A_0942,196.0,run_PMN2A_0940,3,False,
PMN2A_0942,PMN2A_RS07925,conserved hypothetical protein,NC_007335.2,1438588,1438866,+,PMN2A_0943,330.0,run_PMN2A_0942,1,False,
PMN2A_0943,PMN2A_RS07930,conserved hypothetical protein (DUF3386),NC_007335.2,1439197,1439856,+,PMN2A_0944,118.0,run_PMN2A_0943,2,False,
PMN2A_0944,PMN2A_RS07935,RmlC-like cupin domain-containing protein,NC_007335.2,1439975,1440517,+,PMN2A_0945,168.0,run_PMN2A_0943,2,False,
PMN2A_0945,hli,high light inducible protein,NC_007335.2,1440686,1440865,-,PMN2A_0946,-4.0,run_PMN2A_0945,2,False,
PMN2A_0946,hli,high light inducible protein,NC_007335.2,1440862,1441062,-,PMN2A_2157,249.0,run_PMN2A_0945,2,False,
PMN2A_2157,PMN2A_RS10860,conserved hypothetical protein,NC_007335.2,1441312,1441470,-,PMN2A_RS07955,566.0,run_PMN2A_2157,1,False,
PMN2A_RS07955,,hypothetical protein,NC_007335.2,1442037,1442231,+,PMN2A_0947,46.0,run_PMN2A_RS07955,2,False,
PMN2A_0947,PMN2A_RS07960,"helper component proteinase, Prochlorococcus-specific",NC_007335.2,1442278,1442601,+,PMN2A_2159,206.0,run_PMN2A_RS07955,2,False,
PMN2A_2159,PMN2A_RS10865,conserved hypothetical protein,NC_007335.2,1442808,1442960,+,PMN2A_0948,48.0,run_PMN2A_2159,1,False,
PMN2A_0948,PMN2A_RS07965,conserved hypothetical protein,NC_007335.2,1443009,1443215,-,PMN2A_2160,130.0,run_PMN2A_0948,3,False,
PMN2A_2160,PMN2A_RS07970,conserved hypothetical protein,NC_007335.2,1443346,1443531,-,PMN2A_0949,25.0,run_PMN2A_0948,3,False,
PMN2A_0949,PMN2A_RS10870,conserved hypothetical protein,NC_007335.2,1443557,1443724,-,PMN2A_0950,595.0,run_PMN2A_0948,3,False,
PMN2A_0950,uup,ABC transport system ATP-binding/permease protein,NC_007335.2,1444320,1446245,-,PMN2A_2161,136.0,run_PMN2A_0950,3,False,
PMN2A_2161,PMN2A_RS10330,hypothetical protein,NC_007335.2,1446382,1446591,-,PMN2A_0951,80.0,run_PMN2A_0950,3,False,
PMN2A_0951,PMN2A_RS07980,conserved hypothetical protein,NC_007335.2,1446672,1447034,+,PMN2A_0952,46.0,run_PMN2A_0951,1,True,run_PMN2A_0950
PMN2A_0952,PMN2A_RS07985,conserved hypothetical protein,NC_007335.2,1447081,1447371,-,PMN2A_2162,356.0,run_PMN2A_0950,3,False,
PMN2A_2162,PMN2A_RS07990,conserved hypothetical protein,NC_007335.2,1447728,1447931,+,PMN2A_0953,1030.0,run_PMN2A_2162,1,False,
PMN2A_0953,PMN2A_RS08000,conserved hypothetical protein,NC_007335.2,1448962,1449375,-,PMN2A_0954,-4.0,run_PMN2A_0953,3,False,
PMN2A_0954,PMN2A_RS08005,methyltransferase type 11 domain protein,NC_007335.2,1449372,1449962,-,PMN2A_0955,57.0,run_PMN2A_0953,3,False,
PMN2A_0955,PMN2A_RS08010,TPR repeat-containing protein,NC_007335.2,1450020,1451933,-,PMN2A_0956,300.0,run_PMN2A_0953,3,False,
PMN2A_0956,PMN2A_RS08015,conserved hypothetical protein,NC_007335.2,1452234,1452461,-,PMN2A_0957,228.0,run_PMN2A_0956,1,False,
PMN2A_0957,PMN2A_RS08020,conserved hypothetical protein,NC_007335.2,1452690,1452974,+,PMN2A_2164,301.0,run_PMN2A_0957,1,False,
PMN2A_2164,PMN2A_RS08025,conserved hypothetical protein,NC_007335.2,1453276,1453500,-,PMN2A_0958,357.0,run_PMN2A_2164,1,False,
PMN2A_0958,PMN2A_RS08030,conserved hypothetical protein,NC_007335.2,1453858,1454217,-,PMN2A_0959,393.0,run_PMN2A_0958,1,False,
PMN2A_0959,PMN2A_RS08035,conserved hypothetical protein,NC_007335.2,1454611,1454886,-,PMN2A_0960,204.0,run_PMN2A_0959,1,False,
PMN2A_0960,PMN2A_RS08040,EVE domain protein,NC_007335.2,1455091,1455564,+,PMN2A_0961,1.0,run_PMN2A_0960,1,False,
PMN2A_0961,PMN2A_RS08045,conserved hypothetical protein (DUF2811),NC_007335.2,1455566,1455829,-,PMN2A_0962,303.0,run_PMN2A_0961,1,False,
PMN2A_0962,PMN2A_RS08050,conserved hypothetical protein,NC_007335.2,1456133,1456513,-,PMN2A_0963,0.0,run_PMN2A_0962,2,False,
PMN2A_0963,rpoZ,DNA-directed RNA polymerase omega subunit,NC_007335.2,1456514,1456726,-,PMN2A_0964,165.0,run_PMN2A_0962,2,False,
PMN2A_0964,dnaK1,chaperone protein DnaK,NC_007335.2,1456892,1458517,+,PMN2A_0966,731.0,run_PMN2A_0964,1,False,
PMN2A_0966,gpmI,"2,3-bisphosphoglycerate-independent phosphoglycerate mutase",NC_007335.2,1459249,1460877,+,PMN2A_0967,9.0,run_PMN2A_0966,2,False,
PMN2A_0967,secG,"preprotein translocase, SecG subunit",NC_007335.2,1460887,1461117,+,PMN2A_0968,167.0,run_PMN2A_0966,2,False,
PMN2A_0968,groL1,chaperonin GroEL,NC_007335.2,1461285,1462916,-,PMN2A_0969,62.0,run_PMN2A_0968,2,False,
PMN2A_0969,groES,co-chaperonin GroES,NC_007335.2,1462979,1463290,-,PMN2A_0970,224.0,run_PMN2A_0968,2,False,
PMN2A_0970,atpB,ATP synthase beta chain,NC_007335.2,1463515,1464981,+,PMN2A_0971,58.0,run_PMN2A_0970,2,False,
PMN2A_0971,atpE,ATP synthase epsilon chain,NC_007335.2,1465040,1465447,+,PMN2A_0972,51.0,run_PMN2A_0970,2,False,
PMN2A_0972,ycf65,ribosomal protein Ycf65,NC_007335.2,1465499,1465999,-,PMN2A_0973,169.0,run_PMN2A_0972,2,False,
PMN2A_0973,pepP,Xaa-Pro aminopeptidase,NC_007335.2,1466169,1467488,-,PMN2A_0974,96.0,run_PMN2A_0972,2,False,
PMN2A_0974,PMN2A_RS08105,CBS and DUF21 domain-containing protein,NC_007335.2,1467585,1468577,+,PMN2A_0975,-4.0,run_PMN2A_0974,4,False,
PMN2A_0975,PMN2A_RS08110,GTP-binding protein of unknown function (DUF697),NC_007335.2,1468574,1469896,+,PMN2A_0976,-4.0,run_PMN2A_0974,4,False,
PMN2A_0976,nadD,nicotinate (nicotinamide) nucleotide adenylyltransferase,NC_007335.2,1469893,1470480,+,PMN2A_0977,-4.0,run_PMN2A_0974,4,False,
PMN2A_0977,nadE,NAD+ synthase (glutamine-hydrolysing),NC_007335.2,1470477,1472186,+,PMN2A_0978,7.0,run_PMN2A_0974,4,False,
PMN2A_0978,PMN2A_RS08125,conserved hypothetical protein,NC_007335.2,1472194,1473306,-,PMN2A_0979,7.0,run_PMN2A_0978,10,False,
PMN2A_0979,PMN2A_RS08130,conserved hypothetical protein,NC_007335.2,1473314,1473541,-,PMN2A_0980,53.0,run_PMN2A_0978,10,False,
PMN2A_0980,atpC,ATP synthase gamma chain,NC_007335.2,1473595,1474545,-,PMN2A_0981,32.0,run_PMN2A_0978,10,False,
PMN2A_0981,atpA,ATP synthase alpha chain,NC_007335.2,1474578,1476092,-,PMN2A_0982,62.0,run_PMN2A_0978,10,False,
PMN2A_0982,atpD,ATP synthase delta chain,NC_007335.2,1476155,1476703,-,PMN2A_0983,-1.0,run_PMN2A_0978,10,False,
PMN2A_0983,atpF,ATP synthase subunit B,NC_007335.2,1476703,1477215,-,PMN2A_0984,-4.0,run_PMN2A_0978,10,False,
PMN2A_0984,atpG,ATP synthase B^,NC_007335.2,1477212,1477673,-,PMN2A_0985,129.0,run_PMN2A_0978,10,False,
PMN2A_0985,atpH,ATP synthase C chain,NC_007335.2,1477803,1478051,-,PMN2A_0986,168.0,run_PMN2A_0978,10,False,
PMN2A_0986,atpI,ATP synthase A chain,NC_007335.2,1478220,1478945,-,PMN2A_0987,75.0,run_PMN2A_0978,10,False,
PMN2A_0987,atp1,ATP synthase protein I,NC_007335.2,1479021,1479440,-,PMN2A_0988,423.0,run_PMN2A_0978,10,False,
PMN2A_0988,ftsW,cell division protein FtsW,NC_007335.2,1479864,1481096,+,PMN2A_0989,19.0,run_PMN2A_0988,3,False,
PMN2A_0989,ccsC1,cytochrome c-type biogenesis protein,NC_007335.2,1481116,1481856,+,PMN2A_0990,5.0,run_PMN2A_0988,3,False,
PMN2A_0990,ccsB,cytochrome c biogenesis protein,NC_007335.2,1481862,1483142,+,PMN2A_0991,-12.0,run_PMN2A_0988,3,False,
PMN2A_0991,queF,7-cyano-7-deazaguanine reductase,NC_007335.2,1483131,1483517,-,PMN2A_0992,209.0,run_PMN2A_0991,1,False,
PMN2A_0992,PMN2A_RS08195,conserved hypothetical protein,NC_007335.2,1483727,1483954,+,PMN2A_0993,39.0,run_PMN2A_0992,11,False,
PMN2A_0993,glnB,nitrogen regulatory protein P-II,NC_007335.2,1483994,1484332,+,PMN2A_0994,2.0,run_PMN2A_0992,11,False,
PMN2A_0994,PMN2A_RS08205,ribosomal RNA methyltransferase FtsJ family,NC_007335.2,1484335,1485129,-,PMN2A_0995,90.0,run_PMN2A_0994,1,True,run_PMN2A_0992
PMN2A_0995,PMN2A_RS08210,conserved hypothetical protein,NC_007335.2,1485220,1485486,+,PMN2A_0996,44.0,run_PMN2A_0992,11,False,
PMN2A_0996,purB,adenylosuccinate lyase,NC_007335.2,1485531,1486826,+,PMN2A_0997,128.0,run_PMN2A_0992,11,False,
PMN2A_0997,fumC,"fumarate hydratase, class II",NC_007335.2,1486955,1488349,+,PMN2A_0998,12.0,run_PMN2A_0992,11,False,
PMN2A_0998,PMN2A_RS08225,"ATP-dependent DNA/RNA helicase, superfamily 1/2",NC_007335.2,1488362,1491145,-,PMN2A_0999,129.0,run_PMN2A_0998,1,True,run_PMN2A_0992
PMN2A_0999,bioF,8-amino-7-oxononanoate synthase,NC_007335.2,1491275,1492417,+,PMN2A_1000,-4.0,run_PMN2A_0992,11,False,
PMN2A_1000,bioH,pimeloyl-[acyl-carrier protein] methyl ester esterase,NC_007335.2,1492414,1493142,+,PMN2A_1001,-20.0,run_PMN2A_0992,11,False,
PMN2A_1001,bioC,malonyl-CoA O-methyltransferase,NC_007335.2,1493123,1493878,+,PMN2A_1002,-4.0,run_PMN2A_0992,11,False,
PMN2A_1002,bioD,dethiobiotin synthase,NC_007335.2,1493875,1494525,+,PMN2A_1003,51.0,run_PMN2A_0992,11,False,
PMN2A_1003,bioA,adenosylmethionine-8-amino-7-oxononanoate aminotransferase,NC_007335.2,1494577,1495902,+,PMN2A_1004,60.0,run_PMN2A_0992,11,False,
PMN2A_1004,dnaJ5,DnaJ type III chaperone protein,NC_007335.2,1495963,1496403,-,PMN2A_1005,77.0,run_PMN2A_1004,6,True,run_PMN2A_0992
PMN2A_1005,gidB,16S rRNA (guanine(527)-N(7))-methyltransferase GidB,NC_007335.2,1496481,1497227,+,PMN2A_1006,-4.0,run_PMN2A_0992,11,True,run_PMN2A_1004
PMN2A_1006,PMN2A_RS08265,NADP-dependent oxidoreductase,NC_007335.2,1497224,1498450,-,PMN2A_1007,15.0,run_PMN2A_1004,6,False,
PMN2A_1007,PMN2A_RS08270,3Fe-4S ferredoxin,NC_007335.2,1498466,1498885,-,PMN2A_1008,14.0,run_PMN2A_1004,6,False,
PMN2A_1008,ycf35,regulator of CO2 utilization Ycf35,NC_007335.2,1498900,1499292,-,PMN2A_1009,-1.0,run_PMN2A_1004,6,False,
PMN2A_1009,PMN2A_RS08280,Conserved hypothetical protein,NC_007335.2,1499292,1499495,-,PMN2A_1010,91.0,run_PMN2A_1004,6,False,
PMN2A_1010,iaiH,PBS lyase HEAT-like repeat domain-containing protein,NC_007335.2,1499587,1500396,-,PMN2A_1011,215.0,run_PMN2A_1004,6,False,
PMN2A_1011,PMN2A_RS08290,"sodium:solute symporter family, possibly glucose transporter",NC_007335.2,1500612,1502363,-,PMN2A_1012,30.0,run_PMN2A_1011,6,False,
PMN2A_1012,rlmN,23S rRNA (adenine2503-C2)-methyltransferase,NC_007335.2,1502394,1503473,-,PMN2A_1013,-4.0,run_PMN2A_1011,6,False,
PMN2A_1013,hli,high light inducible protein,NC_007335.2,1503470,1503622,-,PMN2A_1014,66.0,run_PMN2A_1011,6,False,
PMN2A_1014,rpoC2,"DNA-directed RNA polymerase, beta^^ subunit",NC_007335.2,1503689,1507798,-,PMN2A_1015,42.0,run_PMN2A_1011,6,False,
PMN2A_1015,rpoC1,"DNA-directed RNA polymerase complex, gamma subunit",NC_007335.2,1507841,1509748,-,PMN2A_1016,42.0,run_PMN2A_1011,6,False,
PMN2A_1016,rpoB,"DNA-directed RNA polymerase, beta subunit",NC_007335.2,1509791,1513078,-,PMN2A_1017,254.0,run_PMN2A_1011,6,False,
PMN2A_1017,tatD,Mg-dependent DNase,NC_007335.2,1513333,1514124,-,PMN2A_1018,43.0,run_PMN2A_1017,4,False,
PMN2A_1018,rpsT,30S ribosomal protein S20,NC_007335.2,1514168,1514464,-,PMN2A_1019,117.0,run_PMN2A_1017,4,False,
PMN2A_1019,hisD,histidinol dehydrogenase,NC_007335.2,1514582,1515931,+,PMN2A_1020,-14.0,run_PMN2A_1019,1,True,run_PMN2A_1017
PMN2A_1020,rpiA,ribose 5-phosphate isomerase A,NC_007335.2,1515918,1516628,-,PMN2A_1021,36.0,run_PMN2A_1017,4,False,
PMN2A_1021,deg1,photosystem II assembly factor,NC_007335.2,1516665,1517810,-,PMN2A_1022,98.0,run_PMN2A_1017,4,False,
PMN2A_1022,rimP,ribosome maturation factor RimP,NC_007335.2,1517909,1518460,+,PMN2A_1023,55.0,run_PMN2A_1022,4,False,
PMN2A_1023,nusA,transcription termination factor NusA,NC_007335.2,1518516,1520009,+,PMN2A_1024,-4.0,run_PMN2A_1022,4,False,
PMN2A_1024,PMN2A_RS08355,conserved hypothetical protein,NC_007335.2,1520006,1520281,+,PMN2A_1025,60.0,run_PMN2A_1022,4,False,
PMN2A_1025,infB,translation initiation factor IF-2,NC_007335.2,1520342,1523893,+,PMN2A_1026,56.0,run_PMN2A_1022,4,False,
PMN2A_1026,PMN2A_RS10180,uncharacterized conserved membrane protein,NC_007335.2,1523950,1524216,-,PMN2A_1027,363.0,run_PMN2A_1026,1,False,
PMN2A_1027,folE,GTP cyclohydrolase I,NC_007335.2,1524580,1525326,+,PMN2A_1028,63.0,run_PMN2A_1027,1,False,
PMN2A_1028,PMN2A_RS08380,outer membrane porin,NC_007335.2,1525390,1526619,-,PMN2A_1029,255.0,run_PMN2A_1028,1,False,
PMN2A_1029,PMN2A_RS08385,uncharacterized conserved secreted protein (DUF3721),NC_007335.2,1526875,1527132,+,PMN2A_1030,15.0,run_PMN2A_1029,2,False,
PMN2A_1030,PMN2A_RS08390,uncharacterized conserved membrane protein (DUF3721),NC_007335.2,1527148,1527591,+,PMN2A_1031,132.0,run_PMN2A_1029,2,False,
PMN2A_1031,PMN2A_RS08395,conserved hypothetical protein family PM-12,NC_007335.2,1527724,1528341,-,PMN2A_1032,158.0,run_PMN2A_1031,3,False,
PMN2A_1032,PMN2A_RS08400,"ABC-type Mn2+/Zn2+ transport system, permease component",NC_007335.2,1528500,1529285,-,PMN2A_1033,53.0,run_PMN2A_1031,3,False,
PMN2A_1033,zur,zinc uptake regulator family protein,NC_007335.2,1529339,1529743,+,PMN2A_1034,23.0,run_PMN2A_1033,8,True,run_PMN2A_1031
PMN2A_1034,PMN2A_RS08410,"ABC-type Mn2+/Zn2+ transport system, ATP-binding component",NC_007335.2,1529767,1530462,-,PMN2A_1035,92.0,run_PMN2A_1031,3,True,run_PMN2A_1033
PMN2A_1035,PMN2A_RS08415,"ABC-type Mn2+/Zn2+ transport system, periplasmic component",NC_007335.2,1530555,1532090,+,PMN2A_1036,54.0,run_PMN2A_1033,8,False,
PMN2A_1036,PMN2A_RS08420,conserved hypothetical protein,NC_007335.2,1532145,1532462,+,PMN2A_1037,9.0,run_PMN2A_1033,8,False,
PMN2A_1037,PMN2A_RS08425,CobW-like pseudocobalamin biosynthesis protein,NC_007335.2,1532472,1533854,+,PMN2A_1038,-13.0,run_PMN2A_1033,8,False,
PMN2A_1038,PMN2A_RS08430,WD40-repeat-containing protein,NC_007335.2,1533842,1534915,+,PMN2A_2168,146.0,run_PMN2A_1033,8,False,
PMN2A_2168,PMN2A_RS10875,Conserved hypothetical protein,NC_007335.2,1535062,1535205,+,PMN2A_2169,126.0,run_PMN2A_1033,8,False,
PMN2A_2169,PMN2A_RS10880,hypothetical protein,NC_007335.2,1535332,1535487,+,PMN2A_1039,152.0,run_PMN2A_1033,8,False,
PMN2A_1039,PMN2A_RS08435,2-oxoglutarate/iron-dependent dioxygenase,NC_007335.2,1535640,1536269,+,PMN2A_RS10885,272.0,run_PMN2A_1033,8,False,
PMN2A_RS10885,,hypothetical protein,NC_007335.2,1536542,1536682,+,PMN2A_1041,573.0,run_PMN2A_RS10885,1,False,
PMN2A_1041,PMN2A_RS08445,conserved hypothetical protein,NC_007335.2,1537256,1537462,-,PMN2A_1042,354.0,run_PMN2A_1041,1,False,
PMN2A_1042,PMN2A_RS08450,RmlC-like cupin domain-containing protein,NC_007335.2,1537817,1538326,+,PMN2A_RS11105,46.0,run_PMN2A_1042,2,False,
PMN2A_RS11105,,chlorophyll a/b-binding protein,NC_007335.2,1538373,1538483,-,PMN2A_1043,194.0,run_PMN2A_RS11105,9,True,run_PMN2A_1042
PMN2A_1043,PMN2A_RS10890,conserved hypothetical protein,NC_007335.2,1538678,1538821,+,PMN2A_1044,2.0,run_PMN2A_1042,2,True,run_PMN2A_RS11105
PMN2A_1044,urtE,"ABC-type urea transporter, ATPase component UrtE",NC_007335.2,1538824,1539531,-,PMN2A_1045,-1.0,run_PMN2A_RS11105,9,False,
PMN2A_1045,urtD,"ABC-type urea transporter, ATP-binding component UrtD",NC_007335.2,1539531,1540283,-,PMN2A_1046,-4.0,run_PMN2A_RS11105,9,False,
PMN2A_1046,urtC,"ABC-type urea transporter, membrane component",NC_007335.2,1540280,1541395,-,PMN2A_1047,3.0,run_PMN2A_RS11105,9,False,
PMN2A_1047,urtB,"ABC-type urea transporter, permease component",NC_007335.2,1541399,1542556,-,PMN2A_1048,76.0,run_PMN2A_RS11105,9,False,
PMN2A_1048,urtA,"ABC-type urea transporter, substrate binding component",NC_007335.2,1542633,1543910,-,PMN2A_1049,132.0,run_PMN2A_RS11105,9,False,
PMN2A_1049,ureG,urease accessory protein UreG,NC_007335.2,1544043,1544660,-,PMN2A_1050,-1.0,run_PMN2A_RS11105,9,False,
PMN2A_1050,ureF,urease accessory protein UreF,NC_007335.2,1544660,1545331,-,PMN2A_1051,20.0,run_PMN2A_RS11105,9,False,
PMN2A_1051,ureE,urease accessory protein UreE,NC_007335.2,1545352,1545792,-,PMN2A_1052,102.0,run_PMN2A_RS11105,9,False,
PMN2A_1052,ureD,urease accessory protein UreD,NC_007335.2,1545895,1546818,+,PMN2A_1053,49.0,run_PMN2A_1052,7,False,
PMN2A_1053,ureA,urease gamma subunit,NC_007335.2,1546868,1547170,+,PMN2A_1054,8.0,run_PMN2A_1052,7,False,
PMN2A_1054,ureB,urease beta subunit,NC_007335.2,1547179,1547499,+,PMN2A_1055,1.0,run_PMN2A_1052,7,False,
PMN2A_1055,ureC,urease alpha subunit,NC_007335.2,1547501,1549210,+,PMN2A_1056,23.0,run_PMN2A_1052,7,False,
PMN2A_1056,PMN2A_RS08515,conserved hypothetical protein (DUF1830),NC_007335.2,1549234,1549461,-,PMN2A_2171,157.0,run_PMN2A_1056,1,True,run_PMN2A_1052
PMN2A_2171,PMN2A_RS08520,conserved hypothetical protein,NC_007335.2,1549619,1549798,+,PMN2A_RS11050,12.0,run_PMN2A_1052,7,False,
PMN2A_RS11050,,hypothetical protein,NC_007335.2,1549811,1549945,+,PMN2A_1057,67.0,run_PMN2A_1052,7,False,
PMN2A_1057,PMN2A_RS08525,outer membrane porin,NC_007335.2,1550013,1551020,+,PMN2A_2172,109.0,run_PMN2A_1052,7,False,
PMN2A_2172,PMN2A_RS11055,conserved hypothetical protein,NC_007335.2,1551130,1551264,-,PMN2A_2173,36.0,run_PMN2A_2172,2,False,
PMN2A_2173,PMN2A_RS10895,conserved hypothetical protein,NC_007335.2,1551301,1551477,-,PMN2A_1058,205.0,run_PMN2A_2172,2,False,
PMN2A_1058,PMN2A_RS08530,conserved hypothetical protein,NC_007335.2,1551683,1551955,-,PMN2A_1059,92.0,run_PMN2A_1058,2,False,
PMN2A_1059,PMN2A_RS08535,nucleotide-binding alpha-beta plait domain-containing protein,NC_007335.2,1552048,1552296,-,PMN2A_1060,196.0,run_PMN2A_1058,2,False,
PMN2A_1060,rpsU,30S ribosomal protein S21,NC_007335.2,1552493,1552669,+,PMN2A_1061,56.0,run_PMN2A_1060,2,False,
PMN2A_1061,PMN2A_RS08540,conserved hypothetical protein,NC_007335.2,1552726,1552950,+,PMN2A_1062,47.0,run_PMN2A_1060,2,False,
PMN2A_1062,PMN2A_RS08545,"conserved membrane protein, ArbrB family",NC_007335.2,1552998,1553510,-,PMN2A_1063,290.0,run_PMN2A_1062,1,False,
PMN2A_1063,PMN2A_RS08550,radical SAM superfamily protein,NC_007335.2,1553801,1555414,+,PMN2A_1064,-79.0,run_PMN2A_1063,1,False,
PMN2A_1064,PMN2A_RS08555,CAAX amino terminal protease,NC_007335.2,1555336,1556187,-,PMN2A_1065,44.0,run_PMN2A_1064,3,False,
PMN2A_1065,clpS2,ATP-dependent Clp protease adaptor protein ClpS,NC_007335.2,1556232,1556543,-,PMN2A_1066,56.0,run_PMN2A_1064,3,False,
PMN2A_1066,PMN2A_RS08565,LL-diaminopimelate aminotransferase,NC_007335.2,1556600,1557826,-,PMN2A_1067,391.0,run_PMN2A_1064,3,False,
PMN2A_1067,rne,ribonuclease E,NC_007335.2,1558218,1560140,+,PMN2A_1068,2.0,run_PMN2A_1067,3,False,
PMN2A_1068,rnhB,ribonuclease HII,NC_007335.2,1560143,1560730,+,PMN2A_1069,14.0,run_PMN2A_1067,3,False,
PMN2A_1069,PMN2A_RS08580,conserved hypothetical protein,NC_007335.2,1560745,1561257,-,PMN2A_1070,56.0,run_PMN2A_1069,8,True,run_PMN2A_1067
PMN2A_1070,pheA,prephenate dehydratase,NC_007335.2,1561314,1562144,+,PMN2A_1071,1.0,run_PMN2A_1067,3,True,run_PMN2A_1069
PMN2A_1071,APG1,2-methyl-6-phytylbenzoquinone methyltransferase,NC_007335.2,1562146,1563078,-,PMN2A_1072,2.0,run_PMN2A_1069,8,False,
PMN2A_1072,PMN2A_RS08595,ATP-dependent protease,NC_007335.2,1563081,1563743,-,PMN2A_1073,60.0,run_PMN2A_1069,8,False,
PMN2A_1073,rpsJ,30S ribosomal protein S10,NC_007335.2,1563804,1564124,-,PMN2A_1074,120.0,run_PMN2A_1069,8,False,
PMN2A_1074,tuf,elongation factor EF-Tu,NC_007335.2,1564245,1565444,-,PMN2A_1075,43.0,run_PMN2A_1069,8,False,
PMN2A_1075,fusA,elongation factor G,NC_007335.2,1565488,1567563,-,PMN2A_1076,105.0,run_PMN2A_1069,8,False,
PMN2A_1076,rpsG,30S ribosomal protein S7,NC_007335.2,1567669,1568139,-,PMN2A_1077,48.0,run_PMN2A_1069,8,False,
PMN2A_1077,rpsL,30S ribosomal protein S12,NC_007335.2,1568188,1568562,-,PMN2A_1078,268.0,run_PMN2A_1069,8,False,
PMN2A_1078,glsF,ferredoxin-dependent glutamate synthase,NC_007335.2,1568831,1573420,+,PMN2A_1079,10.0,run_PMN2A_1078,2,False,
PMN2A_1079,PMN2A_RS08630,YCII-like domain protein,NC_007335.2,1573431,1573757,+,PMN2A_1080,-13.0,run_PMN2A_1078,2,False,
PMN2A_1080,lipA2,lipoyl synthase,NC_007335.2,1573745,1574614,-,PMN2A_1081,137.0,run_PMN2A_1080,2,False,
PMN2A_1081,cbiG-cobJ,bifunctional cobalt-precorrin-5A hydrolase / precorrin-3B C17-methyltransferase,NC_007335.2,1574752,1576533,-,PMN2A_1082,635.0,run_PMN2A_1080,2,False,
PMN2A_1082,psaA,photosystem I core protein PsaA,NC_007335.2,1577169,1579475,+,PMN2A_1083,24.0,run_PMN2A_1082,2,False,
PMN2A_1083,psaB,photosystem I core protein PsaB,NC_007335.2,1579500,1581728,+,PMN2A_1084,284.0,run_PMN2A_1082,2,False,
PMN2A_1084,psaL,photosystem I reaction centre subunit XI,NC_007335.2,1582013,1582540,-,PMN2A_1085,37.0,run_PMN2A_1084,7,False,
PMN2A_1085,psaI,photosystem I reaction center subunit VIII,NC_007335.2,1582578,1582694,-,PMN2A_1086,136.0,run_PMN2A_1084,7,False,
PMN2A_1086,PMN2A_RS08665,conserved hypothetical protein,NC_007335.2,1582831,1583310,+,PMN2A_1087,-43.0,run_PMN2A_1086,1,True,run_PMN2A_1084
PMN2A_1087,PMN2A_RS08670,"beta-glycosyltransferase, family 2",NC_007335.2,1583268,1584230,-,PMN2A_1088,32.0,run_PMN2A_1084,7,False,
PMN2A_1088,PMN2A_RS08675,NLP/P60,NC_007335.2,1584263,1585015,-,PMN2A_1089,21.0,run_PMN2A_1084,7,False,
PMN2A_1089,PMN2A_RS08680,beta-lactamase enzyme family protein,NC_007335.2,1585037,1585930,+,PMN2A_2175,-8.0,run_PMN2A_1089,1,True,run_PMN2A_1084
PMN2A_2175,PMN2A_RS11060,Conserved hypothetical protein,NC_007335.2,1585923,1586057,-,PMN2A_1090,122.0,run_PMN2A_1084,7,False,
PMN2A_1090,PMN2A_RS08685,uncharacterized membrane protein,NC_007335.2,1586180,1586743,-,PMN2A_1091,91.0,run_PMN2A_1084,7,False,
PMN2A_1091,PMN2A_RS08690,Hypothetical protein,NC_007335.2,1586835,1587680,-,PMN2A_1092,420.0,run_PMN2A_1084,7,False,
PMN2A_1092,PMN2A_RS10900,TPR repeat-containing protein,NC_007335.2,1588101,1589897,+,PMN2A_RS10905,325.0,run_PMN2A_1092,1,False,
PMN2A_RS10905,,hypothetical protein,NC_007335.2,1590223,1590366,+,PMN2A_2176,494.0,run_PMN2A_RS10905,1,False,
PMN2A_2176,PMN2A_RS10910,conserved hypothetical protein,NC_007335.2,1590861,1591031,-,PMN2A_2177,0.0,run_PMN2A_2176,2,False,
PMN2A_2177,PMN2A_RS08700,conserved hypothetical protein,NC_007335.2,1591032,1591262,-,PMN2A_1093,438.0,run_PMN2A_2176,2,False,
PMN2A_1093,PMN2A_RS08705,TPR repeat-containing protein,NC_007335.2,1591701,1593704,+,PMN2A_1094,124.0,run_PMN2A_1093,1,False,
PMN2A_1094,PMN2A_RS10230,TPR repeat-containing protein,NC_007335.2,1593829,1595886,-,PMN2A_1095,97.0,run_PMN2A_1094,2,False,
PMN2A_1095,PMN2A_RS08715,hypothetical protein,NC_007335.2,1595984,1596334,-,PMN2A_2178,237.0,run_PMN2A_1094,2,False,
PMN2A_2178,PMN2A_RS08720,hypothetical protein,NC_007335.2,1596572,1596769,+,PMN2A_2179,18.0,run_PMN2A_2178,2,False,
PMN2A_2179,PMN2A_RS08725,hypothetical protein,NC_007335.2,1596788,1596970,+,PMN2A_1096,120.0,run_PMN2A_2178,2,False,
PMN2A_1096,PMN2A_RS08730,putative cation-dependent mannose-6-phosphate,NC_007335.2,1597091,1597624,-,PMN2A_1097,-4.0,run_PMN2A_1096,2,False,
PMN2A_1097,PMN2A_RS08735,hypothetical protein,NC_007335.2,1597621,1598109,-,PMN2A_RS10915,238.0,run_PMN2A_1096,2,False,
PMN2A_RS10915,,hypothetical protein,NC_007335.2,1598348,1598497,-,PMN2A_1098,228.0,run_PMN2A_RS10915,1,False,
PMN2A_1098,alr,alanine racemase,NC_007335.2,1598726,1599934,-,PMN2A_1099,73.0,run_PMN2A_1098,5,False,
PMN2A_1099,mcrA,HNH endonuclease family protein,NC_007335.2,1600008,1600514,+,PMN2A_1100,3.0,run_PMN2A_1099,1,True,run_PMN2A_1098
PMN2A_1100,prfA,peptide chain release factor 1,NC_007335.2,1600518,1601615,-,PMN2A_1101,35.0,run_PMN2A_1098,5,False,
PMN2A_1101,rpmE,50S ribosomal protein L31,NC_007335.2,1601651,1601911,-,PMN2A_1102,36.0,run_PMN2A_1098,5,False,
PMN2A_1102,rpsI,30S ribosomal protein S9,NC_007335.2,1601948,1602355,-,PMN2A_1103,-4.0,run_PMN2A_1098,5,False,
PMN2A_1103,rplM,50S ribosomal protein L13,NC_007335.2,1602352,1602804,-,PMN2A_1104,203.0,run_PMN2A_1098,5,False,
PMN2A_1104,truA,tRNA pseudouridine(38-40) synthase,NC_007335.2,1603008,1603838,-,PMN2A_1105,49.0,run_PMN2A_1104,26,False,
PMN2A_1105,rplQ,50S ribosomal protein L17,NC_007335.2,1603888,1604238,-,PMN2A_1106,39.0,run_PMN2A_1104,26,False,
PMN2A_1106,rpoA,"DNA-directed RNA polymerase, alpha subunit",NC_007335.2,1604278,1605216,-,PMN2A_1107,50.0,run_PMN2A_1104,26,False,
PMN2A_1107,rpsK,30S ribosomal protein S11,NC_007335.2,1605267,1605659,-,PMN2A_1108,63.0,run_PMN2A_1104,26,False,
PMN2A_1108,rpsM,30S ribosomal protein S13,NC_007335.2,1605723,1606088,-,PMN2A_1109,112.0,run_PMN2A_1104,26,False,
PMN2A_1109,rpmJ,50S ribosomal protein L36,NC_007335.2,1606201,1606317,-,PMN2A_1110,44.0,run_PMN2A_1104,26,False,
PMN2A_1110,adk,adenylate kinase,NC_007335.2,1606362,1606910,-,PMN2A_1111,23.0,run_PMN2A_1104,26,False,
PMN2A_1111,secY,preprotein translocase SecY subunit,NC_007335.2,1606934,1608253,-,PMN2A_1112,59.0,run_PMN2A_1104,26,False,
PMN2A_1112,rplO,50S ribosomal protein L15,NC_007335.2,1608313,1608765,-,PMN2A_1113,5.0,run_PMN2A_1104,26,False,
PMN2A_1113,rpsE,30S ribosomal protein S5,NC_007335.2,1608771,1609397,-,PMN2A_1114,14.0,run_PMN2A_1104,26,False,
PMN2A_1114,rplR,50S ribosomal protein L18,NC_007335.2,1609412,1609780,-,PMN2A_1115,33.0,run_PMN2A_1104,26,False,
PMN2A_1115,rplF,50S ribosomal protein L6,NC_007335.2,1609814,1610353,-,PMN2A_1116,17.0,run_PMN2A_1104,26,False,
PMN2A_1116,rpsH,30S ribosomal protein S8,NC_007335.2,1610371,1610772,-,PMN2A_1117,19.0,run_PMN2A_1104,26,False,
PMN2A_1117,rplE,50S ribosomal protein L5,NC_007335.2,1610792,1611331,-,PMN2A_1118,89.0,run_PMN2A_1104,26,False,
PMN2A_1118,rplX,50S ribosomal protein L24,NC_007335.2,1611421,1611732,-,PMN2A_1119,47.0,run_PMN2A_1104,26,False,
PMN2A_1119,rplN,50S ribosomal protein L14,NC_007335.2,1611780,1612145,-,PMN2A_1120,-4.0,run_PMN2A_1104,26,False,
PMN2A_1120,rpsQ,30S ribosomal protein S17,NC_007335.2,1612142,1612408,-,PMN2A_1121,10.0,run_PMN2A_1104,26,False,
PMN2A_1121,rpmC,50S ribosomal protein L29,NC_007335.2,1612419,1612631,-,PMN2A_1122,-4.0,run_PMN2A_1104,26,False,
PMN2A_1122,rplP,50S ribosomal protein L16,NC_007335.2,1612628,1613113,-,PMN2A_1123,12.0,run_PMN2A_1104,26,False,
PMN2A_1123,rpsC,30S ribosomal protein S3,NC_007335.2,1613126,1613860,-,PMN2A_1124,-1.0,run_PMN2A_1104,26,False,
PMN2A_1124,rplV,50S ribosomal protein L22,NC_007335.2,1613860,1614240,-,PMN2A_1125,2.0,run_PMN2A_1104,26,False,
PMN2A_1125,rpsS,30S ribosomal protein S19,NC_007335.2,1614243,1614518,-,PMN2A_1126,35.0,run_PMN2A_1104,26,False,
PMN2A_1126,rplB,50S ribosomal protein L2,NC_007335.2,1614554,1615417,-,PMN2A_1127,4.0,run_PMN2A_1104,26,False,
PMN2A_1127,rplW,50S ribosomal protein L23,NC_007335.2,1615422,1615733,-,PMN2A_1128,-8.0,run_PMN2A_1104,26,False,
PMN2A_1128,rplD,50S ribosomal protein L4,NC_007335.2,1615726,1616361,-,PMN2A_1129,-1.0,run_PMN2A_1104,26,False,
PMN2A_1129,rplC,50S ribosomal protein L3,NC_007335.2,1616361,1617017,-,PMN2A_1130,370.0,run_PMN2A_1104,26,False,
PMN2A_1130,ndhN,NADH dehydrogenase I subunit NdhN,NC_007335.2,1617388,1617852,+,PMN2A_1131,12.0,run_PMN2A_1130,2,False,
PMN2A_1131,ldpA,light dependent period protein,NC_007335.2,1617865,1618887,+,PMN2A_1132,267.0,run_PMN2A_1130,2,False,
PMN2A_1132,PMN2A_RS08915,haloacid dehalogenase-like hydrolase family protein,NC_007335.2,1619155,1619934,+,PMN2A_1133,112.0,run_PMN2A_1132,2,False,
PMN2A_1133,recA,recombinase A,NC_007335.2,1620047,1621180,+,PMN2A_1134,19.0,run_PMN2A_1132,2,False,
PMN2A_1134,PMN2A_RS08925,uncharacterized conserved membrane protein (DUF2839),NC_007335.2,1621200,1621439,-,PMN2A_1135,37.0,run_PMN2A_1134,4,False,
PMN2A_1135,PMN2A_RS08930,ATP-dependent helicase C-terminal domain-containing protein,NC_007335.2,1621477,1622925,-,PMN2A_1136,73.0,run_PMN2A_1134,4,False,
PMN2A_1136,tyrA,Prephenate dehydrogenase,NC_007335.2,1622999,1623874,+,PMN2A_1137,-8.0,run_PMN2A_1136,5,True,run_PMN2A_1134
PMN2A_1137,crtD,"C-3^,4^ desaturase",NC_007335.2,1623867,1625384,-,PMN2A_1138,28.0,run_PMN2A_1134,4,True,run_PMN2A_1136
PMN2A_1138,PMN2A_RS08945,putative fructosamine 3-kinase,NC_007335.2,1625413,1626300,+,PMN2A_1139,36.0,run_PMN2A_1136,5,True,run_PMN2A_1134
PMN2A_1139,PMN2A_RS08950,cyanobacterial aminoacyl-tRNA synthetase domain (CAAD) containing protein,NC_007335.2,1626337,1626699,-,PMN2A_1140,123.0,run_PMN2A_1134,4,True,run_PMN2A_1136
PMN2A_1140,PMN2A_RS08955,possible metal-dependent ubiquitin isopeptidase,NC_007335.2,1626823,1627335,+,PMN2A_1141,23.0,run_PMN2A_1136,5,False,
PMN2A_1141,moeB,molybdopterin biosynthesis protein MoeB,NC_007335.2,1627359,1628504,+,PMN2A_1142,6.0,run_PMN2A_1136,5,False,
PMN2A_1142,PMN2A_RS08965,cob(I)alamin adenosyltransferase family protein,NC_007335.2,1628511,1629662,-,PMN2A_1143,132.0,run_PMN2A_1142,9,True,run_PMN2A_1136
PMN2A_1143,larE,"possible pyridinium-3,5-biscarboxylic acid mononucleotide sulfurtransferase",NC_007335.2,1629795,1630637,+,PMN2A_1144,56.0,run_PMN2A_1136,5,True,run_PMN2A_1142
PMN2A_1144,speD,S-adenosylmethionine decarboxylase,NC_007335.2,1630694,1631161,-,PMN2A_1145,40.0,run_PMN2A_1142,9,False,
PMN2A_1145,recF,DNA replication and repair protein recF,NC_007335.2,1631202,1632302,-,PMN2A_1146,165.0,run_PMN2A_1142,9,False,
PMN2A_1146,PMN2A_RS08990,conserved hypothetical protein,NC_007335.2,1632468,1632920,-,PMN2A_1147,1.0,run_PMN2A_1142,9,False,
PMN2A_1147,ppc,phosphoenol pyruvate carboxylase,NC_007335.2,1632922,1635906,-,PMN2A_1148,35.0,run_PMN2A_1142,9,False,
PMN2A_1148,gshA,gamma-glutamate-cysteine ligase,NC_007335.2,1635942,1637081,-,PMN2A_1149,-4.0,run_PMN2A_1142,9,False,
PMN2A_1149,trpE,anthranilate synthase component I,NC_007335.2,1637078,1638598,-,PMN2A_1150,61.0,run_PMN2A_1142,9,False,
PMN2A_1150,psaD,photosystem I reaction center subunit II,NC_007335.2,1638660,1639085,-,PMN2A_1151,102.0,run_PMN2A_1142,9,False,
PMN2A_1151,PMN2A_RS09015,putative two component signal transduction histidine kinase,NC_007335.2,1639188,1640573,-,PMN2A_1152,393.0,run_PMN2A_1142,9,False,
PMN2A_1152,mrdB,rod shape determining protein,NC_007335.2,1640967,1642241,-,PMN2A_1153,9.0,run_PMN2A_1152,6,False,
PMN2A_1153,abpC,nucleotide-binding protein,NC_007335.2,1642251,1643336,-,PMN2A_1154,180.0,run_PMN2A_1152,6,False,
PMN2A_1154,hemF,coproporphyrinogen-III oxidase,NC_007335.2,1643517,1644563,+,PMN2A_1155,11.0,run_PMN2A_1154,1,True,run_PMN2A_1152
PMN2A_1155,PMN2A_RS09035,uncharacterized conserved secreted protein,NC_007335.2,1644575,1645330,-,PMN2A_1156,9.0,run_PMN2A_1152,6,False,
PMN2A_1156,cbb1,cofactor assembly of complex C subunit CBB1,NC_007335.2,1645340,1645897,-,PMN2A_1157,186.0,run_PMN2A_1152,6,False,
PMN2A_1157,rnd,ribonuclease D,NC_007335.2,1646084,1646728,+,PMN2A_1158,21.0,run_PMN2A_1157,1,True,run_PMN2A_1152
PMN2A_1158,PMN2A_RS09050,conserved hypothetical protein,NC_007335.2,1646750,1647019,-,PMN2A_1159,57.0,run_PMN2A_1152,6,False,
PMN2A_1159,PMN2A_RS10210,lipid A disaccharide synthetase-like protein,NC_007335.2,1647077,1648297,-,PMN2A_1160,468.0,run_PMN2A_1152,6,False,
PMN2A_1160,PMN2A_RS09065,Predicted protein family PM-8,NC_007335.2,1648766,1649197,+,PMN2A_1161,66.0,run_PMN2A_1160,2,False,
PMN2A_1161,PMN2A_RS10945,conserved hypothetical protein,NC_007335.2,1649264,1649443,-,PMN2A_1162,50.0,run_PMN2A_1161,14,True,run_PMN2A_1160
PMN2A_1162,PMN2A_RS09075,pyridoxine 4-dehydrogenase,NC_007335.2,1649494,1650465,+,PMN2A_1163,7.0,run_PMN2A_1160,2,True,run_PMN2A_1161
PMN2A_1163,PMN2A_RS09080,conserved hypothetical protein,NC_007335.2,1650473,1651105,-,PMN2A_1164,160.0,run_PMN2A_1161,14,False,
PMN2A_1164,purM,phosphoribosylformylglycinamidine cyclo-ligase,NC_007335.2,1651266,1652306,-,PMN2A_1165,123.0,run_PMN2A_1161,14,False,
PMN2A_1165,panC-cmk,bifunctional pantoate ligase/cytidylate kinase,NC_007335.2,1652430,1653980,+,PMN2A_1166,-11.0,run_PMN2A_1165,1,True,run_PMN2A_1161
PMN2A_1166,ptpA,low molecular weight protein-tyrosine-phosphatase,NC_007335.2,1653970,1654443,-,PMN2A_1167,18.0,run_PMN2A_1161,14,False,
PMN2A_1167,pebB,phycoerythrobilin:ferredoxin oxidoreductase,NC_007335.2,1654462,1655238,-,PMN2A_1168,13.0,run_PMN2A_1161,14,False,
PMN2A_1168,pebA,"15,16 dihydrobiliverdin:ferredoxin oxidoreductase",NC_007335.2,1655252,1655968,-,PMN2A_1169,166.0,run_PMN2A_1161,14,False,
PMN2A_1169,ho1,heme oxygenase,NC_007335.2,1656135,1656842,-,PMN2A_1170,79.0,run_PMN2A_1161,14,False,
PMN2A_1170,icd,isocitrate dehydrogenase,NC_007335.2,1656922,1658346,+,PMN2A_1171,26.0,run_PMN2A_1170,1,True,run_PMN2A_1161
PMN2A_1171,PMN2A_RS09120,uncharacterized sugar and nucleotide-binding domains containing protein,NC_007335.2,1658373,1659725,-,PMN2A_1172,30.0,run_PMN2A_1161,14,False,
PMN2A_1172,lldD,FMN-dependent L-lactate dehydrogenase,NC_007335.2,1659756,1660940,-,PMN2A_1173,146.0,run_PMN2A_1161,14,False,
PMN2A_1173,PMN2A_RS09130,aldose 1-epimerase family protein,NC_007335.2,1661087,1661944,-,PMN2A_1174,3.0,run_PMN2A_1161,14,False,
PMN2A_1174,PMN2A_RS09135,alpha/beta hydrolase fold family protein,NC_007335.2,1661948,1662859,-,PMN2A_1175,117.0,run_PMN2A_1161,14,False,
PMN2A_1175,nhaS,"Na+/H+ antiporter, CPA2 family",NC_007335.2,1662977,1664350,-,PMN2A_1176,164.0,run_PMN2A_1161,14,False,
PMN2A_1176,glgP,glycogen phosphorylase,NC_007335.2,1664515,1667034,+,PMN2A_1177,4.0,run_PMN2A_1176,1,True,run_PMN2A_1161
PMN2A_1177,PMN2A_RS09150,conserved hypothetical protein,NC_007335.2,1667039,1667491,-,PMN2A_1178,37.0,run_PMN2A_1161,14,False,
PMN2A_1178,PMN2A_RS09155,Conserved hypothetical protein,NC_007335.2,1667529,1667867,-,PMN2A_1179,684.0,run_PMN2A_1161,14,False,
PMN2A_1179,rnc,ribonuclease III,NC_007335.2,1668552,1669295,+,PMN2A_1180,25.0,run_PMN2A_1179,3,False,
PMN2A_1180,ndhS,NADH dehydrogenase I subunit NdhS,NC_007335.2,1669321,1669506,-,PMN2A_1181,47.0,run_PMN2A_1180,1,True,run_PMN2A_1179
PMN2A_1181,rimM,16S rRNA processing protein RimM,NC_007335.2,1669554,1670084,+,PMN2A_1182,52.0,run_PMN2A_1179,3,False,
PMN2A_1182,manC,mannose-1-phosphate guanylyltransferase,NC_007335.2,1670137,1671594,+,PMN2A_1183,72.0,run_PMN2A_1179,3,False,
PMN2A_1183,glmS,glutamine---fructose-6-phosphate transaminase (isomerizing),NC_007335.2,1671667,1673571,-,PMN2A_1184,65.0,run_PMN2A_1183,2,False,
PMN2A_1184,psaC,photosystem I iron-sulfur center subunit VII PsaC,NC_007335.2,1673637,1673882,-,PMN2A_1185,136.0,run_PMN2A_1183,2,False,
PMN2A_1185,acpP,acyl-carrier protein,NC_007335.2,1674019,1674261,+,PMN2A_1186,7.0,run_PMN2A_1185,3,False,
PMN2A_1186,fabF,beta-ketoacyl-(acyl-carrier-protein) synthase II (KASII),NC_007335.2,1674269,1675516,+,PMN2A_1187,57.0,run_PMN2A_1185,3,False,
PMN2A_1187,tktA,transketolase,NC_007335.2,1675574,1677586,+,PMN2A_1188,51.0,run_PMN2A_1185,3,False,
PMN2A_1188,thiC,thiamine biosynthesis protein,NC_007335.2,1677638,1679038,-,PMN2A_1189,206.0,run_PMN2A_1188,1,False,
PMN2A_1189,PMN2A_RS09215,membrane protein of unknown function DUF3188,NC_007335.2,1679245,1679466,-,PMN2A_1190,11.0,run_PMN2A_1189,20,False,
PMN2A_1190,ama,N-acyl-L-amino acid amidohydrolase,NC_007335.2,1679478,1680662,-,PMN2A_1191,-4.0,run_PMN2A_1189,20,False,
PMN2A_1191,PMN2A_RS09225,TPR repeat family protein,NC_007335.2,1680659,1681447,-,PMN2A_1192,-4.0,run_PMN2A_1189,20,False,
PMN2A_1192,ruvB,holliday junction ATP-dependent DNA helicase RuvB,NC_007335.2,1681444,1682514,-,PMN2A_1193,47.0,run_PMN2A_1189,20,False,
PMN2A_1193,smpB,ssrA-binding protein,NC_007335.2,1682562,1683059,+,PMN2A_1194,64.0,run_PMN2A_1193,1,True,run_PMN2A_1189
PMN2A_1194,PMN2A_RS09240,conserved hypothetical protein,NC_007335.2,1683124,1683375,-,PMN2A_1195,41.0,run_PMN2A_1189,20,False,
PMN2A_1195,lysS,lysine--tRNA ligase,NC_007335.2,1683417,1684958,-,PMN2A_1196,48.0,run_PMN2A_1189,20,False,
PMN2A_1196,srrA,"NblS-interacting two-component response regulator, OmpR family",NC_007335.2,1685007,1685747,-,PMN2A_1197,166.0,run_PMN2A_1189,20,False,
PMN2A_1197,PMN2A_RS09255,putative membrane protein,NC_007335.2,1685914,1686417,-,PMN2A_1198,-17.0,run_PMN2A_1189,20,False,
PMN2A_1198,mreC,rod shape-determining protein MreC,NC_007335.2,1686401,1687156,-,PMN2A_1199,3.0,run_PMN2A_1189,20,False,
PMN2A_1199,mreB,rod shape-determining protein MreB,NC_007335.2,1687160,1688212,-,PMN2A_1200,85.0,run_PMN2A_1189,20,False,
PMN2A_1200,ssb,single-stranded DNA-binding protein,NC_007335.2,1688298,1688687,+,PMN2A_1201,10.0,run_PMN2A_1200,1,True,run_PMN2A_1189
PMN2A_1201,dedA2,dedA family protein,NC_007335.2,1688698,1689354,-,PMN2A_1202,24.0,run_PMN2A_1189,20,False,
PMN2A_1202,ahcY,adenosylhomocysteinase,NC_007335.2,1689379,1690812,-,PMN2A_1203,24.0,run_PMN2A_1189,20,False,
PMN2A_1203,tsaE,tRNA threonylcarbamoyladenosine biosynthesis protein TsaE,NC_007335.2,1690837,1691361,+,PMN2A_1204,-55.0,run_PMN2A_1203,1,True,run_PMN2A_1189
PMN2A_1204,cscK,fructokinase,NC_007335.2,1691307,1692323,-,PMN2A_1205,36.0,run_PMN2A_1189,20,False,
PMN2A_1205,mutY,A/G-specific DNA glycosylase,NC_007335.2,1692360,1693514,-,PMN2A_1206,177.0,run_PMN2A_1189,20,False,
PMN2A_1206,PMN2A_RS09300,alpha/beta hydrolase fold family protein,NC_007335.2,1693692,1694591,+,PMN2A_1207,-16.0,run_PMN2A_1206,1,True,run_PMN2A_1189
PMN2A_1207,rpoD8,"RNA polymerase sigma factor, type II",NC_007335.2,1694576,1695583,-,PMN2A_1208,100.0,run_PMN2A_1189,20,False,
PMN2A_1208,mgtE,magnesium transporter,NC_007335.2,1695684,1697093,-,PMN2A_1209,63.0,run_PMN2A_1189,20,False,
PMN2A_1209,gpx,glutathione peroxidase,NC_007335.2,1697157,1697633,+,PMN2A_1210,-4.0,run_PMN2A_1209,1,True,run_PMN2A_1189
PMN2A_1210,crcB2,fluoride exporter,NC_007335.2,1697630,1697974,-,PMN2A_1211,0.0,run_PMN2A_1189,20,False,
PMN2A_1211,crcB1,fluoride exporter,NC_007335.2,1697975,1698349,-,PMN2A_1212,12.0,run_PMN2A_1189,20,False,
PMN2A_1212,PMN2A_RS09330,conserved hypothetical protein,NC_007335.2,1698362,1698691,-,PMN2A_1213,-1.0,run_PMN2A_1189,20,False,
PMN2A_1213,gyrB,"DNA gyrase, B subunit",NC_007335.2,1698691,1700658,-,PMN2A_1214,171.0,run_PMN2A_1189,20,False,
PMN2A_1214,miaA,tRNA delta-2-isopentenylpyrophosphate (IPP) adenosine transferase,NC_007335.2,1700830,1701729,+,PMN2A_1215,59.0,run_PMN2A_1214,4,False,
PMN2A_1215,infC,translation initiation factor IF-3,NC_007335.2,1701789,1702397,+,PMN2A_1216,91.0,run_PMN2A_1214,4,False,
PMN2A_1216,PMN2A_RS09350,"transcriptional regulator, GntR family",NC_007335.2,1702489,1703478,+,PMN2A_1217,3.0,run_PMN2A_1214,4,False,
PMN2A_1217,cysE,serine O-acetyltransferase,NC_007335.2,1703482,1704222,+,PMN2A_1218,22.0,run_PMN2A_1214,4,False,
PMN2A_1218,PMN2A_RS09360,"ABC-type lipopolysaccharide transport system, permease component",NC_007335.2,1704245,1705042,-,PMN2A_1219,-29.0,run_PMN2A_1218,3,False,
PMN2A_1219,PMN2A_RS09365,"ABC-type lipopolysaccharide transport system, ATPase component",NC_007335.2,1705014,1706393,-,PMN2A_1220,17.0,run_PMN2A_1218,3,False,
PMN2A_1220,secA,preprotein translocase SecA subunit,NC_007335.2,1706411,1709239,-,PMN2A_1221,198.0,run_PMN2A_1218,3,False,
PMN2A_1221,gmd,"GDP-mannose 4,6-dehydratase",NC_007335.2,1709438,1710505,+,PMN2A_1222,55.0,run_PMN2A_1221,6,False,
PMN2A_1222,PMN2A_RS10005,conserved hypothetical protein,NC_007335.2,1710561,1711739,+,PMN2A_2181,92.0,run_PMN2A_1221,6,False,
PMN2A_2181,PMN2A_RS09385,conserved hypothetical protein,NC_007335.2,1711832,1712014,+,PMN2A_1223,79.0,run_PMN2A_1221,6,False,
PMN2A_1223,PMN2A_RS09390,"peptidyl-prolyl cis-trans isomerase, PpiC-type",NC_007335.2,1712094,1712840,+,PMN2A_1224,-4.0,run_PMN2A_1221,6,False,
PMN2A_1224,PMN2A_RS09395,ABC multidrug efflux transporter,NC_007335.2,1712837,1715779,+,PMN2A_1225,38.0,run_PMN2A_1221,6,False,
PMN2A_1225,PMN2A_RS09400,"type I secretion system ABC transporter, HlyD family",NC_007335.2,1715818,1716915,+,PMN2A_1226,406.0,run_PMN2A_1221,6,False,
PMN2A_1226,PMN2A_RS09405,hypothetical protein,NC_007335.2,1717322,1719142,-,PMN2A_1227,12.0,run_PMN2A_1226,2,False,
PMN2A_1227,PMN2A_RS11065,hemolysin-type calcium-binding repeat family protein,NC_007335.2,1719155,1722268,-,PMN2A_1228,587.0,run_PMN2A_1226,2,False,
PMN2A_1228,PMN2A_RS09415,NAD dependent epimerase/dehydratase family protein,NC_007335.2,1722856,1723800,+,PMN2A_1229,23.0,run_PMN2A_1228,1,False,
PMN2A_1229,PMN2A_RS09420,glycosyltransferase,NC_007335.2,1723824,1727483,-,PMN2A_1230,4.0,run_PMN2A_1229,2,False,
PMN2A_1230,PMN2A_RS09425,methyltransferase domain protein,NC_007335.2,1727488,1728741,-,PMN2A_1231,289.0,run_PMN2A_1229,2,False,
PMN2A_1231,PMN2A_RS09430,acetyltransferase family protein,NC_007335.2,1729031,1729501,+,PMN2A_1232,17.0,run_PMN2A_1231,2,False,
PMN2A_1232,PMN2A_RS09435,TPR repeat-containing protein,NC_007335.2,1729519,1731771,+,PMN2A_1233,353.0,run_PMN2A_1231,2,False,
PMN2A_1233,PMN2A_RS09440,TPR repeat-containing protein,NC_007335.2,1732125,1734854,+,PMN2A_1234,161.0,run_PMN2A_1233,1,False,
PMN2A_1234,PMN2A_RS09445,hypothetical protein,NC_007335.2,1735016,1735843,-,PMN2A_1235,4.0,run_PMN2A_1234,2,False,
PMN2A_1235,pseB,"UDP-N-acetylglucosamine 4,6-dehydratase (inverting)",NC_007335.2,1735848,1736816,-,PMN2A_1236,411.0,run_PMN2A_1234,2,False,
PMN2A_1236,rfbB,"dTDP-glucose-4,6-dehydratase",NC_007335.2,1737228,1738262,-,PMN2A_1237,38.0,run_PMN2A_1236,2,False,
PMN2A_1237,rfbA,glucose-1-phosphate thymidylyltransferase,NC_007335.2,1738301,1739191,-,PMN2A_1238,987.0,run_PMN2A_1236,2,False,
PMN2A_1238,PMN2A_RS09470,hypothetical protein,NC_007335.2,1740179,1741090,+,PMN2A_1239,78.0,run_PMN2A_1238,1,False,
PMN2A_1239,rfbD,dTDP-4-dehydrorhamnose reductase,NC_007335.2,1741169,1742065,-,PMN2A_1240,-4.0,run_PMN2A_1239,2,False,
PMN2A_1240,rfbC,"dTDP-4-dehydrorhamnose 3,5-epimerase",NC_007335.2,1742062,1742652,-,PMN2A_1241,695.0,run_PMN2A_1239,2,False,
PMN2A_1241,ribH,"6,7-dimethyl-8-ribityllumazine synthase",NC_007335.2,1743348,1743824,-,PMN2A_1242,101.0,run_PMN2A_1241,3,False,
PMN2A_1242,psbZ,photosystem II protein PsbZ (Ycf9),NC_007335.2,1743926,1744141,-,PMN2A_1243,147.0,run_PMN2A_1241,3,False,
PMN2A_1243,mutS,DNA mismatch repair protein MutS,NC_007335.2,1744289,1747069,+,PMN2A_1244,22.0,run_PMN2A_1243,3,True,run_PMN2A_1241
PMN2A_1244,cobH,precorrin-8X methylmutase,NC_007335.2,1747092,1747736,-,PMN2A_1245,59.0,run_PMN2A_1241,3,True,run_PMN2A_1243
PMN2A_1245,holA,"DNA polymerase III, delta subunit",NC_007335.2,1747796,1748824,+,PMN2A_1246,27.0,run_PMN2A_1243,3,False,
PMN2A_1246,PMN2A_RS09515,"aspartate kinase, monofunctional class",NC_007335.2,1748852,1750618,+,PMN2A_1247,7.0,run_PMN2A_1243,3,False,
PMN2A_1247,uvrB,"excinuclease UvrABC complex, helicase subunit",NC_007335.2,1750626,1752662,-,PMN2A_1248,90.0,run_PMN2A_1247,5,False,
PMN2A_1248,ycf23,uncharacterized conserved TIM barrel-containing protein (Ycf23),NC_007335.2,1752753,1753532,-,PMN2A_1249,130.0,run_PMN2A_1247,5,False,
PMN2A_1249,tilS,tRNA(Ile)-lysidine synthetase,NC_007335.2,1753663,1754643,+,PMN2A_1250,20.0,run_PMN2A_1249,1,True,run_PMN2A_1247
PMN2A_1250,rnjA,ribonuclease J,NC_007335.2,1754664,1756613,-,PMN2A_1251,73.0,run_PMN2A_1247,5,False,
PMN2A_1251,dapA,dihydrodipicolinate synthase,NC_007335.2,1756687,1757595,-,PMN2A_1252,-8.0,run_PMN2A_1247,5,False,
PMN2A_1252,asd,aspartate-semialdehyde dehydrogenase,NC_007335.2,1757588,1758625,-,PMN2A_1253,153.0,run_PMN2A_1247,5,False,
PMN2A_1253,tig,trigger factor,NC_007335.2,1758779,1760197,+,PMN2A_1254,43.0,run_PMN2A_1253,4,False,
PMN2A_1254,clpP2,"ATP-dependent Clp protease, protease subunit",NC_007335.2,1760241,1760897,+,PMN2A_1255,105.0,run_PMN2A_1253,4,False,
PMN2A_1255,clpX,"ATP-dependent Clp protease ATP-binding subunit, ClpX",NC_007335.2,1761003,1762358,+,PMN2A_1256,159.0,run_PMN2A_1253,4,False,
PMN2A_1256,dnaX,"DNA polymerase III, gamma and tau subunits",NC_007335.2,1762518,1764215,+,PMN2A_1257,14.0,run_PMN2A_1253,4,False,
PMN2A_1257,mgdA,monoglycosyldiacylglycerol (MGlcDG) synthase,NC_007335.2,1764230,1765546,-,PMN2A_1258,45.0,run_PMN2A_1257,2,False,
PMN2A_1258,spoIID,sporulation protein SpoIID,NC_007335.2,1765592,1767145,-,PMN2A_1259,92.0,run_PMN2A_1257,2,False,
PMN2A_1259,rpmI,50S ribosomal protein L35,NC_007335.2,1767238,1767435,+,PMN2A_1260,51.0,run_PMN2A_1259,7,False,
PMN2A_1260,rplT,50S ribosomal protein L20,NC_007335.2,1767487,1767834,+,PMN2A_1261,149.0,run_PMN2A_1259,7,False,
PMN2A_1261,ycf37,photosystem I assembly protein Ycf37,NC_007335.2,1767984,1768541,+,PMN2A_1262,28.0,run_PMN2A_1259,7,False,
PMN2A_1262,thiG,thiazole synthase,NC_007335.2,1768570,1769376,+,PMN2A_1263,49.0,run_PMN2A_1259,7,False,
PMN2A_1263,PMN2A_RS09600,high ligh-induced protein family,NC_007335.2,1769426,1769593,+,PMN2A_1264,56.0,run_PMN2A_1259,7,False,
PMN2A_1264,sqdB,UDP-sulfoquinovose synthase,NC_007335.2,1769650,1770843,+,PMN2A_1265,36.0,run_PMN2A_1259,7,False,
PMN2A_1265,sqdX,sulfoquinovosyldiacylglycerol synthase,NC_007335.2,1770880,1772028,+,PMN2A_1266,3.0,run_PMN2A_1259,7,False,
PMN2A_1266,PMN2A_RS09615,conserved hypothetical protein,NC_007335.2,1772032,1772292,-,PMN2A_1267,125.0,run_PMN2A_1266,5,False,
PMN2A_1267,gcvP,glycine dehydrogenase,NC_007335.2,1772418,1775324,-,PMN2A_1268,101.0,run_PMN2A_1266,5,False,
PMN2A_1268,gcvH,glycine cleavage system H protein,NC_007335.2,1775426,1775812,-,PMN2A_1269,20.0,run_PMN2A_1266,5,False,
PMN2A_1269,metC,cystathionine beta-lyase family aluminum resistance protein,NC_007335.2,1775833,1777098,-,PMN2A_1270,34.0,run_PMN2A_1266,5,False,
PMN2A_1270,PMN2A_RS09635,conserved hypothetical protein,NC_007335.2,1777133,1777867,-,PMN2A_1271,79.0,run_PMN2A_1266,5,False,
PMN2A_1271,desC4,delta-9 fatty-acid desaturase DesC4,NC_007335.2,1777947,1778876,+,PMN2A_1272,42.0,run_PMN2A_1271,5,False,
PMN2A_1272,rplI,50S ribosomal protein L9,NC_007335.2,1778919,1779377,+,PMN2A_1273,57.0,run_PMN2A_1271,5,False,
PMN2A_1273,dnaB,replicative DNA helicase,NC_007335.2,1779435,1780853,+,PMN2A_1274,34.0,run_PMN2A_1271,5,False,
PMN2A_1274,gidA,tRNA uridine 5-carboxymethylaminomethyl modification enzyme GidA,NC_007335.2,1780888,1782858,+,PMN2A_1275,5.0,run_PMN2A_1271,5,False,
PMN2A_1275,ubiC,chorismate pyruvate-lyase,NC_007335.2,1782864,1783451,+,PMN2A_1276,4.0,run_PMN2A_1271,5,False,
PMN2A_1276,PMN2A_RS09665,"viral RNA helicase, superfamily I",NC_007335.2,1783456,1783989,-,PMN2A_1277,53.0,run_PMN2A_1276,2,False,
PMN2A_1277,PMN2A_RS09670,"SprT-like, zinc ribbon domain-containing protein",NC_007335.2,1784043,1784594,-,PMN2A_1278,118.0,run_PMN2A_1276,2,False,
PMN2A_1278,PMN2A_RS09675,conserved hypothetical protein,NC_007335.2,1784713,1785135,+,PMN2A_1279,18.0,run_PMN2A_1278,2,False,
PMN2A_1279,ligA,"DNA ligase, NAD-dependent",NC_007335.2,1785154,1787226,+,PMN2A_1280,173.0,run_PMN2A_1278,2,False,
PMN2A_1280,PMN2A_RS09685,conserved hypothetical protein,NC_007335.2,1787400,1788023,-,PMN2A_1281,14.0,run_PMN2A_1280,4,False,
PMN2A_1281,valS,valyl-tRNA synthetase,NC_007335.2,1788038,1790839,-,PMN2A_1282,73.0,run_PMN2A_1280,4,False,
PMN2A_1282,PMN2A_RS09695,conserved hypothetical protein,NC_007335.2,1790913,1791368,-,PMN2A_1283,63.0,run_PMN2A_1280,4,False,
PMN2A_1283,PMN2A_RS09700,conserved hypothetical protein,NC_007335.2,1791432,1791683,+,PMN2A_1284,27.0,run_PMN2A_1283,1,True,run_PMN2A_1280
PMN2A_1284,PMN2A_RS09705,HesB-like domain-containing protein,NC_007335.2,1791711,1792061,-,PMN2A_1285,228.0,run_PMN2A_1280,4,False,
PMN2A_1285,mazG,nucleoside triphosphate pyrophosphohydrolase,NC_007335.2,1792290,1793102,+,PMN2A_1286,10.0,run_PMN2A_1285,10,False,
PMN2A_1286,speE,spermidine synthase,NC_007335.2,1793113,1793979,+,PMN2A_1287,-4.0,run_PMN2A_1285,10,False,
PMN2A_1287,speB,agmatinase,NC_007335.2,1793976,1794875,+,PMN2A_1288,20.0,run_PMN2A_1285,10,False,
PMN2A_1288,PMN2A_RS09730,conserved hypothetical protein,NC_007335.2,1794896,1795111,-,PMN2A_1289,130.0,run_PMN2A_1288,1,True,run_PMN2A_1285
PMN2A_1289,gcvT,glycine cleavage system T protein,NC_007335.2,1795242,1796360,+,PMN2A_1290,74.0,run_PMN2A_1285,10,False,
PMN2A_1290,aspS,aspartyl-tRNA synthetase,NC_007335.2,1796435,1798255,+,PMN2A_1291,103.0,run_PMN2A_1285,10,False,
PMN2A_1291,pyrG,CTP synthase,NC_007335.2,1798359,1800026,+,PMN2A_1292,0.0,run_PMN2A_1285,10,False,
PMN2A_1292,queE,7-carboxy-7-deazaguanine synthase,NC_007335.2,1800027,1800668,+,PMN2A_1293,49.0,run_PMN2A_1285,10,False,
PMN2A_1293,queC,7-cyano-7-deazaguanine synthase,NC_007335.2,1800718,1801395,+,PMN2A_1294,-1.0,run_PMN2A_1285,10,False,
PMN2A_1294,pabB,para-aminobenzoate synthetase component I,NC_007335.2,1801395,1802735,+,PMN2A_1295,-4.0,run_PMN2A_1285,10,False,
PMN2A_1295,pabC,4-amino-4-deoxychorismate lyase,NC_007335.2,1802732,1803559,+,PMN2A_1296,22.0,run_PMN2A_1285,10,False,
PMN2A_1296,cobA,uroporphyrinogen-III C-methyltransferase,NC_007335.2,1803582,1804367,-,PMN2A_1297,-4.0,run_PMN2A_1296,2,False,
PMN2A_1297,PMN2A_RS10010,possible chelatase,NC_007335.2,1804364,1805176,-,PMN2A_1298,234.0,run_PMN2A_1296,2,False,
PMN2A_1298,nirA,ferredoxin--nitrite reductase,NC_007335.2,1805411,1807072,+,PMN2A_RS10340,41.0,run_PMN2A_1298,3,False,
PMN2A_RS10340,nirA,ferredoxin--nitrite reductase,NC_007335.2,1807114,1807275,+,PMN2A_1299,62.0,run_PMN2A_1298,3,False,
PMN2A_1299,focA,"nitrite transporter, FNT family",NC_007335.2,1807338,1808228,+,PMN2A_1300,218.0,run_PMN2A_1298,3,False,
PMN2A_1300,PMN2A_RS09795,Armadillo-like helical-containing protein,NC_007335.2,1808447,1809157,+,PMN2A_1301,6.0,run_PMN2A_1300,7,False,
PMN2A_1301,PMN2A_RS09800,"glycosyl transferase family, helical bundle domain protein",NC_007335.2,1809164,1810222,+,PMN2A_1302,18.0,run_PMN2A_1300,7,False,
PMN2A_1302,PMN2A_RS09805,acetyltransferase family protein,NC_007335.2,1810241,1810672,-,PMN2A_1303,103.0,run_PMN2A_1302,1,True,run_PMN2A_1300
PMN2A_1303,PMN2A_RS09810,"multidrug efflux transporter, MFS family",NC_007335.2,1810776,1812020,+,PMN2A_1304,60.0,run_PMN2A_1300,7,False,
PMN2A_1304,ppk,polyphosphate kinase,NC_007335.2,1812081,1814210,+,PMN2A_1305,155.0,run_PMN2A_1300,7,False,
PMN2A_1305,rpoD4,"RNA polymerase sigma factor, type II",NC_007335.2,1814366,1815388,+,PMN2A_1306,3.0,run_PMN2A_1300,7,False,
PMN2A_1306,VTE5,phytol kinase,NC_007335.2,1815392,1816045,+,PMN2A_1307,14.0,run_PMN2A_1300,7,False,
PMN2A_1307,aroF,3-deoxy-7-phosphoheptulonate synthase,NC_007335.2,1816060,1817130,-,PMN2A_1308,153.0,run_PMN2A_1307,1,True,run_PMN2A_1300
PMN2A_1308,acnB,aconitate hydratase 2 / 2-methylisocitrate dehydratase,NC_007335.2,1817284,1819884,+,PMN2A_1310,1360.0,run_PMN2A_1300,7,False,
PMN2A_1310,PMN2A_RS09845,O-antigen ligase family protein,NC_007335.2,1821245,1822564,-,PMN2A_1311,-4.0,run_PMN2A_1310,3,False,
PMN2A_1311,purU,formyltetrahydrofolate deformylase,NC_007335.2,1822561,1823415,-,PMN2A_1312,80.0,run_PMN2A_1310,3,False,
PMN2A_1312,PMN2A_RS09855,possible D-amino-acid dehydrogenase,NC_007335.2,1823496,1824602,+,PMN2A_1313,20.0,run_PMN2A_1312,4,True,run_PMN2A_1310
PMN2A_1313,dnaK3,chaperone protein DnaK,NC_007335.2,1824623,1826515,-,PMN2A_1314,68.0,run_PMN2A_1310,3,True,run_PMN2A_1312
PMN2A_1314,aroE,shikimate 5-dehydrogenase,NC_007335.2,1826584,1827519,+,PMN2A_1315,22.0,run_PMN2A_1312,4,False,
PMN2A_1315,PMN2A_RS09870,uncharacterized membrane protein,NC_007335.2,1827542,1828000,+,PMN2A_1316,78.0,run_PMN2A_1312,4,False,
PMN2A_1316,rpsF,30S ribosomal protein S6,NC_007335.2,1828079,1828495,+,PMN2A_1317,35.0,run_PMN2A_1312,4,False,
PMN2A_1317,argG,argininosuccinate synthase,NC_007335.2,1828531,1829733,-,PMN2A_2188,133.0,run_PMN2A_1317,2,False,
PMN2A_2188,PMN2A_RS09885,Conserved hypothetical protein,NC_007335.2,1829867,1830079,-,PMN2A_1319,278.0,run_PMN2A_1317,2,False,
PMN2A_1319,PMN2A_RS09895,conserved hypothetical protein,NC_007335.2,1830358,1830633,+,PMN2A_1320,16.0,run_PMN2A_1319,3,False,
PMN2A_1320,mraY,phospho-N-acetylmuramoyl-pentapeptide-transferase,NC_007335.2,1830650,1831765,+,PMN2A_1321,17.0,run_PMN2A_1319,3,False,
PMN2A_1321,PMN2A_RS09905,conserved hypothetical protein,NC_007335.2,1831783,1832034,+,PMN2A_1322,56.0,run_PMN2A_1319,3,False,
PMN2A_1322,spsA,sucrose phosphate synthase and phosphatase fusion protein,NC_007335.2,1832091,1834229,-,PMN2A_1323,187.0,run_PMN2A_1322,3,False,
PMN2A_1323,uvrA,"excinuclease UvrABC complex, ATPase subunit",NC_007335.2,1834417,1837359,-,PMN2A_1324,44.0,run_PMN2A_1322,3,False,
PMN2A_1324,recN,ATP-dependent DNA repair protein RecN,NC_007335.2,1837404,1839089,-,PMN2A_1325,75.0,run_PMN2A_1322,3,False,
PMN2A_1325,PMN2A_RS09925,ABC1 family protein,NC_007335.2,1839165,1841024,+,PMN2A_1326,0.0,run_PMN2A_1325,3,False,
PMN2A_1326,PMN2A_RS09930,alpha/beta hydrolase of unknown function (DUF1400),NC_007335.2,1841025,1841579,+,PMN2A_1327,26.0,run_PMN2A_1325,3,False,
PMN2A_1327,thrC,threonine synthase,NC_007335.2,1841606,1842712,+,,,run_PMN2A_1325,3,False,
