system_id,member_loci,member_names,system_type,n_genes,n_genes_with_tcdb,n_homology_genes,n_homology_genes_score_gt0,n_family_inferred_genes,evidence_class,tcdb_depth_max,tcdb_depth_min_gene,max_tcdb_evidence_score,source_agreement_counts,pfam_support_counts,roles,role_complete,likely_transporter_mix,transport_substrate_resolution,n_ms_N_substrate_groups,n_ms_N_substrate_groups_noncurrency,n_specific_N_substrate_groups,n_no_formula_substrate_groups,n_linked_enzymes_window,n_linked_enzymes_run,n_linked_enzymes_window_ms,n_linked_enzymes_run_ms,missing_subunit_neighbours,joined_by,cross_locus_merged,n_runs,member_runs,evidence,source_agreement,pfam_support,n_pfam_corroborated_genes,has_binding,has_permease,has_atpase,has_single_carrier
sys_PMN2A_0002,PMN2A_0002,PMN2A_0002:gst,single_gene,1,1,0,0,1,all_family_inferred,4.0,4.0,0.4,"{""both_sources"": 2}","{""uncorroborated"": 2}",other,False,"{""strong"": 1}",resolved,1,1,1,0,1,0,1,0,,,False,1,run_PMN2A_0002,family_inferred,both_sources,uncorroborated,0,False,False,False,False
sys_PMN2A_0003,PMN2A_0003,PMN2A_0003:gor,single_gene,1,1,1,0,0,any_homology,2.0,2.0,0.0,"{""single_source"": 1}","{""uncorroborated"": 1}",other,False,"{""none"": 1}",resolved,0,0,0,0,0,0,0,0,,,False,1,run_PMN2A_0001,homology,single_source,uncorroborated,0,False,False,False,False
sys_PMN2A_0004,PMN2A_0004,PMN2A_0004:yrbG,single_gene,1,1,0,0,1,all_family_inferred,3.0,3.0,0.8,"{""both_sources"": 1}","{""corroborated"": 1}",single_carrier,True,"{""strong"": 1}",resolved,0,0,0,0,0,0,0,0,,,False,1,run_PMN2A_0002,family_inferred,both_sources,corroborated,1,False,False,False,True
sys_PMN2A_0006,PMN2A_0006,PMN2A_0006:ndhL,single_gene,1,1,1,1,0,any_homology,3.0,3.0,0.6,"{""single_source"": 1}","{""corroborated"": 1}",other,False,"{""tcdb_only"": 1}",resolved,0,0,0,0,0,0,0,0,,,False,1,run_PMN2A_0006,homology,single_source,corroborated,1,False,False,False,False
sys_PMN2A_0010,PMN2A_0010,PMN2A_0010:petJ3,single_gene,1,1,1,0,0,any_homology,2.0,2.0,0.0,"{""single_source"": 1}","{""uncorroborated"": 1}",other,False,"{""none"": 1}",resolved,0,0,0,1,0,0,0,0,,,False,1,run_PMN2A_0010,homology,single_source,uncorroborated,0,False,False,False,False
sys_PMN2A_0016,PMN2A_0016,PMN2A_0016:clpB1,single_gene,1,1,1,1,0,any_homology,3.0,3.0,0.4,"{""single_source"": 3}","{""uncorroborated"": 2, ""corroborated"": 1}",other,False,"{""tcdb_only"": 1}",resolved,1,1,1,2,0,0,0,0,,,False,1,run_PMN2A_0014,homology,single_source,corroborated|uncorroborated,1,False,False,False,False
sys_PMN2A_0017,PMN2A_0017,PMN2A_0017:petE,single_gene,1,1,1,1,0,any_homology,3.0,3.0,0.4,"{""single_source"": 1}","{""uncorroborated"": 1}",other,False,"{""tcdb_only"": 1}",resolved,1,1,1,1,0,0,0,0,,,False,1,run_PMN2A_0017,homology,single_source,uncorroborated,0,False,False,False,False
sys_PMN2A_0025,PMN2A_0025,PMN2A_0025:PMN2A_RS03065,single_gene,1,0,0,0,0,no_tcdb,,,,{},{},other,False,"{""none"": 1}",,0,0,0,0,0,0,0,0,,,False,1,run_PMN2A_0025,,,,0,False,False,False,False
sys_PMN2A_0030,PMN2A_0030,PMN2A_0030:ndhD2,single_gene,1,1,1,1,0,any_homology,2.0,2.0,0.4,"{""single_source"": 4}","{""uncorroborated"": 3, ""corroborated"": 1}",other,False,"{""tcdb_only"": 1}",resolved,0,0,0,0,0,0,0,0,,,False,1,run_PMN2A_0029,homology,single_source,corroborated|uncorroborated,1,False,False,False,False
sys_PMN2A_0037,PMN2A_0037|PMN2A_0038|PMN2A_0039,PMN2A_0037:mntC|PMN2A_0038:mntA|PMN2A_0039:mntB,multi_gene,3,3,0,0,3,all_family_inferred,4.0,4.0,0.8,"{""both_sources"": 3}","{""corroborated"": 3}",atpase|permease|substrate_binding,True,"{""strong"": 3}",resolved,0,0,0,0,0,0,0,0,,tcdb_level3,False,1,run_PMN2A_0036,family_inferred,both_sources,corroborated,3,True,True,True,False
sys_PMN2A_0042,PMN2A_0042,PMN2A_0042:lepB,single_gene,1,1,1,0,0,any_homology,2.0,2.0,0.0,"{""single_source"": 2}","{""uncorroborated"": 2}",other,False,"{""tcdb_only"": 1}",resolved,0,0,0,1,0,0,0,0,,,False,1,run_PMN2A_0041,homology,single_source,uncorroborated,0,False,False,False,False
sys_PMN2A_0046,PMN2A_0046,PMN2A_0046:murF,single_gene,1,1,1,0,0,any_homology,2.0,2.0,0.0,"{""single_source"": 1}","{""uncorroborated"": 1}",other,False,"{""tcdb_only"": 1}",resolved,0,0,0,0,0,0,0,0,,,False,1,run_PMN2A_0043,homology,single_source,uncorroborated,0,False,False,False,False
sys_PMN2A_0055,PMN2A_0055,PMN2A_0055:sds,single_gene,1,1,1,0,0,any_homology,2.0,2.0,0.0,"{""single_source"": 1}","{""uncorroborated"": 1}",other,False,"{""none"": 1}",resolved,1,1,1,1,0,0,0,0,,,False,1,run_PMN2A_0051,homology,single_source,uncorroborated,0,False,False,False,False
sys_PMN2A_0057,PMN2A_0057,PMN2A_0057:acs,single_gene,1,1,1,1,0,any_homology,2.0,2.0,0.2,"{""single_source"": 2}","{""uncorroborated"": 2}",other,False,"{""tcdb_only"": 1}",resolved,77,76,0,87,3,3,0,0,,,False,1,run_PMN2A_0051,homology,single_source,uncorroborated,0,False,False,False,False
sys_PMN2A_0066,PMN2A_0066,PMN2A_0066:pcb,single_gene,1,1,1,0,0,any_homology,2.0,2.0,0.0,"{""single_source"": 1}","{""uncorroborated"": 1}",other,False,"{""tcdb_only"": 1}",resolved,0,0,0,0,0,0,0,0,,,False,1,run_PMN2A_0066,homology,single_source,uncorroborated,0,False,False,False,False
sys_PMN2A_0067,PMN2A_0067,PMN2A_0067:gltS,single_gene,1,1,1,1,0,any_homology,2.0,2.0,0.4,"{""both_sources"": 1}","{""uncorroborated"": 1}",single_carrier,True,"{""strong"": 1}",resolved,0,0,0,0,0,0,0,0,,,False,1,run_PMN2A_0067,homology,both_sources,uncorroborated,0,False,False,False,True
sys_PMN2A_0069,PMN2A_0069,PMN2A_0069:gst,single_gene,1,1,0,0,1,all_family_inferred,4.0,4.0,0.2,"{""single_source"": 2}","{""uncorroborated"": 2}",other,False,"{""strong"": 1}",resolved,1,1,1,0,0,0,0,0,,,False,1,run_PMN2A_0069,family_inferred,single_source,uncorroborated,0,False,False,False,False
sys_PMN2A_0075,PMN2A_0075,PMN2A_0075:mscS,single_gene,1,1,0,0,1,all_family_inferred,3.0,3.0,0.8,"{""both_sources"": 1}","{""corroborated"": 1}",single_carrier,True,"{""strong"": 1}",resolved,0,0,0,2,0,0,0,0,,,False,1,run_PMN2A_0075,family_inferred,both_sources,corroborated,1,False,False,False,True
sys_PMN2A_0090,PMN2A_0090,PMN2A_0090:PMN2A_RS03395,single_gene,1,1,1,0,0,any_homology,2.0,2.0,0.0,"{""single_source"": 1}","{""uncorroborated"": 1}",other,False,"{""none"": 1}",resolved,5,5,5,5,0,0,0,0,,,False,1,run_PMN2A_0089,homology,single_source,uncorroborated,0,False,False,False,False
sys_PMN2A_0098,PMN2A_0098,PMN2A_0098:PMN2A_RS03440,single_gene,1,1,0,0,1,all_family_inferred,3.0,3.0,0.8,"{""both_sources"": 7}","{""corroborated"": 7}",atpase,False,"{""strong"": 1}",resolved,11,10,10,2,0,0,0,0,,,False,1,run_PMN2A_0097,family_inferred,both_sources,corroborated,1,False,False,True,False
sys_PMN2A_0103,PMN2A_0103|PMN2A_0104|PMN2A_0105,PMN2A_0103:phnE|PMN2A_0104:phnC|PMN2A_0105:phnD,multi_gene,3,3,0,0,3,all_family_inferred,3.0,3.0,0.8,"{""both_sources"": 3}","{""corroborated"": 2, ""uncorroborated"": 1}",atpase|permease|substrate_binding,True,"{""strong"": 3}",resolved,0,0,0,0,0,0,0,0,,tcdb_level3,False,1,run_PMN2A_0102,family_inferred,both_sources,corroborated|uncorroborated,2,True,True,True,False
sys_PMN2A_0110,PMN2A_0110,PMN2A_0110:ctpA,single_gene,1,1,1,0,0,any_homology,2.0,2.0,0.0,"{""single_source"": 1}","{""uncorroborated"": 1}",other,False,"{""none"": 1}",resolved,0,0,0,1,0,0,0,0,,,False,1,run_PMN2A_0107,homology,single_source,uncorroborated,0,False,False,False,False
sys_PMN2A_0134,PMN2A_0134,PMN2A_0134:PMN2A_RS03625,single_gene,1,1,1,1,0,any_homology,2.0,2.0,0.2,"{""single_source"": 1}","{""corroborated"": 1}",single_carrier,True,"{""strong"": 1}",resolved,0,0,0,0,0,0,0,0,,,False,1,run_PMN2A_0134,homology,single_source,corroborated,1,False,False,False,True
sys_PMN2A_0143,PMN2A_0143,PMN2A_0143:PMN2A_RS03670,single_gene,1,1,1,0,0,any_homology,2.0,2.0,0.0,"{""single_source"": 1}","{""uncorroborated"": 1}",other,False,"{""none"": 1}",resolved,0,0,0,0,0,0,0,0,,,False,1,run_PMN2A_0143,homology,single_source,uncorroborated,0,False,False,False,False
sys_PMN2A_0146,PMN2A_0146,PMN2A_0146:ispA,single_gene,1,1,1,0,0,any_homology,2.0,2.0,0.0,"{""single_source"": 1}","{""uncorroborated"": 1}",other,False,"{""none"": 1}",resolved,0,0,0,0,0,0,0,0,,,False,1,run_PMN2A_0143,homology,single_source,uncorroborated,0,False,False,False,False
sys_PMN2A_0147,PMN2A_0147,PMN2A_0147:bioY,single_gene,1,1,1,1,1,any_homology,3.0,3.0,0.8,"{""both_sources"": 2, ""single_source"": 1}","{""corroborated"": 2, ""uncorroborated"": 1}",other,False,"{""strong"": 1}",resolved,178,178,2,159,3,0,0,0,,,False,1,run_PMN2A_0143,family_inferred|homology,both_sources|single_source,corroborated|uncorroborated,1,False,False,False,False
sys_PMN2A_0151,PMN2A_0151,PMN2A_0151:pcyA,single_gene,1,1,1,0,0,any_homology,2.0,2.0,0.0,"{""single_source"": 1}","{""uncorroborated"": 1}",other,False,"{""tcdb_only"": 1}",resolved,0,0,0,2,0,0,0,0,,,False,1,run_PMN2A_0151,homology,single_source,uncorroborated,0,False,False,False,False
sys_PMN2A_0152,PMN2A_0152|PMN2A_0153|PMN2A_0154,PMN2A_0152:devB|PMN2A_0153:devC|PMN2A_0154:devA,multi_gene,3,3,3,3,0,any_homology,3.0,2.0,0.8,"{""single_source"": 4, ""both_sources"": 2}","{""uncorroborated"": 4, ""corroborated"": 2}",atpase|other|permease,False,"{""strong"": 3}",family_inferred|resolved,253,252,2,213,1,0,0,0,,adjacent_abc|role,False,1,run_PMN2A_0151,homology,both_sources|single_source,corroborated|uncorroborated,2,False,True,True,False
sys_PMN2A_0156,PMN2A_0156,PMN2A_0156:PMN2A_RS03730,single_gene,1,1,1,0,0,any_homology,2.0,2.0,0.0,"{""single_source"": 1}","{""uncorroborated"": 1}",other,False,"{""none"": 1}",resolved,0,0,0,2,0,0,0,0,,,False,1,run_PMN2A_0151,homology,single_source,uncorroborated,0,False,False,False,False
sys_PMN2A_0158,PMN2A_0158,PMN2A_0158:tsf,single_gene,1,1,1,0,0,any_homology,2.0,2.0,0.0,"{""single_source"": 1}","{""uncorroborated"": 1}",other,False,"{""tcdb_only"": 1}",family_inferred,53,53,0,15,1,0,0,0,,,False,1,run_PMN2A_0151,homology,single_source,uncorroborated,0,False,False,False,False
sys_PMN2A_0160,PMN2A_0160,PMN2A_0160:recG,single_gene,1,1,1,1,0,any_homology,2.0,2.0,0.4,"{""single_source"": 1}","{""corroborated"": 1}",other,False,"{""tcdb_only"": 1}",resolved,0,0,0,1,0,0,0,0,,,False,1,run_PMN2A_0151,homology,single_source,corroborated,1,False,False,False,False
sys_PMN2A_0169,PMN2A_0169|PMN2A_0170,PMN2A_0169:lptB|PMN2A_0170:lptG,multi_gene,2,2,2,2,1,any_homology,3.0,3.0,0.8,"{""both_sources"": 2, ""single_source"": 2}","{""uncorroborated"": 3, ""corroborated"": 1}",atpase|permease,False,"{""strong"": 2}",resolved,176,176,0,159,1,1,0,0,,tcdb_level3,False,1,run_PMN2A_0163,family_inferred|homology,both_sources|single_source,corroborated|uncorroborated,1,False,True,True,False
sys_PMN2A_0171,PMN2A_0171,PMN2A_0171:ccsA,single_gene,1,1,1,1,0,any_homology,2.0,2.0,0.4,"{""single_source"": 1}","{""corroborated"": 1}",other,False,"{""none"": 1}",resolved,1,1,1,2,0,0,0,0,,,False,1,run_PMN2A_0163,homology,single_source,corroborated,1,False,False,False,False
sys_PMN2A_0184,PMN2A_0184,PMN2A_0184:cobW,single_gene,1,1,1,0,0,any_homology,2.0,2.0,0.0,"{""single_source"": 1}","{""uncorroborated"": 1}",other,False,"{""none"": 1}",resolved,0,0,0,0,0,0,0,0,,,False,1,run_PMN2A_0183,homology,single_source,uncorroborated,0,False,False,False,False
sys_PMN2A_0191,PMN2A_0191,PMN2A_0191:accD,single_gene,1,1,1,0,0,any_homology,2.0,2.0,0.0,"{""single_source"": 1}","{""uncorroborated"": 1}",other,False,"{""tcdb_only"": 1}",resolved,0,0,0,0,0,0,0,0,,,False,1,run_PMN2A_0188,homology,single_source,uncorroborated,0,False,False,False,False
sys_PMN2A_0192,PMN2A_0192,PMN2A_0192:pilD,single_gene,1,1,0,0,1,all_family_inferred,3.0,3.0,0.6,"{""single_source"": 1}","{""corroborated"": 1}",other,False,"{""tcdb_only"": 1}",resolved,1,1,1,1,0,0,0,0,,,False,1,run_PMN2A_0188,family_inferred,single_source,corroborated,1,False,False,False,False
sys_PMN2A_0206,PMN2A_0206,PMN2A_0206:pgsA,single_gene,1,1,1,0,0,any_homology,2.0,2.0,0.0,"{""single_source"": 1}","{""uncorroborated"": 1}",other,False,"{""none"": 1}",resolved,0,0,0,0,0,0,0,0,,,False,1,run_PMN2A_0202,homology,single_source,uncorroborated,0,False,False,False,False
sys_PMN2A_0209,PMN2A_0209,PMN2A_0209:PMN2A_RS03990,single_gene,1,1,1,0,0,any_homology,2.0,2.0,0.0,"{""single_source"": 1}","{""uncorroborated"": 1}",other,False,"{""tcdb_only"": 1}",resolved,0,0,0,2,0,0,0,0,,,False,1,run_PMN2A_0208,homology,single_source,uncorroborated,0,False,False,False,False
sys_PMN2A_0211,PMN2A_0211|PMN2A_0774|PMN2A_1822,PMN2A_0211:futC|PMN2A_0774:idiA2|PMN2A_1822:futB,multi_gene,3,3,0,0,3,all_family_inferred,3.0,3.0,0.8,"{""both_sources"": 3}","{""corroborated"": 2, ""uncorroborated"": 1}",atpase|permease|substrate_binding,True,"{""strong"": 3}",resolved,2,2,2,1,0,0,0,0,,cross_locus,True,3,run_PMN2A_0211|run_PMN2A_0774|run_PMN2A_1822,family_inferred,both_sources,corroborated|uncorroborated,2,True,True,True,False
sys_PMN2A_0212,PMN2A_0212,PMN2A_0212:ftn,single_gene,1,0,0,0,0,no_tcdb,,,,{},{},other,False,"{""none"": 1}",,0,0,0,0,0,0,0,0,,,False,1,run_PMN2A_0211,,,,0,False,False,False,False
sys_PMN2A_0215,PMN2A_0215,PMN2A_0215:pcb,single_gene,1,1,1,0,0,any_homology,2.0,2.0,0.0,"{""single_source"": 1}","{""uncorroborated"": 1}",other,False,"{""tcdb_only"": 1}",resolved,0,0,0,0,0,0,0,0,,,False,1,run_PMN2A_0215,homology,single_source,uncorroborated,0,False,False,False,False
sys_PMN2A_0217,PMN2A_0217,PMN2A_0217:PMN2A_RS04030,single_gene,1,1,1,0,1,any_homology,3.0,3.0,0.8,"{""single_source"": 1, ""both_sources"": 1}","{""uncorroborated"": 1, ""corroborated"": 1}",atpase,False,"{""strong"": 1}",resolved,14,14,14,4,0,0,0,0,,,False,1,run_PMN2A_0217,family_inferred|homology,both_sources|single_source,corroborated|uncorroborated,1,False,False,True,False
sys_PMN2A_0218,PMN2A_0218,PMN2A_0218:PcCAO,single_gene,1,1,1,0,0,any_homology,2.0,2.0,0.0,"{""single_source"": 1}","{""uncorroborated"": 1}",other,False,"{""tcdb_only"": 1}",resolved,0,0,0,2,0,0,0,0,,,False,1,run_PMN2A_0217,homology,single_source,uncorroborated,0,False,False,False,False
sys_PMN2A_0221,PMN2A_0221,PMN2A_0221:galE,single_gene,1,1,1,0,0,any_homology,2.0,2.0,0.0,"{""single_source"": 1}","{""uncorroborated"": 1}",other,False,"{""none"": 1}",resolved,0,0,0,0,0,0,0,0,,,False,1,run_PMN2A_0221,homology,single_source,uncorroborated,0,False,False,False,False
sys_PMN2A_0228,PMN2A_0228,PMN2A_0228:petF,single_gene,1,1,1,1,0,any_homology,2.0,2.0,0.2,"{""single_source"": 1}","{""uncorroborated"": 1}",other,False,"{""none"": 1}",resolved,4,2,2,3,2,0,0,0,,,False,1,run_PMN2A_0228,homology,single_source,uncorroborated,0,False,False,False,False
sys_PMN2A_0234,PMN2A_0234|PMN2A_0235|PMN2A_0236,PMN2A_0234:evrA|PMN2A_0235:evrB|PMN2A_0236:evrC,multi_gene,3,3,3,3,0,any_homology,3.0,2.0,0.8,"{""both_sources"": 3, ""single_source"": 1}","{""corroborated"": 3, ""uncorroborated"": 1}",atpase|permease,False,"{""strong"": 3}",resolved,178,178,2,159,1,0,0,0,,role|tcdb_level3,False,1,run_PMN2A_0234,homology,both_sources|single_source,corroborated|uncorroborated,3,False,True,True,False
sys_PMN2A_0237,PMN2A_0237,PMN2A_0237:PMN2A_RS04120,single_gene,1,1,1,1,0,any_homology,2.0,2.0,0.4,"{""single_source"": 1}","{""corroborated"": 1}",other,False,"{""strong"": 1}",resolved,6,6,6,6,0,0,0,0,,,False,1,run_PMN2A_0237,homology,single_source,corroborated,1,False,False,False,False
sys_PMN2A_0244,PMN2A_0244,PMN2A_0244:PMN2A_RS04155,single_gene,1,1,1,1,0,any_homology,2.0,2.0,0.2,"{""single_source"": 1}","{""corroborated"": 1}",single_carrier,True,"{""strong"": 1}",resolved,0,0,0,0,0,0,0,0,,,False,1,run_PMN2A_0243,homology,single_source,corroborated,1,False,False,False,True
sys_PMN2A_0256,PMN2A_0256,PMN2A_0256:PMN2A_RS04215,single_gene,1,1,0,0,1,all_family_inferred,4.0,4.0,0.8,"{""both_sources"": 2}","{""uncorroborated"": 1, ""corroborated"": 1}",mixed,True,"{""strong"": 1}",resolved,5,5,5,0,0,0,0,0,,,False,1,run_PMN2A_0253,family_inferred,both_sources,corroborated|uncorroborated,1,False,False,False,False
sys_PMN2A_0264,PMN2A_0264,PMN2A_0264:gatA,single_gene,1,1,1,0,0,any_homology,2.0,2.0,0.0,"{""single_source"": 1}","{""uncorroborated"": 1}",other,False,"{""tcdb_only"": 1}",resolved,0,0,0,2,0,0,0,0,,,False,1,run_PMN2A_0263,homology,single_source,uncorroborated,0,False,False,False,False
sys_PMN2A_0268,PMN2A_0268,PMN2A_0268:ruvA,single_gene,1,1,1,1,0,any_homology,2.0,2.0,0.2,"{""single_source"": 1}","{""uncorroborated"": 1}",other,False,"{""tcdb_only"": 1}",resolved,0,0,0,1,0,0,0,0,,,False,1,run_PMN2A_0266,homology,single_source,uncorroborated,0,False,False,False,False
sys_PMN2A_0270,PMN2A_0270,PMN2A_0270:PMN2A_RS04285,single_gene,1,1,1,1,0,any_homology,2.0,2.0,0.4,"{""single_source"": 1}","{""corroborated"": 1}",single_carrier,True,"{""strong"": 1}",family_inferred,53,53,0,15,1,0,0,0,,,False,1,run_PMN2A_0266,homology,single_source,corroborated,1,False,False,False,True
sys_PMN2A_0282,PMN2A_0282|PMN2A_0283,PMN2A_0282:secD|PMN2A_0283:secF,multi_gene,2,2,0,0,2,all_family_inferred,3.0,3.0,0.8,"{""both_sources"": 6}","{""corroborated"": 4, ""uncorroborated"": 2}",other,False,"{""tcdb_only"": 2}",resolved,3,3,3,3,0,0,0,0,,tcdb_level3,False,1,run_PMN2A_0278,family_inferred,both_sources,corroborated|uncorroborated,2,False,False,False,False
sys_PMN2A_0292,PMN2A_0292,PMN2A_0292:clpP1,single_gene,1,1,1,1,0,any_homology,3.0,3.0,0.2,"{""single_source"": 1}","{""uncorroborated"": 1}",other,False,"{""tcdb_only"": 1}",resolved,1,1,1,1,0,0,0,0,,,False,1,run_PMN2A_0290,homology,single_source,uncorroborated,0,False,False,False,False
sys_PMN2A_0293,PMN2A_0293,PMN2A_0293:ftsH2,single_gene,1,1,1,1,0,any_homology,3.0,3.0,0.2,"{""single_source"": 3}","{""uncorroborated"": 3}",other,False,"{""tcdb_only"": 1}",resolved,2,2,2,2,0,0,0,0,,,False,1,run_PMN2A_0289,homology,single_source,uncorroborated,0,False,False,False,False
sys_PMN2A_0294,PMN2A_0294,PMN2A_0294:PMN2A_RS04400,single_gene,1,1,1,1,0,any_homology,2.0,2.0,0.8,"{""both_sources"": 1}","{""corroborated"": 1}",permease,False,"{""strong"": 1}",family_inferred,176,176,0,159,1,0,0,0,,,False,1,run_PMN2A_0289,homology,both_sources,corroborated,1,False,True,False,False
sys_PMN2A_0297,PMN2A_0297,PMN2A_0297:ylmG1,single_gene,1,1,1,1,0,any_homology,2.0,2.0,0.2,"{""single_source"": 1}","{""corroborated"": 1}",other,False,"{""none"": 1}",resolved,0,0,0,0,0,0,0,0,,,False,1,run_PMN2A_0297,homology,single_source,corroborated,1,False,False,False,False
sys_PMN2A_0304,PMN2A_0304,PMN2A_0304:prxQ,single_gene,1,1,1,0,0,any_homology,2.0,2.0,0.0,"{""single_source"": 1}","{""uncorroborated"": 1}",other,False,"{""none"": 1}",resolved,0,0,0,1,0,0,0,0,,,False,1,run_PMN2A_0297,homology,single_source,uncorroborated,0,False,False,False,False
sys_PMN2A_0306,PMN2A_0306,PMN2A_0306:htpG,single_gene,1,1,1,0,0,any_homology,2.0,2.0,0.0,"{""single_source"": 1}","{""uncorroborated"": 1}",other,False,"{""none"": 1}",resolved,0,0,0,1,0,0,0,0,,,False,1,run_PMN2A_0297,homology,single_source,uncorroborated,0,False,False,False,False
sys_PMN2A_0309,PMN2A_0309|PMN2A_0310|PMN2A_0311|PMN2A_0441,PMN2A_0309:pstB|PMN2A_0310:pstA|PMN2A_0311:pstC|PMN2A_0441:pstS,multi_gene,4,4,1,1,3,any_homology,3.0,3.0,0.8,"{""both_sources"": 4}","{""corroborated"": 3, ""uncorroborated"": 1}",atpase|permease|substrate_binding,True,"{""strong"": 4}",resolved,0,0,0,0,0,0,0,0,,cross_locus|tcdb_level3,True,2,run_PMN2A_0309|run_PMN2A_0441,family_inferred|homology,both_sources,corroborated|uncorroborated,3,True,True,True,False
sys_PMN2A_0312,PMN2A_0312,PMN2A_0312:dnaK2,single_gene,1,1,1,1,0,any_homology,3.0,3.0,1.0,"{""single_source"": 5, ""both_sources"": 1}","{""uncorroborated"": 4, ""corroborated"": 2}",other,False,"{""tcdb_only"": 1}",resolved,4,4,4,3,0,0,0,0,,,False,1,run_PMN2A_0312,homology,both_sources|single_source,corroborated|uncorroborated,1,False,False,False,False
sys_PMN2A_0313,PMN2A_0313,PMN2A_0313:dnaJ3,single_gene,1,1,1,0,0,any_homology,2.0,2.0,0.0,"{""single_source"": 1}","{""uncorroborated"": 1}",other,False,"{""none"": 1}",resolved,0,0,0,1,0,0,0,0,,,False,1,run_PMN2A_0312,homology,single_source,uncorroborated,0,False,False,False,False
sys_PMN2A_0316,PMN2A_0316,PMN2A_0316:ppiB,single_gene,1,1,1,1,0,any_homology,3.0,3.0,0.4,"{""single_source"": 3}","{""uncorroborated"": 2, ""corroborated"": 1}",other,False,"{""tcdb_only"": 1}",resolved,1,1,1,3,0,0,0,0,,,False,1,run_PMN2A_0312,homology,single_source,corroborated|uncorroborated,1,False,False,False,False
sys_PMN2A_0330,PMN2A_0330,PMN2A_0330:PMN2A_RS04585,single_gene,1,1,1,0,0,any_homology,2.0,2.0,0.0,"{""single_source"": 1}","{""uncorroborated"": 1}",other,False,"{""none"": 1}",resolved,1,1,1,1,0,0,0,0,,,False,1,run_PMN2A_0320,homology,single_source,uncorroborated,0,False,False,False,False
sys_PMN2A_0337,PMN2A_0337,PMN2A_0337:PMN2A_RS04625,single_gene,1,1,1,1,0,any_homology,2.0,2.0,0.4,"{""single_source"": 1}","{""corroborated"": 1}",other,False,"{""tcdb_only"": 1}",resolved,2,2,2,2,0,0,0,0,,,False,1,run_PMN2A_0337,homology,single_source,corroborated,1,False,False,False,False
sys_PMN2A_0352,PMN2A_0352,PMN2A_0352:ahpC,single_gene,1,1,1,1,0,any_homology,3.0,3.0,0.2,"{""single_source"": 1}","{""uncorroborated"": 1}",other,False,"{""none"": 1}",resolved,2,2,2,1,0,0,0,0,,,False,1,run_PMN2A_0352,homology,single_source,uncorroborated,0,False,False,False,False
sys_PMN2A_0353,PMN2A_0353,PMN2A_0353:ftsH3,single_gene,1,1,1,1,0,any_homology,3.0,3.0,0.4,"{""single_source"": 5}","{""uncorroborated"": 4, ""corroborated"": 1}",other,False,"{""tcdb_only"": 1}",resolved,3,3,3,2,0,0,0,0,,,False,1,run_PMN2A_0351,homology,single_source,corroborated|uncorroborated,1,False,False,False,False
sys_PMN2A_0358,PMN2A_0358,PMN2A_0358:PMN2A_RS04755,single_gene,1,1,1,1,0,any_homology,2.0,2.0,0.2,"{""single_source"": 1}","{""corroborated"": 1}",single_carrier,True,"{""strong"": 1}",resolved,1,1,1,1,0,0,0,0,,,False,1,run_PMN2A_0358,homology,single_source,corroborated,1,False,False,False,True
sys_PMN2A_0359,PMN2A_0359,PMN2A_0359:PMN2A_RS04760,single_gene,1,1,1,1,0,any_homology,2.0,2.0,0.2,"{""single_source"": 1}","{""corroborated"": 1}",single_carrier,True,"{""strong"": 1}",resolved,1,1,1,1,0,0,0,0,,,False,1,run_PMN2A_0358,homology,single_source,corroborated,1,False,False,False,True
sys_PMN2A_0367,PMN2A_0367,PMN2A_0367:terC,single_gene,1,1,1,0,0,any_homology,2.0,2.0,0.0,"{""single_source"": 1}","{""uncorroborated"": 1}",other,False,"{""tcdb_only"": 1}",resolved,0,0,0,0,0,0,0,0,,,False,1,run_PMN2A_0367,homology,single_source,uncorroborated,0,False,False,False,False
sys_PMN2A_0369,PMN2A_0369,PMN2A_0369:mfd,single_gene,1,1,1,1,0,any_homology,2.0,2.0,0.4,"{""single_source"": 1}","{""corroborated"": 1}",other,False,"{""tcdb_only"": 1}",resolved,0,0,0,1,0,0,0,0,,,False,1,run_PMN2A_0358,homology,single_source,corroborated,1,False,False,False,False
sys_PMN2A_0384,PMN2A_0384,PMN2A_0384:PMN2A_RS04885,single_gene,1,1,0,0,1,all_family_inferred,3.0,3.0,0.8,"{""both_sources"": 3}","{""corroborated"": 2, ""uncorroborated"": 1}",mixed,True,"{""strong"": 1}",resolved,23,23,23,10,0,0,0,0,,,False,1,run_PMN2A_0384,family_inferred,both_sources,corroborated|uncorroborated,1,False,False,False,False
sys_PMN2A_0393,PMN2A_0393,PMN2A_0393:desA2,single_gene,1,1,1,1,0,any_homology,3.0,3.0,0.2,"{""single_source"": 1}","{""uncorroborated"": 1}",other,False,"{""none"": 1}",resolved,1,1,1,1,0,0,0,0,,,False,1,run_PMN2A_0392,homology,single_source,uncorroborated,0,False,False,False,False
sys_PMN2A_0403,PMN2A_0403,PMN2A_0403:PMN2A_RS05005,single_gene,1,1,1,1,1,any_homology,3.0,3.0,0.8,"{""both_sources"": 6, ""single_source"": 1}","{""corroborated"": 5, ""uncorroborated"": 2}",single_carrier,True,"{""strong"": 1}",resolved,2,2,2,2,0,0,0,0,,,False,1,run_PMN2A_0400,family_inferred|homology,both_sources|single_source,corroborated|uncorroborated,1,False,False,False,True
sys_PMN2A_0436,PMN2A_0436,PMN2A_0436:phoB,single_gene,1,1,1,0,0,any_homology,2.0,2.0,0.0,"{""single_source"": 3}","{""uncorroborated"": 3}",other,False,"{""tcdb_only"": 1}",resolved,8,8,8,8,0,0,0,0,,,False,1,run_PMN2A_0435,homology,single_source,uncorroborated,0,False,False,False,False
sys_PMN2A_0437,PMN2A_0437,PMN2A_0437:phoR,single_gene,1,1,1,1,0,any_homology,2.0,2.0,0.2,"{""single_source"": 5}","{""uncorroborated"": 5}",other,False,"{""tcdb_only"": 1}",resolved,29,29,29,15,0,0,0,0,,,False,1,run_PMN2A_0435,homology,single_source,uncorroborated,0,False,False,False,False
sys_PMN2A_0440,PMN2A_0440,PMN2A_0440:PMN2A_RS05215,single_gene,1,0,0,0,0,no_tcdb,,,,{},{},other,False,"{""none"": 1}",,0,0,0,0,0,0,0,0,,,False,1,run_PMN2A_0438,,,,0,False,False,False,False
sys_PMN2A_0443,PMN2A_0443,PMN2A_0443:chrA,single_gene,1,1,0,0,1,all_family_inferred,3.0,3.0,0.8,"{""both_sources"": 1}","{""corroborated"": 1}",single_carrier,True,"{""strong"": 1}",resolved,0,0,0,0,0,0,0,0,,,False,1,run_PMN2A_0443,family_inferred,both_sources,corroborated,1,False,False,False,True
sys_PMN2A_0444,PMN2A_0444,PMN2A_0444:arsJ,single_gene,1,1,1,1,0,any_homology,3.0,3.0,0.2,"{""single_source"": 1}","{""uncorroborated"": 1}",single_carrier,True,"{""strong"": 1}",resolved,0,0,0,0,0,0,0,0,,,False,1,run_PMN2A_0443,homology,single_source,uncorroborated,0,False,False,False,True
sys_PMN2A_0445,PMN2A_0445,PMN2A_0445:gap3,single_gene,1,1,1,1,0,any_homology,3.0,3.0,0.2,"{""single_source"": 1}","{""uncorroborated"": 1}",other,False,"{""tcdb_only"": 1}",resolved,0,0,0,0,0,0,0,0,,,False,1,run_PMN2A_0443,homology,single_source,uncorroborated,0,False,False,False,False
sys_PMN2A_0446,PMN2A_0446,PMN2A_0446:arsR,single_gene,1,1,1,0,0,any_homology,2.0,2.0,0.0,"{""single_source"": 1}","{""uncorroborated"": 1}",other,False,"{""none"": 1}",resolved,0,0,0,0,0,0,0,0,,,False,1,run_PMN2A_0446,homology,single_source,uncorroborated,0,False,False,False,False
sys_PMN2A_0447,PMN2A_0447,PMN2A_0447:arsB,single_gene,1,1,1,1,0,any_homology,3.0,3.0,0.8,"{""both_sources"": 1}","{""corroborated"": 1}",single_carrier,True,"{""strong"": 1}",resolved,1,1,1,1,0,0,0,0,,,False,1,run_PMN2A_0446,homology,both_sources,corroborated,1,False,False,False,True
sys_PMN2A_0455,PMN2A_0455,PMN2A_0455:PMN2A_RS05295,single_gene,1,1,1,1,0,any_homology,3.0,3.0,0.2,"{""single_source"": 1}","{""uncorroborated"": 1}",other,False,"{""none"": 1}",resolved,0,0,0,0,0,0,0,0,,,False,1,run_PMN2A_0455,homology,single_source,uncorroborated,0,False,False,False,False
sys_PMN2A_0478,PMN2A_0478,PMN2A_0478:PMN2A_RS05415,single_gene,1,1,1,1,0,any_homology,2.0,2.0,0.4,"{""single_source"": 1}","{""corroborated"": 1}",single_carrier,True,"{""strong"": 1}",resolved,3,3,3,2,0,0,0,0,,,False,1,run_PMN2A_2011,homology,single_source,corroborated,1,False,False,False,True
sys_PMN2A_0558,PMN2A_0558,PMN2A_0558:psbA,single_gene,1,1,1,0,0,any_homology,2.0,2.0,0.0,"{""single_source"": 1}","{""uncorroborated"": 1}",other,False,"{""tcdb_only"": 1}",resolved,0,0,0,0,0,0,0,0,,,False,1,run_PMN2A_0558,homology,single_source,uncorroborated,0,False,False,False,False
sys_PMN2A_0611,PMN2A_0611|PMN2A_0612|PMN2A_0613|PMN2A_0614,PMN2A_0611:PMN2A_RS06190|PMN2A_0612:natH|PMN2A_0613:natG|PMN2A_0614:natF,multi_gene,4,4,1,0,4,any_homology,4.0,4.0,0.8,"{""both_sources"": 16, ""single_source"": 1}","{""corroborated"": 14, ""uncorroborated"": 3}",atpase|mixed|permease|substrate_binding,True,"{""strong"": 4}",resolved,8,8,8,0,0,0,0,0,,tcdb_level3,False,1,run_PMN2A_0611,family_inferred|homology,both_sources|single_source,corroborated|uncorroborated,4,True,True,True,False
sys_PMN2A_0621,PMN2A_0621,PMN2A_0621:PMN2A_RS06245,single_gene,1,1,1,0,0,any_homology,2.0,2.0,0.0,"{""single_source"": 1}","{""uncorroborated"": 1}",single_carrier,True,"{""strong"": 1}",resolved,0,0,0,0,0,0,0,0,,,False,1,run_PMN2A_0621,homology,single_source,uncorroborated,0,False,False,False,True
sys_PMN2A_0631,PMN2A_0631,PMN2A_0631:sul1,single_gene,1,1,0,0,1,all_family_inferred,3.0,3.0,0.6,"{""both_sources"": 1}","{""corroborated"": 1}",single_carrier,True,"{""strong"": 1}",resolved,8,8,8,1,0,0,0,0,,,False,1,run_PMN2A_0631,family_inferred,both_sources,corroborated,1,False,False,False,True
sys_PMN2A_0646,PMN2A_0646,PMN2A_0646:recD,single_gene,1,1,1,1,0,any_homology,2.0,2.0,0.2,"{""single_source"": 1}","{""uncorroborated"": 1}",other,False,"{""tcdb_only"": 1}",resolved,1,1,1,3,0,0,0,0,,,False,1,run_PMN2A_0642,homology,single_source,uncorroborated,0,False,False,False,False
sys_PMN2A_0647,PMN2A_0647,PMN2A_0647:crhR,single_gene,1,1,1,1,0,any_homology,2.0,2.0,0.4,"{""single_source"": 4}","{""uncorroborated"": 2, ""corroborated"": 2}",other,False,"{""tcdb_only"": 1}",resolved,4,4,4,5,0,0,0,0,,,False,1,run_PMN2A_0642,homology,single_source,corroborated|uncorroborated,1,False,False,False,False
sys_PMN2A_0649,PMN2A_0649,PMN2A_0649:PMN2A_RS06410,single_gene,1,1,0,0,1,all_family_inferred,3.0,3.0,0.8,"{""both_sources"": 3}","{""corroborated"": 2, ""uncorroborated"": 1}",mixed,True,"{""strong"": 1}",resolved,23,23,23,10,0,0,0,0,,,False,1,run_PMN2A_0642,family_inferred,both_sources,corroborated|uncorroborated,1,False,False,False,False
sys_PMN2A_0660,PMN2A_0660,PMN2A_0660:clpC,single_gene,1,1,1,1,0,any_homology,4.0,4.0,0.4,"{""single_source"": 3}","{""uncorroborated"": 2, ""corroborated"": 1}",other,False,"{""tcdb_only"": 1}",resolved,1,1,1,1,0,0,0,0,,,False,1,run_PMN2A_0659,homology,single_source,corroborated|uncorroborated,1,False,False,False,False
sys_PMN2A_0664,PMN2A_0664,PMN2A_0664:cdsA,single_gene,1,1,1,0,0,any_homology,2.0,2.0,0.0,"{""single_source"": 1}","{""uncorroborated"": 1}",other,False,"{""none"": 1}",resolved,0,0,0,0,0,0,0,0,,,False,1,run_PMN2A_0664,homology,single_source,uncorroborated,0,False,False,False,False
sys_PMN2A_0674,PMN2A_0674,PMN2A_0674:sasA,single_gene,1,1,1,0,0,any_homology,2.0,2.0,0.0,"{""single_source"": 5}","{""uncorroborated"": 5}",other,False,"{""tcdb_only"": 1}",resolved,29,29,29,15,2,0,0,0,,,False,1,run_PMN2A_0674,homology,single_source,uncorroborated,0,False,False,False,False
sys_PMN2A_0680,PMN2A_0680,PMN2A_0680:PMN2A_RS06570,single_gene,1,1,1,1,0,any_homology,3.0,3.0,0.2,"{""single_source"": 1}","{""uncorroborated"": 1}",other,False,"{""none"": 1}",resolved,0,0,0,0,0,0,0,0,,,False,1,run_PMN2A_0679,homology,single_source,uncorroborated,0,False,False,False,False
sys_PMN2A_0681,PMN2A_0681,PMN2A_0681:crtE,single_gene,1,1,1,0,0,any_homology,2.0,2.0,0.0,"{""single_source"": 1}","{""uncorroborated"": 1}",other,False,"{""none"": 1}",resolved,1,1,1,1,0,0,0,0,,,False,1,run_PMN2A_0679,homology,single_source,uncorroborated,0,False,False,False,False
sys_PMN2A_0691,PMN2A_0691,PMN2A_0691:trxA,single_gene,1,1,1,1,0,any_homology,3.0,3.0,0.2,"{""single_source"": 4}","{""uncorroborated"": 4}",other,False,"{""tcdb_only"": 1}",resolved,2,2,2,3,0,0,0,0,,,False,1,run_PMN2A_0691,homology,single_source,uncorroborated,0,False,False,False,False
sys_PMN2A_0704,PMN2A_0704|PMN2A_0705|PMN2A_1559|PMN2A_1755,PMN2A_0704:dppA|PMN2A_0705:dppB|PMN2A_1559:ddpD|PMN2A_1755:dppC,multi_gene,4,4,0,0,4,all_family_inferred,3.0,3.0,0.8,"{""both_sources"": 4}","{""corroborated"": 4}",atpase|permease|substrate_binding,True,"{""strong"": 4}",resolved,17,17,17,11,0,0,0,0,,cross_locus|tcdb_level3,True,3,run_PMN2A_0691|run_PMN2A_1557|run_PMN2A_1749,family_inferred,both_sources,corroborated,4,True,True,True,False
sys_PMN2A_0707,PMN2A_0707,PMN2A_0707:PMN2A_RS06700,single_gene,1,0,0,0,0,no_tcdb,,,,{},{},single_carrier,True,"{""strong"": 1}",,0,0,0,0,0,0,0,0,,,False,1,run_PMN2A_0691,,,,0,False,False,False,True
sys_PMN2A_0717,PMN2A_0717,PMN2A_0717:pcb,single_gene,1,1,1,0,0,any_homology,2.0,2.0,0.0,"{""single_source"": 1}","{""uncorroborated"": 1}",other,False,"{""tcdb_only"": 1}",resolved,0,0,0,0,0,0,0,0,,,False,1,run_PMN2A_0715,homology,single_source,uncorroborated,0,False,False,False,False
sys_PMN2A_0718,PMN2A_0718,PMN2A_0718:pcb,single_gene,1,1,1,0,0,any_homology,2.0,2.0,0.0,"{""single_source"": 1}","{""uncorroborated"": 1}",other,False,"{""tcdb_only"": 1}",resolved,0,0,0,0,0,0,0,0,,,False,1,run_PMN2A_0715,homology,single_source,uncorroborated,0,False,False,False,False
sys_PMN2A_0719,PMN2A_0719,PMN2A_0719:pcb,single_gene,1,1,1,0,0,any_homology,2.0,2.0,0.0,"{""single_source"": 1}","{""uncorroborated"": 1}",other,False,"{""tcdb_only"": 1}",resolved,0,0,0,0,0,0,0,0,,,False,1,run_PMN2A_0719,homology,single_source,uncorroborated,0,False,False,False,False
sys_PMN2A_0722,PMN2A_0722,PMN2A_0722:pcb,single_gene,1,1,1,0,0,any_homology,2.0,2.0,0.0,"{""single_source"": 1}","{""uncorroborated"": 1}",other,False,"{""tcdb_only"": 1}",resolved,0,0,0,0,0,0,0,0,,,False,1,run_PMN2A_0722,homology,single_source,uncorroborated,0,False,False,False,False
sys_PMN2A_0723,PMN2A_0723,PMN2A_0723:pcb,single_gene,1,1,1,0,0,any_homology,2.0,2.0,0.0,"{""single_source"": 1}","{""uncorroborated"": 1}",other,False,"{""tcdb_only"": 1}",resolved,0,0,0,0,0,0,0,0,,,False,1,run_PMN2A_0723,homology,single_source,uncorroborated,0,False,False,False,False
sys_PMN2A_0727,PMN2A_0727,PMN2A_0727:prxQ,single_gene,1,1,1,0,0,any_homology,2.0,2.0,0.0,"{""single_source"": 1}","{""uncorroborated"": 1}",other,False,"{""none"": 1}",resolved,0,0,0,1,0,0,0,0,,,False,1,run_PMN2A_0724,homology,single_source,uncorroborated,0,False,False,False,False
sys_PMN2A_0729,PMN2A_0729,PMN2A_0729:PMN2A_RS06810,single_gene,1,1,1,0,0,any_homology,2.0,2.0,0.0,"{""single_source"": 1}","{""uncorroborated"": 1}",other,False,"{""tcdb_only"": 1}",resolved,0,0,0,1,0,0,0,0,,,False,1,run_PMN2A_0724,homology,single_source,uncorroborated,0,False,False,False,False
sys_PMN2A_0735,PMN2A_0735,PMN2A_0735:psbA,single_gene,1,1,1,0,0,any_homology,2.0,2.0,0.0,"{""single_source"": 1}","{""uncorroborated"": 1}",other,False,"{""tcdb_only"": 1}",resolved,0,0,0,0,0,0,0,0,,,False,1,run_PMN2A_0735,homology,single_source,uncorroborated,0,False,False,False,False
sys_PMN2A_0747,PMN2A_0747,PMN2A_0747:PMN2A_RS06905,single_gene,1,1,1,1,0,any_homology,2.0,2.0,0.2,"{""single_source"": 3}","{""uncorroborated"": 3}",other,False,"{""strong"": 1}",resolved,182,182,0,173,1,1,0,0,,,False,1,run_PMN2A_0745,homology,single_source,uncorroborated,0,False,False,False,False
sys_PMN2A_0750,PMN2A_0750,PMN2A_0750:PMN2A_RS06920,single_gene,1,1,0,0,1,all_family_inferred,3.0,3.0,0.8,"{""both_sources"": 2}","{""corroborated"": 2}",single_carrier,True,"{""strong"": 1}",resolved,7,7,7,1,0,0,0,0,,,False,1,run_PMN2A_0750,family_inferred,both_sources,corroborated,1,False,False,False,True
sys_PMN2A_0753,PMN2A_0753,PMN2A_0753:pntB,single_gene,1,1,1,1,0,any_homology,2.0,2.0,0.4,"{""single_source"": 1}","{""corroborated"": 1}",other,False,"{""tcdb_only"": 1}",resolved,0,0,0,0,0,0,0,0,,,False,1,run_PMN2A_0750,homology,single_source,corroborated,1,False,False,False,False
sys_PMN2A_0754,PMN2A_0754,PMN2A_0754:pntA2,single_gene,1,1,1,1,0,any_homology,2.0,2.0,0.2,"{""single_source"": 1}","{""uncorroborated"": 1}",other,False,"{""tcdb_only"": 1}",resolved,0,0,0,0,0,0,0,0,,,False,1,run_PMN2A_0750,homology,single_source,uncorroborated,0,False,False,False,False
sys_PMN2A_0755,PMN2A_0755,PMN2A_0755:pntA1,single_gene,1,1,1,1,0,any_homology,2.0,2.0,0.4,"{""single_source"": 1}","{""corroborated"": 1}",other,False,"{""tcdb_only"": 1}",resolved,0,0,0,0,0,0,0,0,,,False,1,run_PMN2A_0750,homology,single_source,corroborated,1,False,False,False,False
sys_PMN2A_0765,PMN2A_0765,PMN2A_0765:PMN2A_RS06995,single_gene,1,1,1,0,0,any_homology,2.0,2.0,0.0,"{""single_source"": 2}","{""uncorroborated"": 2}",other,False,"{""tcdb_only"": 1}",resolved,0,0,0,1,0,0,0,0,,,False,1,run_PMN2A_0765,homology,single_source,uncorroborated,0,False,False,False,False
sys_PMN2A_0767,PMN2A_0767|PMN2A_0768,PMN2A_0767:psbD|PMN2A_0768:psbC,multi_gene,2,2,2,2,0,any_homology,3.0,3.0,0.6,"{""single_source"": 2}","{""corroborated"": 2}",other,False,"{""tcdb_only"": 2}",resolved,0,0,0,0,0,0,0,0,,tcdb_level3,False,1,run_PMN2A_0767,homology,single_source,corroborated,2,False,False,False,False
sys_PMN2A_0772,PMN2A_0772,PMN2A_0772:petF,single_gene,1,1,1,0,0,any_homology,2.0,2.0,0.0,"{""single_source"": 1}","{""uncorroborated"": 1}",other,False,"{""tcdb_only"": 1}",resolved,6,6,6,2,0,0,0,0,,,False,1,run_PMN2A_0767,homology,single_source,uncorroborated,0,False,False,False,False
sys_PMN2A_0775,PMN2A_0775,PMN2A_0775:piuC,single_gene,1,0,0,0,0,no_tcdb,,,,{},{},other,False,"{""none"": 1}",,0,0,0,0,0,0,0,0,,,False,1,run_PMN2A_0775,,,,0,False,False,False,False
sys_PMN2A_0777,PMN2A_0777,PMN2A_0777:PMN2A_RS07060,single_gene,1,1,1,0,0,any_homology,2.0,2.0,0.0,"{""single_source"": 1}","{""uncorroborated"": 1}",single_carrier,True,"{""strong"": 1}",resolved,0,0,0,3,0,0,0,0,,,False,1,run_PMN2A_0777,homology,single_source,uncorroborated,0,False,False,False,True
sys_PMN2A_0787,PMN2A_0787,PMN2A_0787:prxQ,single_gene,1,1,1,0,0,any_homology,2.0,2.0,0.0,"{""single_source"": 1}","{""uncorroborated"": 1}",other,False,"{""none"": 1}",resolved,0,0,0,1,0,0,0,0,,,False,1,run_PMN2A_0787,homology,single_source,uncorroborated,0,False,False,False,False
sys_PMN2A_0790,PMN2A_0790,PMN2A_0790:PMN2A_RS07145,single_gene,1,1,1,1,1,any_homology,3.0,3.0,0.4,"{""single_source"": 3}","{""uncorroborated"": 3}",other,False,"{""strong"": 1}",resolved,16,16,16,5,0,0,0,0,,,False,1,run_PMN2A_0790,family_inferred|homology,single_source,uncorroborated,0,False,False,False,False
sys_PMN2A_0796,PMN2A_0796,PMN2A_0796:PMN2A_RS07175,single_gene,1,1,1,0,0,any_homology,2.0,2.0,0.0,"{""single_source"": 1}","{""uncorroborated"": 1}",other,False,"{""none"": 1}",resolved,5,5,5,5,0,0,0,0,,,False,1,run_PMN2A_0796,homology,single_source,uncorroborated,0,False,False,False,False
sys_PMN2A_0798,PMN2A_0798,PMN2A_0798:PMN2A_RS07185,single_gene,1,1,1,1,0,any_homology,2.0,2.0,0.4,"{""single_source"": 1}","{""corroborated"": 1}",single_carrier,True,"{""strong"": 1}",family_inferred,53,53,0,15,0,0,0,0,,,False,1,run_PMN2A_0796,homology,single_source,corroborated,1,False,False,False,True
sys_PMN2A_0799,PMN2A_0799,PMN2A_0799:sppA,single_gene,1,1,1,1,0,any_homology,3.0,3.0,0.4,"{""single_source"": 1}","{""uncorroborated"": 1}",other,False,"{""none"": 1}",resolved,2,2,2,1,0,0,0,0,,,False,1,run_PMN2A_0799,homology,single_source,uncorroborated,0,False,False,False,False
sys_PMN2A_0805,PMN2A_0805,PMN2A_0805:ALB3,single_gene,1,1,1,1,0,any_homology,3.0,3.0,0.8,"{""both_sources"": 1, ""single_source"": 1}","{""corroborated"": 1, ""uncorroborated"": 1}",other,False,"{""tcdb_only"": 1}",resolved,2,2,2,2,0,0,0,0,,,False,1,run_PMN2A_0799,homology,both_sources|single_source,corroborated|uncorroborated,1,False,False,False,False
sys_PMN2A_0806,PMN2A_0806,PMN2A_0806:ycf46,single_gene,1,1,1,1,0,any_homology,2.0,2.0,0.4,"{""single_source"": 5}","{""uncorroborated"": 4, ""corroborated"": 1}",other,False,"{""tcdb_only"": 1}",resolved,2,2,2,2,0,0,0,0,,,False,1,run_PMN2A_0799,homology,single_source,corroborated|uncorroborated,1,False,False,False,False
sys_PMN2A_0808,PMN2A_0808,PMN2A_0808:rseP,single_gene,1,1,1,0,0,any_homology,2.0,2.0,0.0,"{""single_source"": 1}","{""uncorroborated"": 1}",other,False,"{""none"": 1}",resolved,0,0,0,1,0,0,0,0,,,False,1,run_PMN2A_0799,homology,single_source,uncorroborated,0,False,False,False,False
sys_PMN2A_0830,PMN2A_0830,PMN2A_0830:ftsH4,single_gene,1,1,1,1,0,any_homology,3.0,3.0,0.2,"{""single_source"": 2}","{""uncorroborated"": 2}",other,False,"{""tcdb_only"": 1}",resolved,1,1,1,2,0,0,0,0,,,False,1,run_PMN2A_0828,homology,single_source,uncorroborated,0,False,False,False,False
sys_PMN2A_0838,PMN2A_0838,PMN2A_0838:PMN2A_RS07390,single_gene,1,1,1,0,0,any_homology,2.0,2.0,0.0,"{""single_source"": 1}","{""uncorroborated"": 1}",other,False,"{""tcdb_only"": 1}",resolved,0,0,0,2,0,0,0,0,,,False,1,run_PMN2A_0828,homology,single_source,uncorroborated,0,False,False,False,False
sys_PMN2A_0848,PMN2A_0848,PMN2A_0848:era,single_gene,1,1,1,0,0,any_homology,2.0,2.0,0.0,"{""single_source"": 1}","{""uncorroborated"": 1}",other,False,"{""none"": 1}",resolved,0,0,0,0,0,0,0,0,,,False,1,run_PMN2A_0845,homology,single_source,uncorroborated,0,False,False,False,False
sys_PMN2A_0850,PMN2A_0850,PMN2A_0850:PMN2A_RS07440,single_gene,1,1,1,1,0,any_homology,2.0,2.0,0.2,"{""single_source"": 1}","{""corroborated"": 1}",other,False,"{""tcdb_only"": 1}",resolved,0,0,0,5,0,0,0,0,,,False,1,run_PMN2A_0845,homology,single_source,corroborated,1,False,False,False,False
sys_PMN2A_0851,PMN2A_0851,PMN2A_0851:phoH,single_gene,1,1,1,1,0,any_homology,3.0,3.0,0.2,"{""single_source"": 1}","{""uncorroborated"": 1}",other,False,"{""tcdb_only"": 1}",resolved,0,0,0,0,0,0,0,0,,,False,1,run_PMN2A_0845,homology,single_source,uncorroborated,0,False,False,False,False
sys_PMN2A_0853,PMN2A_0853,PMN2A_0853:ffh,single_gene,1,1,1,1,1,any_homology,3.0,3.0,0.8,"{""both_sources"": 5, ""single_source"": 1}","{""corroborated"": 5, ""uncorroborated"": 1}",other,False,"{""tcdb_only"": 1}",resolved,3,3,3,3,0,0,0,0,,,False,1,run_PMN2A_0845,family_inferred|homology,both_sources|single_source,corroborated|uncorroborated,1,False,False,False,False
sys_PMN2A_0860,PMN2A_0860,PMN2A_0860:fkpA,single_gene,1,1,1,0,0,any_homology,2.0,2.0,0.0,"{""single_source"": 1}","{""uncorroborated"": 1}",other,False,"{""none"": 1}",resolved,0,0,0,0,0,0,0,0,,,False,1,run_PMN2A_0858,homology,single_source,uncorroborated,0,False,False,False,False
sys_PMN2A_0867,PMN2A_0867,PMN2A_0867:argD,single_gene,1,1,1,0,0,any_homology,2.0,2.0,0.0,"{""single_source"": 1}","{""uncorroborated"": 1}",other,False,"{""none"": 1}",resolved,0,0,0,0,0,0,0,0,,,False,1,run_PMN2A_0866,homology,single_source,uncorroborated,0,False,False,False,False
sys_PMN2A_0879,PMN2A_0879,PMN2A_0879:clpP4,single_gene,1,1,1,0,0,any_homology,2.0,2.0,0.0,"{""single_source"": 1}","{""uncorroborated"": 1}",other,False,"{""tcdb_only"": 1}",resolved,0,0,0,1,0,0,0,0,,,False,1,run_PMN2A_0871,homology,single_source,uncorroborated,0,False,False,False,False
sys_PMN2A_0880,PMN2A_0880,PMN2A_0880:clpP3,single_gene,1,1,1,1,0,any_homology,3.0,3.0,0.2,"{""single_source"": 1}","{""uncorroborated"": 1}",other,False,"{""tcdb_only"": 1}",resolved,1,1,1,1,0,0,0,0,,,False,1,run_PMN2A_0871,homology,single_source,uncorroborated,0,False,False,False,False
sys_PMN2A_0882,PMN2A_0882,PMN2A_0882:cobD,single_gene,1,1,1,1,0,any_homology,2.0,2.0,0.4,"{""single_source"": 1}","{""corroborated"": 1}",other,False,"{""none"": 1}",resolved,0,0,0,0,0,0,0,0,,,False,1,run_PMN2A_0871,homology,single_source,corroborated,1,False,False,False,False
sys_PMN2A_0883,PMN2A_0883,PMN2A_0883:PMN2A_RS07615,single_gene,1,1,1,1,0,any_homology,3.0,3.0,0.2,"{""single_source"": 1}","{""uncorroborated"": 1}",other,False,"{""none"": 1}",resolved,0,0,0,0,0,0,0,0,,,False,1,run_PMN2A_0883,homology,single_source,uncorroborated,0,False,False,False,False
sys_PMN2A_0893,PMN2A_0893,PMN2A_0893:glgX,single_gene,1,1,1,1,0,any_homology,2.0,2.0,0.4,"{""single_source"": 1}","{""corroborated"": 1}",other,False,"{""none"": 1}",resolved,0,0,0,0,0,0,0,0,,,False,1,run_PMN2A_0893,homology,single_source,corroborated,1,False,False,False,False
sys_PMN2A_0894,PMN2A_0894,PMN2A_0894:glcH,single_gene,1,1,1,1,0,any_homology,2.0,2.0,0.6,"{""both_sources"": 1}","{""uncorroborated"": 1}",single_carrier,True,"{""strong"": 1}",resolved,6,6,6,9,0,0,0,0,,,False,1,run_PMN2A_0894,homology,both_sources,uncorroborated,0,False,False,False,True
sys_PMN2A_0895,PMN2A_0895|PMN2A_1655|PMN2A_1656,PMN2A_0895:PMN2A_RS07680|PMN2A_1655:PMN2A_RS01680|PMN2A_1656:PMN2A_RS01685,multi_gene,3,3,0,0,3,all_family_inferred,3.0,3.0,0.8,"{""both_sources"": 2, ""single_source"": 1}","{""corroborated"": 3}",atpase|other|permease,False,"{""strong"": 3}",resolved,1,1,1,3,0,0,0,0,,cross_locus|tcdb_level3,True,2,run_PMN2A_0894|run_PMN2A_1651,family_inferred,both_sources|single_source,corroborated,3,False,True,True,False
sys_PMN2A_0898,PMN2A_0898,PMN2A_0898:plsY,single_gene,1,1,1,0,0,any_homology,2.0,2.0,0.0,"{""single_source"": 1}","{""uncorroborated"": 1}",other,False,"{""none"": 1}",resolved,0,0,0,0,0,0,0,0,,,False,1,run_PMN2A_0894,homology,single_source,uncorroborated,0,False,False,False,False
sys_PMN2A_0909,PMN2A_0909,PMN2A_0909:bamA,single_gene,1,1,1,1,0,any_homology,2.0,2.0,0.6,"{""both_sources"": 1}","{""corroborated"": 1}",other,False,"{""strong"": 1}",resolved,1,1,1,4,0,0,0,0,,,False,1,run_PMN2A_0904,homology,both_sources,corroborated,1,False,False,False,False
sys_PMN2A_0912,PMN2A_0912,PMN2A_0912:nblS,single_gene,1,1,1,1,0,any_homology,3.0,3.0,0.2,"{""single_source"": 4}","{""uncorroborated"": 4}",other,False,"{""tcdb_only"": 1}",resolved,31,30,30,15,2,1,0,0,,,False,1,run_PMN2A_0911,homology,single_source,uncorroborated,0,False,False,False,False
sys_PMN2A_0924,PMN2A_0924,PMN2A_0924:petF,single_gene,1,1,1,1,0,any_homology,3.0,3.0,0.2,"{""single_source"": 1}","{""uncorroborated"": 1}",other,False,"{""none"": 1}",resolved,1,1,1,1,0,0,0,0,,,False,1,run_PMN2A_0922,homology,single_source,uncorroborated,0,False,False,False,False
sys_PMN2A_0929,PMN2A_0929,PMN2A_0929:murD,single_gene,1,1,1,0,0,any_homology,2.0,2.0,0.0,"{""single_source"": 1}","{""uncorroborated"": 1}",other,False,"{""tcdb_only"": 1}",resolved,0,0,0,0,0,0,0,0,,,False,1,run_PMN2A_0929,homology,single_source,uncorroborated,0,False,False,False,False
sys_PMN2A_0933,PMN2A_0933,PMN2A_0933:PMN2A_RS07875,single_gene,1,0,0,0,0,no_tcdb,,,,{},{},single_carrier,True,"{""strong"": 1}",,0,0,0,0,0,0,0,0,,,False,1,run_PMN2A_0933,,,,0,False,False,False,True
sys_PMN2A_0936,PMN2A_0936,PMN2A_0936:PMN2A_RS07890,single_gene,1,1,1,0,0,any_homology,2.0,2.0,0.0,"{""single_source"": 1}","{""uncorroborated"": 1}",other,False,"{""none"": 1}",resolved,1,1,1,1,0,0,0,0,,,False,1,run_PMN2A_0936,homology,single_source,uncorroborated,0,False,False,False,False
sys_PMN2A_0950,PMN2A_0950,PMN2A_0950:uup,single_gene,1,1,1,0,1,any_homology,4.0,4.0,0.8,"{""both_sources"": 1, ""single_source"": 1}","{""corroborated"": 1, ""uncorroborated"": 1}",atpase,False,"{""strong"": 1}",resolved,0,0,0,2,0,0,0,0,,,False,1,run_PMN2A_0950,family_inferred|homology,both_sources|single_source,corroborated|uncorroborated,1,False,False,True,False
sys_PMN2A_0964,PMN2A_0964,PMN2A_0964:dnaK1,single_gene,1,1,1,0,0,any_homology,2.0,2.0,0.0,"{""single_source"": 4}","{""uncorroborated"": 4}",other,False,"{""tcdb_only"": 1}",resolved,0,0,0,3,0,0,0,0,,,False,1,run_PMN2A_0964,homology,single_source,uncorroborated,0,False,False,False,False
sys_PMN2A_0967,PMN2A_0967,PMN2A_0967:secG,single_gene,1,1,1,1,1,any_homology,3.0,3.0,0.6,"{""single_source"": 3}","{""corroborated"": 2, ""uncorroborated"": 1}",other,False,"{""tcdb_only"": 1}",resolved,2,2,2,2,0,0,0,0,,,False,1,run_PMN2A_0966,family_inferred|homology,single_source,corroborated|uncorroborated,1,False,False,False,False
sys_PMN2A_0968,PMN2A_0968,PMN2A_0968:groL1,single_gene,1,1,1,0,0,any_homology,2.0,2.0,0.0,"{""single_source"": 1}","{""uncorroborated"": 1}",other,False,"{""tcdb_only"": 1}",resolved,2,2,2,2,0,0,0,0,,,False,1,run_PMN2A_0968,homology,single_source,uncorroborated,0,False,False,False,False
sys_PMN2A_0970,PMN2A_0970|PMN2A_0971,PMN2A_0970:atpB|PMN2A_0971:atpE,multi_gene,2,2,2,2,1,any_homology,3.0,3.0,1.0,"{""both_sources"": 2, ""single_source"": 1}","{""corroborated"": 3}",other,False,"{""tcdb_only"": 2}",resolved,0,0,0,2,0,0,0,0,,tcdb_level3,False,1,run_PMN2A_0970,family_inferred|homology,both_sources|single_source,corroborated,2,False,False,False,False
sys_PMN2A_0974,PMN2A_0974,PMN2A_0974:PMN2A_RS08105,single_gene,1,1,1,1,0,any_homology,2.0,2.0,0.4,"{""single_source"": 2}","{""corroborated"": 1, ""uncorroborated"": 1}",other,False,"{""tcdb_only"": 1}",resolved,0,0,0,0,0,0,0,0,,,False,1,run_PMN2A_0974,homology,single_source,corroborated|uncorroborated,1,False,False,False,False
sys_PMN2A_0980,PMN2A_0980|PMN2A_0981|PMN2A_0982|PMN2A_0983|PMN2A_0984|PMN2A_0985|PMN2A_0986|PMN2A_0987,PMN2A_0980:atpC|PMN2A_0981:atpA|PMN2A_0982:atpD|PMN2A_0983:atpF|PMN2A_0984:atpG|PMN2A_0985:atpH|PMN2A_0986:atpI|PMN2A_0987:atp1,multi_gene,8,8,5,5,5,any_homology,3.0,3.0,1.0,"{""single_source"": 6, ""both_sources"": 5}","{""corroborated"": 10, ""uncorroborated"": 1}",other,False,"{""tcdb_only"": 8}",resolved,1,1,1,3,0,0,0,0,,tcdb_level3,False,1,run_PMN2A_0978,family_inferred|homology,both_sources|single_source,corroborated|uncorroborated,8,False,False,False,False
sys_PMN2A_0988,PMN2A_0988,PMN2A_0988:ftsW,single_gene,1,1,0,0,1,all_family_inferred,3.0,3.0,0.8,"{""both_sources"": 1}","{""corroborated"": 1}",other,False,"{""strong"": 1}",resolved,2,2,2,1,0,0,0,0,,,False,1,run_PMN2A_0988,family_inferred,both_sources,corroborated,1,False,False,False,False
sys_PMN2A_0989,PMN2A_0989,PMN2A_0989:ccsC1,single_gene,1,1,1,0,1,any_homology,3.0,3.0,0.8,"{""single_source"": 1, ""both_sources"": 1}","{""uncorroborated"": 1, ""corroborated"": 1}",other,False,"{""strong"": 1}",resolved,2,2,2,2,0,0,0,0,,,False,1,run_PMN2A_0988,family_inferred|homology,both_sources|single_source,corroborated|uncorroborated,1,False,False,False,False
sys_PMN2A_0994,PMN2A_0994,PMN2A_0994:PMN2A_RS08205,single_gene,1,1,1,1,0,any_homology,3.0,3.0,0.2,"{""single_source"": 1}","{""uncorroborated"": 1}",other,False,"{""tcdb_only"": 1}",resolved,1,1,1,1,0,0,0,0,,,False,1,run_PMN2A_0994,homology,single_source,uncorroborated,0,False,False,False,False
sys_PMN2A_1004,PMN2A_1004,PMN2A_1004:dnaJ5,single_gene,1,1,1,0,0,any_homology,2.0,2.0,0.0,"{""single_source"": 6}","{""uncorroborated"": 6}",other,False,"{""tcdb_only"": 1}",resolved,1,1,1,3,0,0,0,0,,,False,1,run_PMN2A_1004,homology,single_source,uncorroborated,0,False,False,False,False
sys_PMN2A_1007,PMN2A_1007,PMN2A_1007:PMN2A_RS08270,single_gene,1,1,1,1,0,any_homology,2.0,2.0,0.2,"{""single_source"": 1}","{""uncorroborated"": 1}",other,False,"{""none"": 1}",resolved,0,0,0,1,0,0,0,0,,,False,1,run_PMN2A_1004,homology,single_source,uncorroborated,0,False,False,False,False
sys_PMN2A_1011,PMN2A_1011,PMN2A_1011:PMN2A_RS08290,single_gene,1,1,1,1,0,any_homology,2.0,2.0,0.4,"{""single_source"": 2}","{""uncorroborated"": 1, ""corroborated"": 1}",single_carrier,True,"{""strong"": 1}",resolved,98,97,22,87,5,3,1,0,,,False,1,run_PMN2A_1011,homology,single_source,corroborated|uncorroborated,1,False,False,False,True
sys_PMN2A_1017,PMN2A_1017,PMN2A_1017:tatD,single_gene,1,1,1,0,0,any_homology,2.0,2.0,0.0,"{""single_source"": 1}","{""uncorroborated"": 1}",other,False,"{""tcdb_only"": 1}",resolved,0,0,0,2,0,0,0,0,,,False,1,run_PMN2A_1017,homology,single_source,uncorroborated,0,False,False,False,False
sys_PMN2A_1021,PMN2A_1021,PMN2A_1021:deg1,single_gene,1,1,1,0,0,any_homology,2.0,2.0,0.0,"{""single_source"": 2}","{""uncorroborated"": 2}",other,False,"{""none"": 1}",resolved,0,0,0,0,0,0,0,0,,,False,1,run_PMN2A_1017,homology,single_source,uncorroborated,0,False,False,False,False
sys_PMN2A_1028,PMN2A_1028,PMN2A_1028:PMN2A_RS08380,single_gene,1,1,1,0,0,any_homology,2.0,2.0,0.0,"{""single_source"": 1}","{""uncorroborated"": 1}",single_carrier,True,"{""strong"": 1}",resolved,0,0,0,3,0,0,0,0,,,False,1,run_PMN2A_1028,homology,single_source,uncorroborated,0,False,False,False,True
sys_PMN2A_1032,PMN2A_1032|PMN2A_1034|PMN2A_1035,PMN2A_1032:PMN2A_RS08400|PMN2A_1034:PMN2A_RS08410|PMN2A_1035:PMN2A_RS08415,multi_gene,3,3,0,0,3,all_family_inferred,3.0,3.0,0.8,"{""both_sources"": 3}","{""corroborated"": 3}",atpase|permease|substrate_binding,True,"{""strong"": 3}",resolved,1,1,1,1,0,0,0,0,,cross_locus|tcdb_level3,True,2,run_PMN2A_1031|run_PMN2A_1033,family_inferred,both_sources,corroborated,3,True,True,True,False
sys_PMN2A_1037,PMN2A_1037,PMN2A_1037:PMN2A_RS08425,single_gene,1,1,1,0,0,any_homology,2.0,2.0,0.0,"{""single_source"": 1}","{""uncorroborated"": 1}",other,False,"{""none"": 1}",resolved,0,0,0,0,0,0,0,0,,,False,1,run_PMN2A_1033,homology,single_source,uncorroborated,0,False,False,False,False
sys_PMN2A_1038,PMN2A_1038,PMN2A_1038:PMN2A_RS08430,single_gene,1,1,1,1,0,any_homology,2.0,2.0,0.2,"{""single_source"": 3}","{""uncorroborated"": 3}",other,False,"{""tcdb_only"": 1}",resolved,2,2,2,2,0,0,0,0,,,False,1,run_PMN2A_1033,homology,single_source,uncorroborated,0,False,False,False,False
sys_PMN2A_1044,PMN2A_1044|PMN2A_1045|PMN2A_1046|PMN2A_1047|PMN2A_1048,PMN2A_1044:urtE|PMN2A_1045:urtD|PMN2A_1046:urtC|PMN2A_1047:urtB|PMN2A_1048:urtA,multi_gene,5,5,1,0,5,any_homology,4.0,4.0,0.8,"{""both_sources"": 10, ""single_source"": 1}","{""corroborated"": 8, ""uncorroborated"": 3}",atpase|permease|substrate_binding,True,"{""strong"": 5}",resolved,3,3,3,1,3,0,3,0,,tcdb_level3,False,1,run_PMN2A_RS11105,family_inferred|homology,both_sources|single_source,corroborated|uncorroborated,4,True,True,True,False
sys_PMN2A_1057,PMN2A_1057,PMN2A_1057:PMN2A_RS08525,single_gene,1,0,0,0,0,no_tcdb,,,,{},{},single_carrier,True,"{""strong"": 1}",,0,0,0,0,0,0,0,0,,,False,1,run_PMN2A_1052,,,,0,False,False,False,True
sys_PMN2A_1059,PMN2A_1059,PMN2A_1059:PMN2A_RS08535,single_gene,1,1,1,1,0,any_homology,2.0,2.0,0.4,"{""single_source"": 2}","{""uncorroborated"": 1, ""corroborated"": 1}",other,False,"{""tcdb_only"": 1}",resolved,1,1,1,3,0,0,0,0,,,False,1,run_PMN2A_1058,homology,single_source,corroborated|uncorroborated,1,False,False,False,False
sys_PMN2A_1072,PMN2A_1072,PMN2A_1072:PMN2A_RS08595,single_gene,1,1,1,0,0,any_homology,2.0,2.0,0.0,"{""single_source"": 2}","{""uncorroborated"": 2}",other,False,"{""none"": 1}",resolved,0,0,0,0,0,0,0,0,,,False,1,run_PMN2A_1069,homology,single_source,uncorroborated,0,False,False,False,False
sys_PMN2A_1082,PMN2A_1082|PMN2A_1083,PMN2A_1082:psaA|PMN2A_1083:psaB,multi_gene,2,2,2,2,0,any_homology,3.0,3.0,0.6,"{""single_source"": 2}","{""corroborated"": 2}",other,False,"{""none"": 2}",resolved,1,1,1,1,0,0,0,0,,tcdb_level3,False,1,run_PMN2A_1082,homology,single_source,corroborated,2,False,False,False,False
sys_PMN2A_1084,PMN2A_1084,PMN2A_1084:psaL,single_gene,1,1,1,1,0,any_homology,3.0,3.0,0.6,"{""single_source"": 1}","{""corroborated"": 1}",other,False,"{""none"": 1}",resolved,1,1,1,1,0,0,0,0,,,False,1,run_PMN2A_1084,homology,single_source,corroborated,1,False,False,False,False
sys_PMN2A_1087,PMN2A_1087,PMN2A_1087:PMN2A_RS08670,single_gene,1,1,1,1,0,any_homology,2.0,2.0,0.2,"{""single_source"": 4}","{""uncorroborated"": 4}",other,False,"{""tcdb_only"": 1}",resolved,2,2,2,4,0,0,0,0,,,False,1,run_PMN2A_1084,homology,single_source,uncorroborated,0,False,False,False,False
sys_PMN2A_1111,PMN2A_1111,PMN2A_1111:secY,single_gene,1,1,1,1,0,any_homology,2.0,2.0,0.8,"{""both_sources"": 1}","{""corroborated"": 1}",other,False,"{""tcdb_only"": 1}",resolved,0,0,0,3,0,0,0,0,,,False,1,run_PMN2A_1104,homology,both_sources,corroborated,1,False,False,False,False
sys_PMN2A_1130,PMN2A_1130,PMN2A_1130:ndhN,single_gene,1,1,1,1,0,any_homology,3.0,3.0,0.6,"{""single_source"": 1}","{""corroborated"": 1}",other,False,"{""tcdb_only"": 1}",resolved,0,0,0,0,0,0,0,0,,,False,1,run_PMN2A_1130,homology,single_source,corroborated,1,False,False,False,False
sys_PMN2A_1139,PMN2A_1139,PMN2A_1139:PMN2A_RS08950,single_gene,1,1,1,0,0,any_homology,2.0,2.0,0.0,"{""single_source"": 1}","{""uncorroborated"": 1}",other,False,"{""none"": 1}",resolved,0,0,0,0,0,0,0,0,,,False,1,run_PMN2A_1134,homology,single_source,uncorroborated,0,False,False,False,False
sys_PMN2A_1141,PMN2A_1141,PMN2A_1141:moeB,single_gene,1,1,1,0,0,any_homology,2.0,2.0,0.0,"{""single_source"": 1}","{""uncorroborated"": 1}",other,False,"{""tcdb_only"": 1}",resolved,1,1,1,0,0,0,0,0,,,False,1,run_PMN2A_1136,homology,single_source,uncorroborated,0,False,False,False,False
sys_PMN2A_1150,PMN2A_1150,PMN2A_1150:psaD,single_gene,1,1,1,1,0,any_homology,3.0,3.0,0.6,"{""single_source"": 1}","{""corroborated"": 1}",other,False,"{""none"": 1}",resolved,1,1,1,1,0,0,0,0,,,False,1,run_PMN2A_1142,homology,single_source,corroborated,1,False,False,False,False
sys_PMN2A_1152,PMN2A_1152,PMN2A_1152:mrdB,single_gene,1,1,1,0,0,any_homology,2.0,2.0,0.0,"{""single_source"": 1}","{""uncorroborated"": 1}",other,False,"{""tcdb_only"": 1}",resolved,0,0,0,1,0,0,0,0,,,False,1,run_PMN2A_1152,homology,single_source,uncorroborated,0,False,False,False,False
sys_PMN2A_1153,PMN2A_1153,PMN2A_1153:abpC,single_gene,1,1,1,1,0,any_homology,2.0,2.0,0.2,"{""single_source"": 2}","{""uncorroborated"": 2}",other,False,"{""tcdb_only"": 1}",resolved,176,176,0,159,1,0,0,0,,,False,1,run_PMN2A_1152,homology,single_source,uncorroborated,0,False,False,False,False
sys_PMN2A_1162,PMN2A_1162,PMN2A_1162:PMN2A_RS09075,single_gene,1,1,1,0,0,any_homology,2.0,2.0,0.0,"{""single_source"": 1}","{""uncorroborated"": 1}",other,False,"{""none"": 1}",resolved,0,0,0,0,0,0,0,0,,,False,1,run_PMN2A_1160,homology,single_source,uncorroborated,0,False,False,False,False
sys_PMN2A_1169,PMN2A_1169,PMN2A_1169:ho1,single_gene,1,1,1,1,0,any_homology,3.0,3.0,0.2,"{""single_source"": 1}","{""uncorroborated"": 1}",other,False,"{""none"": 1}",resolved,1,1,1,0,0,0,0,0,,,False,1,run_PMN2A_1161,homology,single_source,uncorroborated,0,False,False,False,False
sys_PMN2A_1175,PMN2A_1175,PMN2A_1175:nhaS,single_gene,1,1,1,1,0,any_homology,2.0,2.0,0.4,"{""single_source"": 1}","{""corroborated"": 1}",single_carrier,True,"{""strong"": 1}",resolved,2,2,2,1,0,0,0,0,,,False,1,run_PMN2A_1161,homology,single_source,corroborated,1,False,False,False,True
sys_PMN2A_1180,PMN2A_1180,PMN2A_1180:ndhS,single_gene,1,1,1,1,0,any_homology,3.0,3.0,0.4,"{""single_source"": 1}","{""uncorroborated"": 1}",other,False,"{""tcdb_only"": 1}",resolved,0,0,0,0,0,0,0,0,,,False,1,run_PMN2A_1180,homology,single_source,uncorroborated,0,False,False,False,False
sys_PMN2A_1184,PMN2A_1184,PMN2A_1184:psaC,single_gene,1,1,1,1,0,any_homology,3.0,3.0,0.6,"{""single_source"": 1}","{""corroborated"": 1}",other,False,"{""none"": 1}",resolved,1,1,1,1,0,0,0,0,,,False,1,run_PMN2A_1183,homology,single_source,corroborated,1,False,False,False,False
sys_PMN2A_1185,PMN2A_1185,PMN2A_1185:acpP,single_gene,1,1,1,1,0,any_homology,3.0,3.0,0.6,"{""single_source"": 2}","{""uncorroborated"": 1, ""corroborated"": 1}",other,False,"{""tcdb_only"": 1}",resolved,1,1,1,2,0,0,0,0,,,False,1,run_PMN2A_1185,homology,single_source,corroborated|uncorroborated,1,False,False,False,False
sys_PMN2A_1192,PMN2A_1192,PMN2A_1192:ruvB,single_gene,1,1,1,0,0,any_homology,2.0,2.0,0.0,"{""single_source"": 1}","{""uncorroborated"": 1}",other,False,"{""tcdb_only"": 1}",resolved,1,1,1,1,0,0,0,0,,,False,1,run_PMN2A_1189,homology,single_source,uncorroborated,0,False,False,False,False
sys_PMN2A_1195,PMN2A_1195,PMN2A_1195:lysS,single_gene,1,1,1,1,0,any_homology,3.0,3.0,0.4,"{""single_source"": 1}","{""uncorroborated"": 1}",other,False,"{""none"": 1}",resolved,1,1,1,0,0,0,0,0,,,False,1,run_PMN2A_1189,homology,single_source,uncorroborated,0,False,False,False,False
sys_PMN2A_1196,PMN2A_1196,PMN2A_1196:srrA,single_gene,1,1,1,0,0,any_homology,2.0,2.0,0.0,"{""single_source"": 1}","{""uncorroborated"": 1}",other,False,"{""tcdb_only"": 1}",resolved,8,8,8,7,0,0,0,0,,,False,1,run_PMN2A_1189,homology,single_source,uncorroborated,0,False,False,False,False
sys_PMN2A_1198,PMN2A_1198|PMN2A_1199,PMN2A_1198:mreC|PMN2A_1199:mreB,multi_gene,2,2,1,1,2,any_homology,3.0,3.0,0.6,"{""both_sources"": 3, ""single_source"": 3}","{""uncorroborated"": 6}",other,False,"{""none"": 1, ""tcdb_only"": 1}",resolved,2,2,2,3,0,0,0,0,,tcdb_level3,False,1,run_PMN2A_1189,family_inferred|homology,both_sources|single_source,uncorroborated,0,False,False,False,False
sys_PMN2A_1200,PMN2A_1200,PMN2A_1200:ssb,single_gene,1,1,1,1,0,any_homology,2.0,2.0,0.4,"{""single_source"": 1}","{""corroborated"": 1}",other,False,"{""tcdb_only"": 1}",resolved,1,1,1,3,0,0,0,0,,,False,1,run_PMN2A_1200,homology,single_source,corroborated,1,False,False,False,False
sys_PMN2A_1201,PMN2A_1201,PMN2A_1201:dedA2,single_gene,1,1,1,1,0,any_homology,2.0,2.0,0.4,"{""single_source"": 2}","{""corroborated"": 1, ""uncorroborated"": 1}",other,False,"{""none"": 1}",resolved,2,2,2,2,0,0,0,0,,,False,1,run_PMN2A_1189,homology,single_source,corroborated|uncorroborated,1,False,False,False,False
sys_PMN2A_1202,PMN2A_1202,PMN2A_1202:ahcY,single_gene,1,1,1,1,0,any_homology,3.0,3.0,0.2,"{""single_source"": 1}","{""uncorroborated"": 1}",other,False,"{""none"": 1}",resolved,0,0,0,0,0,0,0,0,,,False,1,run_PMN2A_1189,homology,single_source,uncorroborated,0,False,False,False,False
sys_PMN2A_1208,PMN2A_1208,PMN2A_1208:mgtE,single_gene,1,1,1,1,0,any_homology,3.0,3.0,1.0,"{""both_sources"": 1, ""single_source"": 1}","{""corroborated"": 1, ""uncorroborated"": 1}",single_carrier,True,"{""strong"": 1}",resolved,176,176,0,159,1,0,0,0,,,False,1,run_PMN2A_1189,homology,both_sources|single_source,corroborated|uncorroborated,1,False,False,False,True
sys_PMN2A_1210,PMN2A_1210|PMN2A_1211,PMN2A_1210:crcB2|PMN2A_1211:crcB1,multi_gene,2,2,0,0,2,all_family_inferred,3.0,3.0,0.6,"{""both_sources"": 6}","{""uncorroborated"": 4, ""corroborated"": 2}",other,False,"{""strong"": 2}",resolved,0,0,0,0,0,0,0,0,,tcdb_level3,False,1,run_PMN2A_1189,family_inferred,both_sources,corroborated|uncorroborated,2,False,False,False,False
sys_PMN2A_1218,PMN2A_1218|PMN2A_1219,PMN2A_1218:PMN2A_RS09360|PMN2A_1219:PMN2A_RS09365,multi_gene,2,2,0,0,2,all_family_inferred,3.0,3.0,0.8,"{""both_sources"": 2}","{""corroborated"": 2}",atpase|permease,False,"{""strong"": 2}",resolved,5,5,5,4,0,0,0,0,,tcdb_level3,False,1,run_PMN2A_1218,family_inferred,both_sources,corroborated,2,False,True,True,False
sys_PMN2A_1220,PMN2A_1220,PMN2A_1220:secA,single_gene,1,1,0,0,1,all_family_inferred,3.0,3.0,0.8,"{""both_sources"": 4}","{""corroborated"": 3, ""uncorroborated"": 1}",other,False,"{""tcdb_only"": 1}",resolved,2,2,2,2,0,0,0,0,,,False,1,run_PMN2A_1218,family_inferred,both_sources,corroborated|uncorroborated,1,False,False,False,False
sys_PMN2A_1224,PMN2A_1224,PMN2A_1224:PMN2A_RS09395,single_gene,1,1,0,0,1,all_family_inferred,3.0,3.0,0.8,"{""both_sources"": 3}","{""corroborated"": 2, ""uncorroborated"": 1}",mixed,True,"{""strong"": 1}",resolved,23,23,23,10,0,0,0,0,,,False,1,run_PMN2A_1221,family_inferred,both_sources,corroborated|uncorroborated,1,False,False,False,False
sys_PMN2A_1225,PMN2A_1225,PMN2A_1225:PMN2A_RS09400,single_gene,1,1,1,1,0,any_homology,2.0,2.0,0.4,"{""single_source"": 3}","{""uncorroborated"": 2, ""corroborated"": 1}",other,False,"{""tcdb_only"": 1}",resolved,182,182,0,173,0,0,0,0,,,False,1,run_PMN2A_1221,homology,single_source,corroborated|uncorroborated,1,False,False,False,False
sys_PMN2A_1228,PMN2A_1228,PMN2A_1228:PMN2A_RS09415,single_gene,1,1,1,0,0,any_homology,2.0,2.0,0.0,"{""single_source"": 1}","{""uncorroborated"": 1}",other,False,"{""none"": 1}",resolved,0,0,0,0,0,0,0,0,,,False,1,run_PMN2A_1228,homology,single_source,uncorroborated,0,False,False,False,False
sys_PMN2A_1235,PMN2A_1235,PMN2A_1235:pseB,single_gene,1,1,1,0,0,any_homology,2.0,2.0,0.0,"{""single_source"": 1}","{""uncorroborated"": 1}",other,False,"{""none"": 1}",resolved,0,0,0,0,1,0,0,0,,,False,1,run_PMN2A_1234,homology,single_source,uncorroborated,0,False,False,False,False
sys_PMN2A_1236,PMN2A_1236,PMN2A_1236:rfbB,single_gene,1,1,1,1,0,any_homology,3.0,3.0,0.2,"{""single_source"": 1}","{""uncorroborated"": 1}",other,False,"{""none"": 1}",resolved,0,0,0,0,1,1,0,0,,,False,1,run_PMN2A_1236,homology,single_source,uncorroborated,0,False,False,False,False
sys_PMN2A_1247,PMN2A_1247,PMN2A_1247:uvrB,single_gene,1,1,1,0,0,any_homology,2.0,2.0,0.0,"{""single_source"": 1}","{""uncorroborated"": 1}",other,False,"{""tcdb_only"": 1}",resolved,0,0,0,2,0,0,0,0,,,False,1,run_PMN2A_1247,homology,single_source,uncorroborated,0,False,False,False,False
sys_PMN2A_1254,PMN2A_1254,PMN2A_1254:clpP2,single_gene,1,1,1,1,0,any_homology,3.0,3.0,0.2,"{""single_source"": 2}","{""uncorroborated"": 2}",other,False,"{""tcdb_only"": 1}",resolved,1,1,1,2,0,0,0,0,,,False,1,run_PMN2A_1253,homology,single_source,uncorroborated,0,False,False,False,False
sys_PMN2A_1257,PMN2A_1257,PMN2A_1257:mgdA,single_gene,1,1,1,0,0,any_homology,2.0,2.0,0.0,"{""single_source"": 2}","{""uncorroborated"": 2}",other,False,"{""none"": 1}",resolved,0,0,0,3,0,0,0,0,,,False,1,run_PMN2A_1257,homology,single_source,uncorroborated,0,False,False,False,False
sys_PMN2A_1269,PMN2A_1269,PMN2A_1269:metC,single_gene,1,0,0,0,0,no_tcdb,,,,{},{},other,False,"{""none"": 1}",,0,0,0,0,0,0,0,0,,,False,1,run_PMN2A_1266,,,,0,False,False,False,False
sys_PMN2A_1280,PMN2A_1280,PMN2A_1280:PMN2A_RS09685,single_gene,1,1,1,1,0,any_homology,2.0,2.0,0.4,"{""single_source"": 1}","{""corroborated"": 1}",other,False,"{""none"": 1}",resolved,2,2,2,2,0,0,0,0,,,False,1,run_PMN2A_1280,homology,single_source,corroborated,1,False,False,False,False
sys_PMN2A_1286,PMN2A_1286,PMN2A_1286:speE,single_gene,1,1,1,0,0,any_homology,2.0,2.0,0.0,"{""single_source"": 1}","{""uncorroborated"": 1}",other,False,"{""tcdb_only"": 1}",family_inferred,77,76,0,87,8,6,0,0,,,False,1,run_PMN2A_1285,homology,single_source,uncorroborated,0,False,False,False,False
sys_PMN2A_1290,PMN2A_1290,PMN2A_1290:aspS,single_gene,1,1,1,0,0,any_homology,2.0,2.0,0.0,"{""single_source"": 1}","{""uncorroborated"": 1}",other,False,"{""none"": 1}",resolved,0,0,0,0,0,0,0,0,,,False,1,run_PMN2A_1285,homology,single_source,uncorroborated,0,False,False,False,False
sys_PMN2A_1299,PMN2A_1299,PMN2A_1299:focA,single_gene,1,1,1,0,0,any_homology,2.0,2.0,0.0,"{""single_source"": 1}","{""uncorroborated"": 1}",other,False,"{""strong"": 1}",resolved,0,0,0,2,2,2,0,0,,,False,1,run_PMN2A_1298,homology,single_source,uncorroborated,0,False,False,False,False
sys_PMN2A_1303,PMN2A_1303,PMN2A_1303:PMN2A_RS09810,single_gene,1,1,0,0,1,all_family_inferred,4.0,4.0,0.8,"{""both_sources"": 6}","{""corroborated"": 6}",single_carrier,True,"{""strong"": 1}",resolved,1,1,1,0,0,0,0,0,,,False,1,run_PMN2A_1300,family_inferred,both_sources,corroborated,1,False,False,False,True
sys_PMN2A_1306,PMN2A_1306,PMN2A_1306:VTE5,single_gene,1,1,1,0,0,any_homology,2.0,2.0,0.0,"{""single_source"": 1}","{""uncorroborated"": 1}",other,False,"{""none"": 1}",resolved,0,0,0,0,0,0,0,0,,,False,1,run_PMN2A_1300,homology,single_source,uncorroborated,0,False,False,False,False
sys_PMN2A_1313,PMN2A_1313,PMN2A_1313:dnaK3,single_gene,1,1,1,1,1,any_homology,3.0,3.0,0.8,"{""single_source"": 4, ""both_sources"": 1}","{""uncorroborated"": 3, ""corroborated"": 2}",other,False,"{""tcdb_only"": 1}",resolved,4,4,4,3,0,0,0,0,,,False,1,run_PMN2A_1310,family_inferred|homology,both_sources|single_source,corroborated|uncorroborated,1,False,False,False,False
sys_PMN2A_1320,PMN2A_1320,PMN2A_1320:mraY,single_gene,1,1,1,1,0,any_homology,2.0,2.0,0.4,"{""both_sources"": 1}","{""uncorroborated"": 1}",other,False,"{""none"": 1}",resolved,0,0,0,0,0,0,0,0,,,False,1,run_PMN2A_1319,homology,both_sources,uncorroborated,0,False,False,False,False
sys_PMN2A_1323,PMN2A_1323,PMN2A_1323:uvrA,single_gene,1,1,1,1,0,any_homology,2.0,2.0,0.4,"{""single_source"": 1}","{""corroborated"": 1}",atpase,False,"{""strong"": 1}",family_inferred,176,176,0,159,2,1,0,0,,,False,1,run_PMN2A_1322,homology,single_source,corroborated,1,False,False,True,False
sys_PMN2A_1335,PMN2A_1335,PMN2A_1335:PMN2A_RS00050,single_gene,1,1,1,1,0,any_homology,3.0,3.0,0.2,"{""single_source"": 1}","{""uncorroborated"": 1}",other,False,"{""none"": 1}",resolved,0,0,0,0,0,0,0,0,,,False,1,run_PMN2A_1335,homology,single_source,uncorroborated,0,False,False,False,False
sys_PMN2A_1337,PMN2A_1337,PMN2A_1337:ftsY,single_gene,1,1,1,0,1,any_homology,3.0,3.0,0.8,"{""both_sources"": 3, ""single_source"": 1}","{""corroborated"": 2, ""uncorroborated"": 2}",other,False,"{""tcdb_only"": 1}",resolved,3,3,3,3,0,0,0,0,,,False,1,run_PMN2A_1335,family_inferred|homology,both_sources|single_source,corroborated|uncorroborated,1,False,False,False,False
sys_PMN2A_1340,PMN2A_1340,PMN2A_1340:PMN2A_RS00075,single_gene,1,1,1,1,0,any_homology,2.0,2.0,0.4,"{""single_source"": 2}","{""uncorroborated"": 1, ""corroborated"": 1}",other,False,"{""tcdb_only"": 1}",resolved,1,1,1,3,0,0,0,0,,,False,1,run_PMN2A_1335,homology,single_source,corroborated|uncorroborated,1,False,False,False,False
sys_PMN2A_1344,PMN2A_1344,PMN2A_1344:dnaJ1,single_gene,1,1,1,0,0,any_homology,2.0,2.0,0.0,"{""single_source"": 2}","{""uncorroborated"": 2}",other,False,"{""tcdb_only"": 1}",resolved,0,0,0,2,0,0,0,0,,,False,1,run_PMN2A_1335,homology,single_source,uncorroborated,0,False,False,False,False
sys_PMN2A_1350,PMN2A_1350,PMN2A_1350:gap2,single_gene,1,1,1,1,0,any_homology,3.0,3.0,0.2,"{""single_source"": 1}","{""uncorroborated"": 1}",other,False,"{""tcdb_only"": 1}",resolved,0,0,0,0,0,0,0,0,,,False,1,run_PMN2A_1350,homology,single_source,uncorroborated,0,False,False,False,False
sys_PMN2A_1354,PMN2A_1354,PMN2A_1354:accB,single_gene,1,1,1,0,0,any_homology,2.0,2.0,0.0,"{""single_source"": 1}","{""uncorroborated"": 1}",other,False,"{""tcdb_only"": 1}",resolved,0,0,0,0,0,0,0,0,,,False,1,run_PMN2A_1353,homology,single_source,uncorroborated,0,False,False,False,False
sys_PMN2A_1368,PMN2A_1368,PMN2A_1368:PMN2A_RS00215,single_gene,1,1,0,0,1,all_family_inferred,3.0,3.0,0.8,"{""both_sources"": 6}","{""uncorroborated"": 5, ""corroborated"": 1}",other,False,"{""strong"": 1}",resolved,1,1,1,1,0,0,0,0,,,False,1,run_PMN2A_1368,family_inferred,both_sources,corroborated|uncorroborated,1,False,False,False,False
sys_PMN2A_1370,PMN2A_1370,PMN2A_1370:PMN2A_RS00225,single_gene,1,1,1,0,0,any_homology,2.0,2.0,0.0,"{""single_source"": 1}","{""uncorroborated"": 1}",other,False,"{""tcdb_only"": 1}",resolved,2,2,2,2,0,0,0,0,,,False,1,run_PMN2A_1370,homology,single_source,uncorroborated,0,False,False,False,False
sys_PMN2A_1373,PMN2A_1373,PMN2A_1373:mrdA,single_gene,1,1,1,0,0,any_homology,2.0,2.0,0.0,"{""single_source"": 1}","{""uncorroborated"": 1}",other,False,"{""none"": 1}",resolved,0,0,0,0,0,0,0,0,,,False,1,run_PMN2A_1371,homology,single_source,uncorroborated,0,False,False,False,False
sys_PMN2A_1408,PMN2A_1408,PMN2A_1408:PMN2A_RS00425,single_gene,1,1,1,0,0,any_homology,2.0,2.0,0.0,"{""single_source"": 1}","{""uncorroborated"": 1}",other,False,"{""tcdb_only"": 1}",resolved,0,0,0,1,0,0,0,0,,,False,1,run_PMN2A_1408,homology,single_source,uncorroborated,0,False,False,False,False
sys_PMN2A_1411,PMN2A_1411,PMN2A_1411:PMN2A_RS00440,single_gene,1,1,0,0,1,all_family_inferred,3.0,3.0,0.8,"{""both_sources"": 3}","{""corroborated"": 2, ""uncorroborated"": 1}",mixed,True,"{""strong"": 1}",resolved,23,23,23,10,0,0,0,0,,,False,1,run_PMN2A_1411,family_inferred,both_sources,corroborated|uncorroborated,1,False,False,False,False
sys_PMN2A_1413,PMN2A_1413,PMN2A_1413:PMN2A_RS00450,single_gene,1,1,1,0,0,any_homology,2.0,2.0,0.0,"{""single_source"": 1}","{""uncorroborated"": 1}",other,False,"{""tcdb_only"": 1}",resolved,1,1,1,1,0,0,0,0,,,False,1,run_PMN2A_1413,homology,single_source,uncorroborated,0,False,False,False,False
sys_PMN2A_1416,PMN2A_1416,PMN2A_1416:PMN2A_RS00470,single_gene,1,1,1,1,0,any_homology,3.0,3.0,0.2,"{""single_source"": 1}","{""uncorroborated"": 1}",other,False,"{""tcdb_only"": 1}",resolved,0,0,0,0,0,0,0,0,,,False,1,run_PMN2A_1416,homology,single_source,uncorroborated,0,False,False,False,False
sys_PMN2A_1424,PMN2A_1424,PMN2A_1424:cbb3,single_gene,1,1,1,1,0,any_homology,3.0,3.0,0.6,"{""single_source"": 1}","{""corroborated"": 1}",other,False,"{""none"": 1}",resolved,0,0,0,0,0,0,0,0,,,False,1,run_PMN2A_1424,homology,single_source,corroborated,1,False,False,False,False
sys_PMN2A_1428,PMN2A_1428,PMN2A_1428:PMN2A_RS00530,single_gene,1,1,0,0,1,all_family_inferred,4.0,4.0,0.8,"{""both_sources"": 8}","{""corroborated"": 7, ""uncorroborated"": 1}",mixed,True,"{""strong"": 1}",resolved,27,27,27,12,0,0,0,0,,,False,1,run_PMN2A_1427,family_inferred,both_sources,corroborated|uncorroborated,1,False,False,False,False
sys_PMN2A_1435,PMN2A_1435,PMN2A_1435:sufC,single_gene,1,1,1,1,0,any_homology,3.0,3.0,0.4,"{""single_source"": 2}","{""corroborated"": 1, ""uncorroborated"": 1}",atpase,False,"{""strong"": 1}",resolved,176,176,0,159,1,1,0,0,,,False,1,run_PMN2A_1427,homology,single_source,corroborated|uncorroborated,1,False,False,True,False
sys_PMN2A_1441,PMN2A_1441,PMN2A_1441:rarA,single_gene,1,1,1,0,0,any_homology,2.0,2.0,0.0,"{""single_source"": 1}","{""uncorroborated"": 1}",other,False,"{""tcdb_only"": 1}",resolved,0,0,0,2,0,0,0,0,,,False,1,run_PMN2A_1438,homology,single_source,uncorroborated,0,False,False,False,False
sys_PMN2A_1442,PMN2A_1442,PMN2A_1442:PMN2A_RS00600,single_gene,1,0,0,0,0,no_tcdb,,,,{},{},other,False,"{""none"": 1}",,0,0,0,0,0,0,0,0,,,False,1,run_PMN2A_1442,,,,0,False,False,False,False
sys_PMN2A_1443,PMN2A_1443,PMN2A_1443:prxQ,single_gene,1,1,1,0,0,any_homology,2.0,2.0,0.0,"{""single_source"": 1}","{""uncorroborated"": 1}",other,False,"{""none"": 1}",resolved,0,0,0,1,0,0,0,0,,,False,1,run_PMN2A_1438,homology,single_source,uncorroborated,0,False,False,False,False
sys_PMN2A_1447,PMN2A_1447,PMN2A_1447:PMN2A_RS00625,single_gene,1,1,1,1,0,any_homology,2.0,2.0,0.4,"{""single_source"": 1}","{""corroborated"": 1}",single_carrier,True,"{""strong"": 1}",resolved,2,2,2,5,0,0,0,0,,,False,1,run_PMN2A_1446,homology,single_source,corroborated,1,False,False,False,True
sys_PMN2A_1448,PMN2A_1448|PMN2A_1449,PMN2A_1448:ktrB|PMN2A_1449:ktrA,multi_gene,2,2,1,1,2,any_homology,3.0,3.0,1.0,"{""both_sources"": 3, ""single_source"": 3}","{""corroborated"": 5, ""uncorroborated"": 1}",other|single_carrier,True,"{""strong"": 2}",resolved,5,5,5,4,0,0,0,0,,tcdb_level3,False,1,run_PMN2A_1446,family_inferred|homology,both_sources|single_source,corroborated|uncorroborated,2,False,False,False,True
sys_PMN2A_1455,PMN2A_1455,PMN2A_1455:abc-f,single_gene,1,1,1,1,0,any_homology,2.0,2.0,0.4,"{""single_source"": 2}","{""corroborated"": 1, ""uncorroborated"": 1}",atpase,False,"{""strong"": 1}",resolved,176,176,0,159,1,0,0,0,,,False,1,run_PMN2A_1446,homology,single_source,corroborated|uncorroborated,1,False,False,True,False
sys_PMN2A_1456,PMN2A_1456,PMN2A_1456:degQ,single_gene,1,1,1,0,0,any_homology,2.0,2.0,0.0,"{""single_source"": 2}","{""uncorroborated"": 2}",other,False,"{""none"": 1}",resolved,0,0,0,0,0,0,0,0,,,False,1,run_PMN2A_1454,homology,single_source,uncorroborated,0,False,False,False,False
sys_PMN2A_1463,PMN2A_1463,PMN2A_1463:PMN2A_RS00700,single_gene,1,1,1,1,0,any_homology,2.0,2.0,0.4,"{""single_source"": 1}","{""corroborated"": 1}",other,False,"{""none"": 1}",resolved,1,1,1,1,0,0,0,0,,,False,1,run_PMN2A_1462,homology,single_source,corroborated,1,False,False,False,False
sys_PMN2A_1465,PMN2A_1465,PMN2A_1465:PMN2A_RS00710,single_gene,1,1,1,1,0,any_homology,2.0,2.0,0.4,"{""single_source"": 2, ""both_sources"": 1}","{""uncorroborated"": 3}",other,False,"{""strong"": 1}",resolved,182,182,0,174,1,0,0,0,,,False,1,run_PMN2A_1462,homology,both_sources|single_source,uncorroborated,0,False,False,False,False
sys_PMN2A_1468,PMN2A_1468,PMN2A_1468:nadB,single_gene,1,1,1,0,0,any_homology,2.0,2.0,0.0,"{""single_source"": 1}","{""uncorroborated"": 1}",other,False,"{""tcdb_only"": 1}",resolved,0,0,0,1,0,0,0,0,,,False,1,run_PMN2A_1467,homology,single_source,uncorroborated,0,False,False,False,False
sys_PMN2A_1469,PMN2A_1469,PMN2A_1469:SynDsbAB,single_gene,1,1,1,0,0,any_homology,2.0,2.0,0.0,"{""single_source"": 1}","{""uncorroborated"": 1}",other,False,"{""none"": 1}",resolved,0,0,0,0,0,0,0,0,,,False,1,run_PMN2A_1469,homology,single_source,uncorroborated,0,False,False,False,False
sys_PMN2A_1478,PMN2A_1478,PMN2A_1478:gst,single_gene,1,1,0,0,1,all_family_inferred,4.0,4.0,0.4,"{""both_sources"": 2}","{""uncorroborated"": 2}",other,False,"{""strong"": 1}",resolved,1,1,1,0,0,0,0,0,,,False,1,run_PMN2A_1469,family_inferred,both_sources,uncorroborated,0,False,False,False,False
sys_PMN2A_1488,PMN2A_1488,PMN2A_1488:ndhO,single_gene,1,1,1,1,0,any_homology,3.0,3.0,0.6,"{""single_source"": 1}","{""corroborated"": 1}",other,False,"{""tcdb_only"": 1}",resolved,0,0,0,0,0,0,0,0,,,False,1,run_PMN2A_1485,homology,single_source,corroborated,1,False,False,False,False
sys_PMN2A_1489,PMN2A_1489,PMN2A_1489:dnaJ4,single_gene,1,1,1,1,0,any_homology,2.0,2.0,0.4,"{""single_source"": 1}","{""corroborated"": 1}",other,False,"{""tcdb_only"": 1}",resolved,2,2,2,2,0,0,0,0,,,False,1,run_PMN2A_1487,homology,single_source,corroborated,1,False,False,False,False
sys_PMN2A_1491,PMN2A_1491,PMN2A_1491:PMN2A_RS00850,single_gene,1,1,1,0,0,any_homology,2.0,2.0,0.0,"{""single_source"": 1}","{""uncorroborated"": 1}",other,False,"{""none"": 1}",resolved,5,5,5,5,0,0,0,0,,,False,1,run_PMN2A_1491,homology,single_source,uncorroborated,0,False,False,False,False
sys_PMN2A_1493,PMN2A_1493,PMN2A_1493:ecfA1,single_gene,1,1,0,0,1,all_family_inferred,3.0,3.0,0.8,"{""both_sources"": 7}","{""corroborated"": 7}",atpase,False,"{""strong"": 1}",resolved,11,10,10,2,0,0,0,0,,,False,1,run_PMN2A_1491,family_inferred,both_sources,corroborated,1,False,False,True,False
sys_PMN2A_1494,PMN2A_1494,PMN2A_1494:rpaA,single_gene,1,1,1,0,0,any_homology,2.0,2.0,0.0,"{""single_source"": 2}","{""uncorroborated"": 2}",other,False,"{""tcdb_only"": 1}",resolved,8,8,8,8,1,0,0,0,,,False,1,run_PMN2A_1494,homology,single_source,uncorroborated,0,False,False,False,False
sys_PMN2A_1497,PMN2A_1497,PMN2A_1497:PMN2A_RS00885,single_gene,1,1,0,0,1,all_family_inferred,3.0,3.0,0.8,"{""both_sources"": 1}","{""corroborated"": 1}",other,False,"{""strong"": 1}",resolved,3,3,3,2,0,0,0,0,,,False,1,run_PMN2A_1495,family_inferred,both_sources,corroborated,1,False,False,False,False
sys_PMN2A_1500,PMN2A_1500,PMN2A_1500:rpaB,single_gene,1,1,1,0,0,any_homology,2.0,2.0,0.0,"{""single_source"": 2}","{""uncorroborated"": 2}",other,False,"{""tcdb_only"": 1}",resolved,8,8,8,8,2,0,0,0,,,False,1,run_PMN2A_1498,homology,single_source,uncorroborated,0,False,False,False,False
sys_PMN2A_1504,PMN2A_1504,PMN2A_1504:plsC1,single_gene,1,1,1,1,0,any_homology,2.0,2.0,0.2,"{""single_source"": 3}","{""uncorroborated"": 3}",other,False,"{""tcdb_only"": 1}",resolved,83,82,0,105,5,3,0,0,,,False,1,run_PMN2A_1498,homology,single_source,uncorroborated,0,False,False,False,False
sys_PMN2A_1508,PMN2A_1508,PMN2A_1508:PMN2A_RS00940,single_gene,1,0,0,0,0,no_tcdb,,,,{},{},other,False,"{""none"": 1}",,0,0,0,0,0,0,0,0,,,False,1,run_PMN2A_1507,,,,0,False,False,False,False
sys_PMN2A_1511,PMN2A_1511,PMN2A_1511:ndhM,single_gene,1,1,1,1,0,any_homology,3.0,3.0,0.6,"{""single_source"": 1}","{""corroborated"": 1}",other,False,"{""tcdb_only"": 1}",resolved,0,0,0,0,0,0,0,0,,,False,1,run_PMN2A_1511,homology,single_source,corroborated,1,False,False,False,False
sys_PMN2A_1515,PMN2A_1515,PMN2A_1515:ndhF1,single_gene,1,1,1,1,0,any_homology,2.0,2.0,0.4,"{""single_source"": 4}","{""uncorroborated"": 3, ""corroborated"": 1}",other,False,"{""tcdb_only"": 1}",resolved,0,0,0,0,0,0,0,0,,,False,1,run_PMN2A_1511,homology,single_source,corroborated|uncorroborated,1,False,False,False,False
sys_PMN2A_1516,PMN2A_1516,PMN2A_1516:ndhD1,single_gene,1,1,1,1,0,any_homology,2.0,2.0,0.4,"{""single_source"": 4}","{""uncorroborated"": 3, ""corroborated"": 1}",other,False,"{""tcdb_only"": 1}",resolved,0,0,0,0,0,0,0,0,,,False,1,run_PMN2A_1511,homology,single_source,corroborated|uncorroborated,1,False,False,False,False
sys_PMN2A_1519,PMN2A_1519,PMN2A_1519:metF,single_gene,1,1,1,0,0,any_homology,2.0,2.0,0.0,"{""single_source"": 2}","{""uncorroborated"": 2}",other,False,"{""tcdb_only"": 1}",resolved,1,1,1,1,0,0,0,0,,,False,1,run_PMN2A_1519,homology,single_source,uncorroborated,0,False,False,False,False
sys_PMN2A_1524,PMN2A_1524|PMN2A_1527,PMN2A_1524:ndhE|PMN2A_1527:ndhA,multi_gene,2,2,2,2,0,any_homology,3.0,3.0,0.6,"{""single_source"": 6}","{""corroborated"": 5, ""uncorroborated"": 1}",other,False,"{""tcdb_only"": 2}",resolved,1,1,1,0,0,0,0,0,,tcdb_level3,False,1,run_PMN2A_1522,homology,single_source,corroborated|uncorroborated,2,False,False,False,False
sys_PMN2A_1525,PMN2A_1525,PMN2A_1525:ndhG,single_gene,1,1,1,1,0,any_homology,2.0,2.0,0.4,"{""single_source"": 2}","{""corroborated"": 1, ""uncorroborated"": 1}",other,False,"{""tcdb_only"": 1}",resolved,0,0,0,0,0,0,0,0,,,False,1,run_PMN2A_1522,homology,single_source,corroborated|uncorroborated,1,False,False,False,False
sys_PMN2A_1526,PMN2A_1526,PMN2A_1526:ndhI,single_gene,1,1,1,1,0,any_homology,2.0,2.0,0.4,"{""single_source"": 1}","{""corroborated"": 1}",other,False,"{""tcdb_only"": 1}",resolved,0,0,0,0,0,0,0,0,,,False,1,run_PMN2A_1522,homology,single_source,corroborated,1,False,False,False,False
sys_PMN2A_1537,PMN2A_1537,PMN2A_1537:ycf29,single_gene,1,1,1,0,0,any_homology,2.0,2.0,0.0,"{""single_source"": 3}","{""uncorroborated"": 3}",other,False,"{""tcdb_only"": 1}",resolved,8,8,8,9,2,0,0,0,,,False,1,run_PMN2A_1537,homology,single_source,uncorroborated,0,False,False,False,False
sys_PMN2A_1539,PMN2A_1539,PMN2A_1539:rsmH,single_gene,1,1,1,0,0,any_homology,2.0,2.0,0.0,"{""single_source"": 1}","{""uncorroborated"": 1}",other,False,"{""tcdb_only"": 1}",resolved,0,0,0,0,0,0,0,0,,,False,1,run_PMN2A_1537,homology,single_source,uncorroborated,0,False,False,False,False
sys_PMN2A_1540,PMN2A_1540,PMN2A_1540:ndhH,single_gene,1,1,1,1,0,any_homology,2.0,2.0,0.4,"{""single_source"": 3}","{""uncorroborated"": 2, ""corroborated"": 1}",other,False,"{""tcdb_only"": 1}",resolved,0,0,0,0,0,0,0,0,,,False,1,run_PMN2A_1530,homology,single_source,corroborated|uncorroborated,1,False,False,False,False
sys_PMN2A_1556,PMN2A_1556,PMN2A_1556:trmE,single_gene,1,1,1,0,0,any_homology,2.0,2.0,0.0,"{""single_source"": 2}","{""uncorroborated"": 2}",other,False,"{""none"": 1}",resolved,1,0,0,0,1,1,0,0,,,False,1,run_PMN2A_1556,homology,single_source,uncorroborated,0,False,False,False,False
sys_PMN2A_1561,PMN2A_1561,PMN2A_1561:rbgA,single_gene,1,1,1,0,0,any_homology,2.0,2.0,0.0,"{""single_source"": 1}","{""uncorroborated"": 1}",other,False,"{""none"": 1}",resolved,0,0,0,0,0,0,0,0,,,False,1,run_PMN2A_1556,homology,single_source,uncorroborated,0,False,False,False,False
sys_PMN2A_1566,PMN2A_1566,PMN2A_1566:pyrD,single_gene,1,1,1,0,0,any_homology,2.0,2.0,0.0,"{""single_source"": 1}","{""uncorroborated"": 1}",other,False,"{""none"": 1}",resolved,0,0,0,0,0,0,0,0,,,False,1,run_PMN2A_1563,homology,single_source,uncorroborated,0,False,False,False,False
sys_PMN2A_1570,PMN2A_1570,PMN2A_1570:rplA,single_gene,1,1,1,1,0,any_homology,3.0,3.0,0.6,"{""single_source"": 1}","{""corroborated"": 1}",other,False,"{""tcdb_only"": 1}",resolved,1,1,1,1,0,0,0,0,,,False,1,run_PMN2A_1570,homology,single_source,corroborated,1,False,False,False,False
sys_PMN2A_1573,PMN2A_1573,PMN2A_1573:secE,single_gene,1,1,1,1,1,any_homology,3.0,3.0,0.6,"{""single_source"": 3}","{""corroborated"": 2, ""uncorroborated"": 1}",other,False,"{""tcdb_only"": 1}",resolved,2,2,2,2,0,0,0,0,,,False,1,run_PMN2A_1570,family_inferred|homology,single_source,corroborated|uncorroborated,1,False,False,False,False
sys_PMN2A_1574,PMN2A_1574,PMN2A_1574:clpB2,single_gene,1,1,1,1,0,any_homology,3.0,3.0,0.4,"{""single_source"": 3}","{""uncorroborated"": 2, ""corroborated"": 1}",other,False,"{""tcdb_only"": 1}",resolved,1,1,1,2,0,0,0,0,,,False,1,run_PMN2A_1570,homology,single_source,corroborated|uncorroborated,1,False,False,False,False
sys_PMN2A_1580,PMN2A_1580,PMN2A_1580:PMN2A_RS01295,single_gene,1,1,1,1,0,any_homology,2.0,2.0,0.2,"{""single_source"": 1}","{""corroborated"": 1}",single_carrier,True,"{""strong"": 1}",resolved,0,0,0,0,0,0,0,0,,,False,1,run_PMN2A_1579,homology,single_source,corroborated,1,False,False,False,True
sys_PMN2A_1581,PMN2A_1581,PMN2A_1581:sul3,single_gene,1,1,0,0,1,all_family_inferred,3.0,3.0,0.8,"{""both_sources"": 1}","{""corroborated"": 1}",single_carrier,True,"{""strong"": 1}",resolved,8,8,8,1,0,0,0,0,,,False,1,run_PMN2A_1579,family_inferred,both_sources,corroborated,1,False,False,False,True
sys_PMN2A_1582,PMN2A_1582,PMN2A_1582:dnaJ2,single_gene,1,1,1,0,0,any_homology,2.0,2.0,0.0,"{""single_source"": 2}","{""uncorroborated"": 2}",other,False,"{""tcdb_only"": 1}",resolved,0,0,0,2,0,0,0,0,,,False,1,run_PMN2A_1582,homology,single_source,uncorroborated,0,False,False,False,False
sys_PMN2A_1586,PMN2A_1586,PMN2A_1586:cgtA,single_gene,1,1,1,0,0,any_homology,2.0,2.0,0.0,"{""single_source"": 1}","{""uncorroborated"": 1}",other,False,"{""none"": 1}",resolved,0,0,0,0,0,0,0,0,,,False,1,run_PMN2A_1582,homology,single_source,uncorroborated,0,False,False,False,False
sys_PMN2A_1592,PMN2A_1592,PMN2A_1592:psbA,single_gene,1,1,1,0,0,any_homology,2.0,2.0,0.0,"{""single_source"": 1}","{""uncorroborated"": 1}",other,False,"{""tcdb_only"": 1}",resolved,0,0,0,0,0,0,0,0,,,False,1,run_PMN2A_1591,homology,single_source,uncorroborated,0,False,False,False,False
sys_PMN2A_1595,PMN2A_1595,PMN2A_1595:ftsH1,single_gene,1,1,1,1,0,any_homology,3.0,3.0,0.2,"{""single_source"": 3}","{""uncorroborated"": 3}",other,False,"{""tcdb_only"": 1}",resolved,1,1,1,2,0,0,0,0,,,False,1,run_PMN2A_1594,homology,single_source,uncorroborated,0,False,False,False,False
sys_PMN2A_1597,PMN2A_1597,PMN2A_1597:psbO,single_gene,1,1,1,1,0,any_homology,3.0,3.0,0.4,"{""single_source"": 1}","{""uncorroborated"": 1}",other,False,"{""tcdb_only"": 1}",resolved,0,0,0,0,0,0,0,0,,,False,1,run_PMN2A_1594,homology,single_source,uncorroborated,0,False,False,False,False
sys_PMN2A_1603,PMN2A_1603,PMN2A_1603:crtR,single_gene,1,1,1,0,0,any_homology,2.0,2.0,0.0,"{""single_source"": 1}","{""uncorroborated"": 1}",other,False,"{""none"": 1}",resolved,0,0,0,1,0,0,0,0,,,False,1,run_PMN2A_1603,homology,single_source,uncorroborated,0,False,False,False,False
sys_PMN2A_1608,PMN2A_1608,PMN2A_1608:txlA,single_gene,1,1,1,1,0,any_homology,3.0,3.0,0.2,"{""single_source"": 2}","{""uncorroborated"": 2}",other,False,"{""tcdb_only"": 1}",resolved,1,1,1,2,0,0,0,0,,,False,1,run_PMN2A_1608,homology,single_source,uncorroborated,0,False,False,False,False
sys_PMN2A_1617,PMN2A_1617,PMN2A_1617:tatA,single_gene,1,1,1,1,0,any_homology,2.0,2.0,0.8,"{""both_sources"": 1}","{""corroborated"": 1}",other,False,"{""tcdb_only"": 1}",resolved,0,0,0,2,0,0,0,0,,,False,1,run_PMN2A_1615,homology,both_sources,corroborated,1,False,False,False,False
sys_PMN2A_1618,PMN2A_1618,PMN2A_1618:psbH,single_gene,1,1,1,1,0,any_homology,3.0,3.0,0.4,"{""single_source"": 1}","{""uncorroborated"": 1}",other,False,"{""tcdb_only"": 1}",resolved,0,0,0,0,0,0,0,0,,,False,1,run_PMN2A_1615,homology,single_source,uncorroborated,0,False,False,False,False
sys_PMN2A_1627,PMN2A_1627,PMN2A_1627:murJ,single_gene,1,1,0,0,1,all_family_inferred,3.0,3.0,0.8,"{""both_sources"": 1}","{""corroborated"": 1}",other,False,"{""strong"": 1}",resolved,2,2,2,1,0,0,0,0,,,False,1,run_PMN2A_1627,family_inferred,both_sources,corroborated,1,False,False,False,False
sys_PMN2A_1629,PMN2A_1629,PMN2A_1629:amt1,single_gene,1,1,1,1,0,any_homology,2.0,2.0,0.8,"{""both_sources"": 1}","{""corroborated"": 1}",single_carrier,True,"{""strong"": 1}",resolved,5,5,5,1,1,0,1,0,,,False,1,run_PMN2A_1629,homology,both_sources,corroborated,1,False,False,False,True
sys_PMN2A_1635,PMN2A_1635,PMN2A_1635:PMN2A_RS01575,single_gene,1,1,1,0,0,any_homology,2.0,2.0,0.0,"{""single_source"": 2}","{""uncorroborated"": 2}",other,False,"{""none"": 1}",resolved,0,0,0,1,0,0,0,0,,,False,1,run_PMN2A_1635,homology,single_source,uncorroborated,0,False,False,False,False
sys_PMN2A_1640,PMN2A_1640,PMN2A_1640:PMN2A_RS01600,single_gene,1,1,1,1,0,any_homology,2.0,2.0,0.4,"{""single_source"": 3}","{""uncorroborated"": 2, ""corroborated"": 1}",other,False,"{""strong"": 1}",resolved,0,0,0,0,0,0,0,0,,,False,1,run_PMN2A_1639,homology,single_source,corroborated|uncorroborated,1,False,False,False,False
sys_PMN2A_1658,PMN2A_1658,PMN2A_1658:ndhJ,single_gene,1,1,1,1,0,any_homology,2.0,2.0,0.4,"{""single_source"": 3}","{""uncorroborated"": 2, ""corroborated"": 1}",other,False,"{""tcdb_only"": 1}",resolved,0,0,0,0,0,0,0,0,,,False,1,run_PMN2A_1651,homology,single_source,corroborated|uncorroborated,1,False,False,False,False
sys_PMN2A_1659,PMN2A_1659|PMN2A_1660,PMN2A_1659:ndhK|PMN2A_1660:ndhC,multi_gene,2,2,2,2,0,any_homology,3.0,3.0,0.6,"{""single_source"": 6}","{""corroborated"": 4, ""uncorroborated"": 2}",other,False,"{""tcdb_only"": 2}",resolved,1,1,1,0,0,0,0,0,,tcdb_level3,False,1,run_PMN2A_1651,homology,single_source,corroborated|uncorroborated,2,False,False,False,False
sys_PMN2A_1661,PMN2A_1661,PMN2A_1661:rub,single_gene,1,1,1,0,0,any_homology,2.0,2.0,0.0,"{""single_source"": 1}","{""uncorroborated"": 1}",other,False,"{""tcdb_only"": 1}",resolved,0,0,0,1,0,0,0,0,,,False,1,run_PMN2A_1661,homology,single_source,uncorroborated,0,False,False,False,False
sys_PMN2A_1663,PMN2A_1663,PMN2A_1663:psbE,single_gene,1,1,1,1,0,any_homology,3.0,3.0,0.4,"{""single_source"": 1}","{""uncorroborated"": 1}",other,False,"{""tcdb_only"": 1}",resolved,0,0,0,0,0,0,0,0,,,False,1,run_PMN2A_1661,homology,single_source,uncorroborated,0,False,False,False,False
sys_PMN2A_1672,PMN2A_1672,PMN2A_1672:ppeA,single_gene,1,1,1,1,0,any_homology,3.0,3.0,0.2,"{""single_source"": 1}","{""uncorroborated"": 1}",other,False,"{""tcdb_only"": 1}",resolved,2,2,2,1,0,0,0,0,,,False,1,run_PMN2A_1671,homology,single_source,uncorroborated,0,False,False,False,False
sys_PMN2A_1680,PMN2A_1680,PMN2A_1680:uxs,single_gene,1,1,1,0,0,any_homology,2.0,2.0,0.0,"{""single_source"": 1}","{""uncorroborated"": 1}",other,False,"{""none"": 1}",resolved,0,0,0,0,0,0,0,0,,,False,1,run_PMN2A_1680,homology,single_source,uncorroborated,0,False,False,False,False
sys_PMN2A_1681,PMN2A_1681,PMN2A_1681:PMN2A_RS01805,single_gene,1,1,1,0,0,any_homology,2.0,2.0,0.0,"{""single_source"": 1}","{""uncorroborated"": 1}",other,False,"{""none"": 1}",resolved,0,0,0,0,0,0,0,0,,,False,1,run_PMN2A_1680,homology,single_source,uncorroborated,0,False,False,False,False
sys_PMN2A_1692,PMN2A_1692,PMN2A_1692:psbB,single_gene,1,1,1,1,0,any_homology,3.0,3.0,0.6,"{""single_source"": 1}","{""corroborated"": 1}",other,False,"{""tcdb_only"": 1}",resolved,0,0,0,0,0,0,0,0,,,False,1,run_PMN2A_1685,homology,single_source,corroborated,1,False,False,False,False
sys_PMN2A_1698,PMN2A_1698,PMN2A_1698:minD,single_gene,1,1,1,1,0,any_homology,2.0,2.0,0.2,"{""single_source"": 3}","{""uncorroborated"": 3}",other,False,"{""tcdb_only"": 1}",resolved,177,177,1,159,1,0,0,0,,,False,1,run_PMN2A_1697,homology,single_source,uncorroborated,0,False,False,False,False
sys_PMN2A_1701,PMN2A_1701,PMN2A_1701:ctp,single_gene,1,1,1,0,0,any_homology,2.0,2.0,0.0,"{""single_source"": 1}","{""uncorroborated"": 1}",other,False,"{""none"": 1}",resolved,0,0,0,1,0,0,0,0,,,False,1,run_PMN2A_1697,homology,single_source,uncorroborated,0,False,False,False,False
sys_PMN2A_1702,PMN2A_1702,PMN2A_1702:petB,single_gene,1,1,1,1,0,any_homology,2.0,2.0,0.4,"{""single_source"": 3}","{""uncorroborated"": 2, ""corroborated"": 1}",other,False,"{""tcdb_only"": 1}",resolved,0,0,0,1,0,0,0,0,,,False,1,run_PMN2A_1702,homology,single_source,corroborated|uncorroborated,1,False,False,False,False
sys_PMN2A_1703,PMN2A_1703,PMN2A_1703:petD,single_gene,1,1,1,1,0,any_homology,2.0,2.0,0.4,"{""single_source"": 2}","{""corroborated"": 1, ""uncorroborated"": 1}",other,False,"{""tcdb_only"": 1}",resolved,0,0,0,1,0,0,0,0,,,False,1,run_PMN2A_1702,homology,single_source,corroborated|uncorroborated,1,False,False,False,False
sys_PMN2A_1706,PMN2A_1706,PMN2A_1706:psaE,single_gene,1,1,1,1,0,any_homology,3.0,3.0,0.6,"{""single_source"": 1}","{""corroborated"": 1}",other,False,"{""none"": 1}",resolved,1,1,1,1,0,0,0,0,,,False,1,run_PMN2A_1705,homology,single_source,corroborated,1,False,False,False,False
sys_PMN2A_1711,PMN2A_1711,PMN2A_1711:unk3B,single_gene,1,1,1,1,0,any_homology,2.0,2.0,0.4,"{""single_source"": 1}","{""corroborated"": 1}",other,False,"{""none"": 1}",resolved,2,2,2,2,0,0,0,0,,,False,1,run_PMN2A_1710,homology,single_source,corroborated,1,False,False,False,False
sys_PMN2A_1727,PMN2A_1727,PMN2A_1727:cbiQ,single_gene,1,1,0,0,1,all_family_inferred,3.0,3.0,0.8,"{""both_sources"": 7}","{""corroborated"": 7}",other,False,"{""strong"": 1}",resolved,11,10,10,2,0,0,0,0,,,False,1,run_PMN2A_1726,family_inferred,both_sources,corroborated,1,False,False,False,False
sys_PMN2A_1732,PMN2A_1732,PMN2A_1732:dgdA,single_gene,1,1,1,1,0,any_homology,3.0,3.0,0.4,"{""single_source"": 1}","{""corroborated"": 1}",other,False,"{""tcdb_only"": 1}",resolved,0,0,0,0,0,0,0,0,,,False,1,run_PMN2A_1732,homology,single_source,corroborated,1,False,False,False,False
sys_PMN2A_1737,PMN2A_1737,PMN2A_1737:fadD,single_gene,1,1,1,0,1,any_homology,3.0,3.0,0.8,"{""single_source"": 1, ""both_sources"": 1}","{""uncorroborated"": 1, ""corroborated"": 1}",other,False,"{""tcdb_only"": 1}",resolved,79,78,2,87,5,1,0,0,,,False,1,run_PMN2A_1736,family_inferred|homology,both_sources|single_source,corroborated|uncorroborated,1,False,False,False,False
sys_PMN2A_1747,PMN2A_1747,PMN2A_1747:murE,single_gene,1,1,1,0,0,any_homology,2.0,2.0,0.0,"{""single_source"": 1}","{""uncorroborated"": 1}",other,False,"{""tcdb_only"": 1}",resolved,0,0,0,0,0,0,0,0,,,False,1,run_PMN2A_1747,homology,single_source,uncorroborated,0,False,False,False,False
sys_PMN2A_1750,PMN2A_1750,PMN2A_1750:PMN2A_RS02210,single_gene,1,1,1,0,0,any_homology,2.0,2.0,0.0,"{""single_source"": 1}","{""uncorroborated"": 1}",other,False,"{""tcdb_only"": 1}",resolved,0,0,0,0,0,0,0,0,,,False,1,run_PMN2A_1749,homology,single_source,uncorroborated,0,False,False,False,False
sys_PMN2A_1757,PMN2A_1757,PMN2A_1757:PMN2A_RS02250,single_gene,1,0,0,0,0,no_tcdb,,,,{},{},single_carrier,True,"{""strong"": 1}",,0,0,0,0,0,0,0,0,,,False,1,run_PMN2A_1931,,,,0,False,False,False,True
sys_PMN2A_1759,PMN2A_1759,PMN2A_1759:chlG,single_gene,1,1,1,0,0,any_homology,2.0,2.0,0.0,"{""single_source"": 1}","{""uncorroborated"": 1}",other,False,"{""none"": 1}",resolved,0,0,0,0,0,0,0,0,,,False,1,run_PMN2A_1759,homology,single_source,uncorroborated,0,False,False,False,False
sys_PMN2A_1761,PMN2A_1761,PMN2A_1761:hisF,single_gene,1,0,0,0,0,no_tcdb,,,,{},{},other,False,"{""none"": 1}",,0,0,0,0,0,0,0,0,,,False,1,run_PMN2A_1761,,,,0,False,False,False,False
sys_PMN2A_1764,PMN2A_1764,PMN2A_1764:vipp1,single_gene,1,1,1,0,0,any_homology,2.0,2.0,0.0,"{""single_source"": 1}","{""uncorroborated"": 1}",other,False,"{""none"": 1}",resolved,0,0,0,0,0,0,0,0,,,False,1,run_PMN2A_1761,homology,single_source,uncorroborated,0,False,False,False,False
sys_PMN2A_1766,PMN2A_1766,PMN2A_1766:ftsE,single_gene,1,1,1,1,0,any_homology,2.0,2.0,0.8,"{""both_sources"": 1}","{""corroborated"": 1}",atpase,False,"{""strong"": 1}",family_inferred,176,176,0,159,2,0,0,0,,,False,1,run_PMN2A_1766,homology,both_sources,corroborated,1,False,False,True,False
sys_PMN2A_1767,PMN2A_1767,PMN2A_1767:ndhB,single_gene,1,1,1,1,0,any_homology,2.0,2.0,0.4,"{""single_source"": 4}","{""uncorroborated"": 3, ""corroborated"": 1}",other,False,"{""tcdb_only"": 1}",resolved,0,0,0,0,0,0,0,0,,,False,1,run_PMN2A_1766,homology,single_source,corroborated|uncorroborated,1,False,False,False,False
sys_PMN2A_1768,PMN2A_1768,PMN2A_1768:topA,single_gene,1,1,1,1,0,any_homology,2.0,2.0,0.4,"{""single_source"": 1}","{""corroborated"": 1}",other,False,"{""tcdb_only"": 1}",resolved,1,1,1,3,0,0,0,0,,,False,1,run_PMN2A_1768,homology,single_source,corroborated,1,False,False,False,False
sys_PMN2A_1772,PMN2A_1772,PMN2A_1772:PMN2A_RS02325,single_gene,1,0,0,0,0,no_tcdb,,,,{},{},substrate_binding,False,"{""strong"": 1}",,0,0,0,0,0,0,0,0,,,False,1,run_PMN2A_1768,,,,0,True,False,False,False
sys_PMN2A_1775,PMN2A_1775|PMN2A_1776|PMN2A_1777,PMN2A_1775:ctaEI|PMN2A_1776:ctaDI|PMN2A_1777:ctaCI,multi_gene,3,3,2,2,3,any_homology,3.0,3.0,0.8,"{""both_sources"": 9, ""single_source"": 3}","{""corroborated"": 9, ""uncorroborated"": 3}",other,False,"{""tcdb_only"": 3}",resolved,2,2,2,1,0,0,0,0,,tcdb_level3,False,1,run_PMN2A_1774,family_inferred|homology,both_sources|single_source,corroborated|uncorroborated,3,False,False,False,False
sys_PMN2A_1778,PMN2A_1778,PMN2A_1778:ctaA,single_gene,1,1,1,0,1,any_homology,3.0,3.0,0.6,"{""single_source"": 2}","{""corroborated"": 1, ""uncorroborated"": 1}",other,False,"{""tcdb_only"": 1}",resolved,0,0,0,0,0,0,0,0,,,False,1,run_PMN2A_1778,family_inferred|homology,single_source,corroborated|uncorroborated,1,False,False,False,False
sys_PMN2A_1779,PMN2A_1779,PMN2A_1779:ctaB,single_gene,1,1,1,0,0,any_homology,2.0,2.0,0.0,"{""single_source"": 1}","{""uncorroborated"": 1}",other,False,"{""none"": 1}",resolved,0,0,0,0,0,0,0,0,,,False,1,run_PMN2A_1778,homology,single_source,uncorroborated,0,False,False,False,False
sys_PMN2A_1780,PMN2A_1780|PMN2A_1781,PMN2A_1780:PMN2A_RS02365|PMN2A_1781:PMN2A_RS02370,multi_gene,2,2,2,2,0,any_homology,2.0,2.0,0.8,"{""both_sources"": 2, ""single_source"": 1}","{""corroborated"": 2, ""uncorroborated"": 1}",atpase|permease,False,"{""strong"": 2}",family_inferred|resolved,176,176,0,159,1,0,0,0,,role,False,1,run_PMN2A_1778,homology,both_sources|single_source,corroborated|uncorroborated,2,False,True,True,False
sys_PMN2A_1783,PMN2A_1783,PMN2A_1783:groL2,single_gene,1,1,1,0,0,any_homology,2.0,2.0,0.0,"{""single_source"": 1}","{""uncorroborated"": 1}",other,False,"{""tcdb_only"": 1}",resolved,2,2,2,2,0,0,0,0,,,False,1,run_PMN2A_1783,homology,single_source,uncorroborated,0,False,False,False,False
sys_PMN2A_1785,PMN2A_1785,PMN2A_1785:fabG,single_gene,1,1,1,0,0,any_homology,2.0,2.0,0.0,"{""single_source"": 1}","{""uncorroborated"": 1}",other,False,"{""tcdb_only"": 1}",resolved,0,0,0,1,0,0,0,0,,,False,1,run_PMN2A_1783,homology,single_source,uncorroborated,0,False,False,False,False
sys_PMN2A_1786,PMN2A_1786,PMN2A_1786:ispD,single_gene,1,1,1,0,0,any_homology,2.0,2.0,0.0,"{""single_source"": 1}","{""uncorroborated"": 1}",other,False,"{""none"": 1}",resolved,0,0,0,0,0,0,0,0,,,False,1,run_PMN2A_1778,homology,single_source,uncorroborated,0,False,False,False,False
sys_PMN2A_1792,PMN2A_1792,PMN2A_1792:lgt,single_gene,1,1,1,1,0,any_homology,3.0,3.0,0.2,"{""single_source"": 1}","{""uncorroborated"": 1}",other,False,"{""none"": 1}",resolved,0,0,0,0,0,0,0,0,,,False,1,run_PMN2A_1783,homology,single_source,uncorroborated,0,False,False,False,False
sys_PMN2A_1793,PMN2A_1793,PMN2A_1793:petA,single_gene,1,1,1,1,0,any_homology,3.0,3.0,0.6,"{""single_source"": 1}","{""corroborated"": 1}",other,False,"{""tcdb_only"": 1}",resolved,1,1,1,1,0,0,0,0,,,False,1,run_PMN2A_1783,homology,single_source,corroborated,1,False,False,False,False
sys_PMN2A_1794,PMN2A_1794,PMN2A_1794:petC,single_gene,1,1,1,1,0,any_homology,2.0,2.0,0.4,"{""single_source"": 2}","{""corroborated"": 1, ""uncorroborated"": 1}",other,False,"{""tcdb_only"": 1}",resolved,0,0,0,1,0,0,0,0,,,False,1,run_PMN2A_1783,homology,single_source,corroborated|uncorroborated,1,False,False,False,False
sys_PMN2A_1796,PMN2A_1796,PMN2A_1796:tatC,single_gene,1,1,1,1,0,any_homology,2.0,2.0,0.8,"{""both_sources"": 1}","{""corroborated"": 1}",other,False,"{""tcdb_only"": 1}",resolved,0,0,0,2,0,0,0,0,,,False,1,run_PMN2A_1783,homology,both_sources,corroborated,1,False,False,False,False
sys_PMN2A_1799,PMN2A_1799,PMN2A_1799:gmk,single_gene,1,1,1,1,0,any_homology,2.0,2.0,0.2,"{""single_source"": 1}","{""uncorroborated"": 1}",other,False,"{""none"": 1}",resolved,1,1,1,1,0,0,0,0,,,False,1,run_PMN2A_1799,homology,single_source,uncorroborated,0,False,False,False,False
sys_PMN2A_1801,PMN2A_1801,PMN2A_1801:psaF,single_gene,1,1,1,1,0,any_homology,3.0,3.0,0.6,"{""single_source"": 1}","{""corroborated"": 1}",other,False,"{""none"": 1}",resolved,1,1,1,1,0,0,0,0,,,False,1,run_PMN2A_1797,homology,single_source,corroborated,1,False,False,False,False
sys_PMN2A_1805,PMN2A_1805,PMN2A_1805:nhaS,single_gene,1,1,1,1,0,any_homology,2.0,2.0,0.4,"{""single_source"": 2}","{""corroborated"": 2}",single_carrier,True,"{""strong"": 1}",resolved,4,4,4,3,0,0,0,0,,,False,1,run_PMN2A_1802,homology,single_source,corroborated,1,False,False,False,True
sys_PMN2A_1815,PMN2A_1815,PMN2A_1815:PMN2A_RS02540,single_gene,1,1,1,1,0,any_homology,2.0,2.0,0.2,"{""single_source"": 1}","{""corroborated"": 1}",other,False,"{""none"": 1}",resolved,0,0,0,1,0,0,0,0,,,False,1,run_PMN2A_1809,homology,single_source,corroborated,1,False,False,False,False
sys_PMN2A_1821,PMN2A_1821,PMN2A_1821:PMN2A_RS02570,single_gene,1,1,1,0,1,any_homology,2.0,2.0,0.4,"{""single_source"": 2}","{""corroborated"": 1, ""uncorroborated"": 1}",other,False,"{""none"": 1}",resolved,0,0,0,1,0,0,0,0,,,False,1,run_PMN2A_1818,family_inferred|homology,single_source,corroborated|uncorroborated,1,False,False,False,False
sys_PMN2A_1823,PMN2A_1823,PMN2A_1823:PMN2A_RS02580,single_gene,1,1,1,0,0,any_homology,2.0,2.0,0.0,"{""single_source"": 1}","{""uncorroborated"": 1}",other,False,"{""none"": 1}",resolved,0,0,0,0,0,0,0,0,,,False,1,run_PMN2A_1822,homology,single_source,uncorroborated,0,False,False,False,False
sys_PMN2A_1830,PMN2A_1830,PMN2A_1830:priA,single_gene,1,1,1,1,0,any_homology,2.0,2.0,0.4,"{""single_source"": 1}","{""corroborated"": 1}",other,False,"{""tcdb_only"": 1}",resolved,0,0,0,1,0,0,0,0,,,False,1,run_PMN2A_1934,homology,single_source,corroborated,1,False,False,False,False
sys_PMN2A_1846,PMN2A_1846,PMN2A_1846:lepB,single_gene,1,1,1,0,0,any_homology,2.0,2.0,0.0,"{""single_source"": 1}","{""uncorroborated"": 1}",other,False,"{""none"": 1}",resolved,0,0,0,1,0,0,0,0,,,False,1,run_PMN2A_1842,homology,single_source,uncorroborated,0,False,False,False,False
sys_PMN2A_1848,PMN2A_1848,PMN2A_1848:PMN2A_RS02705,single_gene,1,1,1,0,0,any_homology,2.0,2.0,0.0,"{""single_source"": 1}","{""uncorroborated"": 1}",other,False,"{""none"": 1}",resolved,0,0,0,1,0,0,0,0,,,False,1,run_PMN2A_1842,homology,single_source,uncorroborated,0,False,False,False,False
sys_PMN2A_1857,PMN2A_1857,PMN2A_1857:hemH,single_gene,1,0,0,0,0,no_tcdb,,,,{},{},other,False,"{""none"": 1}",,0,0,0,0,0,0,0,0,,,False,1,run_PMN2A_1857,,,,0,False,False,False,False
sys_PMN2A_1866,PMN2A_1866,PMN2A_1866:PMN2A_RS02795,single_gene,1,1,1,0,0,any_homology,2.0,2.0,0.0,"{""single_source"": 1}","{""uncorroborated"": 1}",other,False,"{""tcdb_only"": 1}",resolved,0,0,0,1,0,0,0,0,,,False,1,run_PMN2A_1862,homology,single_source,uncorroborated,0,False,False,False,False
sys_PMN2A_1868,PMN2A_1868,PMN2A_1868:PMN2A_RS02805,single_gene,1,1,1,1,0,any_homology,2.0,2.0,0.2,"{""single_source"": 2}","{""uncorroborated"": 2}",other,False,"{""tcdb_only"": 1}",resolved,176,176,0,159,0,0,0,0,,,False,1,run_PMN2A_1862,homology,single_source,uncorroborated,0,False,False,False,False
sys_PMN2A_1876,PMN2A_1876,PMN2A_1876:csoS1D,single_gene,1,1,1,1,0,any_homology,3.0,3.0,0.2,"{""single_source"": 1}","{""uncorroborated"": 1}",other,False,"{""tcdb_only"": 1}",resolved,0,0,0,0,0,0,0,0,,,False,1,run_PMN2A_1873,homology,single_source,uncorroborated,0,False,False,False,False
sys_PMN2A_1878,PMN2A_1878,PMN2A_1878:csoS1A,single_gene,1,1,1,1,0,any_homology,3.0,3.0,0.2,"{""single_source"": 1}","{""uncorroborated"": 1}",other,False,"{""tcdb_only"": 1}",resolved,2,2,2,0,0,0,0,0,,,False,1,run_PMN2A_1878,homology,single_source,uncorroborated,0,False,False,False,False
sys_PMN2A_1883,PMN2A_1883,PMN2A_1883:csoS4A,single_gene,1,1,1,0,0,any_homology,2.0,2.0,0.0,"{""single_source"": 1}","{""uncorroborated"": 1}",other,False,"{""tcdb_only"": 1}",resolved,0,0,0,0,0,0,0,0,,,False,1,run_PMN2A_1878,homology,single_source,uncorroborated,0,False,False,False,False
sys_PMN2A_1884,PMN2A_1884,PMN2A_1884:csos4B,single_gene,1,1,1,0,0,any_homology,2.0,2.0,0.0,"{""single_source"": 1}","{""uncorroborated"": 1}",other,False,"{""tcdb_only"": 1}",resolved,0,0,0,0,0,0,0,0,,,False,1,run_PMN2A_1878,homology,single_source,uncorroborated,0,False,False,False,False
sys_PMN2A_1885,PMN2A_1885,PMN2A_1885:csoS1E,single_gene,1,1,1,0,0,any_homology,2.0,2.0,0.0,"{""single_source"": 1}","{""uncorroborated"": 1}",other,False,"{""tcdb_only"": 1}",resolved,0,0,0,0,0,0,0,0,,,False,1,run_PMN2A_1878,homology,single_source,uncorroborated,0,False,False,False,False
sys_PMN2A_1891,PMN2A_1891,PMN2A_1891:PMN2A_RS02920,single_gene,1,1,0,0,1,all_family_inferred,4.0,4.0,0.8,"{""both_sources"": 2}","{""uncorroborated"": 1, ""corroborated"": 1}",mixed,True,"{""strong"": 1}",resolved,5,5,5,0,0,0,0,0,,,False,1,run_PMN2A_1890,family_inferred,both_sources,corroborated|uncorroborated,1,False,False,False,False
sys_PMN2A_2187,PMN2A_2187,PMN2A_2187:,single_gene,1,0,0,0,0,no_tcdb,,,,{},{},single_carrier,True,"{""strong"": 1}",,0,0,0,0,0,0,0,0,,,False,1,nocoord_PMN2A_2187,,,,0,False,False,False,True
