locus_tag,gene_name,product,contig,start,end,strand,next_locus_tag,gap_to_next,run_id,run_size,opposite_strand_in_run,inside_run_id
PMT0001,dnaN,"DNA polymerase III, beta subunit",NC_005071.1,174,1340,+,PMT0002,3.0,run_PMT0001,4,False,
PMT0002,,conserved hypothetical protein,NC_005071.1,1344,2120,+,PMT0003,57.0,run_PMT0001,4,False,
PMT0003,purL,"phosphoribosylformylglycinamidine synthase, synthetase domain",NC_005071.1,2178,4562,+,PMT0004,59.0,run_PMT0001,4,False,
PMT0004,purF,amidophosphoribosyltransferase,NC_005071.1,4622,6079,+,PMT0005,35.0,run_PMT0001,4,False,
PMT0005,,"DNA gyrase/topoisomerase IV, subunit A family protein",NC_005071.1,6115,8604,-,PMT0006,77.0,run_PMT0005,3,False,
PMT0006,,tetratricopeptide repeat family protein,NC_005071.1,8682,9575,-,PMT0007,9.0,run_PMT0005,3,False,
PMT0007,queG,epoxyqueuosine reductase,NC_005071.1,9585,10559,-,PMT0008,86.0,run_PMT0005,3,False,
PMT0008,,uncharacterized conserved membrane protein,NC_005071.1,10646,11260,+,PMT0009,69.0,run_PMT0008,6,False,
PMT0009,,uncharacterized conserved membrane protein (DUF502),NC_005071.1,11330,12082,+,PMT0010,29.0,run_PMT0008,6,False,
PMT0010,nusB,transcription antitermination protein NusB,NC_005071.1,12112,12747,+,PMT0011,-1.0,run_PMT0008,6,False,
PMT0011,ftsY,signal recognition particle-docking protein FtsY,NC_005071.1,12747,14201,+,PMT0012,62.0,run_PMT0008,6,False,
PMT0012,rsbU,phosphoserine phosphatase RsbU/P,NC_005071.1,14264,15667,+,PMT0013,29.0,run_PMT0008,6,False,
PMT0013,argH,argininosuccinate lyase,NC_005071.1,15697,17109,+,PMT0014,123.0,run_PMT0008,6,False,
PMT0014,,RNA-binding domain RNP-1 (RNA recognition motif) containing protein,NC_005071.1,17233,17832,+,PMT0015,9.0,run_PMT0014,3,False,
PMT0015,dusA,tRNA dihydrouridine synthase,NC_005071.1,17842,18846,-,PMT0016,69.0,run_PMT0015,1,True,run_PMT0014
PMT0016,msrB,peptide methionine-R-sulfoxide reductase,NC_005071.1,18916,19422,+,PMT0017,-74.0,run_PMT0014,3,False,
PMT0017,,"flavoprotein, HI0933 family",NC_005071.1,19349,20671,+,PMT0018,-26.0,run_PMT0014,3,False,
PMT0018,pilC,"type II secretory pathway, component PulF",NC_005071.1,20646,21926,-,PMT0019,16.0,run_PMT0018,3,False,
PMT0019,pilT1,twitching motility protein PilT,NC_005071.1,21943,23019,-,PMT0020,10.0,run_PMT0018,3,False,
PMT0020,pilB,"type II secretory pathway, ATPase PulE/Tfp pilus assembly pathway, ATPase PilB",NC_005071.1,23030,24946,-,PMT0021,-2.0,run_PMT0018,3,False,
PMT0021,grpE,chaperone protein GrpE,NC_005071.1,24945,25658,+,PMT0022,44.0,run_PMT0021,4,False,
PMT0022,dnaJ1,DnaJ type I chaperone protein,NC_005071.1,25703,26839,+,PMT0023,-4.0,run_PMT0021,4,False,
PMT0023,,TusA-like domain-containing protein,NC_005071.1,26836,27081,+,PMT0024,-14.0,run_PMT0021,4,False,
PMT0024,rsgA,ribosome biogenesis GTPase / thiamine phosphate phosphatase,NC_005071.1,27068,28033,+,PMT0025,-44.0,run_PMT0021,4,False,
PMT0025,,"DNA-binding protein, YbaB/EbfC family",NC_005071.1,27990,28331,-,PMT0026,24.0,run_PMT0025,3,False,
PMT0026,murB,UDP-N-acetylenolpyruvoylglucosamine reductase,NC_005071.1,28356,29279,-,PMT0027,-25.0,run_PMT0025,3,False,
PMT0027,murC,UDP-N-acetylmuramate-alanine ligase,NC_005071.1,29255,30721,-,PMT0028,171.0,run_PMT0025,3,False,
PMT0028,gap2,glyceraldehyde-3-phosphate dehydrogenase,NC_005071.1,30893,31915,+,PMT0029,87.0,run_PMT0028,1,False,
PMT0029,thiL,thiamine-monophosphate kinase,NC_005071.1,32003,32986,-,PMT0030,10.0,run_PMT0029,2,False,
PMT0030,,cyclophilin type peptidyl-prolyl cis-trans isomerase/CLD family protein,NC_005071.1,32997,34079,-,PMT0031,65.0,run_PMT0029,2,False,
PMT0031,efp,translation elongation factor P,NC_005071.1,34145,34705,+,PMT0032,-1.0,run_PMT0031,4,False,
PMT0032,accB,"acetyl-CoA carboxylase, biotin carboxyl carrier protein",NC_005071.1,34705,35199,+,PMT0033,0.0,run_PMT0031,4,False,
PMT0033,pdxA,4-hydroxythreonine-4-phosphate dehydrogenase PdxA,NC_005071.1,35200,36231,-,PMT_2275,-2.0,run_PMT0033,3,True,run_PMT0031
PMT_2275,,uncharacterized conserved secreted protein,NC_005071.1,36230,36442,+,PMT0034,-29.0,run_PMT0031,4,True,run_PMT0033
PMT0034,,uncharacterized conserved NADP-binding domain-containing protein,NC_005071.1,36414,37334,-,PMT0035,32.0,run_PMT0033,3,True,run_PMT0031
PMT0035,,uncharacterized conserved membrane protein,NC_005071.1,37367,37588,+,PMT0036,7.0,run_PMT0031,4,True,run_PMT0033
PMT0036,,HNH endonuclease family protein,NC_005071.1,37596,37997,-,PMT0037,155.0,run_PMT0033,3,False,
PMT0037,,ATP-dependent DNA/RNA helicase,NC_005071.1,38153,39781,+,RG24_RS00195,-64.0,run_PMT0037,1,False,
RG24_RS00195,,tetratricopeptide repeat family protein,NC_005071.1,39718,40131,-,PMT0038,-23.0,run_RG24_RS00195,3,False,
PMT0038,,putative bacterial type II secretion system protein,NC_005071.1,40109,40555,-,PMT0039,62.0,run_RG24_RS00195,3,False,
PMT0039,,"conserved membrane protein, ArbrB family",NC_005071.1,40618,41133,-,PMT_0040,121.0,run_RG24_RS00195,3,False,
PMT_0040,,conserved hypothetical protein,NC_005071.1,41255,41551,+,PMT0041,37.0,run_PMT_0040,2,False,
PMT0041,,conserved hypothetical protein,NC_005071.1,41589,41819,+,PMT0042,134.0,run_PMT_0040,2,False,
PMT0042,,conserved hypothetical protein,NC_005071.1,41954,42178,+,PMT0043,223.0,run_PMT0042,1,False,
PMT0043,PSTA,3-phosphoserine transaminase,NC_005071.1,42402,43550,-,PMT0044,84.0,run_PMT0043,1,False,
PMT0044,cbiD,pseudocobalamin biosynthesis protein CbiD,NC_005071.1,43635,44786,+,PMT0045,40.0,run_PMT0044,2,False,
PMT0045,guaA,"GMP synthase (glutamine-hydrolyzing), N-terminal domain",NC_005071.1,44827,46413,+,PMT0046,469.0,run_PMT0044,2,False,
PMT0046,,Conserved hypotothetical protein,NC_005071.1,46883,47494,+,PMT0047,15.0,run_PMT0046,3,False,
PMT0047,,conserved hypothetical protein,NC_005071.1,47510,47911,+,PMT0048,5.0,run_PMT0046,3,False,
PMT0048,mrdA,transpeptidase involved in septal peptidoglycan synthesis (peptidoglycan synthetase precursor),NC_005071.1,47917,49719,+,PMT0049,35.0,run_PMT0046,3,False,
PMT0049,sqdX,sulfoquinovosyldiacylglycerol synthase,NC_005071.1,49755,50900,-,PMT0050,29.0,run_PMT0049,5,False,
PMT0050,sqdB,UDP-sulfoquinovose synthase,NC_005071.1,50930,52126,-,PMT0051,59.0,run_PMT0049,5,False,
PMT0051,psb34,high ligh-induced protein family,NC_005071.1,52186,52353,-,PMT0052,73.0,run_PMT0049,5,False,
PMT0052,thiG,thiazole synthase,NC_005071.1,52427,53251,-,PMT0053,88.0,run_PMT0049,5,False,
PMT0053,,conserved hypothetical protein,NC_005071.1,53340,53879,+,PMT0054,-33.0,run_PMT0053,1,True,run_PMT0049
PMT0054,ycf37,photosystem I assembly protein Ycf37,NC_005071.1,53847,54410,-,PMT0055,1016.0,run_PMT0049,5,False,
PMT0055,rplT,50S ribosomal protein L20,NC_005071.1,55427,55774,-,PMT0056,71.0,run_PMT0055,2,False,
PMT0056,rpmI,50S ribosomal protein L35,NC_005071.1,55846,56043,-,PMT0057,63.0,run_PMT0055,2,False,
PMT0057,spoIID,sporulation protein SpoIID,NC_005071.1,56107,57717,+,PMT0058,24.0,run_PMT0057,2,False,
PMT0058,mgdA,monoglycosyldiacylglycerol (MGlcDG) synthase,NC_005071.1,57742,59073,+,PMT0059,4.0,run_PMT0057,2,False,
PMT0059,dnaX,"DNA polymerase III, gamma and tau subunits",NC_005071.1,59078,60898,-,PMT0060,23.0,run_PMT0059,5,False,
PMT0060,,lecithin retinol acyltransferase family protein,NC_005071.1,60922,61605,-,PMT0061,4.0,run_PMT0059,5,False,
PMT0061,clpX,"ATP-dependent Clp protease ATP-binding subunit, ClpX",NC_005071.1,61610,62968,-,PMT0062,88.0,run_PMT0059,5,False,
PMT0062,clpP2,"ATP-dependent Clp protease, protease subunit",NC_005071.1,63057,63731,-,PMT0063,46.0,run_PMT0059,5,False,
PMT0063,tig,trigger factor,NC_005071.1,63778,65217,-,PMT0065,1202.0,run_PMT0059,5,False,
PMT0065,dapA,dihydrodipicolinate synthase,NC_005071.1,66420,67328,+,PMT0066,100.0,run_PMT0065,2,False,
PMT0066,rnjA,ribonuclease J,NC_005071.1,67429,69432,+,PMT0067,-15.0,run_PMT0065,2,False,
PMT0067,,conserved hypothetical protien,NC_005071.1,69418,70344,-,PMT0068,143.0,run_PMT0067,1,False,
PMT0068,tilS,tRNA(Ile)-lysidine synthetase,NC_005071.1,70488,71519,-,PMT0069,83.0,run_PMT0068,1,False,
PMT0069,ycf23,uncharacterized conserved TIM barrel-containing protein (Ycf23),NC_005071.1,71603,72379,+,PMT0070,44.0,run_PMT0069,2,False,
PMT0070,,uncharacterized membrane protein,NC_005071.1,72424,72843,+,PMT0071,104.0,run_PMT0069,2,False,
PMT0071,uvrB,"excinuclease UvrABC complex, helicase subunit",NC_005071.1,72948,74987,+,PMT_0072,349.0,run_PMT0071,1,False,
PMT_0072,,conserved hypothetical protein,NC_005071.1,75337,75576,+,PMT0073,28.0,run_PMT_0072,1,False,
PMT0073,lysC,"aspartate kinase, monofunctional class",NC_005071.1,75605,77392,-,PMT0074,48.0,run_PMT0073,6,False,
PMT0074,holA,"DNA polymerase III, delta subunit",NC_005071.1,77441,78451,-,PMT0075,65.0,run_PMT0073,6,False,
PMT0075,cobH,precorrin-8X methylmutase,NC_005071.1,78517,79140,+,PMT0076,-6.0,run_PMT0075,1,True,run_PMT0073
PMT0076,,"type I secretion system ABC transporter, HlyD family",NC_005071.1,79135,80310,-,PMT0077,1.0,run_PMT0073,6,False,
PMT0077,,"type I secretion system ABC transporter, HlyB family",NC_005071.1,80312,83239,-,PMT0078,-4.0,run_PMT0073,6,False,
PMT0078,,"peptidyl-prolyl cis-trans isomerase, PpiC-type",NC_005071.1,83236,83997,-,PMT0079,53.0,run_PMT0073,6,False,
PMT0079,mutS,DNA mismatch repair protein MutS,NC_005071.1,84051,86834,-,PMT0080,156.0,run_PMT0073,6,False,
PMT0080,psbZ,photosystem II protein PsbZ (Ycf9),NC_005071.1,86991,87191,+,PMT0081,55.0,run_PMT0080,2,False,
PMT0081,ribH,"6,7-dimethyl-8-ribityllumazine synthase",NC_005071.1,87247,87741,+,PMT0082,165.0,run_PMT0080,2,False,
PMT0082,wecD,acetyltransferase family protein,NC_005071.1,87907,88371,-,PMT0083,254.0,run_PMT0082,1,False,
PMT0083,secA,preprotein translocase SecA subunit,NC_005071.1,88626,91472,+,PMT_0084,314.0,run_PMT0083,1,False,
PMT_0084,rfbA,putative glucose-1-phosphate thymidylyltransferase,NC_005071.1,91787,91906,+,PMT0085,56.0,run_PMT_0084,2,False,
PMT0085,,glycosyltransferase domain protein,NC_005071.1,91963,92745,+,PMT0086,853.0,run_PMT_0084,2,False,
PMT0086,galE,UDP-glucose 4-epimerase GalE,NC_005071.1,93599,94525,+,PMT0087,-4.0,run_PMT0086,1,False,
PMT0087,,"glycosyltransferase, family 4",NC_005071.1,94522,96858,-,PMT0088,107.0,run_PMT0087,1,False,
PMT0088,,conserved hypothetical protein,NC_005071.1,96966,98018,+,PMT_0089,-8.0,run_PMT0088,2,False,
PMT_0089,oatA,acyltransferase family protein,NC_005071.1,98011,99216,+,PMT0090,318.0,run_PMT0088,2,False,
PMT0090,,hypothetical protein,NC_005071.1,99535,101931,+,PMT0091,127.0,run_PMT0090,1,False,
PMT0091,,conserved hypothetical protein,NC_005071.1,102059,104140,+,PMT_0092,14.0,run_PMT0091,11,False,
PMT_0092,,hypothetical protein,NC_005071.1,104155,104892,+,PMT_0093,-1.0,run_PMT0091,11,False,
PMT_0093,,ABC multidrug efflux transporter,NC_005071.1,104892,107837,+,PMT_0094,-4.0,run_PMT0091,11,False,
PMT_0094,,hlyD secretion family protein,NC_005071.1,107834,109219,+,PMT0095,28.0,run_PMT0091,11,False,
PMT0095,pseB,"UDP-N-acetylglucosamine 4,6-dehydratase (inverting)",NC_005071.1,109248,110267,+,PMT0096,-4.0,run_PMT0091,11,False,
PMT0096,pseC,"UDP-4-amino-4,6-dideoxy-N-acetyl-beta-L-altrosamine transaminase",NC_005071.1,110264,111430,+,PMT_0097,-4.0,run_PMT0091,11,False,
PMT_0097,,Predicted oxidoreductase,NC_005071.1,111427,112323,+,PMT0098,6.0,run_PMT0091,11,False,
PMT0098,,N-acetyl sugar amidotransferase family protein,NC_005071.1,112330,113577,+,PMT0099,2.0,run_PMT0091,11,False,
PMT0099,hisH2,imidazole glycerol phosphate synthase subunit hisH protein family,NC_005071.1,113580,114230,+,PMT0100,-7.0,run_PMT0091,11,False,
PMT0100,hisF,"possible imidazoleglycerol-phosphate synthase, cyclase subunit",NC_005071.1,114224,115009,+,PMT_0101,-4.0,run_PMT0091,11,False,
PMT_0101,,putative acetyltransferase,NC_005071.1,115006,115545,+,PMT0102,131.0,run_PMT0091,11,False,
PMT0102,,cytidylyltransferase family protein,NC_005071.1,115677,116495,+,PMT0103,149.0,run_PMT0102,1,False,
PMT0103,,"aminotransferase class III, pyridoxal-phosphate dependent",NC_005071.1,116645,117904,+,PMT_0104,3.0,run_PMT0103,4,False,
PMT_0104,pseG,glycosyltransferase family 28 C-terminal domain protein,NC_005071.1,117908,119506,+,PMT_0105,13.0,run_PMT0103,4,False,
PMT_0105,,hypothetical protein,NC_005071.1,119520,120917,+,PMT0106,-1.0,run_PMT0103,4,False,
PMT0106,legI,"N,N^-diacetyllegionaminate synthase",NC_005071.1,120917,121981,+,PMT_0107,212.0,run_PMT0103,4,False,
PMT_0107,,methyltransferase domain protein,NC_005071.1,122194,123066,-,PMT0108,-4.0,run_PMT_0107,4,False,
PMT0108,,"ABC-type lipopolysaccharide transport system, ATPase component",NC_005071.1,123063,124496,-,PMT0109,-1.0,run_PMT_0107,4,False,
PMT0109,,"ABC-type lipopolysaccharide transport system, permease component",NC_005071.1,124496,125308,-,PMT_0110,31.0,run_PMT_0107,4,False,
PMT_0110,,hypothetical protein,NC_005071.1,125340,126095,-,PMT0112,753.0,run_PMT_0107,4,False,
PMT0112,rfbA,glucose-1-phosphate thymidylyltransferase,NC_005071.1,126849,127775,+,PMT0113,-11.0,run_PMT0112,3,False,
PMT0113,rfbC,"dTDP-4-dehydrorhamnose 3,5-epimerase",NC_005071.1,127765,128382,+,PMT0114,-4.0,run_PMT0112,3,False,
PMT0114,rfbD,dTDP-4-dehydrorhamnose reductase,NC_005071.1,128379,129284,+,PMT0115,1480.0,run_PMT0112,3,False,
PMT0115,rfbB,"dTDP-glucose-4,6-dehydratase",NC_005071.1,130765,131877,+,PMT_0116,1165.0,run_PMT0115,1,False,
PMT_0116,,glycosyl transferase 2 family protein,NC_005071.1,133043,133621,+,PMT0117,715.0,run_PMT_0116,1,False,
PMT0117,cysE,serine O-acetyltransferase,NC_005071.1,134337,135092,-,PMT0118,214.0,run_PMT0117,1,False,
PMT0118,,"transcriptional regulator, GntR family",NC_005071.1,135307,136296,-,PMT0119,431.0,run_PMT0118,1,False,
PMT0119,infC,translation initiation factor IF-3,NC_005071.1,136728,137387,-,PMT0120,62.0,run_PMT0119,2,False,
PMT0120,miaA,tRNA delta-2-isopentenylpyrophosphate (IPP) adenosine transferase,NC_005071.1,137450,138349,-,PMT0121,178.0,run_PMT0119,2,False,
PMT0121,gyrB,"DNA gyrase, B subunit",NC_005071.1,138528,140495,+,PMT0122,-1.0,run_PMT0121,6,False,
PMT0122,,conserved hypothetical protein,NC_005071.1,140495,140821,+,PMT0123,1.0,run_PMT0121,6,False,
PMT0123,crcB1,fluoride exporter,NC_005071.1,140823,141209,+,PMT0124,-8.0,run_PMT0121,6,False,
PMT0124,crcB2,fluoride exporter,NC_005071.1,141202,141576,+,PMT0125,-26.0,run_PMT0121,6,False,
PMT0125,gpx,glutathione peroxidase,NC_005071.1,141551,142030,-,PMT0126,75.0,run_PMT0125,1,True,run_PMT0121
PMT0126,mgtE,magnesium transporter,NC_005071.1,142106,143527,+,PMT0127,94.0,run_PMT0121,6,False,
PMT0127,rpoD8,"RNA polymerase sigma factor, type II",NC_005071.1,143622,144629,+,PMT0128,-16.0,run_PMT0121,6,False,
PMT0128,,alpha/beta hydrolase fold family protein,NC_005071.1,144614,145525,-,PMT0129,-4.0,run_PMT0128,3,False,
PMT0129,,"RND family multidrug efflux transporter, MMPL family",NC_005071.1,145522,148782,-,PMT0130,7.0,run_PMT0128,3,False,
PMT0130,,"efflux transporter, RND family, MFP subunit",NC_005071.1,148790,149941,-,PMT0131,141.0,run_PMT0128,3,False,
PMT0131,sdhC,"succinate dehydrogenase/fumarate reductase, transmembrane subunit",NC_005071.1,150083,150715,+,PMT0132,-1.0,run_PMT0131,3,False,
PMT0132,sdhA,"succinate dehydrogenase/fumarate reductase, flavoprotein subunit",NC_005071.1,150715,152631,+,PMT0133,-4.0,run_PMT0131,3,False,
PMT0133,sdhB,"succinate dehydrogenase/fumarate reductase, Fe-S protein subunit",NC_005071.1,152628,153365,+,PMT0134,30.0,run_PMT0131,3,False,
PMT0134,,2OG-Fe(II) oxygenase superfamily protein,NC_005071.1,153396,154349,-,PMT0135,174.0,run_PMT0134,1,False,
PMT0135,mutY,A/G-specific DNA glycosylase,NC_005071.1,154524,155636,+,PMT0136,24.0,run_PMT0135,3,False,
PMT0136,cscK,fructokinase,NC_005071.1,155661,156701,+,PMT0137,-52.0,run_PMT0135,3,False,
PMT0137,tsaE,tRNA threonylcarbamoyladenosine biosynthesis protein TsaE,NC_005071.1,156650,157123,-,PMT0138,70.0,run_PMT0137,1,True,run_PMT0135
PMT0138,ahcY,adenosylhomocysteinase,NC_005071.1,157194,158624,+,PMT0139,107.0,run_PMT0135,3,False,
PMT0139,,putative prophage domain protein,NC_005071.1,158732,160246,+,PMT0140,39.0,run_PMT0139,2,False,
PMT0140,dedA2,dedA family protein,NC_005071.1,160286,160945,+,PMT0141,10.0,run_PMT0139,2,False,
PMT0141,ssb,single-stranded DNA-binding protein,NC_005071.1,160956,161342,-,PMT0142,143.0,run_PMT0141,1,False,
PMT0142,mreB,rod shape-determining protein MreB,NC_005071.1,161486,162538,+,PMT0143,4.0,run_PMT0142,4,False,
PMT0143,mreC,rod shape-determining protein MreC,NC_005071.1,162543,163286,+,PMT0144,-1.0,run_PMT0142,4,False,
PMT0144,,putative membrane protein,NC_005071.1,163286,163795,+,PMT0145,13.0,run_PMT0142,4,False,
PMT0145,srrA,"putative ABC transporter, sugar binding component",NC_005071.1,163809,165113,+,PMT0146,146.0,run_PMT0142,4,False,
PMT0146,srrA,"NblS-interacting two-component response regulator, OmpR family",NC_005071.1,165260,166132,+,PMT0147,46.0,run_PMT0146,3,False,
PMT0147,lysS,lysine--tRNA ligase,NC_005071.1,166179,167705,+,PMT0148,59.0,run_PMT0146,3,False,
PMT0148,,conserved hypothetical protein,NC_005071.1,167765,168028,+,PMT0149,1.0,run_PMT0146,3,False,
PMT0149,,conserved hypothetical protein,NC_005071.1,168030,168512,-,PMT0150,-4.0,run_PMT0149,4,False,
PMT0150,,conserved hypothetical protein,NC_005071.1,168509,168739,-,PMT0151,25.0,run_PMT0149,4,False,
PMT0151,egtD,dimethylhistidine N-methyltransferase,NC_005071.1,168765,169718,-,PMT0152,-4.0,run_PMT0149,4,False,
PMT0152,egtB,hercynine oxygenase,NC_005071.1,169715,170896,-,PMT_0153,1129.0,run_PMT0149,4,False,
PMT_0153,,conserved hypothetical protein,NC_005071.1,172026,172271,+,PMT0154,107.0,run_PMT_0153,1,False,
PMT0154,,serine/threonine protein kinase,NC_005071.1,172379,174253,+,PMT0155,143.0,run_PMT0154,1,False,
PMT0155,smpB,ssrA-binding protein,NC_005071.1,174397,174894,-,PMT0156,51.0,run_PMT0155,1,False,
PMT0156,ruvB,holliday junction ATP-dependent DNA helicase RuvB,NC_005071.1,174946,176004,+,PMT0157,-4.0,run_PMT0156,4,False,
PMT0157,,TPR repeat family protein,NC_005071.1,176001,176813,+,PMT0158,-4.0,run_PMT0156,4,False,
PMT0158,ama,N-acyl-L-amino acid amidohydrolase,NC_005071.1,176810,178006,+,PMT0159,-4.0,run_PMT0156,4,False,
PMT0159,,membrane protein of unknown function DUF3188,NC_005071.1,178003,178227,+,PMT0160,276.0,run_PMT0156,4,False,
PMT0160,thiC,thiamine biosynthesis protein,NC_005071.1,178504,179883,+,PMT_2287,2233.0,run_PMT0160,1,False,
PMT_2287,lanA,"lantipeptide precursor, Nif11-like leader peptide domain protein",NC_005071.1,182117,182299,+,PMT_0161,780.0,run_PMT_2287,1,False,
PMT_0161,,"protein of unknown function DUF1499, Prochlorococcus-specific",NC_005071.1,183080,183406,-,PMT0162,1622.0,run_PMT_0161,1,False,
PMT0162,,conserved hypothetical protein,NC_005071.1,185029,185646,-,PMT0163,2200.0,run_PMT0162,1,False,
PMT0163,aroK,shikimate kinase,NC_005071.1,187847,188425,-,PMT0164,52.0,run_PMT0163,1,False,
PMT0164,queD,queuosine biosynthesis protein QueD,NC_005071.1,188478,189398,+,PMT0165,8.0,run_PMT0164,4,False,
PMT0165,ribD2,5-amino-6-(5-phosphoribosylamino)uracil reductase,NC_005071.1,189407,190123,+,PMT_0166,20.0,run_PMT0164,4,False,
PMT_0166,,hypothetical protein,NC_005071.1,190144,190293,+,PMT_2291,0.0,run_PMT0164,4,False,
PMT_2291,,Hypothetical protein,NC_005071.1,190294,190434,+,PMT0168,429.0,run_PMT0164,4,False,
PMT0168,,"possible Negative factor, (F-Protein) or Nef.",NC_005071.1,190864,191691,+,PMT0170,681.0,run_PMT0168,1,False,
PMT0170,,protein of unknown function DUF482,NC_005071.1,192373,193509,+,PMT0171,114.0,run_PMT0170,1,False,
PMT0171,,possible Penicillin amidase,NC_005071.1,193624,193968,+,PMT0172,369.0,run_PMT0171,1,False,
PMT0172,,uncharacterised conserved protein UCP037673,NC_005071.1,194338,194709,+,PMT0173,15.0,run_PMT0172,1,False,
PMT0173,ccr1,cyanobacterial cold resistance protein,NC_005071.1,194725,196299,-,PMT0173a,151.0,run_PMT0173,1,False,
PMT0173a,petL,cytochrome b6/f complex subunit VI,NC_005071.1,196451,196543,+,PMT0174,-14.0,run_PMT0173a,1,False,
PMT0174,,"multidrug efflux transporter, MFS family",NC_005071.1,196530,197765,-,PMT0175,-4.0,run_PMT0174,2,False,
PMT0175,rimO,ribosomal protein S12 methylthiotransferase,NC_005071.1,197762,199180,-,PMT0176,108.0,run_PMT0174,2,False,
PMT0176,SynDsbAB,disulfide bond forming protein,NC_005071.1,199289,200230,+,PMT0177,10.0,run_PMT0176,1,False,
PMT0177,nadB,L-aspartate oxidase,NC_005071.1,200241,201911,-,PMT0178,70.0,run_PMT0177,2,False,
PMT0178,psbU,photosystem II 12 kDa extrinsic PsbU protein,NC_005071.1,201982,202344,-,PMT0179,111.0,run_PMT0177,2,False,
PMT0179,,uncharacterized membrane protein (DUF3120),NC_005071.1,202456,203247,-,PMT0180,95.0,run_PMT0179,1,False,
PMT0180,uppP,undecaprenyl-diphosphatase,NC_005071.1,203343,204224,+,PMT0181,21.0,run_PMT0180,2,False,
PMT0181,,conserved hypothetical protein,NC_005071.1,204246,205643,+,PMT0182,279.0,run_PMT0180,2,False,
PMT0182,tolC,"TolC-like outer membrane efflux protein, RND family",NC_005071.1,205923,207407,+,PMT0183,-1.0,run_PMT0182,2,False,
PMT0183,,Inositol monophosphatase family protein,NC_005071.1,207407,208219,+,PMT0184,6146.0,run_PMT0182,2,False,
PMT0184,mtnC,enolase-phosphatase E1,NC_005071.1,214366,215088,-,PMT0185,11.0,run_PMT0184,4,False,
PMT0185,mtnB,methylthioribulose-1-phosphate dehydratase,NC_005071.1,215100,215723,-,PMT0186,12.0,run_PMT0184,4,False,
PMT0186,mutM,formamidopyrimidine-DNA glycolase,NC_005071.1,215736,216611,-,PMT0187,5.0,run_PMT0184,4,False,
PMT0187,psaE,photosystem I reaction centre subunit IV,NC_005071.1,216617,216823,-,PMT0188,130.0,run_PMT0184,4,False,
PMT0188,,conserved hypothetical protein,NC_005071.1,216954,217994,+,PMT0189,71.0,run_PMT0188,2,False,
PMT0189,recQ,ATP-dependent DNA helicase,NC_005071.1,218066,219550,+,PMT0190,18.0,run_PMT0188,2,False,
PMT0190,,LysM domain-containing protein,NC_005071.1,219569,221014,-,PMT0191,100.0,run_PMT0190,4,False,
PMT0191,ALDH,aldehyde dehydrogenase (NAD+),NC_005071.1,221115,222494,-,PMT_2301,25.0,run_PMT0190,4,False,
PMT_2301,,Conserved hypothetical protein,NC_005071.1,222520,222660,-,PMT0192,40.0,run_PMT0190,4,False,
PMT0192,nplT,cyclomaltodextrinase / maltogenic alpha-amylase / neopullulanase,NC_005071.1,222701,224152,+,PMT0193,18.0,run_PMT0192,1,True,run_PMT0190
PMT0193,agcS,amino acid carrier family protein,NC_005071.1,224171,225565,-,PMT_2303,424.0,run_PMT0190,4,False,
PMT_2303,,Hypothetical protein,NC_005071.1,225990,226154,-,PMT_2304,413.0,run_PMT_2303,1,False,
PMT_2304,,conserved hypothetical protein,NC_005071.1,226568,226795,+,PMT_2305,283.0,run_PMT_2304,1,False,
PMT_2305,,Hypothetical protein,NC_005071.1,227079,227258,+,PMT0194,48.0,run_PMT_2305,2,False,
PMT0194,,conserved hypothetical protein (DUF1651),NC_005071.1,227307,227576,+,AKG35_RS13600,294.0,run_PMT_2305,2,False,
AKG35_RS13600,,hypothetical protein,NC_005071.1,227871,227993,-,PMT0195,24.0,run_AKG35_RS13600,1,False,
PMT0195,aroQ,"3-dehydroquinate dehydratase, type II",NC_005071.1,228018,228467,+,PMT0196,-4.0,run_PMT0195,4,False,
PMT0196,miaE,putative tRNA-(MS[2]IO[6]A)-hydroxylase,NC_005071.1,228464,229078,+,PMT0197,14.0,run_PMT0195,4,False,
PMT0197,mtnD,"1,2-dihydroxy-3-keto-5-methylthiopentene dioxygenase",NC_005071.1,229093,229650,-,PMT0198,62.0,run_PMT0197,1,True,run_PMT0195
PMT0198,cobI,precorrin-2 C20-methyltransferase,NC_005071.1,229713,230477,+,PMT0199,-1.0,run_PMT0195,4,False,
PMT0199,,uncharacterized conserved membrane protein,NC_005071.1,230477,231127,+,PMT0200,120.0,run_PMT0195,4,False,
PMT0200,dusB,"TIM-barrel , nifR3 family protein",NC_005071.1,231248,232258,-,PMT0201,302.0,run_PMT0200,1,False,
PMT0201,,conserved hypothetical protein,NC_005071.1,232561,232965,+,PMT_2307,297.0,run_PMT0201,1,False,
PMT_2307,lanA,"lantipeptide precursor, Nif11-like leader peptide domain protein",NC_005071.1,233263,233493,-,PMT0202,647.0,run_PMT_2307,1,False,
PMT0202,,conserved hypothetical protein,NC_005071.1,234141,234632,+,PMT0203,80.0,run_PMT0202,5,False,
PMT0203,engA,ribosome-associated GTPase,NC_005071.1,234713,236080,+,PMT0204,3.0,run_PMT0202,5,False,
PMT0204,cbiQ,transmembrane component of ECF transporter energizing module,NC_005071.1,236084,236998,+,PMT0205,17.0,run_PMT0202,5,False,
PMT0205,pipX,PII interaction protein X,NC_005071.1,237016,237282,+,PMT0206,7.0,run_PMT0202,5,False,
PMT0206,ylmE,conserved hypothetical protein YlmE,NC_005071.1,237290,237967,+,PMT0207,127.0,run_PMT0202,5,False,
PMT0207,sepF,cell division protein SepF (Cdv2),NC_005071.1,238095,238679,+,PMT0208,7.0,run_PMT0207,2,False,
PMT0208,proC,pyrroline-5-carboxylate reductase,NC_005071.1,238687,239511,+,PMT0209,1.0,run_PMT0207,2,False,
PMT0209,dgdA,digalactosyldiacylglycerol (DGDG) synthase,NC_005071.1,239513,240691,-,PMT0210,30.0,run_PMT0209,5,False,
PMT0210,,"multidrug efflux transporter, MFS family",NC_005071.1,240722,242137,-,PMT0211,-14.0,run_PMT0209,5,False,
PMT0211,recO,gap repair protein RecO,NC_005071.1,242124,242927,-,PMT0212,-4.0,run_PMT0209,5,False,
PMT0212,deoC,deoC/LacD aldolase family protein,NC_005071.1,242924,243607,-,PMT0213,15.0,run_PMT0209,5,False,
PMT0213,lrtA,light repressed protein A,NC_005071.1,243623,244210,-,PMT0214,12.0,run_PMT0209,5,False,
PMT0214,lipB,lipoyl(octanoyl) transferase,NC_005071.1,244223,244954,+,PMT0215,26.0,run_PMT0214,3,False,
PMT0215,fadD,long-chain acyl-CoA synthetase,NC_005071.1,244981,246975,+,PMT0216,69.0,run_PMT0214,3,False,
PMT0216,,conserved hypothetical protein,NC_005071.1,247045,247488,+,PMT0217,518.0,run_PMT0214,3,False,
PMT0217,,ion transport family protein,NC_005071.1,248007,248795,+,PMT0218,49.0,run_PMT0217,1,False,
PMT0218,,hypothetical protein,NC_005071.1,248845,249159,-,PMT0219,1070.0,run_PMT0218,1,False,
PMT0219,,conserved hypothetical protein,NC_005071.1,250230,250589,-,PMT0220,217.0,run_PMT0219,1,False,
PMT0220,pdhC,"pyruvate dehydrogenase complex, dihydrolipoamide acyltransferase (E2) component",NC_005071.1,250807,252126,+,PMT0221,69.0,run_PMT0220,3,False,
PMT0221,,"six-bladed beta-propeller, TolB-like protein",NC_005071.1,252196,253875,-,AKG35_RS13425,79.0,run_PMT0221,1,True,run_PMT0220
AKG35_RS13425,,hypothetical protein,NC_005071.1,253955,254239,+,PMT0222,99.0,run_PMT0220,3,False,
PMT0222,ydaO,amino acid permease family protein,NC_005071.1,254339,256186,+,PMT_2314,410.0,run_PMT0220,3,False,
PMT_2314,,Hypothetical protein,NC_005071.1,256597,256824,-,PMT0223,795.0,run_PMT_2314,1,False,
PMT0223,queA,S-adenosylmethionine:tRNA ribosyltransferase-isomerase,NC_005071.1,257620,258735,+,PMT0224,29.0,run_PMT0223,1,False,
PMT0224,cysK,O-acetylserine sulfhydrylase A,NC_005071.1,258765,259751,-,PMT0225,96.0,run_PMT0224,4,False,
PMT0225,,"O-succinylhomoserine(thiol)-lyase, MetB-like protein",NC_005071.1,259848,261320,-,PMT0226,-1.0,run_PMT0224,4,False,
PMT0226,metB,O-succinylhomoserine(thiol)-lyase,NC_005071.1,261320,262489,-,PMT0227,92.0,run_PMT0224,4,False,
PMT0227,rpsD,30S ribosomal protein S4,NC_005071.1,262582,263190,-,PMT0228,79.0,run_PMT0224,4,False,
PMT0228,yidD,inner membrane protein insertion factor,NC_005071.1,263270,263536,+,PMT0229,-1.0,run_PMT0228,3,False,
PMT0229,,thioredoxin family protein,NC_005071.1,263536,263847,+,PMT0230,28.0,run_PMT0228,3,False,
PMT0230,murE,"UDP-N-acetylmuramoyl-L-alanyl-D-glutamate--2,6-diaminopimelate ligase",NC_005071.1,263876,265399,+,PMT0231,120.0,run_PMT0228,3,False,
PMT0231,yqjL,alpha/beta hydrolase fold family protein,NC_005071.1,265520,266365,-,PMT0232,165.0,run_PMT0231,1,False,
PMT0232,hupE,hydrogenase/urease accessory protein,NC_005071.1,266531,267094,-,PMT0233,542.0,run_PMT0232,1,False,
PMT0233,c-des,pyridoxal phosphate-dependent monomeric L-cysteine/cystine C-S-lyase,NC_005071.1,267637,268839,-,PMT0234,34.0,run_PMT0233,1,False,
PMT0234,,site-specific recombinase XerD-like domain protein,NC_005071.1,268874,270097,+,AKG35_RS12655,170.0,run_PMT0234,1,False,
AKG35_RS12655,,possible Ser/Thr protein phosphatase,NC_005071.1,270268,270471,+,PMT0236,35.0,run_AKG35_RS12655,2,False,
PMT0236,,possible Ser/Thr protein phosphatase,NC_005071.1,270507,271064,+,PMT_2320,185.0,run_AKG35_RS12655,2,False,
PMT_2320,,Hypothetical protein,NC_005071.1,271250,271426,+,PMT0237,138.0,run_PMT_2320,1,False,
PMT0237,,possible (AF314193) Toutatis,NC_005071.1,271565,271894,+,PMT0238,8.0,run_PMT0237,1,False,
PMT0238,,bacteriocin-type signal sequence,NC_005071.1,271903,272205,-,PMT0239,213.0,run_PMT0238,1,False,
PMT0239,lanA,"lantipeptide precursor, Nif11-like leader peptide domain protein",NC_005071.1,272419,272691,-,PMT_0240,93.0,run_PMT0239,1,False,
PMT_0240,,conserved hypothetical protein,NC_005071.1,272785,273123,+,PMT_0241,232.0,run_PMT_0240,1,False,
PMT_0241,lanA,"lantipeptide precursor, Nif11-like leader peptide domain protein",NC_005071.1,273356,273631,-,PMT_0242,658.0,run_PMT_0241,1,False,
PMT_0242,lanA,"lantipeptide precursor, Nif11-like leader peptide domain protein",NC_005071.1,274290,274553,-,PMT0243,197.0,run_PMT_0242,1,False,
PMT0243,lanA,"lantipeptide precursor, Nif11-like leader peptide domain protein",NC_005071.1,274751,274996,-,PMT0244,223.0,run_PMT0243,1,False,
PMT0244,lanA,"lantipeptide precursor, Nif11-like leader peptide domain protein",NC_005071.1,275220,275483,-,PMT_2323,153.0,run_PMT0244,1,False,
PMT_2323,,Hypothetical protein,NC_005071.1,275637,275912,+,PMT_0245,247.0,run_PMT_2323,1,False,
PMT_0245,lanA,"lantipeptide precursor, Nif11-like leader peptide domain protein",NC_005071.1,276160,276447,-,PMT_2324,239.0,run_PMT_0245,1,False,
PMT_2324,,bacteriocin-type signal sequence,NC_005071.1,276687,276923,-,PMT_2325,103.0,run_PMT_2324,1,False,
PMT_2325,,Hypothetical protein,NC_005071.1,277027,277254,-,PMT0246,50.0,run_PMT_2325,2,False,
PMT0246,,possible Profilin,NC_005071.1,277305,277496,-,PMT_0247,283.0,run_PMT_2325,2,False,
PMT_0247,lanA,"lantipeptide precursor, Nif11-like leader peptide domain protein",NC_005071.1,277780,278025,-,PMT0249,518.0,run_PMT_0247,1,False,
PMT0249,desA2,delta-12 fatty acid desaturase DesA2,NC_005071.1,278544,279683,-,PMT0250,451.0,run_PMT0249,1,False,
PMT0250,lanM,type II lanthionine synthetase,NC_005071.1,280135,283341,-,PMT0251,631.0,run_PMT0250,1,False,
PMT0251,,possible Replication protein,NC_005071.1,283973,284377,-,PMT_2327,293.0,run_PMT0251,1,False,
PMT_2327,,Conserved hypothetical protein,NC_005071.1,284671,284904,-,PMT0252,575.0,run_PMT_2327,1,False,
PMT0252,lemA,putative lemA protein,NC_005071.1,285480,285986,+,PMT0253,-1.0,run_PMT0252,3,False,
PMT0253,,possible Galanin,NC_005071.1,285986,286975,+,PMT0254,52.0,run_PMT0252,3,False,
PMT0254,nifU,NifU-like protein,NC_005071.1,287028,287273,-,PMT0255,76.0,run_PMT0254,2,True,run_PMT0252
PMT0255,mqoA,malate:quinone oxidoreductase,NC_005071.1,287350,288840,+,PMT0256,81.0,run_PMT0252,3,True,run_PMT0254
PMT0256,,conserved hypothetical protein,NC_005071.1,288922,294219,-,PMT0257,959.0,run_PMT0254,2,False,
PMT0257,lepA,GTP-binding protein LepA,NC_005071.1,295179,296993,+,PMT0258,11.0,run_PMT0257,1,False,
PMT0258,,von Willebrand factor A-like domain-containing protein,NC_005071.1,297005,298624,-,PMT0259,113.0,run_PMT0258,1,False,
PMT0259,,conserved hypothetical protein,NC_005071.1,298738,299403,-,PMT_0260,7.0,run_PMT0259,4,False,
PMT_0260,,conserved hypothetical protein,NC_005071.1,299411,300202,-,PMT0261,-7.0,run_PMT0259,4,False,
PMT0261,,uncharacterized conserved membrane protein,NC_005071.1,300196,302181,-,PMT0262,-16.0,run_PMT0259,4,False,
PMT0262,,pilin polypeptide PilA-like N-terminal methylation domain-containing protein,NC_005071.1,302166,302693,-,PMT_0263,299.0,run_PMT0259,4,False,
PMT_0263,pilA,type IV pilin PilA,NC_005071.1,302993,303460,-,PMT_2332,370.0,run_PMT_0263,1,False,
PMT_2332,,conserved hypothetical protein,NC_005071.1,303831,304130,+,PMT0264,-17.0,run_PMT_2332,2,False,
PMT0264,,conserved hypothetical protein,NC_005071.1,304114,304539,+,PMT0265,467.0,run_PMT_2332,2,False,
PMT0265,,two-component sensor histidine kinase,NC_005071.1,305007,306506,+,PMT0266,91.0,run_PMT0265,5,False,
PMT0266,dppC,"ABC-type oligopeptide transporter, membrane component",NC_005071.1,306598,307413,+,PMT0267,63.0,run_PMT0265,5,False,
PMT0267,,uncharacterized conserved membrane protein,NC_005071.1,307477,307701,+,PMT0268,51.0,run_PMT0265,5,False,
PMT0268,trmH,tRNA guanosine-2^-O-methyltransferase,NC_005071.1,307753,308442,-,PMT0269,-2.0,run_PMT0268,1,True,run_PMT0265
PMT0269,ybaZ,6-O-alkylguanine DNA alkyltransferase-like protein,NC_005071.1,308441,308842,+,PMT0270,-1.0,run_PMT0265,5,False,
PMT0270,sun,ribosomal RNA small subunit methyltransferase B,NC_005071.1,308842,310197,+,PMT0271,6.0,run_PMT0265,5,False,
PMT0271,pbp1,penicillin-binding-like protein 1A (PBP1A)(transpeptidase),NC_005071.1,310204,312180,-,PMT0272,-4.0,run_PMT0271,3,False,
PMT0272,chlG,chlorophyll a synthase,NC_005071.1,312177,313130,-,PMT0273,10.0,run_PMT0271,3,False,
PMT0273,petP,cytochrome b6-f complex subunit PetP,NC_005071.1,313141,313359,-,PMT0274,56.0,run_PMT0271,3,False,
PMT0274,hisF,"imidazole glycerol phosphate synthase, cyclase subunit",NC_005071.1,313416,314186,+,PMT_2333,12.0,run_PMT0274,2,False,
PMT_2333,,Conserved hypothetical protein,NC_005071.1,314199,314333,+,PMT0277,744.0,run_PMT0274,2,False,
PMT0277,,conserved hypothetical protein,NC_005071.1,315078,315464,+,PMT0278,961.0,run_PMT0277,1,False,
PMT0278,,Predicted protein family PM-8,NC_005071.1,316426,316866,-,PMT0280,853.0,run_PMT0278,1,False,
PMT0280,,methyltransferase domain protein,NC_005071.1,317720,320044,+,RG24_RS01490,126.0,run_PMT0280,1,False,
RG24_RS01490,,Hypothetical protein,NC_005071.1,320171,320431,+,PMT0283,1265.0,run_RG24_RS01490,1,False,
PMT0283,glyQ,"glycine--tRNA ligase, alpha subunit",NC_005071.1,321697,322599,+,PMT0284,153.0,run_PMT0283,1,False,
PMT0284,som,outer membrane porin,NC_005071.1,322753,324363,+,PMT0285,349.0,run_PMT0284,1,False,
PMT0285,,possible peptidase,NC_005071.1,324713,324961,-,PMT0286,96.0,run_PMT0285,2,False,
PMT0286,piuC,iron-uptake factor PiuC,NC_005071.1,325058,325723,-,PMT0287,149.0,run_PMT0285,2,False,
PMT0287,idiA2,iron deficiency-induced protein A,NC_005071.1,325873,326901,+,AKG35_RS13150,206.0,run_PMT0287,1,False,
AKG35_RS13150,,hypothetical protein,NC_005071.1,327108,327314,-,PMT_0289,74.0,run_AKG35_RS13150,1,False,
PMT_0289,comEC,competence protein ComEC,NC_005071.1,327389,328333,+,PMT_2338,-79.0,run_PMT_0289,3,False,
PMT_2338,comEC,competence protein ComEC,NC_005071.1,328255,328845,+,PMT_2339,-19.0,run_PMT_0289,3,False,
PMT_2339,,Hypothetical protein,NC_005071.1,328827,328982,+,PMT0290,306.0,run_PMT_0289,3,False,
PMT0290,,phage integrase,NC_005071.1,329289,330557,+,PMT0291,9.0,run_PMT0290,1,False,
PMT0291,,"possible Zinc finger, C3HC4 type (RING finger)",NC_005071.1,330567,330884,-,PMT_2343,1569.0,run_PMT0291,1,False,
PMT_2343,,Hypothetical protein,NC_005071.1,332454,332633,-,PMT0293,88.0,run_PMT_2343,2,False,
PMT0293,,hypothetical protein,NC_005071.1,332722,333075,-,PMT0294,216.0,run_PMT_2343,2,False,
PMT0294,,site-specific recombinase,NC_005071.1,333292,333927,-,PMT0295,360.0,run_PMT0294,1,False,
PMT0295,,tetratricopeptide repeat family protein,NC_005071.1,334288,336471,+,PMT0296,85.0,run_PMT0295,2,False,
PMT0296,,tetratricopeptide repeat family protein,NC_005071.1,336557,339730,+,AKG35_RS13440,5.0,run_PMT0295,2,False,
AKG35_RS13440,,excalibur calcium-binding domain-containing protein,NC_005071.1,339736,339948,-,PMT0298,539.0,run_AKG35_RS13440,1,False,
PMT0298,,conserved hypothetical protein,NC_005071.1,340488,340811,-,PMT0299,-4.0,run_PMT0298,2,False,
PMT0299,,putative cation-dependent mannose-6-phosphate,NC_005071.1,340808,341341,-,PMT0300,152.0,run_PMT0298,2,False,
PMT0300,,tetratricopeptide repeat family protein,NC_005071.1,341494,343143,+,AKG35_RS13735,50.0,run_PMT0300,2,False,
AKG35_RS13735,,DUF805 domain-containing protein,NC_005071.1,343194,343604,+,RG24_RS01600,341.0,run_PMT0300,2,False,
RG24_RS01600,,hypothetical protein,NC_005071.1,343946,344281,-,PMT0301,330.0,run_RG24_RS01600,1,False,
PMT0301,,possible Fanconi anaemia group C protein,NC_005071.1,344612,345256,+,PMT0302,91.0,run_PMT0301,1,False,
PMT0302,,"type III restriction enzyme, res subunit",NC_005071.1,345348,349340,-,PMT0303,183.0,run_PMT0302,1,False,
PMT0303,,conserved hypothetical protein,NC_005071.1,349524,349802,+,PMT_0304,44.0,run_PMT0303,1,False,
PMT_0304,,prophage CP4-57 regulatory family protein,NC_005071.1,349847,350041,-,PMT0305,234.0,run_PMT_0304,1,False,
PMT0305,unk3,uncharacterized membrane protein,NC_005071.1,350276,350920,+,PMT_0307,332.0,run_PMT0305,1,False,
PMT_0307,,conserved hypothetical protein,NC_005071.1,351253,352092,+,PMT0308,109.0,run_PMT_0307,1,False,
PMT0308,oplAH,5-oxoprolinase (ATP-hydrolysing),NC_005071.1,352202,355876,-,PMT0309,78.0,run_PMT0308,2,False,
PMT0309,,conserved hypothetical protein,NC_005071.1,355955,356197,-,PMT0310,90.0,run_PMT0308,2,False,
PMT0310,,conserved hypothetical protein distantly related to alpha-glycosyltransferases family 4,NC_005071.1,356288,357520,+,PMT0311,30.0,run_PMT0310,2,False,
PMT0311,wcaJ,putative undecaprenyl-phosphate galactosephosphotransferase,NC_005071.1,357551,358309,+,PMT_2350,10.0,run_PMT0310,2,False,
PMT_2350,,conserved hypothetical protein,NC_005071.1,358320,358514,-,PMT0312,8.0,run_PMT_2350,3,False,
PMT0312,cobD,adenosylcobinamide-phosphate synthase,NC_005071.1,358523,359521,-,PMT0313,-4.0,run_PMT_2350,3,False,
PMT0313,ilvC,ketol-acid reductoisomerase,NC_005071.1,359518,360513,-,PMT0314,106.0,run_PMT_2350,3,False,
PMT0314,clpP3,"ATP-dependent Clp protease, protease subunit",NC_005071.1,360620,361222,-,PMT0315,89.0,run_PMT0314,3,False,
PMT0315,clpP4,"ATP-dependent Clp protease, protease subunit",NC_005071.1,361312,361983,-,PMT0316,30.0,run_PMT0314,3,False,
PMT0316,yacL,uncharacterized conserved membrane TRAM and PIN domains containing protein,NC_005071.1,362014,363183,-,PMT_0318,1235.0,run_PMT0314,3,False,
PMT_0318,panB,3-methyl-2-oxobutanoate hydroxymethyltransferase,NC_005071.1,364419,365237,-,PMT0319,154.0,run_PMT_0318,1,False,
PMT0319,ftsZ,cell division protein FtsZ,NC_005071.1,365392,366501,-,PMT0320,188.0,run_PMT0319,1,False,
PMT0320,ftsQ,cell division protein FtsQ,NC_005071.1,366690,367499,-,PMT0321,-4.0,run_PMT0320,4,False,
PMT0321,,conserved hypothetical protein,NC_005071.1,367496,367906,-,PMT0322,48.0,run_PMT0320,4,False,
PMT0322,ddlA,D-alanine--D-alanine ligase family protein,NC_005071.1,367955,369016,-,PMT0323,40.0,run_PMT0320,4,False,
PMT0323,miaB,tRNA-2-methylthio-N6-dimethylallyladenosine synthase,NC_005071.1,369057,370499,-,PMT0325,503.0,run_PMT0320,4,False,
PMT0325,,uncharacterized conserved secreted protein (DUF4359),NC_005071.1,371003,371356,+,PMT0326,-4.0,run_PMT0325,2,False,
PMT0326,codA,cytosine deaminase,NC_005071.1,371353,372606,+,PMT0327,497.0,run_PMT0325,2,False,
PMT0327,glcD2,alternative glycolate dehydrogenase GlcD2,NC_005071.1,373104,374444,+,PMT0328,587.0,run_PMT0327,1,False,
PMT0328,,"possible bromodomain adjacent to zinc finger domain, 2B...",NC_005071.1,375032,375979,-,PMT0329,387.0,run_PMT0328,1,False,
PMT0329,,pentapeptide repeats family protein,NC_005071.1,376367,376906,-,PMT0330,21.0,run_PMT0329,3,False,
PMT0330,folC,bifunctional dihydrofolate synthase / folylpolyglutamate synthase,NC_005071.1,376928,378169,-,PMT_0331,0.0,run_PMT0329,3,False,
PMT_0331,argD,acetylornithine/N-succinyldiaminopimelate aminotransferase,NC_005071.1,378170,379351,-,PMT0332,113.0,run_PMT0329,3,False,
PMT0332,murA,UDP-N-acetylglucosamine 1-carboxyvinyltransferase,NC_005071.1,379465,380769,-,PMT0333,278.0,run_PMT0332,1,False,
PMT0333,,conserved hypothetical protein,NC_005071.1,381048,381296,+,PMT0334,31.0,run_PMT0333,4,False,
PMT0334,spoU,"RNA methyltransferase, TrmH family",NC_005071.1,381328,382155,+,PMT0335,5.0,run_PMT0333,4,False,
PMT0335,lpdA,dihydrolipoamide dehydrogenase,NC_005071.1,382161,383630,+,PMT0336,63.0,run_PMT0333,4,False,
PMT0336,trpC,indole-3-glycerol phosphate synthase,NC_005071.1,383694,384599,+,PMT0337,327.0,run_PMT0333,4,False,
PMT0337,,conserved hypothetical protein,NC_005071.1,384927,385145,+,PMT0338,104.0,run_PMT0337,1,False,
PMT0338,,putative membrane protein,NC_005071.1,385250,385930,+,PMT0339,20.0,run_PMT0338,1,False,
PMT0339,sodX,nickel-type superoxide dismutase maturation protease,NC_005071.1,385951,386307,-,PMT0340,10.0,run_PMT0339,3,False,
PMT0340,sodN,superoxide dismutase [Ni],NC_005071.1,386318,386791,-,PMT0341,89.0,run_PMT0339,3,False,
PMT0341,fkpA,FKBP-type peptidyl-prolyl cis-trans isomerase,NC_005071.1,386881,387513,-,PMT_0342,596.0,run_PMT0339,3,False,
PMT_0342,,putative carbamoyl-phosphate synthase L chain,NC_005071.1,388110,389198,+,PMT0343,415.0,run_PMT_0342,1,False,
PMT0343,lnt,apolipoprotein N-acyltransferase,NC_005071.1,389614,391113,+,PMT0344,-20.0,run_PMT0343,2,False,
PMT0344,trmU,tRNA (5-methylaminomethyl-2-thiouridylate)-methyltransferase,NC_005071.1,391094,392323,-,PMT0345,50.0,run_PMT0344,1,True,run_PMT0343
PMT0345,yjef,bifunctional NAD(P)HX epimerase / NAD(P)HX dehydratase,NC_005071.1,392374,393975,+,PMT0346,112.0,run_PMT0343,2,False,
PMT0346,rpoD6,"RNA polymerase sigma factor, type II",NC_005071.1,394088,395029,+,PMT0347,61.0,run_PMT0346,1,False,
PMT0347,pdhA,pyruvate dehydrogenase E1 component complex alpha subunit,NC_005071.1,395091,396182,-,PMT0348,104.0,run_PMT0347,1,False,
PMT0348,zipN,cell division protein ZipN,NC_005071.1,396287,398272,+,PMT0349,69.0,run_PMT0348,5,False,
PMT0349,ffh,signal recognition particle protein,NC_005071.1,398342,399835,+,PMT0350,80.0,run_PMT0348,5,False,
PMT0350,rpsP,30S ribosomal protein S16,NC_005071.1,399916,400284,+,PMT0351,8.0,run_PMT0348,5,False,
PMT0351,phoH,phosphate starvation-inducible protein,NC_005071.1,400293,401264,+,PMT0352,76.0,run_PMT0348,5,False,
PMT0352,,uncharacterized membrane protein,NC_005071.1,401341,402081,+,AKG35_RS13155,236.0,run_PMT0348,5,False,
AKG35_RS13155,,hypothetical protein,NC_005071.1,402318,402503,-,PMT_2357,52.0,run_AKG35_RS13155,1,False,
PMT_2357,,"carbohydrate-selective porin, OprB family protein",NC_005071.1,402556,402714,+,PMT_2358,21.0,run_PMT_2357,3,False,
PMT_2358,,conserved hypothetical protein,NC_005071.1,402736,402900,+,PMT0353,53.0,run_PMT_2357,3,False,
PMT0353,,putative sodium dependent transporter domain protein,NC_005071.1,402954,403808,+,PMT0354,154.0,run_PMT_2357,3,False,
PMT0354,,conserved hypothetical protein UCP020893,NC_005071.1,403963,404484,-,PMT0355,-30.0,run_PMT0354,1,False,
PMT0355,era,GTP-binding protein Era,NC_005071.1,404455,405486,+,PMT_0356,177.0,run_PMT0355,1,False,
PMT_0356,trmD-ispF,"bifunctional tRNA-(guanine-N1)-methyltransferase / 2-C-methyl-D-erythritol 2,4-cyclodiphosphate synthase",NC_005071.1,405664,406896,+,PMT0357,-4.0,run_PMT_0356,3,False,
PMT0357,,antibiotic biosynthesis monooxygenase-like domain containing protein,NC_005071.1,406893,407327,+,PMT0358,-4.0,run_PMT_0356,3,False,
PMT0358,cpmA,circadian phase modifier CpmA,NC_005071.1,407324,408007,+,PMT_0359,-7.0,run_PMT_0356,3,False,
PMT_0359,,conserved hypothetical protein,NC_005071.1,408001,408168,-,PMT_0360,65.0,run_PMT_0359,2,False,
PMT_0360,,conserved hypothetical protein,NC_005071.1,408234,408401,-,PMT0361,128.0,run_PMT_0359,2,False,
PMT0361,,uncharacterized conserved glycin-rich membrane protein (DUF1517),NC_005071.1,408530,409507,-,PMT0362,25.0,run_PMT0361,3,False,
PMT0362,thiS,thiamine biosynthesis protein ThiS,NC_005071.1,409533,409745,-,PMT0363,-4.0,run_PMT0361,3,False,
PMT0363,thiE,thiamine-phosphate pyrophosphorylase,NC_005071.1,409742,410803,-,PMT0364,175.0,run_PMT0361,3,False,
PMT0364,ribF,riboflavin kinase / FMN adenylyltransferase,NC_005071.1,410979,411911,-,PMT0365,45.0,run_PMT0364,2,False,
PMT0365,,conserved membrane protein,NC_005071.1,411957,412520,+,PMT0366,-16.0,run_PMT0365,2,True,run_PMT0364
PMT0366,surE,5^-nucleotidase,NC_005071.1,412505,413314,-,PMT0367,70.0,run_PMT0364,2,True,run_PMT0365
PMT0367,pheS,"phenylalanine--tRNA ligase, alpha subunit",NC_005071.1,413385,414392,+,PMT0368,102.0,run_PMT0365,2,False,
PMT0368,ppnK,ATP-NAD kinase family protein,NC_005071.1,414495,415403,+,PMT0369,-4.0,run_PMT0368,3,False,
PMT0369,,uncharacterized conserved secreted protein,NC_005071.1,415400,415930,+,PMT0370,-4.0,run_PMT0368,3,False,
PMT0370,cobL,"precorrin-6Y C5,15-methyltransferase (decarboxylating)",NC_005071.1,415927,417222,-,PMT_0371,50.0,run_PMT0370,1,True,run_PMT0368
PMT_0371,,conserved hypothetical protein,NC_005071.1,417273,417572,+,PMT_0372,1121.0,run_PMT0368,3,False,
PMT_0372,,PQQ enzyme repeat family protein,NC_005071.1,418694,419083,+,PMT0373,102.0,run_PMT_0372,1,False,
PMT0373,,conserved hypothetical protein,NC_005071.1,419186,421699,+,PMT0374,81.0,run_PMT0373,3,False,
PMT0374,,conserved hypothetical protein,NC_005071.1,421781,422317,+,PMT0375,3.0,run_PMT0373,3,False,
PMT0375,ribD,diaminohydroxyphosphoribosylaminopyrimidine deaminase / 5-amino-6-(5-phosphoribosylamino)uracil reductase,NC_005071.1,422321,423427,+,PMT_0376,327.0,run_PMT0373,3,False,
PMT_0376,,potassium ion channel,NC_005071.1,423755,424549,-,PMT0377,305.0,run_PMT_0376,1,False,
PMT0377,yedK,putative SOS response associated peptidase,NC_005071.1,424855,425511,-,PMT0378,1407.0,run_PMT0377,1,False,
PMT0378,ftsH4,cell division protein FtsH,NC_005071.1,426919,428796,+,PMT0379,54.0,run_PMT0378,2,False,
PMT0379,argF,ornithine carbamoyltransferase,NC_005071.1,428851,429807,+,PMT0380,135.0,run_PMT0378,2,False,
PMT0380,lexA,SOS-response transcriptional repressor,NC_005071.1,429943,430566,+,PMT_0381,280.0,run_PMT0380,1,False,
PMT_0381,,putative phage integrase,NC_005071.1,430847,431248,+,RG24_RS02050,50.0,run_PMT_0381,3,False,
RG24_RS02050,,hypothetical protein,NC_005071.1,431299,431529,+,PMT0382,-8.0,run_PMT_0381,3,False,
PMT0382,,conserved hypothetical protein,NC_005071.1,431522,432148,+,AKG35_RS12700,113.0,run_PMT_0381,3,False,
AKG35_RS12700,,hypothetical protein,NC_005071.1,432262,432426,+,PMT0384,613.0,run_AKG35_RS12700,1,False,
PMT0384,def,peptide deformylase,NC_005071.1,433040,433618,-,PMT0385,128.0,run_PMT0384,1,False,
PMT0385,,dienelactone hydrolase family protein,NC_005071.1,433747,434406,-,PMT0386,363.0,run_PMT0385,1,False,
PMT0386,dnaQ,exonuclease family protein,NC_005071.1,434770,435699,-,PMT0387,41.0,run_PMT0386,1,False,
PMT0387,prxQ,2-Cys peroxiredoxin,NC_005071.1,435741,436202,+,PMT0388,-4.0,run_PMT0387,2,False,
PMT0388,,conserved hypothetical protein,NC_005071.1,436199,436927,+,PMT0389,12.0,run_PMT0387,2,False,
PMT0389,acs,acetate--CoA ligase,NC_005071.1,436940,438916,-,PMT0390,363.0,run_PMT0389,1,False,
PMT0390,,possible Coproporphyrinogen III oxidase,NC_005071.1,439280,439510,+,PMT0391,374.0,run_PMT0390,1,False,
PMT0391,,"HAD hydrolase, IA, variant 3 family protein",NC_005071.1,439885,440562,+,PMT0392,5.0,run_PMT0391,1,False,
PMT0392,sds,solanesyl diphosphate synthase,NC_005071.1,440568,441539,-,PMT0393,22.0,run_PMT0392,5,False,
PMT0393,murI,glutamate racemase,NC_005071.1,441562,442368,-,PMT0394,-4.0,run_PMT0392,5,False,
PMT0394,amiC,N-acetylmuramoyl-L-alanine amidase,NC_005071.1,442365,443459,-,PMT0395,4.0,run_PMT0392,5,False,
PMT0395,ybeM,deaminated glutathione amidase,NC_005071.1,443464,444285,-,PMT0396,42.0,run_PMT0392,5,False,
PMT0396,comB,2-phosphosulpholactate phosphatase,NC_005071.1,444328,445059,-,PMT0397,64.0,run_PMT0392,5,False,
PMT0397,ubiD,4-hydroxy-3-solanesylbenzoate decarboxylase,NC_005071.1,445124,446689,+,PMT0398,153.0,run_PMT0397,1,False,
PMT0398,aroA,3-phosphoshikimate 1-carboxyvinyltransferase,NC_005071.1,446843,448168,+,PMT0399,-26.0,run_PMT0398,2,False,
PMT0399,,S-adenosyl-L-methionine-dependent methyltransferase family protein,NC_005071.1,448143,449090,+,PMT0400,467.0,run_PMT0398,2,False,
PMT0400,glmU,bifunctional N-acetylglucosamine-1-phosphate uridyltransferase/glucosamine-1-phosphate acetyltransferase,NC_005071.1,449558,450898,+,PMT0401,26.0,run_PMT0400,1,False,
PMT0401,murF,UDP-N-acetylmuramoyl-tripeptide--D-alanyl-D-alanine ligase,NC_005071.1,450925,452322,-,PMT0402,-1.0,run_PMT0401,2,False,
PMT0402,,uncharacterized conserved membrane protein,NC_005071.1,452322,453041,-,PMT0403,120.0,run_PMT0401,2,False,
PMT0403,glgA,glycogen synthase,NC_005071.1,453162,454661,-,PMT0404,59.0,run_PMT0403,4,False,
PMT0404,,"L,D-transpeptidase catalytic domain protein",NC_005071.1,454721,455299,-,PMT0405,21.0,run_PMT0403,4,False,
PMT0405,menB,naphthoate synthase,NC_005071.1,455321,456214,-,PMT0406,5.0,run_PMT0403,4,False,
PMT0406,menD,2-succinyl-5-enolpyruvyl-6-hydroxy-3- cyclohexene-1-carboxylic-acid synthase,NC_005071.1,456220,458046,-,PMT0407,50.0,run_PMT0403,4,False,
PMT0407,lepB,signal peptidase I,NC_005071.1,458097,458717,+,PMT0408,15.0,run_PMT0407,2,False,
PMT0408,,conserved hypothetical protein (DUF760),NC_005071.1,458733,459083,+,PMT0409,-11.0,run_PMT0407,2,False,
PMT0409,,conserved hypothetical protein (DUF4336),NC_005071.1,459073,460296,-,PMT0411,885.0,run_PMT0409,1,False,
PMT0411,,putative nif11-like leader peptide domain protein,NC_005071.1,461182,461484,-,PMT0412,398.0,run_PMT0411,1,False,
PMT0412,bcsA,putative chalcone/stilbene synthase,NC_005071.1,461883,462977,-,PMT0413,-10.0,run_PMT0412,4,False,
PMT0413,,FAD-dependent oxidoreductase,NC_005071.1,462968,464125,-,PMT0414,1.0,run_PMT0412,4,False,
PMT0414,,S-adenosyl-L-methionine-dependent methyltransferase,NC_005071.1,464127,464846,-,PMT0415,22.0,run_PMT0412,4,False,
PMT0415,,conserved hypothetical protein,NC_005071.1,464869,465165,-,PMT0416,225.0,run_PMT0412,4,False,
PMT0416,mntB,"ABC-type Mn2+ transporter, membrane component",NC_005071.1,465391,466260,-,PMT0417,-4.0,run_PMT0416,3,False,
PMT0417,mntA,"ABC-type Mn2+ transport system, ATPase component",NC_005071.1,466257,467054,-,PMT0418,-1.0,run_PMT0416,3,False,
PMT0418,mntC,"ABC-type Mn2+ transporter, substrate binding protein",NC_005071.1,467054,468055,-,PMT0419,146.0,run_PMT0416,3,False,
PMT0419,psbA,photosystem II protein D1.1,NC_005071.1,468202,469278,-,PMT0420,155.0,run_PMT0419,1,False,
PMT0420,,uncharacterized conserved membrane protein (DUF697),NC_005071.1,469434,470801,-,PMT0421,220.0,run_PMT0420,1,False,
PMT0421,,Conserved hypothetical protein,NC_005071.1,471022,471624,+,PMT0422,3.0,run_PMT0421,2,False,
PMT0422,trpS,tryptophan--tRNA ligase,NC_005071.1,471628,472641,+,PMT0423,320.0,run_PMT0421,2,False,
PMT0423,,lysozyme,NC_005071.1,472962,473567,+,AKG35_RS13160,192.0,run_PMT0423,1,False,
AKG35_RS13160,,hypothetical protein,NC_005071.1,473760,473900,-,PMT0424,378.0,run_AKG35_RS13160,1,False,
PMT0424,thrS,threonyl-tRNA synthetase,NC_005071.1,474279,476201,+,PMT0425,468.0,run_PMT0424,1,False,
PMT0425,glk,glucokinase,NC_005071.1,476670,477731,+,PMT0426,14.0,run_PMT0425,5,False,
PMT0426,thrB,homoserine kinase,NC_005071.1,477746,478696,+,PMT0427,56.0,run_PMT0425,5,False,
PMT0427,ndhD2,NADH dehydrogenase I subunit NdhD (chain 4 or M),NC_005071.1,478753,480324,+,PMT0428,3.0,run_PMT0425,5,False,
PMT0428,prlC,oligopeptidase A,NC_005071.1,480328,482475,+,PMT0429,4.0,run_PMT0425,5,False,
PMT0429,,conserved hypothetical protein,NC_005071.1,482480,483970,+,PMT0430,436.0,run_PMT0425,5,False,
PMT0430,,putative membrane protein,NC_005071.1,484407,486008,+,PMT0431,843.0,run_PMT0430,1,False,
PMT0431,,conserved hypothetical protein,NC_005071.1,486852,487937,-,PMT0432,20.0,run_PMT0431,8,False,
PMT0432,,putative membrane protein,NC_005071.1,487958,488470,-,PMT0433,46.0,run_PMT0431,8,False,
PMT0433,,putative membrane protein,NC_005071.1,488517,489218,-,PMT0434,58.0,run_PMT0431,8,False,
PMT0434,,alpha/beta hydrolase fold family protein,NC_005071.1,489277,489897,-,PMT0435,21.0,run_PMT0431,8,False,
PMT0435,folB,dihydroneopterin aldolase,NC_005071.1,489919,490332,-,PMT0436,-34.0,run_PMT0431,8,False,
PMT0436,proA,glutamate-5-semialdehyde dehydrogenase,NC_005071.1,490299,491615,-,PMT0437,34.0,run_PMT0431,8,False,
PMT0437,xylR,putative xylose repressor,NC_005071.1,491650,492564,-,PMT0438,4.0,run_PMT0431,8,False,
PMT0438,,translocation and assembly module TamB-like protein,NC_005071.1,492569,497005,-,PMT0439,65.0,run_PMT0431,8,False,
PMT0439,,conserved hypothetical protein,NC_005071.1,497071,497550,+,PMT0440,-11.0,run_PMT0439,6,False,
PMT0440,,domain of unknown function DUF4332-containing protein,NC_005071.1,497540,497944,+,PMT0441,66.0,run_PMT0439,6,False,
PMT0441,,uncharacterized conserved secreted protein,NC_005071.1,498011,498277,+,PMT0442,-11.0,run_PMT0439,6,False,
PMT0442,,"X-Pro dipeptidyl-peptidase, S15 family",NC_005071.1,498267,499910,+,PMT0443,-46.0,run_PMT0439,6,False,
PMT0443,,uncharacterized conserved secreted protein,NC_005071.1,499865,500632,+,PMT0444,100.0,run_PMT0439,6,False,
PMT0444,glgB,"1,4-alpha-glucan branching enzyme",NC_005071.1,500733,503003,+,PMT0445,109.0,run_PMT0439,6,False,
PMT0445,hemE,uroporphyrinogen decarboxylase,NC_005071.1,503113,504171,+,PMT0446,-4.0,run_PMT0445,3,False,
PMT0446,,short chain dehydrogenase family protein,NC_005071.1,504168,505175,+,PMT0447,28.0,run_PMT0445,3,False,
PMT0447,petE,plastocyanin,NC_005071.1,505204,505563,+,PMT_0448,197.0,run_PMT0445,3,False,
PMT_0448,,nif11-like leader peptide domain protein,NC_005071.1,505761,505976,+,PMT0449,429.0,run_PMT_0448,1,False,
PMT0449,clpB1,ATP-dependent Clp protease ATP-binding subunit ClpB,NC_005071.1,506406,509003,+,PMT0450,49.0,run_PMT0449,1,False,
PMT0450,,putative 6-pyruvoyl tetrahydropterin synthase,NC_005071.1,509053,509538,-,PMT0453,1065.0,run_PMT0450,1,False,
PMT0453,hisIE,bifunctional phosphoribosyl-ATP pyrophosphohydrolase / phosphoribosyl-AMP cyclohydrolase,NC_005071.1,510604,511272,+,PMT0454,47.0,run_PMT0453,1,False,
PMT0454,,matrixin family protein,NC_005071.1,511320,511952,-,PMT0455,5.0,run_PMT0454,2,False,
PMT0455,,conserved hypothetical protein,NC_005071.1,511958,512428,-,PMT0456,238.0,run_PMT0454,2,False,
PMT0456,rpoD7,"RNA polymerase sigma factor, type II",NC_005071.1,512667,513593,+,PMT0457,110.0,run_PMT0456,1,False,
PMT0457,,conserved hypothetical protein (DUF1232),NC_005071.1,513704,514075,+,PMT0458,-1.0,run_PMT0457,4,False,
PMT0458,,conserved hypothetical protein,NC_005071.1,514075,514392,+,PMT0459,5.0,run_PMT0457,4,False,
PMT0459,,uncharacterized conserved secreted protein,NC_005071.1,514398,514682,+,PMT0460,29.0,run_PMT0457,4,False,
PMT0460,,phosphate-starvation-induced PsiE-like protein,NC_005071.1,514712,515242,+,PMT0462,767.0,run_PMT0457,4,False,
PMT0462,petJ3,cytochrome c553 (cytochrome c6),NC_005071.1,516010,516387,+,PMT0463,-25.0,run_PMT0462,1,False,
PMT0463,,YCII-like domain-containing protein,NC_005071.1,516363,516632,-,PMT0464,102.0,run_PMT0463,1,False,
PMT0464,cyabrB2,AbrB-like transcriptional regulator involved in photosynthesis regulation,NC_005071.1,516735,517106,+,PMT0465,133.0,run_PMT0464,1,False,
PMT0465,trpA,"tryptophan synthase, alpha subunit",NC_005071.1,517240,518067,-,PMT0466,46.0,run_PMT0465,3,False,
PMT0466,slr0815,conserved hypothetical protein,NC_005071.1,518114,518461,-,PMT_0467,4.0,run_PMT0465,3,False,
PMT_0467,ndhL,NADH dehydrogenase I subunit NdhL,NC_005071.1,518466,518672,-,PMT0468,325.0,run_PMT0465,3,False,
PMT0468,pyrC,"dihydroorotase, homodimeric type",NC_005071.1,518998,520062,-,PMT0469,413.0,run_PMT0468,1,False,
PMT0469,yrbG,cation:H+ antiporter,NC_005071.1,520476,521585,+,PMT0470,210.0,run_PMT0469,1,False,
PMT0470,gor,glutathione reductase,NC_005071.1,521796,523157,-,PMT0471,265.0,run_PMT0470,1,False,
PMT0471,gst,glutathione S-transferase,NC_005071.1,523423,524676,+,PMT0472,-1.0,run_PMT0471,2,False,
PMT0472,,secreted protein of unknown function DUF2808,NC_005071.1,524676,525206,+,PMT0473,168.0,run_PMT0471,2,False,
PMT0473,,putative membrane protein,NC_005071.1,525375,526346,-,PMT0474,-65.0,run_PMT0473,2,False,
PMT0474,gadA,glutamate decarboxylase,NC_005071.1,526282,527721,-,PMT0475,97.0,run_PMT0473,2,False,
PMT0475,,GCN5-related N-acetyltransferase,NC_005071.1,527819,528268,+,PMT0478,909.0,run_PMT0475,1,False,
PMT0478,,conserved hypothetical protein,NC_005071.1,529178,529597,+,PMT0479,73.0,run_PMT0478,2,False,
PMT0479,,conserved hypothetical protein,NC_005071.1,529671,530078,+,PMT_2376,244.0,run_PMT0478,2,False,
PMT_2376,,Conserved hypothetical protein,NC_005071.1,530323,530517,-,PMT0480,93.0,run_PMT_2376,2,False,
PMT0480,,short-chain dehydrogenase/reductase (SDR) superfamily,NC_005071.1,530611,531513,-,PMT0481,901.0,run_PMT_2376,2,False,
PMT0481,,conserved hypothetical protein,NC_005071.1,532415,533044,-,PMT0482,384.0,run_PMT0481,1,False,
PMT0482,,TPR repeat-containing protein,NC_005071.1,533429,534619,-,PMT0483,407.0,run_PMT0482,1,False,
PMT0483,,possible Malic enzyme,NC_005071.1,535027,535422,-,PMT0484,1105.0,run_PMT0483,1,False,
PMT0484,,possible Domain of unknown function DUF33,NC_005071.1,536528,536863,-,PMT0485,660.0,run_PMT0484,1,False,
PMT0485,,"uncharacterized secreted protein, Prochlorococcus-specific",NC_005071.1,537524,538030,+,PMT0486,338.0,run_PMT0485,1,False,
PMT0486,,conserved hypothetical protein,NC_005071.1,538369,538707,+,PMT_0488,859.0,run_PMT0486,1,False,
PMT_0488,,conserved hypothetical protein,NC_005071.1,539567,539884,+,PMT0489,656.0,run_PMT_0488,1,False,
PMT0489,,uncharacterized conserved membrane protein,NC_005071.1,540541,540954,-,PMT_2382,30.0,run_PMT0489,2,False,
PMT_2382,,conserved hypothetical protein,NC_005071.1,540985,541152,-,PMT_0490,134.0,run_PMT0489,2,False,
PMT_0490,treP,dipeptidyl aminopeptidase/peptidase S9 prolyl oligopeptidase,NC_005071.1,541287,541811,+,PMT_0491,57.0,run_PMT_0490,2,False,
PMT_0491,,dipeptidyl aminopeptidase/peptidase S9 prolyl oligopeptidase,NC_005071.1,541869,542534,+,PMT0492,427.0,run_PMT_0490,2,False,
PMT0492,msrA1,peptide methionine sulfoxide reductase,NC_005071.1,542962,543681,-,PMT0493,1076.0,run_PMT0492,1,False,
PMT0493,rpaC,regulator of phycobilisome association C,NC_005071.1,544758,545015,-,PMT0494,468.0,run_PMT0493,1,False,
PMT0494,,AhpC/TSA antioxidant enzyme domain-containing protein,NC_005071.1,545484,546167,+,PMT0495,526.0,run_PMT0494,1,False,
PMT0495,ftn,ferritin,NC_005071.1,546694,547227,+,PMT0496,1012.0,run_PMT0495,1,False,
PMT0496,pcb,"divinyl-chlorophyll a/b binding light harvesting protein, photosystem I-associated",NC_005071.1,548240,549346,+,PMT_2385,454.0,run_PMT0496,1,False,
PMT_2385,,Conserved hypothetical protein,NC_005071.1,549801,549971,-,PMT0497,759.0,run_PMT_2385,1,False,
PMT0497,,"possible transcriptional regulator of iron metabolism, Crp/Fnr family protein",NC_005071.1,550731,551327,+,PMT0499,390.0,run_PMT0497,1,False,
PMT0499,ftn,ferritin,NC_005071.1,551718,552296,-,PMT0501,446.0,run_PMT0499,1,False,
PMT0501,futC,iron(III) transport system ATP-binding protein,NC_005071.1,552743,553801,-,PMT0502,-1.0,run_PMT0501,2,False,
PMT0502,,"transcriptional regulator, Crp/Fnr family",NC_005071.1,553801,554583,-,PMT0503,981.0,run_PMT0501,2,False,
PMT0503,PmMIF,macrophage migration inhibitory factor MIF-like protein,NC_005071.1,555565,555912,+,PMT0504,204.0,run_PMT0503,1,False,
PMT0504,nth,endonuclease III,NC_005071.1,556117,556770,+,PMT0505,98.0,run_PMT0504,1,False,
PMT0505,,"serine peptidase, rhomboid family",NC_005071.1,556869,557426,-,PMT0506,330.0,run_PMT0505,1,False,
PMT0506,ycf39,NAD(P)-binding domain-containing protein,NC_005071.1,557757,558440,+,PMT0507,26.0,run_PMT0506,2,False,
PMT0507,,conserved hypothetical protein,NC_005071.1,558467,558676,+,PMT0508,163.0,run_PMT0506,2,False,
PMT0508,pstS,"phosphate ABC transporter, phosphate-binding protein PstS",NC_005071.1,558840,559823,-,PMT0509,351.0,run_PMT0508,1,False,
PMT0509,petJ2,cytochrome c553 (cytochrome c6),NC_005071.1,560175,560513,+,PMT0510,74.0,run_PMT0509,1,False,
PMT0510,rimI,acetyltransferase family protein,NC_005071.1,560588,561472,-,PMT0511,102.0,run_PMT0510,1,False,
PMT0511,,uncharacterized conserved membrane protein,NC_005071.1,561575,561820,-,PMT0512,-4.0,run_PMT0511,2,False,
PMT0512,,glutaredoxin family protein,NC_005071.1,561817,562422,-,PMT0513,155.0,run_PMT0511,2,False,
PMT0513,,CopG-like ribbon-helix-helix domain-containing protein,NC_005071.1,562578,562817,+,PMT0514,357.0,run_PMT0513,1,False,
PMT0514,MTG10.17,conserved hypothetical protein,NC_005071.1,563175,563744,+,PMT0515,27.0,run_PMT0514,1,False,
PMT0515,,possible ligand gated channel (GIC family),NC_005071.1,563772,564800,-,PMT0516,804.0,run_PMT0515,1,False,
PMT0516,,conserved hypothetical protein,NC_005071.1,565605,567134,+,PMT0517,119.0,run_PMT0516,1,False,
PMT0517,,CBS domains-containing protein,NC_005071.1,567254,567724,-,PMT0518,32.0,run_PMT0517,2,False,
PMT0518,pgsA,CDP-diacylglycerol--glycerol-3-phosphate 3-phosphatidyltransferase,NC_005071.1,567757,568326,+,PMT0519,-32.0,run_PMT0518,1,True,run_PMT0517
PMT0519,,conserved hypothetical protein,NC_005071.1,568295,569200,-,PMT0520,118.0,run_PMT0517,2,False,
PMT0520,hisA,1-(5-phosphoribosyl)-5-[(5- phosphoribosylamino)methylideneamino]imidazole-4- carboxamide isomerase,NC_005071.1,569319,570086,+,PMT0521,65.0,run_PMT0520,13,False,
PMT0521,,"Ferric uptake regulator family protein, fur family",NC_005071.1,570152,570616,+,PMT0522,71.0,run_PMT0520,13,False,
PMT0522,ycf55,conserved hypothetical protein,NC_005071.1,570688,572364,+,PMT0523,32.0,run_PMT0520,13,False,
PMT0523,,thioredoxin-like regulatory factor of photosystem I titer,NC_005071.1,572397,572966,+,PMT0524,81.0,run_PMT0520,13,False,
PMT0524,,uncharacterized conserved secreted protein,NC_005071.1,573048,574214,+,PMT0525,91.0,run_PMT0520,13,False,
PMT0525,,conserved hypothetical protein,NC_005071.1,574306,575301,+,PMT0526,5.0,run_PMT0520,13,False,
PMT0526,yqgF,DNA damage response protein YqgF / putative pre-16S rRNA nuclease,NC_005071.1,575307,575792,+,PMT0527,20.0,run_PMT0520,13,False,
PMT0527,,conserved hypothetical protein (DUF3727),NC_005071.1,575813,576349,+,PMT0528,5.0,run_PMT0520,13,False,
PMT0528,,haloacid dehalogenase (HAD) family phosphatase,NC_005071.1,576355,576864,+,PMT0529,-4.0,run_PMT0520,13,False,
PMT0529,proB,glutamate 5-kinase,NC_005071.1,576861,577946,+,PMT0530,56.0,run_PMT0520,13,False,
PMT0530,lpxD,UDP-3-O-[3-hydroxymyristoyl] glucosamine N-acyltransferase,NC_005071.1,578003,579046,+,PMT0531,37.0,run_PMT0520,13,False,
PMT0531,leuB,3-isopropylmalate dehydrogenase,NC_005071.1,579084,580157,+,PMT0532,97.0,run_PMT0520,13,False,
PMT0532,prkB,phosphoribulokinase,NC_005071.1,580255,581157,+,PMT0533,385.0,run_PMT0520,13,False,
PMT0533,pilD,leader peptidase (prepilin peptidase) / N-methyltransferase,NC_005071.1,581543,582355,+,PMT0534,187.0,run_PMT0533,1,False,
PMT0534,accD,"acetyl-CoA carboxylase, carboxyl transferase beta subunit",NC_005071.1,582543,583424,+,PMT0535,44.0,run_PMT0534,3,False,
PMT0535,,conserved hypothetical protein,NC_005071.1,583469,583837,+,PMT0536,9.0,run_PMT0534,3,False,
PMT0536,mviM,"oxidoreductase, NAD-binding Rossmann fold family protein",NC_005071.1,583847,584956,+,PMT0537,120.0,run_PMT0534,3,False,
PMT0537,fbaA,"fructose-1,6-bisphosphate aldolase, class II",NC_005071.1,585077,586150,+,PMT0538,59.0,run_PMT0537,1,False,
PMT0538,,LD-carboxypeptidase family protein,NC_005071.1,586210,587187,-,PMT0539,6.0,run_PMT0538,3,False,
PMT0539,purQ,"phosphoribosylformylglycinamidine (FGAM) synthase, glutamine amidotransferase domain",NC_005071.1,587194,587847,-,PMT0540,7.0,run_PMT0538,3,False,
PMT0540,purS,"phosphoribosylformylglycinamidine (FGAM) synthase, PurS component",NC_005071.1,587855,588124,-,PMT0541,416.0,run_PMT0538,3,False,
PMT0541,por,pyruvate:ferredoxin (flavodoxin) oxidoreductase,NC_005071.1,588541,593277,-,PMT0542,668.0,run_PMT0541,1,False,
PMT0542,,"putative Na+/H+ antiporter, CPA1 family",NC_005071.1,593946,595175,+,PMT0543,297.0,run_PMT0542,1,False,
PMT0543,,"beta-glycosyltransferase, family 2",NC_005071.1,595473,596696,-,PMT_0544,650.0,run_PMT0543,1,False,
PMT_0544,,conserved hypothetical protein,NC_005071.1,597347,597709,+,PMT0545,770.0,run_PMT_0544,1,False,
PMT0545,,conserved hypothetical protein,NC_005071.1,598480,598935,-,PMT_2396,211.0,run_PMT0545,1,False,
PMT_2396,,conserved hypothetical protein (DUF4278),NC_005071.1,599147,599314,-,PMT_2397,15.0,run_PMT_2396,1,False,
PMT_2397,,Hypothetical protein,NC_005071.1,599330,599509,+,PMT0546,885.0,run_PMT_2397,1,False,
PMT0546,,uncharacterized TonB box-containing membrane protein,NC_005071.1,600395,601174,+,PMT0547,540.0,run_PMT0546,1,False,
PMT0547,,conserved hypothetical protein,NC_005071.1,601715,602227,+,PMT0548,407.0,run_PMT0547,1,False,
PMT0548,,short-chain dehydrogenase/reductase family,NC_005071.1,602635,603345,-,PMT_2399,52.0,run_PMT0548,2,False,
PMT_2399,,Conserved hypothetical protein,NC_005071.1,603398,603589,-,PMT_0549,355.0,run_PMT0548,2,False,
PMT_0549,,Uncharacterized conserved membrane protein,NC_005071.1,603945,604493,-,PMT0550,475.0,run_PMT_0549,1,False,
PMT0550,,conserved hypothetical protein,NC_005071.1,604969,605403,-,PMT0551,422.0,run_PMT0550,1,False,
PMT0551,gbmt2,dimethylglycine N-methyltransferase,NC_005071.1,605826,606653,-,PMT0552,44.0,run_PMT0551,2,False,
PMT0552,gbmt1,glycine/sarcosine N-methyltransferase,NC_005071.1,606698,607540,-,PMT0553,323.0,run_PMT0551,2,False,
PMT0553,proV,"ABC-type proline/glycine betaine transport system, ATPase component",NC_005071.1,607864,609015,+,PMT0554,-4.0,run_PMT0553,3,False,
PMT0554,proW,"ABC-type glycine betaine/proline transporter, membrane component",NC_005071.1,609012,609926,+,PMT0555,-4.0,run_PMT0553,3,False,
PMT0555,proX,"ABC-type glycine betaine/proline transporter, substrate binding component",NC_005071.1,609923,610831,+,PMT0556,42.0,run_PMT0553,3,False,
PMT0556,cobW,pseudocobalamin biosynthesis protein CobW,NC_005071.1,610874,611989,-,PMT0557,26.0,run_PMT0556,2,False,
PMT0557,,pentapeptide repeats family protein,NC_005071.1,612016,612612,-,PMT0558,-2.0,run_PMT0556,2,False,
PMT0558,upp,putative uracil phosphoribosyltransferase,NC_005071.1,612611,613228,+,PMT0559,24.0,run_PMT0558,3,False,
PMT0559,,conserved hypothetical protein,NC_005071.1,613253,613546,+,PMT0560,40.0,run_PMT0558,3,False,
PMT0560,ilvD,dihydroxy-acid dehydratase,NC_005071.1,613587,615257,+,PMT0561,11.0,run_PMT0558,3,False,
PMT0561,,conserved hypothetical protein,NC_005071.1,615269,615664,-,PMT0562,263.0,run_PMT0561,1,False,
PMT0562,,NADH:ubiquinone oxidoreductase complex I intermediate-associated CIA30-like protein,NC_005071.1,615928,616497,-,PMT0564,886.0,run_PMT0562,1,False,
PMT0564,pgl,6-phosphogluconolactonase,NC_005071.1,617384,618094,-,PMT0565,10.0,run_PMT0564,2,False,
PMT0565,gnd,6-phosphogluconate dehydrogenase,NC_005071.1,618105,619523,-,PMT0566,176.0,run_PMT0564,2,False,
PMT0566,glgC,glucose-1-phosphate adenylyltransferase,NC_005071.1,619700,620995,-,PMT0567,123.0,run_PMT0566,1,False,
PMT0567,hemA,glutamyl-tRNA reductase,NC_005071.1,621119,622429,-,PMT0568,31.0,run_PMT0567,2,False,
PMT0568,fbp-sbp,"bifunctional fructose-1,6-biphosphatase/sedoheptulose1,7-biphosphate phosphatase",NC_005071.1,622461,623465,-,PMT0569,212.0,run_PMT0567,2,False,
PMT0569,rpe,ribulose-phosphate 3-epimerase,NC_005071.1,623678,624361,+,PMT0570,85.0,run_PMT0569,1,False,
PMT0570,ccsA,cytochrome c-type biogenesis protein,NC_005071.1,624447,625403,-,PMT0571,39.0,run_PMT0570,6,False,
PMT0571,lptG,"lipopolysaccharide export system, permease component",NC_005071.1,625443,626654,-,PMT0572,-4.0,run_PMT0570,6,False,
PMT0572,lptB,"lipopolysaccharide export system, ATP-binding component LptB",NC_005071.1,626651,627379,-,PMT0573,-4.0,run_PMT0570,6,False,
PMT0573,lptA,"lipopolysaccharide export system, ATPase component",NC_005071.1,627376,627813,-,PMT0574,51.0,run_PMT0570,6,False,
PMT0574,,conserved hypothetical protein (DUF309),NC_005071.1,627865,628254,-,PMT0575,8.0,run_PMT0570,6,False,
PMT0575,typA,GTP-binding protein TypA/BipA,NC_005071.1,628263,630065,-,PMT0576,145.0,run_PMT0570,6,False,
PMT0576,vanY,D-alanyl-D-alanine carboxypeptidase,NC_005071.1,630211,630942,-,PMT0577,109.0,run_PMT0576,1,False,
PMT0577,chlP,geranylgeranyl reductase,NC_005071.1,631052,632458,+,PMT0578,17.0,run_PMT0577,2,False,
PMT0578,glyS,"glycyl-tRNA synthetase, beta subunit",NC_005071.1,632476,634641,-,PMT0579,96.0,run_PMT0578,2,True,run_PMT0577
PMT0579,sir,sulfite reductase (ferredoxin),NC_005071.1,634738,636534,+,PMT0580,-46.0,run_PMT0577,2,True,run_PMT0578
PMT0580,ddpX,D-alanyl-D-alanine dipeptidase,NC_005071.1,636489,637247,-,PMT0581,324.0,run_PMT0578,2,False,
PMT0581,recG,ATP-dependent DNA helicase,NC_005071.1,637572,640112,-,PMT0582,-52.0,run_PMT0581,4,False,
PMT0582,,conserved hypothetical protein,NC_005071.1,640061,641272,-,PMT0583,23.0,run_PMT0581,4,False,
PMT0583,tsf,Translation elongation factor Ts,NC_005071.1,641296,641952,-,PMT0584,82.0,run_PMT0581,4,False,
PMT0584,rpsB,30S ribosomal protein S2,NC_005071.1,642035,642754,-,PMT0585,140.0,run_PMT0581,4,False,
PMT0585,wcaA,"beta-glycosyltransferase, family 2",NC_005071.1,642895,643827,-,PMT_0586,101.0,run_PMT0585,1,False,
PMT_0586,,conserved hypothetical protein,NC_005071.1,643929,644084,-,PMT0587,37.0,run_PMT_0586,5,False,
PMT0587,devA,"DEVA-like ABC transporter, ATP-binding subunit",NC_005071.1,644122,644811,-,PMT0588,42.0,run_PMT_0586,5,False,
PMT0588,devC,ABC exporter transmembrane subunit,NC_005071.1,644854,646023,-,PMT0589,-1.0,run_PMT_0586,5,False,
PMT0589,devB,"ABC exporter membrane fusion, DevB family",NC_005071.1,646023,646907,-,PMT0590,20.0,run_PMT_0586,5,False,
PMT0590,pcyA,phycocyanobilin:ferredoxin oxidoreductase,NC_005071.1,646928,647722,-,PMT0591,61.0,run_PMT_0586,5,False,
PMT0591,,peptidase M16 inactive domain protein,NC_005071.1,647784,648980,+,PMT0592,-97.0,run_PMT0591,4,False,
PMT0592,,"metallopeptidase, M16 family",NC_005071.1,648884,650251,+,PMT0593,-4.0,run_PMT0591,4,False,
PMT0593,sipA,activator of the histidine kinase NblS,NC_005071.1,650248,650487,-,PMT0594,56.0,run_PMT0593,1,True,run_PMT0591
PMT0594,bioY,"biotin ECF transporter, substrate component",NC_005071.1,650544,651116,+,PMT0595,-4.0,run_PMT0591,4,False,
PMT0595,ispA,signal peptidase II,NC_005071.1,651113,651610,+,PMT0596,176.0,run_PMT0591,4,False,
PMT0596,,possible Carbamoyl-phosphate synthase L chain,NC_005071.1,651787,652179,+,PMT0597,-4.0,run_PMT0596,2,False,
PMT0597,,50S ribosome-binding GTPase family protein,NC_005071.1,652176,653774,+,PMT0598,87.0,run_PMT0596,2,False,
PMT0598,gadB,pyridoxal phosphate-dependent decarboxylase,NC_005071.1,653862,655274,-,PMT0599,102.0,run_PMT0598,1,False,
PMT0599,cumB,cytidine and deoxycytidylate deaminase zinc-binding region family protein,NC_005071.1,655377,655868,+,PMT0600,-59.0,run_PMT0599,1,False,
PMT0600,spt,alanine--glyoxylate aminotransferase,NC_005071.1,655810,656994,-,PMT0601,550.0,run_PMT0600,1,False,
PMT0601,glnA,"glutamine synthetase, type I",NC_005071.1,657545,658966,+,PMT0602,865.0,run_PMT0601,1,False,
PMT0602,,"putative autoinducer 2 exporter, YhhT family",NC_005071.1,659832,660833,-,PMT0603,-4.0,run_PMT0602,4,False,
PMT0603,perM,"putative autoinducer 2 exporter, YhhT family",NC_005071.1,660830,661912,-,PMT0604,34.0,run_PMT0602,4,False,
PMT0604,psb28,photosystem II reaction centre Psb28 protein,NC_005071.1,661947,662300,-,PMT0605,25.0,run_PMT0602,4,False,
PMT0605,selU,tRNA 2-selenouridine synthase,NC_005071.1,662326,663426,-,PMT0606,39.0,run_PMT0602,4,False,
PMT0606,ycf53,ferredoxin-interacting protein Ycf53,NC_005071.1,663466,664182,+,PMT0607,64.0,run_PMT0606,2,False,
PMT0607,rsbW,anti-sigma regulatory factor,NC_005071.1,664247,664717,+,PMT0608,495.0,run_PMT0606,2,False,
PMT0608,,conserved hypothetical protein (DUF3104),NC_005071.1,665213,665614,-,PMT0609,84.0,run_PMT0608,4,False,
PMT0609,,conserved hypothetical protein,NC_005071.1,665699,665953,-,PMT_0610,54.0,run_PMT0608,4,False,
PMT_0610,,conserved hypothetical protein,NC_005071.1,666008,666280,+,PMT0611,17.0,run_PMT_0610,1,True,run_PMT0608
PMT0611,,conserved hypothetical protein,NC_005071.1,666298,666618,-,PMT0612,96.0,run_PMT0608,4,False,
PMT0612,,S-adenosyl-L-methionine-dependent methyltransferase,NC_005071.1,666715,667788,-,PMT_0613,524.0,run_PMT0608,4,False,
PMT_0613,,nif11-like leader peptide domain protein,NC_005071.1,668313,668552,-,PMT0615,1195.0,run_PMT_0613,1,False,
PMT0615,,uncharacterized conserved membrane protein,NC_005071.1,669748,670008,-,PMT0616,-8.0,run_PMT0615,4,False,
PMT0616,secF,Preprotein translocase SecF subunit,NC_005071.1,670001,671080,-,PMT0617,3.0,run_PMT0615,4,False,
PMT0617,secD,preprotein translocase SecD subunit,NC_005071.1,671084,672571,-,PMT0618,3.0,run_PMT0615,4,False,
PMT0618,phdB,pyruvate dehydrogenase E1 component beta subunit,NC_005071.1,672575,673558,-,PMT0619,203.0,run_PMT0615,4,False,
PMT0619,,uncharacterized membrane protein (DUF3082),NC_005071.1,673762,674115,-,PMT0620,-4.0,run_PMT0619,3,False,
PMT0620,ispE,4-(cytidine 5^-diphospho)-2-C-methyl-D-erythritol kinase,NC_005071.1,674112,675071,-,PMT0621,-4.0,run_PMT0619,3,False,
PMT0621,ksgA,dimethyladenosine transferase,NC_005071.1,675068,675910,-,PMT_2412,310.0,run_PMT0619,3,False,
PMT_2412,,Hypothetical protein,NC_005071.1,676221,676475,-,PMT0623,146.0,run_PMT_2412,1,False,
PMT0623,gdhA,glutamate dehydrogenase,NC_005071.1,676622,677977,-,PMT0624,251.0,run_PMT0623,1,False,
PMT0624,,uncharacterised protein family UPF0102,NC_005071.1,678229,678609,-,PMT0625,640.0,run_PMT0624,1,False,
PMT0625,,eamA-like transporter family protein,NC_005071.1,679250,680182,+,PMT0626,231.0,run_PMT0625,1,False,
PMT0626,,pentapeptide repeats family protein,NC_005071.1,680414,680890,+,PMT0627,22.0,run_PMT0626,2,False,
PMT0627,,conserved hypothetical protein,NC_005071.1,680913,681344,+,PMT_0628,1207.0,run_PMT0626,2,False,
PMT_0628,pspE,rhodanese-like domain protein,NC_005071.1,682552,682905,-,PMT0629,532.0,run_PMT_0628,1,False,
PMT0629,,conserved hypothetical protein,NC_005071.1,683438,683812,+,PMT0630,543.0,run_PMT0629,1,False,
PMT0630,,conserved hypothetical protein,NC_005071.1,684356,685156,-,PMT0632,1135.0,run_PMT0630,1,False,
PMT0632,rlmH,putative SPOUT methyltransferase family protein,NC_005071.1,686292,686744,+,PMT0633,358.0,run_PMT0632,1,False,
PMT0633,,"uncharacterized conserved, 2TM domain-containing membrane protein",NC_005071.1,687103,687363,+,PMT0634,346.0,run_PMT0633,1,False,
PMT0634,,uncharacterized conserved RmlC-like cupin domain-containing secreted protein,NC_005071.1,687710,688048,+,PMT0635,181.0,run_PMT0634,1,False,
PMT0635,umuD,"DNA polymerase V, subunit D",NC_005071.1,688230,688706,+,PMT0636,113.0,run_PMT0635,1,False,
PMT0636,,possible PH domain,NC_005071.1,688820,689458,-,PMT_0637,126.0,run_PMT0636,1,False,
PMT_0637,,hypothetical protein,NC_005071.1,689585,689758,-,PMT0638,64.0,run_PMT_0637,1,False,
PMT0638,umuC,"DNA polymerase V, subunit C",NC_005071.1,689823,691097,+,PMT0639,428.0,run_PMT0638,1,False,
PMT0639,,conserved hypothetical protein,NC_005071.1,691526,691822,-,PMT0640,39.0,run_PMT0639,2,False,
PMT0640,,conserved hypothetical protein,NC_005071.1,691862,692116,-,PMT0641,345.0,run_PMT0639,2,False,
PMT0641,dnaG,DNA primase,NC_005071.1,692462,694516,-,PMT0642,185.0,run_PMT0641,1,False,
PMT0642,,curli production assembly/transport component CsgG family protein,NC_005071.1,694702,695514,-,PMT0643,222.0,run_PMT0642,1,False,
PMT0643,,permease of the drug/metabolite transporter (DMT) superfamily,NC_005071.1,695737,696651,+,RG24_RS03380,209.0,run_PMT0643,1,False,
RG24_RS03380,,hypothetical protein,NC_005071.1,696861,697088,-,PMT0644,847.0,run_RG24_RS03380,1,False,
PMT0644,ruvA,holliday junction ATP-dependent DNA helicase RuvA,NC_005071.1,697936,698613,+,PMT0645,58.0,run_PMT0644,3,False,
PMT0645,rpsO,30S ribosomal protein S15,NC_005071.1,698672,698941,+,PMT0646,36.0,run_PMT0644,3,False,
PMT0646,,"photosystem II assembly factor, PAM68-like protein",NC_005071.1,698978,699463,+,PMT0647,-12.0,run_PMT0644,3,False,
PMT0647,dnaE,"DNA polymerase III, alpha subunit",NC_005071.1,699452,702967,-,PMT0648,76.0,run_PMT0647,8,False,
PMT0648,gatA,aspartyl-tRNA(Asn)/glutamyl-tRNA(Gln) amidotransferase subunit A,NC_005071.1,703044,704504,-,PMT_0649,36.0,run_PMT0647,8,False,
PMT_0649,,uncharacterized conserved secreted protein (DUF1816),NC_005071.1,704541,704837,-,PMT0650,44.0,run_PMT0647,8,False,
PMT0650,rlmB,23S rRNA (guanosine2251-2^-O)-methyltransferase,NC_005071.1,704882,706489,-,PMT0651,14.0,run_PMT0647,8,False,
PMT0651,mrnC,ribonuclease III domain protein,NC_005071.1,706504,706911,-,PMT0652,-4.0,run_PMT0647,8,False,
PMT0652,spoIIAA,anti-anti-sigma factor family protein,NC_005071.1,706908,707264,-,PMT0653,73.0,run_PMT0647,8,False,
PMT0653,carA,carbamoyl-phosphate synthase small subunit,NC_005071.1,707338,708477,-,PMT0654,30.0,run_PMT0647,8,False,
PMT0654,trpD,anthranilate phosphoribosyltransferase,NC_005071.1,708508,709563,-,PMT_2416,20.0,run_PMT0647,8,False,
PMT_2416,,Hypothetical protein,NC_005071.1,709584,709805,+,PMT0655,260.0,run_PMT_2416,1,False,
PMT0655,,putative ABC multidrug efflux transporter,NC_005071.1,710066,711817,+,PMT0656,388.0,run_PMT0655,1,False,
PMT0656,,conserved hypothetical protein,NC_005071.1,712206,713135,-,PMT0657,489.0,run_PMT0656,1,False,
PMT0657,,conserved hypothetical protein,NC_005071.1,713625,713936,+,PMT0658,1050.0,run_PMT0657,1,False,
PMT0658,modF,ABC transporter family protein,NC_005071.1,714987,715778,-,PMT0659,417.0,run_PMT0658,1,False,
PMT0659,,possible Sodium:sulfate symporter transmembrane,NC_005071.1,716196,716573,+,PMT0660,133.0,run_PMT0659,1,False,
PMT0660,,alpha/beta hydrolase family protein,NC_005071.1,716707,717417,+,PMT0661,175.0,run_PMT0660,1,False,
PMT0661,nadA,"quinolinate synthetase complex, A subunit",NC_005071.1,717593,718585,-,PMT0662,64.0,run_PMT0661,1,False,
PMT0662,,Predicted phosphoesterase,NC_005071.1,718650,719495,+,PMT0663,-7.0,run_PMT0662,2,False,
PMT0663,,conserved hypothetical protein,NC_005071.1,719489,720565,+,PMT0664,277.0,run_PMT0662,2,False,
PMT0664,,putative endolysin,NC_005071.1,720843,721619,+,PMT0665,12.0,run_PMT0664,4,False,
PMT0665,,repair family protein,NC_005071.1,721632,722441,-,PMT0666,31.0,run_PMT0665,2,True,run_PMT0664
PMT0666,,"protein arginine methyltransferase, NDUFAF7 superfamily",NC_005071.1,722473,723690,+,PMT0667,-8.0,run_PMT0664,4,True,run_PMT0665
PMT0667,aroB,3-dehydroquinate synthase,NC_005071.1,723683,724801,-,PMT0668,84.0,run_PMT0665,2,True,run_PMT0664
PMT0668,lacF,"putative ABC sugar transporter, membrane component",NC_005071.1,724886,725794,+,PMT0669,57.0,run_PMT0664,4,False,
PMT0669,purK,N5-carboxyaminoimidazole ribonucleotide synthetase monomer,NC_005071.1,725852,727033,+,PMT0671,184.0,run_PMT0664,4,False,
PMT0671,,uncharacterized conserved metal-binding protein (DUF2103),NC_005071.1,727218,727508,-,PMT0672,804.0,run_PMT0671,1,False,
PMT0672,clpS1,ATP-dependent Clp protease adaptor protein ClpS,NC_005071.1,728313,728609,-,PMT_0673,72.0,run_PMT0672,1,False,
PMT_0673,petN,cytochrome b6/f complex subunit VIII,NC_005071.1,728682,728783,+,PMT_2419,1.0,run_PMT_0673,4,False,
PMT_2419,,uncharacterized conserved membrane protein,NC_005071.1,728785,728937,+,PMT0674,31.0,run_PMT_0673,4,False,
PMT0674,,uncharacterized conserved secreted protein,NC_005071.1,728969,730429,+,PMT0675,-34.0,run_PMT_0673,4,False,
PMT0675,psb29,photosystem II repair protein Psb29,NC_005071.1,730396,731127,-,PMT0676,58.0,run_PMT0675,1,True,run_PMT_0673
PMT0676,clpP1,"ATP-dependent Clp protease, protease subunit",NC_005071.1,731186,731800,+,PMT0677,254.0,run_PMT_0673,4,False,
PMT0677,ftsH2,photosystem II D1 repair protein FtsH2,NC_005071.1,732055,733971,-,PMT0678,320.0,run_PMT0677,1,False,
PMT0678,salY,putative ABC efflux system,NC_005071.1,734292,735521,-,PMT0679,6.0,run_PMT0678,2,False,
PMT0679,pyk,pyruvate kinase,NC_005071.1,735528,737312,-,PMT0680,79.0,run_PMT0678,2,False,
PMT0680,,"possible pyrophosphatase, MazG family",NC_005071.1,737392,737721,+,PMT0681,-4.0,run_PMT0680,2,False,
PMT0681,,uncharacterized conserved secreted protein,NC_005071.1,737718,738266,+,PMT0682,-10.0,run_PMT0680,2,False,
PMT0682,ylmG1,cell division membrane protein YlmG1 (factor involved in shape determination),NC_005071.1,738257,738556,-,PMT0683,26.0,run_PMT0682,3,False,
PMT0683,scpB,segregation and condensation protein B,NC_005071.1,738583,739116,-,PMT0684,37.0,run_PMT0682,3,False,
PMT0684,ilvA,threonine ammonia-lyase,NC_005071.1,739154,740698,-,PMT0685,117.0,run_PMT0682,3,False,
PMT0685,dxs,1-deoxy-D-xylulose-5-phosphate synthase,NC_005071.1,740816,742750,+,PMT0686,4.0,run_PMT0685,2,False,
PMT0686,,FAD binding domain protein,NC_005071.1,742755,743972,+,PMT0687,21.0,run_PMT0685,2,False,
PMT0687,psaK,photosystem I reaction center subunit X,NC_005071.1,743994,744254,-,PMT0688,68.0,run_PMT0687,3,False,
PMT0688,,uncharacterized conserved membrane protein (DUF3593),NC_005071.1,744323,744661,-,PMT0689,-4.0,run_PMT0687,3,False,
PMT0689,ycf49,conserved hypothetical protein,NC_005071.1,744658,744960,-,PMT0690,72.0,run_PMT0687,3,False,
PMT0690,csaB,polysaccharide pyruvyl transferase,NC_005071.1,745033,746097,+,PMT0691,129.0,run_PMT0690,1,False,
PMT0691,ggtA,"ABC-type sugar transport system, ATPase component",NC_005071.1,746227,747195,-,PMT0692,-4.0,run_PMT0691,4,False,
PMT0692,ggtD,"ABC-type sugar transport system, permease component",NC_005071.1,747192,748010,-,PMT0693,-4.0,run_PMT0691,4,False,
PMT0693,ggtC,"ABC-type sugar transport system, permease component",NC_005071.1,748007,748873,-,PMT0694,-4.0,run_PMT0691,4,False,
PMT0694,ggtB,"ABC-type sugar transport system, periplasmic component",NC_005071.1,748870,750138,-,PMT0695,199.0,run_PMT0691,4,False,
PMT0695,rpmB,50S ribosomal protein L28,NC_005071.1,750338,750574,-,PMT0696,66.0,run_PMT0695,5,False,
PMT0696,htpG,molecular chaperone HtpG,NC_005071.1,750641,752551,-,PMT0697,90.0,run_PMT0695,5,False,
PMT0697,,4Fe-4S ferredoxin,NC_005071.1,752642,752866,-,PMT0698,35.0,run_PMT0695,5,False,
PMT0698,hisZ,"ATP-phosphoribosyltransferase, regulatory subunit",NC_005071.1,752902,754080,-,PMT0699,22.0,run_PMT0695,5,False,
PMT0699,suhB,L-myo-inositol 1-phosphate phosphatase,NC_005071.1,754103,754990,-,AKG35_RS13170,139.0,run_PMT0695,5,False,
AKG35_RS13170,,hypothetical protein,NC_005071.1,755130,755267,-,PMT0700,397.0,run_AKG35_RS13170,1,False,
PMT0700,pstB,ABC-type phosphate transport system ATPase component,NC_005071.1,755665,756483,-,PMT0701,68.0,run_PMT0700,3,False,
PMT0701,pstA,ABC-type phosphate transport system permease component,NC_005071.1,756552,757472,-,PMT0702,1.0,run_PMT0700,3,False,
PMT0702,pstC,ABC-type phosphate transport system permease component,NC_005071.1,757474,758427,-,PMT0703,147.0,run_PMT0700,3,False,
PMT0703,dnaK2,chaperone protein DnaK,NC_005071.1,758575,760569,+,PMT0704,-17.0,run_PMT0703,4,False,
PMT0704,dnaJ3,DnaJ type II chaperone protein,NC_005071.1,760553,761455,+,PMT0705,51.0,run_PMT0703,4,False,
PMT0705,,conserved hypothetical protein,NC_005071.1,761507,761917,+,PMT0706,2.0,run_PMT0703,4,False,
PMT0706,murQ,N-acetylmuramic acid 6-phosphate etherase,NC_005071.1,761920,762870,+,PMT0707,262.0,run_PMT0703,4,False,
PMT0707,ppiB,peptidyl-prolyl cis-trans isomerase,NC_005071.1,763133,763561,+,PMT0708,20.0,run_PMT0707,2,False,
PMT0708,ribBA,"3,4-dihydroxy 2-butanone 4-phosphate synthase / GTP cyclohydrolase II",NC_005071.1,763582,765474,-,PMT0709,-120.0,run_PMT0708,2,True,run_PMT0707
PMT0709,argC,N-acetyl-gamma-glutamyl-phosphate reductase,NC_005071.1,765355,766461,+,PMT0710,-4.0,run_PMT0707,2,True,run_PMT0708
PMT0710,purN,phosphoribosylglycinamide formyltransferase,NC_005071.1,766458,767180,-,PMT0711,235.0,run_PMT0708,2,False,
PMT0711,,"glycyl aminopeptidase, M61 family",NC_005071.1,767416,769113,+,PMT0712,-19.0,run_PMT0711,3,False,
PMT0712,,N-acetylmuramoyl-L-alanine amidase family protein,NC_005071.1,769095,770033,+,PMT0713,-9.0,run_PMT0711,3,False,
PMT0713,,conserved hypothetical protein,NC_005071.1,770025,770837,-,PMT0714,87.0,run_PMT0713,3,True,run_PMT0711
PMT0714,pgi,glucose-6-phosphate isomerase,NC_005071.1,770925,772523,+,PMT0715,6.0,run_PMT0711,3,True,run_PMT0713
PMT0715,leuS,leucine--tRNA ligase,NC_005071.1,772530,775166,-,PMT_2423,57.0,run_PMT0713,3,False,
PMT_2423,,conserved hypothetical protein,NC_005071.1,775224,775445,-,PMT0716,17.0,run_PMT0713,3,False,
PMT0716,dapF,diaminopimelate epimerase,NC_005071.1,775463,776374,+,PMT0717,191.0,run_PMT0716,1,False,
PMT0717,iscS1,cysteine desulfurase,NC_005071.1,776566,777765,+,PMT_0718,79.0,run_PMT0717,3,False,
PMT_0718,,conserved hypothetical protein,NC_005071.1,777845,778279,+,AKG35_RS13610,19.0,run_PMT0717,3,False,
AKG35_RS13610,,hypothetical protein,NC_005071.1,778299,778439,+,PMT0719,122.0,run_PMT0717,3,False,
PMT0719,,uncharacterized conserved secreted protein,NC_005071.1,778562,779077,+,PMT0720,-4.0,run_PMT0719,2,False,
PMT0720,pbp4,penicillin-binding-like protein Pbp4,NC_005071.1,779074,780393,+,PMT0721,-38.0,run_PMT0719,2,False,
PMT0721,cdv3,possible cell division protein Cdv3,NC_005071.1,780356,781291,-,PMT0722,20.0,run_PMT0721,2,False,
PMT0722,coaD,pantetheine-phosphate adenylyltransferase,NC_005071.1,781312,781785,-,PMT0723,74.0,run_PMT0721,2,False,
PMT0723,,flavin reductase-like domain containing protein,NC_005071.1,781860,782342,+,PMT0724,-44.0,run_PMT0723,4,False,
PMT0724,uvrC,"excinuclease UvrABC complex, endonuclease subunit",NC_005071.1,782299,784302,+,PMT0725,66.0,run_PMT0723,4,False,
PMT0725,hemJ,protoporphyrinogen IX oxidase,NC_005071.1,784369,784956,+,PMT0726,-8.0,run_PMT0723,4,False,
PMT0726,,PHP domain-containing protein,NC_005071.1,784949,785605,+,PMT0727,557.0,run_PMT0723,4,False,
PMT0727,cobN,"cobaltochelatase, CobN subunit",NC_005071.1,786163,789942,-,PMT0728,79.0,run_PMT0727,1,False,
PMT0728,ilvE,branched-chain amino acid aminotransferase,NC_005071.1,790022,790942,+,PMT0729,57.0,run_PMT0728,2,False,
PMT0729,metH,methionine synthase,NC_005071.1,791000,794644,+,PMT0730,95.0,run_PMT0728,2,False,
PMT0730,,conserved hypothetical protein,NC_005071.1,794740,794970,-,PMT0731,1220.0,run_PMT0730,1,False,
PMT0731,,spoIID/LytB domain protein,NC_005071.1,796191,797150,+,PMT0732,-11.0,run_PMT0731,3,False,
PMT0732,apa2,ATP adenylyltransferase,NC_005071.1,797140,797985,+,PMT_0733,88.0,run_PMT0731,3,False,
PMT_0733,sigF2,"RNA polymerase sigma factor, type III",NC_005071.1,798074,798313,+,PMT0735,852.0,run_PMT0731,3,False,
PMT0735,,conserved hypothetical protein,NC_005071.1,799166,800731,+,PMT0736,28.0,run_PMT0735,2,False,
PMT0736,,DnaJ type IV chaperone protein,NC_005071.1,800760,801827,+,PMT0737,1259.0,run_PMT0735,2,False,
PMT0737,rumA,23S rRNA (uracil-5-)-methyltransferase,NC_005071.1,803087,804484,+,PMT0738,-11.0,run_PMT0737,1,False,
PMT0738,pheT,"phenylalanine--tRNA ligase, beta subunit",NC_005071.1,804474,806921,-,PMT_0739,123.0,run_PMT0738,1,False,
PMT_0739,rpmG,50S ribosomal protein L33,NC_005071.1,807045,807239,+,PMT0740,38.0,run_PMT_0739,3,False,
PMT0740,rpsR,30S ribosomal protein S18,NC_005071.1,807278,807499,+,PMT0741,11.0,run_PMT_0739,3,False,
PMT0741,rnb,exoribonuclease II,NC_005071.1,807511,809562,+,PMT0742,42.0,run_PMT_0739,3,False,
PMT0742,,FAD dependent oxidoreductase,NC_005071.1,809605,811416,-,PMT0743,657.0,run_PMT0742,1,False,
PMT0743,metG,methionine--tRNA ligase,NC_005071.1,812074,813618,+,PMT0744,-1.0,run_PMT0743,7,False,
PMT0744,lptC,"LptC-related, lipopolysaccharide assembly protein",NC_005071.1,813618,814802,+,PMT0745,-29.0,run_PMT0743,7,False,
PMT0745,cbb2,cofactor assembly of complex C subunit CCB2,NC_005071.1,814774,815397,-,PMT0746,17.0,run_PMT0745,1,True,run_PMT0743
PMT0746,,TerB-like domain containing protein,NC_005071.1,815415,815873,+,PMT0747,33.0,run_PMT0743,7,False,
PMT0747,psb32,integral membrane protein involved in the photoprotection of photosystem II,NC_005071.1,815907,816590,+,PMT0748,10.0,run_PMT0743,7,False,
PMT0748,pcxA,proton extrusion protein,NC_005071.1,816601,817749,+,PMT0749,-14.0,run_PMT0743,7,False,
PMT0749,cobU-cobP,bifunctional adenosylcobinamide kinase / adenosylcobinamide-phosphate guanylyltransferase,NC_005071.1,817736,818296,+,PMT0750,-4.0,run_PMT0743,7,False,
PMT0750,trmL,tRNA (cytidine/uridine-2^-O)-ribose methyltransferase,NC_005071.1,818293,818793,+,PMT0751,119.0,run_PMT0743,7,False,
PMT0751,,peptidase family M23,NC_005071.1,818913,819920,+,PMT0752,801.0,run_PMT0751,1,False,
PMT0752,,peptidoglycan-binding LysM,NC_005071.1,820722,821795,+,PMT_0753,348.0,run_PMT0752,1,False,
PMT_0753,,conserved hypothetical protein,NC_005071.1,822144,822437,-,PMT0754,171.0,run_PMT_0753,1,False,
PMT0754,ahpC,2-Cys peroxiredoxin,NC_005071.1,822609,823211,+,PMT0755,22.0,run_PMT0754,1,False,
PMT0755,,uncharacterized conserved membrane protein (UPF0182),NC_005071.1,823234,826086,-,PMT0756,32.0,run_PMT0755,5,False,
PMT0756,ftsH3,possible photosystem II D1 repair protein FtsH3,NC_005071.1,826119,827978,-,PMT_0757,86.0,run_PMT0755,5,False,
PMT_0757,rpmF,50S ribosomal protein L32,NC_005071.1,828065,828241,+,PMT0758,-37.0,run_PMT_0757,1,True,run_PMT0755
PMT0758,,D-glycerate 3-kinase,NC_005071.1,828205,829263,-,PMT0759,-38.0,run_PMT0755,5,False,
PMT0759,,conserved hypothetical protein,NC_005071.1,829226,829561,-,PMT0760,-4.0,run_PMT0755,5,False,
PMT0760,,"HAD hydrolase, IA, variant 3 family protein",NC_005071.1,829558,830316,-,PMT0761,69.0,run_PMT0755,5,False,
PMT0761,recJ,single-stranded DNA-specific exonuclease,NC_005071.1,830386,832284,+,PMT0762,-4.0,run_PMT0761,2,False,
PMT0762,clc2,putative chloride channel,NC_005071.1,832281,833648,+,PMT0763,194.0,run_PMT0761,2,False,
PMT0763,,zinc- or iron-chelating domain-containing protein,NC_005071.1,833843,834217,+,PMT0764,52.0,run_PMT0763,3,False,
PMT0764,,uncharacterized membrane protein,NC_005071.1,834270,834569,+,PMT0765,8.0,run_PMT0763,3,False,
PMT0765,,uncharacterized membrane protein (UPF0016),NC_005071.1,834578,834886,+,PMT0766,118.0,run_PMT0763,3,False,
PMT0766,vacB,exoribonuclease R,NC_005071.1,835005,837398,+,PMT0767,3.0,run_PMT0766,2,False,
PMT0767,ubiX,3-octaprenyl-4-hydroxybenzoate carboxy-lyase,NC_005071.1,837402,838010,+,AKG35_RS12745,232.0,run_PMT0766,2,False,
AKG35_RS12745,,hypothetical protein,NC_005071.1,838243,838635,-,PMT0769,-17.0,run_AKG35_RS12745,1,False,
PMT0769,ndhV,NADH dehydrogenase subunit NdhV,NC_005071.1,838619,839128,+,PMT0770,168.0,run_PMT0769,1,False,
PMT0770,tldD,modulator of DNA gyrase,NC_005071.1,839297,840742,+,PMT0771,-1.0,run_PMT0770,3,False,
PMT0771,pmbA,possible modulator of DNA gyrase,NC_005071.1,840742,842130,+,PMT0772,-4.0,run_PMT0770,3,False,
PMT0772,fmt,methionyl-tRNA formyltransferase,NC_005071.1,842127,843161,+,PMT0773,203.0,run_PMT0770,3,False,
PMT0773,,conserved hypothetical protein,NC_005071.1,843365,844096,+,PMT0774,896.0,run_PMT0773,1,False,
PMT0774,PcCAO,chlorophyll b synthase / chlorophyllide a oxygenase,NC_005071.1,844993,846303,+,PMT0775,146.0,run_PMT0774,1,False,
PMT0775,mfd,transcription-repair coupling factor,NC_005071.1,846450,850031,+,PMT_2428,129.0,run_PMT0775,1,False,
PMT_2428,,Conserved hypothetical protein,NC_005071.1,850161,850283,+,PMT0776,91.0,run_PMT_2428,1,False,
PMT0776,ctpA,photosystem II D1 protein carboxyl-terminal processing peptidase,NC_005071.1,850375,851736,-,PMT0777,37.0,run_PMT0776,3,False,
PMT0777,gcpE,(E)-4-hydroxy-3-methylbut-2-enyl diphosphate synthase,NC_005071.1,851774,852994,-,PMT0778,-4.0,run_PMT0776,3,False,
PMT0778,,uracil-DNA glycosylase,NC_005071.1,852991,853590,-,PMT0779,309.0,run_PMT0776,3,False,
PMT0779,aspC,aspartate aminotransferase,NC_005071.1,853900,855078,+,PMT0780,23.0,run_PMT0779,5,False,
PMT0780,phnD,"phosphonate ABC type transporter, substrate binding component",NC_005071.1,855102,856001,+,PMT0781,-4.0,run_PMT0779,5,False,
PMT0781,phnC,"phosphonate ABC type transporter, ATPase component",NC_005071.1,855998,856741,+,PMT0782,-4.0,run_PMT0779,5,False,
PMT0782,phnE,"phosphate/phosphonate ABC type transporter, permease component",NC_005071.1,856738,858303,+,PMT0783,22.0,run_PMT0779,5,False,
PMT0783,tesA,SGNH hydrolase superfamily protein,NC_005071.1,858326,859003,+,PMT0784,166.0,run_PMT0779,5,False,
PMT0784,sigF1,"RNA polymerase sigma factor, type III",NC_005071.1,859170,859886,+,PMT0785,4.0,run_PMT0784,2,False,
PMT0785,,conserved hypothetical protein,NC_005071.1,859891,860643,-,PMT_2429,61.0,run_PMT0785,3,True,run_PMT0784
PMT_2429,,Hypothetical protein,NC_005071.1,860705,860911,+,PMT0786,39.0,run_PMT0784,2,True,run_PMT0785
PMT0786,rsmE,"RNA methyltransferase, RsmE family protein",NC_005071.1,860951,861727,-,PMT0787,8.0,run_PMT0785,3,False,
PMT0787,,conserved hypothetical protein,NC_005071.1,861736,862185,-,PMT0788,117.0,run_PMT0785,3,False,
PMT0788,,ABC transporter family protein,NC_005071.1,862303,862935,+,PMT0789,377.0,run_PMT0788,1,False,
PMT0789,,conserved hypothetical protein,NC_005071.1,863313,864008,-,PMT0790,38.0,run_PMT0789,3,False,
PMT0790,,conserved hypothetical protein,NC_005071.1,864047,864298,-,PMT0791,76.0,run_PMT0789,3,False,
PMT0791,prfC,peptide chain release factor 3,NC_005071.1,864375,866057,-,PMT0792,410.0,run_PMT0789,3,False,
PMT0792,,methyltransferase domain protein,NC_005071.1,866468,867148,-,PMT0793,126.0,run_PMT0792,1,False,
PMT0793,nrdJ,ribonucleoside-diphosphate reductase,NC_005071.1,867275,869617,+,PMT0794,172.0,run_PMT0793,1,False,
PMT0794,,conserved hypothetical protein,NC_005071.1,869790,870056,+,PMT0795,356.0,run_PMT0794,1,False,
PMT0795,,Uncharacterized membrane protein,NC_005071.1,870413,870670,+,PMT0796,43.0,run_PMT0795,1,False,
PMT0796,,conserved hypothetical protein,NC_005071.1,870714,871166,-,PMT0797,1218.0,run_PMT0796,1,False,
PMT0797,desA3,delta-12 fatty acid desaturase DesA3,NC_005071.1,872385,873470,-,PMT0798,803.0,run_PMT0797,1,False,
PMT0798,,Glutamine amidotransferase class-I,NC_005071.1,874274,875017,-,PMT0799,768.0,run_PMT0798,1,False,
PMT0799,,conserved hypothetical protein,NC_005071.1,875786,876199,-,PMT0801,949.0,run_PMT0799,1,False,
PMT0801,isiB,flavodoxin,NC_005071.1,877149,877673,+,PMT0802,448.0,run_PMT0801,1,False,
PMT0802,som,outer membrane porin,NC_005071.1,878122,879717,-,PMT0803,341.0,run_PMT0802,1,False,
PMT0803,ppk2,polyphosphate kinase 2,NC_005071.1,880059,880988,-,PMT0804,132.0,run_PMT0803,1,False,
PMT0804,,two-component sensor histidine kinase with a HAMP domain,NC_005071.1,881121,882443,-,PMT0805,-1.0,run_PMT0804,2,False,
PMT0805,,two-component system response regulator RR class II (RRII)-OmpR,NC_005071.1,882443,883168,-,PMT0806,193.0,run_PMT0804,2,False,
PMT0806,,EF-hand domain pair-containing protein,NC_005071.1,883362,883835,+,PMT0807,-4.0,run_PMT0806,1,False,
PMT0807,,conserved hypothetical protein,NC_005071.1,883832,884233,-,PMT0808,130.0,run_PMT0807,1,False,
PMT0808,,conserved hypothetical protein,NC_005071.1,884364,884981,-,PMT0809,-1.0,run_PMT0808,4,False,
PMT0809,,conserved hypothetical protein,NC_005071.1,884981,885580,-,PMT0810,-2.0,run_PMT0808,4,False,
PMT0810,apt,adenine phosphoribosyltransferase,NC_005071.1,885579,886142,+,PMT0811,-10.0,run_PMT0810,1,True,run_PMT0808
PMT0811,,conserved hypothetical protein,NC_005071.1,886133,886345,-,PMT0812,21.0,run_PMT0808,4,False,
PMT0812,ubiH,2-octaprenyl-6-methoxyphenyl hydroxylase,NC_005071.1,886367,887557,-,PMT0813,371.0,run_PMT0808,4,False,
PMT0813,,conserved hypothetical protein,NC_005071.1,887929,888585,-,PMT0814,17.0,run_PMT0813,2,False,
PMT0814,dapB,4-hydroxy-tetrahydrodipicolinate reductase,NC_005071.1,888603,889454,-,PMT0815,115.0,run_PMT0813,2,False,
PMT0815,chlH,"protoporphyrin IX Mg-chelatase, subunit ChlH",NC_005071.1,889570,893613,+,PMT0816,23.0,run_PMT0815,1,False,
PMT0816,folP,dihydropteroate synthase,NC_005071.1,893637,894503,-,PMT0817,-47.0,run_PMT0816,3,False,
PMT0817,tpiA,triosephosphate isomerase,NC_005071.1,894457,895188,-,PMT0818,33.0,run_PMT0816,3,False,
PMT0818,,S4 domain-containing protein,NC_005071.1,895222,895419,-,PMT0819,37.0,run_PMT0816,3,False,
PMT0819,mdlB,putative ABC multidrug efflux transporter,NC_005071.1,895457,897235,+,PMT0820,125.0,run_PMT0819,1,False,
PMT0820,,conserved hypothetical protein,NC_005071.1,897361,897597,+,PMT0821,561.0,run_PMT0820,1,False,
PMT0821,,conserved hypothetical protein (DUF3386),NC_005071.1,898159,898833,-,PMT0822,35.0,run_PMT0821,2,False,
PMT0822,carB,"carbamoyl-phosphate synthase, large subunit",NC_005071.1,898869,902177,-,PMT0823,120.0,run_PMT0821,2,False,
PMT0823,,conserved hypothetical protein,NC_005071.1,902298,902933,+,PMT0824,-8.0,run_PMT0823,2,False,
PMT0824,rsfS,oligomerisation domain protein,NC_005071.1,902926,903294,+,PMT0825,157.0,run_PMT0823,2,False,
PMT0825,ansA,L-asparaginase II family protein,NC_005071.1,903452,904429,+,AKG35_RS12750,358.0,run_PMT0825,1,False,
AKG35_RS12750,,hypothetical protein,NC_005071.1,904788,904979,-,PMT0826,45.0,run_AKG35_RS12750,2,False,
PMT0826,,conserved hypothetical protein,NC_005071.1,905025,905315,-,PMT0827,137.0,run_AKG35_RS12750,2,False,
PMT0827,lanA,"lantipeptide precursor, Nif11-like leader peptide domain protein",NC_005071.1,905453,905716,+,PMT0828,285.0,run_PMT0827,1,False,
PMT0828,,conserved hypothetical protein,NC_005071.1,906002,906298,-,PMT_0829,137.0,run_PMT0828,1,False,
PMT_0829,lanA,"lantipeptide precursor, Nif11-like leader peptide domain protein",NC_005071.1,906436,906714,+,PMT0830,228.0,run_PMT_0829,1,False,
PMT0830,,conserved hypothetical protein,NC_005071.1,906943,907737,-,PMT_0831,12.0,run_PMT0830,2,False,
PMT_0831,,conserved hypothetical protein,NC_005071.1,907750,908088,-,PMT0832,1090.0,run_PMT0830,2,False,
PMT0832,,nif11-like leader peptide domain protein,NC_005071.1,909179,909442,+,PMT0834,1140.0,run_PMT0832,1,False,
PMT0834,,hypothetical protein,NC_005071.1,910583,910855,-,PMT0835,309.0,run_PMT0834,1,False,
PMT0835,,conserved hypothetical protein,NC_005071.1,911165,911926,-,PMT_2441,782.0,run_PMT0835,1,False,
PMT_2441,,Hypothetical protein,NC_005071.1,912709,912897,-,PMT0836,240.0,run_PMT_2441,1,False,
PMT0836,lanA,"lantipeptide precursor, Nif11-like leader peptide domain protein",NC_005071.1,913138,913383,+,PMT_0838,810.0,run_PMT0836,1,False,
PMT_0838,,nif11-like leader peptide domain protein,NC_005071.1,914194,914457,+,PMT_2443,17.0,run_PMT_0838,2,False,
PMT_2443,,conserved hypothetical protein,NC_005071.1,914475,914630,+,PMT0840,710.0,run_PMT_0838,2,False,
PMT0840,,conserved hypothetical protein DUF4278,NC_005071.1,915341,915646,+,AKG35_RS13620,4.0,run_PMT0840,2,False,
AKG35_RS13620,,hypothetical protein,NC_005071.1,915651,915779,+,PMT_0841,-20.0,run_PMT0840,2,False,
PMT_0841,,conserved hypothetical protein,NC_005071.1,915760,916104,-,PMT_2446,583.0,run_PMT_0841,1,False,
PMT_2446,,conserved hypothetical protein,NC_005071.1,916688,916900,+,PMT_0842,47.0,run_PMT_2446,1,False,
PMT_0842,,Pyrimidine dimer DNA glycosylase,NC_005071.1,916948,917403,-,PMT0843,1046.0,run_PMT_0842,1,False,
PMT0843,,parB-like nuclease family protein,NC_005071.1,918450,919100,-,PMT0844,363.0,run_PMT0843,1,False,
PMT0844,,histidine triad (HIT) family protein,NC_005071.1,919464,919919,-,PMT0845,622.0,run_PMT0844,1,False,
PMT0845,,"possible Histidine kinase-, DNA gyrase B-, phy",NC_005071.1,920542,920850,-,PMT0846,3947.0,run_PMT0845,1,False,
PMT0846,,copper resistance D family protein,NC_005071.1,924798,925241,+,PMT0847,1235.0,run_PMT0846,1,False,
PMT0847,,conserved hypothetical protein,NC_005071.1,926477,926707,+,PMT0848,486.0,run_PMT0847,1,False,
PMT0848,ndhF5,NADH dehydrogenase subunit NdhF (chain 5 or L),NC_005071.1,927194,928003,-,AKG35_RS13180,38.0,run_PMT0848,1,False,
AKG35_RS13180,,hypothetical protein,NC_005071.1,928042,928266,+,PMT_0849,108.0,run_AKG35_RS13180,1,False,
PMT_0849,,hypothetical protein,NC_005071.1,928375,928593,-,PMT0850,218.0,run_PMT_0849,1,False,
PMT0850,,possible lyase class I-like protein superfamily,NC_005071.1,928812,929060,+,PMT_2452,683.0,run_PMT0850,1,False,
PMT_2452,,Hypothetical protein,NC_005071.1,929744,929899,+,PMT0851,537.0,run_PMT_2452,1,False,
PMT0851,,calcineurin-like phosphoesterase family protein,NC_005071.1,930437,931534,+,PMT0852,11.0,run_PMT0851,1,False,
PMT0852,,uncharacterized conserved membrane protein DUF2721,NC_005071.1,931546,931944,-,PMT0853,619.0,run_PMT0852,1,False,
PMT0853,,conserved hypothetical protein,NC_005071.1,932564,933673,+,PMT0854,131.0,run_PMT0853,1,False,
PMT0854,mscS,"small-conductance mechanosensitive ion channel, MscS family",NC_005071.1,933805,935775,-,PMT0855,988.0,run_PMT0854,1,False,
PMT0855,pncA,isochorismatase-like hydrolase superfamily,NC_005071.1,936764,937393,-,PMT0856,99.0,run_PMT0855,2,False,
PMT0856,mscL,"large-conductance mechanosensitive ion channel, MscL family",NC_005071.1,937493,937885,-,PMT0857,840.0,run_PMT0855,2,False,
PMT0857,,conserved membrane protein,NC_005071.1,938726,939121,+,PMT_2454,324.0,run_PMT0857,1,False,
PMT_2454,,Hypothetical protein,NC_005071.1,939446,939808,+,RG24_RS04505,224.0,run_PMT_2454,1,False,
RG24_RS04505,fur,ferric uptake regulator,NC_005071.1,940033,940515,+,PMT0859,16.0,run_RG24_RS04505,1,False,
PMT0859,,uncharacterized conserved membrane protein (DUF3721),NC_005071.1,940532,941011,-,PMT_0860,-4.0,run_PMT0859,2,False,
PMT_0860,,uncharacterized conserved secreted protein (DUF3721),NC_005071.1,941008,941280,-,PMT_0861,125.0,run_PMT0859,2,False,
PMT_0861,,conserved hypothetical protein,NC_005071.1,941406,941711,+,PMT0862,31.0,run_PMT_0861,1,False,
PMT0862,arsS,radical SAM/Cys-rich domain protein,NC_005071.1,941743,942741,-,PMT0863,584.0,run_PMT0862,1,False,
PMT0863,ggpP,glucosylglycerol 3-phosphatase,NC_005071.1,943326,944531,-,PMT0864,324.0,run_PMT0863,1,False,
PMT0864,,conserved hypothetical protein,NC_005071.1,944856,946367,+,PMT0865,123.0,run_PMT0864,1,False,
PMT0865,,AAA domain protein,NC_005071.1,946491,949247,-,PMT0866,7.0,run_PMT0865,2,False,
PMT0866,,calcineurin-like phosphoesterase family protein,NC_005071.1,949255,950469,-,PMT0867,198.0,run_PMT0865,2,False,
PMT0867,,winged helix-turn-helix DNA binding domain-containing protein,NC_005071.1,950668,950892,+,PMT0868,890.0,run_PMT0867,1,False,
PMT0868,,aminoglycoside phosphotransferase,NC_005071.1,951783,952916,+,PMT0869,2.0,run_PMT0868,2,False,
PMT0869,,conserved hypothetical protein,NC_005071.1,952919,953485,+,PMT0870,195.0,run_PMT0868,2,False,
PMT0870,,conserved hypothetical protein,NC_005071.1,953681,953845,+,PMT0871,390.0,run_PMT0870,1,False,
PMT0871,porB,light-dependent protochlorophyllide reductase,NC_005071.1,954236,955282,+,PMT0872,164.0,run_PMT0871,1,False,
PMT0872,,CDP-alcohol phosphatidyltransferase,NC_005071.1,955447,956262,+,PMT0873,305.0,run_PMT0872,1,False,
PMT0873,,transglycosylase-like protein,NC_005071.1,956568,957635,-,PMT0874,16.0,run_PMT0873,1,False,
PMT0874,,conserved hypothetical protein,NC_005071.1,957652,958347,+,PMT0875,43.0,run_PMT0874,3,False,
PMT0875,metY,O-acetylhomoserine aminocarboxypropyltransferase,NC_005071.1,958391,959719,+,PMT0876,14.0,run_PMT0874,3,False,
PMT0876,metA,homoserine O-succinyltransferase,NC_005071.1,959734,960627,+,PMT0877,447.0,run_PMT0874,3,False,
PMT0877,,protein kinase,NC_005071.1,961075,962745,-,PMT0878,103.0,run_PMT0877,1,False,
PMT0878,alkB,"alpha-ketoglutarate-dependent dioxygenase, AlkB-like superfamily",NC_005071.1,962849,963454,+,PMT_2459,765.0,run_PMT0878,1,False,
PMT_2459,,Hypothetical protein,NC_005071.1,964220,964393,-,PMT_0879,147.0,run_PMT_2459,1,False,
PMT_0879,,possible ^chromo^ (CHRromatin Organization MOd,NC_005071.1,964541,964834,+,PMT0880,136.0,run_PMT_0879,1,False,
PMT0880,,nuclease (SNase-like),NC_005071.1,964971,965606,+,RG24_RS04620,513.0,run_PMT0880,1,False,
RG24_RS04620,,hypothetical protein,NC_005071.1,966120,966395,+,AKG35_RS12780,306.0,run_RG24_RS04620,1,False,
AKG35_RS12780,,hypothetical protein,NC_005071.1,966702,966869,+,PMT0883,514.0,run_AKG35_RS12780,1,False,
PMT0883,,Predicted protein family PM-11,NC_005071.1,967384,967689,-,PMT0884,202.0,run_PMT0883,1,False,
PMT0884,,putative RIKEN cDNA 1200003J11; EST AA930106,NC_005071.1,967892,968158,-,PMT_2463,37.0,run_PMT0884,1,False,
PMT_2463,,Hypothetical protein,NC_005071.1,968196,968384,+,PMT_0885,135.0,run_PMT_2463,1,False,
PMT_0885,,"possible Guanylate-binding protein, C-terminal",NC_005071.1,968520,968768,+,PMT_2464,165.0,run_PMT_0885,1,False,
PMT_2464,,conserved hypothetical protein,NC_005071.1,968934,969071,-,PMT0886,-4.0,run_PMT_2464,2,False,
PMT0886,,conserved hypothetical protein,NC_005071.1,969068,969406,-,PMT_0887,480.0,run_PMT_2464,2,False,
PMT_0887,,nif11-like leader peptide domain protein,NC_005071.1,969887,970183,+,PMT0888,612.0,run_PMT_0887,1,False,
PMT0888,,putative membrane protein,NC_005071.1,970796,971086,-,PMT0889,308.0,run_PMT0888,1,False,
PMT0889,,conserved hypothetical protein,NC_005071.1,971395,971595,-,PMT0890,-14.0,run_PMT0889,2,False,
PMT0890,,putative Sec7 domain protein,NC_005071.1,971582,971845,-,PMT_2468,300.0,run_PMT0889,2,False,
PMT_2468,,Hypothetical protein,NC_005071.1,972146,972304,+,AKG35_RS12790,14.0,run_PMT_2468,2,False,
AKG35_RS12790,,hypothetical protein,NC_005071.1,972319,972480,-,PMT0891,50.0,run_AKG35_RS12790,1,True,run_PMT_2468
PMT0891,,conserved hypothetical protein,NC_005071.1,972531,972809,+,PMT0892,164.0,run_PMT_2468,2,False,
PMT0892,,conserved hypothetical protein,NC_005071.1,972974,973231,+,PMT0893,-13.0,run_PMT0892,1,False,
PMT0893,,"BgtA-like ABC-type uptake transporter for acidic and neutral polar amino acids (N-II), ATPase subunit",NC_005071.1,973219,973959,-,PMT0894,-4.0,run_PMT0893,2,False,
PMT0894,natH,"ABC-type uptake transporter for acidic and neutral polar amino acids (N-II), membrane protein",NC_005071.1,973956,974984,-,PMT_2469,231.0,run_PMT0893,2,False,
PMT_2469,,Conserved hypothetical protein,NC_005071.1,975216,975452,+,PMT0895,187.0,run_PMT_2469,1,False,
PMT0895,,putative membrane protein,NC_005071.1,975640,976149,-,PMT0896,29.0,run_PMT0895,3,False,
PMT0896,natG,"ABC-type uptake transporter for acidic and neutral polar amino acids (N-II), membrane protein",NC_005071.1,976179,977072,-,PMT0897,8.0,run_PMT0895,3,False,
PMT0897,natF,"ABC-type uptake transporter for acidic and neutral polar amino acids (N-II), substrate binding protein",NC_005071.1,977081,978130,-,PMT0898,827.0,run_PMT0895,3,False,
PMT0898,,putative antibiotic biosynthesis monooxygenase domain protein,NC_005071.1,978958,979347,-,PMT0899,332.0,run_PMT0898,1,False,
PMT0899,sul1,sulfate permease,NC_005071.1,979680,981260,-,PMT0900,32.0,run_PMT0899,2,False,
PMT0900,,FAD domain-containing protein,NC_005071.1,981293,982498,-,PMT0901,234.0,run_PMT0899,2,False,
PMT0901,cbiX,sirohydrochlorin cobaltochelatase,NC_005071.1,982733,983848,+,AKG35_RS12795,104.0,run_PMT0901,1,False,
AKG35_RS12795,,hypothetical protein,NC_005071.1,983953,984129,-,PMT0902,108.0,run_AKG35_RS12795,1,False,
PMT0902,,conserved hypothetical protein (DUF2811),NC_005071.1,984238,984504,+,PMT0903,-20.0,run_PMT0902,1,False,
PMT0903,cetA,FAD binding domain protein,NC_005071.1,984485,986140,-,PMT0904,194.0,run_PMT0903,1,False,
PMT0904,,conserved hypothetical protein,NC_005071.1,986335,986613,+,PMT0905,92.0,run_PMT0904,1,False,
PMT0905,,uncharacterized conserved membrane protein,NC_005071.1,986706,986900,-,PMT_2474,630.0,run_PMT0905,1,False,
PMT_2474,,Hypothetical protein,NC_005071.1,987531,987755,-,PMT_2476,148.0,run_PMT_2474,1,False,
PMT_2476,,conserved hypothetical protein,NC_005071.1,987904,988086,+,RG24_RS04770,111.0,run_PMT_2476,1,False,
RG24_RS04770,,"uncharacterized secreted protein, Prochlorococcus-specific",NC_005071.1,988198,988647,+,PMT0908,251.0,run_RG24_RS04770,1,False,
PMT0908,hflC,prohibitin-like protein,NC_005071.1,988899,989699,+,PMT0909,647.0,run_PMT0908,1,False,
PMT0909,,sodium:dicarboxylate symporter,NC_005071.1,990347,992560,+,PMT_2480,450.0,run_PMT0909,1,False,
PMT_2480,,Conserved hypothetical protein,NC_005071.1,993011,993193,+,PMT0910,473.0,run_PMT_2480,1,False,
PMT0910,rbsK,ribokinase,NC_005071.1,993667,994518,-,PMT_2485,694.0,run_PMT0910,1,False,
PMT_2485,,conserved hypothetical protein,NC_005071.1,995213,995386,-,PMT_2487,162.0,run_PMT_2485,1,False,
PMT_2487,,Conserved hypothetical protein,NC_005071.1,995549,995734,+,PMT0912,-4.0,run_PMT_2487,2,False,
PMT0912,,conserved hypothetical protein,NC_005071.1,995731,996006,+,PMT_0913,184.0,run_PMT_2487,2,False,
PMT_0913,,tryptophan-rich conserved hypothetical protein CHP02450,NC_005071.1,996191,996523,-,PMT0914,338.0,run_PMT_0913,1,False,
PMT0914,,uncharacterized conserved membrane protein,NC_005071.1,996862,997125,+,PMT_0915,173.0,run_PMT0914,1,False,
PMT_0915,,Bacterial outer membrane protein,NC_005071.1,997299,997943,-,PMT_0916,3.0,run_PMT_0915,2,False,
PMT_0916,,conserved hypothetical protein,NC_005071.1,997947,998543,-,PMT0917,662.0,run_PMT_0915,2,False,
PMT0917,,putative membrane protein,NC_005071.1,999206,999520,-,PMT_2491,787.0,run_PMT0917,1,False,
PMT_2491,,conserved hypothetical protein,NC_005071.1,1000308,1000487,+,PMT0918,570.0,run_PMT_2491,1,False,
PMT0918,,drug/metabolite transporter (DMT) superfamily efflux protein,NC_005071.1,1001058,1001939,-,AKG35_RS12810,75.0,run_PMT0918,1,False,
AKG35_RS12810,,hypothetical protein,NC_005071.1,1002015,1002170,+,PMT0919,765.0,run_AKG35_RS12810,1,False,
PMT0919,,conserved hypothetical protein,NC_005071.1,1002936,1003139,+,PMT0920,-1.0,run_PMT0919,3,False,
PMT0920,,conserved hypothetical protein,NC_005071.1,1003139,1003450,+,PMT0921,-4.0,run_PMT0919,3,False,
PMT0921,,conserved hypothetical protein,NC_005071.1,1003447,1004112,+,PMT_0922,229.0,run_PMT0919,3,False,
PMT_0922,,nif11-like leader peptide domain protein,NC_005071.1,1004342,1004599,-,PMT_0923,740.0,run_PMT_0922,1,False,
PMT_0923,,bacteriocin-type signal sequence,NC_005071.1,1005340,1005594,-,AKG35_RS13755,143.0,run_PMT_0923,1,False,
AKG35_RS13755,,CCRG-2 family RiPP,NC_005071.1,1005738,1005923,-,AKG35_RS12820,61.0,run_AKG35_RS13755,2,False,
AKG35_RS12820,,CCRG-2 family RiPP,NC_005071.1,1005985,1006203,-,PMT_2496,106.0,run_AKG35_RS13755,2,False,
PMT_2496,,Hypothetical protein,NC_005071.1,1006310,1006525,-,PMT0924,279.0,run_PMT_2496,1,False,
PMT0924,,putative carbamoyl-phosphate synthase L chain,NC_005071.1,1006805,1007785,-,PMT0925,161.0,run_PMT0924,1,False,
PMT0925,,conserved hypothetical protein,NC_005071.1,1007947,1008195,-,PMT0926,577.0,run_PMT0925,1,False,
PMT0926,lanA,"lantipeptide precursor, Nif11-like leader peptide domain protein",NC_005071.1,1008773,1009006,-,PMT0927,175.0,run_PMT0926,1,False,
PMT0927,,nif11-like leader peptide domain protein,NC_005071.1,1009182,1009424,-,PMT_0928,744.0,run_PMT0927,1,False,
PMT_0928,,bacteriocin-type signal sequence,NC_005071.1,1010169,1010423,-,AKG35_RS13760,143.0,run_PMT_0928,1,False,
AKG35_RS13760,,CCRG-2 family RiPP,NC_005071.1,1010567,1010752,-,AKG35_RS12830,61.0,run_AKG35_RS13760,2,False,
AKG35_RS12830,,CCRG-2 family RiPP,NC_005071.1,1010814,1011032,-,PMT_2502,106.0,run_AKG35_RS13760,2,False,
PMT_2502,,Hypothetical protein,NC_005071.1,1011139,1011354,-,PMT_0929,603.0,run_PMT_2502,1,False,
PMT_0929,,conserved hypothetical protein,NC_005071.1,1011958,1013190,-,PMT_2503,149.0,run_PMT_0929,1,False,
PMT_2503,,phage integrase,NC_005071.1,1013340,1013477,+,PMT_2504,-1.0,run_PMT_2503,2,False,
PMT_2504,,conserved hypothetical protein,NC_005071.1,1013477,1013710,+,PMT0930,300.0,run_PMT_2503,2,False,
PMT0930,,sulfite exporter TauE/SafE family protein,NC_005071.1,1014011,1014850,-,PMT0931,87.0,run_PMT0930,1,False,
PMT0931,,conserved hypothetical protein,NC_005071.1,1014938,1015489,+,PMT0932,20.0,run_PMT0931,2,False,
PMT0932,,conserved hypothetical protein,NC_005071.1,1015510,1015824,+,AKG35_RS12835,47.0,run_PMT0931,2,False,
AKG35_RS12835,,hypothetical protein,NC_005071.1,1015872,1016009,-,PMT_0933,1086.0,run_AKG35_RS12835,1,False,
PMT_0933,lanA,"lantipeptide precursor, Nif11-like leader peptide domain protein",NC_005071.1,1017096,1017401,-,PMT0934,601.0,run_PMT_0933,1,False,
PMT0934,,conserved hypothetical protein,NC_005071.1,1018003,1018296,+,PMT_2508,6.0,run_PMT0934,2,False,
PMT_2508,,conserved hypothetical protein,NC_005071.1,1018303,1018539,+,PMT0935,9.0,run_PMT0934,2,False,
PMT0935,,possible GRAM domain,NC_005071.1,1018549,1018884,-,PMT0936,112.0,run_PMT0935,1,False,
PMT0936,,hypothetical protein,NC_005071.1,1018997,1019305,+,PMT0937,84.0,run_PMT0936,2,False,
PMT0937,,conserved hypothetical protein (DUF3303),NC_005071.1,1019390,1019707,+,PMT0938,206.0,run_PMT0936,2,False,
PMT0938,,TPR repeat-containing protein,NC_005071.1,1019914,1020918,-,PMT0939,536.0,run_PMT0938,1,False,
PMT0939,,conserved hypothetical protein (DUF3764),NC_005071.1,1021455,1021739,-,PMT_2509,34.0,run_PMT0939,2,False,
PMT_2509,,hypothetical protein,NC_005071.1,1021774,1022019,-,PMT0941,466.0,run_PMT0939,2,False,
PMT0941,,conserved hypothetical protein,NC_005071.1,1022486,1022761,+,AKG35_RS13185,215.0,run_PMT0941,1,False,
AKG35_RS13185,,helix-turn-helix domain-containing protein,NC_005071.1,1022977,1023123,+,PMT_2510,24.0,run_AKG35_RS13185,1,False,
PMT_2510,,Conserved hypothetical protein,NC_005071.1,1023148,1023342,-,PMT_2512,200.0,run_PMT_2510,1,False,
PMT_2512,,Hypothetical protein,NC_005071.1,1023543,1023746,-,PMT_0942,275.0,run_PMT_2512,1,False,
PMT_0942,,hypothetical protein,NC_005071.1,1024022,1024573,+,PMT0943,386.0,run_PMT_0942,1,False,
PMT0943,,hypothetical protein,NC_005071.1,1024960,1025199,+,PMT0945,1737.0,run_PMT0943,1,False,
PMT0945,,hypothetical protein,NC_005071.1,1026937,1027272,+,PMT0946,568.0,run_PMT0945,1,False,
PMT0946,,conserved hypothetical protein,NC_005071.1,1027841,1028086,+,PMT_2515,398.0,run_PMT0946,1,False,
PMT_2515,,conserved hypothetical protein,NC_005071.1,1028485,1028727,+,PMT_2516,587.0,run_PMT_2515,1,False,
PMT_2516,,Conserved hypothetical protein,NC_005071.1,1029315,1029482,+,AKG35_RS13190,59.0,run_PMT_2516,1,False,
AKG35_RS13190,,hypothetical protein,NC_005071.1,1029542,1029751,-,PMT0948,428.0,run_AKG35_RS13190,1,False,
PMT0948,,uncharacterized conserved membrane protein,NC_005071.1,1030180,1030566,-,AKG35_RS12315,636.0,run_PMT0948,1,False,
AKG35_RS12315,,DUF1651 domain-containing protein,NC_005071.1,1031203,1031379,-,PMT0949,106.0,run_AKG35_RS12315,1,False,
PMT0949,,conserved hypothetical protein,NC_005071.1,1031486,1031758,+,PMT0950,214.0,run_PMT0949,1,False,
PMT0950,,conserved hypothetical protein,NC_005071.1,1031973,1032314,+,PMT0951,79.0,run_PMT0950,2,False,
PMT0951,,conserved hypothetical protein (DUF3303),NC_005071.1,1032394,1032666,+,AKG35_RS13395,173.0,run_PMT0950,2,False,
AKG35_RS13395,,hypothetical protein,NC_005071.1,1032840,1032989,+,AKG35_RS13400,19.0,run_AKG35_RS13395,1,False,
AKG35_RS13400,,hypothetical protein,NC_005071.1,1033009,1033116,-,PMT0952,93.0,run_AKG35_RS13400,3,False,
PMT0952,,possible Peptidase family M1,NC_005071.1,1033210,1033983,-,PMT_2525,41.0,run_AKG35_RS13400,3,False,
PMT_2525,,possible Peptidase family M1,NC_005071.1,1034025,1034204,-,PMT0953,120.0,run_AKG35_RS13400,3,False,
PMT0953,,possible Peptidase family M1,NC_005071.1,1034325,1034606,-,PMT0954,167.0,run_PMT0953,1,False,
PMT0954,,vanW like family protein,NC_005071.1,1034774,1035586,+,PMT0955,65.0,run_PMT0954,1,False,
PMT0955,,FAD-dependent pyridine nucleotide-disulfide oxidoreductase,NC_005071.1,1035652,1037283,-,PMT_2526,266.0,run_PMT0955,1,False,
PMT_2526,,conserved hypothetical protein,NC_005071.1,1037550,1037750,+,PMT0956,370.0,run_PMT_2526,1,False,
PMT0956,,possible kinesin motor domain,NC_005071.1,1038121,1038375,+,PMT0958,863.0,run_PMT0956,1,False,
PMT0958,,putative flagella basal body rod protein,NC_005071.1,1039239,1039769,-,PMT_2527,174.0,run_PMT0958,1,False,
PMT_2527,,conserved hypothetical protein,NC_005071.1,1039944,1040144,+,PMT0959,370.0,run_PMT_2527,1,False,
PMT0959,,possible kinesin motor domain,NC_005071.1,1040515,1040769,+,PMT_2528,863.0,run_PMT0959,1,False,
PMT_2528,,putative flagella basal body rod protein,NC_005071.1,1041633,1041827,-,PMT_0961,-8.0,run_PMT_2528,2,False,
PMT_0961,,putative flagella basal body rod protein,NC_005071.1,1041820,1042164,-,PMT_2529,174.0,run_PMT_2528,2,False,
PMT_2529,,conserved hypothetical protein,NC_005071.1,1042339,1042539,+,PMT0962,370.0,run_PMT_2529,1,False,
PMT0962,,possible kinesin motor domain,NC_005071.1,1042910,1043164,+,PMT_2532,705.0,run_PMT0962,1,False,
PMT_2532,lanA,"lantipeptide precursor, Nif11-like leader peptide domain protein",NC_005071.1,1043870,1044106,+,PMT0964,27.0,run_PMT_2532,2,False,
PMT0964,,conserved hypothetical protein (DUF3303),NC_005071.1,1044134,1044466,+,AKG35_RS13630,148.0,run_PMT_2532,2,False,
AKG35_RS13630,,hypothetical protein,NC_005071.1,1044615,1044746,-,PMT0965,352.0,run_AKG35_RS13630,1,False,
PMT0965,,conserved hypothetical protein,NC_005071.1,1045099,1045809,-,PMT0966,-1.0,run_PMT0965,3,False,
PMT0966,,calcineurin-like phosphoesterase family protein,NC_005071.1,1045809,1046624,-,PMT0967,5.0,run_PMT0965,3,False,
PMT0967,,conserved hypothetical protein,NC_005071.1,1046630,1047415,-,AKG35_RS13405,589.0,run_PMT0965,3,False,
AKG35_RS13405,,hypothetical protein,NC_005071.1,1048005,1048190,+,PMT_0971,816.0,run_AKG35_RS13405,1,False,
PMT_0971,,possible bZIP transcription factor,NC_005071.1,1049007,1049402,+,PMT0972,462.0,run_PMT_0971,1,False,
PMT0972,,conserved hypothetical protein,NC_005071.1,1049865,1050086,+,PMT0974,1165.0,run_PMT0972,1,False,
PMT0974,unk14A,conserved hypothetical protein,NC_005071.1,1051252,1051611,-,PMT0975,126.0,run_PMT0974,1,False,
PMT0975,,Hypothetical protein,NC_005071.1,1051738,1052394,-,PMT_0976,930.0,run_PMT0975,1,False,
PMT_0976,,possible Protein of unknown function DUF42,NC_005071.1,1053325,1053654,+,PMT0977,-11.0,run_PMT_0976,1,False,
PMT0977,,ABC transporter family protein,NC_005071.1,1053644,1055791,-,PMT0978,-4.0,run_PMT0977,4,False,
PMT0978,,ABC multidrug efflux transporter,NC_005071.1,1055788,1058004,-,PMT0979,-4.0,run_PMT0977,4,False,
PMT0979,,uncharacterized conserved membrane protein,NC_005071.1,1058001,1059404,-,PMT0980,-4.0,run_PMT0977,4,False,
PMT0980,,outer membrane efflux family protein,NC_005071.1,1059401,1060957,-,PMT0981,403.0,run_PMT0977,4,False,
PMT0981,,uncharacterized conserved secreted protein,NC_005071.1,1061361,1061837,-,PMT_2538,186.0,run_PMT0981,1,False,
PMT_2538,,Hypothetical protein,NC_005071.1,1062024,1062212,+,PMT0982,-23.0,run_PMT_2538,2,False,
PMT0982,,conserved hypothetical protein,NC_005071.1,1062190,1062891,+,PMT0983,182.0,run_PMT_2538,2,False,
PMT0983,,possible kinesin motor domain,NC_005071.1,1063074,1063328,-,PMT_2539,255.0,run_PMT0983,1,False,
PMT_2539,,Hypothetical protein,NC_005071.1,1063584,1063739,+,PMT_2542,359.0,run_PMT_2539,1,False,
PMT_2542,,conserved hypothetical protein,NC_005071.1,1064099,1064281,-,PMT_0985,296.0,run_PMT_2542,1,False,
PMT_0985,,conserved hypothetical protein,NC_005071.1,1064578,1065069,-,PMT_2544,324.0,run_PMT_0985,1,False,
PMT_2544,,Hypothetical protein,NC_005071.1,1065394,1065537,-,PMT_2546,303.0,run_PMT_2544,1,False,
PMT_2546,,Hypothetical protein,NC_005071.1,1065841,1066032,-,AKG35_RS13505,64.0,run_PMT_2546,3,False,
AKG35_RS13505,,possible bZIP transcription factor,NC_005071.1,1066097,1066627,-,AKG35_RS13510,51.0,run_PMT_2546,3,False,
AKG35_RS13510,,putative membrane protein,NC_005071.1,1066679,1066843,-,PMT_2548,140.0,run_PMT_2546,3,False,
PMT_2548,,conserved hypothetical protein,NC_005071.1,1066984,1067139,-,RG24_RS05275,180.0,run_PMT_2548,1,False,
RG24_RS05275,,Hypothetical protein,NC_005071.1,1067320,1067499,+,PMT_2549,193.0,run_RG24_RS05275,1,False,
PMT_2549,,Conserved hypothetical protein,NC_005071.1,1067693,1067875,+,PMT0989,200.0,run_PMT_2549,1,False,
PMT0989,,conserved hypothetical protein DUF4278,NC_005071.1,1068076,1068381,+,PMT_0990,670.0,run_PMT0989,1,False,
PMT_0990,hli,high light inducible protein,NC_005071.1,1069052,1069201,+,PMT0991,530.0,run_PMT_0990,1,False,
PMT0991,,possible tRNA synthetase class I (E and Q),NC_005071.1,1069732,1070043,+,PMT0992,845.0,run_PMT0991,1,False,
PMT0992,hli,high light inducible protein,NC_005071.1,1070889,1071014,+,AKG35_RS13635,73.0,run_PMT0992,1,False,
AKG35_RS13635,,hypothetical protein,NC_005071.1,1071088,1071219,-,PMT0993,382.0,run_AKG35_RS13635,1,False,
PMT0993,pstS,"phosphate ABC transporter, phosphate-binding protein PstS",NC_005071.1,1071602,1072594,+,PMT0994,-4.0,run_PMT0993,2,False,
PMT0994,phoB,two-component system response regulator RR class II (RRII)-CheY-OmpR,NC_005071.1,1072591,1073328,+,PMT_0995,155.0,run_PMT0993,2,False,
PMT_0995,phoR,"two component sensor histidine kinase fragment, likely pseudogene",NC_005071.1,1073484,1073795,+,PMT_0996,57.0,run_PMT_0995,3,False,
PMT_0996,phoR,"two component sensor histidine kinase fragment, likely pseudogene",NC_005071.1,1073853,1074002,+,PMT_0997,67.0,run_PMT_0995,3,False,
PMT_0997,phoR,"two-component system sensor histidine kinase, phosphate sensing PhoR",NC_005071.1,1074070,1074477,+,PMT0998,137.0,run_PMT_0995,3,False,
PMT0998,som,outer membrane porin,NC_005071.1,1074615,1076282,-,PMT0999,483.0,run_PMT0998,1,False,
PMT0999,arsJ,"multidrug efflux transporter, MFS family",NC_005071.1,1076766,1078037,-,PMT1000,0.0,run_PMT0999,2,False,
PMT1000,gap3,glyceraldehyde-3-phosphate dehydrogenase,NC_005071.1,1078038,1079075,-,PMT1001,120.0,run_PMT0999,2,False,
PMT1001,arsR,"bacterial regulatory protein, ArsR family",NC_005071.1,1079196,1079525,+,PMT1002,128.0,run_PMT1001,1,False,
PMT1002,,conserved hypothetical protein,NC_005071.1,1079654,1080337,+,PMT1003,130.0,run_PMT1002,1,False,
PMT1003,,glycosyl hydrolase 57 family protein,NC_005071.1,1080468,1081937,+,AKG35_RS12880,213.0,run_PMT1003,1,False,
AKG35_RS12880,,hypothetical protein,NC_005071.1,1082151,1082330,-,PMT1004,17.0,run_AKG35_RS12880,1,False,
PMT1004,,cupin domain-containing protein,NC_005071.1,1082348,1082875,+,PMT1005,258.0,run_PMT1004,1,False,
PMT1005,,possible Gamma-thionins family,NC_005071.1,1083134,1083352,-,PMT1007,509.0,run_PMT1005,1,False,
PMT1007,,conserved hypothetical protein,NC_005071.1,1083862,1084092,+,PMT_2561,84.0,run_PMT1007,1,False,
PMT_2561,,Conserved hypothetical protein,NC_005071.1,1084177,1084395,-,PMT1008,651.0,run_PMT_2561,1,False,
PMT1008,,conserved hypothetical protein,NC_005071.1,1085047,1085364,+,PMT1009,527.0,run_PMT1008,1,False,
PMT1009,,"possible 7S seed storage protein, N-terminal doma",NC_005071.1,1085892,1086182,-,PMT1010,526.0,run_PMT1009,1,False,
PMT1010,,conserved hypothetical protein,NC_005071.1,1086709,1087071,+,PMT1011,300.0,run_PMT1010,1,False,
PMT1011,tig,putative trigger factor,NC_005071.1,1087372,1087770,+,PMT1012,263.0,run_PMT1011,1,False,
PMT1012,prxQ,2-Cys peroxiredoxin,NC_005071.1,1088034,1088597,+,PMT1013,206.0,run_PMT1012,1,False,
PMT1013,pcs,phytochelatin synthase,NC_005071.1,1088804,1089553,+,PMT1014,178.0,run_PMT1013,1,False,
PMT1014,,conserved hypothetical protein,NC_005071.1,1089732,1090229,-,PMT1015,484.0,run_PMT1014,1,False,
PMT1015,,uncharacterized conserved membrane protein,NC_005071.1,1090714,1091046,-,PMT1016,671.0,run_PMT1015,1,False,
PMT1016,,methyltransferase domain protein,NC_005071.1,1091718,1092365,-,PMT1017,334.0,run_PMT1016,1,False,
PMT1017,,conserved hypothetical protein,NC_005071.1,1092700,1092984,-,AKG35_RS12885,87.0,run_PMT1017,2,False,
AKG35_RS12885,,hypothetical protein,NC_005071.1,1093072,1093248,-,PMT_2572,298.0,run_PMT1017,2,False,
PMT_2572,,Conserved hypothetical protein,NC_005071.1,1093547,1093699,-,PMT_2575,697.0,run_PMT_2572,1,False,
PMT_2575,,conserved hypothetical protein,NC_005071.1,1094397,1094591,-,PMT1019,813.0,run_PMT_2575,1,False,
PMT1019,,uncharacterized conserved membrane protein,NC_005071.1,1095405,1096115,+,AKG35_RS13640,1094.0,run_PMT1019,1,False,
AKG35_RS13640,,hypothetical protein,NC_005071.1,1097210,1097338,-,AKG35_RS13200,341.0,run_AKG35_RS13640,1,False,
AKG35_RS13200,,hypothetical protein,NC_005071.1,1097680,1098081,+,PMT_1022,-83.0,run_AKG35_RS13200,1,False,
PMT_1022,rpsU,30S ribosomal protein S21,NC_005071.1,1097999,1098175,-,PMT_2584,202.0,run_PMT_1022,1,False,
PMT_2584,,Hypothetical protein,NC_005071.1,1098378,1098536,-,PMT_2586,1240.0,run_PMT_2584,1,False,
PMT_2586,,Conserved hypothetical protein,NC_005071.1,1099777,1099950,-,PMT1024,185.0,run_PMT_2586,1,False,
PMT1024,,ion transport family protein,NC_005071.1,1100136,1100915,+,PMT1025,245.0,run_PMT1024,1,False,
PMT1025,,"membrane-associated, eicosanoid/glutathione metabolism (MAPEG) protein",NC_005071.1,1101161,1101547,-,RG24_RS05485,53.0,run_PMT1025,1,False,
RG24_RS05485,,hypothetical protein,NC_005071.1,1101601,1101810,+,PMT1026,112.0,run_RG24_RS05485,1,False,
PMT1026,mutT,NUDIX hydrolase superfamily,NC_005071.1,1101923,1102348,-,PMT_1027,206.0,run_PMT1026,1,False,
PMT_1027,,Predicted protein family PM-6,NC_005071.1,1102555,1102740,-,AKG35_RS12910,396.0,run_PMT_1027,1,False,
AKG35_RS12910,,cytochrome B6,NC_005071.1,1103137,1103328,+,PMT_2591,1558.0,run_AKG35_RS12910,1,False,
PMT_2591,,Conserved hypothetical protein,NC_005071.1,1104887,1105108,+,PMT1028,319.0,run_PMT_2591,1,False,
PMT1028,,conserved hypothetical protein,NC_005071.1,1105428,1105700,-,PMT_2593,454.0,run_PMT1028,1,False,
PMT_2593,,uncharacterized conserved membrane protein,NC_005071.1,1106155,1106406,+,PMT1029,662.0,run_PMT_2593,1,False,
PMT1029,aspC,aspartate aminotransferase,NC_005071.1,1107069,1108283,-,PMT_1030,489.0,run_PMT1029,1,False,
PMT_1030,,"possible Glucose-6-phosphate dehydrogenase, C-ter",NC_005071.1,1108773,1109036,+,PMT1031,673.0,run_PMT_1030,1,False,
PMT1031,clcD,dienelactone hydrolase family protein,NC_005071.1,1109710,1110450,+,PMT1032,174.0,run_PMT1031,1,False,
PMT1032,,conserved hypothetical protein,NC_005071.1,1110625,1111095,+,PMT1033,72.0,run_PMT1032,1,False,
PMT1033,,possible Ets-domain,NC_005071.1,1111168,1111509,-,PMT1034,167.0,run_PMT1033,1,False,
PMT1034,,conserved hypothetical protein,NC_005071.1,1111677,1112003,+,PMT_2600,1717.0,run_PMT1034,1,False,
PMT_2600,,Conserved hypothetical protein,NC_005071.1,1113721,1113924,-,PMT1035,99.0,run_PMT_2600,1,False,
PMT1035,,conserved hypothetical protein,NC_005071.1,1114024,1114350,+,PMT1037,852.0,run_PMT1035,1,False,
PMT1037,,conserved hypothetical protein,NC_005071.1,1115203,1115541,-,PMT1038,251.0,run_PMT1037,1,False,
PMT1038,,OsmC/Ohr family domain-containing protein,NC_005071.1,1115793,1116200,+,PMT_2604,435.0,run_PMT1038,1,False,
PMT_2604,,Conserved hypothetical protein,NC_005071.1,1116636,1116869,+,PMT1039,419.0,run_PMT_2604,1,False,
PMT1039,,conserved hypothetical protein,NC_005071.1,1117289,1117546,-,PMT1040,326.0,run_PMT1039,1,False,
PMT1040,,conserved hypothetical protein,NC_005071.1,1117873,1118391,+,PMT_1041,62.0,run_PMT1040,2,False,
PMT_1041,,conserved hypothetical protein,NC_005071.1,1118454,1118807,+,PMT1042,186.0,run_PMT1040,2,False,
PMT1042,,conserved hypothetical protein,NC_005071.1,1118994,1119278,-,PMT1043,457.0,run_PMT1042,1,False,
PMT1043,,possible Domain of unknown function DUF38,NC_005071.1,1119736,1120338,+,PMT1044,747.0,run_PMT1043,1,False,
PMT1044,proP,proline/betaine transporter,NC_005071.1,1121086,1122348,-,PMT_2605,534.0,run_PMT1044,1,False,
PMT_2605,,Hypothetical protein,NC_005071.1,1122883,1123047,+,PMT1045,494.0,run_PMT_2605,1,False,
PMT1045,,possible Glyceraldehyde 3-phosphate dehydrogenase,NC_005071.1,1123542,1123820,+,PMT1046,513.0,run_PMT1045,1,False,
PMT1046,pcb,"divinyl-chlorophyll a/b binding light harvesting protein, photosystem II-associated",NC_005071.1,1124334,1125386,-,PMT_2611,2232.0,run_PMT1046,1,False,
PMT_2611,,conserved hypothetical protein,NC_005071.1,1127619,1127762,-,PMT1047,45.0,run_PMT_2611,1,False,
PMT1047,,possible Trypsin and protease inhibitor,NC_005071.1,1127808,1128137,+,PMT_2613,671.0,run_PMT1047,1,False,
PMT_2613,,hypothetical protein,NC_005071.1,1128809,1129006,-,PMT1048,489.0,run_PMT_2613,1,False,
PMT1048,psbY,photosystem II PsbY protein,NC_005071.1,1129496,1129612,+,PMT1051,1610.0,run_PMT1048,1,False,
PMT1051,crtH,carotenoid isomerase,NC_005071.1,1131223,1132785,+,PMT1052,173.0,run_PMT1051,1,False,
PMT1052,pepN,aminopeptidase N,NC_005071.1,1132959,1135577,+,PMT1053,8.0,run_PMT1052,1,False,
PMT1053,,conserved hypothetical protein,NC_005071.1,1135586,1136818,-,PMT1054,361.0,run_PMT1053,1,False,
PMT1054,,uncharacterized conserved secreted protein,NC_005071.1,1137180,1137617,+,PMT1055,397.0,run_PMT1054,1,False,
PMT1055,trhO,rhodanese-like domain protein,NC_005071.1,1138015,1138947,-,PMT1056,-4.0,run_PMT1055,5,False,
PMT1056,bioB,biotin synthase,NC_005071.1,1138944,1139951,-,PMT1057,20.0,run_PMT1055,5,False,
PMT1057,uppS,"di-trans,poly-cis-decaprenylcistransferase",NC_005071.1,1139972,1140769,-,PMT1058,-4.0,run_PMT1055,5,False,
PMT1058,disA,diadenylate cyclase,NC_005071.1,1140766,1141647,-,PMT1059,23.0,run_PMT1055,5,False,
PMT1059,lysA,diaminopimelate decarboxylase,NC_005071.1,1141671,1143038,-,PMT1060,69.0,run_PMT1055,5,False,
PMT1060,rimI,ribosomal-protein-alanine acetyltransferase,NC_005071.1,1143108,1143593,+,PMT1061,175.0,run_PMT1060,1,False,
PMT1061,clpC,ATP-dependent Clp protease ATP-binding subunit ClpC,NC_005071.1,1143769,1146348,+,PMT1062,16.0,run_PMT1061,4,False,
PMT1062,gldA,glycerol dehydrogenase,NC_005071.1,1146365,1147525,+,PMT1063,14.0,run_PMT1061,4,False,
PMT1063,todF,esterase family protein,NC_005071.1,1147540,1148439,+,PMT1064,2.0,run_PMT1061,4,False,
PMT1064,,conserved hypothetical protein,NC_005071.1,1148442,1149086,+,PMT1065,5.0,run_PMT1061,4,False,
PMT1065,cdsA,cytidine diphosphate-diacylglycerol (CDP-DG) synthase,NC_005071.1,1149092,1150006,-,PMT1066,19.0,run_PMT1065,2,False,
PMT1066,cadA,lysine decarboxylase,NC_005071.1,1150026,1151426,-,PMT1067,101.0,run_PMT1065,2,False,
PMT1067,aarF,ABC1 family protein,NC_005071.1,1151528,1153174,+,PMT1068,282.0,run_PMT1067,1,False,
PMT1068,rpoD8,"RNA polymerase sigma factor, type II",NC_005071.1,1153457,1154419,-,PMT1069,315.0,run_PMT1068,1,False,
PMT1069,rsuA,pseudouridine synthase,NC_005071.1,1154735,1155469,+,PMT1070,33.0,run_PMT1069,2,False,
PMT1070,,helix-turn-helix domain-containing protein,NC_005071.1,1155503,1156432,+,PMT1071,-79.0,run_PMT1069,2,False,
PMT1071,malQ,4-alpha-glucanotransferase,NC_005071.1,1156354,1157919,-,PMT1072,197.0,run_PMT1071,1,False,
PMT1072,lytR,cell envelope-related transcriptional attenuator domain-containing protein,NC_005071.1,1158117,1159118,+,PMT1073,10.0,run_PMT1072,2,False,
PMT1073,,conserved hypothetical protein,NC_005071.1,1159129,1159665,-,PMT1074,86.0,run_PMT1073,1,True,run_PMT1072
PMT1074,prsA,ribose-phosphate pyrophosphokinase,NC_005071.1,1159752,1160750,+,PMT1075,862.0,run_PMT1072,2,False,
PMT1075,F2J10.13,conserved hypothetical protein,NC_005071.1,1161613,1162149,+,PMT1076,-19.0,run_PMT1075,1,False,
PMT1076,lipA1,lipoyl synthase,NC_005071.1,1162131,1163051,-,PMT1077,4.0,run_PMT1076,2,False,
PMT1077,recR,recombination protein RecR,NC_005071.1,1163056,1163634,-,PMT1078,127.0,run_PMT1076,2,False,
PMT1078,cyanoP,photosystem II protein CyanoP,NC_005071.1,1163762,1164316,+,PMT1079,205.0,run_PMT1078,1,False,
PMT1079,psr,cell envelope-related transcriptional attenuator domain-containing protein,NC_005071.1,1164522,1165418,-,PMT1080,365.0,run_PMT1079,1,False,
PMT1080,,ABC transporter,NC_005071.1,1165784,1167586,-,PMT_2616,139.0,run_PMT1080,1,False,
PMT_2616,,conserved hypothetical protein,NC_005071.1,1167726,1167926,+,PMT1081,54.0,run_PMT_2616,1,False,
PMT1081,rbpD,nucleotide-binding alpha-beta plait domain-containing protein,NC_005071.1,1167981,1168316,-,PMT1082,446.0,run_PMT1081,1,False,
PMT1082,,uncharacterized conserved secreted protein,NC_005071.1,1168763,1169047,-,PMT1083,10.0,run_PMT1082,5,False,
PMT1083,crhR,cyanobacterial RNA helicase,NC_005071.1,1169058,1170965,-,PMT1084,51.0,run_PMT1082,5,False,
PMT1084,manA,mannose-6-phosphate isomerase,NC_005071.1,1171017,1171400,-,PMT1085,13.0,run_PMT1082,5,False,
PMT1085,recD,"exodeoxyribonuclease V (RecBCD complex), alpha subunit",NC_005071.1,1171414,1173144,-,PMT1086,-4.0,run_PMT1082,5,False,
PMT1086,recB,"exodeoxyribonuclease V (RecBCD complex), beta subunit",NC_005071.1,1173141,1176965,-,PMT1087,411.0,run_PMT1082,5,False,
PMT1087,,major Facilitator Superfamily protein,NC_005071.1,1177377,1178594,-,PMT1088,336.0,run_PMT1087,1,False,
PMT1088,,phospholipid methyltransferase,NC_005071.1,1178931,1179503,-,PMT1089,87.0,run_PMT1088,3,False,
PMT1089,recC,"exodeoxyribonuclease V (RecBCD complex), gamma subunit",NC_005071.1,1179591,1182902,-,PMT_1090,-7.0,run_PMT1088,3,False,
PMT_1090,,"calcineurin-like phosphoesterase family protein, ApaH type",NC_005071.1,1182896,1183597,-,AKG35_RS13515,46.0,run_PMT1088,3,False,
AKG35_RS13515,,conserved hypothetical protein,NC_005071.1,1183644,1184018,+,PMT1091,175.0,run_AKG35_RS13515,1,False,
PMT1091,pdxJ,pyridoxine 5^-phosphate synthase,NC_005071.1,1184194,1184931,-,PMT1092,110.0,run_PMT1091,1,False,
PMT1092,plsC2,1-acyl-sn-glycerol-3-phosphate acyltransferase,NC_005071.1,1185042,1185779,+,PMT1093,26.0,run_PMT1092,5,False,
PMT1093,,uncharacterized conserved secreted protein,NC_005071.1,1185806,1186342,+,PMT1094,56.0,run_PMT1092,5,False,
PMT1094,colA,bolA-like family protein,NC_005071.1,1186399,1186632,+,PMT1095,22.0,run_PMT1092,5,False,
PMT1095,grx3,monothiol glutaredoxin,NC_005071.1,1186655,1186978,+,PMT_2618,37.0,run_PMT1092,5,False,
PMT_2618,,Conserved hypothetical protein,NC_005071.1,1187016,1187189,+,PMT1096,243.0,run_PMT1092,5,False,
PMT1096,,conserved hypothetical protein,NC_005071.1,1187433,1187705,-,PMT1097,146.0,run_PMT1096,1,False,
PMT1097,,two-component system response regulator RR class II (RRII)-OmpR,NC_005071.1,1187852,1188556,+,PMT1098,600.0,run_PMT1097,1,False,
PMT1098,,putative cAMP phosphodiesterase class-II,NC_005071.1,1189157,1189582,-,PMT1099,457.0,run_PMT1098,1,False,
PMT1099,sasA,adaptive-response sensory kinase,NC_005071.1,1190040,1191152,+,PMT1100,287.0,run_PMT1099,1,False,
PMT1100,,Conserved hypothetical protein,NC_005071.1,1191440,1192012,-,PMT1101,171.0,run_PMT1100,1,False,
PMT1101,petH,ferredoxin--NADP+ reductase (FNR),NC_005071.1,1192184,1193284,+,PMT1102,171.0,run_PMT1101,1,False,
PMT1102,zwf,glucose-6-phosphate 1-dehydrogenase,NC_005071.1,1193456,1194979,+,PMT1103,41.0,run_PMT1102,5,False,
PMT1103,opcA,glucose 6-phosphate dehydrogenase assembly protein,NC_005071.1,1195021,1196310,+,PMT1104,41.0,run_PMT1102,5,False,
PMT1104,cobB,"hydrogenobyrinic acid a,c-diamide synthase (glutamine-hydrolysing)",NC_005071.1,1196352,1197779,+,PMT1105,69.0,run_PMT1102,5,False,
PMT1105,gpmI2,putative phosphoglycerate mutase,NC_005071.1,1197849,1198439,+,PMT1106,79.0,run_PMT1102,5,False,
PMT1106,,glycolipid exporter Gap/Sap,NC_005071.1,1198519,1199208,+,PMT1107,-26.0,run_PMT1102,5,False,
PMT1107,,UvrD-like P-loop containing nucleoside triphosphate hydrolase,NC_005071.1,1199183,1200655,-,PMT1108,-4.0,run_PMT1107,9,False,
PMT1108,,possible phosphatidic acid phosphatase,NC_005071.1,1200652,1201164,-,PMT1109,-4.0,run_PMT1107,9,False,
PMT1109,crtE,geranylgeranyl pyrophosphate synthase,NC_005071.1,1201161,1202063,-,PMT1110,42.0,run_PMT1107,9,False,
PMT1110,folD,"bifunctional 5,10-methylene-tetrahydrofolate dehydrogenase/ 5,10-methylene-tetrahydrofolate cyclohydrolase",NC_005071.1,1202106,1203014,-,PMT1111,70.0,run_PMT1107,9,False,
PMT1111,pgpH,cyclic-di-AMP phosphodiesterase PgpH,NC_005071.1,1203085,1205178,+,PMT1112,90.0,run_PMT1111,1,True,run_PMT1107
PMT1112,rluA,ribosomal large subunit pseudouridine synthase A,NC_005071.1,1205269,1205892,-,PMT1113,68.0,run_PMT1107,9,False,
PMT1113,,alpha-glycosidase,NC_005071.1,1205961,1206368,-,AKG35_RS13645,68.0,run_PMT1107,9,False,
AKG35_RS13645,,hypothetical protein,NC_005071.1,1206437,1206571,-,PMT_2625,99.0,run_PMT1107,9,False,
PMT_2625,,conserved hypothetical protein,NC_005071.1,1206671,1206832,-,PMT1114,35.0,run_PMT1107,9,False,
PMT1114,,uncharacterized conserved secreted protein,NC_005071.1,1206868,1207365,-,PMT1116,838.0,run_PMT1107,9,False,
PMT1116,,conserved hypothetical protein,NC_005071.1,1208204,1208509,+,PMT1118,993.0,run_PMT1116,1,False,
PMT1118,,nif11-like leader peptide domain protein,NC_005071.1,1209503,1209748,-,PMT1119,142.0,run_PMT1118,1,False,
PMT1119,,putative hAMP domain protein,NC_005071.1,1209891,1210253,+,PMT1120,61.0,run_PMT1119,1,False,
PMT1120,lacG,"ABC-type sugar transport system, permease component",NC_005071.1,1210315,1211154,-,PMT1121,27.0,run_PMT1120,2,False,
PMT1121,leuA,2-isopropylmalate synthase,NC_005071.1,1211182,1212804,-,PMT1122,147.0,run_PMT1120,2,False,
PMT1122,,alpha-glucan branching enzyme,NC_005071.1,1212952,1214520,+,PMT1123,-4.0,run_PMT1122,1,False,
PMT1123,crtL-b,lycopene beta cyclase,NC_005071.1,1214517,1215743,-,PMT1124,2.0,run_PMT1123,2,False,
PMT1124,gyrA,"DNA gyrase, A subunit",NC_005071.1,1215746,1218373,-,PMT1125,158.0,run_PMT1123,2,False,
PMT1125,,conserved hypothetical protein,NC_005071.1,1218532,1219671,+,PMT1126,76.0,run_PMT1125,2,False,
PMT1126,guaB,inositol-5-monophosphate dehydrogenase,NC_005071.1,1219748,1220911,+,PMT1127,224.0,run_PMT1125,2,False,
PMT1127,trxA,m-type thioredoxin,NC_005071.1,1221136,1221459,+,PMT1128,94.0,run_PMT1127,2,False,
PMT1128,hisH,"imidazole glycerol phosphate synthase, HisH subunit",NC_005071.1,1221554,1222195,+,PMT_1130,570.0,run_PMT1127,2,False,
PMT_1130,petG,cytochrome b6-f complex subunit 5,NC_005071.1,1222766,1222882,-,PMT1131,56.0,run_PMT_1130,1,False,
PMT1131,cytM,cytochrome cM,NC_005071.1,1222939,1223316,+,PMT1132,-4.0,run_PMT1131,8,False,
PMT1132,trmJ,"RNA methyltransferase, TrmH , group 1 family protein",NC_005071.1,1223313,1224062,+,PMT1133,30.0,run_PMT1131,8,False,
PMT1133,penP,beta-lactamase class A,NC_005071.1,1224093,1225253,+,PMT1134,-4.0,run_PMT1131,8,False,
PMT1134,,uncharacterized conserved secreted protein (DUF3370),NC_005071.1,1225250,1226668,+,PMT1135,-4.0,run_PMT1131,8,False,
PMT1135,chlI,"protoporphyrin IX Mg-chelatase, subunit ChlI",NC_005071.1,1226665,1227756,+,PMT1136,4.0,run_PMT1131,8,False,
PMT1136,ruvC,crossover junction endodeoxyribonuclease RuvC,NC_005071.1,1227761,1228225,+,PMT1137,8.0,run_PMT1131,8,False,
PMT1137,,methyltransferase domain protein,NC_005071.1,1228234,1229001,+,PMT1138,-4.0,run_PMT1131,8,False,
PMT1138,,5-formyltetrahydrofolate cyclo-ligase,NC_005071.1,1228998,1229567,+,PMT1139,147.0,run_PMT1131,8,False,
PMT1139,,possible Glycosyl hydrolase family 32,NC_005071.1,1229715,1229972,+,PMT1140,42.0,run_PMT1139,2,False,
PMT1140,,conserved hypothetical protein,NC_005071.1,1230015,1230464,+,PMT1141,488.0,run_PMT1139,2,False,
PMT1141,,uncharacterized conserved membrane protein,NC_005071.1,1230953,1231429,+,PMT1142,9.0,run_PMT1141,3,False,
PMT1142,sufE,sulfur acceptor for SufS cysteine desulfurase,NC_005071.1,1231439,1231900,+,PMT1143,37.0,run_PMT1141,3,False,
PMT1143,thrA,homoserine dehydrogenase,NC_005071.1,1231938,1233254,+,PMT1144,101.0,run_PMT1141,3,False,
PMT1144,,conserved hypothetical protein,NC_005071.1,1233356,1233595,+,PMT1145,57.0,run_PMT1144,3,False,
PMT1145,dppA,peptide/nickel transport system substrate-binding protein,NC_005071.1,1233653,1235242,+,PMT1146,-1.0,run_PMT1144,3,False,
PMT1146,dppB,"oligopeptide ABC transporter, membrane component",NC_005071.1,1235242,1236261,+,PMT1147,-7.0,run_PMT1144,3,False,
PMT1147,,alpha/beta hydrolase,NC_005071.1,1236255,1237847,-,PMT1148,450.0,run_PMT1147,1,False,
PMT1148,,conserved hypothetical protein,NC_005071.1,1238298,1238741,+,PMT1149,243.0,run_PMT1148,1,False,
PMT1149,,Type I antifreeze protein,NC_005071.1,1238985,1239359,+,PMT1151,1346.0,run_PMT1149,1,False,
PMT1151,,"conserved hypothetical protein, Prochlorococcus-specific",NC_005071.1,1240706,1241062,-,PMT_2632,-16.0,run_PMT1151,2,False,
PMT_2632,,Conserved hypothetical protein,NC_005071.1,1241047,1241436,-,PMT1153,1011.0,run_PMT1151,2,False,
PMT1153,hli,high light inducible protein,NC_005071.1,1242448,1242651,-,PMT_1154,11.0,run_PMT1153,2,False,
PMT_1154,hli,high light inducible protein,NC_005071.1,1242663,1242806,-,PMT1155,951.0,run_PMT1153,2,False,
PMT1155,ychf,ribosome-binding ATPase,NC_005071.1,1243758,1244849,-,PMT1156,154.0,run_PMT1155,1,False,
PMT1156,acrA,"RND efflux pump, MFP subunit, HlyD family",NC_005071.1,1245004,1246182,+,PMT1157,24.0,run_PMT1156,2,False,
PMT1157,polA,DNA polymerase I,NC_005071.1,1246207,1249167,+,PMT1158,397.0,run_PMT1156,2,False,
PMT1158,,"plastoquinone biosynthesis coenzyme, Coq4 family protein",NC_005071.1,1249565,1250224,+,PMT1159,70.0,run_PMT1158,2,False,
PMT1159,cysS,cysteinyl-tRNA synthetase,NC_005071.1,1250295,1251794,+,PMT1160,157.0,run_PMT1158,2,False,
PMT1160,,sodium-dependent transporter,NC_005071.1,1251952,1253283,-,PMT1161,78.0,run_PMT1160,1,False,
PMT1161,dxr,1-deoxy-D-xylulose 5-phosphate reductoisomerase,NC_005071.1,1253362,1254615,+,PMT1162,-4.0,run_PMT1161,2,False,
PMT1162,,thioredoxin-like superfamily,NC_005071.1,1254612,1254959,+,PMT1163,19.0,run_PMT1161,2,False,
PMT1163,,alpha/beta hydrolase,NC_005071.1,1254979,1256091,-,PMT1164,-20.0,run_PMT1163,4,False,
PMT1164,pntB,pyridine nucleotide transhydrogenase beta subunit,NC_005071.1,1256072,1257511,-,PMT1165,-1.0,run_PMT1163,4,False,
PMT1165,pntA2,"pyridine nucleotide transhydrogenase, subunit alpha2 (A2)",NC_005071.1,1257511,1257816,-,PMT1166,-1.0,run_PMT1163,4,False,
PMT1166,pntA1,"pyridine nucleotide transhydrogenase, subunit alpha1 (A1)",NC_005071.1,1257816,1258958,-,PMT1167,125.0,run_PMT1163,4,False,
PMT1167,,conserved hypothetical protein,NC_005071.1,1259084,1259662,+,PMT_2634,6.0,run_PMT1167,1,False,
PMT_2634,,conserved hypothetical protein,NC_005071.1,1259669,1259845,-,PMT1168,124.0,run_PMT_2634,1,False,
PMT1168,,ATP-dependent DNA helicase,NC_005071.1,1259970,1261391,+,PMT_2635,94.0,run_PMT1168,2,False,
PMT_2635,,conserved hypothetical protein,NC_005071.1,1261486,1261734,+,PMT1169,346.0,run_PMT1168,2,False,
PMT1169,infA,translation initiation factor IF-1,NC_005071.1,1262081,1262350,-,PMT1170,267.0,run_PMT1169,1,False,
PMT1170,rluE,23S rRNA pseudouridine2457 synthase,NC_005071.1,1262618,1263229,+,PMT1171,-32.0,run_PMT1170,1,False,
PMT1171,,methyltransferase domain protein,NC_005071.1,1263198,1264001,-,PMT1172,82.0,run_PMT1171,5,False,
PMT1172,,conserved hypothetical protein,NC_005071.1,1264084,1264299,-,PMT1173,75.0,run_PMT1171,5,False,
PMT1173,ycf39,photosystem II assembly factor Ycf39,NC_005071.1,1264375,1265337,-,PMT1171a,55.0,run_PMT1171,5,False,
PMT1171a,petM,cytochrome b6/f complex subunit VII,NC_005071.1,1265393,1265491,-,PMT1174,28.0,run_PMT1171,5,False,
PMT1174,trm1,tRNA (guanine26-N2/guanine27-N2)-dimethyltransferase,NC_005071.1,1265520,1266794,-,PMT1175,-87.0,run_PMT1171,5,False,
PMT1175,,epoxide hydrolase-like protein,NC_005071.1,1266708,1267706,+,PMT1176,5.0,run_PMT1175,2,False,
PMT1176,ilvN,"acetolactate synthase, small subunit",NC_005071.1,1267712,1268242,+,PMT1177,25.0,run_PMT1175,2,False,
PMT1177,ppiB,cyclophilin type peptidyl-prolyl cis-trans isomerase/CLD family protein,NC_005071.1,1268268,1268972,-,PMT1178,3.0,run_PMT1177,2,False,
PMT1178,ycf4,photosytem I complex assembly protein Ycf4,NC_005071.1,1268976,1269551,-,PMT1179,190.0,run_PMT1177,2,False,
PMT1179,psbD,photosystem II D2 protein,NC_005071.1,1269742,1270797,+,PMT1180,-17.0,run_PMT1179,2,False,
PMT1180,psbC,photosystem II CP43 protein,NC_005071.1,1270781,1272178,+,PMT1181,234.0,run_PMT1179,2,False,
PMT1181,maf,septum formation protein,NC_005071.1,1272413,1272973,-,PMT_1182,42.0,run_PMT1181,1,False,
PMT_1182,,winged helix-turn-helix DNA-binding domain-containing protein,NC_005071.1,1273016,1273426,+,PMT1183,11.0,run_PMT_1182,3,False,
PMT1183,cobQ,cobyric acid synthase,NC_005071.1,1273438,1274943,+,PMT1184,-4.0,run_PMT_1182,3,False,
PMT1184,petF,2Fe-2S ferredoxin,NC_005071.1,1274940,1275185,+,PMT1185,531.0,run_PMT_1182,3,False,
PMT1185,,possible Adenosine-deaminase (editase) domain,NC_005071.1,1275717,1276547,+,PMT1186,69.0,run_PMT1185,1,False,
PMT1186,,type-II peroxiredoxin,NC_005071.1,1276617,1277189,-,PMT1187,75.0,run_PMT1186,2,False,
PMT1187,dnaA,chromosomal replication initiator protein,NC_005071.1,1277265,1278662,-,PMT1188,99.0,run_PMT1186,2,False,
PMT1188,htrA,serine protease,NC_005071.1,1278762,1279916,+,PMT1189,6.0,run_PMT1188,2,False,
PMT1189,,conserved hypothetical protein,NC_005071.1,1279923,1280585,+,PMT1190,109.0,run_PMT1188,2,False,
PMT1190,,"beta-glycosyltransferase, family 2",NC_005071.1,1280695,1281411,+,PMT1191,3.0,run_PMT1190,1,False,
PMT1191,ycf52,uncharacterized acyl-CoA N-acetyltransferase,NC_005071.1,1281415,1281915,-,PMT1192,100.0,run_PMT1191,3,False,
PMT1192,,putative ABC multidrug efflux transporter,NC_005071.1,1282016,1283812,-,PMT1193,-1.0,run_PMT1191,3,False,
PMT1193,hisG,ATP phosphoribosyltransferase,NC_005071.1,1283812,1284465,-,PMT1194,29.0,run_PMT1191,3,False,
PMT1194,glx2,hydroxyacylglutathione hydrolase,NC_005071.1,1284495,1285277,+,PMT1195,186.0,run_PMT1194,1,False,
PMT1195,ridA,reactive intermediate/imine deaminase A,NC_005071.1,1285464,1285862,+,PMT1196,280.0,run_PMT1195,1,False,
PMT1196,,conserved hypothetical protein (DUF3136),NC_005071.1,1286143,1286364,+,PMT1197,35.0,run_PMT1196,1,False,
PMT1197,cbbX,RuBisCo activase,NC_005071.1,1286400,1287317,-,PMT1198,-17.0,run_PMT1197,2,False,
PMT1198,raf,alpha-carboxysome RuBisCO assembly factor,NC_005071.1,1287301,1287552,-,PMT_1199,143.0,run_PMT1197,2,False,
PMT_1199,csoS1E,carboxysome shell peptide,NC_005071.1,1287696,1288310,-,PMT1200,56.0,run_PMT_1199,5,False,
PMT1200,csos4B,pentameric carboxysome shell protein Csos4B (peptide B),NC_005071.1,1288367,1288618,-,PMT1201,-1.0,run_PMT_1199,5,False,
PMT1201,csoS4A,pentameric carboxysome shell protein Csos4A (peptide A),NC_005071.1,1288618,1288893,-,PMT1202,1.0,run_PMT_1199,5,False,
PMT1202,csoSCA,carboxysomal carbonic anhydrase,NC_005071.1,1288895,1290439,-,PMT1203,7.0,run_PMT_1199,5,False,
PMT1203,csoS2,carboxysome shell protein CsoS2,NC_005071.1,1290447,1292825,-,PMT1204,111.0,run_PMT_1199,5,False,
PMT1204,rbcS,"ribulose bisphosphate carboxylase, small subunit",NC_005071.1,1292937,1293278,-,PMT1205,107.0,run_PMT1204,1,False,
PMT1205,rbcL,"ribulose bisphosphate carboxylase, large subunit",NC_005071.1,1293386,1294798,-,PMT1206,69.0,run_PMT1205,2,False,
PMT1206,csoS1A,carboxysome shell protein CsoS1A,NC_005071.1,1294868,1295179,-,PMT1207,342.0,run_PMT1205,2,False,
PMT1207,rdgB,dITP/XTP pyrophosphatase,NC_005071.1,1295522,1296115,+,PMT1208,0.0,run_PMT1207,1,False,
PMT1208,csoS1D,carboxysome shell component,NC_005071.1,1296116,1296886,-,PMT1209,101.0,run_PMT1208,1,False,
PMT1209,,conserved hypothetical protein,NC_005071.1,1296988,1297389,+,AKG35_RS13535,214.0,run_PMT1209,1,False,
AKG35_RS13535,,hypothetical protein,NC_005071.1,1297604,1297750,-,PMT1211,227.0,run_AKG35_RS13535,1,False,
PMT1211,,conserved hypothetical protein,NC_005071.1,1297978,1298280,-,PMT1212,323.0,run_PMT1211,1,False,
PMT1212,,possible regulator of sodium-dependent bicarbonate transport,NC_005071.1,1298604,1298885,-,PMT1213,4.0,run_PMT1212,2,False,
PMT1213,sbtA,possible sodium-dependent bicarbonate transporter,NC_005071.1,1298890,1299909,-,PMT1214,200.0,run_PMT1212,2,False,
PMT1214,sul3,sulfate transporter family protein,NC_005071.1,1300110,1301831,-,PMT1215,190.0,run_PMT1214,1,False,
PMT1215,chlN,light-independent protochlorophyllide reductase subunit N,NC_005071.1,1302022,1303278,+,PMT1216,7.0,run_PMT1215,2,False,
PMT1216,chlB,"light-independent protochlorophyllide reductase, B subunit",NC_005071.1,1303286,1304896,+,PMT1217,205.0,run_PMT1215,2,False,
PMT1217,chlL,"light-independent protochlorophyllide reductase, iron-sulfur ATP-binding protein",NC_005071.1,1305102,1305992,+,PMT1218,29.0,run_PMT1217,1,False,
PMT1218,porA,light-dependent protochlorophyllide reductase,NC_005071.1,1306022,1307026,-,PMT1219,82.0,run_PMT1218,2,False,
PMT1219,,conserved membrane protein,NC_005071.1,1307109,1307441,-,PMT1220,147.0,run_PMT1218,2,False,
PMT1220,psaM,photosystem I reaction centre subunit XII,NC_005071.1,1307589,1307699,-,PMT_2646,50.0,run_PMT1220,3,False,
PMT_2646,,Hypothetical protein,NC_005071.1,1307750,1307947,-,PMT1221,55.0,run_PMT1220,3,False,
PMT1221,,uncharacterized conserved membrane protein,NC_005071.1,1308003,1308770,-,PMT_2647,9.0,run_PMT1220,3,False,
PMT_2647,clcD,Hypothetical protein,NC_005071.1,1308780,1309007,+,PMT1223,416.0,run_PMT_2647,1,False,
PMT1223,,hypothetical protein,NC_005071.1,1309424,1310650,+,PMT1224,253.0,run_PMT1223,1,False,
PMT1224,lplA,lipoate---protein ligase,NC_005071.1,1310904,1311746,+,PMT1225,-94.0,run_PMT1224,2,False,
PMT1225,,metallopeptidase M50 family protein,NC_005071.1,1311653,1312921,-,PMT1226,66.0,run_PMT1225,1,True,run_PMT1224
PMT1226,trpF,N-(5^phosphoribosyl)anthranilate isomerase,NC_005071.1,1312988,1313665,+,PMT_2649,186.0,run_PMT1224,2,False,
PMT_2649,,Conserved hypothetical protein,NC_005071.1,1313852,1314001,-,PMT1227,142.0,run_PMT_2649,1,False,
PMT1227,folE,GTP cyclohydrolase I,NC_005071.1,1314144,1314911,-,PMT1228,11.0,run_PMT1227,4,False,
PMT1228,,beta-ketoacyl-(acyl-carrier-protein) reductase protein family,NC_005071.1,1314923,1315630,-,PMT1229,24.0,run_PMT1227,4,False,
PMT1229,accA,"acetyl-CoA carboxylase, carboxyl transferase alpha subunit",NC_005071.1,1315655,1316644,-,PMT1230,26.0,run_PMT1227,4,False,
PMT1230,aar,long-chain fatty acyl-ACP reductase,NC_005071.1,1316671,1317708,-,PMT1231,165.0,run_PMT1227,4,False,
PMT1231,ado,long-chain fatty aldehyde decarbonylase/aldehyde-deformylating oxygenase,NC_005071.1,1317874,1318605,-,PMT1232,74.0,run_PMT1231,2,False,
PMT1232,crnA,creatinine amidohydrolase,NC_005071.1,1318680,1319501,-,PMT1233,69.0,run_PMT1231,2,False,
PMT1233,rpsA2,30S ribosomal protein S1,NC_005071.1,1319571,1320836,+,PMT1234,-4.0,run_PMT1233,3,False,
PMT1234,,conserved hypothetical protein,NC_005071.1,1320833,1321732,+,PMT1235,-4.0,run_PMT1233,3,False,
PMT1235,pgeF,multi-copper polyphenol oxidoreductase laccase family protein,NC_005071.1,1321729,1322583,+,PMT1236,-16.0,run_PMT1233,3,False,
PMT1236,,conserved hypothetical protein,NC_005071.1,1322568,1324244,-,PMT1237,73.0,run_PMT1236,2,False,
PMT1237,,periplasmic binding protein,NC_005071.1,1324318,1325583,-,PMT1238,110.0,run_PMT1236,2,False,
PMT1238,,conserved hypothetical protein,NC_005071.1,1325694,1326056,-,PMT1239,-1.0,run_PMT1238,2,False,
PMT1239,ilvB,"acetolactate synthase, large subunit, biosynthetic type",NC_005071.1,1326056,1327837,-,PMT1240,208.0,run_PMT1238,2,False,
PMT1240,hemH,ferrochelatase,NC_005071.1,1328046,1329221,-,PMT1241,74.0,run_PMT1240,1,False,
PMT1241,,phage integrase family protein,NC_005071.1,1329296,1330459,+,PMT1242,-4.0,run_PMT1241,3,False,
PMT1242,ubiE,"demethylmenaquinone methyltransferase / 2-methoxy-6-polyprenyl-1,4-benzoquinol methylase",NC_005071.1,1330456,1331085,+,PMT1243,43.0,run_PMT1241,3,False,
PMT1243,cobO1,cob(I)alamin adenosyltransferase,NC_005071.1,1331129,1331821,+,PMT1244,311.0,run_PMT1241,3,False,
PMT1244,pyrH,uridylate kinase,NC_005071.1,1332133,1332846,+,PMT1245,50.0,run_PMT1244,3,False,
PMT1245,frr,ribosome recycling factor,NC_005071.1,1332897,1333445,+,PMT1246,-4.0,run_PMT1244,3,False,
PMT1246,fixC,geranylgeranyl reductase family protein,NC_005071.1,1333442,1334569,+,PMT1247,169.0,run_PMT1244,3,False,
PMT1247,,short-chain dehydrogenase/reductase (SDR) superfamily,NC_005071.1,1334739,1335404,-,PMT1248,268.0,run_PMT1247,1,False,
PMT1248,talA,transaldolase,NC_005071.1,1335673,1336845,-,PMT1249,92.0,run_PMT1248,4,False,
PMT1249,ftsI,cell division protein FtsI (peptidoglycan synthetase),NC_005071.1,1336938,1338746,-,PMT1250,-1.0,run_PMT1248,4,False,
PMT1250,,uncharacterized conserved membrane protein,NC_005071.1,1338746,1339213,-,PMT1251,92.0,run_PMT1248,4,False,
PMT1251,,CAAX protease self-immunity family protein,NC_005071.1,1339306,1340697,-,PMT1252,151.0,run_PMT1248,4,False,
PMT1252,psp,phosphoserine phosphatase,NC_005071.1,1340849,1342180,+,PMT1253,4.0,run_PMT1252,3,False,
PMT1253,pyrC,putative dihydroorotase,NC_005071.1,1342185,1343441,+,PMT1254,-11.0,run_PMT1252,3,False,
PMT1254,lepB,signal peptidase I,NC_005071.1,1343431,1344135,-,PMT1255,81.0,run_PMT1254,1,True,run_PMT1252
PMT1255,,conserved hypothetical protein,NC_005071.1,1344217,1345743,+,PMT1256,606.0,run_PMT1252,3,False,
PMT1256,arsC,putative arsenate reductase,NC_005071.1,1346350,1346712,-,PMT1257,56.0,run_PMT1256,2,False,
PMT1257,ppa,inorganic pyrophosphatase,NC_005071.1,1346769,1347293,-,PMT1258,366.0,run_PMT1256,2,False,
PMT1258,,conserved hypothetical protein,NC_005071.1,1347660,1348124,-,PMT1259,147.0,run_PMT1258,1,False,
PMT1259,proS,proline--tRNA ligase,NC_005071.1,1348272,1350071,+,PMT1260,28.0,run_PMT1259,4,False,
PMT1260,psb27,photosystem II manganese cluster assembly protein Psb27,NC_005071.1,1350100,1350540,+,PMT1261,87.0,run_PMT1259,4,False,
PMT1261,purA,adenylosuccinate synthase,NC_005071.1,1350628,1351947,+,PMT1262,52.0,run_PMT1259,4,False,
PMT1262,pfkB,possible 6-phosphofructokinase,NC_005071.1,1352000,1353019,+,PMT1263,13.0,run_PMT1259,4,False,
PMT1263,cutA,periplasmic divalent cation tolerance protein,NC_005071.1,1353033,1353374,-,PMT1264,20.0,run_PMT1263,3,False,
PMT1264,cobK,precorrin-6x reductase,NC_005071.1,1353395,1354216,-,PMT1265,29.0,run_PMT1263,3,False,
PMT1265,ycf41,possible single-stranded DNA-binding protein,NC_005071.1,1354246,1354728,+,PMT1266,9.0,run_PMT1265,5,True,run_PMT1263
PMT1266,,conserved hypothetical protein,NC_005071.1,1354738,1354938,-,PMT1267,52.0,run_PMT1263,3,True,run_PMT1265
PMT1267,APE1,acclimation of photosynthesis to environment protein,NC_005071.1,1354991,1355563,+,PMT1268,-14.0,run_PMT1265,5,False,
PMT1268,argB,acetylglutamate kinase,NC_005071.1,1355550,1356476,+,PMT1269,3.0,run_PMT1265,5,False,
PMT1269,,conserved hypothetical protein,NC_005071.1,1356480,1356971,+,PMT1270,19.0,run_PMT1265,5,False,
PMT1270,,conserved hypothetical protein,NC_005071.1,1356991,1357236,+,PMT1271,14.0,run_PMT1265,5,False,
PMT1271,priA,primosomal protein N^,NC_005071.1,1357251,1359527,-,PMT_2658,277.0,run_PMT1271,1,False,
PMT_2658,,Hypothetical protein,NC_005071.1,1359805,1360032,-,PMT1272,-89.0,run_PMT_2658,1,False,
PMT1272,rpoD1,"major RNA polymerase sigma factor, type I",NC_005071.1,1359944,1361278,+,PMT1273,554.0,run_PMT1272,1,False,
PMT1273,hemC,porphobilinogen deaminase,NC_005071.1,1361833,1362786,+,PMT1274,76.0,run_PMT1273,1,False,
PMT1274,,"L,D-transpeptidase catalytic domain protein",NC_005071.1,1362863,1363477,-,PMT1275,94.0,run_PMT1274,2,False,
PMT1275,ppa,inorganic pyrophosphatase,NC_005071.1,1363572,1364159,-,PMT1276,269.0,run_PMT1274,2,False,
PMT1276,,uncharacterized conserved secreted protein,NC_005071.1,1364429,1364887,-,PMT_1278,653.0,run_PMT1276,1,False,
PMT_1278,,possible Paralytic/GBP/PSP peptide,NC_005071.1,1365541,1366008,-,PMT1279,103.0,run_PMT_1278,1,False,
PMT1279,cxp,carboxypeptidase Taq (M32) metallopeptidase,NC_005071.1,1366112,1367662,-,PMT1280,93.0,run_PMT1279,2,False,
PMT1280,,conserved hypothetical protein,NC_005071.1,1367756,1368193,-,PMT_1281,158.0,run_PMT1279,2,False,
PMT_1281,,uncharacterised protein family UPF0047,NC_005071.1,1368352,1368966,+,PMT1282,-8.0,run_PMT_1281,2,False,
PMT1282,,conserved hypothetical protein,NC_005071.1,1368959,1369327,+,PMT1283,273.0,run_PMT_1281,2,False,
PMT1283,phhB,pterin-4-alpha-carbinolamine dehydratase,NC_005071.1,1369601,1369891,+,PMT1284,90.0,run_PMT1283,2,False,
PMT1284,,CobW-like pseudocobalamin biosynthesis proteinn,NC_005071.1,1369982,1371049,+,PMT_1285,271.0,run_PMT1283,2,False,
PMT_1285,,uncharacterized conserved membrane protein,NC_005071.1,1371321,1371467,+,PMT1287,243.0,run_PMT_1285,1,False,
PMT1287,futB,"ABC-type Fe3+ transport system, membrane component",NC_005071.1,1371711,1373312,+,PMT1288,600.0,run_PMT1287,1,False,
PMT1288,,2OG-Fe(II) oxygenase family protein,NC_005071.1,1373913,1374620,-,PMT1289,347.0,run_PMT1288,1,False,
PMT1289,,conserved hypothetical protein,NC_005071.1,1374968,1376014,+,PMT1290,510.0,run_PMT1289,1,False,
PMT1290,,glycosyltransferase 2 family protein,NC_005071.1,1376525,1377508,-,PMT1291,-7.0,run_PMT1290,4,False,
PMT1291,larC,"possible pyridinium-3,5-bisthiocarboxylic acid mononucleotide nickel chelatase",NC_005071.1,1377502,1378734,-,PMT_2665,-4.0,run_PMT1290,4,False,
PMT_2665,,Conserved hypothetical protein,NC_005071.1,1378731,1378901,-,PMT1292,0.0,run_PMT1290,4,False,
PMT1292,,conserved hypothetical protein,NC_005071.1,1378902,1379579,-,PMT1293,151.0,run_PMT1290,4,False,
PMT1293,Pitt,photosystem II assembly factor,NC_005071.1,1379731,1380510,+,PMT_2666,-50.0,run_PMT1293,2,False,
PMT_2666,,conserved hypothetical protein,NC_005071.1,1380461,1380838,-,PMT1294,19.0,run_PMT_2666,2,True,run_PMT1293
PMT1294,xthA,exodeoxyribonuclease III,NC_005071.1,1380858,1381697,+,PMT1295,54.0,run_PMT1293,2,True,run_PMT_2666
PMT1295,glcD1,glycolate oxidase,NC_005071.1,1381752,1383227,-,PMT1296,133.0,run_PMT_2666,2,False,
PMT1296,hemL,"glutamate-1-semialdehyde-2,1-aminomutase",NC_005071.1,1383361,1384662,+,PMT1297,202.0,run_PMT1296,1,False,
PMT1297,,amidase,NC_005071.1,1384865,1386568,-,PMT1298,143.0,run_PMT1297,1,False,
PMT1298,yajQ,cyclic-di-GMP-binding protein,NC_005071.1,1386712,1387206,-,PMT_2667,89.0,run_PMT1298,2,False,
PMT_2667,,conserved hypothetical protein,NC_005071.1,1387296,1387580,-,PMT1299,867.0,run_PMT1298,2,False,
PMT1299,qmcA,membrane anchored protease,NC_005071.1,1388448,1389362,-,PMT1300,112.0,run_PMT1299,1,False,
PMT1300,ybbJ,NfeD-like family protein YbbJ,NC_005071.1,1389475,1389918,+,PMT1301,2.0,run_PMT1300,1,False,
PMT1301,,possible DNA recombination-mediator A family protein,NC_005071.1,1389921,1390439,-,PMT1302,31.0,run_PMT1301,4,False,
PMT1302,pta,AAA domain protein,NC_005071.1,1390471,1391571,-,PMT1303,32.0,run_PMT1301,4,False,
PMT1303,ebsA,conserved hypothetical protein,NC_005071.1,1391604,1391990,-,PMT1304,20.0,run_PMT1301,4,False,
PMT1304,,C-terminal Rossman-fold domain of the monoglucosyldiacylglycerol epimerase MgdE,NC_005071.1,1392011,1392781,+,PMT1305,16.0,run_PMT1304,1,True,run_PMT1301
PMT1305,map,"methionine aminopeptidase, type I",NC_005071.1,1392798,1393637,-,PMT1306,622.0,run_PMT1301,4,False,
PMT1306,rplS,50S ribosomal protein L19,NC_005071.1,1394260,1394658,+,PMT1307,172.0,run_PMT1306,1,False,
PMT1307,,Prochlorococcus/marine Synechococcus Hyper-Conserved Protein (PSHCP),NC_005071.1,1394831,1395019,+,PMT1308,382.0,run_PMT1307,1,False,
PMT1308,gltX,glutamyl-tRNA synthetase,NC_005071.1,1395402,1396832,+,PMT1309,-51.0,run_PMT1308,1,False,
PMT1309,nhaS,"Na+/H+ antiporter, CPA1 family",NC_005071.1,1396782,1398047,-,PMT1310,-11.0,run_PMT1309,4,False,
PMT1310,,conserved hypothetical protein,NC_005071.1,1398037,1398282,-,PMT1311,-1.0,run_PMT1309,4,False,
PMT1311,,conserved hypothetical protein,NC_005071.1,1398282,1398929,-,PMT1312,-77.0,run_PMT1309,4,False,
PMT1312,nfrC,UDP-N-acetylglucosamine 2-epimerase,NC_005071.1,1398853,1399965,-,PMT1313,114.0,run_PMT1309,4,False,
PMT1313,pilT2,twitching motility protein PilT,NC_005071.1,1400080,1401267,+,PMT1314,7.0,run_PMT1313,1,False,
PMT1314,hli,high light inducible protein,NC_005071.1,1401275,1401478,-,PMT1315,37.0,run_PMT1314,2,False,
PMT1315,tsaD,N6-L-threonylcarbamoyladenine synthase,NC_005071.1,1401516,1402586,-,PMT1316,77.0,run_PMT1314,2,False,
PMT1316,psaF,photosystem I reaction centre PsaF protein,NC_005071.1,1402664,1403176,+,PMT_1317,45.0,run_PMT1316,2,False,
PMT_1317,psaJ,photosystem I reaction centre subunit IX,NC_005071.1,1403222,1403344,+,PMT1318,141.0,run_PMT1316,2,False,
PMT1318,gmk,guanylate kinase,NC_005071.1,1403486,1404055,-,PMT1319,64.0,run_PMT1318,1,False,
PMT1319,,fibronectin-binding A family protein,NC_005071.1,1404120,1405838,+,PMT1320,124.0,run_PMT1319,1,False,
PMT1320,tatC,sec-independent protein translocase protein TatC,NC_005071.1,1405963,1406703,+,PMT1322,388.0,run_PMT1320,1,False,
PMT1322,petC,cytochrome b6-f complex iron-sulfur subunit,NC_005071.1,1407092,1407628,+,PMT1323,53.0,run_PMT1322,4,False,
PMT1323,petA,apocytochrome f,NC_005071.1,1407682,1408614,+,PMT1324,20.0,run_PMT1322,4,False,
PMT1324,lgt,phosphatidylglycerol:prolipoprotein diacylglycerol transferase,NC_005071.1,1408635,1409549,+,PMT1325,-1.0,run_PMT1322,4,False,
PMT1325,cobM,precorrin-4/cobalt-precorrin-4 C11-methyltransferase,NC_005071.1,1409549,1410304,+,PMT1326,265.0,run_PMT1322,4,False,
PMT1326,,transcriptional regulator with a Cro/C1-type helix-turn-helix domain,NC_005071.1,1410570,1411256,+,PMT1327,192.0,run_PMT1326,1,False,
PMT1327,ppx,exopolyphosphatase,NC_005071.1,1411449,1413149,-,PMT1328,53.0,run_PMT1327,1,False,
PMT1328,ubiA,4-hydroxybenzoate polyprenyltransferase,NC_005071.1,1413203,1414096,+,PMT1329,3.0,run_PMT1328,2,False,
PMT1329,ldcA,muramoyltetrapeptide carboxypeptidase,NC_005071.1,1414100,1414999,+,RG24_RS07115,140.0,run_PMT1328,2,False,
RG24_RS07115,,hypothetical protein,NC_005071.1,1415140,1415322,-,PMT1330,512.0,run_RG24_RS07115,1,False,
PMT1330,ispD,2-C-methyl-D-erythritol 4-phosphate cytidylyltransferase,NC_005071.1,1415835,1416512,-,PMT1331,73.0,run_PMT1330,1,False,
PMT1331,,UDP-glycosyltransferase/glycogen phosphorylase,NC_005071.1,1416586,1417425,+,PMT1332,-4.0,run_PMT1331,3,False,
PMT1332,,"potassium ion channel, VIC family",NC_005071.1,1417422,1418501,+,PMT1333,47.0,run_PMT1331,3,False,
PMT1333,fabG,beta-ketoacyl-(acyl-carrier-protein) reductase (KR),NC_005071.1,1418549,1419301,+,PMT_2676,23.0,run_PMT1331,3,False,
PMT_2676,,uncharacterized conserved membrane protein,NC_005071.1,1419325,1419501,-,PMT1334,129.0,run_PMT_2676,1,False,
PMT1334,groL2,chaperonin GroEL,NC_005071.1,1419631,1421331,+,PMT1335,131.0,run_PMT1334,1,False,
PMT1335,nanE,N-acylglucosamine-6-phosphate 2-epimerase,NC_005071.1,1421463,1422155,-,PMT1337,274.0,run_PMT1335,1,False,
PMT1337,ycf38,ABC-2 type transporter family protein,NC_005071.1,1422430,1423284,-,PMT1338,76.0,run_PMT1337,5,False,
PMT1338,ccmA,"ABC-type multidrug transport system, ATPase component",NC_005071.1,1423361,1424374,-,PMT1339,86.0,run_PMT1337,5,False,
PMT1339,ctaB,protoheme IX farnesyltransferase,NC_005071.1,1424461,1425462,-,PMT1340,-8.0,run_PMT1337,5,False,
PMT1340,ctaA,cytochrome oxidase biogenesis protein,NC_005071.1,1425455,1426378,-,PMT_2677,24.0,run_PMT1337,5,False,
PMT_2677,,Conserved hypothetical protein,NC_005071.1,1426403,1426552,-,PMT1341,125.0,run_PMT1337,5,False,
PMT1341,ctaCI,cytochrome c oxidase subunit II,NC_005071.1,1426678,1427502,+,PMT1342,-4.0,run_PMT1341,4,False,
PMT1342,ctaDI,cytochrome c oxidase subunit I,NC_005071.1,1427499,1429175,+,PMT1343,-4.0,run_PMT1341,4,False,
PMT1343,ctaEI,cytochrome c oxidase subunit III,NC_005071.1,1429172,1429795,+,PMT1344,95.0,run_PMT1341,4,False,
PMT1344,,abrB-like transcriptional regulator family protein,NC_005071.1,1429891,1430256,+,PMT1345,102.0,run_PMT1341,4,False,
PMT1345,,uncharacterized conserved membrane protein (DUF308),NC_005071.1,1430359,1430949,-,PMT1346,92.0,run_PMT1345,2,False,
PMT1346,ribE,"riboflavin synthase, alpha subunit",NC_005071.1,1431042,1431704,-,PMT1347,69.0,run_PMT1345,2,False,
PMT1347,,conserved hypothetical protein,NC_005071.1,1431774,1432352,+,PMT1348,-4.0,run_PMT1347,2,False,
PMT1348,,aldo/keto reductase family protein,NC_005071.1,1432349,1433485,+,PMT1349,-12.0,run_PMT1347,2,False,
PMT1349,,uncharacterized conserved secreted protein,NC_005071.1,1433474,1434493,-,PMT1350,29.0,run_PMT1349,5,False,
PMT1350,cobT,phosphoribosyltransferase family protein,NC_005071.1,1434523,1435734,-,PMT1351,-29.0,run_PMT1349,5,False,
PMT1351,,conserved hypothetical protein,NC_005071.1,1435706,1436314,-,PMT1352,68.0,run_PMT1349,5,False,
PMT1352,,conserved hypothetical protein,NC_005071.1,1436383,1436859,-,PMT1353,-1.0,run_PMT1349,5,False,
PMT1353,topA,"DNA topoisomerase I, omega subunit",NC_005071.1,1436859,1439609,-,PMT1354,76.0,run_PMT1349,5,False,
PMT1354,ndhB,NADH dehydrogenase I subunit NdhB (chain 2 or N),NC_005071.1,1439686,1441257,+,PMT1355,-8.0,run_PMT1354,4,False,
PMT1355,ftsE,ATP-binding protein FtsE,NC_005071.1,1441250,1441990,+,PMT1356,-4.0,run_PMT1354,4,False,
PMT1356,,two-component system response regulator RR class I (RRI)-CheY,NC_005071.1,1441987,1442403,+,PMT1357,84.0,run_PMT1354,4,False,
PMT1357,,two-component system response regulator RR class I (RRI)-CheY,NC_005071.1,1442488,1443210,+,PMT1358,1120.0,run_PMT1354,4,False,
PMT1358,,peptidase M23 family protein,NC_005071.1,1444331,1445302,-,PMT1359,50.0,run_PMT1358,3,False,
PMT1359,birA,biotin operon repressor / biotin-[acetyl-CoA-carboxylase] ligase,NC_005071.1,1445353,1446111,-,PMT1360,-14.0,run_PMT1358,3,False,
PMT1360,,aspartate transaminase,NC_005071.1,1446098,1447294,-,PMT1361,125.0,run_PMT1358,3,False,
PMT1361,vipp1,stress-induced protein assembly complex,NC_005071.1,1447420,1448223,-,PMT1362,66.0,run_PMT1361,1,False,
PMT1362,,conserved hypothetical protein,NC_005071.1,1448290,1448832,+,PMT1363,110.0,run_PMT1362,1,False,
PMT1363,,4-amino-4-deoxy-L-arabinose transferase and related glycosyltransferase of PMT family,NC_005071.1,1448943,1450784,-,PMT1364,118.0,run_PMT1363,1,False,
PMT1364,,eamA-like transporter family protein,NC_005071.1,1450903,1451862,-,PMT1365,53.0,run_PMT1364,1,False,
PMT1365,sppA,signal peptide peptidase SppA (protease IV),NC_005071.1,1451916,1452728,+,PMT1366,-4.0,run_PMT1365,2,False,
PMT1366,aroH,chorismate mutase,NC_005071.1,1452725,1453111,+,PMT1367,126.0,run_PMT1365,2,False,
PMT1367,,uncharacterized conserved lipoprotein (DUF2808),NC_005071.1,1453238,1453828,+,PMT_1368,48.0,run_PMT1367,9,False,
PMT_1368,rpmH,50S ribosomal protein L34,NC_005071.1,1453877,1454014,+,PMT1369,60.0,run_PMT1367,9,False,
PMT1369,rnpA,ribonuclease P protein component,NC_005071.1,1454075,1454461,+,PMT1370,-4.0,run_PMT1367,9,False,
PMT1370,,bacterial PH domain-containing protein,NC_005071.1,1454458,1454865,+,PMT1371,81.0,run_PMT1367,9,False,
PMT1371,ALB3,photosystem II assembly factor,NC_005071.1,1454947,1456083,+,PMT1372,-4.0,run_PMT1367,9,False,
PMT1372,,conserved hypothetical protein,NC_005071.1,1456080,1456610,+,PMT1373,-4.0,run_PMT1367,9,False,
PMT1373,ycf46,ATPase potentially involved in the regulation of CO2 uptake,NC_005071.1,1456607,1458097,+,PMT1374,74.0,run_PMT1367,9,False,
PMT1374,serS,serine--tRNA ligase,NC_005071.1,1458172,1459449,+,PMT1375,19.0,run_PMT1367,9,False,
PMT1375,rseP,RIP metalloprotease RseP,NC_005071.1,1459469,1460551,+,PMT1376,108.0,run_PMT1367,9,False,
PMT1376,rpsN,30S ribosomal protein S14,NC_005071.1,1460660,1460962,+,PMT1377,187.0,run_PMT1376,1,False,
PMT1377,pnp,polyribonucleotide nucleotidyltransferase,NC_005071.1,1461150,1463321,+,PMT1378,19.0,run_PMT1377,3,False,
PMT1378,cysQ,"3^(2^), 5^-bisphosphate nucleotidase",NC_005071.1,1463341,1464258,-,PMT1379,24.0,run_PMT1378,1,True,run_PMT1377
PMT1379,rsmI,2-O-methyltransferase,NC_005071.1,1464283,1465152,+,PMT1380,44.0,run_PMT1377,3,False,
PMT1380,,uncharacterized conserved membrane protein,NC_005071.1,1465197,1465424,+,PMT1381,36.0,run_PMT1377,3,False,
PMT1381,,conserved hypothetical protein,NC_005071.1,1465461,1466285,-,PMT_1382,384.0,run_PMT1381,1,False,
PMT_1382,,phytanoyl-CoA dioxygenase family protein,NC_005071.1,1466670,1467671,-,PMT_2680,1055.0,run_PMT_1382,1,False,
PMT_2680,,conserved hypothetical protein,NC_005071.1,1468727,1468909,+,PMT_2681,31.0,run_PMT_2680,2,False,
PMT_2681,,Conserved hypothetical protein,NC_005071.1,1468941,1469126,+,PMT1384,408.0,run_PMT_2680,2,False,
PMT1384,,conserved hypothetical protein,NC_005071.1,1469535,1469867,-,PMT1386,777.0,run_PMT1384,1,False,
PMT1386,,metallo-hydrolase/oxidoreductase,NC_005071.1,1470645,1471397,+,PMT1388,1821.0,run_PMT1386,1,False,
PMT1388,,conserved hypothetical protein,NC_005071.1,1473219,1473566,-,PMT_2686,49.0,run_PMT1388,2,False,
PMT_2686,,Conserved hypothetical protein,NC_005071.1,1473616,1473750,-,PMT_2689,1981.0,run_PMT1388,2,False,
PMT_2689,,putative membrane protein,NC_005071.1,1475732,1475938,-,PMT1391,0.0,run_PMT_2689,2,False,
PMT1391,,conserved hypothetical protein,NC_005071.1,1475939,1476199,-,PMT1392,897.0,run_PMT_2689,2,False,
PMT1392,ydiU,ACR YdiU/UPF0061 family protein,NC_005071.1,1477097,1478800,+,PMT1393,184.0,run_PMT1392,1,False,
PMT1393,,uncharacterized conserved secreted protein,NC_005071.1,1478985,1479497,-,PMT_2693,61.0,run_PMT1393,2,False,
PMT_2693,,Hypothetical protein,NC_005071.1,1479559,1479705,-,PMT_2694,260.0,run_PMT1393,2,False,
PMT_2694,,possible DnaJ type IV chaperone protein,NC_005071.1,1479966,1480163,-,PMT1394,90.0,run_PMT_2694,3,False,
PMT1394,yadB,glutamyl-Q-tRNA(Asp) synthetase,NC_005071.1,1480254,1481174,-,PMT1395,88.0,run_PMT_2694,3,False,
PMT1395,hupB,DNA-binding protein HU-beta,NC_005071.1,1481263,1481538,-,PMT1396,159.0,run_PMT_2694,3,False,
PMT1396,,ribonuclease Z / hydroxyacylglutathione hydrolase-like protein,NC_005071.1,1481698,1482354,-,PMT1397,77.0,run_PMT1396,1,False,
PMT1397,glgX,isoamylase,NC_005071.1,1482432,1484501,+,PMT1398,222.0,run_PMT1397,1,False,
PMT1398,glcH,glucose transporter,NC_005071.1,1484724,1486079,+,PMT1399,-4.0,run_PMT1398,2,False,
PMT1399,ycf63,"ABC-type transport system, membrane component",NC_005071.1,1486076,1486822,+,PMT1400,163.0,run_PMT1398,2,False,
PMT1400,,conserved hypothetical protein,NC_005071.1,1486986,1488032,+,PMT1401,2.0,run_PMT1400,2,False,
PMT1401,plsY,glycerol-3-phosphate acyltransferase (GPAT),NC_005071.1,1488035,1488649,+,PMT1402,-13.0,run_PMT1400,2,False,
PMT1402,pyrF,orotidine 5-phosphate decarboxylase,NC_005071.1,1488637,1489374,-,PMT1403,23.0,run_PMT1402,3,False,
PMT1403,tyrS,tyrosyl-tRNA synthetase,NC_005071.1,1489398,1490645,-,PMT1404,59.0,run_PMT1402,3,False,
PMT1404,,conserved hypothetical protein,NC_005071.1,1490705,1491031,-,PMT1405,116.0,run_PMT1402,3,False,
PMT1405,,two-component system response regulator RR class II (RRII)-CheY-LuxR,NC_005071.1,1491148,1491873,+,PMT1406,119.0,run_PMT1405,1,False,
PMT1406,,conserved hypothetical protein,NC_005071.1,1491993,1492589,+,PMT1407,38.0,run_PMT1406,2,False,
PMT1407,pepA,leucine aminopeptidase,NC_005071.1,1492628,1494100,+,PMT_2698,304.0,run_PMT1406,2,False,
PMT_2698,,conserved hypothetical protein,NC_005071.1,1494405,1494617,-,PMT1408,112.0,run_PMT_2698,1,False,
PMT1408,msrA2,peptide methionine sulfoxide reductase,NC_005071.1,1494730,1495401,-,PMT1409,-4.0,run_PMT1408,8,False,
PMT1409,lpxB,lipid-A-disaccharide synthase,NC_005071.1,1495398,1496576,-,PMT1410,-1.0,run_PMT1408,8,False,
PMT1410,lpxA,acyl-[acyl-carrier-protein]-UDP-N- acetylglucosamine O-acyltransferase,NC_005071.1,1496576,1497427,-,PMT1411,5.0,run_PMT1408,8,False,
PMT1411,fabZ,beta-hydroxy-acyl-(acyl-carrier-protein) dehydratase (DH),NC_005071.1,1497433,1497888,-,PMT1412,-4.0,run_PMT1408,8,False,
PMT1412,lpxC,UDP-3-O-[3-hydroxymyristoyl] N-acetylglucosamine deacetylase,NC_005071.1,1497885,1498742,-,PMT1413,-1.0,run_PMT1408,8,False,
PMT1413,bamA,outer membrane protein insertion porin family,NC_005071.1,1498742,1501030,-,PMT1414,69.0,run_PMT1408,8,False,
PMT1414,purC,phosphoribosylaminoimidazolesuccinocarboxamide synthase,NC_005071.1,1501100,1501828,-,PMT1415,-4.0,run_PMT1408,8,False,
PMT1415,,uncharacterized secreted protein,NC_005071.1,1501825,1502823,-,PMT1416,101.0,run_PMT1408,8,False,
PMT1416,purD,phosphoribosylamine--glycine ligase,NC_005071.1,1502925,1504241,+,PMT1417,24.0,run_PMT1416,2,False,
PMT1417,nblS,"two component sensor, signal transduction histidine kinase",NC_005071.1,1504266,1506323,+,PMT1418,67.0,run_PMT1416,2,False,
PMT1418,kaiC,circadian clock protein KaiC,NC_005071.1,1506391,1507890,-,PMT1419,66.0,run_PMT1418,3,False,
PMT1419,kaiB,circadian clock protein KaiB,NC_005071.1,1507957,1508316,-,AKG35_RS13785,43.0,run_PMT1418,3,False,
AKG35_RS13785,kaiA,hypothetical protein,NC_005071.1,1508360,1508512,-,AKG35_RS12975,164.0,run_PMT1418,3,False,
AKG35_RS12975,,hypothetical protein,NC_005071.1,1508677,1508826,-,PMT1420,155.0,run_AKG35_RS12975,1,False,
PMT1420,rplU,50S ribosomal protein L21,NC_005071.1,1508982,1509371,+,PMT1421,42.0,run_PMT1420,4,False,
PMT1421,rpmA,50S ribosomal protein L27,NC_005071.1,1509414,1509680,+,PMT1422,63.0,run_PMT1420,4,False,
PMT1422,truB,tRNA pseudouridine(55) synthase,NC_005071.1,1509744,1510706,+,PMT1423,71.0,run_PMT1420,4,False,
PMT1423,yebC,putative transcriptional regulator YebC,NC_005071.1,1510778,1511521,+,PMT1424,426.0,run_PMT1420,4,False,
PMT1424,nagB,glucosamine-6-phosphate deaminase,NC_005071.1,1511948,1512784,-,PMT1425,0.0,run_PMT1424,2,False,
PMT1425,spoIID,stage II sporulation protein D,NC_005071.1,1512785,1514203,-,PMT1426,123.0,run_PMT1424,2,False,
PMT1426,rnz,ribonuclease Z,NC_005071.1,1514327,1515283,+,PMT1427,120.0,run_PMT1426,1,False,
PMT1427,psbV,cytochrome c-550,NC_005071.1,1515404,1515865,+,PMT_1428,1250.0,run_PMT1427,1,False,
PMT_1428,,conserved hypothetical protein,NC_005071.1,1517116,1517535,-,PMT1429,113.0,run_PMT_1428,1,False,
PMT1429,petF,2Fe-2S ferredoxin,NC_005071.1,1517649,1517948,-,PMT1430,164.0,run_PMT1429,1,False,
PMT1430,prmA,ribosomal protein L11 methyltransferase,NC_005071.1,1518113,1519018,-,PMT1431,14.0,run_PMT1430,2,False,
PMT1431,serA,D-3-phosphoglycerate dehydrogenase (PGDH),NC_005071.1,1519033,1520619,-,PMT1432,103.0,run_PMT1430,2,False,
PMT1432,,conserved hypothetical protein,NC_005071.1,1520723,1521289,+,PMT1433,-4.0,run_PMT1432,2,False,
PMT1433,,photosystem II S4 domain protein,NC_005071.1,1521286,1522077,+,PMT1434,177.0,run_PMT1432,2,False,
PMT1434,murD,UDP-N-acetylmuramoylalanine--D-glutamate ligase,NC_005071.1,1522255,1523637,+,PMT1435,153.0,run_PMT1434,1,False,
PMT1435,,uncharacterized conserved membrane protein,NC_005071.1,1523791,1524279,-,PMT1436,214.0,run_PMT1435,1,False,
PMT1436,,conserved hypothetical protein,NC_005071.1,1524494,1524766,-,PMT1437,446.0,run_PMT1436,1,False,
PMT1437,,AEC transporter family,NC_005071.1,1525213,1526136,-,PMT1438,65.0,run_PMT1437,2,False,
PMT1438,,2-oxoglutarate/iron-dependent dioxygenase,NC_005071.1,1526202,1526837,-,PMT1439,157.0,run_PMT1437,2,False,
PMT1439,,EVE domain protein,NC_005071.1,1526995,1527471,+,PMT1440,152.0,run_PMT1439,1,False,
PMT1440,,conserved hypothetical protein (DUF2811),NC_005071.1,1527624,1527878,-,PMT1441,364.0,run_PMT1440,1,False,
PMT1441,,conserved hypothetical protein,NC_005071.1,1528243,1528620,-,PMT1442,4.0,run_PMT1441,3,False,
PMT1442,rpoZ,DNA-directed RNA polymerase omega subunit,NC_005071.1,1528625,1528852,-,PMT1443,48.0,run_PMT1441,3,False,
PMT1443,,conserved hypothetical protein,NC_005071.1,1528901,1529185,-,PMT1444,40.0,run_PMT1441,3,False,
PMT1444,dnaK1,chaperone protein DnaK,NC_005071.1,1529226,1530851,+,PMT1445,130.0,run_PMT1444,1,False,
PMT1445,pyrR,bifunctional pyrimidine operon regulatory protein/uracil phosphoribosyltransferase,NC_005071.1,1530982,1531533,-,PMT1446,163.0,run_PMT1445,1,False,
PMT1446,gpmI,"2,3-bisphosphoglycerate-independent phosphoglycerate mutase",NC_005071.1,1531697,1533319,+,PMT1447,57.0,run_PMT1446,2,False,
PMT1447,secG,"preprotein translocase, SecG subunit",NC_005071.1,1533377,1533607,+,PMT_2709,739.0,run_PMT1446,2,False,
PMT_2709,,Conserved hypothetical protein,NC_005071.1,1534347,1534637,+,PMT1448,99.0,run_PMT_2709,2,False,
PMT1448,,conserved hypothetical protein,NC_005071.1,1534737,1535237,+,PMT1449,206.0,run_PMT_2709,2,False,
PMT1449,groL1,chaperonin GroEL,NC_005071.1,1535444,1537078,-,PMT1450,81.0,run_PMT1449,2,False,
PMT1450,groES,co-chaperonin GroES,NC_005071.1,1537160,1537471,-,PMT1451,228.0,run_PMT1449,2,False,
PMT1451,atpB,ATP synthase beta chain,NC_005071.1,1537700,1539166,+,PMT1452,84.0,run_PMT1451,3,False,
PMT1452,atpE,ATP synthase epsilon chain,NC_005071.1,1539251,1539652,+,PMT1453,33.0,run_PMT1451,3,False,
PMT1453,talC,Putative fructose-6-phosphate aldolase (FSA),NC_005071.1,1539686,1540357,+,PMT1454,103.0,run_PMT1451,3,False,
PMT1454,ycf65,ribosomal protein Ycf65,NC_005071.1,1540461,1540985,-,PMT1455,65.0,run_PMT1454,1,False,
PMT1455,hisB,putative imidazoleglycerol-phosphate dehydratase,NC_005071.1,1541051,1541836,+,PMT_2712,408.0,run_PMT1455,1,False,
PMT_2712,,Hypothetical protein,NC_005071.1,1542245,1542457,+,PMT_2714,248.0,run_PMT_2712,1,False,
PMT_2714,,Hypothetical protein,NC_005071.1,1542706,1542870,-,PMT1456,130.0,run_PMT_2714,1,False,
PMT1456,pepP,Xaa-Pro aminopeptidase,NC_005071.1,1543001,1544278,-,PMT1457,18.0,run_PMT1456,1,False,
PMT1457,,conserved hypothetical protein,NC_005071.1,1544297,1544530,+,PMT1458,-4.0,run_PMT1457,6,False,
PMT1458,,CBS and DUF21 domain-containing protein,NC_005071.1,1544527,1545522,+,PMT1459,-1.0,run_PMT1457,6,False,
PMT1459,,GTP-binding protein of unknown function (DUF697),NC_005071.1,1545522,1546847,+,PMT1460,-4.0,run_PMT1457,6,False,
PMT1460,nadD,nicotinate (nicotinamide) nucleotide adenylyltransferase,NC_005071.1,1546844,1547428,+,PMT1461,-1.0,run_PMT1457,6,False,
PMT1461,nadE,NAD+ synthase (glutamine-hydrolysing),NC_005071.1,1547428,1549122,+,PMT1462,62.0,run_PMT1457,6,False,
PMT1462,ald,alanine dehydrogenase,NC_005071.1,1549185,1550324,+,PMT1463,60.0,run_PMT1457,6,False,
PMT1463,,conserved hypothetical protein,NC_005071.1,1550385,1551512,-,PMT1464,12.0,run_PMT1463,2,False,
PMT1464,,conserved hypothetical protein,NC_005071.1,1551525,1551725,-,PMT1466,316.0,run_PMT1463,2,False,
PMT1466,atpC,ATP synthase gamma chain,NC_005071.1,1552042,1552992,-,PMT1467,30.0,run_PMT1466,5,False,
PMT1467,atpA,ATP synthase alpha chain,NC_005071.1,1553023,1554540,-,PMT1468,51.0,run_PMT1466,5,False,
PMT1468,atpD,ATP synthase delta chain,NC_005071.1,1554592,1555140,-,PMT1469,-1.0,run_PMT1466,5,False,
PMT1469,atpF,ATP synthase subunit B,NC_005071.1,1555140,1555658,-,PMT1470,-4.0,run_PMT1466,5,False,
PMT1470,atpG,ATP synthase B^,NC_005071.1,1555655,1556110,-,PMT1471,144.0,run_PMT1466,5,False,
PMT1471,atpH,ATP synthase C chain,NC_005071.1,1556255,1556503,-,PMT1472,167.0,run_PMT1471,1,False,
PMT1472,atpI,ATP synthase A chain,NC_005071.1,1556671,1557396,-,PMT_1473,87.0,run_PMT1472,3,False,
PMT_1473,atp1,ATP synthase protein I,NC_005071.1,1557484,1558002,-,PMT1474,-4.0,run_PMT1472,3,False,
PMT1474,cpcM,phycobiliprotein asparagine methyltransferase,NC_005071.1,1557999,1559222,-,PMT1475,286.0,run_PMT1472,3,False,
PMT1475,ftsW,cell division protein FtsW,NC_005071.1,1559509,1560756,+,PMT1476,87.0,run_PMT1475,3,False,
PMT1476,ccsC1,cytochrome c-type biogenesis protein,NC_005071.1,1560844,1561512,+,PMT1477,4.0,run_PMT1475,3,False,
PMT1477,ccsB,cytochrome c biogenesis protein,NC_005071.1,1561517,1562809,+,PMT1478,600.0,run_PMT1475,3,False,
PMT1478,queF,7-cyano-7-deazaguanine reductase,NC_005071.1,1563410,1563817,-,PMT_1479,336.0,run_PMT1478,1,False,
PMT_1479,,protein of unknown function DUF4278,NC_005071.1,1564154,1564372,+,PMT1480,48.0,run_PMT_1479,5,False,
PMT1480,,conserved hypothetical protein,NC_005071.1,1564421,1564669,+,PMT1481,40.0,run_PMT_1479,5,False,
PMT1481,glnB,nitrogen regulatory protein P-II,NC_005071.1,1564710,1565048,+,PMT1482,-4.0,run_PMT_1479,5,False,
PMT1482,tly,ribosomal RNA methyltransferase FtsJ family,NC_005071.1,1565045,1565848,-,PMT1483,-63.0,run_PMT1482,1,True,run_PMT_1479
PMT1483,,conserved hypothetical protein,NC_005071.1,1565786,1566211,+,PMT1484,45.0,run_PMT_1479,5,False,
PMT1484,purB,adenylosuccinate lyase,NC_005071.1,1566257,1567552,+,PMT1485,158.0,run_PMT_1479,5,False,
PMT1485,fumC,"fumarate hydratase, class II",NC_005071.1,1567711,1569108,+,PMT1486,7.0,run_PMT1485,2,False,
PMT1486,,"multidrug efflux transporter, MFS family",NC_005071.1,1569116,1570471,+,PMT1487,23.0,run_PMT1485,2,False,
PMT1487,ski2,"ATP-dependent DNA/RNA helicase, superfamily 1/2",NC_005071.1,1570495,1573269,-,PMT1488,131.0,run_PMT1487,1,False,
PMT1488,bioF,8-amino-7-oxononanoate synthase,NC_005071.1,1573401,1574543,+,PMT1489,14.0,run_PMT1488,5,False,
PMT1489,bioH,pimeloyl-[acyl-carrier protein] methyl ester esterase,NC_005071.1,1574558,1575247,+,PMT1490,-4.0,run_PMT1488,5,False,
PMT1490,bioC,malonyl-CoA O-methyltransferase,NC_005071.1,1575244,1576008,+,PMT1491,-34.0,run_PMT1488,5,False,
PMT1491,bioD,dethiobiotin synthase,NC_005071.1,1575975,1576673,+,PMT_2719,-4.0,run_PMT1488,5,False,
PMT_2719,,uncharacterized conserved membrane protein,NC_005071.1,1576670,1576825,+,PMT_2721,534.0,run_PMT1488,5,False,
PMT_2721,,Hypothetical protein,NC_005071.1,1577360,1577509,+,PMT_2722,26.0,run_PMT_2721,2,False,
PMT_2722,,Hypothetical protein,NC_005071.1,1577536,1577763,-,PMT1493,11.0,run_PMT_2722,15,True,run_PMT_2721
PMT1493,bioA,adenosylmethionine-8-amino-7-oxononanoate aminotransferase,NC_005071.1,1577775,1579103,+,PMT1494,34.0,run_PMT_2721,2,True,run_PMT_2722
PMT1494,,conserved hypothetical protein,NC_005071.1,1579138,1579380,-,PMT1495,-35.0,run_PMT_2722,15,False,
PMT1495,dnaJ5,DnaJ type III chaperone protein,NC_005071.1,1579346,1579978,-,PMT1496,-2.0,run_PMT_2722,15,False,
PMT1496,gidB,16S rRNA (guanine(527)-N(7))-methyltransferase GidB,NC_005071.1,1579977,1580720,+,PMT1497,-4.0,run_PMT1496,1,True,run_PMT_2722
PMT1497,,NADP-dependent oxidoreductase,NC_005071.1,1580717,1581937,-,PMT1498,6.0,run_PMT_2722,15,False,
PMT1498,fer,3Fe-4S ferredoxin,NC_005071.1,1581944,1582324,-,PMT1499,16.0,run_PMT_2722,15,False,
PMT1499,ycf35,regulator of CO2 utilization Ycf35,NC_005071.1,1582341,1582733,-,PMT1500,-1.0,run_PMT_2722,15,False,
PMT1500,,Conserved hypothetical protein,NC_005071.1,1582733,1582936,-,PMT1501,99.0,run_PMT_2722,15,False,
PMT1501,iaiH,PBS lyase HEAT-like repeat domain-containing protein,NC_005071.1,1583036,1583827,-,PMT_2723,34.0,run_PMT_2722,15,False,
PMT_2723,,putative membrane protein,NC_005071.1,1583862,1583987,-,PMT1502,54.0,run_PMT_2722,15,False,
PMT1502,putP,"sodium:solute symporter family, possibly glucose transporter",NC_005071.1,1584042,1585811,-,PMT1503,42.0,run_PMT_2722,15,False,
PMT1503,rlmN,23S rRNA (adenine2503-C2)-methyltransferase,NC_005071.1,1585854,1586924,-,PMT1504,-4.0,run_PMT_2722,15,False,
PMT1504,hli,high light inducible protein,NC_005071.1,1586921,1587073,-,PMT1505,58.0,run_PMT_2722,15,False,
PMT1505,rpoC2,"DNA-directed RNA polymerase, beta^^ subunit",NC_005071.1,1587132,1591256,-,PMT1506,47.0,run_PMT_2722,15,False,
PMT1506,rpoC1,"DNA-directed RNA polymerase complex, gamma subunit",NC_005071.1,1591304,1593208,-,PMT1507,49.0,run_PMT_2722,15,False,
PMT1507,rpoB,"DNA-directed RNA polymerase, beta subunit",NC_005071.1,1593258,1596551,-,PMT1508,283.0,run_PMT_2722,15,False,
PMT1508,tatD,Mg-dependent DNase,NC_005071.1,1596835,1597668,-,PMT1509,47.0,run_PMT1508,2,False,
PMT1509,rpsT,30S ribosomal protein S20,NC_005071.1,1597716,1598018,-,PMT1510,130.0,run_PMT1508,2,False,
PMT1510,hisD,histidinol dehydrogenase,NC_005071.1,1598149,1599477,+,PMT1511,5.0,run_PMT1510,1,False,
PMT1511,rpiA,ribose 5-phosphate isomerase A,NC_005071.1,1599483,1600199,-,PMT1512,42.0,run_PMT1511,2,False,
PMT1512,deg1,photosystem II assembly factor,NC_005071.1,1600242,1601399,-,PMT1513,535.0,run_PMT1511,2,False,
PMT1513,,outer membrane protein,NC_005071.1,1601935,1602876,-,PMT1514,90.0,run_PMT1513,2,False,
PMT1514,,uncharacterized conserved secreted protein,NC_005071.1,1602967,1603968,-,PMT1515,435.0,run_PMT1513,2,False,
PMT1515,aslA,arylsulfatase subfamily S1_4,NC_005071.1,1604404,1606764,+,PMT1516,94.0,run_PMT1515,2,False,
PMT1516,,sulfatase-modifying factor enzyme 1,NC_005071.1,1606859,1607734,+,PMT1517,177.0,run_PMT1515,2,False,
PMT1517,grrP,"extracellular substrate-binding orphan, GRRM family protein",NC_005071.1,1607912,1608793,+,PMT1518,51.0,run_PMT1517,2,False,
PMT1518,grrA1,rSAM-associated Gly-rich repeat secreted protein,NC_005071.1,1608845,1609213,+,PMT1519,120.0,run_PMT1517,2,False,
PMT1519,grrA2,rSAM-associated Gly-rich repeat secreted protein,NC_005071.1,1609334,1609597,+,PMT1520,-4.0,run_PMT1519,2,False,
PMT1520,grrM,"radical SAM/SPASM domain, GRRM system family protein",NC_005071.1,1609594,1610769,+,PMT1521,178.0,run_PMT1519,2,False,
PMT1521,,uncharacterized conserved lipoprotein (DUF1254/DUF1214),NC_005071.1,1610948,1612471,+,PMT1522,26.0,run_PMT1521,2,False,
PMT1522,,uncharacterized conserved lipoprotein (DUF1254/DUF1214),NC_005071.1,1612498,1614069,+,PMT1523,445.0,run_PMT1521,2,False,
PMT1523,,conserved hypothetical protein,NC_005071.1,1614515,1614988,+,PMT1524,42.0,run_PMT1523,1,False,
PMT1524,mscS,"small-conductance mechanosensitive ion channel, MscS family",NC_005071.1,1615031,1616134,-,PMT1525,269.0,run_PMT1524,1,False,
PMT1525,rimP,ribosome maturation factor RimP,NC_005071.1,1616404,1616868,+,PMT1526,53.0,run_PMT1525,4,False,
PMT1526,nusA,transcription termination factor NusA,NC_005071.1,1616922,1618370,+,PMT1527,-4.0,run_PMT1525,4,False,
PMT1527,,conserved hypothetical protein,NC_005071.1,1618367,1618645,+,PMT1528,63.0,run_PMT1525,4,False,
PMT1528,infB,translation initiation factor IF-2,NC_005071.1,1618709,1622086,+,AKG35_RS13790,616.0,run_PMT1525,4,False,
AKG35_RS13790,,photosystem II assembly family protein,NC_005071.1,1622703,1622867,-,PMT1531,1678.0,run_AKG35_RS13790,1,False,
PMT1531,,conserved hypothetical protein (DUF389),NC_005071.1,1624546,1625733,+,PMT1532,181.0,run_PMT1531,1,False,
PMT1532,psbA,photosystem II protein D1.1,NC_005071.1,1625915,1626991,-,PMT1534,363.0,run_PMT1532,1,False,
PMT1534,,conserved hypothetical protein,NC_005071.1,1627355,1627696,+,PMT1535,81.0,run_PMT1534,6,False,
PMT1535,,uncharacterized conserved secreted protein,NC_005071.1,1627778,1628164,+,PMT1536,72.0,run_PMT1534,6,False,
PMT1536,,uncharacterized conserved secreted protein,NC_005071.1,1628237,1628611,+,PMT1537,-4.0,run_PMT1534,6,False,
PMT1537,aspA,aspartoacylase,NC_005071.1,1628608,1629522,-,PMT1538,55.0,run_PMT1537,1,True,run_PMT1534
PMT1538,yqjG,glutathionyl-hydroquinone reductase,NC_005071.1,1629578,1630570,+,PMT1539,-4.0,run_PMT1534,6,False,
PMT1539,F3H9.20,conserved hypothetical protein,NC_005071.1,1630567,1631241,+,PMT1540,-4.0,run_PMT1534,6,False,
PMT1540,uup,ABC transport system ATP-binding/permease protein,NC_005071.1,1631238,1633196,+,PMT1541,158.0,run_PMT1534,6,False,
PMT1541,,conserved hypothetical protein,NC_005071.1,1633355,1633834,+,PMT1542,26.0,run_PMT1541,2,False,
PMT1542,cp12,CP12 polypeptide,NC_005071.1,1633861,1634079,+,PMT1543,101.0,run_PMT1541,2,False,
PMT1543,,conserved hypothetical protein,NC_005071.1,1634181,1634363,-,PMT1544,81.0,run_PMT1543,5,False,
PMT1544,cgtA,obg family GTPase CgtA,NC_005071.1,1634445,1635434,-,PMT1545,60.0,run_PMT1543,5,False,
PMT1545,,ABC transporter family protein,NC_005071.1,1635495,1636742,+,PMT1546,-4.0,run_PMT1545,1,True,run_PMT1543
PMT1546,mutS2,"DNA mismatch repair protein, MutS family",NC_005071.1,1636739,1639156,-,PMT1547,40.0,run_PMT1543,5,False,
PMT1547,hemB,delta-aminolevulinic acid dehydratase,NC_005071.1,1639197,1640198,-,PMT1548,38.0,run_PMT1543,5,False,
PMT1548,dnaJ2,DnaJ type II chaperone protein,NC_005071.1,1640237,1641196,-,PMT1549,134.0,run_PMT1543,5,False,
PMT1549,,conserved hypothetical protein,NC_005071.1,1641331,1641777,+,PMT1550,914.0,run_PMT1549,1,False,
PMT1550,thyx,thymidylate synthase,NC_005071.1,1642692,1643324,+,PMT1551,232.0,run_PMT1550,1,False,
PMT1551,trxB,thioredoxin-disulfide reductase (NTR system),NC_005071.1,1643557,1644510,-,PMT1552,288.0,run_PMT1551,1,False,
PMT1552,,conserved hypothetical protein,NC_005071.1,1644799,1645137,+,PMT1553,173.0,run_PMT1552,1,False,
PMT1553,gltS,putative Na+/glutamate symporter,NC_005071.1,1645311,1646696,+,PMT1554,755.0,run_PMT1553,1,False,
PMT1554,,pentapeptide repeats family protein,NC_005071.1,1647452,1647973,+,PMT1555,505.0,run_PMT1554,1,False,
PMT1555,icc,conserved hypothetical protein,NC_005071.1,1648479,1649270,-,PMT1556,224.0,run_PMT1555,1,False,
PMT1556,,possible Transthyretin precursor (formerly preal,NC_005071.1,1649495,1649830,-,PMT1557,976.0,run_PMT1556,1,False,
PMT1557,,putative oxidoreductase,NC_005071.1,1650807,1652516,-,PMT1558,17.0,run_PMT1557,2,False,
PMT1558,crtH,carotenoid isomerase,NC_005071.1,1652534,1653616,-,AKG35_RS13795,1419.0,run_PMT1557,2,False,
AKG35_RS13795,,chlorophyll a/b-binding protein,NC_005071.1,1655036,1655149,+,PMT1559,1239.0,run_AKG35_RS13795,1,False,
PMT1559,,conserved hypothetical protein,NC_005071.1,1656389,1656658,+,PMT_2742,323.0,run_PMT1559,1,False,
PMT_2742,,"possible DNA gyrase/topoisomerase IV, subunit",NC_005071.1,1656982,1657266,-,PMT1560,1220.0,run_PMT_2742,1,False,
PMT1560,,conserved hypothetical protein DUF985,NC_005071.1,1658487,1658951,+,AKG35_RS12995,223.0,run_PMT1560,1,False,
AKG35_RS12995,,hypothetical protein,NC_005071.1,1659175,1659363,+,PMT1561,48.0,run_AKG35_RS12995,1,False,
PMT1561,,conserved hypothetical protein,NC_005071.1,1659412,1659726,-,PMT1562,367.0,run_PMT1561,1,False,
PMT1562,,possible Carbamoyl-phosphate synthase small ch,NC_005071.1,1660094,1660378,+,PMT1563,23.0,run_PMT1562,1,False,
PMT1563,,hypothetical protein,NC_005071.1,1660402,1660752,-,PMT_1564,304.0,run_PMT1563,1,False,
PMT_1564,,uncharacterized conserved membrane protein,NC_005071.1,1661057,1661293,+,PMT1565,274.0,run_PMT_1564,1,False,
PMT1565,cypX,cytochrome P450,NC_005071.1,1661568,1662866,+,RG24_RS08385,396.0,run_PMT1565,1,False,
RG24_RS08385,,hypothetical protein,NC_005071.1,1663263,1663490,+,PMT1567,2720.0,run_RG24_RS08385,1,False,
PMT1567,,conserved hypothetical protein,NC_005071.1,1666211,1666537,+,PMT1568,1662.0,run_PMT1567,1,False,
PMT1568,,possible Eukaryotic-type carbonic anhydrase,NC_005071.1,1668200,1668448,-,PMT1569,84.0,run_PMT1568,2,False,
PMT1569,phoC,acid phosphatase,NC_005071.1,1668533,1669390,-,PMT1570,433.0,run_PMT1568,2,False,
PMT1570,,hypothetical protein,NC_005071.1,1669824,1670681,+,PMT1572,314.0,run_PMT1570,1,False,
PMT1572,,hypothetical protein,NC_005071.1,1670996,1671346,+,PMT1573,124.0,run_PMT1572,1,False,
PMT1573,,"ABC exporter membrane fusion, DevB family",NC_005071.1,1671471,1672415,+,PMT1574,110.0,run_PMT1573,1,False,
PMT1574,,"ABC transporter, permease component",NC_005071.1,1672526,1673611,+,PMT1575,10.0,run_PMT1574,2,False,
PMT1575,,"ABC transporter, permease component",NC_005071.1,1673622,1674797,+,PMT1576,895.0,run_PMT1574,2,False,
PMT1576,,"ABC exporter ATP-binding subunit, DevA type",NC_005071.1,1675693,1676373,-,PMT1577,63.0,run_PMT1576,2,False,
PMT1577,,hypothetical protein,NC_005071.1,1676437,1677201,-,AKG35_RS13705,449.0,run_PMT1576,2,False,
AKG35_RS13705,,hypothetical protein,NC_005071.1,1677651,1677896,+,PMT1578,78.0,run_AKG35_RS13705,2,False,
PMT1578,ypsC,putative N6-adenine-specific DNA methylase,NC_005071.1,1677975,1679099,+,PMT1579,572.0,run_AKG35_RS13705,2,False,
PMT1579,,Conserved hypothetical protein,NC_005071.1,1679672,1679935,-,PMT1580,372.0,run_PMT1579,1,False,
PMT1580,,"uncharacterized conserved membrane protein, phage holin family",NC_005071.1,1680308,1680694,-,PMT1581,-1.0,run_PMT1580,2,False,
PMT1581,,"uncharacterized conserved inner membrane protein, YqjD/ElaB family",NC_005071.1,1680694,1681158,-,PMT_2754,379.0,run_PMT1580,2,False,
PMT_2754,,Conserved hypothetical protein,NC_005071.1,1681538,1681705,+,PMT1582,505.0,run_PMT_2754,1,False,
PMT1582,,nif11-like leader peptide domain protein,NC_005071.1,1682211,1682426,-,PMT1583,396.0,run_PMT1582,1,False,
PMT1583,,conserved hypothetical protein,NC_005071.1,1682823,1683179,+,PMT1584,51.0,run_PMT1583,3,False,
PMT1584,smc,chromosome segregation protein,NC_005071.1,1683231,1686839,+,PMT1585,61.0,run_PMT1583,3,False,
PMT1585,,PRC-barrel domain-containing protein,NC_005071.1,1686901,1688010,+,PMT1586,13.0,run_PMT1583,3,False,
PMT1586,msrB,peptide methionine sulfoxide reductase MsrB,NC_005071.1,1688024,1688458,-,PMT1587,48.0,run_PMT1586,2,False,
PMT1587,,lipid A disaccharide synthase family protein,NC_005071.1,1688507,1689808,-,PMT1588,220.0,run_PMT1586,2,False,
PMT1588,accC,"acetyl-CoA carboxylase, biotin carboxylase subunit",NC_005071.1,1690029,1691375,+,PMT1589,17.0,run_PMT1588,2,False,
PMT1589,cbb3,cofactor assembly of complex C subunit CBB3,NC_005071.1,1691393,1691713,-,PMT1590,88.0,run_PMT1589,1,True,run_PMT1588
PMT1590,psbX,photosystem II PsbX protein,NC_005071.1,1691802,1691921,+,PMT1591,104.0,run_PMT1588,2,False,
PMT1591,ycf66,uncharacterized conserved hypothetical protein Ycf66,NC_005071.1,1692026,1693006,+,PMT1592,38.0,run_PMT1591,3,False,
PMT1592,,conserved hypothetical protein,NC_005071.1,1693045,1693551,+,PMT1593,-4.0,run_PMT1591,3,False,
PMT1593,,uncharacterized conserved secreted protein,NC_005071.1,1693548,1694054,+,AKG35_RS13550,26.0,run_PMT1591,3,False,
AKG35_RS13550,hli,high light inducible protein,NC_005071.1,1694081,1694239,-,PMT1595,107.0,run_AKG35_RS13550,1,False,
PMT1595,mcyH,"ABC transporter, ATPase component",NC_005071.1,1694347,1696350,-,PMT1596,25.0,run_PMT1595,2,False,
PMT1596,hit,histidine triad (HIT) family protein,NC_005071.1,1696376,1696717,-,PMT1600,2139.0,run_PMT1595,2,False,
PMT1600,,uncharacterized conserved secreted protein (DUF3747),NC_005071.1,1698857,1699570,-,PMT1601,267.0,run_PMT1600,1,False,
PMT1601,def,peptide deformylase,NC_005071.1,1699838,1700443,-,PMT1602,66.0,run_PMT1601,5,False,
PMT1602,dap2,prolyl oligopeptidase/peptidase S9-like domain containing protein,NC_005071.1,1700510,1702468,+,PMT1603,-4.0,run_PMT1602,1,True,run_PMT1601
PMT1603,sufS1,cysteine desulfurase / selenocysteine lyase,NC_005071.1,1702465,1703769,-,PMT1604,7.0,run_PMT1601,5,False,
PMT1604,sufD,"ABC transporter involved in Fe-S cluster assembly, permease component",NC_005071.1,1703777,1705027,-,PMT1605,-1.0,run_PMT1601,5,False,
PMT1605,sufC,"ABC transporter involved in Fe-S cluster assembly, ATPase component",NC_005071.1,1705027,1705815,-,PMT1606,49.0,run_PMT1601,5,False,
PMT1606,sufB,"ABC transporter involved in Fe-S cluster assembly, permease component",NC_005071.1,1705865,1707307,-,PMT1607,374.0,run_PMT1601,5,False,
PMT1607,sufR,iron-sulfur cluster biosynthesis transcriptional regulator SufR,NC_005071.1,1707682,1708329,+,AKG35_RS13010,67.0,run_PMT1607,1,False,
AKG35_RS13010,,hypothetical protein,NC_005071.1,1708397,1708540,-,PMT1608,300.0,run_AKG35_RS13010,1,False,
PMT1608,,conserved hypothetical protein,NC_005071.1,1708841,1709938,+,PMT_2764,16.0,run_PMT1608,2,False,
PMT_2764,,uncharacterized conserved membrane protein,NC_005071.1,1709955,1710131,+,PMT_2765,101.0,run_PMT1608,2,False,
PMT_2765,comA,competence protein,NC_005071.1,1710233,1710454,+,PMT_1610,409.0,run_PMT_2765,1,False,
PMT_1610,,nif11-like leader peptide domain protein,NC_005071.1,1710864,1711142,+,PMT1612,841.0,run_PMT_1610,1,False,
PMT1612,,conserved hypothetical protein,NC_005071.1,1711984,1712391,+,PMT1613,161.0,run_PMT1612,1,False,
PMT1613,,uncharacterized conserved secreted protein,NC_005071.1,1712553,1712927,-,PMT1614,113.0,run_PMT1613,1,False,
PMT1614,pgmA2,phosphoglucomutase,NC_005071.1,1713041,1714699,+,PMT1615,2.0,run_PMT1614,1,False,
PMT1615,,uncharacterized conserved membrane protein,NC_005071.1,1714702,1714986,-,PMT1616,4.0,run_PMT1615,4,False,
PMT1616,,"RND transporter, hydrophobe/amphiphile efflux-1 family protein",NC_005071.1,1714991,1718428,-,PMT1617,9.0,run_PMT1615,4,False,
PMT1617,mdtA,multidrug efflux pump membrane fusion protein,NC_005071.1,1718438,1719565,-,PMT1618,51.0,run_PMT1615,4,False,
PMT1618,rarA,recombination factor,NC_005071.1,1719617,1721824,+,PMT1619,83.0,run_PMT1618,1,True,run_PMT1615
PMT1619,,uncharacterized conserved secreted protein,NC_005071.1,1721908,1722615,-,PMT1620,176.0,run_PMT1615,4,False,
PMT1620,,putative thymidylate synthase,NC_005071.1,1722792,1723286,-,PMT1621,29.0,run_PMT1620,4,False,
PMT1621,,putative 4^-phosphopantetheinyl transferase family domain protein,NC_005071.1,1723316,1723969,-,PMT1622,2.0,run_PMT1620,4,False,
PMT1622,prxQ,2-Cys peroxiredoxin,NC_005071.1,1723972,1724439,+,PMT1623,-23.0,run_PMT1622,1,True,run_PMT1620
PMT1623,coaX,type III pantothenate kinase,NC_005071.1,1724417,1725172,-,PMT1624,-43.0,run_PMT1620,4,False,
PMT1624,cysH,phosphoadenylyl-sulfate reductase,NC_005071.1,1725130,1725930,-,PMT1625,72.0,run_PMT1620,4,False,
PMT1625,ndbB,type 2 NADH dehydrogenase,NC_005071.1,1726003,1727172,+,PMT1626,-4.0,run_PMT1625,3,False,
PMT1626,hflX,GTPase,NC_005071.1,1727169,1728845,+,PMT1627,2.0,run_PMT1625,3,False,
PMT1627,citT,"putative sodium/potassium/sulfate transporter, DASS family",NC_005071.1,1728848,1730668,+,PMT1628,105.0,run_PMT1625,3,False,
PMT1628,ktrB,"Ktr-type potassium uptake transporter, potassium-translocating subunit B",NC_005071.1,1730774,1732177,+,PMT1629,24.0,run_PMT1628,3,False,
PMT1629,ktrA,"Ktr-type potassium uptake system, NAD-binding component",NC_005071.1,1732202,1732906,+,PMT1630,5.0,run_PMT1628,3,False,
PMT1630,anmK,anhydro-N-acetylmuramic acid kinase,NC_005071.1,1732912,1734051,+,PMT1631,42.0,run_PMT1628,3,False,
PMT1631,,conserved hypothetical protein,NC_005071.1,1734094,1734393,-,PMT1632,208.0,run_PMT1631,1,False,
PMT1632,,conserved hypothetical protein,NC_005071.1,1734602,1734979,+,PMT1633,61.0,run_PMT1632,3,False,
PMT1633,,conserved hypothetical protein,NC_005071.1,1735041,1735271,+,PMT1634,-23.0,run_PMT1632,3,False,
PMT1634,,conserved hypothetical protein,NC_005071.1,1735249,1735443,-,PMT1635,79.0,run_PMT1634,1,True,run_PMT1632
PMT1635,,"ABC transport system ATP-binding/permease protein, Uup family",NC_005071.1,1735523,1737247,+,PMT_2766,116.0,run_PMT1632,3,False,
PMT_2766,,conserved hypothetical protein,NC_005071.1,1737364,1737552,+,PMT1636,125.0,run_PMT_2766,1,False,
PMT1636,degQ,"serine endoprotease, periplasmic",NC_005071.1,1737678,1738865,-,PMT1637,330.0,run_PMT1636,1,False,
PMT1637,,bacteriophage-like protein,NC_005071.1,1739196,1739471,+,PMT1638,56.0,run_PMT1637,2,False,
PMT1638,,conserved hypothetical protein,NC_005071.1,1739528,1739911,+,PMT1639,212.0,run_PMT1637,2,False,
PMT1639,hrpB,ATP-dependent RNA helicase,NC_005071.1,1740124,1742685,+,PMT_1640,105.0,run_PMT1639,1,False,
PMT_1640,hli,high light inducible protein,NC_005071.1,1742791,1742937,+,PMT_2769,116.0,run_PMT_1640,1,False,
PMT_2769,,uncharacterized conserved membrane protein,NC_005071.1,1743054,1743239,+,PMT1641,-11.0,run_PMT_2769,3,False,
PMT1641,xseA,"exodeoxyribonuclease VII, large subunit",NC_005071.1,1743229,1744386,+,PMT1642,-4.0,run_PMT_2769,3,False,
PMT1642,xseB,"exodeoxyribonuclease VII, small subunit",NC_005071.1,1744383,1744715,+,PMT_2770,470.0,run_PMT_2769,3,False,
PMT_2770,,Conserved hypothetical protein,NC_005071.1,1745186,1745422,+,PMT1643,564.0,run_PMT_2770,1,False,
PMT1643,,Uncharacterized conserved membrane protein,NC_005071.1,1745987,1746346,+,PMT1644,105.0,run_PMT1643,1,False,
PMT1644,,uncharacterized conserved membrane protein,NC_005071.1,1746452,1746808,-,PMT1645,1.0,run_PMT1644,3,False,
PMT1645,,putative membrane protein,NC_005071.1,1746810,1747046,-,PMT1646,60.0,run_PMT1644,3,False,
PMT1646,,virulence factor BrkB family protein,NC_005071.1,1747107,1748051,-,PMT1647,6287.0,run_PMT1644,3,False,
PMT1647,invA,alkaline and neutral invertase,NC_005071.1,1754339,1755826,+,PMT1648,40.0,run_PMT1647,1,False,
PMT1648,petD,cytochrome b6/f complex subunit 4,NC_005071.1,1755867,1756349,-,PMT1649,90.0,run_PMT1648,2,False,
PMT1649,petB,cytochrome b6,NC_005071.1,1756440,1757096,-,PMT1650,59.0,run_PMT1648,2,False,
PMT1650,ctp,carboxy-terminal processing peptidase,NC_005071.1,1757156,1758496,+,PMT1651,-4.0,run_PMT1650,3,False,
PMT1651,,HD domain-containing protein,NC_005071.1,1758493,1759734,+,PMT1652,35.0,run_PMT1650,3,False,
PMT1652,minC,septum formation inhibitor,NC_005071.1,1759770,1760447,+,PMT1653,153.0,run_PMT1650,3,False,
PMT1653,minD,septum site-determining protein MinD,NC_005071.1,1760601,1761416,+,PMT1654,4.0,run_PMT1653,3,False,
PMT1654,minE,cell division topological specificity factor MinE,NC_005071.1,1761421,1761777,+,PMT_1655,44.0,run_PMT1653,3,False,
PMT_1655,,"transcriptional regulator, LuxR family",NC_005071.1,1761822,1762109,+,PMT_1656,185.0,run_PMT1653,3,False,
PMT_1656,,conserved membrane protein,NC_005071.1,1762295,1762468,-,PMT1657,482.0,run_PMT_1656,1,False,
PMT1657,,hypothetical protein,NC_005071.1,1762951,1763247,+,PMT1659,2048.0,run_PMT1657,1,False,
PMT1659,tsaC,L-threonylcarbamoyladenylate synthase,NC_005071.1,1765296,1765886,-,PMT1660,-29.0,run_PMT1659,4,False,
PMT1660,prmC,"protein-(glutamine-N5) methyltransferase, release factor-specific",NC_005071.1,1765858,1766778,-,PMT1661,9.0,run_PMT1659,4,False,
PMT1661,dprA,DNA recombination-mediator protein A,NC_005071.1,1766788,1767846,-,PMT1662,90.0,run_PMT1659,4,False,
PMT1662,fcbC,thioesterase superfamily protein,NC_005071.1,1767937,1768392,-,PMT_2784,311.0,run_PMT1659,4,False,
PMT_2784,,Conserved hypothetical protein,NC_005071.1,1768704,1768832,+,PMT_1663,86.0,run_PMT_2784,1,False,
PMT_1663,psbM,photosystem II reaction center protein PsbM,NC_005071.1,1768919,1769023,-,PMT1664,155.0,run_PMT_1663,1,False,
PMT1664,petF,2Fe-2S ferredoxin,NC_005071.1,1769179,1769541,-,PMT1665,251.0,run_PMT1664,1,False,
PMT1665,psbB,photosystem II chlorophyll-binding protein CP47,NC_005071.1,1769793,1771325,+,PMT1666,51.0,run_PMT1665,2,False,
PMT1666,psbT,photosystem II reaction center T protein,NC_005071.1,1771377,1771484,+,PMT1667,212.0,run_PMT1665,2,False,
PMT1667,nrdR,"transcriptional regulator, NrdR family",NC_005071.1,1771697,1772173,+,PMT1668,101.0,run_PMT1667,1,False,
PMT1668,rpsA1,30S ribosomal protein S1,NC_005071.1,1772275,1773378,+,PMT1669,16.0,run_PMT1668,4,False,
PMT1669,gph,putative phosphoglycolate phosphatase,NC_005071.1,1773395,1774171,+,PMT1670,43.0,run_PMT1668,4,False,
PMT1670,metK,methionine adenosyltransferase,NC_005071.1,1774215,1775474,+,PMT1671,7.0,run_PMT1668,4,False,
PMT1671,xylB,"carbohydrate kinase, FGGY family",NC_005071.1,1775482,1776765,+,PMT1672,189.0,run_PMT1668,4,False,
PMT1672,,FMN-binding split barrel domain-containing protein,NC_005071.1,1776955,1777230,+,PMT1673,81.0,run_PMT1672,2,False,
PMT1673,,phosphoribosyltransferase superfamily protein,NC_005071.1,1777312,1777974,+,PMT1674,783.0,run_PMT1672,2,False,
PMT1674,unk1,conserved hypothetical protein,NC_005071.1,1778758,1779012,+,PMT1675,8.0,run_PMT1674,1,False,
PMT1675,unk2B,conserved hypothetical protein,NC_005071.1,1779021,1779491,-,PMT_2791,527.0,run_PMT1675,1,False,
PMT_2791,unk6,conserved hypothetical protein,NC_005071.1,1780019,1780207,+,PMT1677,-11.0,run_PMT_2791,3,False,
PMT1677,cpeS,phycoerythrobilin:Cys-82 beta-phycoerythrin lyase,NC_005071.1,1780197,1780730,+,PMT1678,17.0,run_PMT_2791,3,False,
PMT1678,cpeT,putative phycoerythrobilin:phycoerythrin lyase CpeT,NC_005071.1,1780748,1781362,+,PMT1679,319.0,run_PMT_2791,3,False,
PMT1679,cpeY,"phycoerythrobilin:Cys-82 alpha-phycoerythrin lyase, CpeY subunit",NC_005071.1,1781682,1783031,-,PMT1680,1781.0,run_PMT1679,1,False,
PMT1680,cpeF,putative phycoerythrin:phycoerythrobilin lyase,NC_005071.1,1784813,1785733,+,PMT1681,3.0,run_PMT1680,1,False,
PMT1681,cpeZ,"phycoerythrobilin:Cys-82 alpha-phycoerythrin lyase, CpeZ subunit",NC_005071.1,1785737,1786372,-,PMT1682,169.0,run_PMT1681,1,False,
PMT1682,ppeA,"phycoerythrin class III, alpha chain",NC_005071.1,1786542,1787009,-,PMT1683,56.0,run_PMT1682,2,False,
PMT1683,ppeB,"phycoerythrin class III, beta subunit",NC_005071.1,1787066,1787611,-,AKG35_RS13665,152.0,run_PMT1682,2,False,
AKG35_RS13665,,hypothetical protein,NC_005071.1,1787764,1787898,+,PMT_2796,192.0,run_AKG35_RS13665,1,False,
PMT_2796,unk13,conserved hypothetical protein,NC_005071.1,1788091,1788297,+,PMT1685,112.0,run_PMT_2796,1,False,
PMT1685,ho1,heme oxygenase,NC_005071.1,1788410,1789129,+,AKG35_RS13670,-4.0,run_PMT1685,3,False,
AKG35_RS13670,,hypothetical protein,NC_005071.1,1789126,1789260,-,PMT1686,97.0,run_AKG35_RS13670,1,True,run_PMT1685
PMT1686,pebA,"15,16 dihydrobiliverdin:ferredoxin oxidoreductase",NC_005071.1,1789358,1790107,+,PMT1687,-4.0,run_PMT1685,3,False,
PMT1687,pebB,phycoerythrobilin:ferredoxin oxidoreductase,NC_005071.1,1790104,1790877,+,PMT1688,201.0,run_PMT1685,3,False,
PMT1688,ptpA,low molecular weight protein-tyrosine-phosphatase,NC_005071.1,1791079,1791558,+,PMT1689,-17.0,run_PMT1688,1,False,
PMT1689,panC-cmk,bifunctional pantoate ligase/cytidylate kinase,NC_005071.1,1791542,1793092,-,PMT1690,-4.0,run_PMT1689,2,False,
PMT1690,rlpA,rare lipoA family protein,NC_005071.1,1793089,1793688,-,PMT1691,318.0,run_PMT1689,2,False,
PMT1691,purM,phosphoribosylformylglycinamidine cyclo-ligase,NC_005071.1,1794007,1795044,+,PMT1692,170.0,run_PMT1691,1,False,
PMT1692,,conserved hypothetical protein,NC_005071.1,1795215,1795853,+,PMT_1693,142.0,run_PMT1692,1,False,
PMT_1693,,conserved hypothetical protein,NC_005071.1,1795996,1796211,+,PMT1694,4.0,run_PMT_1693,2,False,
PMT1694,,uncharacterized conserved secreted protein,NC_005071.1,1796216,1796710,+,PMT1695,431.0,run_PMT_1693,2,False,
PMT1695,,tetratricopeptide repeat family protein,NC_005071.1,1797142,1797759,-,PMT1696,198.0,run_PMT1695,1,False,
PMT1696,,uncharacterized membrane protein,NC_005071.1,1797958,1798224,-,PMT1697,283.0,run_PMT1696,1,False,
PMT1697,,uncharacterized conserved membrane protein,NC_005071.1,1798508,1798774,-,PMT_2801,0.0,run_PMT1697,2,False,
PMT_2801,,Conserved hypothetical protein,NC_005071.1,1798775,1798936,-,AKG35_RS13245,155.0,run_PMT1697,2,False,
AKG35_RS13245,,hypothetical protein,NC_005071.1,1799092,1799283,-,PMT_1699,70.0,run_AKG35_RS13245,1,False,
PMT_1699,,site-specific recombinase,NC_005071.1,1799354,1799686,+,PMT1700,770.0,run_PMT_1699,1,False,
PMT1700,,conserved hypothetical protein,NC_005071.1,1800457,1800723,+,PMT1701,252.0,run_PMT1700,1,False,
PMT1701,,lipid A disaccharide synthetase-like protein,NC_005071.1,1800976,1802223,+,PMT1702,40.0,run_PMT1701,3,False,
PMT1702,,conserved hypothetical protein,NC_005071.1,1802264,1802533,+,PMT1703,15.0,run_PMT1701,3,False,
PMT1703,rnd,ribonuclease D,NC_005071.1,1802549,1803193,-,AKG35_RS13560,100.0,run_PMT1703,1,True,run_PMT1701
AKG35_RS13560,pex,hypothetical protein,NC_005071.1,1803294,1803554,+,PMT1704,173.0,run_PMT1701,3,False,
PMT1704,cbb1,cofactor assembly of complex C subunit CBB1,NC_005071.1,1803728,1804282,+,PMT1705,60.0,run_PMT1704,2,False,
PMT1705,,uncharacterized conserved secreted protein,NC_005071.1,1804343,1805173,+,PMT1706,-74.0,run_PMT1704,2,False,
PMT1706,hemF,coproporphyrinogen-III oxidase,NC_005071.1,1805100,1806149,-,PMT1707,157.0,run_PMT1706,1,False,
PMT1707,abpC,nucleotide-binding protein,NC_005071.1,1806307,1807383,+,PMT1708,2.0,run_PMT1707,3,False,
PMT1708,mrdB,rod shape determining protein,NC_005071.1,1807386,1808669,+,PMT1709,-4.0,run_PMT1707,3,False,
PMT1709,,putative two component signal transduction histidine kinase,NC_005071.1,1808666,1810060,+,PMT1710,118.0,run_PMT1707,3,False,
PMT1710,psaD,photosystem I reaction center subunit II,NC_005071.1,1810179,1810607,+,PMT1711,64.0,run_PMT1710,5,False,
PMT1711,trpE,anthranilate synthase component I,NC_005071.1,1810672,1812192,+,PMT1712,-4.0,run_PMT1710,5,False,
PMT1712,gshA,gamma-glutamate-cysteine ligase,NC_005071.1,1812189,1813331,+,PMT1713,-4.0,run_PMT1710,5,False,
PMT1713,ppc,phosphoenol pyruvate carboxylase,NC_005071.1,1813328,1816342,+,PMT1714,-29.0,run_PMT1710,5,False,
PMT1714,,conserved hypothetical protein,NC_005071.1,1816314,1816796,+,PMT1715,327.0,run_PMT1710,5,False,
PMT1715,recF,DNA replication and repair protein recF,NC_005071.1,1817124,1818221,+,PMT1716,27.0,run_PMT1715,2,False,
PMT1716,speD,S-adenosylmethionine decarboxylase,NC_005071.1,1818249,1818722,+,PMT_2809,219.0,run_PMT1715,2,False,
PMT_2809,,Hypothetical protein,NC_005071.1,1818942,1819136,-,PMT_2810,513.0,run_PMT_2809,1,False,
PMT_2810,,Hypothetical protein,NC_005071.1,1819650,1819811,+,PMT1717,304.0,run_PMT_2810,1,False,
PMT1717,larE,"possible pyridinium-3,5-biscarboxylic acid mononucleotide sulfurtransferase",NC_005071.1,1820116,1820955,-,PMT1718,76.0,run_PMT1717,1,False,
PMT1718,cobO-1,cob(I)alamin adenosyltransferase family protein,NC_005071.1,1821032,1822240,+,PMT1719,123.0,run_PMT1718,1,False,
PMT1719,moeB,molybdopterin biosynthesis protein MoeB,NC_005071.1,1822364,1823536,-,PMT1720,28.0,run_PMT1719,4,False,
PMT1720,,possible metal-dependent ubiquitin isopeptidase,NC_005071.1,1823565,1824032,-,PMT1721,89.0,run_PMT1719,4,False,
PMT1721,,cyanobacterial aminoacyl-tRNA synthetase domain (CAAD) containing protein,NC_005071.1,1824122,1824511,+,PMT1722,22.0,run_PMT1721,4,True,run_PMT1719
PMT1722,,putative fructosamine 3-kinase,NC_005071.1,1824534,1825427,-,PMT1723,35.0,run_PMT1719,4,True,run_PMT1721
PMT1723,crtD,"C-3^,4^ desaturase",NC_005071.1,1825463,1826974,+,PMT1724,-41.0,run_PMT1721,4,True,run_PMT1719
PMT1724,tyrA,Prephenate dehydrogenase,NC_005071.1,1826934,1827878,-,PMT1725,58.0,run_PMT1719,4,True,run_PMT1721
PMT1725,dinG,ATP-dependent helicase C-terminal domain-containing protein,NC_005071.1,1827937,1829382,+,PMT1726,41.0,run_PMT1721,4,False,
PMT1726,,uncharacterized conserved membrane protein (DUF2839),NC_005071.1,1829424,1829663,+,PMT1727,113.0,run_PMT1721,4,False,
PMT1727,recA,recombinase A,NC_005071.1,1829777,1830916,-,PMT1728,153.0,run_PMT1727,1,False,
PMT1728,,haloacid dehalogenase-like hydrolase family protein,NC_005071.1,1831070,1831846,-,PMT1729,191.0,run_PMT1728,1,False,
PMT1729,,AAA ATPase superfamily protein containing a single-stranded nucleic acid binding R3H domain,NC_005071.1,1832038,1833675,-,PMT1730,54.0,run_PMT1729,3,False,
PMT1730,ldpA,light dependent period protein,NC_005071.1,1833730,1834701,-,PMT1731,71.0,run_PMT1729,3,False,
PMT1731,ndhN,NADH dehydrogenase I subunit NdhN,NC_005071.1,1834773,1835234,-,PMT1732,400.0,run_PMT1729,3,False,
PMT1732,rplC,50S ribosomal protein L3,NC_005071.1,1835635,1836291,+,PMT1733,-1.0,run_PMT1732,12,False,
PMT1733,rplD,50S ribosomal protein L4,NC_005071.1,1836291,1836926,+,PMT1734,-8.0,run_PMT1732,12,False,
PMT1734,rplW,50S ribosomal protein L23,NC_005071.1,1836919,1837221,+,PMT1735,16.0,run_PMT1732,12,False,
PMT1735,rplB,50S ribosomal protein L2,NC_005071.1,1837238,1838101,+,PMT_1736,35.0,run_PMT1732,12,False,
PMT_1736,rpsS,30S ribosomal protein S19,NC_005071.1,1838137,1838412,+,PMT1737,4.0,run_PMT1732,12,False,
PMT1737,rplV,50S ribosomal protein L22,NC_005071.1,1838417,1838785,+,PMT1738,19.0,run_PMT1732,12,False,
PMT1738,rpsC,30S ribosomal protein S3,NC_005071.1,1838805,1839533,+,PMT1739,16.0,run_PMT1732,12,False,
PMT1739,rplP,50S ribosomal protein L16,NC_005071.1,1839550,1840026,+,PMT1740,3.0,run_PMT1732,12,False,
PMT1740,rpmC,50S ribosomal protein L29,NC_005071.1,1840030,1840242,+,PMT1741,17.0,run_PMT1732,12,False,
PMT1741,rpsQ,30S ribosomal protein S17,NC_005071.1,1840260,1840526,+,PMT1742,-4.0,run_PMT1732,12,False,
PMT1742,rplN,50S ribosomal protein L14,NC_005071.1,1840523,1840888,+,PMT1743,1.0,run_PMT1732,12,False,
PMT1743,rplX,50S ribosomal protein L24,NC_005071.1,1840890,1841246,+,PMT1744,119.0,run_PMT1732,12,False,
PMT1744,rplE,50S ribosomal protein L5,NC_005071.1,1841366,1841905,+,PMT1745,24.0,run_PMT1744,6,False,
PMT1745,rpsH,30S ribosomal protein S8,NC_005071.1,1841930,1842331,+,PMT1746,15.0,run_PMT1744,6,False,
PMT1746,rplF,50S ribosomal protein L6,NC_005071.1,1842347,1842886,+,PMT1747,33.0,run_PMT1744,6,False,
PMT1747,rplR,50S ribosomal protein L18,NC_005071.1,1842920,1843288,+,PMT1748,14.0,run_PMT1744,6,False,
PMT1748,rpsE,30S ribosomal protein S5,NC_005071.1,1843303,1843932,+,PMT1749,7.0,run_PMT1744,6,False,
PMT1749,rplO,50S ribosomal protein L15,NC_005071.1,1843940,1844395,+,PMT1750,107.0,run_PMT1744,6,False,
PMT1750,secY,preprotein translocase SecY subunit,NC_005071.1,1844503,1845822,+,PMT1751,40.0,run_PMT1750,3,False,
PMT1751,adk,adenylate kinase,NC_005071.1,1845863,1846411,+,PMT_1752,46.0,run_PMT1750,3,False,
PMT_1752,rpmJ,50S ribosomal protein L36,NC_005071.1,1846458,1846571,+,PMT1753,107.0,run_PMT1750,3,False,
PMT1753,rpsM,30S ribosomal protein S13,NC_005071.1,1846679,1847044,+,PMT1754,63.0,run_PMT1753,5,False,
PMT1754,rpsK,30S ribosomal protein S11,NC_005071.1,1847108,1847500,+,PMT1755,47.0,run_PMT1753,5,False,
PMT1755,rpoA,"DNA-directed RNA polymerase, alpha subunit",NC_005071.1,1847548,1848486,+,PMT1756,39.0,run_PMT1753,5,False,
PMT1756,rplQ,50S ribosomal protein L17,NC_005071.1,1848526,1848876,+,PMT1757,38.0,run_PMT1753,5,False,
PMT1757,truA,tRNA pseudouridine(38-40) synthase,NC_005071.1,1848915,1849802,+,PMT1758,202.0,run_PMT1753,5,False,
PMT1758,rplM,50S ribosomal protein L13,NC_005071.1,1850005,1850457,+,PMT1759,-4.0,run_PMT1758,5,False,
PMT1759,rpsI,30S ribosomal protein S9,NC_005071.1,1850454,1850861,+,PMT1760,48.0,run_PMT1758,5,False,
PMT1760,rpmE,50S ribosomal protein L31,NC_005071.1,1850910,1851191,+,PMT1761,54.0,run_PMT1758,5,False,
PMT1761,prfA,peptide chain release factor 1,NC_005071.1,1851246,1852343,+,PMT1762,-23.0,run_PMT1758,5,False,
PMT1762,mcrA,HNH endonuclease family protein,NC_005071.1,1852321,1852866,-,PMT1763,73.0,run_PMT1762,1,True,run_PMT1758
PMT1763,alr,alanine racemase,NC_005071.1,1852940,1854136,+,PMT1764,871.0,run_PMT1758,5,False,
PMT1764,,beta-lactamase enzyme family protein,NC_005071.1,1855008,1855895,-,PMT1765,18.0,run_PMT1764,1,False,
PMT1765,spr,NLP/P60,NC_005071.1,1855914,1856666,+,PMT1766,43.0,run_PMT1765,2,False,
PMT1766,,"beta-glycosyltransferase, family 2",NC_005071.1,1856710,1857672,+,PMT_2812,-43.0,run_PMT1765,2,False,
PMT_2812,,conserved hypothetical protein,NC_005071.1,1857630,1858109,-,PMT1767,141.0,run_PMT_2812,1,False,
PMT1767,psaI,photosystem I reaction center subunit VIII,NC_005071.1,1858251,1858367,+,PMT1768,44.0,run_PMT1767,2,False,
PMT1768,psaL,photosystem I reaction centre subunit XI,NC_005071.1,1858412,1858975,+,PMT1769,795.0,run_PMT1767,2,False,
PMT1769,psaB,photosystem I core protein PsaB,NC_005071.1,1859771,1862020,-,PMT1770,21.0,run_PMT1769,3,False,
PMT1770,psaA,photosystem I core protein PsaA,NC_005071.1,1862042,1864372,-,AKG35_RS13025,-4.0,run_PMT1769,3,False,
AKG35_RS13025,,hypothetical protein,NC_005071.1,1864369,1864518,-,PMT1771,308.0,run_PMT1769,3,False,
PMT1771,isp,uncharacterized conserved secreted protein,NC_005071.1,1864827,1866425,+,PMT1772,151.0,run_PMT1771,1,False,
PMT1772,cbiG-cobJ,bifunctional cobalt-precorrin-5A hydrolase / precorrin-3B C17-methyltransferase,NC_005071.1,1866577,1868355,+,PMT1773,65.0,run_PMT1772,1,False,
PMT1773,crtL-e,lycopene epsilon cyclase,NC_005071.1,1868421,1869701,-,PMT1774,209.0,run_PMT1773,1,False,
PMT1774,,possible Methanol dehydrogenase beta subunit,NC_005071.1,1869911,1870192,-,PMT1775,345.0,run_PMT1774,1,False,
PMT1775,lipA2,lipoyl synthase,NC_005071.1,1870538,1871422,+,PMT1776,2.0,run_PMT1775,1,False,
PMT1776,,YCII-like domain protein,NC_005071.1,1871425,1871733,-,PMT1777,3.0,run_PMT1776,2,False,
PMT1777,glsF,ferredoxin-dependent glutamate synthase,NC_005071.1,1871737,1876320,-,PMT1778,126.0,run_PMT1776,2,False,
PMT1778,,conserved hypothetical protein,NC_005071.1,1876447,1878198,+,PMT1779,233.0,run_PMT1778,1,False,
PMT1779,rpsL,30S ribosomal protein S12,NC_005071.1,1878432,1878809,+,PMT1780,65.0,run_PMT1779,4,False,
PMT1780,rpsG,30S ribosomal protein S7,NC_005071.1,1878875,1879345,+,PMT1781,92.0,run_PMT1779,4,False,
PMT1781,fusA,elongation factor G,NC_005071.1,1879438,1881513,+,PMT1782,42.0,run_PMT1779,4,False,
PMT1782,tuf,elongation factor EF-Tu,NC_005071.1,1881556,1882755,+,PMT1783,147.0,run_PMT1779,4,False,
PMT1783,rpsJ,30S ribosomal protein S10,NC_005071.1,1882903,1883223,+,PMT1784,58.0,run_PMT1783,4,False,
PMT1784,lon,ATP-dependent protease,NC_005071.1,1883282,1883944,+,PMT1785,-1.0,run_PMT1783,4,False,
PMT1785,APG1,2-methyl-6-phytylbenzoquinone methyltransferase,NC_005071.1,1883944,1884879,+,PMT1786,2.0,run_PMT1783,4,False,
PMT1786,pheA,prephenate dehydratase,NC_005071.1,1884882,1885724,-,PMT1787,33.0,run_PMT1786,3,True,run_PMT1783
PMT1787,,conserved hypothetical protein,NC_005071.1,1885758,1886342,+,PMT1788,-45.0,run_PMT1783,4,True,run_PMT1786
PMT1788,rnhB,ribonuclease HII,NC_005071.1,1886298,1886900,-,PMT1789,1.0,run_PMT1786,3,False,
PMT1789,rne,ribonuclease E,NC_005071.1,1886902,1888845,-,PMT1790,270.0,run_PMT1786,3,False,
PMT1790,,radical SAM superfamily protein,NC_005071.1,1889116,1891776,-,PMT1791,108.0,run_PMT1790,1,False,
PMT1791,dapL,LL-diaminopimelate aminotransferase,NC_005071.1,1891885,1893111,+,PMT_1792,102.0,run_PMT1791,1,False,
PMT_1792,clpS2,ATP-dependent Clp protease adaptor protein ClpS,NC_005071.1,1893214,1893528,+,PMT1793,107.0,run_PMT_1792,1,False,
PMT1793,,CAAX amino terminal protease,NC_005071.1,1893636,1894421,+,PMT1794,-79.0,run_PMT1793,1,False,
PMT1794,,radical SAM superfamily protein,NC_005071.1,1894343,1895959,-,PMT1795,185.0,run_PMT1794,1,False,
PMT1795,aroC,chorismate synthase,NC_005071.1,1896145,1897233,+,AKG35_RS13415,86.0,run_PMT1795,2,False,
AKG35_RS13415,,hypothetical protein,NC_005071.1,1897320,1898111,+,PMT1797,333.0,run_PMT1795,2,False,
PMT1797,eda,2-keto-3-deoxy-6-phosphogluconate aldolase,NC_005071.1,1898445,1899131,-,PMT1798,-17.0,run_PMT1797,3,False,
PMT1798,ftsH1,cell division protein FtsH1,NC_005071.1,1899115,1900962,-,PMT1799,45.0,run_PMT1797,3,False,
PMT1799,sat,sulfate adenylyltransferase,NC_005071.1,1901008,1902180,-,PMT1800,154.0,run_PMT1797,3,False,
PMT1800,psbO,photosystem II manganese-stabilizing protein PsbO,NC_005071.1,1902335,1903174,-,PMT1801,131.0,run_PMT1800,1,False,
PMT1801,,conserved hypothetical protein,NC_005071.1,1903306,1903608,+,PMT1802,-28.0,run_PMT1801,1,False,
PMT1802,coaBC,phosphopantothenoylcysteine decarboxylase / phosphopantothenate--cysteine ligase,NC_005071.1,1903581,1904867,-,PMT1803,-11.0,run_PMT1802,2,False,
PMT1803,isiD,conserved hypothetical protein,NC_005071.1,1904857,1905096,-,PMT1804,411.0,run_PMT1802,2,False,
PMT1804,,conserved hypothetical protein,NC_005071.1,1905508,1905708,+,PMT1805,167.0,run_PMT1804,1,False,
PMT1805,ycf20,uncharacterised membrane protein Ycf20,NC_005071.1,1905876,1906217,+,PMT1806,79.0,run_PMT1805,2,False,
PMT1806,ndbA,type 2 NADH dehydrogenase,NC_005071.1,1906297,1907808,+,PMT1807,-58.0,run_PMT1805,2,False,
PMT1807,pyrB,aspartate carbamoyltransferase,NC_005071.1,1907751,1908797,-,PMT1808,-4.0,run_PMT1807,2,False,
PMT1808,mpg,DNA-3-methyladenine glycosylase,NC_005071.1,1908794,1909432,-,PMT1809,249.0,run_PMT1807,2,False,
PMT1809,,TPR repeat-containing protein,NC_005071.1,1909682,1911349,-,PMT1810,447.0,run_PMT1809,1,False,
PMT1810,,TPR repeat-containing protein,NC_005071.1,1911797,1913872,-,PMT_1811,111.0,run_PMT1810,1,False,
PMT_1811,,TPR repeat-containing protein,NC_005071.1,1913984,1916473,-,PMT1813,1183.0,run_PMT_1811,1,False,
PMT1813,,conserved hypothetical protein,NC_005071.1,1917657,1918658,-,PMT1814,585.0,run_PMT1813,1,False,
PMT1814,,creatinine amidohydrolase family protein,NC_005071.1,1919244,1920032,+,PMT1815,-4.0,run_PMT1814,2,False,
PMT1815,gatC,aspartyl-tRNA(Asn)/glutamyl-tRNA(Gln) amidotransferase subunit C,NC_005071.1,1920029,1920322,+,PMT1816,0.0,run_PMT1814,2,False,
PMT1816,crtR,beta-carotene hydroxylase,NC_005071.1,1920323,1921360,-,PMT1817,1352.0,run_PMT1816,1,False,
PMT1817,ileS,isoleucyl-tRNA synthetase,NC_005071.1,1922713,1925619,+,PMT_2823,268.0,run_PMT1817,1,False,
PMT_2823,,Conserved hypothetical protein,NC_005071.1,1925888,1926109,-,PMT1818,137.0,run_PMT_2823,1,False,
PMT1818,,conserved hypothetical protein,NC_005071.1,1926247,1926858,-,PMT1819,70.0,run_PMT1818,1,False,
PMT1819,,FIST domain protein-containing protein (UCP018953),NC_005071.1,1926929,1928218,+,PMT1820,2.0,run_PMT1819,6,False,
PMT1820,trmB,tRNA (guanine-N(7)-)-methyltransferase,NC_005071.1,1928221,1928931,+,PMT1821,-1.0,run_PMT1819,6,False,
PMT1821,ictB,"bicarbonate transporter, ICT family",NC_005071.1,1928931,1930250,+,PMT1822,-4.0,run_PMT1819,6,False,
PMT1822,,possible N-acetylglucosamine kinase,NC_005071.1,1930247,1931209,+,PMT1823,-20.0,run_PMT1819,6,False,
PMT1823,glmM,phosphoglucosamine mutase,NC_005071.1,1931190,1932596,-,PMT_2825,62.0,run_PMT1823,1,True,run_PMT1819
PMT_2825,,Conserved hypothetical protein,NC_005071.1,1932659,1932841,+,PMT1824,88.0,run_PMT1819,6,False,
PMT1824,slt,soluble lytic murein transglycosylase,NC_005071.1,1932930,1934963,+,PMT1825,-36.0,run_PMT1819,6,False,
PMT1825,,uncharacterized conserved membrane protein,NC_005071.1,1934928,1935422,-,PMT1826,116.0,run_PMT1825,1,False,
PMT1826,txlA,thioredoxin-like protein TxlA,NC_005071.1,1935539,1936105,+,PMT1827,606.0,run_PMT1826,1,False,
PMT1827,,putative membrane protein,NC_005071.1,1936712,1937104,-,PMT_2828,12.0,run_PMT1827,4,False,
PMT_2828,,Conserved hypothetical protein,NC_005071.1,1937117,1937290,-,PMT1828,96.0,run_PMT1827,4,False,
PMT1828,dcd,deoxycytidine triphosphate deaminase,NC_005071.1,1937387,1937980,-,PMT1829,-1.0,run_PMT1827,4,False,
PMT1829,cobO2,cob(I)alamin adenosyltransferase,NC_005071.1,1937980,1938594,-,PMT1830,141.0,run_PMT1827,4,False,
PMT1830,rph,ribonuclease PH,NC_005071.1,1938736,1939470,+,PMT1831,74.0,run_PMT1830,4,False,
PMT1831,ntcA,global nitrogen regulatory protein,NC_005071.1,1939545,1940279,+,PMT1832,65.0,run_PMT1830,4,False,
PMT1832,sll1424,conserved hypothetical protein (DUF3084),NC_005071.1,1940345,1941550,+,PMT1833,-4.0,run_PMT1830,4,False,
PMT1833,,"polynucleotidyl transferase, ribonuclease H fold superfamily",NC_005071.1,1941547,1941978,+,PMT1834,-17.0,run_PMT1830,4,False,
PMT1834,,protein of unknown function (DUF3146),NC_005071.1,1941962,1942219,-,PMT1835,-1.0,run_PMT1834,5,False,
PMT1835,pth,peptidyl-tRNA hydrolase,NC_005071.1,1942219,1942839,-,PMT1836,7.0,run_PMT1834,5,False,
PMT1836,tatA,"twin arginine-targeting translocase, TatA/E family protein",NC_005071.1,1942847,1943122,-,PMT1837,34.0,run_PMT1834,5,False,
PMT1837,psbH,photosystem II reaction center protein PsbH,NC_005071.1,1943157,1943345,-,PMT1838,87.0,run_PMT1834,5,False,
PMT1838,psbN,photosystem II reaction center assembly factor,NC_005071.1,1943433,1943576,+,PMT1839,8.0,run_PMT1838,2,True,run_PMT1834
PMT1839,ams1,"alpha-mannosidases, glycoside hydrolase family 38",NC_005071.1,1943585,1946599,-,PMT_1840,63.0,run_PMT1834,5,True,run_PMT1838
PMT_1840,psbI,photosystem II reaction center protein PsbI,NC_005071.1,1946663,1946782,+,PMT1841,105.0,run_PMT1838,2,False,
PMT1841,,protein of unknown function DUF3769,NC_005071.1,1946888,1950124,+,PMT_1842,9.0,run_PMT1841,1,False,
PMT_1842,,pentapeptide repeats family protein,NC_005071.1,1950134,1950589,-,PMT1843,96.0,run_PMT_1842,6,False,
PMT1843,leuD,3-isopropylmalate dehydratase small subunit,NC_005071.1,1950686,1951318,-,PMT1844,-4.0,run_PMT_1842,6,False,
PMT1844,leuC,"3-isopropylmalate dehydratase, large subunit",NC_005071.1,1951315,1952751,-,PMT1845,25.0,run_PMT_1842,6,False,
PMT1845,pncC,nicotinamide-nucleotide amidase,NC_005071.1,1952777,1954048,-,PMT1846,-8.0,run_PMT_1842,6,False,
PMT1846,rfe,UDP-N-acetylmuramyl pentapeptide phosphotransferase/UDP-N- acetylglucosamine-1-phosphate transferase,NC_005071.1,1954041,1955186,-,PMT1847,88.0,run_PMT_1842,6,False,
PMT1847,glyA,serine hydroxymethyltransferase,NC_005071.1,1955275,1956564,-,PMT_1848,291.0,run_PMT_1842,6,False,
PMT_1848,,uncharacterized conserved membrane protein,NC_005071.1,1956856,1957110,+,PMT1849,42.0,run_PMT_1848,4,False,
PMT1849,,conserved hypothetical protein,NC_005071.1,1957153,1957443,+,PMT1850,25.0,run_PMT_1848,4,False,
PMT1850,,conserved hypothetical protein,NC_005071.1,1957469,1957732,+,PMT1851,-14.0,run_PMT_1848,4,False,
PMT1851,murJ,peptidoglycan lipid II flippase,NC_005071.1,1957719,1959326,-,PMT1852,59.0,run_PMT1851,1,True,run_PMT_1848
PMT1852,sfsA,sugar fermentation stimulation protein,NC_005071.1,1959386,1960165,+,PMT1853,181.0,run_PMT_1848,4,False,
PMT1853,amt1,ammonium transporter,NC_005071.1,1960347,1961825,+,PMT1854,107.0,run_PMT1853,1,False,
PMT1854,lytB,4-hydroxy-3-methylbut-2-enyl diphosphate reductase,NC_005071.1,1961933,1963129,+,PMT1855,61.0,run_PMT1854,4,False,
PMT1855,,conserved hypothetical protein,NC_005071.1,1963191,1963823,+,PMT1856,70.0,run_PMT1854,4,False,
PMT1856,,doxX family protein,NC_005071.1,1963894,1964457,+,PMT1857,41.0,run_PMT1854,4,False,
PMT1857,purH,bifunctional purine biosynthesis protein (AICAR transformylase/IMP cyclohydrolase),NC_005071.1,1964499,1966052,-,PMT1858,60.0,run_PMT1857,2,True,run_PMT1854
PMT1858,,phospholipase/carboxylesterase,NC_005071.1,1966113,1966718,+,PMT1859,15.0,run_PMT1854,4,True,run_PMT1857
PMT1859,,uncharacterized conserved secreted protein (DUF3155),NC_005071.1,1966734,1967102,-,PMT1860,430.0,run_PMT1857,2,False,
PMT1860,,two-component sensor histidine kinase,NC_005071.1,1967533,1968672,+,PMT1861,-41.0,run_PMT1860,3,False,
PMT1861,cobS,adenosylcobinamide-GDP ribazoletransferase,NC_005071.1,1968632,1969414,-,PMT1862,92.0,run_PMT1861,1,True,run_PMT1860
PMT1862,tgt,queuine tRNA-ribosyltransferase,NC_005071.1,1969507,1970625,+,PMT1863,30.0,run_PMT1860,3,False,
PMT1863,psbK,photosystem II reaction center protein PsbK,NC_005071.1,1970656,1970799,+,PMT1864,14.0,run_PMT1860,3,False,
PMT1864,tagA,N-acetylglucosaminyldiphosphoundecaprenol N-acetyl-beta-D-mannosaminyltransferase,NC_005071.1,1970814,1971557,-,PMT1865,178.0,run_PMT1864,1,False,
PMT1865,mviM,NAD(P)-binding oxidoreductase,NC_005071.1,1971736,1972740,-,PMT1866,36.0,run_PMT1865,3,False,
PMT1866,,CNNM domain-containing protein,NC_005071.1,1972777,1974060,-,PMT1867,100.0,run_PMT1865,3,False,
PMT1867,,uncharacterized conserved secreted protein,NC_005071.1,1974161,1974775,-,PMT1868,-1.0,run_PMT1865,3,False,
PMT1868,pyrE,orotate phosphoribosyltransferase,NC_005071.1,1974775,1975365,+,PMT1869,-4.0,run_PMT1868,4,False,
PMT1869,ygfz,tRNA-modifying protein,NC_005071.1,1975362,1976213,+,PMT1870,21.0,run_PMT1868,4,False,
PMT1870,,"recB nuclease, TM0106 family domain protein",NC_005071.1,1976235,1977716,-,PMT1871,53.0,run_PMT1870,1,True,run_PMT1868
PMT1871,pgmA,phosphoglucomutase,NC_005071.1,1977770,1979233,+,PMT1872,-4.0,run_PMT1868,4,False,
PMT1872,rdgB,XTP/dITP diphosphohydrolase,NC_005071.1,1979230,1979841,+,PMT1873,38.0,run_PMT1868,4,False,
PMT1873,,"multidrug efflux transporter, MFS family",NC_005071.1,1979880,1981094,-,PMT1874,52.0,run_PMT1873,2,False,
PMT1874,,uncharacterized conserved secreted protein (DUF541),NC_005071.1,1981147,1981848,-,PMT1875,357.0,run_PMT1873,2,False,
PMT1875,,putative (AJ277631) YapH protein,NC_005071.1,1982206,1982514,+,PMT1876,27.0,run_PMT1875,4,False,
PMT1876,,hypothetical protein,NC_005071.1,1982542,1982955,+,PMT_1877,13.0,run_PMT1875,4,False,
PMT_1877,,hypothetical protein,NC_005071.1,1982969,1983286,+,PMT_1878,12.0,run_PMT1875,4,False,
PMT_1878,,Hemolysin-type calcium-binding protein,NC_005071.1,1983299,1984072,+,PMT1879,88.0,run_PMT1875,4,False,
PMT1879,diox1,"apocarotenoid-15,15^-oxygenase",NC_005071.1,1984161,1985684,-,PMT1880,66.0,run_PMT1879,4,False,
PMT1880,hisB,imidazoleglycerol-phosphate dehydratase family protein,NC_005071.1,1985751,1986380,-,PMT1881,27.0,run_PMT1879,4,False,
PMT1881,fabI,enoyl-(acyl-carrier-protein) reductase (ENR),NC_005071.1,1986408,1987190,-,PMT1882,99.0,run_PMT1879,4,False,
PMT1882,,uncharacterized conserved lipoprotein,NC_005071.1,1987290,1987853,-,PMT1883,33.0,run_PMT1879,4,False,
PMT1883,,thioredoxin domain-containing protein,NC_005071.1,1987887,1988507,+,PMT1884,54.0,run_PMT1883,2,False,
PMT1884,degT,putative pleiotropic regulatory protein,NC_005071.1,1988562,1989788,+,PMT1885,102.0,run_PMT1883,2,False,
PMT1885,nudF,"ADP-ribose diphosphatase, NUDIX hydrolase superfamily",NC_005071.1,1989891,1990451,-,PMT1886,69.0,run_PMT1885,4,False,
PMT1886,folK,2-amino-4-hydroxy-6- hydroxymethyldihydropteridine diphosphokinase,NC_005071.1,1990521,1991216,-,PMT1887,-65.0,run_PMT1885,4,False,
PMT1887,chlD,"protoporphyrin IX Mg-chelatase, subunit ChlD",NC_005071.1,1991152,1993296,+,PMT1888,52.0,run_PMT1887,1,True,run_PMT1885
PMT1888,ycf22,"ABC-type transport system, periplasmic component",NC_005071.1,1993349,1994224,-,PMT1889,-1.0,run_PMT1885,4,False,
PMT1889,mkl,ABC transporter family protein,NC_005071.1,1994224,1994967,-,PMT1890,239.0,run_PMT1885,4,False,
PMT1890,yvcK,conserved hypothetical family protein,NC_005071.1,1995207,1996529,+,PMT1891,-7.0,run_PMT1890,1,False,
PMT1891,ndhJ,NADH dehydrogenase I subunit NdhJ,NC_005071.1,1996523,1997080,-,PMT1892,-4.0,run_PMT1891,3,False,
PMT1892,ndhK,NADH dehydrogenase I subunit NdhK (chain beta or K),NC_005071.1,1997077,1997829,-,PMT1893,4.0,run_PMT1891,3,False,
PMT1893,ndhC,NADH dehydrogenase I subunit NdhC (chain 3 or alpha),NC_005071.1,1997834,1998196,-,PMT1894,83.0,run_PMT1891,3,False,
PMT1894,rub,rubredoxin,NC_005071.1,1998280,1998708,+,PMT1895,12.0,run_PMT1894,2,False,
PMT1895,ycf48,photosystem II stability/assembly factor,NC_005071.1,1998721,1999728,+,PMT1896,106.0,run_PMT1894,2,False,
PMT1896,psbE,"cytochrome b559, alpha subunit",NC_005071.1,1999835,2000083,+,PMT_1897,3.0,run_PMT1896,4,False,
PMT_1897,psbF1,"cytochrome b559, beta subunit",NC_005071.1,2000087,2000236,+,PMT_1898,15.0,run_PMT1896,4,False,
PMT_1898,psbL,photosystem II reaction center protein PsbL,NC_005071.1,2000252,2000371,+,PMT_1899,12.0,run_PMT1896,4,False,
PMT_1899,psbJ,photosystem II reaction center protein PsbJ,NC_005071.1,2000384,2000581,+,PMT1900,90.0,run_PMT1896,4,False,
PMT1900,mtnP,methylthioadenosine phosphorylase,NC_005071.1,2000672,2001586,-,PMT1901,702.0,run_PMT1900,1,False,
PMT1901,mtnA,methylthioribose-1-phosphate isomerase,NC_005071.1,2002289,2003401,+,PMT1902,728.0,run_PMT1901,1,False,
PMT1902,,short chain dehydrogenase family protein,NC_005071.1,2004130,2006277,+,PMT1903,32.0,run_PMT1902,1,False,
PMT1903,,NAD dependent epimerase/dehydratase,NC_005071.1,2006310,2007332,-,PMT1904,-4.0,run_PMT1903,2,False,
PMT1904,ugd,UDP-glucose 6-dehydrogenase,NC_005071.1,2007329,2008777,-,PMT1905,103.0,run_PMT1903,2,False,
PMT1905,hisS,histidine--tRNA ligase,NC_005071.1,2008881,2010191,-,AKG35_RS13050,74.0,run_PMT1905,2,False,
AKG35_RS13050,,hypothetical protein,NC_005071.1,2010266,2010460,+,PMT_2840,66.0,run_AKG35_RS13050,1,True,run_PMT1905
PMT_2840,,Conserved hypothetical protein,NC_005071.1,2010527,2010703,-,PMT1907,392.0,run_PMT1905,2,False,
PMT1907,galE,UDP-glucose 4-epimerase,NC_005071.1,2011096,2012142,+,PMT1908,62.0,run_PMT1907,3,False,
PMT1908,wcaJ,undecaprenyl-phosphate glucose phosphotransferase,NC_005071.1,2012205,2013536,+,PMT1909,74.0,run_PMT1907,3,False,
PMT1909,selD,"bifunctional selenide, water dikinase / oxidoreductase fusion protein",NC_005071.1,2013611,2015803,+,PMT1910,217.0,run_PMT1907,3,False,
PMT1910,pcnB,poly(A) polymerase,NC_005071.1,2016021,2017280,-,PMT1911,-2.0,run_PMT1910,1,False,
PMT1911,kdsD,arabinose-5-phosphate isomerase,NC_005071.1,2017279,2018322,+,PMT1912,-4.0,run_PMT1911,2,False,
PMT1912,kdsC,3-deoxy-D-manno-octulosonate 8-phosphate phosphatase KdsC,NC_005071.1,2018319,2018915,+,PMT_1913,148.0,run_PMT1911,2,False,
PMT_1913,,P-loop containing nucleoside triphosphate hydrolase,NC_005071.1,2019064,2019669,+,PMT1914,114.0,run_PMT_1913,1,False,
PMT1914,kdsB,3-deoxy-D-manno-octulosonate cytidylyltransferase,NC_005071.1,2019784,2020599,-,PMT1915,5.0,run_PMT1914,2,False,
PMT1915,,glycosyl transferase 8 family protein,NC_005071.1,2020605,2021318,-,PMT_1916,676.0,run_PMT1914,2,False,
PMT_1916,,conserved hypothetical protein,NC_005071.1,2021995,2022594,-,PMT1917,201.0,run_PMT_1916,1,False,
PMT1917,uvrD,DNA-dependent ATPase I and helicase II,NC_005071.1,2022796,2025204,-,AKG35_RS13060,18.0,run_PMT1917,2,False,
AKG35_RS13060,,hypothetical protein,NC_005071.1,2025223,2025522,-,PMT1918,21.0,run_PMT1917,2,False,
PMT1918,,putative membrane protein,NC_005071.1,2025544,2026500,+,PMT1919,35.0,run_PMT1918,2,False,
PMT1919,,putative membrane protein,NC_005071.1,2026536,2028305,+,AKG35_RS13065,425.0,run_PMT1918,2,False,
AKG35_RS13065,,hypothetical protein,NC_005071.1,2028731,2028949,+,PMT1920,-4.0,run_AKG35_RS13065,1,False,
PMT1920,,"possible alpha-glycosyltransferase, family 4",NC_005071.1,2028946,2030214,-,PMT1921,-1.0,run_PMT1920,3,False,
PMT1921,,conserved hypothetical protein,NC_005071.1,2030214,2031185,-,PMT1922,80.0,run_PMT1920,3,False,
PMT1922,,tupA-like ATPgrasp family protein,NC_005071.1,2031266,2032252,-,PMT1925,753.0,run_PMT1920,3,False,
PMT1925,kdsA,3-deoxy-8-phosphooctulonate synthase,NC_005071.1,2033006,2033857,+,PMT_2847,0.0,run_PMT1925,1,False,
PMT_2847,,Hypothetical protein,NC_005071.1,2033858,2034019,-,PMT1926,5.0,run_PMT_2847,5,False,
PMT1926,,glycosyltransferase,NC_005071.1,2034025,2035146,-,PMT1927,7.0,run_PMT_2847,5,False,
PMT1927,,"possible alpha-glycosyltransferase, family 4",NC_005071.1,2035154,2036335,-,PMT1928,-4.0,run_PMT_2847,5,False,
PMT1928,,UDP-glycosyltransferase/glycogen phosphorylase,NC_005071.1,2036332,2037540,-,PMT1929,5.0,run_PMT_2847,5,False,
PMT1929,,ABC transporter family protein,NC_005071.1,2037546,2039363,-,PMT1930,174.0,run_PMT_2847,5,False,
PMT1930,,"alpha-glycosyltransferase, family 4",NC_005071.1,2039538,2040575,-,PMT1933,760.0,run_PMT1930,1,False,
PMT1933,,conserved hypothetical protein,NC_005071.1,2041336,2042643,+,PMT1934,-16.0,run_PMT1933,1,False,
PMT1934,,"beta-glycosyltransferase, family 2",NC_005071.1,2042628,2043602,-,PMT1935,142.0,run_PMT1934,1,False,
PMT1935,icd,isocitrate dehydrogenase,NC_005071.1,2043745,2045169,+,PMT_1937,927.0,run_PMT1935,1,False,
PMT_1937,glcF,glycolate oxidase iron-sulfur subunit,NC_005071.1,2046097,2047542,+,PMT1938,-117.0,run_PMT_1937,2,False,
PMT1938,,uncharacterized sugar and nucleotide-binding domains containing protein,NC_005071.1,2047426,2048814,-,PMT1939,14.0,run_PMT1938,1,True,run_PMT_1937
PMT1939,glcE,glycolate oxidase subunit GlcE,NC_005071.1,2048829,2050055,+,PMT1940,612.0,run_PMT_1937,2,False,
PMT1940,,possible Peptidase family C9,NC_005071.1,2050668,2051900,+,PMT1942,278.0,run_PMT1940,1,False,
PMT1942,galM,aldose 1-epimerase family protein,NC_005071.1,2052179,2053075,-,PMT1943,7.0,run_PMT1942,4,False,
PMT1943,,alpha/beta hydrolase fold family protein,NC_005071.1,2053083,2054042,-,PMT1944,74.0,run_PMT1942,4,False,
PMT1944,nhaS,"Na+/H+ antiporter, CPA2 family",NC_005071.1,2054117,2055490,-,PMT1945,-56.0,run_PMT1942,4,False,
PMT1945,,possible C1q domain,NC_005071.1,2055435,2055728,-,PMT1946,120.0,run_PMT1942,4,False,
PMT1946,glgP,glycogen phosphorylase,NC_005071.1,2055849,2058374,+,PMT1947,28.0,run_PMT1946,1,False,
PMT1947,,conserved hypothetical protein,NC_005071.1,2058403,2058861,-,PMT1948,37.0,run_PMT1947,2,False,
PMT1948,,Conserved hypothetical protein,NC_005071.1,2058899,2059228,-,PMT1949,667.0,run_PMT1947,2,False,
PMT1949,rnc,ribonuclease III,NC_005071.1,2059896,2060741,+,PMT1950,43.0,run_PMT1949,3,False,
PMT1950,ndhS,NADH dehydrogenase I subunit NdhS,NC_005071.1,2060785,2060970,-,PMT1951,41.0,run_PMT1950,1,True,run_PMT1949
PMT1951,rimM,16S rRNA processing protein RimM,NC_005071.1,2061012,2061557,+,PMT1952,56.0,run_PMT1949,3,False,
PMT1952,manC,mannose-1-phosphate guanylyltransferase,NC_005071.1,2061614,2063068,+,PMT1953,7.0,run_PMT1949,3,False,
PMT1953,glmS,glutamine---fructose-6-phosphate transaminase (isomerizing),NC_005071.1,2063076,2064980,-,PMT1954,85.0,run_PMT1953,2,False,
PMT1954,psaC,photosystem I iron-sulfur center subunit VII PsaC,NC_005071.1,2065066,2065311,-,PMT1955,138.0,run_PMT1953,2,False,
PMT1955,acpP,acyl-carrier protein,NC_005071.1,2065450,2065692,+,PMT1956,8.0,run_PMT1955,3,False,
PMT1956,fabF,beta-ketoacyl-(acyl-carrier-protein) synthase II (KASII),NC_005071.1,2065701,2066948,+,PMT1957,52.0,run_PMT1955,3,False,
PMT1957,tktA,transketolase,NC_005071.1,2067001,2069010,+,PMT1958,134.0,run_PMT1955,3,False,
PMT1958,uxs,UDP-glucuronate decarboxylase,NC_005071.1,2069145,2070077,+,PMT1959,213.0,run_PMT1958,1,False,
PMT1959,,"beta-glycosyltransferase, family 2",NC_005071.1,2070291,2071394,+,PMT1960,394.0,run_PMT1959,1,False,
PMT1960,,protein of unknown function DUF3571,NC_005071.1,2071789,2072061,-,PMT1961,36.0,run_PMT1960,2,False,
PMT1961,gst,"glutathione S-transferase, rho class",NC_005071.1,2072098,2072823,-,PMT1962,640.0,run_PMT1960,2,False,
PMT1962,,conserved hypothetical protein,NC_005071.1,2073464,2073670,+,PMT1963,2.0,run_PMT1962,5,False,
PMT1963,rbfA,ribosome-binding factor A,NC_005071.1,2073673,2074101,+,PMT1964,-4.0,run_PMT1962,5,False,
PMT1964,bgl,"N-Acetyl-D-glucosamine (anhydrous) N-Acetylmuramyl-tripeptide beta -1,4-N-acetylglucosaminidase",NC_005071.1,2074098,2075747,+,PMT1965,-38.0,run_PMT1962,5,False,
PMT1965,,"beta-glycosyltransferase, family 2",NC_005071.1,2075710,2076993,+,PMT1966,-4.0,run_PMT1962,5,False,
PMT1966,hemD,uroporphyrinogen-III synthase,NC_005071.1,2076990,2077823,+,PMT_2856,-50.0,run_PMT1962,5,False,
PMT_2856,,conserved hypothetical protein,NC_005071.1,2077774,2078241,-,PMT1967,28.0,run_PMT_2856,3,False,
PMT1967,,polyketide cyclase / aromatase,NC_005071.1,2078270,2078719,-,PMT1968,2.0,run_PMT_2856,3,False,
PMT1968,crtQ,"9,9^-di-cis-zeta-carotene desaturase",NC_005071.1,2078722,2080194,-,PMT1969,117.0,run_PMT_2856,3,False,
PMT1969,iscA,iron-sulfur cluster complex assembly protein IscA,NC_005071.1,2080312,2080704,+,PMT1970,59.0,run_PMT1969,4,False,
PMT1970,,tetratricopeptide repeat family protein,NC_005071.1,2080764,2081183,+,PMT1971,1.0,run_PMT1969,4,False,
PMT1971,,conserved hypothetical protein,NC_005071.1,2081185,2082396,+,PMT1972,-4.0,run_PMT1969,4,False,
PMT1972,,conserved hypothetical protein,NC_005071.1,2082393,2082662,+,PMT1973,-59.0,run_PMT1969,4,False,
PMT1973,sulA,cell division inhibitor,NC_005071.1,2082604,2083545,-,PMT1974,28.0,run_PMT1973,5,False,
PMT1974,,"sodium/hydrogen exchanger, NhaP family",NC_005071.1,2083574,2084893,-,PMT1975,-2.0,run_PMT1973,5,False,
PMT1975,ndhO,NADH dehydrogenase I subunit NdhO,NC_005071.1,2084892,2085137,+,PMT1976,-22.0,run_PMT1975,1,True,run_PMT1973
PMT1976,,dolichyl-phosphate-mannose-mannosyltransferase family protein,NC_005071.1,2085116,2087209,-,PMT1977,-4.0,run_PMT1973,5,False,
PMT1977,dnaJ4,DnaJ type III chaperone protein,NC_005071.1,2087206,2087904,-,PMT1978,23.0,run_PMT1973,5,False,
PMT1978,cysK,O-acetylserine (thiol)-lyase A,NC_005071.1,2087928,2088896,-,PMT1979,148.0,run_PMT1973,5,False,
PMT1979,som,outer membrane porin,NC_005071.1,2089045,2090787,-,PMT1980,359.0,run_PMT1979,1,False,
PMT1980,,inverting glycosyltransferase family 83 utilizing lipid monophospho-sugar donors,NC_005071.1,2091147,2092736,+,AKG35_RS13070,127.0,run_PMT1980,1,False,
AKG35_RS13070,,hypothetical protein,NC_005071.1,2092864,2093001,+,PMT1981,15.0,run_AKG35_RS13070,4,False,
PMT1981,,conserved hypothetical protein,NC_005071.1,2093017,2093268,+,PMT1982,43.0,run_AKG35_RS13070,4,False,
PMT1982,,dolichyl-phosphate-mannose-mannosyltransferase family protein,NC_005071.1,2093312,2094859,+,PMT1983,81.0,run_AKG35_RS13070,4,False,
PMT1983,,uncharacterized conserved membrane protein (DUF2079),NC_005071.1,2094941,2096353,+,PMT_2859,118.0,run_AKG35_RS13070,4,False,
PMT_2859,,conserved hypothetical protein,NC_005071.1,2096472,2096648,-,PMT1984,17.0,run_PMT_2859,2,False,
PMT1984,,conserved hypothetical protein,NC_005071.1,2096666,2098294,-,PMT1985,240.0,run_PMT_2859,2,False,
PMT1985,,putative membrane protein,NC_005071.1,2098535,2099521,-,PMT1986,636.0,run_PMT1985,1,False,
PMT1986,,"conserved hypothetical UPF0367 protein, cyanobacteria specific",NC_005071.1,2100158,2100421,+,PMT1987,41.0,run_PMT1986,2,False,
PMT1987,ecfA1,energy-coupling factor transport system ATP-binding protein,NC_005071.1,2100463,2101140,+,PMT1988,375.0,run_PMT1986,2,False,
PMT1988,rpaA,two-component system response regulator RR class II (RRII)-CheY-OmpR,NC_005071.1,2101516,2102322,+,PMT1989,-4.0,run_PMT1988,1,False,
PMT1989,holB,"DNA polymerase III, delta^ subunit",NC_005071.1,2102319,2103299,-,PMT1990,-4.0,run_PMT1989,3,False,
PMT1990,tmk,dTMP kinase,NC_005071.1,2103296,2103946,-,PMT1991,-4.0,run_PMT1989,3,False,
PMT1991,zntA,copper-translocating P-type ATPase,NC_005071.1,2103943,2106267,-,PMT1992,144.0,run_PMT1989,3,False,
PMT1992,ycf3,photosystem I assembly protein Ycf3,NC_005071.1,2106412,2106933,+,PMT1993,14.0,run_PMT1992,1,False,
PMT1993,radA,DNA repair protein Sms/RadA,NC_005071.1,2106948,2108342,-,PMT1994,104.0,run_PMT1993,1,False,
PMT1994,rpaB,two-component system response regulator RR class II (RRII)-CheY-OmpR,NC_005071.1,2108447,2109193,+,PMT1995,-20.0,run_PMT1994,5,False,
PMT1995,plsX,glycerol-3-phosphate acyltransferase PlsX,NC_005071.1,2109174,2110520,+,PMT1996,55.0,run_PMT1994,5,False,
PMT1996,fabH,beta-ketoacyl-(acyl-carrier-protein) synthase III (KASIII),NC_005071.1,2110576,2111595,+,PMT1997,28.0,run_PMT1994,5,False,
PMT1997,fabD,malonyl CoA-acyl carrier protein transacylase (MCAT),NC_005071.1,2111624,2112520,+,PMT1998,36.0,run_PMT1994,5,False,
PMT1998,plsC1,1-acyl-sn-glycerol-3-phosphate acyltransferase,NC_005071.1,2112557,2113228,+,PMT_2860,-65.0,run_PMT1994,5,False,
PMT_2860,,uncharacterized conserved secreted protein (DUF218),NC_005071.1,2113164,2113805,-,PMT1999,-4.0,run_PMT_2860,3,False,
PMT1999,tsaB,tRNA threonylcarbamoyladenosine biosynthesis protein TsaB,NC_005071.1,2113802,2114479,-,PMT2000,-4.0,run_PMT_2860,3,False,
PMT2000,ycf34,iron-sulfur protein Ycf34,NC_005071.1,2114476,2114727,-,PMT2001,-2.0,run_PMT_2860,3,False,
PMT2001,pcnB,tRNA nucleotidyltransferase (CCA-adding enzyme),NC_005071.1,2114726,2115964,+,PMT2002,70.0,run_PMT2001,2,False,
PMT2002,,RNA-binding protein,NC_005071.1,2116035,2116478,+,PMT2003,41.0,run_PMT2001,2,False,
PMT2003,crtB,phytoene synthase,NC_005071.1,2116520,2117461,-,PMT2004,3.0,run_PMT2003,2,False,
PMT2004,crtP,phytoene dehydrogenase,NC_005071.1,2117465,2118883,-,PMT2005,108.0,run_PMT2003,2,False,
PMT2005,ndhM,NADH dehydrogenase I subunit NdhM,NC_005071.1,2118992,2119339,+,PMT2006,-4.0,run_PMT2005,2,False,
PMT2006,,uncharacterized conserved membrane protein (DUF3172),NC_005071.1,2119336,2119989,+,PMT2007,8.0,run_PMT2005,2,False,
PMT2007,rbcR,possible RuBisCO operon transcriptional regulator,NC_005071.1,2119998,2120969,-,PMT2008,133.0,run_PMT2007,1,False,
PMT2008,Z-ISO,15-cis-zeta-carotene isomerase protein family,NC_005071.1,2121103,2121804,+,PMT2009,34.0,run_PMT2008,3,False,
PMT2009,ndhF1,NADH dehydrogenase subunit NdhF (chain 5 or L),NC_005071.1,2121839,2123851,+,PMT2010,88.0,run_PMT2008,3,False,
PMT2010,ndhD1,NADH dehydrogenase I subunit NdhD (chain 4 or M),NC_005071.1,2123940,2125631,+,PMT2011,441.0,run_PMT2008,3,False,
PMT2011,scpA,scpA/B family protein,NC_005071.1,2126073,2126975,+,PMT2012,45.0,run_PMT2011,3,False,
PMT2012,cugP,mannose-1-phosphate guanylyltransferase,NC_005071.1,2127021,2128199,+,PMT2013,-20.0,run_PMT2011,3,False,
PMT2013,metF,"5,10-methylenetetrahydrofolate reductase",NC_005071.1,2128180,2129073,-,PMT2014,90.0,run_PMT2013,1,True,run_PMT2011
PMT2014,pedR,redox-responsive LuxR-type transcriptional regulator PedR,NC_005071.1,2129164,2129442,+,PMT2015,233.0,run_PMT2011,3,False,
PMT2015,,CYTH domain protein,NC_005071.1,2129676,2130176,-,PMT2016,5.0,run_PMT2015,5,False,
PMT2016,nadK,NAD kinase,NC_005071.1,2130182,2131129,-,PMT2017,12.0,run_PMT2015,5,False,
PMT2017,ndhE,NADH dehydrogenase subunit NdhE (chain kappa or 4L),NC_005071.1,2131142,2131471,-,PMT2018,39.0,run_PMT2015,5,False,
PMT2018,ndhG,NADH dehydrogenase I subunit NdhG (chain 6 or J),NC_005071.1,2131511,2132113,-,PMT2019,-4.0,run_PMT2015,5,False,
PMT2019,ndhI,NADH dehydrogenase I subunit NdhI,NC_005071.1,2132110,2132766,-,PMT2020,127.0,run_PMT2015,5,False,
PMT2020,ndhA,NADH dehydrogenase I subunit NdhA (chain 1 or H),NC_005071.1,2132894,2134012,-,PMT2021,60.0,run_PMT2020,5,False,
PMT2021,gltA,citrate synthase,NC_005071.1,2134073,2135263,-,PMT_2022,25.0,run_PMT2020,5,False,
PMT_2022,,histidine phosphatase super family protein,NC_005071.1,2135289,2135552,-,PMT_2023,18.0,run_PMT2020,5,False,
PMT_2023,sixA,histidine phosphatase super family protein,NC_005071.1,2135571,2135789,-,PMT2024,-23.0,run_PMT2020,5,False,
PMT2024,,conserved hypothetical protein,NC_005071.1,2135767,2137380,-,PMT2026,283.0,run_PMT2020,5,False,
PMT2026,hrcA,heat-inducible transcription repressor HrcA,NC_005071.1,2137664,2138722,+,PMT2027,242.0,run_PMT2026,1,False,
PMT2027,trpB,"tryptophan synthase, beta subunit",NC_005071.1,2138965,2140215,-,PMT_2864,87.0,run_PMT2027,2,False,
PMT_2864,cadA,Conserved hypothetical protein,NC_005071.1,2140303,2140575,-,PMT2028,-1.0,run_PMT2027,2,False,
PMT2028,sui1,translation initiation factor SUI1 family protein,NC_005071.1,2140575,2140916,+,PMT2029,60.0,run_PMT2028,2,False,
PMT2029,cysC,adenylylsulfate kinase,NC_005071.1,2140977,2141627,+,PMT2030,-56.0,run_PMT2028,2,False,
PMT2030,,TqsA-like transmembrane protein,NC_005071.1,2141572,2142642,-,PMT_2866,30.0,run_PMT2030,2,False,
PMT_2866,,putative membrane protein,NC_005071.1,2142673,2142864,-,PMT2031,268.0,run_PMT2030,2,False,
PMT2031,,"prenyltransferase, UbiA family",NC_005071.1,2143133,2144053,+,PMT2032,2.0,run_PMT2031,5,False,
PMT2032,,"HAD phosphoserine phosphatase-like hydrolase, IBfamily protein",NC_005071.1,2144056,2145597,+,PMT2033,-1.0,run_PMT2031,5,False,
PMT2033,,TIGR00374 family protein,NC_005071.1,2145597,2146565,+,PMT2034,-4.0,run_PMT2031,5,False,
PMT2034,,short chain dehydrogenase family protein,NC_005071.1,2146562,2147317,+,PMT2035,-4.0,run_PMT2031,5,False,
PMT2035,,putative decaprenylphosphoryl-beta-D-ribose oxidase,NC_005071.1,2147314,2148684,+,AKG35_RS13080,246.0,run_PMT2031,5,False,
AKG35_RS13080,,hypothetical protein,NC_005071.1,2148931,2149209,+,PMT2036,26.0,run_AKG35_RS13080,2,False,
PMT2036,,hypothetical protein,NC_005071.1,2149236,2150639,+,PMT2037,296.0,run_AKG35_RS13080,2,False,
PMT2037,,putative membrane protein,NC_005071.1,2150936,2151547,-,PMT2038,75.0,run_PMT2037,2,False,
PMT2038,purE,N5-carboxyaminoimidazole ribonucleotide mutase,NC_005071.1,2151623,2152204,-,PMT2039,-16.0,run_PMT2037,2,False,
PMT2039,nagA,n-acetylglucosamine-6-phosphate deacetylase,NC_005071.1,2152189,2153394,+,PMT2040,26.0,run_PMT2039,2,False,
PMT2040,chlM,magnesium protoporphyrin O-methyltransferase,NC_005071.1,2153421,2154134,+,PMT2041,55.0,run_PMT2039,2,False,
PMT2041,,putative dockerin type I repeat,NC_005071.1,2154190,2154804,-,PMT2042,24.0,run_PMT2041,4,False,
PMT2042,,RNA pseudouridylate synthase family protein,NC_005071.1,2154829,2155827,-,PMT2043,21.0,run_PMT2041,4,False,
PMT2043,ycf29,"two-component response regulator, NarL subfamily",NC_005071.1,2155849,2156574,-,PMT2044,70.0,run_PMT2041,4,False,
PMT2044,,uncharacterized conserved secreted protein,NC_005071.1,2156645,2157193,-,PMT2045,-32.0,run_PMT2041,4,False,
PMT2045,iscS2,cysteine desulfurase,NC_005071.1,2157162,2158370,+,PMT2046,94.0,run_PMT2045,2,False,
PMT2046,,uncharacterized conserved membrane protein,NC_005071.1,2158465,2159235,+,PMT2047,-14.0,run_PMT2045,2,False,
PMT2047,,conserved hypothetical protein,NC_005071.1,2159222,2159758,-,PMT2048,-11.0,run_PMT2047,2,False,
PMT2048,rsmH,16S rRNA (cytosine(1402)-N(4))-methyltransferase,NC_005071.1,2159748,2160680,-,PMT2049,46.0,run_PMT2047,2,False,
PMT2049,ndhH,NADH dehydrogenase I subunit NdhH (chain 7 or delta),NC_005071.1,2160727,2161911,+,PMT_2050,217.0,run_PMT2049,1,False,
PMT_2050,,hypothetical protein,NC_005071.1,2162129,2162395,+,PMT_2051,339.0,run_PMT_2050,1,False,
PMT_2051,,conserved hypothetical protein,NC_005071.1,2162735,2163055,-,PMT_2052,9.0,run_PMT_2051,2,False,
PMT_2052,,possible Calreticulin family,NC_005071.1,2163065,2163436,-,PMT2054,357.0,run_PMT_2051,2,False,
PMT2054,,conserved hypothetical protein,NC_005071.1,2163794,2164753,-,PMT2055,317.0,run_PMT2054,1,False,
PMT2055,,"1,4-dihydroxy-2-naphthoyl-CoA hydrolase",NC_005071.1,2165071,2165526,+,PMT2056,156.0,run_PMT2055,1,False,
PMT2056,,putative tM2 domain protein,NC_005071.1,2165683,2165961,-,PMT2057,2.0,run_PMT2056,6,False,
PMT2057,menE,O-succinylbenzoic acid--CoA ligase (OSB-CoA synthetase),NC_005071.1,2165964,2167199,-,PMT2058,-4.0,run_PMT2056,6,False,
PMT2058,menC,O-succinylbenzoate synthase,NC_005071.1,2167196,2168164,-,PMT2059,4.0,run_PMT2056,6,False,
PMT2059,menA,"1,4-dihydroxy-2-naphthoate phytyltransferase",NC_005071.1,2168169,2169143,-,PMT2060,71.0,run_PMT2056,6,False,
PMT2060,menF,phylloquinone-specific isochorismate synthase,NC_005071.1,2169215,2170636,+,PMT2061,-37.0,run_PMT2060,1,True,run_PMT2056
PMT2061,gshB,glutathione synthetase,NC_005071.1,2170600,2171526,-,PMT_2062,4.0,run_PMT2056,6,False,
PMT_2062,grxC,glutaredoxin 3,NC_005071.1,2171531,2171794,-,PMT_2063,80.0,run_PMT2056,6,False,
PMT_2063,prfB,peptide chain release factor 2,NC_005071.1,2171875,2171949,+,PMT2064,1066.0,run_PMT_2063,1,False,
PMT2064,,conserved hypothetical protein,NC_005071.1,2173016,2173207,+,PMT2065,7.0,run_PMT2064,5,False,
PMT2065,yqfG,endoribonuclease YqfG,NC_005071.1,2173215,2173778,+,PMT2066,24.0,run_PMT2064,5,False,
PMT2066,dgkA,prokaryotic diacylglycerol kinase family protein,NC_005071.1,2173803,2174261,+,PMT2067,14.0,run_PMT2064,5,False,
PMT2067,pabC,4-amino-4-deoxychorismate lyase,NC_005071.1,2174276,2174884,+,PMT2068,26.0,run_PMT2064,5,False,
PMT2068,,beta-lactamase superfamily domain protein,NC_005071.1,2174911,2175648,+,PMT2069,49.0,run_PMT2064,5,False,
PMT2069,hisC,aminotransferase class I and II family protein,NC_005071.1,2175698,2176837,-,PMT2070,-1.0,run_PMT2069,2,False,
PMT2070,argS,arginine--tRNA ligase,NC_005071.1,2176837,2178648,-,AKG35_RS13085,185.0,run_PMT2069,2,False,
AKG35_RS13085,,hypothetical protein,NC_005071.1,2178834,2179016,-,PMT2071,-2.0,run_AKG35_RS13085,1,False,
PMT2071,,transposase IS200 like family protein,NC_005071.1,2179015,2179800,+,PMT_2072,247.0,run_PMT2071,1,False,
PMT_2072,,nif11-like leader peptide domain protein,NC_005071.1,2180048,2180302,-,PMT_2874,67.0,run_PMT_2072,2,False,
PMT_2874,,Hypothetical protein,NC_005071.1,2180370,2180519,-,PMT2073,138.0,run_PMT_2072,2,False,
PMT2073,nadC,nicotinate-nucleotide diphosphorylase,NC_005071.1,2180658,2181548,-,PMT2074,97.0,run_PMT2073,2,False,
PMT2074,trmE,tRNA modification GTPase,NC_005071.1,2181646,2183055,-,PMT2075,68.0,run_PMT2073,2,False,
PMT2075,,conserved hypothetical protein,NC_005071.1,2183124,2183627,+,PMT_2875,364.0,run_PMT2075,1,False,
PMT_2875,,Conserved hypothetical protein,NC_005071.1,2183992,2184183,+,PMT2076,403.0,run_PMT_2875,1,False,
PMT2076,,possible Paralytic/GBP/PSP peptide,NC_005071.1,2184587,2184991,-,PMT_2879,1214.0,run_PMT2076,1,False,
PMT_2879,,Conserved hypothetical protein,NC_005071.1,2186206,2186361,+,PMT2077,1274.0,run_PMT_2879,1,False,
PMT2077,mscS,"small-conductance mechanosensitive ion channel, MscS family",NC_005071.1,2187636,2188757,+,PMT_2883,1253.0,run_PMT2077,1,False,
PMT_2883,rub,rubredoxin,NC_005071.1,2190011,2190172,-,PMT_2079,2067.0,run_PMT_2883,1,False,
PMT_2079,,conserved hypothetical protein,NC_005071.1,2192240,2192587,+,PMT2080,1075.0,run_PMT_2079,1,False,
PMT2080,,uncharacterized conserved membrane protein,NC_005071.1,2193663,2194397,+,PMT2081,129.0,run_PMT2080,1,False,
PMT2081,,conserved hypothetical protein,NC_005071.1,2194527,2194841,+,PMT2082,-1.0,run_PMT2081,2,False,
PMT2082,,ABC1 family protein,NC_005071.1,2194841,2196520,+,PMT2083,45.0,run_PMT2081,2,False,
PMT2083,eno,enolase,NC_005071.1,2196566,2197861,-,PMT2084,145.0,run_PMT2083,1,False,
PMT2084,glx1,lactoylglutathione lyase,NC_005071.1,2198007,2198408,+,PMT2085,5.0,run_PMT2084,4,False,
PMT2085,clpB2,ATP-dependent Clp protease ATP-binding subunit ClpB,NC_005071.1,2198414,2201200,+,PMT2086,73.0,run_PMT2084,4,False,
PMT2086,secE,Preprotein translocase SecE subunit,NC_005071.1,2201274,2201546,+,PMT2087,69.0,run_PMT2084,4,False,
PMT2087,nusG,transcription termination/antitermination factor NusG,NC_005071.1,2201616,2202287,+,PMT2088,109.0,run_PMT2084,4,False,
PMT2088,rplK,50S ribosomal protein L11,NC_005071.1,2202397,2202822,+,PMT2089,85.0,run_PMT2088,2,False,
PMT2089,rplA,50S ribosomal protein L1,NC_005071.1,2202908,2203615,+,PMT2090,236.0,run_PMT2088,2,False,
PMT2090,rplJ,50S ribosomal protein L10,NC_005071.1,2203852,2204379,+,PMT2091,49.0,run_PMT2090,2,False,
PMT2091,rplL,50S ribosomal protein L7/L12,NC_005071.1,2204429,2204824,+,PMT2092,281.0,run_PMT2090,2,False,
PMT2092,,uncharacterized conserved secreted protein (DUF3747),NC_005071.1,2205106,2205843,-,PMT2093,61.0,run_PMT2092,1,False,
PMT2093,rnhA,ribonuclease HI,NC_005071.1,2205905,2206678,+,PMT2094,11.0,run_PMT2093,6,False,
PMT2094,pyrD,"dihydroorotate dehydrogenase, class 2",NC_005071.1,2206690,2207868,+,PMT2095,38.0,run_PMT2093,6,False,
PMT2095,,conserved hypothetical protein,NC_005071.1,2207907,2208905,+,PMT2096,-1.0,run_PMT2093,6,False,
PMT2096,,fimbrial assembly family protein,NC_005071.1,2208905,2209603,+,PMT2097,-4.0,run_PMT2093,6,False,
PMT2097,,uncharacterized conserved membrane protein,NC_005071.1,2209600,2210355,+,PMT2098,76.0,run_PMT2093,6,False,
PMT2098,pilQ,type IV pilus assembly protein PilQ,NC_005071.1,2210432,2212756,+,PMT2099,34.0,run_PMT2093,6,False,
PMT2099,,pentapeptide repeats family protein,NC_005071.1,2212791,2213600,-,PMT2100,110.0,run_PMT2099,1,False,
PMT2100,hisC/cobC,aminotransferase class I and II family protein,NC_005071.1,2213711,2214793,+,PMT2101,-20.0,run_PMT2100,1,False,
PMT2101,murG,undecaprenyldiphospho-muramoylpentapeptide beta-N-acetylglucosaminyltransferase,NC_005071.1,2214774,2215859,-,PMT2102,119.0,run_PMT2101,1,False,
PMT2102,,conserved hypothetical protein,NC_005071.1,2215979,2216662,+,PMT2103,72.0,run_PMT2102,1,False,
PMT2103,,conserved hypothetical protein,NC_005071.1,2216735,2217379,-,PMT2104,-4.0,run_PMT2103,2,False,
PMT2104,gst,glutathione S-transferase,NC_005071.1,2217376,2218377,-,PMT2105,191.0,run_PMT2103,2,False,
PMT2105,mmsB,NAD binding domain of 6-phosphogluconate dehydrogenase family protein,NC_005071.1,2218569,2219480,-,PMT2106,343.0,run_PMT2105,1,False,
PMT2106,pgk,phosphoglycerate kinase,NC_005071.1,2219824,2221029,-,PMT2107,134.0,run_PMT2106,1,False,
PMT2107,uspA,universal stress protein,NC_005071.1,2221164,2221547,+,PMT2108,-4.0,run_PMT2107,3,False,
PMT2108,rbgA,ribosome biogenesis GTPase A,NC_005071.1,2221544,2222413,+,PMT2109,-4.0,run_PMT2107,3,False,
PMT2109,rluD,23S rRNA pseudouridine synthase,NC_005071.1,2222410,2223384,+,PMT2110,410.0,run_PMT2107,3,False,
PMT2110,ddpD,"peptide/nickel ABC transport system, ATP-binding component",NC_005071.1,2223795,2225426,-,PMT2111,55.0,run_PMT2110,1,False,
PMT2111,spoT,"bifunctional GTP diphosphokinase / guanosine-3^,5^-bis(diphosphate) 3^-diphosphatase",NC_005071.1,2225482,2227812,+,PMT2113,1013.0,run_PMT2111,1,False,
PMT2113,ydiU,"conserved hypothetical protein, uncharacterized ACR/YdiU/UPF0061 family",NC_005071.1,2228826,2230307,+,PMT2114,909.0,run_PMT2113,1,False,
PMT2114,,possible FYVE zinc finger,NC_005071.1,2231217,2231501,+,PMT_2890,46.0,run_PMT2114,1,False,
PMT_2890,,putative membrane protein,NC_005071.1,2231548,2231727,-,PMT2115,47.0,run_PMT_2890,2,False,
PMT2115,,conserved hypothetical protein,NC_005071.1,2231775,2232053,-,PMT2116,293.0,run_PMT_2890,2,False,
PMT2116,,conserved hypothetical protein,NC_005071.1,2232347,2232664,+,PMT2117,1146.0,run_PMT2116,1,False,
PMT2117,,possible D12 class N6 adenine-specific DNA met,NC_005071.1,2233811,2234197,-,PMT2118,166.0,run_PMT2117,1,False,
PMT2118,,Hypothetical protein,NC_005071.1,2234364,2234597,-,PMT_2119,299.0,run_PMT2118,1,False,
PMT_2119,lanA,"lantipeptide precursor, Nif11-like leader peptide domain protein",NC_005071.1,2234897,2235151,-,PMT_2120,78.0,run_PMT_2119,2,False,
PMT_2120,lanA,"lantipeptide precursor, Nif11-like leader peptide domain protein",NC_005071.1,2235230,2235487,-,PMT2121,165.0,run_PMT_2119,2,False,
PMT2121,lanA,"lantipeptide precursor, Nif11-like leader peptide domain protein",NC_005071.1,2235653,2235904,-,PMT_2122,122.0,run_PMT2121,1,False,
PMT_2122,lanA,"lantipeptide precursor, Nif11-like leader peptide domain protein",NC_005071.1,2236027,2236278,-,PMT2123,101.0,run_PMT_2122,1,False,
PMT2123,lanA,"lantipeptide precursor, Nif11-like leader peptide domain protein",NC_005071.1,2236380,2236619,-,PMT2124,150.0,run_PMT2123,1,False,
PMT2124,lanA,"lantipeptide precursor, Nif11-like leader peptide domain protein",NC_005071.1,2236770,2237021,-,PMT_2896_pseudo,381.0,run_PMT2124,1,False,
PMT_2896_pseudo,,hypothetical protein,NC_005071.1,2237403,2237594,+,PMT_2125,209.0,run_PMT_2896_pseudo,1,False,
PMT_2125,,bacteriocin-type signal sequence,NC_005071.1,2237804,2238079,-,PMT_2897,-23.0,run_PMT_2125,4,False,
PMT_2897,,bacteriocin-type signal sequence,NC_005071.1,2238057,2238278,-,PMT_2898,-1.0,run_PMT_2125,4,False,
PMT_2898,,bacteriocin-type signal sequence,NC_005071.1,2238278,2238481,-,PMT_2899,-4.0,run_PMT_2125,4,False,
PMT_2899,,Hypothetical protein,NC_005071.1,2238478,2238645,-,PMT2126,381.0,run_PMT_2125,4,False,
PMT2126,,phage integrase family protein,NC_005071.1,2239027,2240556,+,PMT2127,165.0,run_PMT2126,1,False,
PMT2127,,possible Ser/Thr protein phosphatase,NC_005071.1,2240722,2241636,+,PMT_2901,76.0,run_PMT2127,2,False,
PMT_2901,,Hypothetical protein,NC_005071.1,2241713,2241889,+,PMT2128,138.0,run_PMT2127,2,False,
PMT2128,,possible (AF314193) Toutatis,NC_005071.1,2242028,2242372,+,PMT_2129,130.0,run_PMT2128,1,False,
PMT_2129,lanA,"lantipeptide precursor, Nif11-like leader peptide domain protein",NC_005071.1,2242503,2242793,-,PMT2130,254.0,run_PMT_2129,1,False,
PMT2130,lanA,"lantipeptide precursor, Nif11-like leader peptide domain protein",NC_005071.1,2243048,2243296,-,PMT2131,160.0,run_PMT2130,1,False,
PMT2131,,nif11-like leader peptide domain protein,NC_005071.1,2243457,2243726,-,PMT2132,129.0,run_PMT2131,1,False,
PMT2132,lanA,"lantipeptide precursor, Nif11-like leader peptide domain protein",NC_005071.1,2243856,2244113,-,AKG35_RS13115,51.0,run_PMT2132,2,False,
AKG35_RS13115,,hypothetical protein,NC_005071.1,2244165,2244329,-,PMT_2134,334.0,run_PMT2132,2,False,
PMT_2134,lanA,"lantipeptide precursor, Nif11-like leader peptide domain protein",NC_005071.1,2244664,2244945,-,PMT2135,291.0,run_PMT_2134,1,False,
PMT2135,argJ,glutamate N-acetyltransferase/amino-acid acetyltransferase,NC_005071.1,2245237,2246520,-,PMT2136,-2.0,run_PMT2135,1,False,
PMT2136,coaE,dephospho-CoA kinase,NC_005071.1,2246519,2247157,+,PMT2137,66.0,run_PMT2136,2,False,
PMT2137,,conserved hypothetical protein,NC_005071.1,2247224,2247784,+,PMT2138,371.0,run_PMT2136,2,False,
PMT2138,,hypothetical protein,NC_005071.1,2248156,2250153,+,PMT2139,498.0,run_PMT2138,1,False,
PMT2139,gatB,aspartyl-tRNA(Asn)/glutamyl-tRNA(Gln) amidotransferase subunit B,NC_005071.1,2250652,2252139,-,PMT2140,118.0,run_PMT2139,1,False,
PMT2140,thiO,glycine oxidase,NC_005071.1,2252258,2253367,+,PMT2141,914.0,run_PMT2140,1,False,
PMT2141,,bacteriocin-type transport-associated family protein,NC_005071.1,2254282,2255310,+,PMT2142,4.0,run_PMT2141,2,False,
PMT2142,,hypothetical protein,NC_005071.1,2255315,2255707,+,AKG35_RS13590,75.0,run_PMT2141,2,False,
AKG35_RS13590,,hypothetical protein,NC_005071.1,2255783,2255920,-,PMT2143,173.0,run_AKG35_RS13590,1,False,
PMT2143,,ABC multidrug efflux transporter,NC_005071.1,2256094,2258064,+,PMT2144,-4.0,run_PMT2143,3,False,
PMT2144,,NHLM bacteriocin system secretion protein,NC_005071.1,2258061,2259185,+,PMT2145,12.0,run_PMT2143,3,False,
PMT2145,,"NHLM bacteriocin system ABC transporter, peptidase/ATP-binding protein",NC_005071.1,2259198,2261411,+,PMT2146,19.0,run_PMT2143,3,False,
PMT2146,,adenylate cyclase,NC_005071.1,2261431,2263359,-,PMT_2147,75.0,run_PMT2146,3,False,
PMT_2147,,conserved hypothetical protein,NC_005071.1,2263435,2264229,-,PMT2148,63.0,run_PMT2146,3,False,
PMT2148,ndk,nucleoside diphosphate kinase,NC_005071.1,2264293,2264751,-,AKG35_RS13675,-8.0,run_PMT2146,3,False,
AKG35_RS13675,,hypothetical protein,NC_005071.1,2264744,2264878,+,PMT2149,630.0,run_AKG35_RS13675,1,False,
PMT2149,,cyclic nucleotide-regulated small-conductance mechanosensitive ion channel,NC_005071.1,2265509,2266999,+,PMT2150,235.0,run_PMT2149,1,False,
PMT2150,speA,arginine decarboxylase,NC_005071.1,2267235,2269181,+,PMT2151,178.0,run_PMT2150,1,False,
PMT2151,crp,cyclic AMP receptor protein/DNA-binding transcriptional dual regulator,NC_005071.1,2269360,2270055,-,PMT2152,223.0,run_PMT2151,1,False,
PMT2152,,adenylate cyclase,NC_005071.1,2270279,2272192,+,PMT2153,18.0,run_PMT2152,3,False,
PMT2153,,conserved hypothetical protein,NC_005071.1,2272211,2274439,+,PMT2154,97.0,run_PMT2152,3,False,
PMT2154,,cyclic nucleotide-binding-like protein,NC_005071.1,2274537,2275103,+,PMT_2155,355.0,run_PMT2152,3,False,
PMT_2155,,possible MARCKS family,NC_005071.1,2275459,2275800,+,PMT_2156,8.0,run_PMT_2155,2,False,
PMT_2156,,PAP2 superfamily protein,NC_005071.1,2275809,2276195,+,PMT2157,318.0,run_PMT_2155,2,False,
PMT2157,alaS,alanyl-tRNA synthetase,NC_005071.1,2276514,2279192,-,AKG35_RS13265,222.0,run_PMT2157,1,False,
AKG35_RS13265,,hypothetical protein,NC_005071.1,2279415,2279558,-,PMT2158,23.0,run_AKG35_RS13265,1,False,
PMT2158,hepA,"superfamily II DNA/RNA helicases, SNF2 family",NC_005071.1,2279582,2282785,+,PMT2159,15.0,run_PMT2158,3,False,
PMT2159,,conserved hypothetical protein,NC_005071.1,2282801,2283697,+,PMT2160,-8.0,run_PMT2158,3,False,
PMT2160,,bacterial MEKHLA protein,NC_005071.1,2283690,2284166,+,PMT2161,812.0,run_PMT2158,3,False,
PMT2161,,"possible Tripartite transporter component (TRAP-T family), substrate binding protein",NC_005071.1,2284979,2286103,+,PMT2162,-1.0,run_PMT2161,5,False,
PMT2162,,possible Tripartite transporter component (TRAP-T family),NC_005071.1,2286103,2286672,+,PMT2163,-8.0,run_PMT2161,5,False,
PMT2163,,possible Tripartite transporter component (TRAP-T family),NC_005071.1,2286665,2288035,+,PMT2164,59.0,run_PMT2161,5,False,
PMT2164,flv3,flavoprotein involved in Mehler reaction,NC_005071.1,2288095,2289870,+,PMT2165,-1.0,run_PMT2161,5,False,
PMT2165,flv1,flavoprotein involved in Mehler reaction,NC_005071.1,2289870,2291717,+,PMT_2166,103.0,run_PMT2161,5,False,
PMT_2166,,rubredoxin family protein,NC_005071.1,2291821,2292528,+,PMT2167,75.0,run_PMT_2166,2,False,
PMT2167,,NADPH-dependent FMN reductase family protein,NC_005071.1,2292604,2293131,+,PMT_2911,329.0,run_PMT_2166,2,False,
PMT_2911,,conserved hypothetical protein,NC_005071.1,2293461,2293667,+,PMT2168,4.0,run_PMT_2911,1,False,
PMT2168,,conserved hypothetical protein,NC_005071.1,2293672,2293932,-,PMT2169,116.0,run_PMT2168,1,False,
PMT2169,gcvP,glycine dehydrogenase,NC_005071.1,2294049,2296997,-,PMT2170,71.0,run_PMT2169,3,False,
PMT2170,gcvH,glycine cleavage system H protein,NC_005071.1,2297069,2297467,-,PMT2171,20.0,run_PMT2169,3,False,
PMT2171,metC,cystathionine beta-lyase family aluminum resistance protein,NC_005071.1,2297488,2298789,-,PMT2172,292.0,run_PMT2169,3,False,
PMT2172,desC3,delta-9 fatty acid desaturase DesC3,NC_005071.1,2299082,2300002,+,PMT2173,-22.0,run_PMT2172,8,False,
PMT2173,,conserved hypothetical protein,NC_005071.1,2299981,2300733,-,PMT2174,51.0,run_PMT2173,1,True,run_PMT2172
PMT2174,desC4,delta-9 fatty-acid desaturase DesC4,NC_005071.1,2300785,2301717,+,PMT2175,43.0,run_PMT2172,8,False,
PMT2175,rplI,50S ribosomal protein L9,NC_005071.1,2301761,2302219,+,PMT2176,62.0,run_PMT2172,8,False,
PMT2176,dnaB,replicative DNA helicase,NC_005071.1,2302282,2303700,+,PMT2177,51.0,run_PMT2172,8,False,
PMT2177,gidA,tRNA uridine 5-carboxymethylaminomethyl modification enzyme GidA,NC_005071.1,2303752,2305713,+,PMT2178,25.0,run_PMT2172,8,False,
PMT2178,,uncharacterized conserved membrane protein,NC_005071.1,2305739,2306428,+,PMT2179,17.0,run_PMT2172,8,False,
PMT2179,ubiC,chorismate pyruvate-lyase,NC_005071.1,2306446,2307024,+,PMT2180,87.0,run_PMT2172,8,False,
PMT2180,,conserved hypothetical protein,NC_005071.1,2307112,2307561,+,PMT2181,15.0,run_PMT2172,8,False,
PMT2181,,"viral RNA helicase, superfamily I",NC_005071.1,2307577,2308098,-,PMT2182,105.0,run_PMT2181,1,False,
PMT2182,,"SprT-like, zinc ribbon domain-containing protein",NC_005071.1,2308204,2308752,-,PMT2183,121.0,run_PMT2182,1,False,
PMT2183,,conserved hypothetical protein,NC_005071.1,2308874,2309290,+,PMT2184,27.0,run_PMT2183,4,False,
PMT2184,ligA,"DNA ligase, NAD-dependent",NC_005071.1,2309318,2311408,+,PMT2185,39.0,run_PMT2183,4,False,
PMT2185,,conserved hypothetical protein specific to marine picocyanobacteria,NC_005071.1,2311448,2311627,+,PMT2186,-25.0,run_PMT2183,4,False,
PMT2186,,conserved hypothetical protein,NC_005071.1,2311603,2312259,-,PMT2187,25.0,run_PMT2186,6,True,run_PMT2183
PMT2187,,"FAD linked oxidase, N-terminal",NC_005071.1,2312285,2313994,+,PMT2188,37.0,run_PMT2183,4,True,run_PMT2186
PMT2188,evrC,ATP-binding cassette-type viologen exporter,NC_005071.1,2314032,2314820,-,PMT2189,1.0,run_PMT2186,6,False,
PMT2189,evrB,"ATP-binding cassette-type viologen exporter, permease component",NC_005071.1,2314822,2315619,-,PMT2190,-4.0,run_PMT2186,6,False,
PMT2190,evrA,ATP-binding cassette-type viologen exporter,NC_005071.1,2315616,2316593,-,PMT2191,4.0,run_PMT2186,6,False,
PMT2191,valS,valyl-tRNA synthetase,NC_005071.1,2316598,2319405,-,PMT2192,60.0,run_PMT2186,6,False,
PMT2192,,conserved hypothetical protein,NC_005071.1,2319466,2319915,-,PMT2193,58.0,run_PMT2186,6,False,
PMT2193,,conserved hypothetical protein,NC_005071.1,2319974,2320231,+,PMT2194,878.0,run_PMT2193,1,False,
PMT2194,,conserved hypothetical protein,NC_005071.1,2321110,2321439,+,PMT2195,135.0,run_PMT2194,1,False,
PMT2195,petF,2Fe-2S ferredoxin,NC_005071.1,2321575,2321940,+,PMT2196,100.0,run_PMT2195,1,False,
PMT2196,cycI2,magnesium-protoporphyrin IX monomethyl ester aerobic oxidative cyclase,NC_005071.1,2322041,2323090,-,PMT2197,326.0,run_PMT2196,1,False,
PMT2197,,"bacterial regulatory protein, ArsR family",NC_005071.1,2323417,2323722,+,PMT2198,-1.0,run_PMT2197,2,False,
PMT2198,,pentapeptide repeats family protein,NC_005071.1,2323722,2324384,+,PMT2199,201.0,run_PMT2197,2,False,
PMT2199,pdxH2,pyridoxamine 5^-phosphate oxidase,NC_005071.1,2324586,2325254,+,PMT2200,81.0,run_PMT2199,2,False,
PMT2200,ntrX,nitrogen assimilation regulatory protein,NC_005071.1,2325336,2327423,+,PMT2201,80.0,run_PMT2199,2,False,
PMT2201,,"ABC-type Mn2+/Zn2+ transport system, permease component",NC_005071.1,2327504,2328280,-,PMT2202,-8.0,run_PMT2201,2,False,
PMT2202,,"ABC-type Mn2+/Zn2+ transport system, ATP-binding component",NC_005071.1,2328273,2328950,-,PMT2203,122.0,run_PMT2201,2,False,
PMT2203,lraI,"ABC-type Mn2+/Zn2+ transport system, periplasmic component",NC_005071.1,2329073,2330053,+,PMT2204,53.0,run_PMT2203,2,False,
PMT2204,,uncharacterized conserved secreted protein,NC_005071.1,2330107,2331216,+,PMT2205,15.0,run_PMT2203,2,False,
PMT2205,,uncharacterized conserved secreted protein,NC_005071.1,2331232,2332554,-,PMT2207,664.0,run_PMT2205,1,False,
PMT2207,,permease,NC_005071.1,2333219,2334175,-,PMT2208,830.0,run_PMT2207,1,False,
PMT2208,zur,zinc uptake regulator family protein,NC_005071.1,2335006,2335410,+,PMT2209,179.0,run_PMT2208,1,False,
PMT2209,,HesB-like domain-containing protein,NC_005071.1,2335590,2335940,-,PMT2210,816.0,run_PMT2209,1,False,
PMT2210,,conserved hypothetical protein,NC_005071.1,2336757,2337248,+,PMT2211,-47.0,run_PMT2210,2,False,
PMT2211,mazG,nucleoside triphosphate pyrophosphohydrolase,NC_005071.1,2337202,2338116,+,PMT2212,569.0,run_PMT2210,2,False,
PMT2212,arfB,RF-1 domain protein,NC_005071.1,2338686,2339117,+,PMT2213,291.0,run_PMT2212,1,False,
PMT2213,speE,spermidine synthase,NC_005071.1,2339409,2340269,+,PMT2214,-1.0,run_PMT2213,2,False,
PMT2214,speB,agmatinase,NC_005071.1,2340269,2341183,+,PMT_2920,104.0,run_PMT2213,2,False,
PMT_2920,,conserved hypothetical protein,NC_005071.1,2341288,2341533,-,PMT2215,140.0,run_PMT_2920,1,False,
PMT2215,gcvT,glycine cleavage system T protein,NC_005071.1,2341674,2342798,+,PMT2216,82.0,run_PMT2215,9,False,
PMT2216,aspS,aspartyl-tRNA synthetase,NC_005071.1,2342881,2344701,+,PMT2217,68.0,run_PMT2215,9,False,
PMT2217,rpoD5,"RNA polymerase sigma factor, type II",NC_005071.1,2344770,2345900,+,PMT2218,29.0,run_PMT2215,9,False,
PMT2218,mgrA,stress-inducible DNA-binding protein,NC_005071.1,2345930,2346412,+,PMT2219,37.0,run_PMT2215,9,False,
PMT2219,pyrG,CTP synthase,NC_005071.1,2346450,2348126,+,PMT2220,-4.0,run_PMT2215,9,False,
PMT2220,queE,7-carboxy-7-deazaguanine synthase,NC_005071.1,2348123,2348803,+,PMT2221,3.0,run_PMT2215,9,False,
PMT2221,,ecotin family protein,NC_005071.1,2348807,2349340,-,PMT2222,27.0,run_PMT2221,1,True,run_PMT2215
PMT2222,queC,7-cyano-7-deazaguanine synthase,NC_005071.1,2349368,2350048,+,PMT2223,-4.0,run_PMT2215,9,False,
PMT2223,pabB,para-aminobenzoate synthetase component I,NC_005071.1,2350045,2351385,+,PMT2224,-4.0,run_PMT2215,9,False,
PMT2224,pabC,4-amino-4-deoxychorismate lyase,NC_005071.1,2351382,2352242,+,PMT2225,30.0,run_PMT2215,9,False,
PMT2225,urtE,"ABC-type urea transporter, ATPase component UrtE",NC_005071.1,2352273,2352980,-,PMT2226,43.0,run_PMT2225,5,False,
PMT2226,urtD,"ABC-type urea transporter, ATP-binding component UrtD",NC_005071.1,2353024,2353776,-,PMT2227,-4.0,run_PMT2225,5,False,
PMT2227,urtC,"ABC-type urea transporter, membrane component",NC_005071.1,2353773,2354900,-,PMT2228,4.0,run_PMT2225,5,False,
PMT2228,urtB,"ABC-type urea transporter, permease component",NC_005071.1,2354905,2356059,-,PMT2229,98.0,run_PMT2225,5,False,
PMT2229,urtA,"ABC-type urea transporter, substrate binding component",NC_005071.1,2356158,2357453,-,PMT2230,117.0,run_PMT2225,5,False,
PMT2230,ureG,urease accessory protein UreG,NC_005071.1,2357571,2358179,-,PMT2231,-1.0,run_PMT2230,2,False,
PMT2231,ureF,urease accessory protein UreF,NC_005071.1,2358179,2358862,-,PMT2233,602.0,run_PMT2230,2,False,
PMT2233,ureD,urease accessory protein UreD,NC_005071.1,2359465,2360424,+,PMT2234,18.0,run_PMT2233,4,False,
PMT2234,ureA,urease gamma subunit,NC_005071.1,2360443,2360745,+,PMT2235,9.0,run_PMT2233,4,False,
PMT2235,ureB,urease beta subunit,NC_005071.1,2360755,2361072,+,PMT2236,36.0,run_PMT2233,4,False,
PMT2236,ureC,urease alpha subunit,NC_005071.1,2361109,2362833,+,PMT2237,42.0,run_PMT2233,4,False,
PMT2237,cobA,uroporphyrinogen-III C-methyltransferase,NC_005071.1,2362876,2363661,-,PMT2238,-4.0,run_PMT2237,2,False,
PMT2238,,possible chelatase,NC_005071.1,2363658,2364443,-,PMT2239,695.0,run_PMT2237,2,False,
PMT2239,nirA,ferredoxin--nitrite reductase,NC_005071.1,2365139,2366767,+,PMT_2926,52.0,run_PMT2239,4,False,
PMT_2926,,conserved hypothetical protein,NC_005071.1,2366820,2366963,+,PMT2240,67.0,run_PMT2239,4,False,
PMT2240,focA,"nitrite transporter, FNT family",NC_005071.1,2367031,2367921,+,PMT2241,12.0,run_PMT2239,4,False,
PMT2241,,Armadillo-like helical-containing protein,NC_005071.1,2367934,2368656,+,PMT2242,449.0,run_PMT2239,4,False,
PMT2242,,"glycosyl transferase family, helical bundle domain protein",NC_005071.1,2369106,2370212,+,PMT2243,-8.0,run_PMT2242,3,False,
PMT2243,,acetyltransferase family protein,NC_005071.1,2370205,2370690,-,PMT2244,21.0,run_PMT2243,1,True,run_PMT2242
PMT2244,,"multidrug efflux transporter, MFS family",NC_005071.1,2370712,2372019,+,PMT2245,42.0,run_PMT2242,3,False,
PMT2245,ppk,polyphosphate kinase,NC_005071.1,2372062,2374200,+,PMT2246,208.0,run_PMT2242,3,False,
PMT2246,rpoD4,"RNA polymerase sigma factor, type II",NC_005071.1,2374409,2375443,+,PMT2247,56.0,run_PMT2246,2,False,
PMT2247,VTE5,phytol kinase,NC_005071.1,2375500,2376105,+,PMT2248,7.0,run_PMT2246,2,False,
PMT2248,aroF,3-deoxy-7-phosphoheptulonate synthase,NC_005071.1,2376113,2377180,-,PMT2249,146.0,run_PMT2248,1,False,
PMT2249,acnB,aconitate hydratase 2 / 2-methylisocitrate dehydratase,NC_005071.1,2377327,2379951,+,PMT2250,-17.0,run_PMT2249,2,False,
PMT2250,eriC,voltage-gated CLC-type chloride channel protein,NC_005071.1,2379935,2381293,+,PMT2251,458.0,run_PMT2249,2,False,
PMT2251,,methylthiotransferase/radical SAM-type protein,NC_005071.1,2381752,2383350,+,PMT2252,-62.0,run_PMT2251,1,False,
PMT2252,,O-antigen ligase family protein,NC_005071.1,2383289,2384602,-,PMT2253,14.0,run_PMT2252,2,False,
PMT2253,purU,formyltetrahydrofolate deformylase,NC_005071.1,2384617,2385507,-,PMT2254,66.0,run_PMT2252,2,False,
PMT2254,,possible D-amino-acid dehydrogenase,NC_005071.1,2385574,2386692,+,PMT2255,1770.0,run_PMT2254,1,False,
PMT2255,dnaK3,chaperone protein DnaK,NC_005071.1,2388463,2390367,-,PMT2257,130.0,run_PMT2255,1,False,
PMT2257,aroE,shikimate 5-dehydrogenase,NC_005071.1,2390498,2391409,+,PMT2258,24.0,run_PMT2257,4,False,
PMT2258,ycf60,uncharacterized membrane protein,NC_005071.1,2391434,2391898,+,PMT2259,77.0,run_PMT2257,4,False,
PMT2259,rpsF,30S ribosomal protein S6,NC_005071.1,2391976,2392350,+,PMT2260,44.0,run_PMT2257,4,False,
PMT2260,,conserved hypothetical protein,NC_005071.1,2392395,2392841,+,PMT2261,21.0,run_PMT2257,4,False,
PMT2261,argG,argininosuccinate synthase,NC_005071.1,2392863,2394068,-,PMT2262,-1.0,run_PMT2261,2,False,
PMT2262,,uncharacterized conserved membrane protein,NC_005071.1,2394068,2394298,-,PMT2263,81.0,run_PMT2261,2,False,
PMT2263,,conserved hypothetical protein,NC_005071.1,2394380,2394655,+,PMT2264,61.0,run_PMT2263,2,False,
PMT2264,mraY,phospho-N-acetylmuramoyl-pentapeptide-transferase,NC_005071.1,2394717,2395838,+,PMT2265,105.0,run_PMT2263,2,False,
PMT2265,,"ferric reductase, transmembrane component",NC_005071.1,2395944,2396549,+,PMT2266,277.0,run_PMT2265,1,False,
PMT2266,,conserved hypothetical protein,NC_005071.1,2396827,2397075,+,PMT2267,80.0,run_PMT2266,2,False,
PMT2267,purT,formate-dependent phosphoribosyl glycinamide formyl transferase,NC_005071.1,2397156,2398322,+,PMT2268,9.0,run_PMT2266,2,False,
PMT2268,spsA,sucrose phosphate synthase and phosphatase fusion protein,NC_005071.1,2398332,2400464,-,PMT2269,258.0,run_PMT2268,1,False,
PMT2269,,dienelactone hydrolase family protein,NC_005071.1,2400723,2402240,-,PMT2270,-1.0,run_PMT2269,3,False,
PMT2270,uvrA,"excinuclease UvrABC complex, ATPase subunit",NC_005071.1,2402240,2405200,-,PMT2271,45.0,run_PMT2269,3,False,
PMT2271,recN,ATP-dependent DNA repair protein RecN,NC_005071.1,2405246,2406928,-,PMT2272,58.0,run_PMT2269,3,False,
PMT2272,,ABC1 family protein,NC_005071.1,2406987,2408876,+,PMT2273,24.0,run_PMT2272,3,False,
PMT2273,,alpha/beta hydrolase of unknown function (DUF1400),NC_005071.1,2408901,2409488,+,PMT2274,90.0,run_PMT2272,3,False,
PMT2274,thrC,threonine synthase,NC_005071.1,2409579,2410637,+,,,run_PMT2272,3,False,
