locus_tag,metabolite_id,metabolite_name,n_reactions,reaction_ids,n_status
PMT0001,kegg.compound:C00013,Diphosphate,4,kegg.reaction:R00375 | kegg.reaction:R00376 | kegg.reaction:R00377 | kegg.reaction:R00378,no_N
PMT0001,kegg.compound:C00039,DNA,4,kegg.reaction:R00375 | kegg.reaction:R00376 | kegg.reaction:R00377 | kegg.reaction:R00378,no_N
PMT0001,kegg.compound:C00131,dATP,1,kegg.reaction:R00375,contains_N
PMT0001,kegg.compound:C00286,dGTP,1,kegg.reaction:R00376,contains_N
PMT0001,kegg.compound:C00458,dCTP,1,kegg.reaction:R00377,contains_N
PMT0001,kegg.compound:C00459,dTTP,1,kegg.reaction:R00378,contains_N
PMT0003,kegg.compound:C00001,H2O,1,kegg.reaction:R04463,no_N
PMT0003,kegg.compound:C00002,ATP,1,kegg.reaction:R04463,contains_N
PMT0003,kegg.compound:C00008,ADP,1,kegg.reaction:R04463,contains_N
PMT0003,kegg.compound:C00009,Orthophosphate,1,kegg.reaction:R04463,no_N
PMT0003,kegg.compound:C00025,L-Glutamate,1,kegg.reaction:R04463,contains_N
PMT0003,kegg.compound:C00064,L-Glutamine,1,kegg.reaction:R04463,contains_N
PMT0003,kegg.compound:C04376,5^-Phosphoribosyl-N-formylglycinamide,1,kegg.reaction:R04463,contains_N
PMT0003,kegg.compound:C04640,2-(Formamido)-N1-(5^-phosphoribosyl)acetamidine,1,kegg.reaction:R04463,contains_N
PMT0004,kegg.compound:C00001,H2O,1,kegg.reaction:R01072,no_N
PMT0004,kegg.compound:C00013,Diphosphate,1,kegg.reaction:R01072,no_N
PMT0004,kegg.compound:C00025,L-Glutamate,1,kegg.reaction:R01072,contains_N
PMT0004,kegg.compound:C00064,L-Glutamine,1,kegg.reaction:R01072,contains_N
PMT0004,kegg.compound:C00119,5-Phospho-alpha-D-ribose 1-diphosphate,1,kegg.reaction:R01072,no_N
PMT0004,kegg.compound:C03090,5-Phosphoribosylamine,1,kegg.reaction:R01072,contains_N
PMT0013,kegg.compound:C00062,L-Arginine,1,kegg.reaction:R01086,contains_N
PMT0013,kegg.compound:C00122,Fumarate,1,kegg.reaction:R01086,no_N
PMT0013,kegg.compound:C03406,N-(L-Arginino)succinate,1,kegg.reaction:R01086,contains_N
PMT0024,kegg.compound:C00001,H2O,2,kegg.reaction:R00615 | kegg.reaction:R02135,no_N
PMT0024,kegg.compound:C00009,Orthophosphate,2,kegg.reaction:R00615 | kegg.reaction:R02135,no_N
PMT0024,kegg.compound:C00068,Thiamin diphosphate,1,kegg.reaction:R00615,contains_N
PMT0024,kegg.compound:C00378,Thiamine,1,kegg.reaction:R02135,contains_N
PMT0024,kegg.compound:C01081,Thiamin monophosphate,2,kegg.reaction:R00615 | kegg.reaction:R02135,contains_N
PMT0026,kegg.compound:C00003,NAD+,1,kegg.reaction:R03191,contains_N
PMT0026,kegg.compound:C00004,NADH,1,kegg.reaction:R03191,contains_N
PMT0026,kegg.compound:C00005,NADPH,1,kegg.reaction:R03192,contains_N
PMT0026,kegg.compound:C00006,NADP+,1,kegg.reaction:R03192,contains_N
PMT0026,kegg.compound:C00080,H+,2,kegg.reaction:R03191 | kegg.reaction:R03192,no_N
PMT0026,kegg.compound:C01050,UDP-N-acetylmuramate,2,kegg.reaction:R03191 | kegg.reaction:R03192,contains_N
PMT0026,kegg.compound:C04631,UDP-N-acetyl-3-(1-carboxyvinyl)-D-glucosamine,2,kegg.reaction:R03191 | kegg.reaction:R03192,contains_N
PMT0033,kegg.compound:C00003,NAD+,2,kegg.reaction:R05681 | kegg.reaction:R05837,contains_N
PMT0033,kegg.compound:C00004,NADH,2,kegg.reaction:R05681 | kegg.reaction:R05837,contains_N
PMT0033,kegg.compound:C00011,CO2,2,kegg.reaction:R05837 | kegg.reaction:R07406,no_N
PMT0033,kegg.compound:C00080,H+,2,kegg.reaction:R05681 | kegg.reaction:R05837,no_N
PMT0033,kegg.compound:C06055,O-Phospho-4-hydroxy-L-threonine,2,kegg.reaction:R05681 | kegg.reaction:R05837,contains_N
PMT0033,kegg.compound:C07335,2-Amino-3-oxo-4-phosphonooxybutyrate,2,kegg.reaction:R05681 | kegg.reaction:R07406,contains_N
PMT0033,kegg.compound:C11638,3-Amino-2-oxopropyl phosphate,2,kegg.reaction:R05837 | kegg.reaction:R07406,contains_N
PMT0043,kegg.compound:C00003,NAD+,1,kegg.reaction:R00700,contains_N
PMT0043,kegg.compound:C00004,NADH,1,kegg.reaction:R00700,contains_N
PMT0043,kegg.compound:C00080,H+,1,kegg.reaction:R00700,no_N
PMT0043,kegg.compound:C00282,Hydrogen,1,kegg.reaction:R00700,no_N
PMT0044,kegg.compound:C00019,S-Adenosyl-L-methionine,1,kegg.reaction:R07773,contains_N
PMT0044,kegg.compound:C00021,S-Adenosyl-L-homocysteine,1,kegg.reaction:R07773,contains_N
PMT0044,kegg.compound:C11542,Cobalt-precorrin 6,1,kegg.reaction:R07773,contains_N
PMT0044,kegg.compound:C16243,Cobalt-precorrin 5B,1,kegg.reaction:R07773,contains_N
PMT0045,kegg.compound:C00001,H2O,2,kegg.reaction:R01231 | kegg.reaction:R08244,no_N
PMT0045,kegg.compound:C00002,ATP,3,kegg.reaction:R01230 | kegg.reaction:R01231 | kegg.reaction:R08244,contains_N
PMT0045,kegg.compound:C00013,Diphosphate,3,kegg.reaction:R01230 | kegg.reaction:R01231 | kegg.reaction:R08244,no_N
PMT0045,kegg.compound:C00014,Ammonia,1,kegg.reaction:R01230,contains_N
PMT0045,kegg.compound:C00020,AMP,3,kegg.reaction:R01230 | kegg.reaction:R01231 | kegg.reaction:R08244,contains_N
PMT0045,kegg.compound:C00025,L-Glutamate,2,kegg.reaction:R01231 | kegg.reaction:R08244,contains_N
PMT0045,kegg.compound:C00064,L-Glutamine,2,kegg.reaction:R01231 | kegg.reaction:R08244,contains_N
PMT0045,kegg.compound:C00144,GMP,2,kegg.reaction:R01230 | kegg.reaction:R01231,contains_N
PMT0045,kegg.compound:C00655,Xanthosine 5^-phosphate,2,kegg.reaction:R01230 | kegg.reaction:R01231,contains_N
PMT0045,kegg.compound:C16618,6-Thioxanthine 5^-monophosphate,1,kegg.reaction:R08244,contains_N
PMT0045,kegg.compound:C16619,6-Thioguanosine monophosphate,1,kegg.reaction:R08244,contains_N
PMT0050,kegg.compound:C00001,H2O,1,kegg.reaction:R05775,no_N
PMT0050,kegg.compound:C00029,UDP-glucose,1,kegg.reaction:R05775,contains_N
PMT0050,kegg.compound:C00094,Sulfite,1,kegg.reaction:R05775,no_N
PMT0050,kegg.compound:C11521,UDP-6-sulfoquinovose,1,kegg.reaction:R05775,contains_N
PMT0052,kegg.compound:C00001,H2O,1,kegg.reaction:R10247,no_N
PMT0052,kegg.compound:C11437,1-Deoxy-D-xylulose 5-phosphate,1,kegg.reaction:R10247,no_N
PMT0052,kegg.compound:C15809,Iminoglycine,1,kegg.reaction:R10247,contains_N
PMT0052,kegg.compound:C15810,Sulfur-carrier protein,1,kegg.reaction:R10247,contains_N
PMT0052,kegg.compound:C15814,Thiocarboxy-[sulfur-carrier protein],1,kegg.reaction:R10247,contains_N
PMT0052,kegg.compound:C20246,"2-[(2R,5Z)-2-Carboxy-4-methylthiazol-5(2H)-ylidene]ethyl phosphate",1,kegg.reaction:R10247,contains_N
PMT0059,kegg.compound:C00013,Diphosphate,4,kegg.reaction:R00375 | kegg.reaction:R00376 | kegg.reaction:R00377 | kegg.reaction:R00378,no_N
PMT0059,kegg.compound:C00039,DNA,4,kegg.reaction:R00375 | kegg.reaction:R00376 | kegg.reaction:R00377 | kegg.reaction:R00378,no_N
PMT0059,kegg.compound:C00131,dATP,1,kegg.reaction:R00375,contains_N
PMT0059,kegg.compound:C00286,dGTP,1,kegg.reaction:R00376,contains_N
PMT0059,kegg.compound:C00458,dCTP,1,kegg.reaction:R00377,contains_N
PMT0059,kegg.compound:C00459,dTTP,1,kegg.reaction:R00378,contains_N
PMT0065,kegg.compound:C00001,H2O,1,kegg.reaction:R10147,no_N
PMT0065,kegg.compound:C00022,Pyruvate,1,kegg.reaction:R10147,no_N
PMT0065,kegg.compound:C00441,L-Aspartate 4-semialdehyde,1,kegg.reaction:R10147,contains_N
PMT0065,kegg.compound:C20258,"(2S,4S)-4-Hydroxy-2,3,4,5-tetrahydrodipicolinate",1,kegg.reaction:R10147,contains_N
PMT0068,kegg.compound:C00001,H2O,1,kegg.reaction:R09597,no_N
PMT0068,kegg.compound:C00002,ATP,1,kegg.reaction:R09597,contains_N
PMT0068,kegg.compound:C00013,Diphosphate,1,kegg.reaction:R09597,no_N
PMT0068,kegg.compound:C00020,AMP,1,kegg.reaction:R09597,contains_N
PMT0068,kegg.compound:C00047,L-Lysine,1,kegg.reaction:R09597,contains_N
PMT0068,kegg.compound:C19722,[tRNA(Ile2)]-cytidine34,1,kegg.reaction:R09597,contains_N
PMT0068,kegg.compound:C19723,[tRNA(Ile2)]-lysidine34,1,kegg.reaction:R09597,contains_N
PMT0073,kegg.compound:C00002,ATP,1,kegg.reaction:R00480,contains_N
PMT0073,kegg.compound:C00008,ADP,1,kegg.reaction:R00480,contains_N
PMT0073,kegg.compound:C00049,L-Aspartate,1,kegg.reaction:R00480,contains_N
PMT0073,kegg.compound:C03082,4-Phospho-L-aspartate,1,kegg.reaction:R00480,contains_N
PMT0074,kegg.compound:C00013,Diphosphate,4,kegg.reaction:R00375 | kegg.reaction:R00376 | kegg.reaction:R00377 | kegg.reaction:R00378,no_N
PMT0074,kegg.compound:C00039,DNA,4,kegg.reaction:R00375 | kegg.reaction:R00376 | kegg.reaction:R00377 | kegg.reaction:R00378,no_N
PMT0074,kegg.compound:C00131,dATP,1,kegg.reaction:R00375,contains_N
PMT0074,kegg.compound:C00286,dGTP,1,kegg.reaction:R00376,contains_N
PMT0074,kegg.compound:C00458,dCTP,1,kegg.reaction:R00377,contains_N
PMT0074,kegg.compound:C00459,dTTP,1,kegg.reaction:R00378,contains_N
PMT0075,kegg.compound:C05773,Cobyrinate,1,kegg.reaction:R05814,contains_N
PMT0075,kegg.compound:C06399,Hydrogenobyrinate,1,kegg.reaction:R05177,contains_N
PMT0075,kegg.compound:C06408,Precorrin 8X,1,kegg.reaction:R05177,contains_N
PMT0075,kegg.compound:C11545,Cobalt-precorrin 8,1,kegg.reaction:R05814,contains_N
PMT0081,kegg.compound:C00001,H2O,1,kegg.reaction:R04457,no_N
PMT0081,kegg.compound:C00009,Orthophosphate,1,kegg.reaction:R04457,no_N
PMT0081,kegg.compound:C04332,"6,7-Dimethyl-8-(D-ribityl)lumazine",1,kegg.reaction:R04457,contains_N
PMT0081,kegg.compound:C04732,5-Amino-6-(1-D-ribitylamino)uracil,1,kegg.reaction:R04457,contains_N
PMT0081,kegg.compound:C15556,"L-3,4-Dihydroxybutan-2-one 4-phosphate",1,kegg.reaction:R04457,no_N
PMT0099,kegg.compound:C00025,L-Glutamate,1,kegg.reaction:R04558,contains_N
PMT0099,kegg.compound:C00064,L-Glutamine,1,kegg.reaction:R04558,contains_N
PMT0099,kegg.compound:C04666,D-erythro-1-(Imidazol-4-yl)glycerol 3-phosphate,1,kegg.reaction:R04558,contains_N
PMT0099,kegg.compound:C04677,1-(5^-Phosphoribosyl)-5-amino-4-imidazolecarboxamide,1,kegg.reaction:R04558,contains_N
PMT0099,kegg.compound:C04916,N-(5^-Phospho-D-1^-ribulosylformimino)-5-amino-1-(5^^-phospho-D-ribosyl)-4-imidazolecarboxamide,1,kegg.reaction:R04558,contains_N
PMT0100,kegg.compound:C00025,L-Glutamate,1,kegg.reaction:R04558,contains_N
PMT0100,kegg.compound:C00064,L-Glutamine,1,kegg.reaction:R04558,contains_N
PMT0100,kegg.compound:C04666,D-erythro-1-(Imidazol-4-yl)glycerol 3-phosphate,1,kegg.reaction:R04558,contains_N
PMT0100,kegg.compound:C04677,1-(5^-Phosphoribosyl)-5-amino-4-imidazolecarboxamide,1,kegg.reaction:R04558,contains_N
PMT0100,kegg.compound:C04916,N-(5^-Phospho-D-1^-ribulosylformimino)-5-amino-1-(5^^-phospho-D-ribosyl)-4-imidazolecarboxamide,1,kegg.reaction:R04558,contains_N
PMT0103,kegg.compound:C00430,5-Aminolevulinate,1,kegg.reaction:R02272,contains_N
PMT0103,kegg.compound:C03741,(S)-4-Amino-5-oxopentanoate,1,kegg.reaction:R02272,contains_N
PMT0106,kegg.compound:C00001,H2O,2,kegg.reaction:R01804 | kegg.reaction:R04435,no_N
PMT0106,kegg.compound:C00009,Orthophosphate,2,kegg.reaction:R01804 | kegg.reaction:R04435,no_N
PMT0106,kegg.compound:C00074,Phosphoenolpyruvate,2,kegg.reaction:R01804 | kegg.reaction:R04435,no_N
PMT0106,kegg.compound:C00270,N-Acetylneuraminate,1,kegg.reaction:R01804,contains_N
PMT0106,kegg.compound:C00645,N-Acetyl-D-mannosamine,1,kegg.reaction:R01804,contains_N
PMT0106,kegg.compound:C04257,N-Acetyl-D-mannosamine 6-phosphate,1,kegg.reaction:R04435,contains_N
PMT0106,kegg.compound:C06241,N-Acetylneuraminate 9-phosphate,1,kegg.reaction:R04435,contains_N
PMT0112,kegg.compound:C00013,Diphosphate,1,kegg.reaction:R02328,no_N
PMT0112,kegg.compound:C00103,D-Glucose 1-phosphate,1,kegg.reaction:R02328,no_N
PMT0112,kegg.compound:C00459,dTTP,1,kegg.reaction:R02328,contains_N
PMT0112,kegg.compound:C00842,dTDP-glucose,1,kegg.reaction:R02328,contains_N
PMT0113,kegg.compound:C00688,dTDP-4-dehydro-beta-L-rhamnose,1,kegg.reaction:R06514,contains_N
PMT0113,kegg.compound:C11907,dTDP-4-oxo-6-deoxy-D-glucose,1,kegg.reaction:R06514,contains_N
PMT0114,kegg.compound:C00005,NADPH,1,kegg.reaction:R02777,contains_N
PMT0114,kegg.compound:C00006,NADP+,1,kegg.reaction:R02777,contains_N
PMT0114,kegg.compound:C00080,H+,1,kegg.reaction:R02777,no_N
PMT0114,kegg.compound:C00688,dTDP-4-dehydro-beta-L-rhamnose,1,kegg.reaction:R02777,contains_N
PMT0114,kegg.compound:C03319,dTDP-L-rhamnose,1,kegg.reaction:R02777,contains_N
PMT0117,kegg.compound:C00010,CoA,1,kegg.reaction:R00586,contains_N
PMT0117,kegg.compound:C00024,Acetyl-CoA,1,kegg.reaction:R00586,contains_N
PMT0117,kegg.compound:C00065,L-Serine,1,kegg.reaction:R00586,contains_N
PMT0117,kegg.compound:C00979,O-Acetyl-L-serine,1,kegg.reaction:R00586,contains_N
PMT0120,kegg.compound:C00013,Diphosphate,1,kegg.reaction:R01122,no_N
PMT0120,kegg.compound:C00235,Dimethylallyl diphosphate,1,kegg.reaction:R01122,no_N
PMT0120,kegg.compound:C04432,tRNA containing 6-isopentenyladenosine,1,kegg.reaction:R01122,contains_N
PMT0120,kegg.compound:C17324,tRNA adenine,1,kegg.reaction:R01122,contains_N
PMT0125,kegg.compound:C00001,H2O,3,kegg.reaction:R00274 | kegg.reaction:R07034 | kegg.reaction:R07035,no_N
PMT0125,kegg.compound:C00027,Hydrogen peroxide,1,kegg.reaction:R00274,no_N
PMT0125,kegg.compound:C00051,Glutathione,3,kegg.reaction:R00274 | kegg.reaction:R07034 | kegg.reaction:R07035,contains_N
PMT0125,kegg.compound:C00127,Glutathione disulfide,3,kegg.reaction:R00274 | kegg.reaction:R07034 | kegg.reaction:R07035,contains_N
PMT0125,kegg.compound:C04742,"(15S)-15-Hydroxy-5,8,11-cis-13-trans-eicosatetraenoate",1,kegg.reaction:R07035,no_N
PMT0125,kegg.compound:C04805,5(S)-HETE,1,kegg.reaction:R07034,no_N
PMT0125,kegg.compound:C05356,5(S)-HPETE,1,kegg.reaction:R07034,no_N
PMT0125,kegg.compound:C05966,15(S)-HPETE,1,kegg.reaction:R07035,no_N
PMT0136,kegg.compound:C00002,ATP,3,kegg.reaction:R00760 | kegg.reaction:R00867 | kegg.reaction:R03920,contains_N
PMT0136,kegg.compound:C00008,ADP,3,kegg.reaction:R00760 | kegg.reaction:R00867 | kegg.reaction:R03920,contains_N
PMT0136,kegg.compound:C00085,D-Fructose 6-phosphate,1,kegg.reaction:R00760,no_N
PMT0136,kegg.compound:C00095,D-Fructose,2,kegg.reaction:R00760 | kegg.reaction:R00867,no_N
PMT0136,kegg.compound:C02336,beta-D-Fructose,1,kegg.reaction:R03920,no_N
PMT0136,kegg.compound:C05345,beta-D-Fructose 6-phosphate,2,kegg.reaction:R00867 | kegg.reaction:R03920,no_N
PMT0175,kegg.compound:C00019,S-Adenosyl-L-methionine,1,kegg.reaction:R10652,contains_N
PMT0175,kegg.compound:C00021,S-Adenosyl-L-homocysteine,1,kegg.reaction:R10652,contains_N
PMT0175,kegg.compound:C00028,Acceptor,1,kegg.reaction:R10652,no_formula
PMT0175,kegg.compound:C00030,Reduced acceptor,1,kegg.reaction:R10652,no_formula
PMT0175,kegg.compound:C00073,L-Methionine,1,kegg.reaction:R10652,contains_N
PMT0175,kegg.compound:C05198,5^-Deoxyadenosine,1,kegg.reaction:R10652,contains_N
PMT0175,kegg.compound:C17023,Sulfur donor,1,kegg.reaction:R10652,no_formula
PMT0175,kegg.compound:C20756,[Ribosomal protein uS12]-L-aspartate,1,kegg.reaction:R10652,contains_N
PMT0175,kegg.compound:C20758,[Ribosomal protein uS12]-3-methylthioaspartate,1,kegg.reaction:R10652,contains_N
PMT0180,kegg.compound:C00001,H2O,1,kegg.reaction:R05627,no_N
PMT0180,kegg.compound:C00009,Orthophosphate,1,kegg.reaction:R05627,no_N
PMT0180,kegg.compound:C04574,"di-trans,poly-cis-Undecaprenyl diphosphate",1,kegg.reaction:R05627,no_N
PMT0180,kegg.compound:C17556,"di-trans,poly-cis-Undecaprenyl phosphate",1,kegg.reaction:R05627,no_N
PMT0183,kegg.compound:C00001,H2O,3,kegg.reaction:R01185 | kegg.reaction:R01186 | kegg.reaction:R01187,no_N
PMT0183,kegg.compound:C00009,Orthophosphate,3,kegg.reaction:R01185 | kegg.reaction:R01186 | kegg.reaction:R01187,no_N
PMT0183,kegg.compound:C00137,myo-Inositol,3,kegg.reaction:R01185 | kegg.reaction:R01186 | kegg.reaction:R01187,no_N
PMT0183,kegg.compound:C01177,Inositol 1-phosphate,1,kegg.reaction:R01185,no_N
PMT0183,kegg.compound:C03546,myo-Inositol 4-phosphate,1,kegg.reaction:R01186,no_N
PMT0183,kegg.compound:C04006,1D-myo-Inositol 3-phosphate,1,kegg.reaction:R01187,no_N
PMT0184,kegg.compound:C00001,H2O,1,kegg.reaction:R07395,no_N
PMT0184,kegg.compound:C00009,Orthophosphate,1,kegg.reaction:R07395,no_N
PMT0184,kegg.compound:C15606,"1,2-Dihydroxy-5-(methylthio)pent-1-en-3-one",1,kegg.reaction:R07395,no_N
PMT0184,kegg.compound:C15650,"2,3-Diketo-5-methylthiopentyl-1-phosphate",1,kegg.reaction:R07395,no_N
PMT0185,kegg.compound:C00001,H2O,1,kegg.reaction:R07392,no_N
PMT0185,kegg.compound:C04582,S-Methyl-5-thio-D-ribulose 1-phosphate,1,kegg.reaction:R07392,no_N
PMT0185,kegg.compound:C15650,"2,3-Diketo-5-methylthiopentyl-1-phosphate",1,kegg.reaction:R07392,no_N
PMT0191,kegg.compound:C00001,H2O,38,kegg.reaction:R00264 | kegg.reaction:R00631 | kegg.reaction:R00710 | kegg.reaction:R00711 | kegg.reaction:R00904 | kegg.reaction:R01752 | kegg.reaction:R01986 | kegg.reaction:R02536 | kegg.reaction:R02537 | kegg.reaction:R02549 | kegg.reaction:R02678 | kegg.reaction:R02695 | kegg.reaction:R02697 | kegg.reaction:R02940 | kegg.reaction:R02957 | kegg.reaction:R03283 | kegg.reaction:R03300 | kegg.reaction:R03302 | kegg.reaction:R03869 | kegg.reaction:R04065 | kegg.reaction:R04506 | kegg.reaction:R04882 | kegg.reaction:R04883 | kegg.reaction:R04888 | kegg.reaction:R04889 | kegg.reaction:R04891 | kegg.reaction:R04892 | kegg.reaction:R04903 | kegg.reaction:R04996 | kegg.reaction:R05050 | kegg.reaction:R05237 | kegg.reaction:R05238 | kegg.reaction:R05286 | kegg.reaction:R06366 | kegg.reaction:R08146 | kegg.reaction:R08282 | kegg.reaction:R08283 | kegg.reaction:R08307,no_N
PMT0191,kegg.compound:C00003,NAD+,27,kegg.reaction:R00631 | kegg.reaction:R00710 | kegg.reaction:R00904 | kegg.reaction:R01752 | kegg.reaction:R02536 | kegg.reaction:R02549 | kegg.reaction:R02678 | kegg.reaction:R02695 | kegg.reaction:R02940 | kegg.reaction:R02957 | kegg.reaction:R03283 | kegg.reaction:R03300 | kegg.reaction:R03869 | kegg.reaction:R04065 | kegg.reaction:R04506 | kegg.reaction:R04882 | kegg.reaction:R04888 | kegg.reaction:R04891 | kegg.reaction:R04903 | kegg.reaction:R04996 | kegg.reaction:R05050 | kegg.reaction:R05286 | kegg.reaction:R06366 | kegg.reaction:R07104 | kegg.reaction:R08146 | kegg.reaction:R08282 | kegg.reaction:R08307,contains_N
PMT0191,kegg.compound:C00004,NADH,27,kegg.reaction:R00631 | kegg.reaction:R00710 | kegg.reaction:R00904 | kegg.reaction:R01752 | kegg.reaction:R02536 | kegg.reaction:R02549 | kegg.reaction:R02678 | kegg.reaction:R02695 | kegg.reaction:R02940 | kegg.reaction:R02957 | kegg.reaction:R03283 | kegg.reaction:R03300 | kegg.reaction:R03869 | kegg.reaction:R04065 | kegg.reaction:R04506 | kegg.reaction:R04882 | kegg.reaction:R04888 | kegg.reaction:R04891 | kegg.reaction:R04903 | kegg.reaction:R04996 | kegg.reaction:R05050 | kegg.reaction:R05286 | kegg.reaction:R06366 | kegg.reaction:R07104 | kegg.reaction:R08146 | kegg.reaction:R08282 | kegg.reaction:R08307,contains_N
PMT0191,kegg.compound:C00005,NADPH,10,kegg.reaction:R00264 | kegg.reaction:R00711 | kegg.reaction:R01986 | kegg.reaction:R02537 | kegg.reaction:R02697 | kegg.reaction:R03302 | kegg.reaction:R04883 | kegg.reaction:R04889 | kegg.reaction:R04892 | kegg.reaction:R08283,contains_N
PMT0191,kegg.compound:C00006,NADP+,10,kegg.reaction:R00264 | kegg.reaction:R00711 | kegg.reaction:R01986 | kegg.reaction:R02537 | kegg.reaction:R02697 | kegg.reaction:R03302 | kegg.reaction:R04883 | kegg.reaction:R04889 | kegg.reaction:R04892 | kegg.reaction:R08283,contains_N
PMT0191,kegg.compound:C00026,2-Oxoglutarate,1,kegg.reaction:R00264,no_N
PMT0191,kegg.compound:C00033,Acetate,2,kegg.reaction:R00710 | kegg.reaction:R00711,no_N
PMT0191,kegg.compound:C00071,Aldehyde,1,kegg.reaction:R00631,no_N
PMT0191,kegg.compound:C00080,H+,39,kegg.reaction:R00264 | kegg.reaction:R00631 | kegg.reaction:R00710 | kegg.reaction:R00711 | kegg.reaction:R00904 | kegg.reaction:R01752 | kegg.reaction:R01986 | kegg.reaction:R02536 | kegg.reaction:R02537 | kegg.reaction:R02549 | kegg.reaction:R02678 | kegg.reaction:R02695 | kegg.reaction:R02697 | kegg.reaction:R02940 | kegg.reaction:R02957 | kegg.reaction:R03283 | kegg.reaction:R03300 | kegg.reaction:R03302 | kegg.reaction:R03869 | kegg.reaction:R04065 | kegg.reaction:R04506 | kegg.reaction:R04882 | kegg.reaction:R04883 | kegg.reaction:R04888 | kegg.reaction:R04889 | kegg.reaction:R04891 | kegg.reaction:R04892 | kegg.reaction:R04903 | kegg.reaction:R04996 | kegg.reaction:R05050 | kegg.reaction:R05237 | kegg.reaction:R05238 | kegg.reaction:R05286 | kegg.reaction:R06366 | kegg.reaction:R07104 | kegg.reaction:R08146 | kegg.reaction:R08282 | kegg.reaction:R08283 | kegg.reaction:R08307,no_N
PMT0191,kegg.compound:C00084,Acetaldehyde,2,kegg.reaction:R00710 | kegg.reaction:R00711,no_N
PMT0191,kegg.compound:C00099,beta-Alanine,1,kegg.reaction:R00904,contains_N
PMT0191,kegg.compound:C00162,Fatty acid,1,kegg.reaction:R00631,no_N
PMT0191,kegg.compound:C00258,D-Glycerate,1,kegg.reaction:R01752,no_N
PMT0191,kegg.compound:C00334,4-Aminobutanoate,2,kegg.reaction:R01986 | kegg.reaction:R02549,contains_N
PMT0191,kegg.compound:C00433,"2,5-Dioxopentanoate",1,kegg.reaction:R00264,no_N
PMT0191,kegg.compound:C00555,4-Aminobutyraldehyde,2,kegg.reaction:R01986 | kegg.reaction:R02549,contains_N
PMT0191,kegg.compound:C00577,D-Glyceraldehyde,1,kegg.reaction:R01752,no_N
PMT0191,kegg.compound:C00601,Phenylacetaldehyde,2,kegg.reaction:R02536 | kegg.reaction:R02537,no_N
PMT0191,kegg.compound:C00637,Indole-3-acetaldehyde,1,kegg.reaction:R02678,contains_N
PMT0191,kegg.compound:C00642,4-Hydroxyphenylacetate,2,kegg.reaction:R02695 | kegg.reaction:R02697,no_N
PMT0191,kegg.compound:C00804,Propynoate,1,kegg.reaction:R02940,no_N
PMT0191,kegg.compound:C00818,D-Glucarate,1,kegg.reaction:R02957,no_N
PMT0191,kegg.compound:C00954,Indole-3-acetate,1,kegg.reaction:R02678,contains_N
PMT0191,kegg.compound:C01149,4-Trimethylammoniobutanal,1,kegg.reaction:R03283,contains_N
PMT0191,kegg.compound:C01161,"3,4-Dihydroxyphenylacetate",2,kegg.reaction:R03300 | kegg.reaction:R03302,no_N
PMT0191,kegg.compound:C01181,4-Trimethylammoniobutanoate,1,kegg.reaction:R03283,contains_N
PMT0191,kegg.compound:C02170,Methylmalonate,1,kegg.reaction:R03869,no_N
PMT0191,kegg.compound:C02576,Perillyl aldehyde,1,kegg.reaction:R06366,no_N
PMT0191,kegg.compound:C02670,D-Glucuronolactone,1,kegg.reaction:R02957,no_N
PMT0191,kegg.compound:C02835,Imidazole-4-acetate,1,kegg.reaction:R04065,contains_N
PMT0191,kegg.compound:C02946,4-Acetamidobutanoate,1,kegg.reaction:R05050,contains_N
PMT0191,kegg.compound:C03461,"2-trans,6-trans-Farnesal",1,kegg.reaction:R08146,no_N
PMT0191,kegg.compound:C03765,4-Hydroxyphenylacetaldehyde,2,kegg.reaction:R02695 | kegg.reaction:R02697,no_N
PMT0191,kegg.compound:C04043,"3,4-Dihydroxyphenylacetaldehyde",2,kegg.reaction:R03300 | kegg.reaction:R03302,no_N
PMT0191,kegg.compound:C04554,"3alpha,7alpha-Dihydroxy-5beta-cholestanate",1,kegg.reaction:R04506,no_N
PMT0191,kegg.compound:C05130,Imidazole-4-acetaldehyde,1,kegg.reaction:R04065,contains_N
PMT0191,kegg.compound:C05445,"3alpha,7alpha-Dihydroxy-5beta-cholestan-26-al",1,kegg.reaction:R04506,no_N
PMT0191,kegg.compound:C05577,"3,4-Dihydroxymandelaldehyde",2,kegg.reaction:R04882 | kegg.reaction:R04883,no_N
PMT0191,kegg.compound:C05580,"3,4-Dihydroxymandelate",2,kegg.reaction:R04882 | kegg.reaction:R04883,no_N
PMT0191,kegg.compound:C05581,3-Methoxy-4-hydroxyphenylacetaldehyde,2,kegg.reaction:R04888 | kegg.reaction:R04889,no_N
PMT0191,kegg.compound:C05582,Homovanillate,2,kegg.reaction:R04888 | kegg.reaction:R04889,no_N
PMT0191,kegg.compound:C05583,3-Methoxy-4-hydroxyphenylglycolaldehyde,2,kegg.reaction:R04891 | kegg.reaction:R04892,no_N
PMT0191,kegg.compound:C05584,3-Methoxy-4-hydroxymandelate,2,kegg.reaction:R04891 | kegg.reaction:R04892,no_N
PMT0191,kegg.compound:C05634,5-Hydroxyindoleacetaldehyde,1,kegg.reaction:R04903,contains_N
PMT0191,kegg.compound:C05635,5-Hydroxyindoleacetate,1,kegg.reaction:R04903,contains_N
PMT0191,kegg.compound:C05665,3-Aminopropanal,1,kegg.reaction:R00904,contains_N
PMT0191,kegg.compound:C05827,Methylimidazole acetaldehyde,1,kegg.reaction:R04996,contains_N
PMT0191,kegg.compound:C05828,Methylimidazoleacetic acid,1,kegg.reaction:R04996,contains_N
PMT0191,kegg.compound:C05936,N4-Acetylaminobutanal,1,kegg.reaction:R05050,contains_N
PMT0191,kegg.compound:C05985,2-Propynal,1,kegg.reaction:R02940,no_N
PMT0191,kegg.compound:C06002,(S)-Methylmalonate semialdehyde,1,kegg.reaction:R03869,no_N
PMT0191,kegg.compound:C06613,trans-3-Chloroallyl aldehyde,1,kegg.reaction:R05237,no_N
PMT0191,kegg.compound:C06614,trans-3-Chloroacrylic acid,1,kegg.reaction:R05237,no_N
PMT0191,kegg.compound:C06615,cis-3-Chloroacrylic acid,1,kegg.reaction:R05238,no_N
PMT0191,kegg.compound:C06754,Chloroacetaldehyde,1,kegg.reaction:R05286,no_N
PMT0191,kegg.compound:C06755,Chloroacetic acid,1,kegg.reaction:R05286,no_N
PMT0191,kegg.compound:C06899,Chloral hydrate,1,kegg.reaction:R07104,no_N
PMT0191,kegg.compound:C07086,Phenylacetic acid,2,kegg.reaction:R02536 | kegg.reaction:R02537,no_N
PMT0191,kegg.compound:C07645,Aldophosphamide,2,kegg.reaction:R08282 | kegg.reaction:R08283,contains_N
PMT0191,kegg.compound:C07646,Carboxyphosphamide,2,kegg.reaction:R08282 | kegg.reaction:R08283,contains_N
PMT0191,kegg.compound:C11150,Trichloroacetate,1,kegg.reaction:R07104,no_N
PMT0191,kegg.compound:C11924,Perillic acid,1,kegg.reaction:R06366,no_N
PMT0191,kegg.compound:C16348,cis-3-Chloroallyl aldehyde,1,kegg.reaction:R05238,no_N
PMT0191,kegg.compound:C16502,Farnesoic acid,1,kegg.reaction:R08146,no_N
PMT0191,kegg.compound:C16587,3-Carbamoyl-2-phenylpropionaldehyde,1,kegg.reaction:R08307,contains_N
PMT0191,kegg.compound:C16591,3-Carbamoyl-2-phenylpropionic acid,1,kegg.reaction:R08307,contains_N
PMT0195,kegg.compound:C00001,H2O,1,kegg.reaction:R03084,no_N
PMT0195,kegg.compound:C00944,3-Dehydroquinate,1,kegg.reaction:R03084,no_N
PMT0195,kegg.compound:C02637,3-Dehydroshikimate,1,kegg.reaction:R03084,no_N
PMT0197,kegg.compound:C00007,Oxygen,2,kegg.reaction:R07363 | kegg.reaction:R07364,no_N
PMT0197,kegg.compound:C00058,Formate,2,kegg.reaction:R07363 | kegg.reaction:R07364,no_N
PMT0197,kegg.compound:C00237,CO,1,kegg.reaction:R07363,no_N
PMT0197,kegg.compound:C01180,4-Methylthio-2-oxobutanoic acid,1,kegg.reaction:R07364,no_N
PMT0197,kegg.compound:C08276,3-(Methylthio)propanoate,1,kegg.reaction:R07363,no_N
PMT0197,kegg.compound:C15606,"1,2-Dihydroxy-5-(methylthio)pent-1-en-3-one",2,kegg.reaction:R07363 | kegg.reaction:R07364,no_N
PMT0198,kegg.compound:C00019,S-Adenosyl-L-methionine,2,kegg.reaction:R03948 | kegg.reaction:R05808,contains_N
PMT0198,kegg.compound:C00021,S-Adenosyl-L-homocysteine,2,kegg.reaction:R03948 | kegg.reaction:R05808,contains_N
PMT0198,kegg.compound:C00080,H+,1,kegg.reaction:R03948,no_N
PMT0198,kegg.compound:C02463,Precorrin 2,1,kegg.reaction:R03948,contains_N
PMT0198,kegg.compound:C05772,Precorrin 3A,1,kegg.reaction:R03948,contains_N
PMT0198,kegg.compound:C11538,Cobalt-sirohydrochlorin,1,kegg.reaction:R05808,contains_N
PMT0198,kegg.compound:C17401,Cobalt-factor III,1,kegg.reaction:R05808,contains_N
PMT0208,kegg.compound:C00003,NAD+,2,kegg.reaction:R01248 | kegg.reaction:R03291,contains_N
PMT0208,kegg.compound:C00004,NADH,2,kegg.reaction:R01248 | kegg.reaction:R03291,contains_N
PMT0208,kegg.compound:C00005,NADPH,2,kegg.reaction:R01251 | kegg.reaction:R03293,contains_N
PMT0208,kegg.compound:C00006,NADP+,2,kegg.reaction:R01251 | kegg.reaction:R03293,contains_N
PMT0208,kegg.compound:C00080,H+,4,kegg.reaction:R01248 | kegg.reaction:R01251 | kegg.reaction:R03291 | kegg.reaction:R03293,no_N
PMT0208,kegg.compound:C00148,L-Proline,2,kegg.reaction:R01248 | kegg.reaction:R01251,contains_N
PMT0208,kegg.compound:C01157,Hydroxyproline,2,kegg.reaction:R03291 | kegg.reaction:R03293,contains_N
PMT0208,kegg.compound:C03912,(S)-1-Pyrroline-5-carboxylate,2,kegg.reaction:R01248 | kegg.reaction:R01251,contains_N
PMT0208,kegg.compound:C04281,L-1-Pyrroline-3-hydroxy-5-carboxylate,2,kegg.reaction:R03291 | kegg.reaction:R03293,contains_N
PMT0212,kegg.compound:C00084,Acetaldehyde,1,kegg.reaction:R01066,no_N
PMT0212,kegg.compound:C00118,D-Glyceraldehyde 3-phosphate,1,kegg.reaction:R01066,no_N
PMT0212,kegg.compound:C00673,2-Deoxy-D-ribose 5-phosphate,1,kegg.reaction:R01066,no_N
PMT0214,kegg.compound:C00229,Acyl-carrier protein,2,kegg.reaction:R07766 | kegg.reaction:R07769,no_N
PMT0214,kegg.compound:C05752,Octanoyl-[acp],1,kegg.reaction:R07766,no_N
PMT0214,kegg.compound:C16236,[Protein]-N6-(octanoyl)-L-lysine,1,kegg.reaction:R07766,contains_N
PMT0214,kegg.compound:C16237,Protein N6-(lipoyl)lysine,1,kegg.reaction:R07769,contains_N
PMT0214,kegg.compound:C16239,Lipoyl-[acp],1,kegg.reaction:R07769,no_N
PMT0214,kegg.compound:C16240,[Lipoyl-carrier protein]-L-lysine,2,kegg.reaction:R07766 | kegg.reaction:R07769,contains_N
PMT0220,kegg.compound:C00003,NAD+,1,kegg.reaction:R00209,contains_N
PMT0220,kegg.compound:C00004,NADH,1,kegg.reaction:R00209,contains_N
PMT0220,kegg.compound:C00010,CoA,2,kegg.reaction:R00209 | kegg.reaction:R02569,contains_N
PMT0220,kegg.compound:C00011,CO2,1,kegg.reaction:R00209,no_N
PMT0220,kegg.compound:C00022,Pyruvate,1,kegg.reaction:R00209,no_N
PMT0220,kegg.compound:C00024,Acetyl-CoA,2,kegg.reaction:R00209 | kegg.reaction:R02569,contains_N
PMT0220,kegg.compound:C00080,H+,1,kegg.reaction:R00209,no_N
PMT0220,kegg.compound:C15973,Enzyme N6-(dihydrolipoyl)lysine,1,kegg.reaction:R02569,contains_N
PMT0220,kegg.compound:C16255,[Dihydrolipoyllysine-residue acetyltransferase] S-acetyldihydrolipoyllysine,1,kegg.reaction:R02569,contains_N
PMT0224,kegg.compound:C00033,Acetate,3,kegg.reaction:R00897 | kegg.reaction:R03601 | kegg.reaction:R04859,no_N
PMT0224,kegg.compound:C00080,H+,1,kegg.reaction:R04859,no_N
PMT0224,kegg.compound:C00094,Sulfite,1,kegg.reaction:R04859,no_N
PMT0224,kegg.compound:C00097,L-Cysteine,2,kegg.reaction:R00897 | kegg.reaction:R04859,contains_N
PMT0224,kegg.compound:C00283,Hydrogen sulfide,1,kegg.reaction:R00897,no_N
PMT0224,kegg.compound:C00320,Thiosulfate,1,kegg.reaction:R04859,no_N
PMT0224,kegg.compound:C00342,Thioredoxin,1,kegg.reaction:R04859,contains_N
PMT0224,kegg.compound:C00343,Thioredoxin disulfide,1,kegg.reaction:R04859,contains_N
PMT0224,kegg.compound:C00979,O-Acetyl-L-serine,3,kegg.reaction:R00897 | kegg.reaction:R03601 | kegg.reaction:R04859,contains_N
PMT0224,kegg.compound:C01528,Hydrogen selenide,1,kegg.reaction:R03601,no_N
PMT0224,kegg.compound:C05688,L-Selenocysteine,1,kegg.reaction:R03601,contains_N
PMT0225,kegg.compound:C00001,H2O,1,kegg.reaction:R00999,no_N
PMT0225,kegg.compound:C00009,Orthophosphate,1,kegg.reaction:R04944,no_N
PMT0225,kegg.compound:C00014,Ammonia,1,kegg.reaction:R00999,contains_N
PMT0225,kegg.compound:C00033,Acetate,2,kegg.reaction:R03217 | kegg.reaction:R04945,no_N
PMT0225,kegg.compound:C00042,Succinate,5,kegg.reaction:R00999 | kegg.reaction:R01288 | kegg.reaction:R02508 | kegg.reaction:R03260 | kegg.reaction:R04946,no_N
PMT0225,kegg.compound:C00097,L-Cysteine,3,kegg.reaction:R02508 | kegg.reaction:R03217 | kegg.reaction:R03260,contains_N
PMT0225,kegg.compound:C00109,2-Oxobutanoate,1,kegg.reaction:R00999,no_N
PMT0225,kegg.compound:C00155,L-Homocysteine,1,kegg.reaction:R01288,contains_N
PMT0225,kegg.compound:C00283,Hydrogen sulfide,1,kegg.reaction:R01288,no_N
PMT0225,kegg.compound:C00542,Cystathionine,1,kegg.reaction:R02508,contains_N
PMT0225,kegg.compound:C01077,O-Acetyl-L-homoserine,2,kegg.reaction:R03217 | kegg.reaction:R04945,contains_N
PMT0225,kegg.compound:C01118,O-Succinyl-L-homoserine,5,kegg.reaction:R00999 | kegg.reaction:R01288 | kegg.reaction:R02508 | kegg.reaction:R03260 | kegg.reaction:R04946,contains_N
PMT0225,kegg.compound:C02291,L-Cystathionine,2,kegg.reaction:R03217 | kegg.reaction:R03260,contains_N
PMT0225,kegg.compound:C05688,L-Selenocysteine,3,kegg.reaction:R04944 | kegg.reaction:R04945 | kegg.reaction:R04946,contains_N
PMT0225,kegg.compound:C05699,L-Selenocystathionine,3,kegg.reaction:R04944 | kegg.reaction:R04945 | kegg.reaction:R04946,contains_N
PMT0225,kegg.compound:C05702,O-Phosphorylhomoserine,1,kegg.reaction:R04944,contains_N
PMT0226,kegg.compound:C00001,H2O,7,kegg.reaction:R00782 | kegg.reaction:R00999 | kegg.reaction:R01001 | kegg.reaction:R02408 | kegg.reaction:R04770 | kegg.reaction:R04930 | kegg.reaction:R09366,no_N
PMT0226,kegg.compound:C00009,Orthophosphate,1,kegg.reaction:R04944,no_N
PMT0226,kegg.compound:C00014,Ammonia,7,kegg.reaction:R00782 | kegg.reaction:R00999 | kegg.reaction:R01001 | kegg.reaction:R02408 | kegg.reaction:R04770 | kegg.reaction:R04930 | kegg.reaction:R09366,contains_N
PMT0226,kegg.compound:C00022,Pyruvate,3,kegg.reaction:R00782 | kegg.reaction:R02408 | kegg.reaction:R09366,no_N
PMT0226,kegg.compound:C00033,Acetate,2,kegg.reaction:R03217 | kegg.reaction:R04945,no_N
PMT0226,kegg.compound:C00042,Succinate,5,kegg.reaction:R00999 | kegg.reaction:R01288 | kegg.reaction:R02508 | kegg.reaction:R03260 | kegg.reaction:R04946,no_N
PMT0226,kegg.compound:C00097,L-Cysteine,5,kegg.reaction:R00782 | kegg.reaction:R01001 | kegg.reaction:R02508 | kegg.reaction:R03217 | kegg.reaction:R03260,contains_N
PMT0226,kegg.compound:C00109,2-Oxobutanoate,4,kegg.reaction:R00999 | kegg.reaction:R01001 | kegg.reaction:R04770 | kegg.reaction:R04930,no_N
PMT0226,kegg.compound:C00155,L-Homocysteine,1,kegg.reaction:R01288,contains_N
PMT0226,kegg.compound:C00283,Hydrogen sulfide,2,kegg.reaction:R00782 | kegg.reaction:R01288,no_N
PMT0226,kegg.compound:C00491,L-Cystine,1,kegg.reaction:R02408,contains_N
PMT0226,kegg.compound:C00542,Cystathionine,1,kegg.reaction:R02508,contains_N
PMT0226,kegg.compound:C01077,O-Acetyl-L-homoserine,2,kegg.reaction:R03217 | kegg.reaction:R04945,contains_N
PMT0226,kegg.compound:C01118,O-Succinyl-L-homoserine,5,kegg.reaction:R00999 | kegg.reaction:R01288 | kegg.reaction:R02508 | kegg.reaction:R03260 | kegg.reaction:R04946,contains_N
PMT0226,kegg.compound:C01962,Thiocysteine,1,kegg.reaction:R02408,contains_N
PMT0226,kegg.compound:C02291,L-Cystathionine,3,kegg.reaction:R01001 | kegg.reaction:R03217 | kegg.reaction:R03260,contains_N
PMT0226,kegg.compound:C05335,L-Selenomethionine,1,kegg.reaction:R04770,contains_N
PMT0226,kegg.compound:C05688,L-Selenocysteine,4,kegg.reaction:R04930 | kegg.reaction:R04944 | kegg.reaction:R04945 | kegg.reaction:R04946,contains_N
PMT0226,kegg.compound:C05689,Se-Methyl-L-selenocysteine,1,kegg.reaction:R09366,contains_N
PMT0226,kegg.compound:C05699,L-Selenocystathionine,4,kegg.reaction:R04930 | kegg.reaction:R04944 | kegg.reaction:R04945 | kegg.reaction:R04946,contains_N
PMT0226,kegg.compound:C05702,O-Phosphorylhomoserine,1,kegg.reaction:R04944,contains_N
PMT0226,kegg.compound:C05703,Methaneselenol,2,kegg.reaction:R04770 | kegg.reaction:R09366,no_N
PMT0233,kegg.compound:C05557,Isopenicillin N,1,kegg.reaction:R04147,contains_N
PMT0233,kegg.compound:C06564,Penicillin N,1,kegg.reaction:R04147,contains_N
PMT0255,kegg.compound:C00007,Oxygen,1,kegg.reaction:R00360,no_N
PMT0255,kegg.compound:C00016,FAD,1,kegg.reaction:R01257,contains_N
PMT0255,kegg.compound:C00027,Hydrogen peroxide,1,kegg.reaction:R00360,no_N
PMT0255,kegg.compound:C00036,Oxaloacetate,3,kegg.reaction:R00360 | kegg.reaction:R00361 | kegg.reaction:R01257,no_N
PMT0255,kegg.compound:C00149,(S)-Malate,3,kegg.reaction:R00360 | kegg.reaction:R00361 | kegg.reaction:R01257,no_N
PMT0255,kegg.compound:C01352,FADH2,1,kegg.reaction:R01257,contains_N
PMT0255,kegg.compound:C15602,Quinone,1,kegg.reaction:R00361,no_formula
PMT0255,kegg.compound:C15603,Hydroquinone,1,kegg.reaction:R00361,no_N
PMT0283,kegg.compound:C00002,ATP,1,kegg.reaction:R03654,contains_N
PMT0283,kegg.compound:C00013,Diphosphate,1,kegg.reaction:R03654,no_N
PMT0283,kegg.compound:C00020,AMP,1,kegg.reaction:R03654,contains_N
PMT0283,kegg.compound:C00037,Glycine,1,kegg.reaction:R03654,contains_N
PMT0283,kegg.compound:C01642,tRNA(Gly),1,kegg.reaction:R03654,contains_N
PMT0283,kegg.compound:C02412,Glycyl-tRNA(Gly),1,kegg.reaction:R03654,contains_N
PMT0308,kegg.compound:C00001,H2O,1,kegg.reaction:R00251,no_N
PMT0308,kegg.compound:C00002,ATP,1,kegg.reaction:R00251,contains_N
PMT0308,kegg.compound:C00008,ADP,1,kegg.reaction:R00251,contains_N
PMT0308,kegg.compound:C00009,Orthophosphate,1,kegg.reaction:R00251,no_N
PMT0308,kegg.compound:C00025,L-Glutamate,1,kegg.reaction:R00251,contains_N
PMT0308,kegg.compound:C01879,5-Oxoproline,1,kegg.reaction:R00251,contains_N
PMT0313,kegg.compound:C00005,NADPH,4,kegg.reaction:R03051 | kegg.reaction:R04439 | kegg.reaction:R04440 | kegg.reaction:R05068,contains_N
PMT0313,kegg.compound:C00006,NADP+,4,kegg.reaction:R03051 | kegg.reaction:R04439 | kegg.reaction:R04440 | kegg.reaction:R05068,contains_N
PMT0313,kegg.compound:C00080,H+,4,kegg.reaction:R03051 | kegg.reaction:R04439 | kegg.reaction:R04440 | kegg.reaction:R05068,no_N
PMT0313,kegg.compound:C00900,2-Acetolactate,1,kegg.reaction:R03051,no_N
PMT0313,kegg.compound:C04039,"2,3-Dihydroxy-3-methylbutanoate",1,kegg.reaction:R03051,no_N
PMT0313,kegg.compound:C04181,3-Hydroxy-3-methyl-2-oxobutanoic acid,2,kegg.reaction:R04440 | kegg.reaction:R05071,no_N
PMT0313,kegg.compound:C04272,"(R)-2,3-Dihydroxy-3-methylbutanoate",2,kegg.reaction:R04439 | kegg.reaction:R04440,no_N
PMT0313,kegg.compound:C06006,(S)-2-Aceto-2-hydroxybutanoate,1,kegg.reaction:R05069,no_N
PMT0313,kegg.compound:C06007,"(R)-2,3-Dihydroxy-3-methylpentanoate",1,kegg.reaction:R05068,no_N
PMT0313,kegg.compound:C06010,(S)-2-Acetolactate,2,kegg.reaction:R04439 | kegg.reaction:R05071,no_N
PMT0313,kegg.compound:C14463,(R)-3-Hydroxy-3-methyl-2-oxopentanoate,2,kegg.reaction:R05068 | kegg.reaction:R05069,no_N
PMT0322,kegg.compound:C00002,ATP,1,kegg.reaction:R01150,contains_N
PMT0322,kegg.compound:C00008,ADP,1,kegg.reaction:R01150,contains_N
PMT0322,kegg.compound:C00009,Orthophosphate,1,kegg.reaction:R01150,no_N
PMT0322,kegg.compound:C00133,D-Alanine,1,kegg.reaction:R01150,contains_N
PMT0322,kegg.compound:C00993,D-Alanyl-D-alanine,1,kegg.reaction:R01150,contains_N
PMT0323,kegg.compound:C00019,S-Adenosyl-L-methionine,3,kegg.reaction:R10645 | kegg.reaction:R10646 | kegg.reaction:R10647,contains_N
PMT0323,kegg.compound:C00021,S-Adenosyl-L-homocysteine,2,kegg.reaction:R10645 | kegg.reaction:R10647,contains_N
PMT0323,kegg.compound:C00073,L-Methionine,2,kegg.reaction:R10645 | kegg.reaction:R10646,contains_N
PMT0323,kegg.compound:C04432,tRNA containing 6-isopentenyladenosine,2,kegg.reaction:R10645 | kegg.reaction:R10646,contains_N
PMT0323,kegg.compound:C05198,5^-Deoxyadenosine,2,kegg.reaction:R10645 | kegg.reaction:R10646,contains_N
PMT0323,kegg.compound:C17023,Sulfur donor,2,kegg.reaction:R10645 | kegg.reaction:R10646,no_formula
PMT0323,kegg.compound:C20753,2-Methylthio-N6-dimethylallyladenine in tRNA,2,kegg.reaction:R10645 | kegg.reaction:R10647,contains_N
PMT0323,kegg.compound:C20755,2-Thio-N6-dimethylallyladenine in tRNA,2,kegg.reaction:R10646 | kegg.reaction:R10647,contains_N
PMT0326,kegg.compound:C00001,H2O,3,kegg.reaction:R00974 | kegg.reaction:R01411 | kegg.reaction:R02922,no_N
PMT0326,kegg.compound:C00014,Ammonia,3,kegg.reaction:R00974 | kegg.reaction:R01411 | kegg.reaction:R02922,contains_N
PMT0326,kegg.compound:C00106,Uracil,1,kegg.reaction:R00974,contains_N
PMT0326,kegg.compound:C00178,Thymine,1,kegg.reaction:R01411,contains_N
PMT0326,kegg.compound:C00380,Cytosine,1,kegg.reaction:R00974,contains_N
PMT0326,kegg.compound:C00791,Creatinine,1,kegg.reaction:R02922,contains_N
PMT0326,kegg.compound:C02376,5-Methylcytosine,1,kegg.reaction:R01411,contains_N
PMT0326,kegg.compound:C02565,N-Methylhydantoin,1,kegg.reaction:R02922,contains_N
PMT0330,kegg.compound:C00002,ATP,3,kegg.reaction:R00942 | kegg.reaction:R02237 | kegg.reaction:R04241,contains_N
PMT0330,kegg.compound:C00008,ADP,3,kegg.reaction:R00942 | kegg.reaction:R02237 | kegg.reaction:R04241,contains_N
PMT0330,kegg.compound:C00009,Orthophosphate,3,kegg.reaction:R00942 | kegg.reaction:R02237 | kegg.reaction:R04241,no_N
PMT0330,kegg.compound:C00025,L-Glutamate,3,kegg.reaction:R00942 | kegg.reaction:R02237 | kegg.reaction:R04241,contains_N
PMT0330,kegg.compound:C00101,Tetrahydrofolate,1,kegg.reaction:R00942,contains_N
PMT0330,kegg.compound:C00415,Dihydrofolate,1,kegg.reaction:R02237,contains_N
PMT0330,kegg.compound:C00921,Dihydropteroate,1,kegg.reaction:R02237,contains_N
PMT0330,kegg.compound:C03541,THF-polyglutamate,1,kegg.reaction:R04241,contains_N
PMT0330,kegg.compound:C09332,THF-L-glutamate,1,kegg.reaction:R00942,contains_N
PMT0332,kegg.compound:C00009,Orthophosphate,1,kegg.reaction:R00660,no_N
PMT0332,kegg.compound:C00043,UDP-N-acetyl-alpha-D-glucosamine,1,kegg.reaction:R00660,contains_N
PMT0332,kegg.compound:C00074,Phosphoenolpyruvate,1,kegg.reaction:R00660,no_N
PMT0332,kegg.compound:C04631,UDP-N-acetyl-3-(1-carboxyvinyl)-D-glucosamine,1,kegg.reaction:R00660,contains_N
PMT0335,kegg.compound:C00003,NAD+,6,kegg.reaction:R00209 | kegg.reaction:R01221 | kegg.reaction:R01698 | kegg.reaction:R03815 | kegg.reaction:R07618 | kegg.reaction:R08549,contains_N
PMT0335,kegg.compound:C00004,NADH,6,kegg.reaction:R00209 | kegg.reaction:R01221 | kegg.reaction:R01698 | kegg.reaction:R03815 | kegg.reaction:R07618 | kegg.reaction:R08549,contains_N
PMT0335,kegg.compound:C00010,CoA,2,kegg.reaction:R00209 | kegg.reaction:R08549,contains_N
PMT0335,kegg.compound:C00011,CO2,3,kegg.reaction:R00209 | kegg.reaction:R01221 | kegg.reaction:R08549,no_N
PMT0335,kegg.compound:C00014,Ammonia,1,kegg.reaction:R01221,contains_N
PMT0335,kegg.compound:C00022,Pyruvate,1,kegg.reaction:R00209,no_N
PMT0335,kegg.compound:C00024,Acetyl-CoA,1,kegg.reaction:R00209,contains_N
PMT0335,kegg.compound:C00026,2-Oxoglutarate,1,kegg.reaction:R08549,no_N
PMT0335,kegg.compound:C00037,Glycine,1,kegg.reaction:R01221,contains_N
PMT0335,kegg.compound:C00080,H+,6,kegg.reaction:R00209 | kegg.reaction:R01221 | kegg.reaction:R01698 | kegg.reaction:R03815 | kegg.reaction:R07618 | kegg.reaction:R08549,no_N
PMT0335,kegg.compound:C00091,Succinyl-CoA,1,kegg.reaction:R08549,contains_N
PMT0335,kegg.compound:C00101,Tetrahydrofolate,1,kegg.reaction:R01221,contains_N
PMT0335,kegg.compound:C00143,"5,10-Methylenetetrahydrofolate",1,kegg.reaction:R01221,contains_N
PMT0335,kegg.compound:C00248,Lipoamide,1,kegg.reaction:R01698,contains_N
PMT0335,kegg.compound:C00579,Dihydrolipoamide,1,kegg.reaction:R01698,contains_N
PMT0335,kegg.compound:C02051,Lipoylprotein,1,kegg.reaction:R03815,contains_N
PMT0335,kegg.compound:C02972,Dihydrolipoylprotein,1,kegg.reaction:R03815,contains_N
PMT0335,kegg.compound:C15972,Enzyme N6-(lipoyl)lysine,1,kegg.reaction:R07618,contains_N
PMT0335,kegg.compound:C15973,Enzyme N6-(dihydrolipoyl)lysine,1,kegg.reaction:R07618,contains_N
PMT0336,kegg.compound:C00001,H2O,1,kegg.reaction:R03508,no_N
PMT0336,kegg.compound:C00011,CO2,1,kegg.reaction:R03508,no_N
PMT0336,kegg.compound:C01302,1-(2-Carboxyphenylamino)-1-deoxy-D-ribulose 5-phosphate,1,kegg.reaction:R03508,contains_N
PMT0336,kegg.compound:C03506,Indoleglycerol phosphate,1,kegg.reaction:R03508,contains_N
PMT0344,kegg.compound:C00002,ATP,1,kegg.reaction:R08700,contains_N
PMT0344,kegg.compound:C00013,Diphosphate,1,kegg.reaction:R08700,no_N
PMT0344,kegg.compound:C00020,AMP,1,kegg.reaction:R08700,contains_N
PMT0344,kegg.compound:C00868,tRNA uridine,1,kegg.reaction:R08700,contains_N
PMT0344,kegg.compound:C15811,[Enzyme]-cysteine,1,kegg.reaction:R08700,contains_N
PMT0344,kegg.compound:C15812,[Enzyme]-S-sulfanylcysteine,1,kegg.reaction:R08700,contains_N
PMT0344,kegg.compound:C17322,tRNA containing 2-thiouridine,1,kegg.reaction:R08700,contains_N
PMT0347,kegg.compound:C00003,NAD+,1,kegg.reaction:R00209,contains_N
PMT0347,kegg.compound:C00004,NADH,1,kegg.reaction:R00209,contains_N
PMT0347,kegg.compound:C00010,CoA,1,kegg.reaction:R00209,contains_N
PMT0347,kegg.compound:C00011,CO2,3,kegg.reaction:R00014 | kegg.reaction:R00209 | kegg.reaction:R01699,no_N
PMT0347,kegg.compound:C00022,Pyruvate,3,kegg.reaction:R00014 | kegg.reaction:R00209 | kegg.reaction:R01699,no_N
PMT0347,kegg.compound:C00024,Acetyl-CoA,1,kegg.reaction:R00209,contains_N
PMT0347,kegg.compound:C00068,Thiamin diphosphate,2,kegg.reaction:R00014 | kegg.reaction:R03270,contains_N
PMT0347,kegg.compound:C00080,H+,1,kegg.reaction:R00209,no_N
PMT0347,kegg.compound:C05125,2-(alpha-Hydroxyethyl)thiamine diphosphate,2,kegg.reaction:R00014 | kegg.reaction:R03270,contains_N
PMT0347,kegg.compound:C15972,Enzyme N6-(lipoyl)lysine,2,kegg.reaction:R01699 | kegg.reaction:R03270,contains_N
PMT0347,kegg.compound:C16255,[Dihydrolipoyllysine-residue acetyltransferase] S-acetyldihydrolipoyllysine,2,kegg.reaction:R01699 | kegg.reaction:R03270,contains_N
PMT0363,kegg.compound:C00011,CO2,1,kegg.reaction:R10712,no_N
PMT0363,kegg.compound:C00013,Diphosphate,2,kegg.reaction:R03223 | kegg.reaction:R10712,no_N
PMT0363,kegg.compound:C01081,Thiamin monophosphate,2,kegg.reaction:R03223 | kegg.reaction:R10712,contains_N
PMT0363,kegg.compound:C04327,4-Methyl-5-(2-phosphooxyethyl)thiazole,1,kegg.reaction:R03223,contains_N
PMT0363,kegg.compound:C04752,4-Amino-5-hydroxymethyl-2-methylpyrimidine diphosphate,2,kegg.reaction:R03223 | kegg.reaction:R10712,contains_N
PMT0363,kegg.compound:C20247,2-(2-Carboxy-4-methylthiazol-5-yl)ethyl phosphate,1,kegg.reaction:R10712,contains_N
PMT0364,kegg.compound:C00002,ATP,2,kegg.reaction:R00161 | kegg.reaction:R00549,contains_N
PMT0364,kegg.compound:C00008,ADP,1,kegg.reaction:R00549,contains_N
PMT0364,kegg.compound:C00013,Diphosphate,1,kegg.reaction:R00161,no_N
PMT0364,kegg.compound:C00016,FAD,1,kegg.reaction:R00161,contains_N
PMT0364,kegg.compound:C00061,FMN,2,kegg.reaction:R00161 | kegg.reaction:R00549,contains_N
PMT0364,kegg.compound:C00255,Riboflavin,1,kegg.reaction:R00549,contains_N
PMT0366,kegg.compound:C00001,H2O,13,kegg.reaction:R00183 | kegg.reaction:R00511 | kegg.reaction:R00963 | kegg.reaction:R01126 | kegg.reaction:R01227 | kegg.reaction:R01569 | kegg.reaction:R01664 | kegg.reaction:R01968 | kegg.reaction:R02088 | kegg.reaction:R02102 | kegg.reaction:R02323 | kegg.reaction:R02719 | kegg.reaction:R03346,no_N
PMT0366,kegg.compound:C00009,Orthophosphate,13,kegg.reaction:R00183 | kegg.reaction:R00511 | kegg.reaction:R00963 | kegg.reaction:R01126 | kegg.reaction:R01227 | kegg.reaction:R01569 | kegg.reaction:R01664 | kegg.reaction:R01968 | kegg.reaction:R02088 | kegg.reaction:R02102 | kegg.reaction:R02323 | kegg.reaction:R02719 | kegg.reaction:R03346,no_N
PMT0366,kegg.compound:C00020,AMP,1,kegg.reaction:R00183,contains_N
PMT0366,kegg.compound:C00055,CMP,1,kegg.reaction:R00511,contains_N
PMT0366,kegg.compound:C00105,UMP,1,kegg.reaction:R00963,contains_N
PMT0366,kegg.compound:C00130,IMP,1,kegg.reaction:R01126,contains_N
PMT0366,kegg.compound:C00144,GMP,1,kegg.reaction:R01227,contains_N
PMT0366,kegg.compound:C00212,Adenosine,1,kegg.reaction:R00183,contains_N
PMT0366,kegg.compound:C00214,Thymidine,1,kegg.reaction:R01569,contains_N
PMT0366,kegg.compound:C00239,dCMP,1,kegg.reaction:R01664,contains_N
PMT0366,kegg.compound:C00294,Inosine,1,kegg.reaction:R01126,contains_N
PMT0366,kegg.compound:C00299,Uridine,1,kegg.reaction:R00963,contains_N
PMT0366,kegg.compound:C00330,Deoxyguanosine,1,kegg.reaction:R01968,contains_N
PMT0366,kegg.compound:C00360,dAMP,1,kegg.reaction:R02088,contains_N
PMT0366,kegg.compound:C00362,dGMP,1,kegg.reaction:R01968,contains_N
PMT0366,kegg.compound:C00364,dTMP,1,kegg.reaction:R01569,contains_N
PMT0366,kegg.compound:C00365,dUMP,1,kegg.reaction:R02102,contains_N
PMT0366,kegg.compound:C00387,Guanosine,1,kegg.reaction:R01227,contains_N
PMT0366,kegg.compound:C00455,Nicotinamide D-ribonucleotide,1,kegg.reaction:R02323,contains_N
PMT0366,kegg.compound:C00475,Cytidine,1,kegg.reaction:R00511,contains_N
PMT0366,kegg.compound:C00526,Deoxyuridine,1,kegg.reaction:R02102,contains_N
PMT0366,kegg.compound:C00559,Deoxyadenosine,1,kegg.reaction:R02088,contains_N
PMT0366,kegg.compound:C00655,Xanthosine 5^-phosphate,1,kegg.reaction:R02719,contains_N
PMT0366,kegg.compound:C00881,Deoxycytidine,1,kegg.reaction:R01664,contains_N
PMT0366,kegg.compound:C01185,Nicotinate D-ribonucleotide,1,kegg.reaction:R03346,contains_N
PMT0366,kegg.compound:C01762,Xanthosine,1,kegg.reaction:R02719,contains_N
PMT0366,kegg.compound:C03150,Nicotinamide-beta-riboside,1,kegg.reaction:R02323,contains_N
PMT0366,kegg.compound:C05841,Nicotinate D-ribonucleoside,1,kegg.reaction:R03346,contains_N
PMT0367,kegg.compound:C00002,ATP,1,kegg.reaction:R03660,contains_N
PMT0367,kegg.compound:C00013,Diphosphate,1,kegg.reaction:R03660,no_N
PMT0367,kegg.compound:C00020,AMP,1,kegg.reaction:R03660,contains_N
PMT0367,kegg.compound:C00079,L-Phenylalanine,1,kegg.reaction:R03660,contains_N
PMT0367,kegg.compound:C01648,tRNA(Phe),1,kegg.reaction:R03660,contains_N
PMT0367,kegg.compound:C03511,L-Phenylalanyl-tRNA(Phe),1,kegg.reaction:R03660,contains_N
PMT0368,kegg.compound:C00002,ATP,1,kegg.reaction:R00104,contains_N
PMT0368,kegg.compound:C00003,NAD+,1,kegg.reaction:R00104,contains_N
PMT0368,kegg.compound:C00006,NADP+,1,kegg.reaction:R00104,contains_N
PMT0368,kegg.compound:C00008,ADP,1,kegg.reaction:R00104,contains_N
PMT0370,kegg.compound:C00011,CO2,1,kegg.reaction:R05149,no_N
PMT0370,kegg.compound:C00019,S-Adenosyl-L-methionine,1,kegg.reaction:R05149,contains_N
PMT0370,kegg.compound:C00021,S-Adenosyl-L-homocysteine,1,kegg.reaction:R05149,contains_N
PMT0370,kegg.compound:C06319,Precorrin 6Y,1,kegg.reaction:R05149,contains_N
PMT0370,kegg.compound:C06408,Precorrin 8X,1,kegg.reaction:R05149,contains_N
PMT0373,kegg.compound:C00001,H2O,1,kegg.reaction:R01498,no_N
PMT0373,kegg.compound:C00031,D-Glucose,1,kegg.reaction:R01498,no_N
PMT0373,kegg.compound:C00195,N-Acylsphingosine,1,kegg.reaction:R01498,contains_N
PMT0373,kegg.compound:C01190,Glucosylceramide,1,kegg.reaction:R01498,contains_N
PMT0375,kegg.compound:C00001,H2O,1,kegg.reaction:R03459,no_N
PMT0375,kegg.compound:C00005,NADPH,1,kegg.reaction:R03458,contains_N
PMT0375,kegg.compound:C00006,NADP+,1,kegg.reaction:R03458,contains_N
PMT0375,kegg.compound:C00014,Ammonia,1,kegg.reaction:R03459,contains_N
PMT0375,kegg.compound:C00080,H+,1,kegg.reaction:R03458,no_N
PMT0375,kegg.compound:C01268,5-Amino-6-(5^-phosphoribosylamino)uracil,2,kegg.reaction:R03458 | kegg.reaction:R03459,contains_N
PMT0375,kegg.compound:C01304,"2,5-Diamino-6-(5-phospho-D-ribosylamino)pyrimidin-4(3H)-one",1,kegg.reaction:R03459,contains_N
PMT0375,kegg.compound:C04454,5-Amino-6-(5^-phospho-D-ribitylamino)uracil,1,kegg.reaction:R03458,contains_N
PMT0379,kegg.compound:C00009,Orthophosphate,1,kegg.reaction:R01398,no_N
PMT0379,kegg.compound:C00077,L-Ornithine,1,kegg.reaction:R01398,contains_N
PMT0379,kegg.compound:C00169,Carbamoyl phosphate,1,kegg.reaction:R01398,contains_N
PMT0379,kegg.compound:C00327,L-Citrulline,1,kegg.reaction:R01398,contains_N
PMT0386,kegg.compound:C00013,Diphosphate,4,kegg.reaction:R00375 | kegg.reaction:R00376 | kegg.reaction:R00377 | kegg.reaction:R00378,no_N
PMT0386,kegg.compound:C00039,DNA,4,kegg.reaction:R00375 | kegg.reaction:R00376 | kegg.reaction:R00377 | kegg.reaction:R00378,no_N
PMT0386,kegg.compound:C00131,dATP,1,kegg.reaction:R00375,contains_N
PMT0386,kegg.compound:C00286,dGTP,1,kegg.reaction:R00376,contains_N
PMT0386,kegg.compound:C00458,dCTP,1,kegg.reaction:R00377,contains_N
PMT0386,kegg.compound:C00459,dTTP,1,kegg.reaction:R00378,contains_N
PMT0391,kegg.compound:C00001,H2O,1,kegg.reaction:R11180,no_N
PMT0391,kegg.compound:C00009,Orthophosphate,1,kegg.reaction:R11180,no_N
PMT0391,kegg.compound:C00092,D-Glucose 6-phosphate,1,kegg.reaction:R11310,no_N
PMT0391,kegg.compound:C00663,beta-D-Glucose 1-phosphate,2,kegg.reaction:R02728 | kegg.reaction:R11310,no_N
PMT0391,kegg.compound:C01168,Pseudouridine 5^-phosphate,1,kegg.reaction:R11180,contains_N
PMT0391,kegg.compound:C01172,beta-D-Glucose 6-phosphate,1,kegg.reaction:R02728,no_N
PMT0391,kegg.compound:C02067,Pseudouridine,1,kegg.reaction:R11180,contains_N
PMT0393,kegg.compound:C00025,L-Glutamate,1,kegg.reaction:R00260,contains_N
PMT0393,kegg.compound:C00217,D-Glutamate,1,kegg.reaction:R00260,contains_N
PMT0394,kegg.compound:C00001,H2O,1,kegg.reaction:R04112,no_N
PMT0394,kegg.compound:C00041,L-Alanine,1,kegg.reaction:R04112,contains_N
PMT0394,kegg.compound:C02713,N-Acetylmuramate,1,kegg.reaction:R04112,contains_N
PMT0394,kegg.compound:C02999,N-Acetylmuramoyl-Ala,1,kegg.reaction:R04112,contains_N
PMT0396,kegg.compound:C00001,H2O,1,kegg.reaction:R05789,no_N
PMT0396,kegg.compound:C00009,Orthophosphate,1,kegg.reaction:R05789,no_N
PMT0396,kegg.compound:C11536,(2R)-O-Phospho-3-sulfolactate,1,kegg.reaction:R05789,no_N
PMT0396,kegg.compound:C11537,(2R)-3-Sulfolactate,1,kegg.reaction:R05789,no_N
PMT0397,kegg.compound:C00011,CO2,2,kegg.reaction:R04985 | kegg.reaction:R04986,no_N
PMT0397,kegg.compound:C05807,2-Polyprenylphenol,1,kegg.reaction:R04985,no_N
PMT0397,kegg.compound:C05809,3-Octaprenyl-4-hydroxybenzoate,1,kegg.reaction:R04986,no_N
PMT0397,kegg.compound:C05810,2-Octaprenylphenol,1,kegg.reaction:R04986,no_N
PMT0397,kegg.compound:C05848,4-Hydroxy-3-polyprenylbenzoate,1,kegg.reaction:R04985,no_N
PMT0398,kegg.compound:C00009,Orthophosphate,1,kegg.reaction:R03460,no_N
PMT0398,kegg.compound:C00074,Phosphoenolpyruvate,1,kegg.reaction:R03460,no_N
PMT0398,kegg.compound:C01269,5-O-(1-Carboxyvinyl)-3-phosphoshikimate,1,kegg.reaction:R03460,no_N
PMT0398,kegg.compound:C03175,Shikimate 3-phosphate,1,kegg.reaction:R03460,no_N
PMT0400,kegg.compound:C00010,CoA,1,kegg.reaction:R05332,contains_N
PMT0400,kegg.compound:C00013,Diphosphate,1,kegg.reaction:R00416,no_N
PMT0400,kegg.compound:C00024,Acetyl-CoA,1,kegg.reaction:R05332,contains_N
PMT0400,kegg.compound:C00043,UDP-N-acetyl-alpha-D-glucosamine,1,kegg.reaction:R00416,contains_N
PMT0400,kegg.compound:C00075,UTP,1,kegg.reaction:R00416,contains_N
PMT0400,kegg.compound:C04501,N-Acetyl-alpha-D-glucosamine 1-phosphate,2,kegg.reaction:R00416 | kegg.reaction:R05332,contains_N
PMT0400,kegg.compound:C06156,alpha-D-Glucosamine 1-phosphate,1,kegg.reaction:R05332,contains_N
PMT0403,kegg.compound:C00008,ADP,1,kegg.reaction:R02421,contains_N
PMT0403,kegg.compound:C00498,ADP-glucose,1,kegg.reaction:R02421,contains_N
PMT0403,kegg.compound:C00718,Amylose,1,kegg.reaction:R02421,no_N
PMT0405,kegg.compound:C00001,H2O,1,kegg.reaction:R07263,no_N
PMT0405,kegg.compound:C03160,2-Succinylbenzoyl-CoA,1,kegg.reaction:R07263,contains_N
PMT0405,kegg.compound:C15547,"1,4-Dihydroxy-2-naphthoyl-CoA",1,kegg.reaction:R07263,contains_N
PMT0406,kegg.compound:C00011,CO2,1,kegg.reaction:R08165,no_N
PMT0406,kegg.compound:C00026,2-Oxoglutarate,1,kegg.reaction:R08165,no_N
PMT0406,kegg.compound:C00885,Isochorismate,1,kegg.reaction:R08165,no_N
PMT0406,kegg.compound:C16519,2-Succinyl-5-enolpyruvyl-6-hydroxy-3-cyclohexene-1-carboxylate,1,kegg.reaction:R08165,no_N
PMT0422,kegg.compound:C00002,ATP,1,kegg.reaction:R03664,contains_N
PMT0422,kegg.compound:C00013,Diphosphate,1,kegg.reaction:R03664,no_N
PMT0422,kegg.compound:C00020,AMP,1,kegg.reaction:R03664,contains_N
PMT0422,kegg.compound:C00078,L-Tryptophan,1,kegg.reaction:R03664,contains_N
PMT0422,kegg.compound:C01652,tRNA(Trp),1,kegg.reaction:R03664,contains_N
PMT0422,kegg.compound:C03512,L-Tryptophanyl-tRNA(Trp),1,kegg.reaction:R03664,contains_N
PMT0424,kegg.compound:C00002,ATP,1,kegg.reaction:R03663,contains_N
PMT0424,kegg.compound:C00013,Diphosphate,1,kegg.reaction:R03663,no_N
PMT0424,kegg.compound:C00020,AMP,1,kegg.reaction:R03663,contains_N
PMT0424,kegg.compound:C00188,L-Threonine,1,kegg.reaction:R03663,contains_N
PMT0424,kegg.compound:C01651,tRNA(Thr),1,kegg.reaction:R03663,contains_N
PMT0424,kegg.compound:C02992,L-Threonyl-tRNA(Thr),1,kegg.reaction:R03663,contains_N
PMT0425,kegg.compound:C00002,ATP,3,kegg.reaction:R00299 | kegg.reaction:R01600 | kegg.reaction:R01786,contains_N
PMT0425,kegg.compound:C00008,ADP,3,kegg.reaction:R00299 | kegg.reaction:R01600 | kegg.reaction:R01786,contains_N
PMT0425,kegg.compound:C00031,D-Glucose,1,kegg.reaction:R00299,no_N
PMT0425,kegg.compound:C00092,D-Glucose 6-phosphate,1,kegg.reaction:R00299,no_N
PMT0425,kegg.compound:C00221,beta-D-Glucose,1,kegg.reaction:R01600,no_N
PMT0425,kegg.compound:C00267,alpha-D-Glucose,1,kegg.reaction:R01786,no_N
PMT0425,kegg.compound:C00668,alpha-D-Glucose 6-phosphate,1,kegg.reaction:R01786,no_N
PMT0425,kegg.compound:C01172,beta-D-Glucose 6-phosphate,1,kegg.reaction:R01600,no_N
PMT0426,kegg.compound:C00002,ATP,1,kegg.reaction:R01771,contains_N
PMT0426,kegg.compound:C00008,ADP,1,kegg.reaction:R01771,contains_N
PMT0426,kegg.compound:C00263,L-Homoserine,1,kegg.reaction:R01771,contains_N
PMT0426,kegg.compound:C01102,O-Phospho-L-homoserine,1,kegg.reaction:R01771,contains_N
PMT0434,kegg.compound:C00001,H2O,2,kegg.reaction:R02250 | kegg.reaction:R02687,no_N
PMT0434,kegg.compound:C00162,Fatty acid,2,kegg.reaction:R02250 | kegg.reaction:R02687,no_N
PMT0434,kegg.compound:C00422,Triacylglycerol,1,kegg.reaction:R02250,no_N
PMT0434,kegg.compound:C00641,"1,2-Diacyl-sn-glycerol",2,kegg.reaction:R02250 | kegg.reaction:R02687,no_N
PMT0434,kegg.compound:C01885,1-Acylglycerol,1,kegg.reaction:R02687,no_N
PMT0435,kegg.compound:C00007,Oxygen,1,kegg.reaction:R11037,no_N
PMT0435,kegg.compound:C00058,Formate,1,kegg.reaction:R11037,no_N
PMT0435,kegg.compound:C00266,Glycolaldehyde,2,kegg.reaction:R03504 | kegg.reaction:R11037,no_N
PMT0435,kegg.compound:C01300,"6-(Hydroxymethyl)-7,8-dihydropterin",1,kegg.reaction:R03504,contains_N
PMT0435,kegg.compound:C04874,"7,8-Dihydroneopterin",3,kegg.reaction:R03504 | kegg.reaction:R11037 | kegg.reaction:R11073,contains_N
PMT0435,kegg.compound:C21008,"7,8-Dihydromonapterin",1,kegg.reaction:R11073,contains_N
PMT0435,kegg.compound:C21065,"7,8-Dihydroxanthopterin",1,kegg.reaction:R11037,contains_N
PMT0436,kegg.compound:C00005,NADPH,1,kegg.reaction:R03313,contains_N
PMT0436,kegg.compound:C00006,NADP+,1,kegg.reaction:R03313,contains_N
PMT0436,kegg.compound:C00009,Orthophosphate,1,kegg.reaction:R03313,no_N
PMT0436,kegg.compound:C00080,H+,1,kegg.reaction:R03313,no_N
PMT0436,kegg.compound:C01165,L-Glutamate 5-semialdehyde,1,kegg.reaction:R03313,contains_N
PMT0436,kegg.compound:C03287,L-Glutamyl 5-phosphate,1,kegg.reaction:R03313,contains_N
PMT0437,kegg.compound:C00002,ATP,3,kegg.reaction:R00299 | kegg.reaction:R01600 | kegg.reaction:R01786,contains_N
PMT0437,kegg.compound:C00008,ADP,3,kegg.reaction:R00299 | kegg.reaction:R01600 | kegg.reaction:R01786,contains_N
PMT0437,kegg.compound:C00031,D-Glucose,1,kegg.reaction:R00299,no_N
PMT0437,kegg.compound:C00092,D-Glucose 6-phosphate,1,kegg.reaction:R00299,no_N
PMT0437,kegg.compound:C00221,beta-D-Glucose,1,kegg.reaction:R01600,no_N
PMT0437,kegg.compound:C00267,alpha-D-Glucose,1,kegg.reaction:R01786,no_N
PMT0437,kegg.compound:C00668,alpha-D-Glucose 6-phosphate,1,kegg.reaction:R01786,no_N
PMT0437,kegg.compound:C01172,beta-D-Glucose 6-phosphate,1,kegg.reaction:R01600,no_N
PMT0444,kegg.compound:C00369,Starch,1,kegg.reaction:R02110,no_N
PMT0444,kegg.compound:C00718,Amylose,1,kegg.reaction:R02110,no_N
PMT0445,kegg.compound:C00011,CO2,2,kegg.reaction:R03197 | kegg.reaction:R04972,no_N
PMT0445,kegg.compound:C01051,Uroporphyrinogen III,1,kegg.reaction:R03197,contains_N
PMT0445,kegg.compound:C03263,Coproporphyrinogen III,1,kegg.reaction:R03197,contains_N
PMT0445,kegg.compound:C05766,Uroporphyrinogen I,1,kegg.reaction:R04972,contains_N
PMT0445,kegg.compound:C05768,Coproporphyrinogen I,1,kegg.reaction:R04972,contains_N
PMT0450,kegg.compound:C00001,H2O,1,kegg.reaction:R09959,no_N
PMT0450,kegg.compound:C00084,Acetaldehyde,1,kegg.reaction:R09959,no_N
PMT0450,kegg.compound:C00536,Triphosphate,2,kegg.reaction:R04286 | kegg.reaction:R09959,no_N
PMT0450,kegg.compound:C03684,6-Pyruvoyltetrahydropterin,1,kegg.reaction:R04286,contains_N
PMT0450,kegg.compound:C04895,"7,8-Dihydroneopterin 3^-triphosphate",2,kegg.reaction:R04286 | kegg.reaction:R09959,contains_N
PMT0450,kegg.compound:C20239,"6-Carboxy-5,6,7,8-tetrahydropterin",1,kegg.reaction:R09959,contains_N
PMT0453,kegg.compound:C00001,H2O,2,kegg.reaction:R04035 | kegg.reaction:R04037,no_N
PMT0453,kegg.compound:C00013,Diphosphate,1,kegg.reaction:R04035,no_N
PMT0453,kegg.compound:C02739,1-(5-Phospho-D-ribosyl)-ATP,1,kegg.reaction:R04035,contains_N
PMT0453,kegg.compound:C02741,Phosphoribosyl-AMP,2,kegg.reaction:R04035 | kegg.reaction:R04037,contains_N
PMT0453,kegg.compound:C04896,5-(5-Phospho-D-ribosylaminoformimino)-1-(5-phosphoribosyl)-imidazole-4-carboxamide,1,kegg.reaction:R04037,contains_N
PMT0465,kegg.compound:C00001,H2O,2,kegg.reaction:R00674 | kegg.reaction:R02722,no_N
PMT0465,kegg.compound:C00065,L-Serine,2,kegg.reaction:R00674 | kegg.reaction:R02722,contains_N
PMT0465,kegg.compound:C00078,L-Tryptophan,2,kegg.reaction:R00674 | kegg.reaction:R02722,contains_N
PMT0465,kegg.compound:C00118,D-Glyceraldehyde 3-phosphate,2,kegg.reaction:R02340 | kegg.reaction:R02722,no_N
PMT0465,kegg.compound:C00463,Indole,2,kegg.reaction:R00674 | kegg.reaction:R02340,contains_N
PMT0465,kegg.compound:C03506,Indoleglycerol phosphate,2,kegg.reaction:R02340 | kegg.reaction:R02722,contains_N
PMT0468,kegg.compound:C00001,H2O,1,kegg.reaction:R01993,no_N
PMT0468,kegg.compound:C00337,(S)-Dihydroorotate,1,kegg.reaction:R01993,contains_N
PMT0468,kegg.compound:C00438,N-Carbamoyl-L-aspartate,1,kegg.reaction:R01993,contains_N
PMT0470,kegg.compound:C00003,NAD+,1,kegg.reaction:R00094,contains_N
PMT0470,kegg.compound:C00004,NADH,1,kegg.reaction:R00094,contains_N
PMT0470,kegg.compound:C00005,NADPH,1,kegg.reaction:R00115,contains_N
PMT0470,kegg.compound:C00006,NADP+,1,kegg.reaction:R00115,contains_N
PMT0470,kegg.compound:C00051,Glutathione,2,kegg.reaction:R00094 | kegg.reaction:R00115,contains_N
PMT0470,kegg.compound:C00080,H+,2,kegg.reaction:R00094 | kegg.reaction:R00115,no_N
PMT0470,kegg.compound:C00127,Glutathione disulfide,2,kegg.reaction:R00094 | kegg.reaction:R00115,contains_N
PMT0519,kegg.compound:C00001,H2O,1,kegg.reaction:R06513,no_N
PMT0519,kegg.compound:C00029,UDP-glucose,1,kegg.reaction:R00291,contains_N
PMT0519,kegg.compound:C00052,UDP-alpha-D-galactose,1,kegg.reaction:R00291,contains_N
PMT0519,kegg.compound:C00842,dTDP-glucose,2,kegg.reaction:R02984 | kegg.reaction:R06513,contains_N
PMT0519,kegg.compound:C02097,dTDP-galactose,1,kegg.reaction:R02984,contains_N
PMT0519,kegg.compound:C11907,dTDP-4-oxo-6-deoxy-D-glucose,1,kegg.reaction:R06513,contains_N
PMT0520,kegg.compound:C04896,5-(5-Phospho-D-ribosylaminoformimino)-1-(5-phosphoribosyl)-imidazole-4-carboxamide,1,kegg.reaction:R04640,contains_N
PMT0520,kegg.compound:C04916,N-(5^-Phospho-D-1^-ribulosylformimino)-5-amino-1-(5^^-phospho-D-ribosyl)-4-imidazolecarboxamide,1,kegg.reaction:R04640,contains_N
PMT0529,kegg.compound:C00002,ATP,1,kegg.reaction:R00239,contains_N
PMT0529,kegg.compound:C00008,ADP,1,kegg.reaction:R00239,contains_N
PMT0529,kegg.compound:C00025,L-Glutamate,1,kegg.reaction:R00239,contains_N
PMT0529,kegg.compound:C03287,L-Glutamyl 5-phosphate,1,kegg.reaction:R00239,contains_N
PMT0530,kegg.compound:C00229,Acyl-carrier protein,1,kegg.reaction:R04550,no_N
PMT0530,kegg.compound:C04652,"UDP-2,3-bis(3-hydroxytetradecanoyl)glucosamine",1,kegg.reaction:R04550,contains_N
PMT0530,kegg.compound:C04688,(3R)-3-Hydroxytetradecanoyl-[acyl-carrier protein],1,kegg.reaction:R04550,no_N
PMT0530,kegg.compound:C06022,UDP-3-O-(3-hydroxytetradecanoyl)-D-glucosamine,1,kegg.reaction:R04550,contains_N
PMT0531,kegg.compound:C00003,NAD+,3,kegg.reaction:R00994 | kegg.reaction:R04426 | kegg.reaction:R10052,contains_N
PMT0531,kegg.compound:C00004,NADH,3,kegg.reaction:R00994 | kegg.reaction:R04426 | kegg.reaction:R10052,contains_N
PMT0531,kegg.compound:C00011,CO2,2,kegg.reaction:R00994 | kegg.reaction:R10052,no_N
PMT0531,kegg.compound:C00080,H+,3,kegg.reaction:R00994 | kegg.reaction:R04426 | kegg.reaction:R10052,no_N
PMT0531,kegg.compound:C00109,2-Oxobutanoate,1,kegg.reaction:R00994,no_N
PMT0531,kegg.compound:C00233,4-Methyl-2-oxopentanoate,1,kegg.reaction:R10052,no_N
PMT0531,kegg.compound:C04236,(2S)-2-Isopropyl-3-oxosuccinate,1,kegg.reaction:R04426,no_N
PMT0531,kegg.compound:C04411,"(2R,3S)-3-Isopropylmalate",2,kegg.reaction:R04426 | kegg.reaction:R10052,no_N
PMT0531,kegg.compound:C06032,D-erythro-3-Methylmalate,1,kegg.reaction:R00994,no_N
PMT0532,kegg.compound:C00002,ATP,1,kegg.reaction:R01523,contains_N
PMT0532,kegg.compound:C00008,ADP,1,kegg.reaction:R01523,contains_N
PMT0532,kegg.compound:C00199,D-Ribulose 5-phosphate,1,kegg.reaction:R01523,no_N
PMT0532,kegg.compound:C01182,"D-Ribulose 1,5-bisphosphate",1,kegg.reaction:R01523,no_N
PMT0537,kegg.compound:C00111,Glycerone phosphate,4,kegg.reaction:R01068 | kegg.reaction:R01070 | kegg.reaction:R01829 | kegg.reaction:R02568,no_N
PMT0537,kegg.compound:C00118,D-Glyceraldehyde 3-phosphate,2,kegg.reaction:R01068 | kegg.reaction:R01070,no_N
PMT0537,kegg.compound:C00279,D-Erythrose 4-phosphate,1,kegg.reaction:R01829,no_N
PMT0537,kegg.compound:C00354,"D-Fructose 1,6-bisphosphate",1,kegg.reaction:R01068,no_N
PMT0537,kegg.compound:C00447,"Sedoheptulose 1,7-bisphosphate",1,kegg.reaction:R01829,no_N
PMT0537,kegg.compound:C00577,D-Glyceraldehyde,1,kegg.reaction:R02568,no_N
PMT0537,kegg.compound:C01094,D-Fructose 1-phosphate,1,kegg.reaction:R02568,no_N
PMT0537,kegg.compound:C05378,"beta-D-Fructose 1,6-bisphosphate",1,kegg.reaction:R01070,no_N
PMT0539,kegg.compound:C00001,H2O,1,kegg.reaction:R04463,no_N
PMT0539,kegg.compound:C00002,ATP,1,kegg.reaction:R04463,contains_N
PMT0539,kegg.compound:C00008,ADP,1,kegg.reaction:R04463,contains_N
PMT0539,kegg.compound:C00009,Orthophosphate,1,kegg.reaction:R04463,no_N
PMT0539,kegg.compound:C00025,L-Glutamate,1,kegg.reaction:R04463,contains_N
PMT0539,kegg.compound:C00064,L-Glutamine,1,kegg.reaction:R04463,contains_N
PMT0539,kegg.compound:C04376,5^-Phosphoribosyl-N-formylglycinamide,1,kegg.reaction:R04463,contains_N
PMT0539,kegg.compound:C04640,2-(Formamido)-N1-(5^-phosphoribosyl)acetamidine,1,kegg.reaction:R04463,contains_N
PMT0540,kegg.compound:C00001,H2O,1,kegg.reaction:R04463,no_N
PMT0540,kegg.compound:C00002,ATP,1,kegg.reaction:R04463,contains_N
PMT0540,kegg.compound:C00008,ADP,1,kegg.reaction:R04463,contains_N
PMT0540,kegg.compound:C00009,Orthophosphate,1,kegg.reaction:R04463,no_N
PMT0540,kegg.compound:C00025,L-Glutamate,1,kegg.reaction:R04463,contains_N
PMT0540,kegg.compound:C00064,L-Glutamine,1,kegg.reaction:R04463,contains_N
PMT0540,kegg.compound:C04376,5^-Phosphoribosyl-N-formylglycinamide,1,kegg.reaction:R04463,contains_N
PMT0540,kegg.compound:C04640,2-(Formamido)-N1-(5^-phosphoribosyl)acetamidine,1,kegg.reaction:R04463,contains_N
PMT0541,kegg.compound:C00010,CoA,2,kegg.reaction:R01196 | kegg.reaction:R10866,contains_N
PMT0541,kegg.compound:C00011,CO2,2,kegg.reaction:R01196 | kegg.reaction:R10866,no_N
PMT0541,kegg.compound:C00022,Pyruvate,2,kegg.reaction:R01196 | kegg.reaction:R10866,no_N
PMT0541,kegg.compound:C00024,Acetyl-CoA,2,kegg.reaction:R01196 | kegg.reaction:R10866,contains_N
PMT0541,kegg.compound:C00080,H+,1,kegg.reaction:R01196,no_N
PMT0541,kegg.compound:C00138,Reduced ferredoxin,1,kegg.reaction:R01196,no_N
PMT0541,kegg.compound:C00139,Oxidized ferredoxin,1,kegg.reaction:R01196,no_N
PMT0541,kegg.compound:C02745,Reduced flavodoxin,1,kegg.reaction:R10866,no_formula
PMT0541,kegg.compound:C02869,Oxidized flavodoxin,1,kegg.reaction:R10866,no_formula
PMT0551,kegg.compound:C00019,S-Adenosyl-L-methionine,2,kegg.reaction:R07244 | kegg.reaction:R10061,contains_N
PMT0551,kegg.compound:C00021,S-Adenosyl-L-homocysteine,2,kegg.reaction:R07244 | kegg.reaction:R10061,contains_N
PMT0551,kegg.compound:C00213,Sarcosine,1,kegg.reaction:R10061,contains_N
PMT0551,kegg.compound:C00719,Betaine,2,kegg.reaction:R07244 | kegg.reaction:R10061,contains_N
PMT0551,kegg.compound:C01026,"N,N-Dimethylglycine",1,kegg.reaction:R07244,contains_N
PMT0552,kegg.compound:C00019,S-Adenosyl-L-methionine,1,kegg.reaction:R10060,contains_N
PMT0552,kegg.compound:C00021,S-Adenosyl-L-homocysteine,1,kegg.reaction:R10060,contains_N
PMT0552,kegg.compound:C00037,Glycine,1,kegg.reaction:R10060,contains_N
PMT0552,kegg.compound:C01026,"N,N-Dimethylglycine",1,kegg.reaction:R10060,contains_N
PMT0558,kegg.compound:C00013,Diphosphate,1,kegg.reaction:R00966,no_N
PMT0558,kegg.compound:C00105,UMP,1,kegg.reaction:R00966,contains_N
PMT0558,kegg.compound:C00106,Uracil,1,kegg.reaction:R00966,contains_N
PMT0558,kegg.compound:C00119,5-Phospho-alpha-D-ribose 1-diphosphate,1,kegg.reaction:R00966,no_N
PMT0560,kegg.compound:C00001,H2O,3,kegg.reaction:R01209 | kegg.reaction:R04441 | kegg.reaction:R05070,no_N
PMT0560,kegg.compound:C00141,3-Methyl-2-oxobutanoic acid,2,kegg.reaction:R01209 | kegg.reaction:R04441,no_N
PMT0560,kegg.compound:C00671,(S)-3-Methyl-2-oxopentanoic acid,1,kegg.reaction:R05070,no_N
PMT0560,kegg.compound:C04039,"2,3-Dihydroxy-3-methylbutanoate",1,kegg.reaction:R01209,no_N
PMT0560,kegg.compound:C04272,"(R)-2,3-Dihydroxy-3-methylbutanoate",1,kegg.reaction:R04441,no_N
PMT0560,kegg.compound:C06007,"(R)-2,3-Dihydroxy-3-methylpentanoate",1,kegg.reaction:R05070,no_N
PMT0564,kegg.compound:C00001,H2O,1,kegg.reaction:R02035,no_N
PMT0564,kegg.compound:C00345,6-Phospho-D-gluconate,1,kegg.reaction:R02035,no_N
PMT0564,kegg.compound:C01236,"D-Glucono-1,5-lactone 6-phosphate",1,kegg.reaction:R02035,no_N
PMT0565,kegg.compound:C00003,NAD+,1,kegg.reaction:R10221,contains_N
PMT0565,kegg.compound:C00004,NADH,1,kegg.reaction:R10221,contains_N
PMT0565,kegg.compound:C00005,NADPH,1,kegg.reaction:R01528,contains_N
PMT0565,kegg.compound:C00006,NADP+,1,kegg.reaction:R01528,contains_N
PMT0565,kegg.compound:C00011,CO2,2,kegg.reaction:R01528 | kegg.reaction:R10221,no_N
PMT0565,kegg.compound:C00080,H+,2,kegg.reaction:R01528 | kegg.reaction:R10221,no_N
PMT0565,kegg.compound:C00199,D-Ribulose 5-phosphate,2,kegg.reaction:R01528 | kegg.reaction:R10221,no_N
PMT0565,kegg.compound:C00345,6-Phospho-D-gluconate,2,kegg.reaction:R01528 | kegg.reaction:R10221,no_N
PMT0566,kegg.compound:C00002,ATP,1,kegg.reaction:R00948,contains_N
PMT0566,kegg.compound:C00013,Diphosphate,1,kegg.reaction:R00948,no_N
PMT0566,kegg.compound:C00103,D-Glucose 1-phosphate,1,kegg.reaction:R00948,no_N
PMT0566,kegg.compound:C00498,ADP-glucose,1,kegg.reaction:R00948,contains_N
PMT0567,kegg.compound:C00005,NADPH,1,kegg.reaction:R04109,contains_N
PMT0567,kegg.compound:C00006,NADP+,1,kegg.reaction:R04109,contains_N
PMT0567,kegg.compound:C00080,H+,1,kegg.reaction:R04109,no_N
PMT0567,kegg.compound:C01641,tRNA(Glu),1,kegg.reaction:R04109,contains_N
PMT0567,kegg.compound:C02987,L-Glutamyl-tRNA(Glu),1,kegg.reaction:R04109,contains_N
PMT0567,kegg.compound:C03741,(S)-4-Amino-5-oxopentanoate,1,kegg.reaction:R04109,contains_N
PMT0568,kegg.compound:C00001,H2O,3,kegg.reaction:R00762 | kegg.reaction:R01845 | kegg.reaction:R04780,no_N
PMT0568,kegg.compound:C00009,Orthophosphate,3,kegg.reaction:R00762 | kegg.reaction:R01845 | kegg.reaction:R04780,no_N
PMT0568,kegg.compound:C00085,D-Fructose 6-phosphate,1,kegg.reaction:R00762,no_N
PMT0568,kegg.compound:C00354,"D-Fructose 1,6-bisphosphate",1,kegg.reaction:R00762,no_N
PMT0568,kegg.compound:C00447,"Sedoheptulose 1,7-bisphosphate",1,kegg.reaction:R01845,no_N
PMT0568,kegg.compound:C05345,beta-D-Fructose 6-phosphate,1,kegg.reaction:R04780,no_N
PMT0568,kegg.compound:C05378,"beta-D-Fructose 1,6-bisphosphate",1,kegg.reaction:R04780,no_N
PMT0568,kegg.compound:C05382,Sedoheptulose 7-phosphate,1,kegg.reaction:R01845,no_N
PMT0569,kegg.compound:C00199,D-Ribulose 5-phosphate,1,kegg.reaction:R01529,no_N
PMT0569,kegg.compound:C00231,D-Xylulose 5-phosphate,1,kegg.reaction:R01529,no_N
PMT0577,kegg.compound:C00005,NADPH,6,kegg.reaction:R02063 | kegg.reaction:R08754 | kegg.reaction:R08755 | kegg.reaction:R08756 | kegg.reaction:R11226 | kegg.reaction:R11518,contains_N
PMT0577,kegg.compound:C00006,NADP+,6,kegg.reaction:R02063 | kegg.reaction:R08754 | kegg.reaction:R08755 | kegg.reaction:R08756 | kegg.reaction:R11226 | kegg.reaction:R11518,contains_N
PMT0577,kegg.compound:C00080,H+,6,kegg.reaction:R02063 | kegg.reaction:R08754 | kegg.reaction:R08755 | kegg.reaction:R08756 | kegg.reaction:R11226 | kegg.reaction:R11518,no_N
PMT0577,kegg.compound:C00353,Geranylgeranyl diphosphate,2,kegg.reaction:R02063 | kegg.reaction:R08754,no_N
PMT0577,kegg.compound:C05427,Phytyl diphosphate,2,kegg.reaction:R02063 | kegg.reaction:R08756,no_N
PMT0577,kegg.compound:C11242,Bacteriochlorophyll a,1,kegg.reaction:R11226,contains_N
PMT0577,kegg.compound:C11243,Bacteriochlorophyll b,1,kegg.reaction:R11518,contains_N
PMT0577,kegg.compound:C17439,Dihydrogeranylgeranyl diphosphate,2,kegg.reaction:R08754 | kegg.reaction:R08755,no_N
PMT0577,kegg.compound:C17440,Tetrahydrogeranylgeranyl diphosphate,2,kegg.reaction:R08755 | kegg.reaction:R08756,no_N
PMT0577,kegg.compound:C21217,Geranylgeranyl bacteriochlorophyllide a,1,kegg.reaction:R11226,contains_N
PMT0577,kegg.compound:C21435,Geranylgeranyl bacteriochlorophyllide b,1,kegg.reaction:R11518,contains_N
PMT0578,kegg.compound:C00002,ATP,1,kegg.reaction:R03654,contains_N
PMT0578,kegg.compound:C00013,Diphosphate,1,kegg.reaction:R03654,no_N
PMT0578,kegg.compound:C00020,AMP,1,kegg.reaction:R03654,contains_N
PMT0578,kegg.compound:C00037,Glycine,1,kegg.reaction:R03654,contains_N
PMT0578,kegg.compound:C01642,tRNA(Gly),1,kegg.reaction:R03654,contains_N
PMT0578,kegg.compound:C02412,Glycyl-tRNA(Gly),1,kegg.reaction:R03654,contains_N
PMT0579,kegg.compound:C00001,H2O,2,kegg.reaction:R00859 | kegg.reaction:R03600,no_N
PMT0579,kegg.compound:C00080,H+,2,kegg.reaction:R00859 | kegg.reaction:R03600,no_N
PMT0579,kegg.compound:C00094,Sulfite,1,kegg.reaction:R00859,no_N
PMT0579,kegg.compound:C00138,Reduced ferredoxin,2,kegg.reaction:R00859 | kegg.reaction:R03600,no_N
PMT0579,kegg.compound:C00139,Oxidized ferredoxin,2,kegg.reaction:R00859 | kegg.reaction:R03600,no_N
PMT0579,kegg.compound:C00283,Hydrogen sulfide,1,kegg.reaction:R00859,no_N
PMT0579,kegg.compound:C01528,Hydrogen selenide,1,kegg.reaction:R03600,no_N
PMT0579,kegg.compound:C05684,Selenite,1,kegg.reaction:R03600,no_N
PMT0599,kegg.compound:C00001,H2O,1,kegg.reaction:R10223,no_N
PMT0599,kegg.compound:C00014,Ammonia,1,kegg.reaction:R10223,contains_N
PMT0599,kegg.compound:C17324,tRNA adenine,1,kegg.reaction:R10223,contains_N
PMT0599,kegg.compound:C20451,tRNA hypoxanthine,1,kegg.reaction:R10223,contains_N
PMT0600,kegg.compound:C00022,Pyruvate,2,kegg.reaction:R00369 | kegg.reaction:R00585,no_N
PMT0600,kegg.compound:C00025,L-Glutamate,1,kegg.reaction:R00372,contains_N
PMT0600,kegg.compound:C00026,2-Oxoglutarate,1,kegg.reaction:R00372,no_N
PMT0600,kegg.compound:C00037,Glycine,3,kegg.reaction:R00369 | kegg.reaction:R00372 | kegg.reaction:R00588,contains_N
PMT0600,kegg.compound:C00041,L-Alanine,2,kegg.reaction:R00369 | kegg.reaction:R00585,contains_N
PMT0600,kegg.compound:C00048,Glyoxylate,3,kegg.reaction:R00369 | kegg.reaction:R00372 | kegg.reaction:R00588,no_N
PMT0600,kegg.compound:C00065,L-Serine,2,kegg.reaction:R00585 | kegg.reaction:R00588,contains_N
PMT0600,kegg.compound:C00168,Hydroxypyruvate,2,kegg.reaction:R00585 | kegg.reaction:R00588,no_N
PMT0601,kegg.compound:C00002,ATP,1,kegg.reaction:R00253,contains_N
PMT0601,kegg.compound:C00008,ADP,1,kegg.reaction:R00253,contains_N
PMT0601,kegg.compound:C00009,Orthophosphate,1,kegg.reaction:R00253,no_N
PMT0601,kegg.compound:C00014,Ammonia,1,kegg.reaction:R00253,contains_N
PMT0601,kegg.compound:C00025,L-Glutamate,1,kegg.reaction:R00253,contains_N
PMT0601,kegg.compound:C00064,L-Glutamine,1,kegg.reaction:R00253,contains_N
PMT0618,kegg.compound:C00003,NAD+,1,kegg.reaction:R00209,contains_N
PMT0618,kegg.compound:C00004,NADH,1,kegg.reaction:R00209,contains_N
PMT0618,kegg.compound:C00010,CoA,1,kegg.reaction:R00209,contains_N
PMT0618,kegg.compound:C00011,CO2,3,kegg.reaction:R00014 | kegg.reaction:R00209 | kegg.reaction:R01699,no_N
PMT0618,kegg.compound:C00022,Pyruvate,3,kegg.reaction:R00014 | kegg.reaction:R00209 | kegg.reaction:R01699,no_N
PMT0618,kegg.compound:C00024,Acetyl-CoA,1,kegg.reaction:R00209,contains_N
PMT0618,kegg.compound:C00068,Thiamin diphosphate,2,kegg.reaction:R00014 | kegg.reaction:R03270,contains_N
PMT0618,kegg.compound:C00080,H+,1,kegg.reaction:R00209,no_N
PMT0618,kegg.compound:C05125,2-(alpha-Hydroxyethyl)thiamine diphosphate,2,kegg.reaction:R00014 | kegg.reaction:R03270,contains_N
PMT0618,kegg.compound:C15972,Enzyme N6-(lipoyl)lysine,2,kegg.reaction:R01699 | kegg.reaction:R03270,contains_N
PMT0618,kegg.compound:C16255,[Dihydrolipoyllysine-residue acetyltransferase] S-acetyldihydrolipoyllysine,2,kegg.reaction:R01699 | kegg.reaction:R03270,contains_N
PMT0620,kegg.compound:C00002,ATP,1,kegg.reaction:R05634,contains_N
PMT0620,kegg.compound:C00008,ADP,1,kegg.reaction:R05634,contains_N
PMT0620,kegg.compound:C11435,4-(Cytidine 5^-diphospho)-2-C-methyl-D-erythritol,1,kegg.reaction:R05634,contains_N
PMT0620,kegg.compound:C11436,2-Phospho-4-(cytidine 5^-diphospho)-2-C-methyl-D-erythritol,1,kegg.reaction:R05634,contains_N
PMT0621,kegg.compound:C00019,S-Adenosyl-L-methionine,1,kegg.reaction:R10716,contains_N
PMT0621,kegg.compound:C00021,S-Adenosyl-L-homocysteine,1,kegg.reaction:R10716,contains_N
PMT0621,kegg.compound:C20648,Adenine in rRNA,1,kegg.reaction:R10716,contains_N
PMT0621,kegg.compound:C20796,N6-Dimethyladenine in rRNA,1,kegg.reaction:R10716,contains_N
PMT0623,kegg.compound:C00001,H2O,1,kegg.reaction:R00248,no_N
PMT0623,kegg.compound:C00005,NADPH,1,kegg.reaction:R00248,contains_N
PMT0623,kegg.compound:C00006,NADP+,1,kegg.reaction:R00248,contains_N
PMT0623,kegg.compound:C00014,Ammonia,1,kegg.reaction:R00248,contains_N
PMT0623,kegg.compound:C00025,L-Glutamate,1,kegg.reaction:R00248,contains_N
PMT0623,kegg.compound:C00026,2-Oxoglutarate,1,kegg.reaction:R00248,no_N
PMT0623,kegg.compound:C00080,H+,1,kegg.reaction:R00248,no_N
PMT0647,kegg.compound:C00013,Diphosphate,4,kegg.reaction:R00375 | kegg.reaction:R00376 | kegg.reaction:R00377 | kegg.reaction:R00378,no_N
PMT0647,kegg.compound:C00039,DNA,4,kegg.reaction:R00375 | kegg.reaction:R00376 | kegg.reaction:R00377 | kegg.reaction:R00378,no_N
PMT0647,kegg.compound:C00131,dATP,1,kegg.reaction:R00375,contains_N
PMT0647,kegg.compound:C00286,dGTP,1,kegg.reaction:R00376,contains_N
PMT0647,kegg.compound:C00458,dCTP,1,kegg.reaction:R00377,contains_N
PMT0647,kegg.compound:C00459,dTTP,1,kegg.reaction:R00378,contains_N
PMT0648,kegg.compound:C00001,H2O,2,kegg.reaction:R03905 | kegg.reaction:R04212,no_N
PMT0648,kegg.compound:C00002,ATP,2,kegg.reaction:R03905 | kegg.reaction:R04212,contains_N
PMT0648,kegg.compound:C00008,ADP,2,kegg.reaction:R03905 | kegg.reaction:R04212,contains_N
PMT0648,kegg.compound:C00009,Orthophosphate,2,kegg.reaction:R03905 | kegg.reaction:R04212,no_N
PMT0648,kegg.compound:C00025,L-Glutamate,2,kegg.reaction:R03905 | kegg.reaction:R04212,contains_N
PMT0648,kegg.compound:C00064,L-Glutamine,2,kegg.reaction:R03905 | kegg.reaction:R04212,contains_N
PMT0648,kegg.compound:C02282,Glutaminyl-tRNA,1,kegg.reaction:R03905,contains_N
PMT0648,kegg.compound:C03402,L-Asparaginyl-tRNA(Asn),1,kegg.reaction:R04212,contains_N
PMT0648,kegg.compound:C06112,L-Glutamyl-tRNA(Gln),1,kegg.reaction:R03905,contains_N
PMT0648,kegg.compound:C06113,L-Aspartyl-tRNA(Asn),1,kegg.reaction:R04212,contains_N
PMT0653,kegg.compound:C00001,H2O,2,kegg.reaction:R00256 | kegg.reaction:R00575,no_N
PMT0653,kegg.compound:C00002,ATP,3,kegg.reaction:R00575 | kegg.reaction:R01395 | kegg.reaction:R10948,contains_N
PMT0653,kegg.compound:C00008,ADP,3,kegg.reaction:R00575 | kegg.reaction:R01395 | kegg.reaction:R10948,contains_N
PMT0653,kegg.compound:C00009,Orthophosphate,2,kegg.reaction:R00575 | kegg.reaction:R10949,no_N
PMT0653,kegg.compound:C00014,Ammonia,2,kegg.reaction:R00256 | kegg.reaction:R10949,contains_N
PMT0653,kegg.compound:C00025,L-Glutamate,2,kegg.reaction:R00256 | kegg.reaction:R00575,contains_N
PMT0653,kegg.compound:C00064,L-Glutamine,2,kegg.reaction:R00256 | kegg.reaction:R00575,contains_N
PMT0653,kegg.compound:C00169,Carbamoyl phosphate,2,kegg.reaction:R00575 | kegg.reaction:R01395,contains_N
PMT0653,kegg.compound:C00288,HCO3-,2,kegg.reaction:R00575 | kegg.reaction:R10948,no_N
PMT0653,kegg.compound:C01563,Carbamate,2,kegg.reaction:R01395 | kegg.reaction:R10949,contains_N
PMT0653,kegg.compound:C20969,Carboxyphosphate,2,kegg.reaction:R10948 | kegg.reaction:R10949,no_N
PMT0654,kegg.compound:C00013,Diphosphate,1,kegg.reaction:R01073,no_N
PMT0654,kegg.compound:C00108,Anthranilate,1,kegg.reaction:R01073,contains_N
PMT0654,kegg.compound:C00119,5-Phospho-alpha-D-ribose 1-diphosphate,1,kegg.reaction:R01073,no_N
PMT0654,kegg.compound:C04302,N-(5-Phospho-D-ribosyl)anthranilate,1,kegg.reaction:R01073,contains_N
PMT0661,kegg.compound:C00001,H2O,1,kegg.reaction:R04292,no_N
PMT0661,kegg.compound:C00009,Orthophosphate,1,kegg.reaction:R04292,no_N
PMT0661,kegg.compound:C00111,Glycerone phosphate,1,kegg.reaction:R04292,no_N
PMT0661,kegg.compound:C03722,Quinolinate,1,kegg.reaction:R04292,contains_N
PMT0661,kegg.compound:C05840,Iminoaspartate,1,kegg.reaction:R04292,contains_N
PMT0667,kegg.compound:C00009,Orthophosphate,1,kegg.reaction:R03083,no_N
PMT0667,kegg.compound:C00944,3-Dehydroquinate,1,kegg.reaction:R03083,no_N
PMT0667,kegg.compound:C04691,2-Dehydro-3-deoxy-D-arabino-heptonate 7-phosphate,1,kegg.reaction:R03083,no_N
PMT0669,kegg.compound:C00002,ATP,1,kegg.reaction:R07404,contains_N
PMT0669,kegg.compound:C00008,ADP,1,kegg.reaction:R07404,contains_N
PMT0669,kegg.compound:C00009,Orthophosphate,1,kegg.reaction:R07404,no_N
PMT0669,kegg.compound:C00288,HCO3-,1,kegg.reaction:R07404,no_N
PMT0669,kegg.compound:C03373,Aminoimidazole ribotide,1,kegg.reaction:R07404,contains_N
PMT0669,kegg.compound:C15667,5-Carboxyamino-1-(5-phospho-D-ribosyl)imidazole,1,kegg.reaction:R07404,contains_N
PMT0679,kegg.compound:C00002,ATP,1,kegg.reaction:R00200,contains_N
PMT0679,kegg.compound:C00008,ADP,1,kegg.reaction:R00200,contains_N
PMT0679,kegg.compound:C00022,Pyruvate,5,kegg.reaction:R00200 | kegg.reaction:R00430 | kegg.reaction:R01138 | kegg.reaction:R01858 | kegg.reaction:R02320,no_N
PMT0679,kegg.compound:C00035,GDP,1,kegg.reaction:R00430,contains_N
PMT0679,kegg.compound:C00044,GTP,1,kegg.reaction:R00430,contains_N
PMT0679,kegg.compound:C00074,Phosphoenolpyruvate,5,kegg.reaction:R00200 | kegg.reaction:R00430 | kegg.reaction:R01138 | kegg.reaction:R01858 | kegg.reaction:R02320,no_N
PMT0679,kegg.compound:C00131,dATP,1,kegg.reaction:R01138,contains_N
PMT0679,kegg.compound:C00201,Nucleoside triphosphate,1,kegg.reaction:R02320,no_N
PMT0679,kegg.compound:C00206,dADP,1,kegg.reaction:R01138,contains_N
PMT0679,kegg.compound:C00286,dGTP,1,kegg.reaction:R01858,contains_N
PMT0679,kegg.compound:C00361,dGDP,1,kegg.reaction:R01858,contains_N
PMT0679,kegg.compound:C00454,NDP,1,kegg.reaction:R02320,no_N
PMT0684,kegg.compound:C00014,Ammonia,2,kegg.reaction:R00220 | kegg.reaction:R00996,contains_N
PMT0684,kegg.compound:C00022,Pyruvate,1,kegg.reaction:R00220,no_N
PMT0684,kegg.compound:C00065,L-Serine,1,kegg.reaction:R00220,contains_N
PMT0684,kegg.compound:C00109,2-Oxobutanoate,1,kegg.reaction:R00996,no_N
PMT0684,kegg.compound:C00188,L-Threonine,1,kegg.reaction:R00996,contains_N
PMT0685,kegg.compound:C00011,CO2,1,kegg.reaction:R05636,no_N
PMT0685,kegg.compound:C00022,Pyruvate,1,kegg.reaction:R05636,no_N
PMT0685,kegg.compound:C00118,D-Glyceraldehyde 3-phosphate,1,kegg.reaction:R05636,no_N
PMT0685,kegg.compound:C11437,1-Deoxy-D-xylulose 5-phosphate,1,kegg.reaction:R05636,no_N
PMT0698,kegg.compound:C00002,ATP,1,kegg.reaction:R01071,contains_N
PMT0698,kegg.compound:C00013,Diphosphate,1,kegg.reaction:R01071,no_N
PMT0698,kegg.compound:C00119,5-Phospho-alpha-D-ribose 1-diphosphate,1,kegg.reaction:R01071,no_N
PMT0698,kegg.compound:C02739,1-(5-Phospho-D-ribosyl)-ATP,1,kegg.reaction:R01071,contains_N
PMT0699,kegg.compound:C00001,H2O,3,kegg.reaction:R01185 | kegg.reaction:R01186 | kegg.reaction:R01187,no_N
PMT0699,kegg.compound:C00009,Orthophosphate,3,kegg.reaction:R01185 | kegg.reaction:R01186 | kegg.reaction:R01187,no_N
PMT0699,kegg.compound:C00137,myo-Inositol,3,kegg.reaction:R01185 | kegg.reaction:R01186 | kegg.reaction:R01187,no_N
PMT0699,kegg.compound:C01177,Inositol 1-phosphate,1,kegg.reaction:R01185,no_N
PMT0699,kegg.compound:C03546,myo-Inositol 4-phosphate,1,kegg.reaction:R01186,no_N
PMT0699,kegg.compound:C04006,1D-myo-Inositol 3-phosphate,1,kegg.reaction:R01187,no_N
PMT0706,kegg.compound:C00001,H2O,1,kegg.reaction:R08555,no_N
PMT0706,kegg.compound:C00256,(R)-Lactate,1,kegg.reaction:R08555,no_N
PMT0706,kegg.compound:C00357,N-Acetyl-D-glucosamine 6-phosphate,1,kegg.reaction:R08555,contains_N
PMT0706,kegg.compound:C16698,N-Acetylmuramic acid 6-phosphate,1,kegg.reaction:R08555,contains_N
PMT0708,kegg.compound:C00001,H2O,1,kegg.reaction:R00425,no_N
PMT0708,kegg.compound:C00009,Orthophosphate,1,kegg.reaction:R00425,no_N
PMT0708,kegg.compound:C00044,GTP,1,kegg.reaction:R00425,contains_N
PMT0708,kegg.compound:C00058,Formate,2,kegg.reaction:R00425 | kegg.reaction:R07281,no_N
PMT0708,kegg.compound:C00199,D-Ribulose 5-phosphate,1,kegg.reaction:R07281,no_N
PMT0708,kegg.compound:C01304,"2,5-Diamino-6-(5-phospho-D-ribosylamino)pyrimidin-4(3H)-one",1,kegg.reaction:R00425,contains_N
PMT0708,kegg.compound:C15556,"L-3,4-Dihydroxybutan-2-one 4-phosphate",1,kegg.reaction:R07281,no_N
PMT0709,kegg.compound:C00005,NADPH,1,kegg.reaction:R03443,contains_N
PMT0709,kegg.compound:C00006,NADP+,1,kegg.reaction:R03443,contains_N
PMT0709,kegg.compound:C00009,Orthophosphate,1,kegg.reaction:R03443,no_N
PMT0709,kegg.compound:C00080,H+,1,kegg.reaction:R03443,no_N
PMT0709,kegg.compound:C01250,N-Acetyl-L-glutamate 5-semialdehyde,1,kegg.reaction:R03443,contains_N
PMT0709,kegg.compound:C04133,N-Acetyl-L-glutamate 5-phosphate,1,kegg.reaction:R03443,contains_N
PMT0710,kegg.compound:C00001,H2O,1,kegg.reaction:R04326,no_N
PMT0710,kegg.compound:C00101,Tetrahydrofolate,2,kegg.reaction:R04325 | kegg.reaction:R04326,contains_N
PMT0710,kegg.compound:C00234,10-Formyltetrahydrofolate,1,kegg.reaction:R04325,contains_N
PMT0710,kegg.compound:C00445,"5,10-Methenyltetrahydrofolate",1,kegg.reaction:R04326,contains_N
PMT0710,kegg.compound:C03838,5^-Phosphoribosylglycinamide,2,kegg.reaction:R04325 | kegg.reaction:R04326,contains_N
PMT0710,kegg.compound:C04376,5^-Phosphoribosyl-N-formylglycinamide,2,kegg.reaction:R04325 | kegg.reaction:R04326,contains_N
PMT0714,kegg.compound:C00668,alpha-D-Glucose 6-phosphate,2,kegg.reaction:R02739 | kegg.reaction:R02740,no_N
PMT0714,kegg.compound:C01172,beta-D-Glucose 6-phosphate,2,kegg.reaction:R02739 | kegg.reaction:R03321,no_N
PMT0714,kegg.compound:C05345,beta-D-Fructose 6-phosphate,2,kegg.reaction:R02740 | kegg.reaction:R03321,no_N
PMT0715,kegg.compound:C00002,ATP,1,kegg.reaction:R03657,contains_N
PMT0715,kegg.compound:C00013,Diphosphate,1,kegg.reaction:R03657,no_N
PMT0715,kegg.compound:C00020,AMP,1,kegg.reaction:R03657,contains_N
PMT0715,kegg.compound:C00123,L-Leucine,1,kegg.reaction:R03657,contains_N
PMT0715,kegg.compound:C01645,tRNA(Leu),1,kegg.reaction:R03657,contains_N
PMT0715,kegg.compound:C02047,L-Leucyl-tRNA,1,kegg.reaction:R03657,contains_N
PMT0716,kegg.compound:C00666,"LL-2,6-Diaminoheptanedioate",1,kegg.reaction:R02735,contains_N
PMT0716,kegg.compound:C00680,"meso-2,6-Diaminoheptanedioate",1,kegg.reaction:R02735,contains_N
PMT0717,kegg.compound:C00041,L-Alanine,2,kegg.reaction:R07460 | kegg.reaction:R11528,contains_N
PMT0717,kegg.compound:C00097,L-Cysteine,2,kegg.reaction:R07460 | kegg.reaction:R11528,contains_N
PMT0717,kegg.compound:C02743,[Protein]-L-cysteine,2,kegg.reaction:R11528 | kegg.reaction:R11529,contains_N
PMT0717,kegg.compound:C15811,[Enzyme]-cysteine,2,kegg.reaction:R07460 | kegg.reaction:R11529,contains_N
PMT0717,kegg.compound:C15812,[Enzyme]-S-sulfanylcysteine,2,kegg.reaction:R07460 | kegg.reaction:R11529,contains_N
PMT0717,kegg.compound:C21440,[Protein]-S-sulfanyl-L-cysteine,2,kegg.reaction:R11528 | kegg.reaction:R11529,contains_N
PMT0722,kegg.compound:C00002,ATP,1,kegg.reaction:R03035,contains_N
PMT0722,kegg.compound:C00013,Diphosphate,1,kegg.reaction:R03035,no_N
PMT0722,kegg.compound:C00882,Dephospho-CoA,1,kegg.reaction:R03035,contains_N
PMT0722,kegg.compound:C01134,Pantetheine 4^-phosphate,1,kegg.reaction:R03035,contains_N
PMT0738,kegg.compound:C00002,ATP,1,kegg.reaction:R03660,contains_N
PMT0738,kegg.compound:C00013,Diphosphate,1,kegg.reaction:R03660,no_N
PMT0738,kegg.compound:C00020,AMP,1,kegg.reaction:R03660,contains_N
PMT0738,kegg.compound:C00079,L-Phenylalanine,1,kegg.reaction:R03660,contains_N
PMT0738,kegg.compound:C01648,tRNA(Phe),1,kegg.reaction:R03660,contains_N
PMT0738,kegg.compound:C03511,L-Phenylalanyl-tRNA(Phe),1,kegg.reaction:R03660,contains_N
PMT0743,kegg.compound:C00002,ATP,2,kegg.reaction:R03659 | kegg.reaction:R04773,contains_N
PMT0743,kegg.compound:C00013,Diphosphate,2,kegg.reaction:R03659 | kegg.reaction:R04773,no_N
PMT0743,kegg.compound:C00020,AMP,2,kegg.reaction:R03659 | kegg.reaction:R04773,contains_N
PMT0743,kegg.compound:C00073,L-Methionine,1,kegg.reaction:R03659,contains_N
PMT0743,kegg.compound:C01647,tRNA(Met),2,kegg.reaction:R03659 | kegg.reaction:R04773,contains_N
PMT0743,kegg.compound:C02430,L-Methionyl-tRNA,1,kegg.reaction:R03659,contains_N
PMT0743,kegg.compound:C05335,L-Selenomethionine,1,kegg.reaction:R04773,contains_N
PMT0743,kegg.compound:C05336,Selenomethionyl-tRNA(Met),1,kegg.reaction:R04773,contains_N
PMT0749,kegg.compound:C00002,ATP,1,kegg.reaction:R05221,contains_N
PMT0749,kegg.compound:C00008,ADP,1,kegg.reaction:R05221,contains_N
PMT0749,kegg.compound:C00013,Diphosphate,1,kegg.reaction:R05222,no_N
PMT0749,kegg.compound:C00035,GDP,1,kegg.reaction:R06558,contains_N
PMT0749,kegg.compound:C00044,GTP,2,kegg.reaction:R05222 | kegg.reaction:R06558,contains_N
PMT0749,kegg.compound:C06508,Adenosyl cobinamide,2,kegg.reaction:R05221 | kegg.reaction:R06558,contains_N
PMT0749,kegg.compound:C06509,Adenosyl cobinamide phosphate,3,kegg.reaction:R05221 | kegg.reaction:R05222 | kegg.reaction:R06558,contains_N
PMT0749,kegg.compound:C06510,Adenosine-GDP-cobinamide,1,kegg.reaction:R05222,contains_N
PMT0758,kegg.compound:C00002,ATP,1,kegg.reaction:R01514,contains_N
PMT0758,kegg.compound:C00008,ADP,1,kegg.reaction:R01514,contains_N
PMT0758,kegg.compound:C00197,3-Phospho-D-glycerate,1,kegg.reaction:R01514,no_N
PMT0758,kegg.compound:C00258,D-Glycerate,1,kegg.reaction:R01514,no_N
PMT0767,kegg.compound:C00009,Orthophosphate,1,kegg.reaction:R11225,no_N
PMT0767,kegg.compound:C00011,CO2,5,kegg.reaction:R01238 | kegg.reaction:R02952 | kegg.reaction:R03367 | kegg.reaction:R04985 | kegg.reaction:R04986,no_N
PMT0767,kegg.compound:C00146,Phenol,1,kegg.reaction:R01238,no_N
PMT0767,kegg.compound:C00156,4-Hydroxybenzoate,1,kegg.reaction:R01238,no_N
PMT0767,kegg.compound:C00811,4-Coumarate,1,kegg.reaction:R02952,no_N
PMT0767,kegg.compound:C01197,Caffeate,1,kegg.reaction:R03367,no_N
PMT0767,kegg.compound:C01847,Reduced FMN,1,kegg.reaction:R11225,contains_N
PMT0767,kegg.compound:C05627,4-Hydroxystyrene,1,kegg.reaction:R02952,no_N
PMT0767,kegg.compound:C05807,2-Polyprenylphenol,1,kegg.reaction:R04985,no_N
PMT0767,kegg.compound:C05809,3-Octaprenyl-4-hydroxybenzoate,1,kegg.reaction:R04986,no_N
PMT0767,kegg.compound:C05810,2-Octaprenylphenol,1,kegg.reaction:R04986,no_N
PMT0767,kegg.compound:C05848,4-Hydroxy-3-polyprenylbenzoate,1,kegg.reaction:R04985,no_N
PMT0767,kegg.compound:C06224,"3,4-Dihydroxystyrene",1,kegg.reaction:R03367,no_N
PMT0767,kegg.compound:C21214,Dimethylallyl phosphate,1,kegg.reaction:R11225,no_N
PMT0767,kegg.compound:C21215,Prenylated FMNH2,1,kegg.reaction:R11225,contains_N
PMT0772,kegg.compound:C00101,Tetrahydrofolate,1,kegg.reaction:R03940,contains_N
PMT0772,kegg.compound:C00234,10-Formyltetrahydrofolate,1,kegg.reaction:R03940,contains_N
PMT0772,kegg.compound:C02430,L-Methionyl-tRNA,1,kegg.reaction:R03940,contains_N
PMT0772,kegg.compound:C03294,N-Formylmethionyl-tRNA,1,kegg.reaction:R03940,contains_N
PMT0774,kegg.compound:C00001,H2O,1,kegg.reaction:R11107,no_N
PMT0774,kegg.compound:C00005,NADPH,1,kegg.reaction:R11107,contains_N
PMT0774,kegg.compound:C00006,NADP+,1,kegg.reaction:R11107,contains_N
PMT0774,kegg.compound:C00007,Oxygen,1,kegg.reaction:R11107,no_N
PMT0774,kegg.compound:C00080,H+,1,kegg.reaction:R11107,no_N
PMT0774,kegg.compound:C12491,Pyrrolnitrin,1,kegg.reaction:R11107,contains_N
PMT0774,kegg.compound:C21109,Aminopyrrolnitrin,1,kegg.reaction:R11107,contains_N
PMT0777,kegg.compound:C00001,H2O,2,kegg.reaction:R08689 | kegg.reaction:R10859,no_N
PMT0777,kegg.compound:C00138,Reduced ferredoxin,1,kegg.reaction:R08689,no_N
PMT0777,kegg.compound:C00139,Oxidized ferredoxin,1,kegg.reaction:R08689,no_N
PMT0777,kegg.compound:C02745,Reduced flavodoxin,1,kegg.reaction:R10859,no_formula
PMT0777,kegg.compound:C02869,Oxidized flavodoxin,1,kegg.reaction:R10859,no_formula
PMT0777,kegg.compound:C11453,"2-C-Methyl-D-erythritol 2,4-cyclodiphosphate",2,kegg.reaction:R08689 | kegg.reaction:R10859,no_N
PMT0777,kegg.compound:C11811,1-Hydroxy-2-methyl-2-butenyl 4-diphosphate,2,kegg.reaction:R08689 | kegg.reaction:R10859,no_N
PMT0779,kegg.compound:C00025,L-Glutamate,6,kegg.reaction:R00355 | kegg.reaction:R00694 | kegg.reaction:R00734 | kegg.reaction:R02433 | kegg.reaction:R02619 | kegg.reaction:R05052,contains_N
PMT0779,kegg.compound:C00026,2-Oxoglutarate,7,kegg.reaction:R00355 | kegg.reaction:R00694 | kegg.reaction:R00734 | kegg.reaction:R00896 | kegg.reaction:R02433 | kegg.reaction:R02619 | kegg.reaction:R05052,no_N
PMT0779,kegg.compound:C00036,Oxaloacetate,1,kegg.reaction:R00355,no_N
PMT0779,kegg.compound:C00049,L-Aspartate,1,kegg.reaction:R00355,contains_N
PMT0779,kegg.compound:C00079,L-Phenylalanine,1,kegg.reaction:R00694,contains_N
PMT0779,kegg.compound:C00082,L-Tyrosine,1,kegg.reaction:R00734,contains_N
PMT0779,kegg.compound:C00097,L-Cysteine,1,kegg.reaction:R00896,contains_N
PMT0779,kegg.compound:C00166,Phenylpyruvate,1,kegg.reaction:R00694,no_N
PMT0779,kegg.compound:C00302,Glutamate,1,kegg.reaction:R00896,contains_N
PMT0779,kegg.compound:C00506,L-Cysteate,1,kegg.reaction:R02433,contains_N
PMT0779,kegg.compound:C00606,3-Sulfino-L-alanine,1,kegg.reaction:R02619,contains_N
PMT0779,kegg.compound:C00957,Mercaptopyruvate,1,kegg.reaction:R00896,no_N
PMT0779,kegg.compound:C01179,3-(4-Hydroxyphenyl)pyruvate,1,kegg.reaction:R00734,no_N
PMT0779,kegg.compound:C05527,3-Sulfinylpyruvate,1,kegg.reaction:R02619,no_N
PMT0779,kegg.compound:C05528,3-Sulfopyruvate,1,kegg.reaction:R02433,no_N
PMT0779,kegg.compound:C05946,(4R)-4-Hydroxy-2-oxoglutarate,1,kegg.reaction:R05052,no_N
PMT0779,kegg.compound:C05947,L-erythro-4-Hydroxyglutamate,1,kegg.reaction:R05052,contains_N
PMT0793,kegg.compound:C00001,H2O,4,kegg.reaction:R02017 | kegg.reaction:R02018 | kegg.reaction:R02019 | kegg.reaction:R02024,no_N
PMT0793,kegg.compound:C00008,ADP,1,kegg.reaction:R02017,contains_N
PMT0793,kegg.compound:C00015,UDP,1,kegg.reaction:R02018,contains_N
PMT0793,kegg.compound:C00035,GDP,1,kegg.reaction:R02019,contains_N
PMT0793,kegg.compound:C00112,CDP,1,kegg.reaction:R02024,contains_N
PMT0793,kegg.compound:C00206,dADP,1,kegg.reaction:R02017,contains_N
PMT0793,kegg.compound:C00342,Thioredoxin,4,kegg.reaction:R02017 | kegg.reaction:R02018 | kegg.reaction:R02019 | kegg.reaction:R02024,contains_N
PMT0793,kegg.compound:C00343,Thioredoxin disulfide,4,kegg.reaction:R02017 | kegg.reaction:R02018 | kegg.reaction:R02019 | kegg.reaction:R02024,contains_N
PMT0793,kegg.compound:C00361,dGDP,1,kegg.reaction:R02019,contains_N
PMT0793,kegg.compound:C00705,dCDP,1,kegg.reaction:R02024,contains_N
PMT0793,kegg.compound:C01346,dUDP,1,kegg.reaction:R02018,contains_N
PMT0798,kegg.compound:C00001,H2O,2,kegg.reaction:R01231 | kegg.reaction:R08244,no_N
PMT0798,kegg.compound:C00002,ATP,3,kegg.reaction:R01230 | kegg.reaction:R01231 | kegg.reaction:R08244,contains_N
PMT0798,kegg.compound:C00013,Diphosphate,3,kegg.reaction:R01230 | kegg.reaction:R01231 | kegg.reaction:R08244,no_N
PMT0798,kegg.compound:C00014,Ammonia,1,kegg.reaction:R01230,contains_N
PMT0798,kegg.compound:C00020,AMP,3,kegg.reaction:R01230 | kegg.reaction:R01231 | kegg.reaction:R08244,contains_N
PMT0798,kegg.compound:C00025,L-Glutamate,2,kegg.reaction:R01231 | kegg.reaction:R08244,contains_N
PMT0798,kegg.compound:C00064,L-Glutamine,2,kegg.reaction:R01231 | kegg.reaction:R08244,contains_N
PMT0798,kegg.compound:C00144,GMP,2,kegg.reaction:R01230 | kegg.reaction:R01231,contains_N
PMT0798,kegg.compound:C00655,Xanthosine 5^-phosphate,2,kegg.reaction:R01230 | kegg.reaction:R01231,contains_N
PMT0798,kegg.compound:C16618,6-Thioxanthine 5^-monophosphate,1,kegg.reaction:R08244,contains_N
PMT0798,kegg.compound:C16619,6-Thioguanosine monophosphate,1,kegg.reaction:R08244,contains_N
PMT0810,kegg.compound:C00013,Diphosphate,3,kegg.reaction:R00190 | kegg.reaction:R01229 | kegg.reaction:R04378,no_N
PMT0810,kegg.compound:C00020,AMP,1,kegg.reaction:R00190,contains_N
PMT0810,kegg.compound:C00119,5-Phospho-alpha-D-ribose 1-diphosphate,3,kegg.reaction:R00190 | kegg.reaction:R01229 | kegg.reaction:R04378,no_N
PMT0810,kegg.compound:C00144,GMP,1,kegg.reaction:R01229,contains_N
PMT0810,kegg.compound:C00147,Adenine,1,kegg.reaction:R00190,contains_N
PMT0810,kegg.compound:C00242,Guanine,1,kegg.reaction:R01229,contains_N
PMT0810,kegg.compound:C04051,5-Amino-4-imidazolecarboxyamide,1,kegg.reaction:R04378,contains_N
PMT0810,kegg.compound:C04677,1-(5^-Phosphoribosyl)-5-amino-4-imidazolecarboxamide,1,kegg.reaction:R04378,contains_N
PMT0814,kegg.compound:C00001,H2O,2,kegg.reaction:R04198 | kegg.reaction:R04199,no_N
PMT0814,kegg.compound:C00003,NAD+,1,kegg.reaction:R04198,contains_N
PMT0814,kegg.compound:C00004,NADH,1,kegg.reaction:R04198,contains_N
PMT0814,kegg.compound:C00005,NADPH,1,kegg.reaction:R04199,contains_N
PMT0814,kegg.compound:C00006,NADP+,1,kegg.reaction:R04199,contains_N
PMT0814,kegg.compound:C00080,H+,2,kegg.reaction:R04198 | kegg.reaction:R04199,no_N
PMT0814,kegg.compound:C03972,"2,3,4,5-Tetrahydrodipicolinate",2,kegg.reaction:R04198 | kegg.reaction:R04199,contains_N
PMT0814,kegg.compound:C20258,"(2S,4S)-4-Hydroxy-2,3,4,5-tetrahydrodipicolinate",2,kegg.reaction:R04198 | kegg.reaction:R04199,contains_N
PMT0815,kegg.compound:C00001,H2O,1,kegg.reaction:R03877,no_N
PMT0815,kegg.compound:C00002,ATP,1,kegg.reaction:R03877,contains_N
PMT0815,kegg.compound:C00008,ADP,1,kegg.reaction:R03877,contains_N
PMT0815,kegg.compound:C00009,Orthophosphate,1,kegg.reaction:R03877,no_N
PMT0815,kegg.compound:C00080,H+,1,kegg.reaction:R03877,no_N
PMT0815,kegg.compound:C00305,Magnesium cation,1,kegg.reaction:R03877,no_N
PMT0815,kegg.compound:C02191,Protoporphyrin,1,kegg.reaction:R03877,contains_N
PMT0815,kegg.compound:C03516,Magnesium protoporphyrin,1,kegg.reaction:R03877,contains_N
PMT0816,kegg.compound:C00001,H2O,1,kegg.reaction:R03066,no_N
PMT0816,kegg.compound:C00013,Diphosphate,1,kegg.reaction:R03067,no_N
PMT0816,kegg.compound:C00568,4-Aminobenzoate,2,kegg.reaction:R03066 | kegg.reaction:R03067,contains_N
PMT0816,kegg.compound:C00921,Dihydropteroate,2,kegg.reaction:R03066 | kegg.reaction:R03067,contains_N
PMT0816,kegg.compound:C01300,"6-(Hydroxymethyl)-7,8-dihydropterin",1,kegg.reaction:R03066,contains_N
PMT0816,kegg.compound:C04807,"6-Hydroxymethyl-7,8-dihydropterin diphosphate",1,kegg.reaction:R03067,contains_N
PMT0817,kegg.compound:C00111,Glycerone phosphate,1,kegg.reaction:R01015,no_N
PMT0817,kegg.compound:C00118,D-Glyceraldehyde 3-phosphate,1,kegg.reaction:R01015,no_N
PMT0822,kegg.compound:C00001,H2O,2,kegg.reaction:R00256 | kegg.reaction:R00575,no_N
PMT0822,kegg.compound:C00002,ATP,3,kegg.reaction:R00575 | kegg.reaction:R01395 | kegg.reaction:R10948,contains_N
PMT0822,kegg.compound:C00008,ADP,3,kegg.reaction:R00575 | kegg.reaction:R01395 | kegg.reaction:R10948,contains_N
PMT0822,kegg.compound:C00009,Orthophosphate,2,kegg.reaction:R00575 | kegg.reaction:R10949,no_N
PMT0822,kegg.compound:C00014,Ammonia,2,kegg.reaction:R00256 | kegg.reaction:R10949,contains_N
PMT0822,kegg.compound:C00025,L-Glutamate,2,kegg.reaction:R00256 | kegg.reaction:R00575,contains_N
PMT0822,kegg.compound:C00064,L-Glutamine,2,kegg.reaction:R00256 | kegg.reaction:R00575,contains_N
PMT0822,kegg.compound:C00169,Carbamoyl phosphate,2,kegg.reaction:R00575 | kegg.reaction:R01395,contains_N
PMT0822,kegg.compound:C00288,HCO3-,2,kegg.reaction:R00575 | kegg.reaction:R10948,no_N
PMT0822,kegg.compound:C01563,Carbamate,2,kegg.reaction:R01395 | kegg.reaction:R10949,contains_N
PMT0822,kegg.compound:C20969,Carboxyphosphate,2,kegg.reaction:R10948 | kegg.reaction:R10949,no_N
PMT0825,kegg.compound:C00001,H2O,1,kegg.reaction:R00485,no_N
PMT0825,kegg.compound:C00014,Ammonia,1,kegg.reaction:R00485,contains_N
PMT0825,kegg.compound:C00049,L-Aspartate,1,kegg.reaction:R00485,contains_N
PMT0825,kegg.compound:C00152,L-Asparagine,1,kegg.reaction:R00485,contains_N
PMT0871,kegg.compound:C00005,NADPH,2,kegg.reaction:R03845 | kegg.reaction:R06286,contains_N
PMT0871,kegg.compound:C00006,NADP+,2,kegg.reaction:R03845 | kegg.reaction:R06286,contains_N
PMT0871,kegg.compound:C00080,H+,2,kegg.reaction:R03845 | kegg.reaction:R06286,no_N
PMT0871,kegg.compound:C02139,Chlorophyllide,1,kegg.reaction:R03845,contains_N
PMT0871,kegg.compound:C02880,Protochlorophyllide,1,kegg.reaction:R03845,contains_N
PMT0871,kegg.compound:C11831,Divinylprotochlorophyllide,1,kegg.reaction:R06286,contains_N
PMT0871,kegg.compound:C11832,Divinyl chlorophyllide a,1,kegg.reaction:R06286,contains_N
PMT0875,kegg.compound:C00033,Acetate,2,kegg.reaction:R01287 | kegg.reaction:R04859,no_N
PMT0875,kegg.compound:C00080,H+,1,kegg.reaction:R04859,no_N
PMT0875,kegg.compound:C00094,Sulfite,1,kegg.reaction:R04859,no_N
PMT0875,kegg.compound:C00097,L-Cysteine,1,kegg.reaction:R04859,contains_N
PMT0875,kegg.compound:C00155,L-Homocysteine,1,kegg.reaction:R01287,contains_N
PMT0875,kegg.compound:C00283,Hydrogen sulfide,1,kegg.reaction:R01287,no_N
PMT0875,kegg.compound:C00320,Thiosulfate,1,kegg.reaction:R04859,no_N
PMT0875,kegg.compound:C00342,Thioredoxin,1,kegg.reaction:R04859,contains_N
PMT0875,kegg.compound:C00343,Thioredoxin disulfide,1,kegg.reaction:R04859,contains_N
PMT0875,kegg.compound:C00979,O-Acetyl-L-serine,1,kegg.reaction:R04859,contains_N
PMT0875,kegg.compound:C01077,O-Acetyl-L-homoserine,1,kegg.reaction:R01287,contains_N
PMT0876,kegg.compound:C00010,CoA,1,kegg.reaction:R01777,contains_N
PMT0876,kegg.compound:C00091,Succinyl-CoA,1,kegg.reaction:R01777,contains_N
PMT0876,kegg.compound:C00263,L-Homoserine,1,kegg.reaction:R01777,contains_N
PMT0876,kegg.compound:C01118,O-Succinyl-L-homoserine,1,kegg.reaction:R01777,contains_N
PMT0901,kegg.compound:C00080,H+,1,kegg.reaction:R05807,no_N
PMT0901,kegg.compound:C00175,Cobalt ion,1,kegg.reaction:R05807,no_N
PMT0901,kegg.compound:C05778,Sirohydrochlorin,1,kegg.reaction:R05807,contains_N
PMT0901,kegg.compound:C11538,Cobalt-sirohydrochlorin,1,kegg.reaction:R05807,contains_N
PMT0910,kegg.compound:C00002,ATP,2,kegg.reaction:R01051 | kegg.reaction:R02750,contains_N
PMT0910,kegg.compound:C00008,ADP,2,kegg.reaction:R01051 | kegg.reaction:R02750,contains_N
PMT0910,kegg.compound:C00117,D-Ribose 5-phosphate,1,kegg.reaction:R01051,no_N
PMT0910,kegg.compound:C00121,D-Ribose,1,kegg.reaction:R01051,no_N
PMT0910,kegg.compound:C00673,2-Deoxy-D-ribose 5-phosphate,1,kegg.reaction:R02750,no_N
PMT0910,kegg.compound:C01801,Deoxyribose,1,kegg.reaction:R02750,no_N
PMT1031,kegg.compound:C00001,H2O,10,kegg.reaction:R03893 | kegg.reaction:R05510 | kegg.reaction:R05511 | kegg.reaction:R06835 | kegg.reaction:R06838 | kegg.reaction:R08120 | kegg.reaction:R08121 | kegg.reaction:R09136 | kegg.reaction:R09220 | kegg.reaction:R09222,no_N
PMT1031,kegg.compound:C02222,2-Maleylacetate,4,kegg.reaction:R03893 | kegg.reaction:R06838 | kegg.reaction:R08120 | kegg.reaction:R08121,no_N
PMT1031,kegg.compound:C04431,cis-4-Carboxymethylenebut-2-en-4-olide,1,kegg.reaction:R03893,no_N
PMT1031,kegg.compound:C04706,"cis-2-Chloro-4-carboxymethylenebut-2-en-1,4-olide",1,kegg.reaction:R05511,no_N
PMT1031,kegg.compound:C06329,2-Chloromaleylacetate,1,kegg.reaction:R05511,no_N
PMT1031,kegg.compound:C07090,Protoanemonin,1,kegg.reaction:R05510,no_N
PMT1031,kegg.compound:C07091,cis-Acetylacrylate,1,kegg.reaction:R05510,no_N
PMT1031,kegg.compound:C12834,"2,5-Dichloro-carboxymethylenebut-2-en-4-olide",1,kegg.reaction:R06835,no_N
PMT1031,kegg.compound:C12835,"2,5-Dichloro-4-oxohex-2-enedioate",1,kegg.reaction:R06835,no_N
PMT1031,kegg.compound:C12838,trans-4-Carboxymethylenebut-2-en-4-olide,1,kegg.reaction:R06838,no_N
PMT1031,kegg.compound:C16476,4-Fluoromuconolactone,1,kegg.reaction:R08121,no_N
PMT1031,kegg.compound:C16477,5-Fluoromuconolactone,1,kegg.reaction:R08120,no_N
PMT1031,kegg.compound:C16487,Hydrofluoric acid,2,kegg.reaction:R08120 | kegg.reaction:R08121,no_N
PMT1031,kegg.compound:C18242,"2,3,5-Trichlorodienelactone",1,kegg.reaction:R09136,no_N
PMT1031,kegg.compound:C18243,"2,3,5-Trichloromaleylacetate",1,kegg.reaction:R09136,no_N
PMT1031,kegg.compound:C18304,2-Chloro-5-methyl-cis-dienelactone,1,kegg.reaction:R09222,no_N
PMT1031,kegg.compound:C18305,2-Chloro-5-methylmaleylacetate,1,kegg.reaction:R09222,no_N
PMT1031,kegg.compound:C18309,3-Chloro-2-methyldienelactone,1,kegg.reaction:R09220,no_N
PMT1031,kegg.compound:C18310,3-Chloro-2-methylmaleylacetate,1,kegg.reaction:R09220,no_N
PMT1051,kegg.compound:C05432,Lycopene,1,kegg.reaction:R07512,no_N
PMT1051,kegg.compound:C15858,"7,9,7^,9^-tetracis-Lycopene",1,kegg.reaction:R07512,no_N
PMT1052,kegg.compound:C00001,H2O,2,kegg.reaction:R00899 | kegg.reaction:R04951,no_N
PMT1052,kegg.compound:C00037,Glycine,2,kegg.reaction:R00899 | kegg.reaction:R04951,contains_N
PMT1052,kegg.compound:C00097,L-Cysteine,1,kegg.reaction:R00899,contains_N
PMT1052,kegg.compound:C01419,Cys-Gly,1,kegg.reaction:R00899,contains_N
PMT1052,kegg.compound:C05726,S-Substituted L-cysteine,1,kegg.reaction:R04951,contains_N
PMT1052,kegg.compound:C05729,R-S-Cysteinylglycine,1,kegg.reaction:R04951,contains_N
PMT1056,kegg.compound:C00019,S-Adenosyl-L-methionine,1,kegg.reaction:R01078,contains_N
PMT1056,kegg.compound:C00073,L-Methionine,1,kegg.reaction:R01078,contains_N
PMT1056,kegg.compound:C00080,H+,1,kegg.reaction:R01078,no_N
PMT1056,kegg.compound:C00120,Biotin,1,kegg.reaction:R01078,contains_N
PMT1056,kegg.compound:C01909,Dethiobiotin,1,kegg.reaction:R01078,contains_N
PMT1056,kegg.compound:C05198,5^-Deoxyadenosine,1,kegg.reaction:R01078,contains_N
PMT1056,kegg.compound:C05359,e-,1,kegg.reaction:R01078,no_formula
PMT1056,kegg.compound:C17023,Sulfur donor,1,kegg.reaction:R01078,no_formula
PMT1057,kegg.compound:C00013,Diphosphate,1,kegg.reaction:R06447,no_N
PMT1057,kegg.compound:C00129,Isopentenyl diphosphate,1,kegg.reaction:R06447,no_N
PMT1057,kegg.compound:C00448,"trans,trans-Farnesyl diphosphate",1,kegg.reaction:R06447,no_N
PMT1057,kegg.compound:C04574,"di-trans,poly-cis-Undecaprenyl diphosphate",1,kegg.reaction:R06447,no_N
PMT1059,kegg.compound:C00011,CO2,1,kegg.reaction:R00451,no_N
PMT1059,kegg.compound:C00047,L-Lysine,1,kegg.reaction:R00451,contains_N
PMT1059,kegg.compound:C00680,"meso-2,6-Diaminoheptanedioate",1,kegg.reaction:R00451,contains_N
PMT1062,kegg.compound:C00001,H2O,1,kegg.reaction:R07105,no_N
PMT1062,kegg.compound:C00003,NAD+,16,kegg.reaction:R00623 | kegg.reaction:R00754 | kegg.reaction:R01034 | kegg.reaction:R02124 | kegg.reaction:R04805 | kegg.reaction:R04880 | kegg.reaction:R05233 | kegg.reaction:R05234 | kegg.reaction:R06917 | kegg.reaction:R06927 | kegg.reaction:R07105 | kegg.reaction:R08281 | kegg.reaction:R08306 | kegg.reaction:R08310 | kegg.reaction:R10715 | kegg.reaction:R10717,contains_N
PMT1062,kegg.compound:C00004,NADH,16,kegg.reaction:R00623 | kegg.reaction:R00754 | kegg.reaction:R01034 | kegg.reaction:R02124 | kegg.reaction:R04805 | kegg.reaction:R04880 | kegg.reaction:R05233 | kegg.reaction:R05234 | kegg.reaction:R06917 | kegg.reaction:R06927 | kegg.reaction:R07105 | kegg.reaction:R08281 | kegg.reaction:R08306 | kegg.reaction:R08310 | kegg.reaction:R10715 | kegg.reaction:R10717,contains_N
PMT1062,kegg.compound:C00071,Aldehyde,1,kegg.reaction:R00623,no_N
PMT1062,kegg.compound:C00080,H+,16,kegg.reaction:R00623 | kegg.reaction:R00754 | kegg.reaction:R01034 | kegg.reaction:R02124 | kegg.reaction:R04805 | kegg.reaction:R04880 | kegg.reaction:R05233 | kegg.reaction:R05234 | kegg.reaction:R06917 | kegg.reaction:R06927 | kegg.reaction:R07105 | kegg.reaction:R08281 | kegg.reaction:R08306 | kegg.reaction:R08310 | kegg.reaction:R10715 | kegg.reaction:R10717,no_N
PMT1062,kegg.compound:C00084,Acetaldehyde,1,kegg.reaction:R00754,no_N
PMT1062,kegg.compound:C00116,Glycerol,1,kegg.reaction:R01034,no_N
PMT1062,kegg.compound:C00184,Glycerone,1,kegg.reaction:R01034,no_N
PMT1062,kegg.compound:C00226,Primary alcohol,1,kegg.reaction:R00623,no_N
PMT1062,kegg.compound:C00376,Retinal,1,kegg.reaction:R02124,no_N
PMT1062,kegg.compound:C00424,(S)-Lactaldehyde,1,kegg.reaction:R10715,no_N
PMT1062,kegg.compound:C00469,Ethanol,1,kegg.reaction:R00754,no_N
PMT1062,kegg.compound:C00473,Retinol,1,kegg.reaction:R02124,no_N
PMT1062,kegg.compound:C00546,Methylglyoxal,1,kegg.reaction:R10715,no_N
PMT1062,kegg.compound:C00583,"Propane-1,2-diol",1,kegg.reaction:R10717,no_N
PMT1062,kegg.compound:C02909,(2-Naphthyl)methanol,1,kegg.reaction:R06927,no_N
PMT1062,kegg.compound:C05235,Hydroxyacetone,1,kegg.reaction:R10717,no_N
PMT1062,kegg.compound:C05444,"3alpha,7alpha,26-Trihydroxy-5beta-cholestane",1,kegg.reaction:R04805,no_N
PMT1062,kegg.compound:C05445,"3alpha,7alpha-Dihydroxy-5beta-cholestan-26-al",1,kegg.reaction:R04805,no_N
PMT1062,kegg.compound:C05576,"3,4-Dihydroxyphenylethyleneglycol",1,kegg.reaction:R04880,no_N
PMT1062,kegg.compound:C05577,"3,4-Dihydroxymandelaldehyde",1,kegg.reaction:R04880,no_N
PMT1062,kegg.compound:C06611,trans-3-Chloro-2-propene-1-ol,1,kegg.reaction:R05233,no_N
PMT1062,kegg.compound:C06612,cis-3-Chloro-2-propene-1-ol,1,kegg.reaction:R05234,no_N
PMT1062,kegg.compound:C06613,trans-3-Chloroallyl aldehyde,1,kegg.reaction:R05233,no_N
PMT1062,kegg.compound:C06899,Chloral hydrate,1,kegg.reaction:R07105,no_N
PMT1062,kegg.compound:C07490,Trichloroethanol,1,kegg.reaction:R07105,no_N
PMT1062,kegg.compound:C07645,Aldophosphamide,1,kegg.reaction:R08281,contains_N
PMT1062,kegg.compound:C14089,1-Hydroxymethylnaphthalene,1,kegg.reaction:R06917,no_N
PMT1062,kegg.compound:C14090,1-Naphthaldehyde,1,kegg.reaction:R06917,no_N
PMT1062,kegg.compound:C14099,2-Naphthaldehyde,1,kegg.reaction:R06927,no_N
PMT1062,kegg.compound:C16348,cis-3-Chloroallyl aldehyde,1,kegg.reaction:R05234,no_N
PMT1062,kegg.compound:C16551,Alcophosphamide,1,kegg.reaction:R08281,contains_N
PMT1062,kegg.compound:C16586,"2-Phenyl-1,3-propanediol monocarbamate",1,kegg.reaction:R08306,contains_N
PMT1062,kegg.compound:C16587,3-Carbamoyl-2-phenylpropionaldehyde,1,kegg.reaction:R08306,contains_N
PMT1062,kegg.compound:C16595,"4-Hydroxy-5-phenyltetrahydro-1,3-oxazin-2-one",1,kegg.reaction:R08310,contains_N
PMT1062,kegg.compound:C16596,"5-Phenyl-1,3-oxazinane-2,4-dione",1,kegg.reaction:R08310,contains_N
PMT1066,kegg.compound:C00011,CO2,1,kegg.reaction:R00462,no_N
PMT1066,kegg.compound:C00047,L-Lysine,1,kegg.reaction:R00462,contains_N
PMT1066,kegg.compound:C01672,Cadaverine,1,kegg.reaction:R00462,contains_N
PMT1071,kegg.compound:C00031,D-Glucose,1,kegg.reaction:R05196,no_N
PMT1071,kegg.compound:C00208,Maltose,1,kegg.reaction:R05196,no_N
PMT1071,kegg.compound:C00718,Amylose,1,kegg.reaction:R05196,no_N
PMT1074,kegg.compound:C00002,ATP,1,kegg.reaction:R01049,contains_N
PMT1074,kegg.compound:C00020,AMP,1,kegg.reaction:R01049,contains_N
PMT1074,kegg.compound:C00117,D-Ribose 5-phosphate,1,kegg.reaction:R01049,no_N
PMT1074,kegg.compound:C00119,5-Phospho-alpha-D-ribose 1-diphosphate,1,kegg.reaction:R01049,no_N
PMT1076,kegg.compound:C00019,S-Adenosyl-L-methionine,1,kegg.reaction:R07767,contains_N
PMT1076,kegg.compound:C00073,L-Methionine,1,kegg.reaction:R07767,contains_N
PMT1076,kegg.compound:C00080,H+,1,kegg.reaction:R07767,no_N
PMT1076,kegg.compound:C00283,Hydrogen sulfide,1,kegg.reaction:R07767,no_N
PMT1076,kegg.compound:C05198,5^-Deoxyadenosine,1,kegg.reaction:R07767,contains_N
PMT1076,kegg.compound:C14818,Fe2+,1,kegg.reaction:R07767,no_N
PMT1076,kegg.compound:C16236,[Protein]-N6-(octanoyl)-L-lysine,1,kegg.reaction:R07767,contains_N
PMT1076,kegg.compound:C16832,[Protein]-N6-[(R)-dihydrolipoyl]-L-lysine,1,kegg.reaction:R07767,contains_N
PMT1076,kegg.compound:C22150,Reduced [2Fe-2S] ferredoxin,1,kegg.reaction:R07767,no_formula
PMT1076,kegg.compound:C22151,Oxidized [2Fe-2S] ferredoxin,1,kegg.reaction:R07767,no_formula
PMT1076,kegg.compound:C22154,[Fe-S] cluster scaffold protein carrying a [4Fe-4S]2+ cluster,1,kegg.reaction:R07767,no_formula
PMT1076,kegg.compound:C22155,[Fe-S] cluster scaffold protein,1,kegg.reaction:R07767,no_formula
PMT1091,kegg.compound:C00001,H2O,1,kegg.reaction:R05838,no_N
PMT1091,kegg.compound:C00009,Orthophosphate,1,kegg.reaction:R05838,no_N
PMT1091,kegg.compound:C00627,Pyridoxine phosphate,1,kegg.reaction:R05838,contains_N
PMT1091,kegg.compound:C11437,1-Deoxy-D-xylulose 5-phosphate,1,kegg.reaction:R05838,no_N
PMT1091,kegg.compound:C11638,3-Amino-2-oxopropyl phosphate,1,kegg.reaction:R05838,contains_N
PMT1102,kegg.compound:C00003,NAD+,1,kegg.reaction:R10907,contains_N
PMT1102,kegg.compound:C00004,NADH,1,kegg.reaction:R10907,contains_N
PMT1102,kegg.compound:C00005,NADPH,2,kegg.reaction:R00835 | kegg.reaction:R02736,contains_N
PMT1102,kegg.compound:C00006,NADP+,2,kegg.reaction:R00835 | kegg.reaction:R02736,contains_N
PMT1102,kegg.compound:C00080,H+,3,kegg.reaction:R00835 | kegg.reaction:R02736 | kegg.reaction:R10907,no_N
PMT1102,kegg.compound:C00092,D-Glucose 6-phosphate,1,kegg.reaction:R00835,no_N
PMT1102,kegg.compound:C01172,beta-D-Glucose 6-phosphate,2,kegg.reaction:R02736 | kegg.reaction:R10907,no_N
PMT1102,kegg.compound:C01236,"D-Glucono-1,5-lactone 6-phosphate",3,kegg.reaction:R00835 | kegg.reaction:R02736 | kegg.reaction:R10907,no_N
PMT1104,kegg.compound:C00001,H2O,2,kegg.reaction:R05224 | kegg.reaction:R05815,no_N
PMT1104,kegg.compound:C00002,ATP,2,kegg.reaction:R05224 | kegg.reaction:R05815,contains_N
PMT1104,kegg.compound:C00008,ADP,2,kegg.reaction:R05224 | kegg.reaction:R05815,contains_N
PMT1104,kegg.compound:C00009,Orthophosphate,2,kegg.reaction:R05224 | kegg.reaction:R05815,no_N
PMT1104,kegg.compound:C00025,L-Glutamate,2,kegg.reaction:R05224 | kegg.reaction:R05815,contains_N
PMT1104,kegg.compound:C00064,L-Glutamine,2,kegg.reaction:R05224 | kegg.reaction:R05815,contains_N
PMT1104,kegg.compound:C05773,Cobyrinate,1,kegg.reaction:R05815,contains_N
PMT1104,kegg.compound:C06399,Hydrogenobyrinate,1,kegg.reaction:R05224,contains_N
PMT1104,kegg.compound:C06503,"Hydrogenobyrinate a,c diamide",1,kegg.reaction:R05224,contains_N
PMT1104,kegg.compound:C06504,"Cob(II)yrinate a,c diamide",1,kegg.reaction:R05815,contains_N
PMT1110,kegg.compound:C00001,H2O,1,kegg.reaction:R01655,no_N
PMT1110,kegg.compound:C00005,NADPH,1,kegg.reaction:R01220,contains_N
PMT1110,kegg.compound:C00006,NADP+,1,kegg.reaction:R01220,contains_N
PMT1110,kegg.compound:C00080,H+,1,kegg.reaction:R01655,no_N
PMT1110,kegg.compound:C00143,"5,10-Methylenetetrahydrofolate",1,kegg.reaction:R01220,contains_N
PMT1110,kegg.compound:C00234,10-Formyltetrahydrofolate,1,kegg.reaction:R01655,contains_N
PMT1110,kegg.compound:C00445,"5,10-Methenyltetrahydrofolate",2,kegg.reaction:R01220 | kegg.reaction:R01655,contains_N
PMT1121,kegg.compound:C00001,H2O,1,kegg.reaction:R01213,no_N
PMT1121,kegg.compound:C00010,CoA,1,kegg.reaction:R01213,contains_N
PMT1121,kegg.compound:C00024,Acetyl-CoA,1,kegg.reaction:R01213,contains_N
PMT1121,kegg.compound:C00141,3-Methyl-2-oxobutanoic acid,1,kegg.reaction:R01213,no_N
PMT1121,kegg.compound:C02504,alpha-Isopropylmalate,1,kegg.reaction:R01213,no_N
PMT1122,kegg.compound:C00369,Starch,1,kegg.reaction:R02110,no_N
PMT1122,kegg.compound:C00718,Amylose,1,kegg.reaction:R02110,no_N
PMT1123,kegg.compound:C02094,beta-Carotene,1,kegg.reaction:R03824,no_N
PMT1123,kegg.compound:C05431,all-trans-Neurosporene,1,kegg.reaction:R04801,no_N
PMT1123,kegg.compound:C05432,Lycopene,1,kegg.reaction:R05341,no_N
PMT1123,kegg.compound:C05433,alpha-Carotene,1,kegg.reaction:R06962,no_N
PMT1123,kegg.compound:C05434,beta-Zeacarotene,2,kegg.reaction:R04801 | kegg.reaction:R07856,no_N
PMT1123,kegg.compound:C05435,gamma-Carotene,2,kegg.reaction:R03824 | kegg.reaction:R05341,no_N
PMT1123,kegg.compound:C08586,delta-Carotene,1,kegg.reaction:R06962,no_N
PMT1123,kegg.compound:C16291,"7,8-Dihydro-beta-carotene",1,kegg.reaction:R07856,no_N
PMT1126,kegg.compound:C00001,H2O,2,kegg.reaction:R01130 | kegg.reaction:R08240,no_N
PMT1126,kegg.compound:C00003,NAD+,2,kegg.reaction:R01130 | kegg.reaction:R08240,contains_N
PMT1126,kegg.compound:C00004,NADH,2,kegg.reaction:R01130 | kegg.reaction:R08240,contains_N
PMT1126,kegg.compound:C00080,H+,2,kegg.reaction:R01130 | kegg.reaction:R08240,no_N
PMT1126,kegg.compound:C00130,IMP,1,kegg.reaction:R01130,contains_N
PMT1126,kegg.compound:C00655,Xanthosine 5^-phosphate,1,kegg.reaction:R01130,contains_N
PMT1126,kegg.compound:C04646,6-Thioinosine-5^-monophosphate,1,kegg.reaction:R08240,contains_N
PMT1126,kegg.compound:C16618,6-Thioxanthine 5^-monophosphate,1,kegg.reaction:R08240,contains_N
PMT1128,kegg.compound:C00025,L-Glutamate,1,kegg.reaction:R04558,contains_N
PMT1128,kegg.compound:C00064,L-Glutamine,1,kegg.reaction:R04558,contains_N
PMT1128,kegg.compound:C04666,D-erythro-1-(Imidazol-4-yl)glycerol 3-phosphate,1,kegg.reaction:R04558,contains_N
PMT1128,kegg.compound:C04677,1-(5^-Phosphoribosyl)-5-amino-4-imidazolecarboxamide,1,kegg.reaction:R04558,contains_N
PMT1128,kegg.compound:C04916,N-(5^-Phospho-D-1^-ribulosylformimino)-5-amino-1-(5^^-phospho-D-ribosyl)-4-imidazolecarboxamide,1,kegg.reaction:R04558,contains_N
PMT1135,kegg.compound:C00001,H2O,1,kegg.reaction:R03877,no_N
PMT1135,kegg.compound:C00002,ATP,1,kegg.reaction:R03877,contains_N
PMT1135,kegg.compound:C00008,ADP,1,kegg.reaction:R03877,contains_N
PMT1135,kegg.compound:C00009,Orthophosphate,1,kegg.reaction:R03877,no_N
PMT1135,kegg.compound:C00080,H+,1,kegg.reaction:R03877,no_N
PMT1135,kegg.compound:C00305,Magnesium cation,1,kegg.reaction:R03877,no_N
PMT1135,kegg.compound:C02191,Protoporphyrin,1,kegg.reaction:R03877,contains_N
PMT1135,kegg.compound:C03516,Magnesium protoporphyrin,1,kegg.reaction:R03877,contains_N
PMT1143,kegg.compound:C00003,NAD+,1,kegg.reaction:R01773,contains_N
PMT1143,kegg.compound:C00004,NADH,1,kegg.reaction:R01773,contains_N
PMT1143,kegg.compound:C00005,NADPH,1,kegg.reaction:R01775,contains_N
PMT1143,kegg.compound:C00006,NADP+,1,kegg.reaction:R01775,contains_N
PMT1143,kegg.compound:C00080,H+,2,kegg.reaction:R01773 | kegg.reaction:R01775,no_N
PMT1143,kegg.compound:C00263,L-Homoserine,2,kegg.reaction:R01773 | kegg.reaction:R01775,contains_N
PMT1143,kegg.compound:C00441,L-Aspartate 4-semialdehyde,2,kegg.reaction:R01773 | kegg.reaction:R01775,contains_N
PMT1157,kegg.compound:C00013,Diphosphate,4,kegg.reaction:R00375 | kegg.reaction:R00376 | kegg.reaction:R00377 | kegg.reaction:R00378,no_N
PMT1157,kegg.compound:C00039,DNA,4,kegg.reaction:R00375 | kegg.reaction:R00376 | kegg.reaction:R00377 | kegg.reaction:R00378,no_N
PMT1157,kegg.compound:C00131,dATP,1,kegg.reaction:R00375,contains_N
PMT1157,kegg.compound:C00286,dGTP,1,kegg.reaction:R00376,contains_N
PMT1157,kegg.compound:C00458,dCTP,1,kegg.reaction:R00377,contains_N
PMT1157,kegg.compound:C00459,dTTP,1,kegg.reaction:R00378,contains_N
PMT1159,kegg.compound:C00002,ATP,1,kegg.reaction:R03650,contains_N
PMT1159,kegg.compound:C00013,Diphosphate,1,kegg.reaction:R03650,no_N
PMT1159,kegg.compound:C00020,AMP,1,kegg.reaction:R03650,contains_N
PMT1159,kegg.compound:C00097,L-Cysteine,1,kegg.reaction:R03650,contains_N
PMT1159,kegg.compound:C01639,tRNA(Cys),1,kegg.reaction:R03650,contains_N
PMT1159,kegg.compound:C03125,L-Cysteinyl-tRNA(Cys),1,kegg.reaction:R03650,contains_N
PMT1161,kegg.compound:C00005,NADPH,1,kegg.reaction:R05688,contains_N
PMT1161,kegg.compound:C00006,NADP+,1,kegg.reaction:R05688,contains_N
PMT1161,kegg.compound:C00080,H+,1,kegg.reaction:R05688,no_N
PMT1161,kegg.compound:C11434,2-C-Methyl-D-erythritol 4-phosphate,1,kegg.reaction:R05688,no_N
PMT1161,kegg.compound:C11437,1-Deoxy-D-xylulose 5-phosphate,1,kegg.reaction:R05688,no_N
PMT1175,kegg.compound:C00001,H2O,7,kegg.reaction:R05284 | kegg.reaction:R05367 | kegg.reaction:R05368 | kegg.reaction:R05369 | kegg.reaction:R05370 | kegg.reaction:R07669 | kegg.reaction:R07670,no_N
PMT1175,kegg.compound:C01327,Hydrochloric acid,7,kegg.reaction:R05284 | kegg.reaction:R05367 | kegg.reaction:R05368 | kegg.reaction:R05369 | kegg.reaction:R05370 | kegg.reaction:R07669 | kegg.reaction:R07670,no_N
PMT1175,kegg.compound:C06597,"1,3,4,6-Tetrachloro-1,4-cyclohexadiene",1,kegg.reaction:R05369,no_N
PMT1175,kegg.compound:C06598,"2,4,5-Trichloro-2,5-cyclohexadiene-1-ol",2,kegg.reaction:R05369 | kegg.reaction:R05370,no_N
PMT1175,kegg.compound:C06599,"2,5-Dichloro-2,5-cyclohexadiene-1,4-diol",1,kegg.reaction:R05370,no_N
PMT1175,kegg.compound:C06609,"trans-1,3-Dichloropropene",1,kegg.reaction:R05367,no_N
PMT1175,kegg.compound:C06610,"cis-1,3-Dichloropropene",1,kegg.reaction:R05368,no_N
PMT1175,kegg.compound:C06611,trans-3-Chloro-2-propene-1-ol,1,kegg.reaction:R05367,no_N
PMT1175,kegg.compound:C06612,cis-3-Chloro-2-propene-1-ol,1,kegg.reaction:R05368,no_N
PMT1175,kegg.compound:C06752,"1,2-Dichloroethane",1,kegg.reaction:R05284,no_N
PMT1175,kegg.compound:C06753,2-Chloroethanol,1,kegg.reaction:R05284,no_N
PMT1175,kegg.compound:C06988,"beta-1,2,3,4,5,6-Hexachlorocyclohexane",1,kegg.reaction:R07669,no_N
PMT1175,kegg.compound:C16181,"beta-2,3,4,5,6-Pentachlorocyclohexanol",2,kegg.reaction:R07669 | kegg.reaction:R07670,no_N
PMT1175,kegg.compound:C16182,"beta-2,3,5,6-Tetrachloro-1,4-cyclohexanediol",1,kegg.reaction:R07670,no_N
PMT1176,kegg.compound:C00011,CO2,4,kegg.reaction:R00006 | kegg.reaction:R00014 | kegg.reaction:R00226 | kegg.reaction:R08648,no_N
PMT1176,kegg.compound:C00022,Pyruvate,6,kegg.reaction:R00006 | kegg.reaction:R00014 | kegg.reaction:R00226 | kegg.reaction:R03050 | kegg.reaction:R04672 | kegg.reaction:R08648,no_N
PMT1176,kegg.compound:C00068,Thiamin diphosphate,4,kegg.reaction:R00014 | kegg.reaction:R03050 | kegg.reaction:R04672 | kegg.reaction:R04673,contains_N
PMT1176,kegg.compound:C00109,2-Oxobutanoate,2,kegg.reaction:R04673 | kegg.reaction:R08648,no_N
PMT1176,kegg.compound:C00900,2-Acetolactate,2,kegg.reaction:R00006 | kegg.reaction:R03050,no_N
PMT1176,kegg.compound:C05125,2-(alpha-Hydroxyethyl)thiamine diphosphate,4,kegg.reaction:R00014 | kegg.reaction:R03050 | kegg.reaction:R04672 | kegg.reaction:R04673,contains_N
PMT1176,kegg.compound:C06006,(S)-2-Aceto-2-hydroxybutanoate,2,kegg.reaction:R04673 | kegg.reaction:R08648,no_N
PMT1176,kegg.compound:C06010,(S)-2-Acetolactate,2,kegg.reaction:R00226 | kegg.reaction:R04672,no_N
PMT1183,kegg.compound:C00001,H2O,1,kegg.reaction:R05225,no_N
PMT1183,kegg.compound:C00002,ATP,1,kegg.reaction:R05225,contains_N
PMT1183,kegg.compound:C00008,ADP,1,kegg.reaction:R05225,contains_N
PMT1183,kegg.compound:C00009,Orthophosphate,1,kegg.reaction:R05225,no_N
PMT1183,kegg.compound:C00025,L-Glutamate,1,kegg.reaction:R05225,contains_N
PMT1183,kegg.compound:C00064,L-Glutamine,1,kegg.reaction:R05225,contains_N
PMT1183,kegg.compound:C06506,"Adenosyl cobyrinate a,c diamide",1,kegg.reaction:R05225,contains_N
PMT1183,kegg.compound:C06507,Adenosyl cobyrinate hexaamide,1,kegg.reaction:R05225,contains_N
PMT1193,kegg.compound:C00002,ATP,1,kegg.reaction:R01071,contains_N
PMT1193,kegg.compound:C00013,Diphosphate,1,kegg.reaction:R01071,no_N
PMT1193,kegg.compound:C00119,5-Phospho-alpha-D-ribose 1-diphosphate,1,kegg.reaction:R01071,no_N
PMT1193,kegg.compound:C02739,1-(5-Phospho-D-ribosyl)-ATP,1,kegg.reaction:R01071,contains_N
PMT1194,kegg.compound:C00001,H2O,1,kegg.reaction:R01736,no_N
PMT1194,kegg.compound:C00051,Glutathione,1,kegg.reaction:R01736,contains_N
PMT1194,kegg.compound:C00256,(R)-Lactate,1,kegg.reaction:R01736,no_N
PMT1194,kegg.compound:C03451,(R)-S-Lactoylglutathione,1,kegg.reaction:R01736,contains_N
PMT1195,kegg.compound:C00001,H2O,2,kegg.reaction:R11098 | kegg.reaction:R11099,no_N
PMT1195,kegg.compound:C00014,Ammonia,2,kegg.reaction:R11098 | kegg.reaction:R11099,contains_N
PMT1195,kegg.compound:C00022,Pyruvate,1,kegg.reaction:R11099,no_N
PMT1195,kegg.compound:C00109,2-Oxobutanoate,1,kegg.reaction:R11098,no_N
PMT1195,kegg.compound:C20904,2-Iminopropanoate,1,kegg.reaction:R11099,contains_N
PMT1195,kegg.compound:C20905,2-Iminobutanoate,1,kegg.reaction:R11098,contains_N
PMT1204,kegg.compound:C00001,H2O,1,kegg.reaction:R00024,no_N
PMT1204,kegg.compound:C00007,Oxygen,1,kegg.reaction:R03140,no_N
PMT1204,kegg.compound:C00011,CO2,1,kegg.reaction:R00024,no_N
PMT1204,kegg.compound:C00197,3-Phospho-D-glycerate,2,kegg.reaction:R00024 | kegg.reaction:R03140,no_N
PMT1204,kegg.compound:C00988,2-Phosphoglycolate,1,kegg.reaction:R03140,no_N
PMT1204,kegg.compound:C01182,"D-Ribulose 1,5-bisphosphate",2,kegg.reaction:R00024 | kegg.reaction:R03140,no_N
PMT1205,kegg.compound:C00001,H2O,1,kegg.reaction:R00024,no_N
PMT1205,kegg.compound:C00007,Oxygen,1,kegg.reaction:R03140,no_N
PMT1205,kegg.compound:C00011,CO2,1,kegg.reaction:R00024,no_N
PMT1205,kegg.compound:C00197,3-Phospho-D-glycerate,2,kegg.reaction:R00024 | kegg.reaction:R03140,no_N
PMT1205,kegg.compound:C00988,2-Phosphoglycolate,1,kegg.reaction:R03140,no_N
PMT1205,kegg.compound:C01182,"D-Ribulose 1,5-bisphosphate",2,kegg.reaction:R00024 | kegg.reaction:R03140,no_N
PMT1215,kegg.compound:C00001,H2O,1,kegg.reaction:R06282,no_N
PMT1215,kegg.compound:C00002,ATP,1,kegg.reaction:R06282,contains_N
PMT1215,kegg.compound:C00008,ADP,1,kegg.reaction:R06282,contains_N
PMT1215,kegg.compound:C00009,Orthophosphate,1,kegg.reaction:R06282,no_N
PMT1215,kegg.compound:C00138,Reduced ferredoxin,1,kegg.reaction:R06282,no_N
PMT1215,kegg.compound:C00139,Oxidized ferredoxin,1,kegg.reaction:R06282,no_N
PMT1215,kegg.compound:C02139,Chlorophyllide,1,kegg.reaction:R06282,contains_N
PMT1215,kegg.compound:C02880,Protochlorophyllide,1,kegg.reaction:R06282,contains_N
PMT1216,kegg.compound:C00001,H2O,1,kegg.reaction:R06282,no_N
PMT1216,kegg.compound:C00002,ATP,1,kegg.reaction:R06282,contains_N
PMT1216,kegg.compound:C00008,ADP,1,kegg.reaction:R06282,contains_N
PMT1216,kegg.compound:C00009,Orthophosphate,1,kegg.reaction:R06282,no_N
PMT1216,kegg.compound:C00138,Reduced ferredoxin,1,kegg.reaction:R06282,no_N
PMT1216,kegg.compound:C00139,Oxidized ferredoxin,1,kegg.reaction:R06282,no_N
PMT1216,kegg.compound:C02139,Chlorophyllide,1,kegg.reaction:R06282,contains_N
PMT1216,kegg.compound:C02880,Protochlorophyllide,1,kegg.reaction:R06282,contains_N
PMT1217,kegg.compound:C00001,H2O,1,kegg.reaction:R06282,no_N
PMT1217,kegg.compound:C00002,ATP,1,kegg.reaction:R06282,contains_N
PMT1217,kegg.compound:C00008,ADP,1,kegg.reaction:R06282,contains_N
PMT1217,kegg.compound:C00009,Orthophosphate,1,kegg.reaction:R06282,no_N
PMT1217,kegg.compound:C00138,Reduced ferredoxin,1,kegg.reaction:R06282,no_N
PMT1217,kegg.compound:C00139,Oxidized ferredoxin,1,kegg.reaction:R06282,no_N
PMT1217,kegg.compound:C02139,Chlorophyllide,1,kegg.reaction:R06282,contains_N
PMT1217,kegg.compound:C02880,Protochlorophyllide,1,kegg.reaction:R06282,contains_N
PMT1218,kegg.compound:C00005,NADPH,2,kegg.reaction:R03845 | kegg.reaction:R06286,contains_N
PMT1218,kegg.compound:C00006,NADP+,2,kegg.reaction:R03845 | kegg.reaction:R06286,contains_N
PMT1218,kegg.compound:C00080,H+,2,kegg.reaction:R03845 | kegg.reaction:R06286,no_N
PMT1218,kegg.compound:C02139,Chlorophyllide,1,kegg.reaction:R03845,contains_N
PMT1218,kegg.compound:C02880,Protochlorophyllide,1,kegg.reaction:R03845,contains_N
PMT1218,kegg.compound:C11831,Divinylprotochlorophyllide,1,kegg.reaction:R06286,contains_N
PMT1218,kegg.compound:C11832,Divinyl chlorophyllide a,1,kegg.reaction:R06286,contains_N
PMT1224,kegg.compound:C00002,ATP,2,kegg.reaction:R07770 | kegg.reaction:R11143,contains_N
PMT1224,kegg.compound:C00013,Diphosphate,2,kegg.reaction:R07770 | kegg.reaction:R11143,no_N
PMT1224,kegg.compound:C00020,AMP,2,kegg.reaction:R07771 | kegg.reaction:R11143,contains_N
PMT1224,kegg.compound:C16237,Protein N6-(lipoyl)lysine,2,kegg.reaction:R07771 | kegg.reaction:R11143,contains_N
PMT1224,kegg.compound:C16238,Lipoyl-AMP,2,kegg.reaction:R07770 | kegg.reaction:R07771,contains_N
PMT1224,kegg.compound:C16240,[Lipoyl-carrier protein]-L-lysine,2,kegg.reaction:R07771 | kegg.reaction:R11143,contains_N
PMT1224,kegg.compound:C16241,(R)-Lipoate,2,kegg.reaction:R07770 | kegg.reaction:R11143,no_N
PMT1226,kegg.compound:C01302,1-(2-Carboxyphenylamino)-1-deoxy-D-ribulose 5-phosphate,1,kegg.reaction:R03509,contains_N
PMT1226,kegg.compound:C04302,N-(5-Phospho-D-ribosyl)anthranilate,1,kegg.reaction:R03509,contains_N
PMT1227,kegg.compound:C00001,H2O,3,kegg.reaction:R00428 | kegg.reaction:R04639 | kegg.reaction:R05046,no_N
PMT1227,kegg.compound:C00044,GTP,1,kegg.reaction:R00428,contains_N
PMT1227,kegg.compound:C00058,Formate,1,kegg.reaction:R05046,no_N
PMT1227,kegg.compound:C04895,"7,8-Dihydroneopterin 3^-triphosphate",1,kegg.reaction:R04639,contains_N
PMT1227,kegg.compound:C05922,Formamidopyrimidine nucleoside triphosphate,2,kegg.reaction:R00428 | kegg.reaction:R05046,contains_N
PMT1227,kegg.compound:C05923,"2,5-Diaminopyrimidine nucleoside triphosphate",2,kegg.reaction:R05046 | kegg.reaction:R05048,contains_N
PMT1227,kegg.compound:C06148,"2,5-Diamino-6-(5^-triphosphoryl-3^,4^-trihydroxy-2^-oxopentyl)-amino-4-oxopyrimidine",2,kegg.reaction:R04639 | kegg.reaction:R05048,contains_N
PMT1232,kegg.compound:C00001,H2O,1,kegg.reaction:R01884,no_N
PMT1232,kegg.compound:C00300,Creatine,1,kegg.reaction:R01884,contains_N
PMT1232,kegg.compound:C00791,Creatinine,1,kegg.reaction:R01884,contains_N
PMT1239,kegg.compound:C00011,CO2,4,kegg.reaction:R00006 | kegg.reaction:R00014 | kegg.reaction:R00226 | kegg.reaction:R08648,no_N
PMT1239,kegg.compound:C00022,Pyruvate,6,kegg.reaction:R00006 | kegg.reaction:R00014 | kegg.reaction:R00226 | kegg.reaction:R03050 | kegg.reaction:R04672 | kegg.reaction:R08648,no_N
PMT1239,kegg.compound:C00068,Thiamin diphosphate,4,kegg.reaction:R00014 | kegg.reaction:R03050 | kegg.reaction:R04672 | kegg.reaction:R04673,contains_N
PMT1239,kegg.compound:C00109,2-Oxobutanoate,2,kegg.reaction:R04673 | kegg.reaction:R08648,no_N
PMT1239,kegg.compound:C00900,2-Acetolactate,2,kegg.reaction:R00006 | kegg.reaction:R03050,no_N
PMT1239,kegg.compound:C05125,2-(alpha-Hydroxyethyl)thiamine diphosphate,4,kegg.reaction:R00014 | kegg.reaction:R03050 | kegg.reaction:R04672 | kegg.reaction:R04673,contains_N
PMT1239,kegg.compound:C06006,(S)-2-Aceto-2-hydroxybutanoate,2,kegg.reaction:R04673 | kegg.reaction:R08648,no_N
PMT1239,kegg.compound:C06010,(S)-2-Acetolactate,2,kegg.reaction:R00226 | kegg.reaction:R04672,no_N
PMT1242,kegg.compound:C00019,S-Adenosyl-L-methionine,1,kegg.reaction:R09736,contains_N
PMT1242,kegg.compound:C00021,S-Adenosyl-L-homocysteine,1,kegg.reaction:R09736,contains_N
PMT1242,kegg.compound:C05819,Menaquinol,1,kegg.reaction:R09736,no_N
PMT1242,kegg.compound:C19847,Demethylmenaquinol,1,kegg.reaction:R09736,no_N
PMT1243,kegg.compound:C00002,ATP,3,kegg.reaction:R01492 | kegg.reaction:R05220 | kegg.reaction:R07268,contains_N
PMT1243,kegg.compound:C00194,Cobamide coenzyme,1,kegg.reaction:R01492,contains_N
PMT1243,kegg.compound:C00536,Triphosphate,3,kegg.reaction:R01492 | kegg.reaction:R05220 | kegg.reaction:R07268,no_N
PMT1243,kegg.compound:C00853,Cob(I)alamin,1,kegg.reaction:R01492,contains_N
PMT1243,kegg.compound:C05774,Cobinamide,1,kegg.reaction:R07268,contains_N
PMT1243,kegg.compound:C06505,"Cob(I)yrinate a,c diamide",1,kegg.reaction:R05220,contains_N
PMT1243,kegg.compound:C06506,"Adenosyl cobyrinate a,c diamide",1,kegg.reaction:R05220,contains_N
PMT1243,kegg.compound:C06508,Adenosyl cobinamide,1,kegg.reaction:R07268,contains_N
PMT1244,kegg.compound:C00002,ATP,1,kegg.reaction:R00158,contains_N
PMT1244,kegg.compound:C00008,ADP,1,kegg.reaction:R00158,contains_N
PMT1244,kegg.compound:C00015,UDP,1,kegg.reaction:R00158,contains_N
PMT1244,kegg.compound:C00105,UMP,1,kegg.reaction:R00158,contains_N
PMT1248,kegg.compound:C00118,D-Glyceraldehyde 3-phosphate,1,kegg.reaction:R01827,no_N
PMT1248,kegg.compound:C00279,D-Erythrose 4-phosphate,1,kegg.reaction:R01827,no_N
PMT1248,kegg.compound:C05345,beta-D-Fructose 6-phosphate,1,kegg.reaction:R01827,no_N
PMT1248,kegg.compound:C05382,Sedoheptulose 7-phosphate,1,kegg.reaction:R01827,no_N
PMT1252,kegg.compound:C00001,H2O,1,kegg.reaction:R00582,no_N
PMT1252,kegg.compound:C00009,Orthophosphate,1,kegg.reaction:R00582,no_N
PMT1252,kegg.compound:C00065,L-Serine,1,kegg.reaction:R00582,contains_N
PMT1252,kegg.compound:C01005,O-Phospho-L-serine,1,kegg.reaction:R00582,contains_N
PMT1253,kegg.compound:C00001,H2O,1,kegg.reaction:R01993,no_N
PMT1253,kegg.compound:C00337,(S)-Dihydroorotate,1,kegg.reaction:R01993,contains_N
PMT1253,kegg.compound:C00438,N-Carbamoyl-L-aspartate,1,kegg.reaction:R01993,contains_N
PMT1259,kegg.compound:C00002,ATP,1,kegg.reaction:R03661,contains_N
PMT1259,kegg.compound:C00013,Diphosphate,1,kegg.reaction:R03661,no_N
PMT1259,kegg.compound:C00020,AMP,1,kegg.reaction:R03661,contains_N
PMT1259,kegg.compound:C00148,L-Proline,1,kegg.reaction:R03661,contains_N
PMT1259,kegg.compound:C01649,tRNA(Pro),1,kegg.reaction:R03661,contains_N
PMT1259,kegg.compound:C02702,L-Prolyl-tRNA(Pro),1,kegg.reaction:R03661,contains_N
PMT1261,kegg.compound:C00009,Orthophosphate,1,kegg.reaction:R01135,no_N
PMT1261,kegg.compound:C00035,GDP,1,kegg.reaction:R01135,contains_N
PMT1261,kegg.compound:C00044,GTP,1,kegg.reaction:R01135,contains_N
PMT1261,kegg.compound:C00049,L-Aspartate,1,kegg.reaction:R01135,contains_N
PMT1261,kegg.compound:C00130,IMP,1,kegg.reaction:R01135,contains_N
PMT1261,kegg.compound:C03794,"N6-(1,2-Dicarboxyethyl)-AMP",1,kegg.reaction:R01135,contains_N
PMT1262,kegg.compound:C00002,ATP,3,kegg.reaction:R00760 | kegg.reaction:R00867 | kegg.reaction:R03920,contains_N
PMT1262,kegg.compound:C00008,ADP,3,kegg.reaction:R00760 | kegg.reaction:R00867 | kegg.reaction:R03920,contains_N
PMT1262,kegg.compound:C00085,D-Fructose 6-phosphate,1,kegg.reaction:R00760,no_N
PMT1262,kegg.compound:C00095,D-Fructose,2,kegg.reaction:R00760 | kegg.reaction:R00867,no_N
PMT1262,kegg.compound:C02336,beta-D-Fructose,1,kegg.reaction:R03920,no_N
PMT1262,kegg.compound:C05345,beta-D-Fructose 6-phosphate,2,kegg.reaction:R00867 | kegg.reaction:R03920,no_N
PMT1264,kegg.compound:C00003,NAD+,1,kegg.reaction:R05812,contains_N
PMT1264,kegg.compound:C00004,NADH,1,kegg.reaction:R05812,contains_N
PMT1264,kegg.compound:C00005,NADPH,1,kegg.reaction:R05150,contains_N
PMT1264,kegg.compound:C00006,NADP+,1,kegg.reaction:R05150,contains_N
PMT1264,kegg.compound:C00080,H+,2,kegg.reaction:R05150 | kegg.reaction:R05812,no_N
PMT1264,kegg.compound:C06319,Precorrin 6Y,1,kegg.reaction:R05150,contains_N
PMT1264,kegg.compound:C06320,Precorrin 6X,1,kegg.reaction:R05150,contains_N
PMT1264,kegg.compound:C11542,Cobalt-precorrin 6,1,kegg.reaction:R05812,contains_N
PMT1264,kegg.compound:C11543,Cobalt-dihydro-precorrin 6,1,kegg.reaction:R05812,contains_N
PMT1268,kegg.compound:C00002,ATP,1,kegg.reaction:R02649,contains_N
PMT1268,kegg.compound:C00008,ADP,1,kegg.reaction:R02649,contains_N
PMT1268,kegg.compound:C00624,N-Acetyl-L-glutamate,1,kegg.reaction:R02649,contains_N
PMT1268,kegg.compound:C04133,N-Acetyl-L-glutamate 5-phosphate,1,kegg.reaction:R02649,contains_N
PMT1273,kegg.compound:C00001,H2O,1,kegg.reaction:R00084,no_N
PMT1273,kegg.compound:C00014,Ammonia,1,kegg.reaction:R00084,contains_N
PMT1273,kegg.compound:C00931,Porphobilinogen,1,kegg.reaction:R00084,contains_N
PMT1273,kegg.compound:C01024,Hydroxymethylbilane,1,kegg.reaction:R00084,contains_N
PMT1283,kegg.compound:C00001,H2O,1,kegg.reaction:R04734,no_N
PMT1283,kegg.compound:C00268,Dihydrobiopterin,1,kegg.reaction:R04734,contains_N
PMT1283,kegg.compound:C15522,4a-Hydroxytetrahydrobiopterin,1,kegg.reaction:R04734,contains_N
PMT1295,kegg.compound:C00007,Oxygen,1,kegg.reaction:R00475,no_N
PMT1295,kegg.compound:C00027,Hydrogen peroxide,1,kegg.reaction:R00475,no_N
PMT1295,kegg.compound:C00048,Glyoxylate,1,kegg.reaction:R00475,no_N
PMT1295,kegg.compound:C00160,Glycolate,1,kegg.reaction:R00475,no_N
PMT1296,kegg.compound:C00430,5-Aminolevulinate,1,kegg.reaction:R02272,contains_N
PMT1296,kegg.compound:C03741,(S)-4-Amino-5-oxopentanoate,1,kegg.reaction:R02272,contains_N
PMT1297,kegg.compound:C00001,H2O,6,kegg.reaction:R02540 | kegg.reaction:R03096 | kegg.reaction:R03180 | kegg.reaction:R03909 | kegg.reaction:R05551 | kegg.reaction:R05590,no_N
PMT1297,kegg.compound:C00014,Ammonia,6,kegg.reaction:R02540 | kegg.reaction:R03096 | kegg.reaction:R03180 | kegg.reaction:R03909 | kegg.reaction:R05551 | kegg.reaction:R05590,contains_N
PMT1297,kegg.compound:C00060,Carboxylate,1,kegg.reaction:R03909,no_N
PMT1297,kegg.compound:C00180,Benzoate,1,kegg.reaction:R05590,no_N
PMT1297,kegg.compound:C00511,Acrylic acid,1,kegg.reaction:R05551,no_N
PMT1297,kegg.compound:C00954,Indole-3-acetate,1,kegg.reaction:R03096,contains_N
PMT1297,kegg.compound:C01035,4-Guanidinobutanoate,1,kegg.reaction:R03180,contains_N
PMT1297,kegg.compound:C01659,Acrylamide,1,kegg.reaction:R05551,contains_N
PMT1297,kegg.compound:C02505,2-Phenylacetamide,1,kegg.reaction:R02540,contains_N
PMT1297,kegg.compound:C02693,(Indol-3-yl)acetamide,1,kegg.reaction:R03096,contains_N
PMT1297,kegg.compound:C03078,4-Guanidinobutanamide,1,kegg.reaction:R03180,contains_N
PMT1297,kegg.compound:C03620,Monocarboxylic acid amide,1,kegg.reaction:R03909,contains_N
PMT1297,kegg.compound:C07086,Phenylacetic acid,1,kegg.reaction:R02540,no_N
PMT1297,kegg.compound:C09815,Benzamide,1,kegg.reaction:R05590,contains_N
PMT1304,kegg.compound:C03692,"1,2-Diacyl-3-beta-D-galactosyl-sn-glycerol",1,kegg.reaction:R11080,no_N
PMT1304,kegg.compound:C04046,"3-D-Glucosyl-1,2-diacylglycerol",1,kegg.reaction:R11080,no_N
PMT1308,kegg.compound:C00002,ATP,1,kegg.reaction:R05578,contains_N
PMT1308,kegg.compound:C00013,Diphosphate,1,kegg.reaction:R05578,no_N
PMT1308,kegg.compound:C00020,AMP,1,kegg.reaction:R05578,contains_N
PMT1308,kegg.compound:C00025,L-Glutamate,1,kegg.reaction:R05578,contains_N
PMT1308,kegg.compound:C01641,tRNA(Glu),1,kegg.reaction:R05578,contains_N
PMT1308,kegg.compound:C02987,L-Glutamyl-tRNA(Glu),1,kegg.reaction:R05578,contains_N
PMT1312,kegg.compound:C00043,UDP-N-acetyl-alpha-D-glucosamine,1,kegg.reaction:R00420,contains_N
PMT1312,kegg.compound:C01170,UDP-N-acetyl-D-mannosamine,1,kegg.reaction:R00420,contains_N
PMT1315,kegg.compound:C00020,AMP,1,kegg.reaction:R10648,contains_N
PMT1315,kegg.compound:C17324,tRNA adenine,1,kegg.reaction:R10648,contains_N
PMT1315,kegg.compound:C20641,L-Threonylcarbamoyladenylate,1,kegg.reaction:R10648,contains_N
PMT1315,kegg.compound:C20751,N6-L-Threonylcarbamoyladenine in tRNA,1,kegg.reaction:R10648,contains_N
PMT1325,kegg.compound:C00019,S-Adenosyl-L-methionine,2,kegg.reaction:R05181 | kegg.reaction:R05810,contains_N
PMT1325,kegg.compound:C00021,S-Adenosyl-L-homocysteine,2,kegg.reaction:R05181 | kegg.reaction:R05810,contains_N
PMT1325,kegg.compound:C06407,Precorrin 4,1,kegg.reaction:R05181,contains_N
PMT1325,kegg.compound:C06416,Precorrin 5,1,kegg.reaction:R05181,contains_N
PMT1325,kegg.compound:C11540,Cobalt-precorrin 4,1,kegg.reaction:R05810,contains_N
PMT1325,kegg.compound:C16242,Cobalt-precorrin 5A,1,kegg.reaction:R05810,contains_N
PMT1327,kegg.compound:C00001,H2O,1,kegg.reaction:R03409,no_N
PMT1327,kegg.compound:C00009,Orthophosphate,1,kegg.reaction:R03409,no_N
PMT1327,kegg.compound:C01228,"Guanosine 3^,5^-bis(diphosphate)",1,kegg.reaction:R03409,contains_N
PMT1327,kegg.compound:C04494,Guanosine 3^-diphosphate 5^-triphosphate,1,kegg.reaction:R03409,contains_N
PMT1328,kegg.compound:C00013,Diphosphate,2,kegg.reaction:R05000 | kegg.reaction:R05615,no_N
PMT1328,kegg.compound:C00156,4-Hydroxybenzoate,2,kegg.reaction:R05000 | kegg.reaction:R05615,no_N
PMT1328,kegg.compound:C04146,all-trans-Octaprenyl diphosphate,1,kegg.reaction:R05615,no_N
PMT1328,kegg.compound:C05809,3-Octaprenyl-4-hydroxybenzoate,1,kegg.reaction:R05615,no_N
PMT1328,kegg.compound:C05847,all-trans-Polyprenyl diphosphate,1,kegg.reaction:R05000,no_N
PMT1328,kegg.compound:C05848,4-Hydroxy-3-polyprenylbenzoate,1,kegg.reaction:R05000,no_N
PMT1335,kegg.compound:C00357,N-Acetyl-D-glucosamine 6-phosphate,1,kegg.reaction:R02087,contains_N
PMT1335,kegg.compound:C04257,N-Acetyl-D-mannosamine 6-phosphate,1,kegg.reaction:R02087,contains_N
PMT1346,kegg.compound:C00255,Riboflavin,1,kegg.reaction:R00066,contains_N
PMT1346,kegg.compound:C04332,"6,7-Dimethyl-8-(D-ribityl)lumazine",1,kegg.reaction:R00066,contains_N
PMT1346,kegg.compound:C04732,5-Amino-6-(1-D-ribitylamino)uracil,1,kegg.reaction:R00066,contains_N
PMT1359,kegg.compound:C00002,ATP,1,kegg.reaction:R01074,contains_N
PMT1359,kegg.compound:C00013,Diphosphate,1,kegg.reaction:R01074,no_N
PMT1359,kegg.compound:C00020,AMP,1,kegg.reaction:R05145,contains_N
PMT1359,kegg.compound:C00120,Biotin,1,kegg.reaction:R01074,contains_N
PMT1359,kegg.compound:C05921,Biotinyl-5^-AMP,2,kegg.reaction:R01074 | kegg.reaction:R05145,contains_N
PMT1359,kegg.compound:C06249,Apo-[carboxylase],1,kegg.reaction:R05145,contains_N
PMT1359,kegg.compound:C06250,Holo-[carboxylase],1,kegg.reaction:R05145,contains_N
PMT1366,kegg.compound:C00251,Chorismate,1,kegg.reaction:R01715,no_N
PMT1366,kegg.compound:C00254,Prephenate,1,kegg.reaction:R01715,no_N
PMT1374,kegg.compound:C00002,ATP,2,kegg.reaction:R03662 | kegg.reaction:R08218,contains_N
PMT1374,kegg.compound:C00013,Diphosphate,2,kegg.reaction:R03662 | kegg.reaction:R08218,no_N
PMT1374,kegg.compound:C00020,AMP,2,kegg.reaction:R03662 | kegg.reaction:R08218,contains_N
PMT1374,kegg.compound:C00065,L-Serine,2,kegg.reaction:R03662 | kegg.reaction:R08218,contains_N
PMT1374,kegg.compound:C01650,tRNA(Ser),1,kegg.reaction:R03662,contains_N
PMT1374,kegg.compound:C02553,L-Seryl-tRNA(Ser),1,kegg.reaction:R03662,contains_N
PMT1374,kegg.compound:C06481,L-Seryl-tRNA(Sec),1,kegg.reaction:R08218,contains_N
PMT1374,kegg.compound:C16636,tRNA(Sec),1,kegg.reaction:R08218,contains_N
PMT1377,kegg.compound:C00008,ADP,1,kegg.reaction:R00437,contains_N
PMT1377,kegg.compound:C00009,Orthophosphate,4,kegg.reaction:R00437 | kegg.reaction:R00438 | kegg.reaction:R00439 | kegg.reaction:R00440,no_N
PMT1377,kegg.compound:C00015,UDP,1,kegg.reaction:R00438,contains_N
PMT1377,kegg.compound:C00035,GDP,1,kegg.reaction:R00439,contains_N
PMT1377,kegg.compound:C00046,RNA,4,kegg.reaction:R00437 | kegg.reaction:R00438 | kegg.reaction:R00439 | kegg.reaction:R00440,no_N
PMT1377,kegg.compound:C00112,CDP,1,kegg.reaction:R00440,contains_N
PMT1378,kegg.compound:C00001,H2O,2,kegg.reaction:R00188 | kegg.reaction:R00508,no_N
PMT1378,kegg.compound:C00009,Orthophosphate,2,kegg.reaction:R00188 | kegg.reaction:R00508,no_N
PMT1378,kegg.compound:C00020,AMP,1,kegg.reaction:R00188,contains_N
PMT1378,kegg.compound:C00053,3^-Phosphoadenylyl sulfate,1,kegg.reaction:R00508,contains_N
PMT1378,kegg.compound:C00054,"Adenosine 3^,5^-bisphosphate",1,kegg.reaction:R00188,contains_N
PMT1378,kegg.compound:C00224,Adenylyl sulfate,1,kegg.reaction:R00508,contains_N
PMT1394,kegg.compound:C00002,ATP,1,kegg.reaction:R05578,contains_N
PMT1394,kegg.compound:C00013,Diphosphate,1,kegg.reaction:R05578,no_N
PMT1394,kegg.compound:C00020,AMP,1,kegg.reaction:R05578,contains_N
PMT1394,kegg.compound:C00025,L-Glutamate,1,kegg.reaction:R05578,contains_N
PMT1394,kegg.compound:C01641,tRNA(Glu),1,kegg.reaction:R05578,contains_N
PMT1394,kegg.compound:C02987,L-Glutamyl-tRNA(Glu),1,kegg.reaction:R05578,contains_N
PMT1402,kegg.compound:C00011,CO2,1,kegg.reaction:R00965,no_N
PMT1402,kegg.compound:C00105,UMP,1,kegg.reaction:R00965,contains_N
PMT1402,kegg.compound:C01103,Orotidine 5^-phosphate,1,kegg.reaction:R00965,contains_N
PMT1403,kegg.compound:C00002,ATP,1,kegg.reaction:R02918,contains_N
PMT1403,kegg.compound:C00013,Diphosphate,1,kegg.reaction:R02918,no_N
PMT1403,kegg.compound:C00020,AMP,1,kegg.reaction:R02918,contains_N
PMT1403,kegg.compound:C00082,L-Tyrosine,1,kegg.reaction:R02918,contains_N
PMT1403,kegg.compound:C00787,tRNA(Tyr),1,kegg.reaction:R02918,contains_N
PMT1403,kegg.compound:C02839,L-Tyrosyl-tRNA(Tyr),1,kegg.reaction:R02918,contains_N
PMT1407,kegg.compound:C00001,H2O,2,kegg.reaction:R00899 | kegg.reaction:R04951,no_N
PMT1407,kegg.compound:C00037,Glycine,2,kegg.reaction:R00899 | kegg.reaction:R04951,contains_N
PMT1407,kegg.compound:C00097,L-Cysteine,1,kegg.reaction:R00899,contains_N
PMT1407,kegg.compound:C01419,Cys-Gly,1,kegg.reaction:R00899,contains_N
PMT1407,kegg.compound:C05726,S-Substituted L-cysteine,1,kegg.reaction:R04951,contains_N
PMT1407,kegg.compound:C05729,R-S-Cysteinylglycine,1,kegg.reaction:R04951,contains_N
PMT1409,kegg.compound:C00015,UDP,1,kegg.reaction:R04606,contains_N
PMT1409,kegg.compound:C04652,"UDP-2,3-bis(3-hydroxytetradecanoyl)glucosamine",1,kegg.reaction:R04606,contains_N
PMT1409,kegg.compound:C04824,Lipid X,1,kegg.reaction:R04606,contains_N
PMT1409,kegg.compound:C04932,Lipid A disaccharide,1,kegg.reaction:R04606,contains_N
PMT1410,kegg.compound:C00043,UDP-N-acetyl-alpha-D-glucosamine,1,kegg.reaction:R04567,contains_N
PMT1410,kegg.compound:C00229,Acyl-carrier protein,1,kegg.reaction:R04567,no_N
PMT1410,kegg.compound:C04688,(3R)-3-Hydroxytetradecanoyl-[acyl-carrier protein],1,kegg.reaction:R04567,no_N
PMT1410,kegg.compound:C04738,UDP-3-O-(3-hydroxytetradecanoyl)-N-acetylglucosamine,1,kegg.reaction:R04567,contains_N
PMT1411,kegg.compound:C00001,H2O,10,kegg.reaction:R04428 | kegg.reaction:R04535 | kegg.reaction:R04537 | kegg.reaction:R04544 | kegg.reaction:R04568 | kegg.reaction:R04954 | kegg.reaction:R04965 | kegg.reaction:R07764 | kegg.reaction:R10117 | kegg.reaction:R10121,no_N
PMT1411,kegg.compound:C04246,But-2-enoyl-[acyl-carrier protein],1,kegg.reaction:R04428,no_N
PMT1411,kegg.compound:C04618,(3R)-3-Hydroxybutanoyl-[acyl-carrier protein],1,kegg.reaction:R04428,no_N
PMT1411,kegg.compound:C04619,(3R)-3-Hydroxydecanoyl-[acyl-carrier protein],1,kegg.reaction:R04535,no_N
PMT1411,kegg.compound:C04620,(3R)-3-Hydroxyoctanoyl-[acyl-carrier protein],1,kegg.reaction:R04537,no_N
PMT1411,kegg.compound:C04633,(3R)-3-Hydroxypalmitoyl-[acyl-carrier protein],1,kegg.reaction:R04544,no_N
PMT1411,kegg.compound:C04688,(3R)-3-Hydroxytetradecanoyl-[acyl-carrier protein],1,kegg.reaction:R04568,no_N
PMT1411,kegg.compound:C05747,(3R)-3-Hydroxyhexanoyl-[acyl-carrier protein],1,kegg.reaction:R04954,no_N
PMT1411,kegg.compound:C05748,trans-Hex-2-enoyl-[acp],1,kegg.reaction:R04954,no_N
PMT1411,kegg.compound:C05751,trans-Oct-2-enoyl-[acp],1,kegg.reaction:R04537,no_N
PMT1411,kegg.compound:C05754,trans-Dec-2-enoyl-[acp],1,kegg.reaction:R04535,no_N
PMT1411,kegg.compound:C05757,(3R)-3-Hydroxydodecanoyl-[acyl-carrier protein],1,kegg.reaction:R04965,no_N
PMT1411,kegg.compound:C05758,trans-Dodec-2-enoyl-[acp],1,kegg.reaction:R04965,no_N
PMT1411,kegg.compound:C05760,trans-Tetradec-2-enoyl-[acp],1,kegg.reaction:R04568,no_N
PMT1411,kegg.compound:C05763,trans-Hexadec-2-enoyl-[acp],1,kegg.reaction:R04544,no_N
PMT1411,kegg.compound:C16220,(3R)-3-Hydroxyoctadecanoyl-[acyl-carrier protein],1,kegg.reaction:R07764,no_N
PMT1411,kegg.compound:C16221,(2E)-Octadecenoyl-[acp],1,kegg.reaction:R07764,no_N
PMT1411,kegg.compound:C20373,3-Hydroxyglutaryl-[acp] methyl ester,1,kegg.reaction:R10117,no_N
PMT1411,kegg.compound:C20374,Enoylglutaryl-[acp] methyl ester,1,kegg.reaction:R10117,no_N
PMT1411,kegg.compound:C20377,3-Hydroxypimeloyl-[acp] methyl ester,1,kegg.reaction:R10121,no_N
PMT1411,kegg.compound:C20378,Enoylpimeloyl-[acp] methyl ester,1,kegg.reaction:R10121,no_N
PMT1412,kegg.compound:C00001,H2O,1,kegg.reaction:R04587,no_N
PMT1412,kegg.compound:C00033,Acetate,1,kegg.reaction:R04587,no_N
PMT1412,kegg.compound:C04738,UDP-3-O-(3-hydroxytetradecanoyl)-N-acetylglucosamine,1,kegg.reaction:R04587,contains_N
PMT1412,kegg.compound:C06022,UDP-3-O-(3-hydroxytetradecanoyl)-D-glucosamine,1,kegg.reaction:R04587,contains_N
PMT1414,kegg.compound:C00002,ATP,1,kegg.reaction:R04591,contains_N
PMT1414,kegg.compound:C00008,ADP,1,kegg.reaction:R04591,contains_N
PMT1414,kegg.compound:C00009,Orthophosphate,1,kegg.reaction:R04591,no_N
PMT1414,kegg.compound:C00049,L-Aspartate,1,kegg.reaction:R04591,contains_N
PMT1414,kegg.compound:C04751,1-(5-Phospho-D-ribosyl)-5-amino-4-imidazolecarboxylate,1,kegg.reaction:R04591,contains_N
PMT1414,kegg.compound:C04823,1-(5^-Phosphoribosyl)-5-amino-4-(N-succinocarboxamide)-imidazole,1,kegg.reaction:R04591,contains_N
PMT1416,kegg.compound:C00002,ATP,1,kegg.reaction:R04144,contains_N
PMT1416,kegg.compound:C00008,ADP,1,kegg.reaction:R04144,contains_N
PMT1416,kegg.compound:C00009,Orthophosphate,1,kegg.reaction:R04144,no_N
PMT1416,kegg.compound:C00037,Glycine,1,kegg.reaction:R04144,contains_N
PMT1416,kegg.compound:C03090,5-Phosphoribosylamine,1,kegg.reaction:R04144,contains_N
PMT1416,kegg.compound:C03838,5^-Phosphoribosylglycinamide,1,kegg.reaction:R04144,contains_N
PMT1424,kegg.compound:C00001,H2O,1,kegg.reaction:R00765,no_N
PMT1424,kegg.compound:C00014,Ammonia,1,kegg.reaction:R00765,contains_N
PMT1424,kegg.compound:C00085,D-Fructose 6-phosphate,1,kegg.reaction:R00765,no_N
PMT1424,kegg.compound:C00352,D-Glucosamine 6-phosphate,1,kegg.reaction:R00765,contains_N
PMT1431,kegg.compound:C00003,NAD+,1,kegg.reaction:R01513,contains_N
PMT1431,kegg.compound:C00004,NADH,1,kegg.reaction:R01513,contains_N
PMT1431,kegg.compound:C00080,H+,1,kegg.reaction:R01513,no_N
PMT1431,kegg.compound:C00197,3-Phospho-D-glycerate,1,kegg.reaction:R01513,no_N
PMT1431,kegg.compound:C03232,3-Phosphonooxypyruvate,1,kegg.reaction:R01513,no_N
PMT1442,kegg.compound:C00002,ATP,1,kegg.reaction:R00435,contains_N
PMT1442,kegg.compound:C00013,Diphosphate,4,kegg.reaction:R00435 | kegg.reaction:R00441 | kegg.reaction:R00442 | kegg.reaction:R00443,no_N
PMT1442,kegg.compound:C00044,GTP,1,kegg.reaction:R00441,contains_N
PMT1442,kegg.compound:C00046,RNA,4,kegg.reaction:R00435 | kegg.reaction:R00441 | kegg.reaction:R00442 | kegg.reaction:R00443,no_N
PMT1442,kegg.compound:C00063,CTP,1,kegg.reaction:R00442,contains_N
PMT1442,kegg.compound:C00075,UTP,1,kegg.reaction:R00443,contains_N
PMT1445,kegg.compound:C00013,Diphosphate,1,kegg.reaction:R00966,no_N
PMT1445,kegg.compound:C00105,UMP,1,kegg.reaction:R00966,contains_N
PMT1445,kegg.compound:C00106,Uracil,1,kegg.reaction:R00966,contains_N
PMT1445,kegg.compound:C00119,5-Phospho-alpha-D-ribose 1-diphosphate,1,kegg.reaction:R00966,no_N
PMT1446,kegg.compound:C00197,3-Phospho-D-glycerate,1,kegg.reaction:R01518,no_N
PMT1446,kegg.compound:C00631,2-Phospho-D-glycerate,1,kegg.reaction:R01518,no_N
PMT1453,kegg.compound:C00118,D-Glyceraldehyde 3-phosphate,1,kegg.reaction:R01827,no_N
PMT1453,kegg.compound:C00279,D-Erythrose 4-phosphate,1,kegg.reaction:R01827,no_N
PMT1453,kegg.compound:C05345,beta-D-Fructose 6-phosphate,1,kegg.reaction:R01827,no_N
PMT1453,kegg.compound:C05382,Sedoheptulose 7-phosphate,1,kegg.reaction:R01827,no_N
PMT1460,kegg.compound:C00002,ATP,2,kegg.reaction:R00137 | kegg.reaction:R03005,contains_N
PMT1460,kegg.compound:C00003,NAD+,1,kegg.reaction:R00137,contains_N
PMT1460,kegg.compound:C00013,Diphosphate,2,kegg.reaction:R00137 | kegg.reaction:R03005,no_N
PMT1460,kegg.compound:C00455,Nicotinamide D-ribonucleotide,1,kegg.reaction:R00137,contains_N
PMT1460,kegg.compound:C00857,Deamino-NAD+,1,kegg.reaction:R03005,contains_N
PMT1460,kegg.compound:C01185,Nicotinate D-ribonucleotide,1,kegg.reaction:R03005,contains_N
PMT1461,kegg.compound:C00001,H2O,1,kegg.reaction:R00257,no_N
PMT1461,kegg.compound:C00002,ATP,2,kegg.reaction:R00189 | kegg.reaction:R00257,contains_N
PMT1461,kegg.compound:C00003,NAD+,2,kegg.reaction:R00189 | kegg.reaction:R00257,contains_N
PMT1461,kegg.compound:C00013,Diphosphate,2,kegg.reaction:R00189 | kegg.reaction:R00257,no_N
PMT1461,kegg.compound:C00014,Ammonia,1,kegg.reaction:R00189,contains_N
PMT1461,kegg.compound:C00020,AMP,2,kegg.reaction:R00189 | kegg.reaction:R00257,contains_N
PMT1461,kegg.compound:C00025,L-Glutamate,1,kegg.reaction:R00257,contains_N
PMT1461,kegg.compound:C00064,L-Glutamine,1,kegg.reaction:R00257,contains_N
PMT1461,kegg.compound:C00857,Deamino-NAD+,2,kegg.reaction:R00189 | kegg.reaction:R00257,contains_N
PMT1478,kegg.compound:C00005,NADPH,1,kegg.reaction:R07605,contains_N
PMT1478,kegg.compound:C00006,NADP+,1,kegg.reaction:R07605,contains_N
PMT1478,kegg.compound:C00080,H+,1,kegg.reaction:R07605,no_N
PMT1478,kegg.compound:C15996,7-Cyano-7-carbaguanine,1,kegg.reaction:R07605,contains_N
PMT1478,kegg.compound:C16675,7-Aminomethyl-7-carbaguanine,1,kegg.reaction:R07605,contains_N
PMT1484,kegg.compound:C00020,AMP,1,kegg.reaction:R01083,contains_N
PMT1484,kegg.compound:C00122,Fumarate,2,kegg.reaction:R01083 | kegg.reaction:R04559,no_N
PMT1484,kegg.compound:C03794,"N6-(1,2-Dicarboxyethyl)-AMP",1,kegg.reaction:R01083,contains_N
PMT1484,kegg.compound:C04677,1-(5^-Phosphoribosyl)-5-amino-4-imidazolecarboxamide,1,kegg.reaction:R04559,contains_N
PMT1484,kegg.compound:C04823,1-(5^-Phosphoribosyl)-5-amino-4-(N-succinocarboxamide)-imidazole,1,kegg.reaction:R04559,contains_N
PMT1485,kegg.compound:C00001,H2O,1,kegg.reaction:R01082,no_N
PMT1485,kegg.compound:C00122,Fumarate,1,kegg.reaction:R01082,no_N
PMT1485,kegg.compound:C00149,(S)-Malate,1,kegg.reaction:R01082,no_N
PMT1488,kegg.compound:C00010,CoA,2,kegg.reaction:R00371 | kegg.reaction:R03210,contains_N
PMT1488,kegg.compound:C00011,CO2,2,kegg.reaction:R03210 | kegg.reaction:R10124,no_N
PMT1488,kegg.compound:C00024,Acetyl-CoA,1,kegg.reaction:R00371,contains_N
PMT1488,kegg.compound:C00037,Glycine,1,kegg.reaction:R00371,contains_N
PMT1488,kegg.compound:C00041,L-Alanine,2,kegg.reaction:R03210 | kegg.reaction:R10124,contains_N
PMT1488,kegg.compound:C00229,Acyl-carrier protein,1,kegg.reaction:R10124,no_N
PMT1488,kegg.compound:C01063,Pimeloyl-CoA,1,kegg.reaction:R03210,contains_N
PMT1488,kegg.compound:C01092,8-Amino-7-oxononanoate,2,kegg.reaction:R03210 | kegg.reaction:R10124,contains_N
PMT1488,kegg.compound:C03508,L-2-Amino-3-oxobutanoic acid,1,kegg.reaction:R00371,contains_N
PMT1488,kegg.compound:C19845,Pimeloyl-[acyl-carrier protein],1,kegg.reaction:R10124,no_N
PMT1489,kegg.compound:C00001,H2O,1,kegg.reaction:R09725,no_N
PMT1489,kegg.compound:C00132,Methanol,1,kegg.reaction:R09725,no_N
PMT1489,kegg.compound:C19845,Pimeloyl-[acyl-carrier protein],1,kegg.reaction:R09725,no_N
PMT1489,kegg.compound:C19846,Pimeloyl-[acyl-carrier protein] methyl ester,1,kegg.reaction:R09725,no_N
PMT1490,kegg.compound:C00019,S-Adenosyl-L-methionine,1,kegg.reaction:R09543,contains_N
PMT1490,kegg.compound:C00021,S-Adenosyl-L-homocysteine,1,kegg.reaction:R09543,contains_N
PMT1490,kegg.compound:C01209,Malonyl-[acyl-carrier protein],1,kegg.reaction:R09543,no_N
PMT1490,kegg.compound:C19673,Malonyl-[acp] methyl ester,1,kegg.reaction:R09543,no_N
PMT1491,kegg.compound:C00002,ATP,1,kegg.reaction:R03182,contains_N
PMT1491,kegg.compound:C00008,ADP,1,kegg.reaction:R03182,contains_N
PMT1491,kegg.compound:C00009,Orthophosphate,1,kegg.reaction:R03182,no_N
PMT1491,kegg.compound:C00011,CO2,1,kegg.reaction:R03182,no_N
PMT1491,kegg.compound:C01037,"7,8-Diaminononanoate",1,kegg.reaction:R03182,contains_N
PMT1491,kegg.compound:C01909,Dethiobiotin,1,kegg.reaction:R03182,contains_N
PMT1493,kegg.compound:C00019,S-Adenosyl-L-methionine,1,kegg.reaction:R03231,contains_N
PMT1493,kegg.compound:C01037,"7,8-Diaminononanoate",1,kegg.reaction:R03231,contains_N
PMT1493,kegg.compound:C01092,8-Amino-7-oxononanoate,1,kegg.reaction:R03231,contains_N
PMT1493,kegg.compound:C04425,S-Adenosyl-4-methylthio-2-oxobutanoate,1,kegg.reaction:R03231,contains_N
PMT1505,kegg.compound:C00002,ATP,1,kegg.reaction:R00435,contains_N
PMT1505,kegg.compound:C00013,Diphosphate,4,kegg.reaction:R00435 | kegg.reaction:R00441 | kegg.reaction:R00442 | kegg.reaction:R00443,no_N
PMT1505,kegg.compound:C00044,GTP,1,kegg.reaction:R00441,contains_N
PMT1505,kegg.compound:C00046,RNA,4,kegg.reaction:R00435 | kegg.reaction:R00441 | kegg.reaction:R00442 | kegg.reaction:R00443,no_N
PMT1505,kegg.compound:C00063,CTP,1,kegg.reaction:R00442,contains_N
PMT1505,kegg.compound:C00075,UTP,1,kegg.reaction:R00443,contains_N
PMT1506,kegg.compound:C00002,ATP,1,kegg.reaction:R00435,contains_N
PMT1506,kegg.compound:C00013,Diphosphate,4,kegg.reaction:R00435 | kegg.reaction:R00441 | kegg.reaction:R00442 | kegg.reaction:R00443,no_N
PMT1506,kegg.compound:C00044,GTP,1,kegg.reaction:R00441,contains_N
PMT1506,kegg.compound:C00046,RNA,4,kegg.reaction:R00435 | kegg.reaction:R00441 | kegg.reaction:R00442 | kegg.reaction:R00443,no_N
PMT1506,kegg.compound:C00063,CTP,1,kegg.reaction:R00442,contains_N
PMT1506,kegg.compound:C00075,UTP,1,kegg.reaction:R00443,contains_N
PMT1507,kegg.compound:C00002,ATP,1,kegg.reaction:R00435,contains_N
PMT1507,kegg.compound:C00013,Diphosphate,4,kegg.reaction:R00435 | kegg.reaction:R00441 | kegg.reaction:R00442 | kegg.reaction:R00443,no_N
PMT1507,kegg.compound:C00044,GTP,1,kegg.reaction:R00441,contains_N
PMT1507,kegg.compound:C00046,RNA,4,kegg.reaction:R00435 | kegg.reaction:R00441 | kegg.reaction:R00442 | kegg.reaction:R00443,no_N
PMT1507,kegg.compound:C00063,CTP,1,kegg.reaction:R00442,contains_N
PMT1507,kegg.compound:C00075,UTP,1,kegg.reaction:R00443,contains_N
PMT1510,kegg.compound:C00001,H2O,2,kegg.reaction:R01158 | kegg.reaction:R01163,no_N
PMT1510,kegg.compound:C00003,NAD+,3,kegg.reaction:R01158 | kegg.reaction:R01163 | kegg.reaction:R03012,contains_N
PMT1510,kegg.compound:C00004,NADH,3,kegg.reaction:R01158 | kegg.reaction:R01163 | kegg.reaction:R03012,contains_N
PMT1510,kegg.compound:C00080,H+,3,kegg.reaction:R01158 | kegg.reaction:R01163 | kegg.reaction:R03012,no_N
PMT1510,kegg.compound:C00135,L-Histidine,2,kegg.reaction:R01158 | kegg.reaction:R01163,contains_N
PMT1510,kegg.compound:C00860,L-Histidinol,2,kegg.reaction:R01158 | kegg.reaction:R03012,contains_N
PMT1510,kegg.compound:C01929,L-Histidinal,2,kegg.reaction:R01163 | kegg.reaction:R03012,contains_N
PMT1511,kegg.compound:C00117,D-Ribose 5-phosphate,1,kegg.reaction:R01056,no_N
PMT1511,kegg.compound:C00199,D-Ribulose 5-phosphate,1,kegg.reaction:R01056,no_N
PMT1515,kegg.compound:C00001,H2O,2,kegg.reaction:R03980 | kegg.reaction:R04856,no_N
PMT1515,kegg.compound:C00059,Sulfate,2,kegg.reaction:R03980 | kegg.reaction:R04856,no_N
PMT1515,kegg.compound:C00468,Estrone,1,kegg.reaction:R03980,no_N
PMT1515,kegg.compound:C02538,Estrone 3-sulfate,1,kegg.reaction:R03980,no_N
PMT1515,kegg.compound:C02686,Galactosylceramide,1,kegg.reaction:R04856,contains_N
PMT1515,kegg.compound:C06125,Sulfatide,1,kegg.reaction:R04856,contains_N
PMT1537,kegg.compound:C00001,H2O,2,kegg.reaction:R00488 | kegg.reaction:R00526,no_N
PMT1537,kegg.compound:C00033,Acetate,1,kegg.reaction:R00488,no_N
PMT1537,kegg.compound:C00049,L-Aspartate,2,kegg.reaction:R00488 | kegg.reaction:R00526,contains_N
PMT1537,kegg.compound:C00058,Formate,1,kegg.reaction:R00526,no_N
PMT1537,kegg.compound:C01042,N-Acetyl-L-aspartate,1,kegg.reaction:R00488,contains_N
PMT1537,kegg.compound:C01044,N-Formyl-L-aspartate,1,kegg.reaction:R00526,contains_N
PMT1547,kegg.compound:C00001,H2O,1,kegg.reaction:R00036,no_N
PMT1547,kegg.compound:C00430,5-Aminolevulinate,1,kegg.reaction:R00036,contains_N
PMT1547,kegg.compound:C00931,Porphobilinogen,1,kegg.reaction:R00036,contains_N
PMT1550,kegg.compound:C00005,NADPH,1,kegg.reaction:R06613,contains_N
PMT1550,kegg.compound:C00006,NADP+,1,kegg.reaction:R06613,contains_N
PMT1550,kegg.compound:C00080,H+,1,kegg.reaction:R06613,no_N
PMT1550,kegg.compound:C00101,Tetrahydrofolate,1,kegg.reaction:R06613,contains_N
PMT1550,kegg.compound:C00143,"5,10-Methylenetetrahydrofolate",1,kegg.reaction:R06613,contains_N
PMT1550,kegg.compound:C00364,dTMP,1,kegg.reaction:R06613,contains_N
PMT1550,kegg.compound:C00365,dUMP,1,kegg.reaction:R06613,contains_N
PMT1551,kegg.compound:C00001,H2O,2,kegg.reaction:R03596 | kegg.reaction:R09372,no_N
PMT1551,kegg.compound:C00005,NADPH,3,kegg.reaction:R02016 | kegg.reaction:R03596 | kegg.reaction:R09372,contains_N
PMT1551,kegg.compound:C00006,NADP+,3,kegg.reaction:R02016 | kegg.reaction:R03596 | kegg.reaction:R09372,contains_N
PMT1551,kegg.compound:C00080,H+,3,kegg.reaction:R02016 | kegg.reaction:R03596 | kegg.reaction:R09372,no_N
PMT1551,kegg.compound:C00342,Thioredoxin,1,kegg.reaction:R02016,contains_N
PMT1551,kegg.compound:C00343,Thioredoxin disulfide,1,kegg.reaction:R02016,contains_N
PMT1551,kegg.compound:C01528,Hydrogen selenide,1,kegg.reaction:R03596,no_N
PMT1551,kegg.compound:C05684,Selenite,1,kegg.reaction:R03596,no_N
PMT1551,kegg.compound:C05703,Methaneselenol,1,kegg.reaction:R09372,no_N
PMT1551,kegg.compound:C18902,Methylselenic acid,1,kegg.reaction:R09372,no_N
PMT1555,kegg.compound:C00001,H2O,1,kegg.reaction:R00191,no_N
PMT1555,kegg.compound:C00020,AMP,1,kegg.reaction:R00191,contains_N
PMT1555,kegg.compound:C00575,"3^,5^-Cyclic AMP",1,kegg.reaction:R00191,contains_N
PMT1569,kegg.compound:C00001,H2O,1,kegg.reaction:R00548,no_N
PMT1569,kegg.compound:C00009,Orthophosphate,1,kegg.reaction:R00548,no_N
PMT1569,kegg.compound:C00061,FMN,1,kegg.reaction:R00548,contains_N
PMT1569,kegg.compound:C00255,Riboflavin,1,kegg.reaction:R00548,contains_N
PMT1587,kegg.compound:C00015,UDP,1,kegg.reaction:R04606,contains_N
PMT1587,kegg.compound:C04652,"UDP-2,3-bis(3-hydroxytetradecanoyl)glucosamine",1,kegg.reaction:R04606,contains_N
PMT1587,kegg.compound:C04824,Lipid X,1,kegg.reaction:R04606,contains_N
PMT1587,kegg.compound:C04932,Lipid A disaccharide,1,kegg.reaction:R04606,contains_N
PMT1588,kegg.compound:C00002,ATP,2,kegg.reaction:R00742 | kegg.reaction:R04385,contains_N
PMT1588,kegg.compound:C00008,ADP,2,kegg.reaction:R00742 | kegg.reaction:R04385,contains_N
PMT1588,kegg.compound:C00009,Orthophosphate,2,kegg.reaction:R00742 | kegg.reaction:R04385,no_N
PMT1588,kegg.compound:C00024,Acetyl-CoA,1,kegg.reaction:R00742,contains_N
PMT1588,kegg.compound:C00083,Malonyl-CoA,1,kegg.reaction:R00742,contains_N
PMT1588,kegg.compound:C00288,HCO3-,2,kegg.reaction:R00742 | kegg.reaction:R04385,no_N
PMT1588,kegg.compound:C04419,Carboxybiotin-carboxyl-carrier protein,1,kegg.reaction:R04385,contains_N
PMT1588,kegg.compound:C06250,Holo-[carboxylase],1,kegg.reaction:R04385,contains_N
PMT1603,kegg.compound:C00028,Acceptor,1,kegg.reaction:R03599,no_formula
PMT1603,kegg.compound:C00030,Reduced acceptor,1,kegg.reaction:R03599,no_formula
PMT1603,kegg.compound:C00041,L-Alanine,2,kegg.reaction:R03599 | kegg.reaction:R11528,contains_N
PMT1603,kegg.compound:C00097,L-Cysteine,1,kegg.reaction:R11528,contains_N
PMT1603,kegg.compound:C01528,Hydrogen selenide,1,kegg.reaction:R03599,no_N
PMT1603,kegg.compound:C02743,[Protein]-L-cysteine,1,kegg.reaction:R11528,contains_N
PMT1603,kegg.compound:C05688,L-Selenocysteine,1,kegg.reaction:R03599,contains_N
PMT1603,kegg.compound:C21440,[Protein]-S-sulfanyl-L-cysteine,1,kegg.reaction:R11528,contains_N
PMT1614,kegg.compound:C00092,D-Glucose 6-phosphate,1,kegg.reaction:R08639,no_N
PMT1614,kegg.compound:C00103,D-Glucose 1-phosphate,2,kegg.reaction:R00959 | kegg.reaction:R08639,no_N
PMT1614,kegg.compound:C00117,D-Ribose 5-phosphate,1,kegg.reaction:R01057,no_N
PMT1614,kegg.compound:C00620,alpha-D-Ribose 1-phosphate,1,kegg.reaction:R01057,no_N
PMT1614,kegg.compound:C00668,alpha-D-Glucose 6-phosphate,1,kegg.reaction:R00959,no_N
PMT1623,kegg.compound:C00002,ATP,3,kegg.reaction:R02971 | kegg.reaction:R03018 | kegg.reaction:R04391,contains_N
PMT1623,kegg.compound:C00008,ADP,3,kegg.reaction:R02971 | kegg.reaction:R03018 | kegg.reaction:R04391,contains_N
PMT1623,kegg.compound:C00831,Pantetheine,1,kegg.reaction:R02971,contains_N
PMT1623,kegg.compound:C00864,Pantothenate,1,kegg.reaction:R03018,contains_N
PMT1623,kegg.compound:C01134,Pantetheine 4^-phosphate,1,kegg.reaction:R02971,contains_N
PMT1623,kegg.compound:C03492,D-4^-Phosphopantothenate,1,kegg.reaction:R03018,contains_N
PMT1623,kegg.compound:C04079,N-((R)-Pantothenoyl)-L-cysteine,1,kegg.reaction:R04391,contains_N
PMT1623,kegg.compound:C04352,(R)-4^-Phosphopantothenoyl-L-cysteine,1,kegg.reaction:R04391,contains_N
PMT1624,kegg.compound:C00053,3^-Phosphoadenylyl sulfate,1,kegg.reaction:R02021,contains_N
PMT1624,kegg.compound:C00054,"Adenosine 3^,5^-bisphosphate",1,kegg.reaction:R02021,contains_N
PMT1624,kegg.compound:C00094,Sulfite,1,kegg.reaction:R02021,no_N
PMT1624,kegg.compound:C00342,Thioredoxin,1,kegg.reaction:R02021,contains_N
PMT1624,kegg.compound:C00343,Thioredoxin disulfide,1,kegg.reaction:R02021,contains_N
PMT1647,kegg.compound:C00001,H2O,6,kegg.reaction:R00801 | kegg.reaction:R00802 | kegg.reaction:R02410 | kegg.reaction:R03635 | kegg.reaction:R03921 | kegg.reaction:R06088,no_N
PMT1647,kegg.compound:C00031,D-Glucose,1,kegg.reaction:R00801,no_N
PMT1647,kegg.compound:C00089,Sucrose,2,kegg.reaction:R00801 | kegg.reaction:R00802,no_N
PMT1647,kegg.compound:C00092,D-Glucose 6-phosphate,1,kegg.reaction:R03921,no_N
PMT1647,kegg.compound:C00095,D-Fructose,4,kegg.reaction:R00801 | kegg.reaction:R02410 | kegg.reaction:R03635 | kegg.reaction:R03921,no_N
PMT1647,kegg.compound:C00267,alpha-D-Glucose,2,kegg.reaction:R00802 | kegg.reaction:R06088,no_N
PMT1647,kegg.compound:C00492,Raffinose,1,kegg.reaction:R02410,no_N
PMT1647,kegg.compound:C01613,Stachyose,1,kegg.reaction:R03635,no_N
PMT1647,kegg.compound:C02336,beta-D-Fructose,2,kegg.reaction:R00802 | kegg.reaction:R06088,no_N
PMT1647,kegg.compound:C05402,Melibiose,1,kegg.reaction:R02410,no_N
PMT1647,kegg.compound:C05404,D-Gal alpha 1->6D-Gal alpha 1->6D-Glucose,1,kegg.reaction:R03635,no_N
PMT1647,kegg.compound:C16688,Sucrose 6-phosphate,1,kegg.reaction:R03921,no_N
PMT1659,kegg.compound:C00001,H2O,1,kegg.reaction:R10463,no_N
PMT1659,kegg.compound:C00002,ATP,1,kegg.reaction:R10463,contains_N
PMT1659,kegg.compound:C00013,Diphosphate,1,kegg.reaction:R10463,no_N
PMT1659,kegg.compound:C00080,H+,1,kegg.reaction:R10463,no_N
PMT1659,kegg.compound:C00188,L-Threonine,1,kegg.reaction:R10463,contains_N
PMT1659,kegg.compound:C00288,HCO3-,1,kegg.reaction:R10463,no_N
PMT1659,kegg.compound:C20641,L-Threonylcarbamoyladenylate,1,kegg.reaction:R10463,contains_N
PMT1660,kegg.compound:C00019,S-Adenosyl-L-methionine,1,kegg.reaction:R10806,contains_N
PMT1660,kegg.compound:C00021,S-Adenosyl-L-homocysteine,1,kegg.reaction:R10806,contains_N
PMT1660,kegg.compound:C02583,Protein glutamine,1,kegg.reaction:R10806,contains_N
PMT1660,kegg.compound:C20858,Protein N5-methyl-L-glutamine,1,kegg.reaction:R10806,contains_N
PMT1669,kegg.compound:C00001,H2O,1,kegg.reaction:R01334,no_N
PMT1669,kegg.compound:C00009,Orthophosphate,1,kegg.reaction:R01334,no_N
PMT1669,kegg.compound:C00160,Glycolate,1,kegg.reaction:R01334,no_N
PMT1669,kegg.compound:C00988,2-Phosphoglycolate,1,kegg.reaction:R01334,no_N
PMT1670,kegg.compound:C00001,H2O,2,kegg.reaction:R00177 | kegg.reaction:R04771,no_N
PMT1670,kegg.compound:C00002,ATP,2,kegg.reaction:R00177 | kegg.reaction:R04771,contains_N
PMT1670,kegg.compound:C00009,Orthophosphate,2,kegg.reaction:R00177 | kegg.reaction:R04771,no_N
PMT1670,kegg.compound:C00013,Diphosphate,2,kegg.reaction:R00177 | kegg.reaction:R04771,no_N
PMT1670,kegg.compound:C00019,S-Adenosyl-L-methionine,1,kegg.reaction:R00177,contains_N
PMT1670,kegg.compound:C00073,L-Methionine,1,kegg.reaction:R00177,contains_N
PMT1670,kegg.compound:C05335,L-Selenomethionine,1,kegg.reaction:R04771,contains_N
PMT1670,kegg.compound:C05691,Se-Adenosylselenomethionine,1,kegg.reaction:R04771,contains_N
PMT1671,kegg.compound:C00002,ATP,1,kegg.reaction:R01639,contains_N
PMT1671,kegg.compound:C00008,ADP,1,kegg.reaction:R01639,contains_N
PMT1671,kegg.compound:C00231,D-Xylulose 5-phosphate,1,kegg.reaction:R01639,no_N
PMT1671,kegg.compound:C00310,D-Xylulose,1,kegg.reaction:R01639,no_N
PMT1686,kegg.compound:C00138,Reduced ferredoxin,1,kegg.reaction:R05818,no_N
PMT1686,kegg.compound:C00139,Oxidized ferredoxin,1,kegg.reaction:R05818,no_N
PMT1686,kegg.compound:C00500,Biliverdin,1,kegg.reaction:R05818,contains_N
PMT1686,kegg.compound:C11630,"15,16-Dihydrobiliverdin",1,kegg.reaction:R05818,contains_N
PMT1689,kegg.compound:C00002,ATP,4,kegg.reaction:R00158 | kegg.reaction:R00512 | kegg.reaction:R01665 | kegg.reaction:R02473,contains_N
PMT1689,kegg.compound:C00008,ADP,3,kegg.reaction:R00158 | kegg.reaction:R00512 | kegg.reaction:R01665,contains_N
PMT1689,kegg.compound:C00013,Diphosphate,1,kegg.reaction:R02473,no_N
PMT1689,kegg.compound:C00015,UDP,1,kegg.reaction:R00158,contains_N
PMT1689,kegg.compound:C00020,AMP,1,kegg.reaction:R02473,contains_N
PMT1689,kegg.compound:C00055,CMP,1,kegg.reaction:R00512,contains_N
PMT1689,kegg.compound:C00099,beta-Alanine,1,kegg.reaction:R02473,contains_N
PMT1689,kegg.compound:C00105,UMP,1,kegg.reaction:R00158,contains_N
PMT1689,kegg.compound:C00112,CDP,1,kegg.reaction:R00512,contains_N
PMT1689,kegg.compound:C00239,dCMP,1,kegg.reaction:R01665,contains_N
PMT1689,kegg.compound:C00522,(R)-Pantoate,1,kegg.reaction:R02473,no_N
PMT1689,kegg.compound:C00705,dCDP,1,kegg.reaction:R01665,contains_N
PMT1689,kegg.compound:C00864,Pantothenate,1,kegg.reaction:R02473,contains_N
PMT1691,kegg.compound:C00002,ATP,1,kegg.reaction:R04208,contains_N
PMT1691,kegg.compound:C00008,ADP,1,kegg.reaction:R04208,contains_N
PMT1691,kegg.compound:C00009,Orthophosphate,1,kegg.reaction:R04208,no_N
PMT1691,kegg.compound:C03373,Aminoimidazole ribotide,1,kegg.reaction:R04208,contains_N
PMT1691,kegg.compound:C04640,2-(Formamido)-N1-(5^-phosphoribosyl)acetamidine,1,kegg.reaction:R04208,contains_N
PMT1706,kegg.compound:C00001,H2O,1,kegg.reaction:R03220,no_N
PMT1706,kegg.compound:C00007,Oxygen,1,kegg.reaction:R03220,no_N
PMT1706,kegg.compound:C00011,CO2,1,kegg.reaction:R03220,no_N
PMT1706,kegg.compound:C01079,Protoporphyrinogen IX,1,kegg.reaction:R03220,contains_N
PMT1706,kegg.compound:C03263,Coproporphyrinogen III,1,kegg.reaction:R03220,contains_N
PMT1711,kegg.compound:C00001,H2O,1,kegg.reaction:R00985,no_N
PMT1711,kegg.compound:C00014,Ammonia,1,kegg.reaction:R00985,contains_N
PMT1711,kegg.compound:C00022,Pyruvate,2,kegg.reaction:R00985 | kegg.reaction:R00986,no_N
PMT1711,kegg.compound:C00025,L-Glutamate,1,kegg.reaction:R00986,contains_N
PMT1711,kegg.compound:C00064,L-Glutamine,1,kegg.reaction:R00986,contains_N
PMT1711,kegg.compound:C00108,Anthranilate,2,kegg.reaction:R00985 | kegg.reaction:R00986,contains_N
PMT1711,kegg.compound:C00251,Chorismate,2,kegg.reaction:R00985 | kegg.reaction:R00986,no_N
PMT1713,kegg.compound:C00001,H2O,1,kegg.reaction:R00345,no_N
PMT1713,kegg.compound:C00009,Orthophosphate,1,kegg.reaction:R00345,no_N
PMT1713,kegg.compound:C00011,CO2,1,kegg.reaction:R00345,no_N
PMT1713,kegg.compound:C00036,Oxaloacetate,1,kegg.reaction:R00345,no_N
PMT1713,kegg.compound:C00074,Phosphoenolpyruvate,1,kegg.reaction:R00345,no_N
PMT1716,kegg.compound:C00011,CO2,1,kegg.reaction:R00178,no_N
PMT1716,kegg.compound:C00019,S-Adenosyl-L-methionine,1,kegg.reaction:R00178,contains_N
PMT1716,kegg.compound:C00080,H+,1,kegg.reaction:R00178,no_N
PMT1716,kegg.compound:C01137,S-Adenosylmethioninamine,1,kegg.reaction:R00178,contains_N
PMT1718,kegg.compound:C00002,ATP,3,kegg.reaction:R01492 | kegg.reaction:R05220 | kegg.reaction:R07268,contains_N
PMT1718,kegg.compound:C00194,Cobamide coenzyme,1,kegg.reaction:R01492,contains_N
PMT1718,kegg.compound:C00536,Triphosphate,3,kegg.reaction:R01492 | kegg.reaction:R05220 | kegg.reaction:R07268,no_N
PMT1718,kegg.compound:C00853,Cob(I)alamin,1,kegg.reaction:R01492,contains_N
PMT1718,kegg.compound:C05774,Cobinamide,1,kegg.reaction:R07268,contains_N
PMT1718,kegg.compound:C06505,"Cob(I)yrinate a,c diamide",1,kegg.reaction:R05220,contains_N
PMT1718,kegg.compound:C06506,"Adenosyl cobyrinate a,c diamide",1,kegg.reaction:R05220,contains_N
PMT1718,kegg.compound:C06508,Adenosyl cobinamide,1,kegg.reaction:R07268,contains_N
PMT1724,kegg.compound:C00005,NADPH,1,kegg.reaction:R00733,contains_N
PMT1724,kegg.compound:C00006,NADP+,1,kegg.reaction:R00733,contains_N
PMT1724,kegg.compound:C00011,CO2,1,kegg.reaction:R00733,no_N
PMT1724,kegg.compound:C00080,H+,1,kegg.reaction:R00733,no_N
PMT1724,kegg.compound:C00082,L-Tyrosine,1,kegg.reaction:R00733,contains_N
PMT1724,kegg.compound:C00826,L-Arogenate,1,kegg.reaction:R00733,contains_N
PMT1751,kegg.compound:C00002,ATP,2,kegg.reaction:R00127 | kegg.reaction:R01547,contains_N
PMT1751,kegg.compound:C00008,ADP,3,kegg.reaction:R00127 | kegg.reaction:R01547 | kegg.reaction:R11319,contains_N
PMT1751,kegg.compound:C00020,AMP,2,kegg.reaction:R00127 | kegg.reaction:R11319,contains_N
PMT1751,kegg.compound:C00068,Thiamin diphosphate,1,kegg.reaction:R11319,contains_N
PMT1751,kegg.compound:C00206,dADP,1,kegg.reaction:R01547,contains_N
PMT1751,kegg.compound:C00360,dAMP,1,kegg.reaction:R01547,contains_N
PMT1751,kegg.compound:C03028,Thiamin triphosphate,1,kegg.reaction:R11319,contains_N
PMT1755,kegg.compound:C00002,ATP,1,kegg.reaction:R00435,contains_N
PMT1755,kegg.compound:C00013,Diphosphate,4,kegg.reaction:R00435 | kegg.reaction:R00441 | kegg.reaction:R00442 | kegg.reaction:R00443,no_N
PMT1755,kegg.compound:C00044,GTP,1,kegg.reaction:R00441,contains_N
PMT1755,kegg.compound:C00046,RNA,4,kegg.reaction:R00435 | kegg.reaction:R00441 | kegg.reaction:R00442 | kegg.reaction:R00443,no_N
PMT1755,kegg.compound:C00063,CTP,1,kegg.reaction:R00442,contains_N
PMT1755,kegg.compound:C00075,UTP,1,kegg.reaction:R00443,contains_N
PMT1763,kegg.compound:C00041,L-Alanine,1,kegg.reaction:R00401,contains_N
PMT1763,kegg.compound:C00133,D-Alanine,1,kegg.reaction:R00401,contains_N
PMT1772,kegg.compound:C00001,H2O,1,kegg.reaction:R07772,no_N
PMT1772,kegg.compound:C00019,S-Adenosyl-L-methionine,2,kegg.reaction:R05180 | kegg.reaction:R05809,contains_N
PMT1772,kegg.compound:C00021,S-Adenosyl-L-homocysteine,2,kegg.reaction:R05180 | kegg.reaction:R05809,contains_N
PMT1772,kegg.compound:C00084,Acetaldehyde,1,kegg.reaction:R07772,no_N
PMT1772,kegg.compound:C06406,Precorrin 3B,1,kegg.reaction:R05180,contains_N
PMT1772,kegg.compound:C06407,Precorrin 4,1,kegg.reaction:R05180,contains_N
PMT1772,kegg.compound:C11539,Cobalt-precorrin 3,1,kegg.reaction:R05809,contains_N
PMT1772,kegg.compound:C11540,Cobalt-precorrin 4,1,kegg.reaction:R05809,contains_N
PMT1772,kegg.compound:C16242,Cobalt-precorrin 5A,1,kegg.reaction:R07772,contains_N
PMT1772,kegg.compound:C16243,Cobalt-precorrin 5B,1,kegg.reaction:R07772,contains_N
PMT1773,kegg.compound:C02094,beta-Carotene,1,kegg.reaction:R03824,no_N
PMT1773,kegg.compound:C05431,all-trans-Neurosporene,2,kegg.reaction:R04801 | kegg.reaction:R06960,no_N
PMT1773,kegg.compound:C05432,Lycopene,2,kegg.reaction:R05341 | kegg.reaction:R06963,no_N
PMT1773,kegg.compound:C05433,alpha-Carotene,1,kegg.reaction:R06962,no_N
PMT1773,kegg.compound:C05434,beta-Zeacarotene,2,kegg.reaction:R04801 | kegg.reaction:R07856,no_N
PMT1773,kegg.compound:C05435,gamma-Carotene,2,kegg.reaction:R03824 | kegg.reaction:R05341,no_N
PMT1773,kegg.compound:C08586,delta-Carotene,3,kegg.reaction:R06962 | kegg.reaction:R06963 | kegg.reaction:R07840,no_N
PMT1773,kegg.compound:C14146,alpha-Zeacarotene,1,kegg.reaction:R06960,no_N
PMT1773,kegg.compound:C16276,epsilon-Carotene,1,kegg.reaction:R07840,no_N
PMT1773,kegg.compound:C16291,"7,8-Dihydro-beta-carotene",1,kegg.reaction:R07856,no_N
PMT1775,kegg.compound:C00019,S-Adenosyl-L-methionine,1,kegg.reaction:R07767,contains_N
PMT1775,kegg.compound:C00073,L-Methionine,1,kegg.reaction:R07767,contains_N
PMT1775,kegg.compound:C00080,H+,1,kegg.reaction:R07767,no_N
PMT1775,kegg.compound:C00283,Hydrogen sulfide,1,kegg.reaction:R07767,no_N
PMT1775,kegg.compound:C05198,5^-Deoxyadenosine,1,kegg.reaction:R07767,contains_N
PMT1775,kegg.compound:C14818,Fe2+,1,kegg.reaction:R07767,no_N
PMT1775,kegg.compound:C16236,[Protein]-N6-(octanoyl)-L-lysine,1,kegg.reaction:R07767,contains_N
PMT1775,kegg.compound:C16832,[Protein]-N6-[(R)-dihydrolipoyl]-L-lysine,1,kegg.reaction:R07767,contains_N
PMT1775,kegg.compound:C22150,Reduced [2Fe-2S] ferredoxin,1,kegg.reaction:R07767,no_formula
PMT1775,kegg.compound:C22151,Oxidized [2Fe-2S] ferredoxin,1,kegg.reaction:R07767,no_formula
PMT1775,kegg.compound:C22154,[Fe-S] cluster scaffold protein carrying a [4Fe-4S]2+ cluster,1,kegg.reaction:R07767,no_formula
PMT1775,kegg.compound:C22155,[Fe-S] cluster scaffold protein,1,kegg.reaction:R07767,no_formula
PMT1777,kegg.compound:C00001,H2O,1,kegg.reaction:R10086,no_N
PMT1777,kegg.compound:C00014,Ammonia,1,kegg.reaction:R10086,contains_N
PMT1777,kegg.compound:C00025,L-Glutamate,2,kegg.reaction:R00021 | kegg.reaction:R10086,contains_N
PMT1777,kegg.compound:C00026,2-Oxoglutarate,2,kegg.reaction:R00021 | kegg.reaction:R10086,no_N
PMT1777,kegg.compound:C00064,L-Glutamine,1,kegg.reaction:R00021,contains_N
PMT1777,kegg.compound:C00080,H+,2,kegg.reaction:R00021 | kegg.reaction:R10086,no_N
PMT1777,kegg.compound:C00138,Reduced ferredoxin,2,kegg.reaction:R00021 | kegg.reaction:R10086,no_N
PMT1777,kegg.compound:C00139,Oxidized ferredoxin,2,kegg.reaction:R00021 | kegg.reaction:R10086,no_N
PMT1785,kegg.compound:C00019,S-Adenosyl-L-methionine,3,kegg.reaction:R07501 | kegg.reaction:R10709 | kegg.reaction:R10710,contains_N
PMT1785,kegg.compound:C00021,S-Adenosyl-L-homocysteine,3,kegg.reaction:R07501 | kegg.reaction:R10709 | kegg.reaction:R10710,contains_N
PMT1785,kegg.compound:C15882,2-Methyl-6-phytylquinol,1,kegg.reaction:R07501,no_N
PMT1785,kegg.compound:C15883,"2,3-Dimethyl-5-phytylquinol",1,kegg.reaction:R07501,no_N
PMT1785,kegg.compound:C16695,Plastoquinol-9,1,kegg.reaction:R10709,no_N
PMT1785,kegg.compound:C17570,"2-Methyl-6-solanyl-1,4-benzoquinol",1,kegg.reaction:R10709,no_N
PMT1785,kegg.compound:C20737,"6-Geranylgeranyl-2-methylbenzene-1,4-diol",1,kegg.reaction:R10710,no_N
PMT1785,kegg.compound:C20738,"6-Geranylgeranyl-2,3-dimethylbenzene-1,4-diol",1,kegg.reaction:R10710,no_N
PMT1786,kegg.compound:C00001,H2O,2,kegg.reaction:R00691 | kegg.reaction:R01373,no_N
PMT1786,kegg.compound:C00011,CO2,2,kegg.reaction:R00691 | kegg.reaction:R01373,no_N
PMT1786,kegg.compound:C00079,L-Phenylalanine,1,kegg.reaction:R00691,contains_N
PMT1786,kegg.compound:C00166,Phenylpyruvate,1,kegg.reaction:R01373,no_N
PMT1786,kegg.compound:C00254,Prephenate,1,kegg.reaction:R01373,no_N
PMT1786,kegg.compound:C00826,L-Arogenate,1,kegg.reaction:R00691,contains_N
PMT1791,kegg.compound:C00001,H2O,1,kegg.reaction:R07613,no_N
PMT1791,kegg.compound:C00025,L-Glutamate,1,kegg.reaction:R07613,contains_N
PMT1791,kegg.compound:C00026,2-Oxoglutarate,1,kegg.reaction:R07613,no_N
PMT1791,kegg.compound:C00666,"LL-2,6-Diaminoheptanedioate",1,kegg.reaction:R07613,contains_N
PMT1791,kegg.compound:C03972,"2,3,4,5-Tetrahydrodipicolinate",1,kegg.reaction:R07613,contains_N
PMT1795,kegg.compound:C00009,Orthophosphate,1,kegg.reaction:R01714,no_N
PMT1795,kegg.compound:C00251,Chorismate,1,kegg.reaction:R01714,no_N
PMT1795,kegg.compound:C01269,5-O-(1-Carboxyvinyl)-3-phosphoshikimate,1,kegg.reaction:R01714,no_N
PMT1797,kegg.compound:C00022,Pyruvate,2,kegg.reaction:R00470 | kegg.reaction:R05605,no_N
PMT1797,kegg.compound:C00048,Glyoxylate,1,kegg.reaction:R00470,no_N
PMT1797,kegg.compound:C00118,D-Glyceraldehyde 3-phosphate,1,kegg.reaction:R05605,no_N
PMT1797,kegg.compound:C01127,4-Hydroxy-2-oxoglutarate,1,kegg.reaction:R00470,no_N
PMT1797,kegg.compound:C04442,2-Dehydro-3-deoxy-6-phospho-D-gluconate,1,kegg.reaction:R05605,no_N
PMT1799,kegg.compound:C00002,ATP,2,kegg.reaction:R00529 | kegg.reaction:R04929,contains_N
PMT1799,kegg.compound:C00013,Diphosphate,2,kegg.reaction:R00529 | kegg.reaction:R04929,no_N
PMT1799,kegg.compound:C00059,Sulfate,1,kegg.reaction:R00529,no_N
PMT1799,kegg.compound:C00224,Adenylyl sulfate,1,kegg.reaction:R00529,contains_N
PMT1799,kegg.compound:C05686,Adenylyl selenate,1,kegg.reaction:R04929,contains_N
PMT1799,kegg.compound:C05697,Selenate,1,kegg.reaction:R04929,no_N
PMT1802,kegg.compound:C00011,CO2,1,kegg.reaction:R03269,no_N
PMT1802,kegg.compound:C00013,Diphosphate,1,kegg.reaction:R04231,no_N
PMT1802,kegg.compound:C00055,CMP,1,kegg.reaction:R04231,contains_N
PMT1802,kegg.compound:C00063,CTP,1,kegg.reaction:R04231,contains_N
PMT1802,kegg.compound:C00097,L-Cysteine,1,kegg.reaction:R04231,contains_N
PMT1802,kegg.compound:C01134,Pantetheine 4^-phosphate,1,kegg.reaction:R03269,contains_N
PMT1802,kegg.compound:C03492,D-4^-Phosphopantothenate,1,kegg.reaction:R04231,contains_N
PMT1802,kegg.compound:C04352,(R)-4^-Phosphopantothenoyl-L-cysteine,2,kegg.reaction:R03269 | kegg.reaction:R04231,contains_N
PMT1807,kegg.compound:C00009,Orthophosphate,1,kegg.reaction:R01397,no_N
PMT1807,kegg.compound:C00049,L-Aspartate,1,kegg.reaction:R01397,contains_N
PMT1807,kegg.compound:C00169,Carbamoyl phosphate,1,kegg.reaction:R01397,contains_N
PMT1807,kegg.compound:C00438,N-Carbamoyl-L-aspartate,1,kegg.reaction:R01397,contains_N
PMT1815,kegg.compound:C00001,H2O,2,kegg.reaction:R03905 | kegg.reaction:R04212,no_N
PMT1815,kegg.compound:C00002,ATP,2,kegg.reaction:R03905 | kegg.reaction:R04212,contains_N
PMT1815,kegg.compound:C00008,ADP,2,kegg.reaction:R03905 | kegg.reaction:R04212,contains_N
PMT1815,kegg.compound:C00009,Orthophosphate,2,kegg.reaction:R03905 | kegg.reaction:R04212,no_N
PMT1815,kegg.compound:C00025,L-Glutamate,2,kegg.reaction:R03905 | kegg.reaction:R04212,contains_N
PMT1815,kegg.compound:C00064,L-Glutamine,2,kegg.reaction:R03905 | kegg.reaction:R04212,contains_N
PMT1815,kegg.compound:C02282,Glutaminyl-tRNA,1,kegg.reaction:R03905,contains_N
PMT1815,kegg.compound:C03402,L-Asparaginyl-tRNA(Asn),1,kegg.reaction:R04212,contains_N
PMT1815,kegg.compound:C06112,L-Glutamyl-tRNA(Gln),1,kegg.reaction:R03905,contains_N
PMT1815,kegg.compound:C06113,L-Aspartyl-tRNA(Asn),1,kegg.reaction:R04212,contains_N
PMT1817,kegg.compound:C00002,ATP,1,kegg.reaction:R03656,contains_N
PMT1817,kegg.compound:C00013,Diphosphate,1,kegg.reaction:R03656,no_N
PMT1817,kegg.compound:C00020,AMP,1,kegg.reaction:R03656,contains_N
PMT1817,kegg.compound:C00407,L-Isoleucine,1,kegg.reaction:R03656,contains_N
PMT1817,kegg.compound:C01644,tRNA(Ile),1,kegg.reaction:R03656,contains_N
PMT1817,kegg.compound:C03127,L-Isoleucyl-tRNA(Ile),1,kegg.reaction:R03656,contains_N
PMT1823,kegg.compound:C00352,D-Glucosamine 6-phosphate,1,kegg.reaction:R02060,contains_N
PMT1823,kegg.compound:C06156,alpha-D-Glucosamine 1-phosphate,1,kegg.reaction:R02060,contains_N
PMT1828,kegg.compound:C00001,H2O,1,kegg.reaction:R02325,no_N
PMT1828,kegg.compound:C00014,Ammonia,1,kegg.reaction:R02325,contains_N
PMT1828,kegg.compound:C00458,dCTP,1,kegg.reaction:R02325,contains_N
PMT1828,kegg.compound:C00460,dUTP,1,kegg.reaction:R02325,contains_N
PMT1829,kegg.compound:C00002,ATP,3,kegg.reaction:R01492 | kegg.reaction:R05220 | kegg.reaction:R07268,contains_N
PMT1829,kegg.compound:C00194,Cobamide coenzyme,1,kegg.reaction:R01492,contains_N
PMT1829,kegg.compound:C00536,Triphosphate,3,kegg.reaction:R01492 | kegg.reaction:R05220 | kegg.reaction:R07268,no_N
PMT1829,kegg.compound:C00853,Cob(I)alamin,1,kegg.reaction:R01492,contains_N
PMT1829,kegg.compound:C05774,Cobinamide,1,kegg.reaction:R07268,contains_N
PMT1829,kegg.compound:C06505,"Cob(I)yrinate a,c diamide",1,kegg.reaction:R05220,contains_N
PMT1829,kegg.compound:C06506,"Adenosyl cobyrinate a,c diamide",1,kegg.reaction:R05220,contains_N
PMT1829,kegg.compound:C06508,Adenosyl cobinamide,1,kegg.reaction:R07268,contains_N
PMT1843,kegg.compound:C00001,H2O,4,kegg.reaction:R03896 | kegg.reaction:R03898 | kegg.reaction:R03968 | kegg.reaction:R04001,no_N
PMT1843,kegg.compound:C02226,2-Methylmaleate,2,kegg.reaction:R03896 | kegg.reaction:R03898,no_N
PMT1843,kegg.compound:C02504,alpha-Isopropylmalate,2,kegg.reaction:R03968 | kegg.reaction:R10170,no_N
PMT1843,kegg.compound:C02612,(R)-2-Methylmalate,1,kegg.reaction:R03896,no_N
PMT1843,kegg.compound:C02631,2-Isopropylmaleate,2,kegg.reaction:R03968 | kegg.reaction:R04001,no_N
PMT1843,kegg.compound:C04411,"(2R,3S)-3-Isopropylmalate",2,kegg.reaction:R04001 | kegg.reaction:R10170,no_N
PMT1843,kegg.compound:C06032,D-erythro-3-Methylmalate,1,kegg.reaction:R03898,no_N
PMT1844,kegg.compound:C00001,H2O,4,kegg.reaction:R03896 | kegg.reaction:R03898 | kegg.reaction:R03968 | kegg.reaction:R04001,no_N
PMT1844,kegg.compound:C02226,2-Methylmaleate,2,kegg.reaction:R03896 | kegg.reaction:R03898,no_N
PMT1844,kegg.compound:C02504,alpha-Isopropylmalate,2,kegg.reaction:R03968 | kegg.reaction:R10170,no_N
PMT1844,kegg.compound:C02612,(R)-2-Methylmalate,1,kegg.reaction:R03896,no_N
PMT1844,kegg.compound:C02631,2-Isopropylmaleate,2,kegg.reaction:R03968 | kegg.reaction:R04001,no_N
PMT1844,kegg.compound:C04411,"(2R,3S)-3-Isopropylmalate",2,kegg.reaction:R04001 | kegg.reaction:R10170,no_N
PMT1844,kegg.compound:C06032,D-erythro-3-Methylmalate,1,kegg.reaction:R03898,no_N
PMT1844,kegg.compound:C17210,2-(2^-Methylthio)ethylmalic acid,1,kegg.reaction:R08620,no_N
PMT1844,kegg.compound:C17212,3-(2^-Methylthio)ethylmalic acid,1,kegg.reaction:R08620,no_N
PMT1844,kegg.compound:C17214,2-(3^-Methylthio)propylmalic acid,1,kegg.reaction:R08624,no_N
PMT1844,kegg.compound:C17215,3-(3^-Methylthio)propylmalic acid,1,kegg.reaction:R08624,no_N
PMT1844,kegg.compound:C17218,2-(4^-Methylthio)butylmalic acid,1,kegg.reaction:R08628,no_N
PMT1844,kegg.compound:C17219,3-(4^-Methylthio)butylmalic acid,1,kegg.reaction:R08628,no_N
PMT1844,kegg.compound:C17222,2-(5^-Methylthio)pentylmalic acid,1,kegg.reaction:R08634,no_N
PMT1844,kegg.compound:C17223,3-(5^-Methylthio)pentylmalic acid,1,kegg.reaction:R08634,no_N
PMT1844,kegg.compound:C17226,2-(6^-Methylthio)hexylmalic acid,1,kegg.reaction:R08641,no_N
PMT1844,kegg.compound:C17227,3-(6^-Methylthio)hexylmalic acid,1,kegg.reaction:R08641,no_N
PMT1844,kegg.compound:C17230,2-(7^-Methylthio)heptylmalic acid,1,kegg.reaction:R08645,no_N
PMT1844,kegg.compound:C17231,3-(7^-Methylthio)heptylmalic acid,1,kegg.reaction:R08645,no_N
PMT1845,kegg.compound:C00001,H2O,1,kegg.reaction:R02322,no_N
PMT1845,kegg.compound:C00014,Ammonia,1,kegg.reaction:R02322,contains_N
PMT1845,kegg.compound:C00455,Nicotinamide D-ribonucleotide,1,kegg.reaction:R02322,contains_N
PMT1845,kegg.compound:C01185,Nicotinate D-ribonucleotide,1,kegg.reaction:R02322,contains_N
PMT1847,kegg.compound:C00001,H2O,2,kegg.reaction:R00945 | kegg.reaction:R09099,no_N
PMT1847,kegg.compound:C00037,Glycine,2,kegg.reaction:R00945 | kegg.reaction:R09099,contains_N
PMT1847,kegg.compound:C00065,L-Serine,2,kegg.reaction:R00945 | kegg.reaction:R09099,contains_N
PMT1847,kegg.compound:C00101,Tetrahydrofolate,1,kegg.reaction:R00945,contains_N
PMT1847,kegg.compound:C00143,"5,10-Methylenetetrahydrofolate",1,kegg.reaction:R00945,contains_N
PMT1847,kegg.compound:C01217,"5,6,7,8-Tetrahydromethanopterin",1,kegg.reaction:R09099,contains_N
PMT1847,kegg.compound:C04377,"5,10-Methylenetetrahydromethanopterin",1,kegg.reaction:R09099,contains_N
PMT1854,kegg.compound:C00001,H2O,2,kegg.reaction:R05884 | kegg.reaction:R08210,no_N
PMT1854,kegg.compound:C00080,H+,2,kegg.reaction:R05884 | kegg.reaction:R08210,no_N
PMT1854,kegg.compound:C00129,Isopentenyl diphosphate,1,kegg.reaction:R05884,no_N
PMT1854,kegg.compound:C00138,Reduced ferredoxin,2,kegg.reaction:R05884 | kegg.reaction:R08210,no_N
PMT1854,kegg.compound:C00139,Oxidized ferredoxin,2,kegg.reaction:R05884 | kegg.reaction:R08210,no_N
PMT1854,kegg.compound:C00235,Dimethylallyl diphosphate,1,kegg.reaction:R08210,no_N
PMT1854,kegg.compound:C11811,1-Hydroxy-2-methyl-2-butenyl 4-diphosphate,2,kegg.reaction:R05884 | kegg.reaction:R08210,no_N
PMT1857,kegg.compound:C00001,H2O,1,kegg.reaction:R01127,no_N
PMT1857,kegg.compound:C00101,Tetrahydrofolate,1,kegg.reaction:R04560,contains_N
PMT1857,kegg.compound:C00130,IMP,1,kegg.reaction:R01127,contains_N
PMT1857,kegg.compound:C00234,10-Formyltetrahydrofolate,1,kegg.reaction:R04560,contains_N
PMT1857,kegg.compound:C04677,1-(5^-Phosphoribosyl)-5-amino-4-imidazolecarboxamide,1,kegg.reaction:R04560,contains_N
PMT1857,kegg.compound:C04734,1-(5^-Phosphoribosyl)-5-formamido-4-imidazolecarboxamide,2,kegg.reaction:R01127 | kegg.reaction:R04560,contains_N
PMT1861,kegg.compound:C00144,GMP,2,kegg.reaction:R05223 | kegg.reaction:R11174,contains_N
PMT1861,kegg.compound:C00194,Cobamide coenzyme,1,kegg.reaction:R05223,contains_N
PMT1861,kegg.compound:C04778,"N1-(5-Phospho-alpha-D-ribosyl)-5,6-dimethylbenzimidazole",1,kegg.reaction:R11174,contains_N
PMT1861,kegg.compound:C05775,alpha-Ribazole,1,kegg.reaction:R05223,contains_N
PMT1861,kegg.compound:C06510,Adenosine-GDP-cobinamide,2,kegg.reaction:R05223 | kegg.reaction:R11174,contains_N
PMT1861,kegg.compound:C21153,Adenosylcobalamin 5^-phosphate,1,kegg.reaction:R11174,contains_N
PMT1862,kegg.compound:C00242,Guanine,2,kegg.reaction:R03789 | kegg.reaction:R10209,contains_N
PMT1862,kegg.compound:C01449,Queuine,1,kegg.reaction:R03789,contains_N
PMT1862,kegg.compound:C01977,tRNA guanine,2,kegg.reaction:R03789 | kegg.reaction:R10209,contains_N
PMT1862,kegg.compound:C01978,tRNA queuine,1,kegg.reaction:R03789,contains_N
PMT1862,kegg.compound:C16675,7-Aminomethyl-7-carbaguanine,1,kegg.reaction:R10209,contains_N
PMT1862,kegg.compound:C20446,tRNA 7-aminomethyl-7-carbaguanine,1,kegg.reaction:R10209,contains_N
PMT1868,kegg.compound:C00013,Diphosphate,1,kegg.reaction:R01870,no_N
PMT1868,kegg.compound:C00119,5-Phospho-alpha-D-ribose 1-diphosphate,1,kegg.reaction:R01870,no_N
PMT1868,kegg.compound:C00295,Orotate,1,kegg.reaction:R01870,contains_N
PMT1868,kegg.compound:C01103,Orotidine 5^-phosphate,1,kegg.reaction:R01870,contains_N
PMT1872,kegg.compound:C00001,H2O,6,kegg.reaction:R00426 | kegg.reaction:R00720 | kegg.reaction:R01855 | kegg.reaction:R02100 | kegg.reaction:R02720 | kegg.reaction:R03531,no_N
PMT1872,kegg.compound:C00013,Diphosphate,6,kegg.reaction:R00426 | kegg.reaction:R00720 | kegg.reaction:R01855 | kegg.reaction:R02100 | kegg.reaction:R02720 | kegg.reaction:R03531,no_N
PMT1872,kegg.compound:C00044,GTP,1,kegg.reaction:R00426,contains_N
PMT1872,kegg.compound:C00081,ITP,1,kegg.reaction:R00720,contains_N
PMT1872,kegg.compound:C00130,IMP,1,kegg.reaction:R00720,contains_N
PMT1872,kegg.compound:C00144,GMP,1,kegg.reaction:R00426,contains_N
PMT1872,kegg.compound:C00286,dGTP,1,kegg.reaction:R01855,contains_N
PMT1872,kegg.compound:C00362,dGMP,1,kegg.reaction:R01855,contains_N
PMT1872,kegg.compound:C00365,dUMP,1,kegg.reaction:R02100,contains_N
PMT1872,kegg.compound:C00460,dUTP,1,kegg.reaction:R02100,contains_N
PMT1872,kegg.compound:C00655,Xanthosine 5^-phosphate,1,kegg.reaction:R02720,contains_N
PMT1872,kegg.compound:C00700,XTP,1,kegg.reaction:R02720,contains_N
PMT1872,kegg.compound:C01345,dITP,1,kegg.reaction:R03531,contains_N
PMT1872,kegg.compound:C06196,2^-Deoxyinosine 5^-phosphate,1,kegg.reaction:R03531,contains_N
PMT1879,kegg.compound:C00007,Oxygen,1,kegg.reaction:R09601,no_N
PMT1879,kegg.compound:C00376,Retinal,1,kegg.reaction:R09601,no_N
PMT1879,kegg.compound:C19728,all-trans-8^-Apo-beta-carotenal,1,kegg.reaction:R09601,no_N
PMT1879,kegg.compound:C19729,"(2E,4E,6E)-2,6-Dimethylocta-2,4,6-trienedial",1,kegg.reaction:R09601,no_N
PMT1880,kegg.compound:C00001,H2O,1,kegg.reaction:R03457,no_N
PMT1880,kegg.compound:C01267,3-(Imidazol-4-yl)-2-oxopropyl phosphate,1,kegg.reaction:R03457,contains_N
PMT1880,kegg.compound:C04666,D-erythro-1-(Imidazol-4-yl)glycerol 3-phosphate,1,kegg.reaction:R03457,contains_N
PMT1881,kegg.compound:C00003,NAD+,8,kegg.reaction:R04429 | kegg.reaction:R04724 | kegg.reaction:R04955 | kegg.reaction:R04958 | kegg.reaction:R04961 | kegg.reaction:R04966 | kegg.reaction:R04969 | kegg.reaction:R07765,contains_N
PMT1881,kegg.compound:C00004,NADH,8,kegg.reaction:R04429 | kegg.reaction:R04724 | kegg.reaction:R04955 | kegg.reaction:R04958 | kegg.reaction:R04961 | kegg.reaction:R04966 | kegg.reaction:R04969 | kegg.reaction:R07765,contains_N
PMT1881,kegg.compound:C00005,NADPH,10,kegg.reaction:R01404 | kegg.reaction:R04430 | kegg.reaction:R04725 | kegg.reaction:R04956 | kegg.reaction:R04959 | kegg.reaction:R04962 | kegg.reaction:R04967 | kegg.reaction:R04970 | kegg.reaction:R10118 | kegg.reaction:R10122,contains_N
PMT1881,kegg.compound:C00006,NADP+,10,kegg.reaction:R01404 | kegg.reaction:R04430 | kegg.reaction:R04725 | kegg.reaction:R04956 | kegg.reaction:R04959 | kegg.reaction:R04962 | kegg.reaction:R04967 | kegg.reaction:R04970 | kegg.reaction:R10118 | kegg.reaction:R10122,contains_N
PMT1881,kegg.compound:C00024,Acetyl-CoA,1,kegg.reaction:R11671,contains_N
PMT1881,kegg.compound:C00080,H+,18,kegg.reaction:R01404 | kegg.reaction:R04429 | kegg.reaction:R04430 | kegg.reaction:R04724 | kegg.reaction:R04725 | kegg.reaction:R04955 | kegg.reaction:R04956 | kegg.reaction:R04958 | kegg.reaction:R04959 | kegg.reaction:R04961 | kegg.reaction:R04962 | kegg.reaction:R04966 | kegg.reaction:R04967 | kegg.reaction:R04969 | kegg.reaction:R04970 | kegg.reaction:R07765 | kegg.reaction:R10118 | kegg.reaction:R10122,no_N
PMT1881,kegg.compound:C00083,Malonyl-CoA,1,kegg.reaction:R11671,contains_N
PMT1881,kegg.compound:C00173,Acyl-[acyl-carrier protein],1,kegg.reaction:R01404,no_N
PMT1881,kegg.compound:C00693,"trans-2,3-Dehydroacyl-[acyl-carrier protein]",1,kegg.reaction:R01404,contains_N
PMT1881,kegg.compound:C04088,Octadecanoyl-[acyl-carrier protein],1,kegg.reaction:R07765,contains_N
PMT1881,kegg.compound:C04246,But-2-enoyl-[acyl-carrier protein],2,kegg.reaction:R04429 | kegg.reaction:R04430,no_N
PMT1881,kegg.compound:C05223,Dodecanoyl-[acyl-carrier protein],3,kegg.reaction:R04724 | kegg.reaction:R04725 | kegg.reaction:R11671,no_N
PMT1881,kegg.compound:C05745,Butyryl-[acp],2,kegg.reaction:R04429 | kegg.reaction:R04430,no_N
PMT1881,kegg.compound:C05748,trans-Hex-2-enoyl-[acp],2,kegg.reaction:R04955 | kegg.reaction:R04956,no_N
PMT1881,kegg.compound:C05749,Hexanoyl-[acp],2,kegg.reaction:R04955 | kegg.reaction:R04956,no_N
PMT1881,kegg.compound:C05751,trans-Oct-2-enoyl-[acp],2,kegg.reaction:R04958 | kegg.reaction:R04959,no_N
PMT1881,kegg.compound:C05752,Octanoyl-[acp],2,kegg.reaction:R04958 | kegg.reaction:R04959,no_N
PMT1881,kegg.compound:C05754,trans-Dec-2-enoyl-[acp],2,kegg.reaction:R04961 | kegg.reaction:R04962,no_N
PMT1881,kegg.compound:C05755,Decanoyl-[acp],2,kegg.reaction:R04961 | kegg.reaction:R04962,no_N
PMT1881,kegg.compound:C05758,trans-Dodec-2-enoyl-[acp],2,kegg.reaction:R04724 | kegg.reaction:R04725,no_N
PMT1881,kegg.compound:C05760,trans-Tetradec-2-enoyl-[acp],2,kegg.reaction:R04966 | kegg.reaction:R04967,no_N
PMT1881,kegg.compound:C05761,Tetradecanoyl-[acp],2,kegg.reaction:R04966 | kegg.reaction:R04967,no_N
PMT1881,kegg.compound:C05763,trans-Hexadec-2-enoyl-[acp],2,kegg.reaction:R04969 | kegg.reaction:R04970,no_N
PMT1881,kegg.compound:C05764,Hexadecanoyl-[acp],2,kegg.reaction:R04969 | kegg.reaction:R04970,no_N
PMT1881,kegg.compound:C16221,(2E)-Octadecenoyl-[acp],1,kegg.reaction:R07765,no_N
PMT1881,kegg.compound:C19846,Pimeloyl-[acyl-carrier protein] methyl ester,1,kegg.reaction:R10122,no_N
PMT1881,kegg.compound:C20374,Enoylglutaryl-[acp] methyl ester,1,kegg.reaction:R10118,no_N
PMT1881,kegg.compound:C20375,Glutaryl-[acp] methyl ester,1,kegg.reaction:R10118,no_N
PMT1881,kegg.compound:C20378,Enoylpimeloyl-[acp] methyl ester,1,kegg.reaction:R10122,no_N
PMT1885,kegg.compound:C00001,H2O,1,kegg.reaction:R01054,no_N
PMT1885,kegg.compound:C00020,AMP,1,kegg.reaction:R01054,contains_N
PMT1885,kegg.compound:C00117,D-Ribose 5-phosphate,1,kegg.reaction:R01054,no_N
PMT1885,kegg.compound:C00301,ADP-ribose,1,kegg.reaction:R01054,contains_N
PMT1886,kegg.compound:C00002,ATP,1,kegg.reaction:R03503,contains_N
PMT1886,kegg.compound:C00020,AMP,1,kegg.reaction:R03503,contains_N
PMT1886,kegg.compound:C01300,"6-(Hydroxymethyl)-7,8-dihydropterin",1,kegg.reaction:R03503,contains_N
PMT1886,kegg.compound:C04807,"6-Hydroxymethyl-7,8-dihydropterin diphosphate",1,kegg.reaction:R03503,contains_N
PMT1887,kegg.compound:C00001,H2O,1,kegg.reaction:R03877,no_N
PMT1887,kegg.compound:C00002,ATP,1,kegg.reaction:R03877,contains_N
PMT1887,kegg.compound:C00008,ADP,1,kegg.reaction:R03877,contains_N
PMT1887,kegg.compound:C00009,Orthophosphate,1,kegg.reaction:R03877,no_N
PMT1887,kegg.compound:C00080,H+,1,kegg.reaction:R03877,no_N
PMT1887,kegg.compound:C00305,Magnesium cation,1,kegg.reaction:R03877,no_N
PMT1887,kegg.compound:C02191,Protoporphyrin,1,kegg.reaction:R03877,contains_N
PMT1887,kegg.compound:C03516,Magnesium protoporphyrin,1,kegg.reaction:R03877,contains_N
PMT1900,kegg.compound:C00009,Orthophosphate,1,kegg.reaction:R01402,no_N
PMT1900,kegg.compound:C00147,Adenine,1,kegg.reaction:R01402,contains_N
PMT1900,kegg.compound:C00170,5^-Methylthioadenosine,1,kegg.reaction:R01402,contains_N
PMT1900,kegg.compound:C04188,S-Methyl-5-thio-D-ribose 1-phosphate,1,kegg.reaction:R01402,no_N
PMT1901,kegg.compound:C04188,S-Methyl-5-thio-D-ribose 1-phosphate,1,kegg.reaction:R04420,no_N
PMT1901,kegg.compound:C04582,S-Methyl-5-thio-D-ribulose 1-phosphate,1,kegg.reaction:R04420,no_N
PMT1904,kegg.compound:C00001,H2O,1,kegg.reaction:R00286,no_N
PMT1904,kegg.compound:C00003,NAD+,1,kegg.reaction:R00286,contains_N
PMT1904,kegg.compound:C00004,NADH,1,kegg.reaction:R00286,contains_N
PMT1904,kegg.compound:C00029,UDP-glucose,1,kegg.reaction:R00286,contains_N
PMT1904,kegg.compound:C00080,H+,1,kegg.reaction:R00286,no_N
PMT1904,kegg.compound:C00167,UDP-glucuronate,1,kegg.reaction:R00286,contains_N
PMT1905,kegg.compound:C00002,ATP,1,kegg.reaction:R03655,contains_N
PMT1905,kegg.compound:C00013,Diphosphate,1,kegg.reaction:R03655,no_N
PMT1905,kegg.compound:C00020,AMP,1,kegg.reaction:R03655,contains_N
PMT1905,kegg.compound:C00135,L-Histidine,1,kegg.reaction:R03655,contains_N
PMT1905,kegg.compound:C01643,tRNA(His),1,kegg.reaction:R03655,contains_N
PMT1905,kegg.compound:C02988,L-Histidyl-tRNA(His),1,kegg.reaction:R03655,contains_N
PMT1909,kegg.compound:C00001,H2O,1,kegg.reaction:R03595,no_N
PMT1909,kegg.compound:C00002,ATP,1,kegg.reaction:R03595,contains_N
PMT1909,kegg.compound:C00009,Orthophosphate,1,kegg.reaction:R03595,no_N
PMT1909,kegg.compound:C00020,AMP,1,kegg.reaction:R03595,contains_N
PMT1909,kegg.compound:C01528,Hydrogen selenide,1,kegg.reaction:R03595,no_N
PMT1909,kegg.compound:C05172,Selenophosphoric acid,1,kegg.reaction:R03595,no_N
PMT1910,kegg.compound:C00002,ATP,2,kegg.reaction:R09382 | kegg.reaction:R09386,contains_N
PMT1910,kegg.compound:C00013,Diphosphate,4,kegg.reaction:R09382 | kegg.reaction:R09383 | kegg.reaction:R09384 | kegg.reaction:R09386,no_N
PMT1910,kegg.compound:C00063,CTP,3,kegg.reaction:R09382 | kegg.reaction:R09383 | kegg.reaction:R09384,contains_N
PMT1910,kegg.compound:C02211,tRNA precursor,2,kegg.reaction:R09382 | kegg.reaction:R09383,no_N
PMT1910,kegg.compound:C19078,tRNA with a 3^ cytidine,2,kegg.reaction:R09383 | kegg.reaction:R09384,contains_N
PMT1910,kegg.compound:C19080,tRNA with a 3^ CC end,2,kegg.reaction:R09384 | kegg.reaction:R09386,contains_N
PMT1910,kegg.compound:C19085,tRNA with a 3^ CCA end,2,kegg.reaction:R09382 | kegg.reaction:R09386,contains_N
PMT1911,kegg.compound:C00199,D-Ribulose 5-phosphate,1,kegg.reaction:R01530,no_N
PMT1911,kegg.compound:C01112,D-Arabinose 5-phosphate,1,kegg.reaction:R01530,no_N
PMT1912,kegg.compound:C00001,H2O,1,kegg.reaction:R03350,no_N
PMT1912,kegg.compound:C00009,Orthophosphate,1,kegg.reaction:R03350,no_N
PMT1912,kegg.compound:C01187,3-Deoxy-D-manno-octulosonate,1,kegg.reaction:R03350,no_N
PMT1912,kegg.compound:C04478,3-Deoxy-D-manno-octulosonate 8-phosphate,1,kegg.reaction:R03350,no_N
PMT1914,kegg.compound:C00013,Diphosphate,2,kegg.reaction:R03351 | kegg.reaction:R11396,no_N
PMT1914,kegg.compound:C00063,CTP,2,kegg.reaction:R03351 | kegg.reaction:R11396,contains_N
PMT1914,kegg.compound:C01187,3-Deoxy-D-manno-octulosonate,1,kegg.reaction:R03351,no_N
PMT1914,kegg.compound:C04121,CMP-3-deoxy-D-manno-octulosonate,1,kegg.reaction:R03351,contains_N
PMT1914,kegg.compound:C21333,"8-Amino-3,8-dideoxy-D-manno-octulosonate",1,kegg.reaction:R11396,contains_N
PMT1914,kegg.compound:C21334,"CMP-8-amino-3,8-dideoxy-beta-D-manno-octulosonate",1,kegg.reaction:R11396,contains_N
PMT1925,kegg.compound:C00001,H2O,1,kegg.reaction:R03254,no_N
PMT1925,kegg.compound:C00009,Orthophosphate,1,kegg.reaction:R03254,no_N
PMT1925,kegg.compound:C00074,Phosphoenolpyruvate,1,kegg.reaction:R03254,no_N
PMT1925,kegg.compound:C01112,D-Arabinose 5-phosphate,1,kegg.reaction:R03254,no_N
PMT1925,kegg.compound:C04478,3-Deoxy-D-manno-octulosonate 8-phosphate,1,kegg.reaction:R03254,no_N
PMT1935,kegg.compound:C00005,NADPH,2,kegg.reaction:R00267 | kegg.reaction:R01899,contains_N
PMT1935,kegg.compound:C00006,NADP+,2,kegg.reaction:R00267 | kegg.reaction:R01899,contains_N
PMT1935,kegg.compound:C00011,CO2,2,kegg.reaction:R00267 | kegg.reaction:R00268,no_N
PMT1935,kegg.compound:C00026,2-Oxoglutarate,2,kegg.reaction:R00267 | kegg.reaction:R00268,no_N
PMT1935,kegg.compound:C00080,H+,2,kegg.reaction:R00267 | kegg.reaction:R01899,no_N
PMT1935,kegg.compound:C00311,Isocitrate,2,kegg.reaction:R00267 | kegg.reaction:R01899,no_N
PMT1935,kegg.compound:C05379,Oxalosuccinate,2,kegg.reaction:R00268 | kegg.reaction:R01899,no_N
PMT1939,kegg.compound:C00007,Oxygen,1,kegg.reaction:R00475,no_N
PMT1939,kegg.compound:C00027,Hydrogen peroxide,1,kegg.reaction:R00475,no_N
PMT1939,kegg.compound:C00048,Glyoxylate,1,kegg.reaction:R00475,no_N
PMT1939,kegg.compound:C00160,Glycolate,1,kegg.reaction:R00475,no_N
PMT1942,kegg.compound:C00124,D-Galactose,1,kegg.reaction:R10619,no_N
PMT1942,kegg.compound:C00221,beta-D-Glucose,1,kegg.reaction:R01602,no_N
PMT1942,kegg.compound:C00267,alpha-D-Glucose,1,kegg.reaction:R01602,no_N
PMT1942,kegg.compound:C00984,alpha-D-Galactose,1,kegg.reaction:R10619,no_N
PMT1946,kegg.compound:C00009,Orthophosphate,1,kegg.reaction:R02111,no_N
PMT1946,kegg.compound:C00103,D-Glucose 1-phosphate,1,kegg.reaction:R02111,no_N
PMT1946,kegg.compound:C00369,Starch,1,kegg.reaction:R02111,no_N
PMT1946,kegg.compound:C00718,Amylose,1,kegg.reaction:R02111,no_N
PMT1952,kegg.compound:C00013,Diphosphate,1,kegg.reaction:R00885,no_N
PMT1952,kegg.compound:C00044,GTP,1,kegg.reaction:R00885,contains_N
PMT1952,kegg.compound:C00096,GDP-mannose,1,kegg.reaction:R00885,contains_N
PMT1952,kegg.compound:C00275,D-Mannose 6-phosphate,1,kegg.reaction:R01819,no_N
PMT1952,kegg.compound:C00636,D-Mannose 1-phosphate,1,kegg.reaction:R00885,no_N
PMT1952,kegg.compound:C05345,beta-D-Fructose 6-phosphate,1,kegg.reaction:R01819,no_N
PMT1953,kegg.compound:C00025,L-Glutamate,1,kegg.reaction:R00768,contains_N
PMT1953,kegg.compound:C00064,L-Glutamine,1,kegg.reaction:R00768,contains_N
PMT1953,kegg.compound:C00085,D-Fructose 6-phosphate,1,kegg.reaction:R00768,no_N
PMT1953,kegg.compound:C00352,D-Glucosamine 6-phosphate,1,kegg.reaction:R00768,contains_N
PMT1957,kegg.compound:C00085,D-Fructose 6-phosphate,1,kegg.reaction:R01067,no_N
PMT1957,kegg.compound:C00117,D-Ribose 5-phosphate,2,kegg.reaction:R01641 | kegg.reaction:R06590,no_N
PMT1957,kegg.compound:C00118,D-Glyceraldehyde 3-phosphate,3,kegg.reaction:R01067 | kegg.reaction:R01641 | kegg.reaction:R01830,no_N
PMT1957,kegg.compound:C00231,D-Xylulose 5-phosphate,3,kegg.reaction:R01067 | kegg.reaction:R01641 | kegg.reaction:R01830,no_N
PMT1957,kegg.compound:C00279,D-Erythrose 4-phosphate,2,kegg.reaction:R01067 | kegg.reaction:R01830,no_N
PMT1957,kegg.compound:C05345,beta-D-Fructose 6-phosphate,1,kegg.reaction:R01830,no_N
PMT1957,kegg.compound:C05382,Sedoheptulose 7-phosphate,2,kegg.reaction:R01641 | kegg.reaction:R06590,no_N
PMT1957,kegg.compound:C12214,Aminofructose 6-phosphate,1,kegg.reaction:R06590,contains_N
PMT1957,kegg.compound:C12215,Iminoerythrose 4-phosphate,1,kegg.reaction:R06590,contains_N
PMT1964,kegg.compound:C00001,H2O,15,kegg.reaction:R00022 | kegg.reaction:R00026 | kegg.reaction:R02558 | kegg.reaction:R02887 | kegg.reaction:R02985 | kegg.reaction:R03527 | kegg.reaction:R04949 | kegg.reaction:R04998 | kegg.reaction:R05963 | kegg.reaction:R07809 | kegg.reaction:R07810 | kegg.reaction:R10035 | kegg.reaction:R10039 | kegg.reaction:R10040 | kegg.reaction:R10831,no_N
PMT1964,kegg.compound:C00031,D-Glucose,6,kegg.reaction:R02558 | kegg.reaction:R02887 | kegg.reaction:R02985 | kegg.reaction:R03527 | kegg.reaction:R04949 | kegg.reaction:R04998,no_N
PMT1964,kegg.compound:C00140,N-Acetyl-D-glucosamine,3,kegg.reaction:R00022 | kegg.reaction:R07809 | kegg.reaction:R10831,contains_N
PMT1964,kegg.compound:C00185,Cellobiose,2,kegg.reaction:R00026 | kegg.reaction:R02887,no_N
PMT1964,kegg.compound:C00221,beta-D-Glucose,4,kegg.reaction:R00026 | kegg.reaction:R10035 | kegg.reaction:R10039 | kegg.reaction:R10040,no_N
PMT1964,kegg.compound:C00561,Mandelonitrile,1,kegg.reaction:R02558,contains_N
PMT1964,kegg.compound:C00844,Prunasin,2,kegg.reaction:R02558 | kegg.reaction:R02985,contains_N
PMT1964,kegg.compound:C00963,beta-D-Glucoside,1,kegg.reaction:R03527,no_N
PMT1964,kegg.compound:C01132,N-Acetyl-D-galactosamine,1,kegg.reaction:R05963,contains_N
PMT1964,kegg.compound:C01335,ROH,1,kegg.reaction:R03527,no_N
PMT1964,kegg.compound:C01594,Linamarin,1,kegg.reaction:R10040,contains_N
PMT1964,kegg.compound:C01674,Chitobiose,1,kegg.reaction:R00022,contains_N
PMT1964,kegg.compound:C01898,Cellodextrin,1,kegg.reaction:R02887,no_N
PMT1964,kegg.compound:C02659,Acetone cyanohydrin,1,kegg.reaction:R10040,contains_N
PMT1964,kegg.compound:C03742,(S)-4-Hydroxymandelonitrile,1,kegg.reaction:R10035,contains_N
PMT1964,kegg.compound:C04132,N-Acetyl-D-glucosamine 6-sulfate,1,kegg.reaction:R07810,contains_N
PMT1964,kegg.compound:C05143,Dhurrin,1,kegg.reaction:R10035,contains_N
PMT1964,kegg.compound:C05712,Cyanohydrin,1,kegg.reaction:R04949,contains_N
PMT1964,kegg.compound:C05713,Cyanoglycoside,1,kegg.reaction:R04949,contains_N
PMT1964,kegg.compound:C05838,cis-2-Hydroxycinnamate,1,kegg.reaction:R04998,no_N
PMT1964,kegg.compound:C05839,cis-beta-D-Glucosyl-2-hydroxycinnamate,1,kegg.reaction:R04998,no_N
PMT1964,kegg.compound:C08325,Amygdalin,1,kegg.reaction:R02985,contains_N
PMT1964,kegg.compound:C08334,Lotaustralin,1,kegg.reaction:R10039,contains_N
PMT1964,kegg.compound:C18796,(2R)-2-Hydroxy-2-methylbutanenitrile,1,kegg.reaction:R10039,contains_N
PMT1966,kegg.compound:C00001,H2O,1,kegg.reaction:R03165,no_N
PMT1966,kegg.compound:C00019,S-Adenosyl-L-methionine,1,kegg.reaction:R03194,contains_N
PMT1966,kegg.compound:C00021,S-Adenosyl-L-homocysteine,1,kegg.reaction:R03194,contains_N
PMT1966,kegg.compound:C01024,Hydroxymethylbilane,1,kegg.reaction:R03165,contains_N
PMT1966,kegg.compound:C01051,Uroporphyrinogen III,2,kegg.reaction:R03165 | kegg.reaction:R03194,contains_N
PMT1966,kegg.compound:C02463,Precorrin 2,1,kegg.reaction:R03194,contains_N
PMT1968,kegg.compound:C00001,H2O,2,kegg.reaction:R04798 | kegg.reaction:R04800,no_N
PMT1968,kegg.compound:C00007,Oxygen,2,kegg.reaction:R04798 | kegg.reaction:R04800,no_N
PMT1968,kegg.compound:C00028,Acceptor,2,kegg.reaction:R04798 | kegg.reaction:R04800,no_formula
PMT1968,kegg.compound:C00030,Reduced acceptor,2,kegg.reaction:R04798 | kegg.reaction:R04800,no_formula
PMT1968,kegg.compound:C05430,all-trans-zeta-Carotene,1,kegg.reaction:R04798,no_N
PMT1968,kegg.compound:C05431,all-trans-Neurosporene,2,kegg.reaction:R04798 | kegg.reaction:R04800,no_N
PMT1968,kegg.compound:C05432,Lycopene,1,kegg.reaction:R04800,no_N
PMT1968,kegg.compound:C15602,Quinone,3,kegg.reaction:R07511 | kegg.reaction:R09656 | kegg.reaction:R09658,no_formula
PMT1968,kegg.compound:C15603,Hydroquinone,3,kegg.reaction:R07511 | kegg.reaction:R09656 | kegg.reaction:R09658,no_N
PMT1968,kegg.compound:C15857,"9,9^-dicis-zeta-Carotene",2,kegg.reaction:R07511 | kegg.reaction:R09656,no_N
PMT1968,kegg.compound:C15858,"7,9,7^,9^-tetracis-Lycopene",2,kegg.reaction:R07511 | kegg.reaction:R09658,no_N
PMT1968,kegg.compound:C19759,"7,9,9^-tricis-Neurosporene",2,kegg.reaction:R09656 | kegg.reaction:R09658,no_N
PMT1978,kegg.compound:C00033,Acetate,3,kegg.reaction:R00897 | kegg.reaction:R03601 | kegg.reaction:R04859,no_N
PMT1978,kegg.compound:C00080,H+,1,kegg.reaction:R04859,no_N
PMT1978,kegg.compound:C00094,Sulfite,1,kegg.reaction:R04859,no_N
PMT1978,kegg.compound:C00097,L-Cysteine,2,kegg.reaction:R00897 | kegg.reaction:R04859,contains_N
PMT1978,kegg.compound:C00283,Hydrogen sulfide,1,kegg.reaction:R00897,no_N
PMT1978,kegg.compound:C00320,Thiosulfate,1,kegg.reaction:R04859,no_N
PMT1978,kegg.compound:C00342,Thioredoxin,1,kegg.reaction:R04859,contains_N
PMT1978,kegg.compound:C00343,Thioredoxin disulfide,1,kegg.reaction:R04859,contains_N
PMT1978,kegg.compound:C00979,O-Acetyl-L-serine,3,kegg.reaction:R00897 | kegg.reaction:R03601 | kegg.reaction:R04859,contains_N
PMT1978,kegg.compound:C01528,Hydrogen selenide,1,kegg.reaction:R03601,no_N
PMT1978,kegg.compound:C05688,L-Selenocysteine,1,kegg.reaction:R03601,contains_N
PMT1989,kegg.compound:C00013,Diphosphate,4,kegg.reaction:R00375 | kegg.reaction:R00376 | kegg.reaction:R00377 | kegg.reaction:R00378,no_N
PMT1989,kegg.compound:C00039,DNA,4,kegg.reaction:R00375 | kegg.reaction:R00376 | kegg.reaction:R00377 | kegg.reaction:R00378,no_N
PMT1989,kegg.compound:C00131,dATP,1,kegg.reaction:R00375,contains_N
PMT1989,kegg.compound:C00286,dGTP,1,kegg.reaction:R00376,contains_N
PMT1989,kegg.compound:C00458,dCTP,1,kegg.reaction:R00377,contains_N
PMT1989,kegg.compound:C00459,dTTP,1,kegg.reaction:R00378,contains_N
PMT1990,kegg.compound:C00002,ATP,2,kegg.reaction:R02094 | kegg.reaction:R02098,contains_N
PMT1990,kegg.compound:C00008,ADP,2,kegg.reaction:R02094 | kegg.reaction:R02098,contains_N
PMT1990,kegg.compound:C00363,dTDP,1,kegg.reaction:R02094,contains_N
PMT1990,kegg.compound:C00364,dTMP,1,kegg.reaction:R02094,contains_N
PMT1990,kegg.compound:C00365,dUMP,1,kegg.reaction:R02098,contains_N
PMT1990,kegg.compound:C01346,dUDP,1,kegg.reaction:R02098,contains_N
PMT1995,kegg.compound:C00010,CoA,1,kegg.reaction:R00851,contains_N
PMT1995,kegg.compound:C00040,Acyl-CoA,1,kegg.reaction:R00851,contains_N
PMT1995,kegg.compound:C00093,sn-Glycerol 3-phosphate,2,kegg.reaction:R00851 | kegg.reaction:R09380,no_N
PMT1995,kegg.compound:C00173,Acyl-[acyl-carrier protein],1,kegg.reaction:R09380,no_N
PMT1995,kegg.compound:C00229,Acyl-carrier protein,1,kegg.reaction:R09380,no_N
PMT1995,kegg.compound:C00681,1-Acyl-sn-glycerol 3-phosphate,2,kegg.reaction:R00851 | kegg.reaction:R09380,no_N
PMT1996,kegg.compound:C00010,CoA,1,kegg.reaction:R10707,contains_N
PMT1996,kegg.compound:C00011,CO2,1,kegg.reaction:R10707,no_N
PMT1996,kegg.compound:C00024,Acetyl-CoA,1,kegg.reaction:R10707,contains_N
PMT1996,kegg.compound:C01209,Malonyl-[acyl-carrier protein],1,kegg.reaction:R10707,no_N
PMT1996,kegg.compound:C05744,Acetoacetyl-[acp],1,kegg.reaction:R10707,no_N
PMT1997,kegg.compound:C00010,CoA,1,kegg.reaction:R01626,contains_N
PMT1997,kegg.compound:C00024,Acetyl-CoA,1,kegg.reaction:R11671,contains_N
PMT1997,kegg.compound:C00083,Malonyl-CoA,2,kegg.reaction:R01626 | kegg.reaction:R11671,contains_N
PMT1997,kegg.compound:C00229,Acyl-carrier protein,1,kegg.reaction:R01626,no_N
PMT1997,kegg.compound:C01209,Malonyl-[acyl-carrier protein],1,kegg.reaction:R01626,no_N
PMT1997,kegg.compound:C05223,Dodecanoyl-[acyl-carrier protein],1,kegg.reaction:R11671,no_N
PMT2001,kegg.compound:C00002,ATP,2,kegg.reaction:R09382 | kegg.reaction:R09386,contains_N
PMT2001,kegg.compound:C00013,Diphosphate,4,kegg.reaction:R09382 | kegg.reaction:R09383 | kegg.reaction:R09384 | kegg.reaction:R09386,no_N
PMT2001,kegg.compound:C00063,CTP,3,kegg.reaction:R09382 | kegg.reaction:R09383 | kegg.reaction:R09384,contains_N
PMT2001,kegg.compound:C02211,tRNA precursor,2,kegg.reaction:R09382 | kegg.reaction:R09383,no_N
PMT2001,kegg.compound:C19078,tRNA with a 3^ cytidine,2,kegg.reaction:R09383 | kegg.reaction:R09384,contains_N
PMT2001,kegg.compound:C19080,tRNA with a 3^ CC end,2,kegg.reaction:R09384 | kegg.reaction:R09386,contains_N
PMT2001,kegg.compound:C19085,tRNA with a 3^ CCA end,2,kegg.reaction:R09382 | kegg.reaction:R09386,contains_N
PMT2003,kegg.compound:C00013,Diphosphate,4,kegg.reaction:R02065 | kegg.reaction:R04218 | kegg.reaction:R07270 | kegg.reaction:R10177,no_N
PMT2003,kegg.compound:C00353,Geranylgeranyl diphosphate,2,kegg.reaction:R02065 | kegg.reaction:R10177,no_N
PMT2003,kegg.compound:C03427,Prephytoene diphosphate,3,kegg.reaction:R02065 | kegg.reaction:R04218 | kegg.reaction:R07270,no_N
PMT2003,kegg.compound:C05413,all-trans-Phytoene,1,kegg.reaction:R07270,no_N
PMT2003,kegg.compound:C05421,15-cis-Phytoene,2,kegg.reaction:R04218 | kegg.reaction:R10177,no_N
PMT2004,kegg.compound:C00028,Acceptor,2,kegg.reaction:R04786 | kegg.reaction:R04787,no_formula
PMT2004,kegg.compound:C00030,Reduced acceptor,2,kegg.reaction:R04786 | kegg.reaction:R04787,no_formula
PMT2004,kegg.compound:C02061,Plastoquinone,3,kegg.reaction:R09652 | kegg.reaction:R09653 | kegg.reaction:R09654,no_N
PMT2004,kegg.compound:C05413,all-trans-Phytoene,1,kegg.reaction:R04786,no_N
PMT2004,kegg.compound:C05414,all-trans-Phytofluene,2,kegg.reaction:R04786 | kegg.reaction:R04787,no_N
PMT2004,kegg.compound:C05421,15-cis-Phytoene,3,kegg.reaction:R07510 | kegg.reaction:R09652 | kegg.reaction:R09653,no_N
PMT2004,kegg.compound:C05430,all-trans-zeta-Carotene,1,kegg.reaction:R04787,no_N
PMT2004,kegg.compound:C15857,"9,9^-dicis-zeta-Carotene",1,kegg.reaction:R07510,no_N
PMT2004,kegg.compound:C16693,Plastoquinol,3,kegg.reaction:R09652 | kegg.reaction:R09653 | kegg.reaction:R09654,no_N
PMT2004,kegg.compound:C19764,"9,15,9^-tricis-zeta-Carotene",2,kegg.reaction:R09652 | kegg.reaction:R09654,no_N
PMT2004,kegg.compound:C19765,"15,9^-dicis-Phytofluene",2,kegg.reaction:R09653 | kegg.reaction:R09654,no_N
PMT2012,kegg.compound:C00013,Diphosphate,1,kegg.reaction:R00885,no_N
PMT2012,kegg.compound:C00044,GTP,1,kegg.reaction:R00885,contains_N
PMT2012,kegg.compound:C00096,GDP-mannose,1,kegg.reaction:R00885,contains_N
PMT2012,kegg.compound:C00275,D-Mannose 6-phosphate,1,kegg.reaction:R01818,no_N
PMT2012,kegg.compound:C00636,D-Mannose 1-phosphate,2,kegg.reaction:R00885 | kegg.reaction:R01818,no_N
PMT2015,kegg.compound:C00002,ATP,1,kegg.reaction:R00089,contains_N
PMT2015,kegg.compound:C00013,Diphosphate,2,kegg.reaction:R00089 | kegg.reaction:R00434,no_N
PMT2015,kegg.compound:C00044,GTP,1,kegg.reaction:R00434,contains_N
PMT2015,kegg.compound:C00575,"3^,5^-Cyclic AMP",1,kegg.reaction:R00089,contains_N
PMT2015,kegg.compound:C00942,"3^,5^-Cyclic GMP",1,kegg.reaction:R00434,contains_N
PMT2016,kegg.compound:C00002,ATP,1,kegg.reaction:R00104,contains_N
PMT2016,kegg.compound:C00003,NAD+,1,kegg.reaction:R00104,contains_N
PMT2016,kegg.compound:C00006,NADP+,1,kegg.reaction:R00104,contains_N
PMT2016,kegg.compound:C00008,ADP,1,kegg.reaction:R00104,contains_N
PMT2021,kegg.compound:C00001,H2O,1,kegg.reaction:R00351,no_N
PMT2021,kegg.compound:C00010,CoA,1,kegg.reaction:R00351,contains_N
PMT2021,kegg.compound:C00024,Acetyl-CoA,1,kegg.reaction:R00351,contains_N
PMT2021,kegg.compound:C00036,Oxaloacetate,1,kegg.reaction:R00351,no_N
PMT2021,kegg.compound:C00158,Citrate,1,kegg.reaction:R00351,no_N
PMT2027,kegg.compound:C00001,H2O,2,kegg.reaction:R00674 | kegg.reaction:R02722,no_N
PMT2027,kegg.compound:C00065,L-Serine,2,kegg.reaction:R00674 | kegg.reaction:R02722,contains_N
PMT2027,kegg.compound:C00078,L-Tryptophan,2,kegg.reaction:R00674 | kegg.reaction:R02722,contains_N
PMT2027,kegg.compound:C00118,D-Glyceraldehyde 3-phosphate,2,kegg.reaction:R02340 | kegg.reaction:R02722,no_N
PMT2027,kegg.compound:C00463,Indole,2,kegg.reaction:R00674 | kegg.reaction:R02340,contains_N
PMT2027,kegg.compound:C03506,Indoleglycerol phosphate,2,kegg.reaction:R02340 | kegg.reaction:R02722,contains_N
PMT2029,kegg.compound:C00002,ATP,2,kegg.reaction:R00509 | kegg.reaction:R04928,contains_N
PMT2029,kegg.compound:C00008,ADP,2,kegg.reaction:R00509 | kegg.reaction:R04928,contains_N
PMT2029,kegg.compound:C00053,3^-Phosphoadenylyl sulfate,1,kegg.reaction:R00509,contains_N
PMT2029,kegg.compound:C00224,Adenylyl sulfate,1,kegg.reaction:R00509,contains_N
PMT2029,kegg.compound:C05686,Adenylyl selenate,1,kegg.reaction:R04928,contains_N
PMT2029,kegg.compound:C05696,3^-Phosphoadenylyl selenate,1,kegg.reaction:R04928,contains_N
PMT2038,kegg.compound:C04751,1-(5-Phospho-D-ribosyl)-5-amino-4-imidazolecarboxylate,1,kegg.reaction:R07405,contains_N
PMT2038,kegg.compound:C15667,5-Carboxyamino-1-(5-phospho-D-ribosyl)imidazole,1,kegg.reaction:R07405,contains_N
PMT2039,kegg.compound:C00001,H2O,1,kegg.reaction:R02059,no_N
PMT2039,kegg.compound:C00033,Acetate,1,kegg.reaction:R02059,no_N
PMT2039,kegg.compound:C00352,D-Glucosamine 6-phosphate,1,kegg.reaction:R02059,contains_N
PMT2039,kegg.compound:C00357,N-Acetyl-D-glucosamine 6-phosphate,1,kegg.reaction:R02059,contains_N
PMT2040,kegg.compound:C00019,S-Adenosyl-L-methionine,1,kegg.reaction:R04237,contains_N
PMT2040,kegg.compound:C00021,S-Adenosyl-L-homocysteine,1,kegg.reaction:R04237,contains_N
PMT2040,kegg.compound:C03516,Magnesium protoporphyrin,1,kegg.reaction:R04237,contains_N
PMT2040,kegg.compound:C04536,Magnesium protoporphyrin monomethyl ester,1,kegg.reaction:R04237,contains_N
PMT2045,kegg.compound:C00041,L-Alanine,2,kegg.reaction:R07460 | kegg.reaction:R11528,contains_N
PMT2045,kegg.compound:C00097,L-Cysteine,2,kegg.reaction:R07460 | kegg.reaction:R11528,contains_N
PMT2045,kegg.compound:C02743,[Protein]-L-cysteine,2,kegg.reaction:R11528 | kegg.reaction:R11529,contains_N
PMT2045,kegg.compound:C15811,[Enzyme]-cysteine,2,kegg.reaction:R07460 | kegg.reaction:R11529,contains_N
PMT2045,kegg.compound:C15812,[Enzyme]-S-sulfanylcysteine,2,kegg.reaction:R07460 | kegg.reaction:R11529,contains_N
PMT2045,kegg.compound:C21440,[Protein]-S-sulfanyl-L-cysteine,2,kegg.reaction:R11528 | kegg.reaction:R11529,contains_N
PMT2055,kegg.compound:C00001,H2O,1,kegg.reaction:R07262,no_N
PMT2055,kegg.compound:C00010,CoA,1,kegg.reaction:R07262,contains_N
PMT2055,kegg.compound:C03657,"1,4-Dihydroxy-2-naphthoate",1,kegg.reaction:R07262,no_N
PMT2055,kegg.compound:C15547,"1,4-Dihydroxy-2-naphthoyl-CoA",1,kegg.reaction:R07262,contains_N
PMT2057,kegg.compound:C00002,ATP,1,kegg.reaction:R04030,contains_N
PMT2057,kegg.compound:C00010,CoA,1,kegg.reaction:R04030,contains_N
PMT2057,kegg.compound:C00013,Diphosphate,1,kegg.reaction:R04030,no_N
PMT2057,kegg.compound:C00020,AMP,1,kegg.reaction:R04030,contains_N
PMT2057,kegg.compound:C02730,2-Succinylbenzoate,1,kegg.reaction:R04030,no_N
PMT2057,kegg.compound:C03160,2-Succinylbenzoyl-CoA,1,kegg.reaction:R04030,contains_N
PMT2058,kegg.compound:C00001,H2O,1,kegg.reaction:R04031,no_N
PMT2058,kegg.compound:C02730,2-Succinylbenzoate,1,kegg.reaction:R04031,no_N
PMT2058,kegg.compound:C05817,"(1R,6R)-6-Hydroxy-2-succinylcyclohexa-2,4-diene-1-carboxylate",1,kegg.reaction:R04031,no_N
PMT2073,kegg.compound:C00011,CO2,1,kegg.reaction:R03348,no_N
PMT2073,kegg.compound:C00013,Diphosphate,1,kegg.reaction:R03348,no_N
PMT2073,kegg.compound:C00119,5-Phospho-alpha-D-ribose 1-diphosphate,1,kegg.reaction:R03348,no_N
PMT2073,kegg.compound:C01185,Nicotinate D-ribonucleotide,1,kegg.reaction:R03348,contains_N
PMT2073,kegg.compound:C03722,Quinolinate,1,kegg.reaction:R03348,contains_N
PMT2074,kegg.compound:C00001,H2O,1,kegg.reaction:R08701,no_N
PMT2074,kegg.compound:C00028,Acceptor,1,kegg.reaction:R08701,no_formula
PMT2074,kegg.compound:C00030,Reduced acceptor,1,kegg.reaction:R08701,no_formula
PMT2074,kegg.compound:C00037,Glycine,1,kegg.reaction:R08701,contains_N
PMT2074,kegg.compound:C00101,Tetrahydrofolate,1,kegg.reaction:R08701,contains_N
PMT2074,kegg.compound:C03479,Folinic acid,1,kegg.reaction:R08701,contains_N
PMT2074,kegg.compound:C17322,tRNA containing 2-thiouridine,1,kegg.reaction:R08701,contains_N
PMT2074,kegg.compound:C17323,tRNA containing 5-carboxymethylaminomethyl-2-thiouridine,1,kegg.reaction:R08701,contains_N
PMT2083,kegg.compound:C00001,H2O,1,kegg.reaction:R00658,no_N
PMT2083,kegg.compound:C00074,Phosphoenolpyruvate,1,kegg.reaction:R00658,no_N
PMT2083,kegg.compound:C00631,2-Phospho-D-glycerate,1,kegg.reaction:R00658,no_N
PMT2101,kegg.compound:C00015,UDP,2,kegg.reaction:R05032 | kegg.reaction:R05662,contains_N
PMT2101,kegg.compound:C00043,UDP-N-acetyl-alpha-D-glucosamine,2,kegg.reaction:R05032 | kegg.reaction:R05662,contains_N
PMT2101,kegg.compound:C04851,MurAc(oyl-L-Ala-D-gamma-Glu-L-Lys-D-Ala-D-Ala)-diphospho-undecaprenol,1,kegg.reaction:R05662,contains_N
PMT2101,kegg.compound:C05893,Undecaprenyl-diphospho-N-acetylmuramoyl-(N-acetylglucosamine)-L-alanyl-gamma-D-glutamyl-L-lysyl-D-alanyl-D-alanine,1,kegg.reaction:R05662,contains_N
PMT2101,kegg.compound:C05897,"Undecaprenyl-diphospho-N-acetylmuramoyl-L-alanyl-D-glutamyl-meso-2,6-diaminopimeloyl-D-alanyl-D-alanine",1,kegg.reaction:R05032,contains_N
PMT2101,kegg.compound:C05898,"Undecaprenyl-diphospho-N-acetylmuramoyl-(N-acetylglucosamine)-L-alanyl-D-glutamyl-meso-2,6-diaminopimeloyl-D-alanyl-D-alanine",1,kegg.reaction:R05032,contains_N
PMT2105,kegg.compound:C00003,NAD+,2,kegg.reaction:R01745 | kegg.reaction:R05066,contains_N
PMT2105,kegg.compound:C00004,NADH,2,kegg.reaction:R01745 | kegg.reaction:R05066,contains_N
PMT2105,kegg.compound:C00005,NADPH,1,kegg.reaction:R01747,contains_N
PMT2105,kegg.compound:C00006,NADP+,1,kegg.reaction:R01747,contains_N
PMT2105,kegg.compound:C00080,H+,3,kegg.reaction:R01745 | kegg.reaction:R01747 | kegg.reaction:R05066,no_N
PMT2105,kegg.compound:C00258,D-Glycerate,2,kegg.reaction:R01745 | kegg.reaction:R01747,no_N
PMT2105,kegg.compound:C01146,2-Hydroxy-3-oxopropanoate,2,kegg.reaction:R01745 | kegg.reaction:R01747,no_N
PMT2105,kegg.compound:C06001,(S)-3-Hydroxyisobutyrate,1,kegg.reaction:R05066,no_N
PMT2105,kegg.compound:C06002,(S)-Methylmalonate semialdehyde,1,kegg.reaction:R05066,no_N
PMT2106,kegg.compound:C00002,ATP,1,kegg.reaction:R01512,contains_N
PMT2106,kegg.compound:C00008,ADP,1,kegg.reaction:R01512,contains_N
PMT2106,kegg.compound:C00197,3-Phospho-D-glycerate,1,kegg.reaction:R01512,no_N
PMT2106,kegg.compound:C00236,3-Phospho-D-glyceroyl phosphate,1,kegg.reaction:R01512,no_N
PMT2111,kegg.compound:C00001,H2O,1,kegg.reaction:R00336,no_N
PMT2111,kegg.compound:C00002,ATP,1,kegg.reaction:R00429,contains_N
PMT2111,kegg.compound:C00013,Diphosphate,1,kegg.reaction:R00336,no_N
PMT2111,kegg.compound:C00020,AMP,1,kegg.reaction:R00429,contains_N
PMT2111,kegg.compound:C00035,GDP,1,kegg.reaction:R00336,contains_N
PMT2111,kegg.compound:C00044,GTP,1,kegg.reaction:R00429,contains_N
PMT2111,kegg.compound:C01228,"Guanosine 3^,5^-bis(diphosphate)",1,kegg.reaction:R00336,contains_N
PMT2111,kegg.compound:C04494,Guanosine 3^-diphosphate 5^-triphosphate,1,kegg.reaction:R00429,contains_N
PMT2135,kegg.compound:C00010,CoA,1,kegg.reaction:R00259,contains_N
PMT2135,kegg.compound:C00024,Acetyl-CoA,1,kegg.reaction:R00259,contains_N
PMT2135,kegg.compound:C00025,L-Glutamate,2,kegg.reaction:R00259 | kegg.reaction:R02282,contains_N
PMT2135,kegg.compound:C00077,L-Ornithine,1,kegg.reaction:R02282,contains_N
PMT2135,kegg.compound:C00437,N-Acetylornithine,1,kegg.reaction:R02282,contains_N
PMT2135,kegg.compound:C00624,N-Acetyl-L-glutamate,2,kegg.reaction:R00259 | kegg.reaction:R02282,contains_N
PMT2136,kegg.compound:C00002,ATP,1,kegg.reaction:R00130,contains_N
PMT2136,kegg.compound:C00008,ADP,1,kegg.reaction:R00130,contains_N
PMT2136,kegg.compound:C00010,CoA,1,kegg.reaction:R00130,contains_N
PMT2136,kegg.compound:C00882,Dephospho-CoA,1,kegg.reaction:R00130,contains_N
PMT2139,kegg.compound:C00001,H2O,2,kegg.reaction:R03905 | kegg.reaction:R04212,no_N
PMT2139,kegg.compound:C00002,ATP,2,kegg.reaction:R03905 | kegg.reaction:R04212,contains_N
PMT2139,kegg.compound:C00008,ADP,2,kegg.reaction:R03905 | kegg.reaction:R04212,contains_N
PMT2139,kegg.compound:C00009,Orthophosphate,2,kegg.reaction:R03905 | kegg.reaction:R04212,no_N
PMT2139,kegg.compound:C00025,L-Glutamate,2,kegg.reaction:R03905 | kegg.reaction:R04212,contains_N
PMT2139,kegg.compound:C00064,L-Glutamine,2,kegg.reaction:R03905 | kegg.reaction:R04212,contains_N
PMT2139,kegg.compound:C02282,Glutaminyl-tRNA,1,kegg.reaction:R03905,contains_N
PMT2139,kegg.compound:C03402,L-Asparaginyl-tRNA(Asn),1,kegg.reaction:R04212,contains_N
PMT2139,kegg.compound:C06112,L-Glutamyl-tRNA(Gln),1,kegg.reaction:R03905,contains_N
PMT2139,kegg.compound:C06113,L-Aspartyl-tRNA(Asn),1,kegg.reaction:R04212,contains_N
PMT2140,kegg.compound:C00001,H2O,1,kegg.reaction:R10247,no_N
PMT2140,kegg.compound:C00007,Oxygen,1,kegg.reaction:R07463,no_N
PMT2140,kegg.compound:C00027,Hydrogen peroxide,1,kegg.reaction:R07463,no_N
PMT2140,kegg.compound:C00037,Glycine,1,kegg.reaction:R07463,contains_N
PMT2140,kegg.compound:C11437,1-Deoxy-D-xylulose 5-phosphate,1,kegg.reaction:R10247,no_N
PMT2140,kegg.compound:C15809,Iminoglycine,2,kegg.reaction:R07463 | kegg.reaction:R10247,contains_N
PMT2140,kegg.compound:C15810,Sulfur-carrier protein,1,kegg.reaction:R10247,contains_N
PMT2140,kegg.compound:C15814,Thiocarboxy-[sulfur-carrier protein],1,kegg.reaction:R10247,contains_N
PMT2140,kegg.compound:C20246,"2-[(2R,5Z)-2-Carboxy-4-methylthiazol-5(2H)-ylidene]ethyl phosphate",1,kegg.reaction:R10247,contains_N
PMT2148,kegg.compound:C00002,ATP,14,kegg.reaction:R00124 | kegg.reaction:R00139 | kegg.reaction:R00156 | kegg.reaction:R00330 | kegg.reaction:R00570 | kegg.reaction:R00722 | kegg.reaction:R01137 | kegg.reaction:R01857 | kegg.reaction:R02093 | kegg.reaction:R02326 | kegg.reaction:R02331 | kegg.reaction:R03530 | kegg.reaction:R11894 | kegg.reaction:R11895,contains_N
PMT2148,kegg.compound:C00008,ADP,14,kegg.reaction:R00124 | kegg.reaction:R00139 | kegg.reaction:R00156 | kegg.reaction:R00330 | kegg.reaction:R00570 | kegg.reaction:R00722 | kegg.reaction:R01137 | kegg.reaction:R01857 | kegg.reaction:R02093 | kegg.reaction:R02326 | kegg.reaction:R02331 | kegg.reaction:R03530 | kegg.reaction:R11894 | kegg.reaction:R11895,contains_N
PMT2148,kegg.compound:C00015,UDP,1,kegg.reaction:R00156,contains_N
PMT2148,kegg.compound:C00035,GDP,1,kegg.reaction:R00330,contains_N
PMT2148,kegg.compound:C00044,GTP,1,kegg.reaction:R00330,contains_N
PMT2148,kegg.compound:C00063,CTP,1,kegg.reaction:R00570,contains_N
PMT2148,kegg.compound:C00075,UTP,1,kegg.reaction:R00156,contains_N
PMT2148,kegg.compound:C00081,ITP,1,kegg.reaction:R00722,contains_N
PMT2148,kegg.compound:C00104,IDP,1,kegg.reaction:R00722,contains_N
PMT2148,kegg.compound:C00112,CDP,1,kegg.reaction:R00570,contains_N
PMT2148,kegg.compound:C00131,dATP,1,kegg.reaction:R01137,contains_N
PMT2148,kegg.compound:C00206,dADP,1,kegg.reaction:R01137,contains_N
PMT2148,kegg.compound:C00286,dGTP,1,kegg.reaction:R01857,contains_N
PMT2148,kegg.compound:C00361,dGDP,1,kegg.reaction:R01857,contains_N
PMT2148,kegg.compound:C00363,dTDP,1,kegg.reaction:R02093,contains_N
PMT2148,kegg.compound:C00458,dCTP,1,kegg.reaction:R02326,contains_N
PMT2148,kegg.compound:C00459,dTTP,1,kegg.reaction:R02093,contains_N
PMT2148,kegg.compound:C00460,dUTP,1,kegg.reaction:R02331,contains_N
PMT2148,kegg.compound:C00705,dCDP,1,kegg.reaction:R02326,contains_N
PMT2148,kegg.compound:C01344,dIDP,1,kegg.reaction:R03530,contains_N
PMT2148,kegg.compound:C01345,dITP,1,kegg.reaction:R03530,contains_N
PMT2148,kegg.compound:C01346,dUDP,1,kegg.reaction:R02331,contains_N
PMT2148,kegg.compound:C11038,2^-Deoxy-5-hydroxymethylcytidine-5^-diphosphate,1,kegg.reaction:R00139,contains_N
PMT2148,kegg.compound:C11039,2^-Deoxy-5-hydroxymethylcytidine-5^-triphosphate,1,kegg.reaction:R00139,contains_N
PMT2148,kegg.compound:C21748,5-Fluorouridine diphosphate,1,kegg.reaction:R11894,contains_N
PMT2148,kegg.compound:C21749,5-Fluorouridine triphosphate,1,kegg.reaction:R11894,contains_N
PMT2148,kegg.compound:C21750,5-Fluorodeoxyuridine diphosphate,1,kegg.reaction:R11895,contains_N
PMT2148,kegg.compound:C21751,5-Fluorodeoxyuridine triphosphate,1,kegg.reaction:R11895,contains_N
PMT2150,kegg.compound:C00011,CO2,1,kegg.reaction:R00566,no_N
PMT2150,kegg.compound:C00062,L-Arginine,1,kegg.reaction:R00566,contains_N
PMT2150,kegg.compound:C00179,Agmatine,1,kegg.reaction:R00566,contains_N
PMT2157,kegg.compound:C00002,ATP,1,kegg.reaction:R03038,contains_N
PMT2157,kegg.compound:C00013,Diphosphate,1,kegg.reaction:R03038,no_N
PMT2157,kegg.compound:C00020,AMP,1,kegg.reaction:R03038,contains_N
PMT2157,kegg.compound:C00041,L-Alanine,1,kegg.reaction:R03038,contains_N
PMT2157,kegg.compound:C00886,L-Alanyl-tRNA,1,kegg.reaction:R03038,contains_N
PMT2157,kegg.compound:C01635,tRNA(Ala),1,kegg.reaction:R03038,contains_N
PMT2169,kegg.compound:C00003,NAD+,1,kegg.reaction:R01221,contains_N
PMT2169,kegg.compound:C00004,NADH,1,kegg.reaction:R01221,contains_N
PMT2169,kegg.compound:C00011,CO2,2,kegg.reaction:R01221 | kegg.reaction:R03425,no_N
PMT2169,kegg.compound:C00014,Ammonia,1,kegg.reaction:R01221,contains_N
PMT2169,kegg.compound:C00037,Glycine,2,kegg.reaction:R01221 | kegg.reaction:R03425,contains_N
PMT2169,kegg.compound:C00080,H+,1,kegg.reaction:R01221,no_N
PMT2169,kegg.compound:C00101,Tetrahydrofolate,1,kegg.reaction:R01221,contains_N
PMT2169,kegg.compound:C00143,"5,10-Methylenetetrahydrofolate",1,kegg.reaction:R01221,contains_N
PMT2169,kegg.compound:C01242,[Protein]-S8-aminomethyldihydrolipoyllysine,1,kegg.reaction:R03425,contains_N
PMT2169,kegg.compound:C02051,Lipoylprotein,1,kegg.reaction:R03425,contains_N
PMT2170,kegg.compound:C00003,NAD+,1,kegg.reaction:R01221,contains_N
PMT2170,kegg.compound:C00004,NADH,1,kegg.reaction:R01221,contains_N
PMT2170,kegg.compound:C00011,CO2,1,kegg.reaction:R01221,no_N
PMT2170,kegg.compound:C00014,Ammonia,1,kegg.reaction:R01221,contains_N
PMT2170,kegg.compound:C00037,Glycine,1,kegg.reaction:R01221,contains_N
PMT2170,kegg.compound:C00080,H+,1,kegg.reaction:R01221,no_N
PMT2170,kegg.compound:C00101,Tetrahydrofolate,1,kegg.reaction:R01221,contains_N
PMT2170,kegg.compound:C00143,"5,10-Methylenetetrahydrofolate",1,kegg.reaction:R01221,contains_N
PMT2172,kegg.compound:C00001,H2O,1,kegg.reaction:R02222,no_N
PMT2172,kegg.compound:C00007,Oxygen,1,kegg.reaction:R02222,no_N
PMT2172,kegg.compound:C00080,H+,1,kegg.reaction:R02222,no_N
PMT2172,kegg.compound:C00412,Stearoyl-CoA,1,kegg.reaction:R02222,contains_N
PMT2172,kegg.compound:C00510,Oleoyl-CoA,1,kegg.reaction:R02222,contains_N
PMT2172,kegg.compound:C00996,Ferricytochrome b5,1,kegg.reaction:R02222,no_formula
PMT2172,kegg.compound:C00999,Ferrocytochrome b5,1,kegg.reaction:R02222,no_formula
PMT2174,kegg.compound:C00001,H2O,1,kegg.reaction:R02222,no_N
PMT2174,kegg.compound:C00007,Oxygen,1,kegg.reaction:R02222,no_N
PMT2174,kegg.compound:C00080,H+,1,kegg.reaction:R02222,no_N
PMT2174,kegg.compound:C00412,Stearoyl-CoA,1,kegg.reaction:R02222,contains_N
PMT2174,kegg.compound:C00510,Oleoyl-CoA,1,kegg.reaction:R02222,contains_N
PMT2174,kegg.compound:C00996,Ferricytochrome b5,1,kegg.reaction:R02222,no_formula
PMT2174,kegg.compound:C00999,Ferrocytochrome b5,1,kegg.reaction:R02222,no_formula
PMT2177,kegg.compound:C00001,H2O,1,kegg.reaction:R08701,no_N
PMT2177,kegg.compound:C00028,Acceptor,1,kegg.reaction:R08701,no_formula
PMT2177,kegg.compound:C00030,Reduced acceptor,1,kegg.reaction:R08701,no_formula
PMT2177,kegg.compound:C00037,Glycine,1,kegg.reaction:R08701,contains_N
PMT2177,kegg.compound:C00101,Tetrahydrofolate,1,kegg.reaction:R08701,contains_N
PMT2177,kegg.compound:C03479,Folinic acid,1,kegg.reaction:R08701,contains_N
PMT2177,kegg.compound:C17322,tRNA containing 2-thiouridine,1,kegg.reaction:R08701,contains_N
PMT2177,kegg.compound:C17323,tRNA containing 5-carboxymethylaminomethyl-2-thiouridine,1,kegg.reaction:R08701,contains_N
PMT2179,kegg.compound:C00022,Pyruvate,1,kegg.reaction:R01302,no_N
PMT2179,kegg.compound:C00156,4-Hydroxybenzoate,1,kegg.reaction:R01302,no_N
PMT2179,kegg.compound:C00251,Chorismate,1,kegg.reaction:R01302,no_N
PMT2184,kegg.compound:C00003,NAD+,1,kegg.reaction:R00382,contains_N
PMT2184,kegg.compound:C00020,AMP,1,kegg.reaction:R00382,contains_N
PMT2184,kegg.compound:C00039,DNA,1,kegg.reaction:R00382,no_N
PMT2184,kegg.compound:C00455,Nicotinamide D-ribonucleotide,1,kegg.reaction:R00382,contains_N
PMT2184,kegg.compound:C02128,5^-Phospho-DNA,1,kegg.reaction:R00382,no_N
PMT2191,kegg.compound:C00002,ATP,1,kegg.reaction:R03665,contains_N
PMT2191,kegg.compound:C00013,Diphosphate,1,kegg.reaction:R03665,no_N
PMT2191,kegg.compound:C00020,AMP,1,kegg.reaction:R03665,contains_N
PMT2191,kegg.compound:C00183,L-Valine,1,kegg.reaction:R03665,contains_N
PMT2191,kegg.compound:C01653,tRNA(Val),1,kegg.reaction:R03665,contains_N
PMT2191,kegg.compound:C02554,L-Valyl-tRNA(Val),1,kegg.reaction:R03665,contains_N
PMT2196,kegg.compound:C00001,H2O,4,kegg.reaction:R06265 | kegg.reaction:R06266 | kegg.reaction:R06267 | kegg.reaction:R10068,no_N
PMT2196,kegg.compound:C00005,NADPH,4,kegg.reaction:R06265 | kegg.reaction:R06266 | kegg.reaction:R06267 | kegg.reaction:R10068,contains_N
PMT2196,kegg.compound:C00006,NADP+,4,kegg.reaction:R06265 | kegg.reaction:R06266 | kegg.reaction:R06267 | kegg.reaction:R10068,contains_N
PMT2196,kegg.compound:C00007,Oxygen,4,kegg.reaction:R06265 | kegg.reaction:R06266 | kegg.reaction:R06267 | kegg.reaction:R10068,no_N
PMT2196,kegg.compound:C00080,H+,4,kegg.reaction:R06265 | kegg.reaction:R06266 | kegg.reaction:R06267 | kegg.reaction:R10068,no_N
PMT2196,kegg.compound:C04536,Magnesium protoporphyrin monomethyl ester,2,kegg.reaction:R06265 | kegg.reaction:R10068,contains_N
PMT2196,kegg.compound:C11829,13(1)-Hydroxy-magnesium-protoporphyrin IX 13-monomethyl ester,2,kegg.reaction:R06265 | kegg.reaction:R06266,contains_N
PMT2196,kegg.compound:C11830,13(1)-Oxo-magnesium-protoporphyrin IX 13-monomethyl ester,2,kegg.reaction:R06266 | kegg.reaction:R06267,contains_N
PMT2196,kegg.compound:C11831,Divinylprotochlorophyllide,2,kegg.reaction:R06267 | kegg.reaction:R10068,contains_N
PMT2211,kegg.compound:C00001,H2O,6,kegg.reaction:R00426 | kegg.reaction:R00720 | kegg.reaction:R01855 | kegg.reaction:R02100 | kegg.reaction:R02720 | kegg.reaction:R03531,no_N
PMT2211,kegg.compound:C00013,Diphosphate,6,kegg.reaction:R00426 | kegg.reaction:R00720 | kegg.reaction:R01855 | kegg.reaction:R02100 | kegg.reaction:R02720 | kegg.reaction:R03531,no_N
PMT2211,kegg.compound:C00044,GTP,1,kegg.reaction:R00426,contains_N
PMT2211,kegg.compound:C00081,ITP,1,kegg.reaction:R00720,contains_N
PMT2211,kegg.compound:C00130,IMP,1,kegg.reaction:R00720,contains_N
PMT2211,kegg.compound:C00144,GMP,1,kegg.reaction:R00426,contains_N
PMT2211,kegg.compound:C00286,dGTP,1,kegg.reaction:R01855,contains_N
PMT2211,kegg.compound:C00362,dGMP,1,kegg.reaction:R01855,contains_N
PMT2211,kegg.compound:C00365,dUMP,1,kegg.reaction:R02100,contains_N
PMT2211,kegg.compound:C00460,dUTP,1,kegg.reaction:R02100,contains_N
PMT2211,kegg.compound:C00655,Xanthosine 5^-phosphate,1,kegg.reaction:R02720,contains_N
PMT2211,kegg.compound:C00700,XTP,1,kegg.reaction:R02720,contains_N
PMT2211,kegg.compound:C01345,dITP,1,kegg.reaction:R03531,contains_N
PMT2211,kegg.compound:C06196,2^-Deoxyinosine 5^-phosphate,1,kegg.reaction:R03531,contains_N
PMT2214,kegg.compound:C00001,H2O,1,kegg.reaction:R01157,no_N
PMT2214,kegg.compound:C00086,Urea,1,kegg.reaction:R01157,contains_N
PMT2214,kegg.compound:C00134,Putrescine,1,kegg.reaction:R01157,contains_N
PMT2214,kegg.compound:C00179,Agmatine,1,kegg.reaction:R01157,contains_N
PMT2215,kegg.compound:C00001,H2O,1,kegg.reaction:R02300,no_N
PMT2215,kegg.compound:C00003,NAD+,1,kegg.reaction:R01221,contains_N
PMT2215,kegg.compound:C00004,NADH,1,kegg.reaction:R01221,contains_N
PMT2215,kegg.compound:C00011,CO2,1,kegg.reaction:R01221,no_N
PMT2215,kegg.compound:C00014,Ammonia,2,kegg.reaction:R01221 | kegg.reaction:R04125,contains_N
PMT2215,kegg.compound:C00037,Glycine,1,kegg.reaction:R01221,contains_N
PMT2215,kegg.compound:C00080,H+,1,kegg.reaction:R01221,no_N
PMT2215,kegg.compound:C00101,Tetrahydrofolate,2,kegg.reaction:R01221 | kegg.reaction:R04125,contains_N
PMT2215,kegg.compound:C00143,"5,10-Methylenetetrahydrofolate",2,kegg.reaction:R01221 | kegg.reaction:R04125,contains_N
PMT2215,kegg.compound:C00445,"5,10-Methenyltetrahydrofolate",1,kegg.reaction:R02300,contains_N
PMT2215,kegg.compound:C01242,[Protein]-S8-aminomethyldihydrolipoyllysine,1,kegg.reaction:R04125,contains_N
PMT2215,kegg.compound:C02972,Dihydrolipoylprotein,1,kegg.reaction:R04125,contains_N
PMT2215,kegg.compound:C03479,Folinic acid,1,kegg.reaction:R02300,contains_N
PMT2219,kegg.compound:C00001,H2O,1,kegg.reaction:R00573,no_N
PMT2219,kegg.compound:C00002,ATP,2,kegg.reaction:R00571 | kegg.reaction:R00573,contains_N
PMT2219,kegg.compound:C00008,ADP,2,kegg.reaction:R00571 | kegg.reaction:R00573,contains_N
PMT2219,kegg.compound:C00009,Orthophosphate,2,kegg.reaction:R00571 | kegg.reaction:R00573,no_N
PMT2219,kegg.compound:C00014,Ammonia,1,kegg.reaction:R00571,contains_N
PMT2219,kegg.compound:C00025,L-Glutamate,1,kegg.reaction:R00573,contains_N
PMT2219,kegg.compound:C00063,CTP,2,kegg.reaction:R00571 | kegg.reaction:R00573,contains_N
PMT2219,kegg.compound:C00064,L-Glutamine,1,kegg.reaction:R00573,contains_N
PMT2219,kegg.compound:C00075,UTP,2,kegg.reaction:R00571 | kegg.reaction:R00573,contains_N
PMT2220,kegg.compound:C00014,Ammonia,1,kegg.reaction:R10002,contains_N
PMT2220,kegg.compound:C20239,"6-Carboxy-5,6,7,8-tetrahydropterin",1,kegg.reaction:R10002,contains_N
PMT2220,kegg.compound:C20248,7-Carboxy-7-carbaguanine,1,kegg.reaction:R10002,contains_N
PMT2222,kegg.compound:C00002,ATP,1,kegg.reaction:R09978,contains_N
PMT2222,kegg.compound:C00013,Diphosphate,1,kegg.reaction:R09978,no_N
PMT2222,kegg.compound:C00014,Ammonia,1,kegg.reaction:R09978,contains_N
PMT2222,kegg.compound:C00020,AMP,1,kegg.reaction:R09978,contains_N
PMT2222,kegg.compound:C15996,7-Cyano-7-carbaguanine,1,kegg.reaction:R09978,contains_N
PMT2222,kegg.compound:C20248,7-Carboxy-7-carbaguanine,1,kegg.reaction:R09978,contains_N
PMT2223,kegg.compound:C00025,L-Glutamate,1,kegg.reaction:R01716,contains_N
PMT2223,kegg.compound:C00064,L-Glutamine,1,kegg.reaction:R01716,contains_N
PMT2223,kegg.compound:C00251,Chorismate,1,kegg.reaction:R01716,no_N
PMT2223,kegg.compound:C11355,4-Amino-4-deoxychorismate,1,kegg.reaction:R01716,contains_N
PMT2224,kegg.compound:C00022,Pyruvate,1,kegg.reaction:R05553,no_N
PMT2224,kegg.compound:C00568,4-Aminobenzoate,1,kegg.reaction:R05553,contains_N
PMT2224,kegg.compound:C11355,4-Amino-4-deoxychorismate,1,kegg.reaction:R05553,contains_N
PMT2234,kegg.compound:C00001,H2O,1,kegg.reaction:R00131,no_N
PMT2234,kegg.compound:C00011,CO2,1,kegg.reaction:R00131,no_N
PMT2234,kegg.compound:C00014,Ammonia,1,kegg.reaction:R00131,contains_N
PMT2234,kegg.compound:C00086,Urea,1,kegg.reaction:R00131,contains_N
PMT2235,kegg.compound:C00001,H2O,1,kegg.reaction:R00131,no_N
PMT2235,kegg.compound:C00011,CO2,1,kegg.reaction:R00131,no_N
PMT2235,kegg.compound:C00014,Ammonia,1,kegg.reaction:R00131,contains_N
PMT2235,kegg.compound:C00086,Urea,1,kegg.reaction:R00131,contains_N
PMT2236,kegg.compound:C00001,H2O,1,kegg.reaction:R00131,no_N
PMT2236,kegg.compound:C00011,CO2,1,kegg.reaction:R00131,no_N
PMT2236,kegg.compound:C00014,Ammonia,1,kegg.reaction:R00131,contains_N
PMT2236,kegg.compound:C00086,Urea,1,kegg.reaction:R00131,contains_N
PMT2237,kegg.compound:C00019,S-Adenosyl-L-methionine,1,kegg.reaction:R03194,contains_N
PMT2237,kegg.compound:C00021,S-Adenosyl-L-homocysteine,1,kegg.reaction:R03194,contains_N
PMT2237,kegg.compound:C01051,Uroporphyrinogen III,1,kegg.reaction:R03194,contains_N
PMT2237,kegg.compound:C02463,Precorrin 2,1,kegg.reaction:R03194,contains_N
PMT2239,kegg.compound:C00001,H2O,1,kegg.reaction:R00790,no_N
PMT2239,kegg.compound:C00014,Ammonia,1,kegg.reaction:R00790,contains_N
PMT2239,kegg.compound:C00080,H+,1,kegg.reaction:R00790,no_N
PMT2239,kegg.compound:C00088,Nitrite,1,kegg.reaction:R00790,contains_N
PMT2239,kegg.compound:C00138,Reduced ferredoxin,1,kegg.reaction:R00790,no_N
PMT2239,kegg.compound:C00139,Oxidized ferredoxin,1,kegg.reaction:R00790,no_N
PMT2242,kegg.compound:C00013,Diphosphate,1,kegg.reaction:R01073,no_N
PMT2242,kegg.compound:C00108,Anthranilate,1,kegg.reaction:R01073,contains_N
PMT2242,kegg.compound:C00119,5-Phospho-alpha-D-ribose 1-diphosphate,1,kegg.reaction:R01073,no_N
PMT2242,kegg.compound:C04302,N-(5-Phospho-D-ribosyl)anthranilate,1,kegg.reaction:R01073,contains_N
PMT2248,kegg.compound:C00001,H2O,1,kegg.reaction:R01826,no_N
PMT2248,kegg.compound:C00009,Orthophosphate,1,kegg.reaction:R01826,no_N
PMT2248,kegg.compound:C00074,Phosphoenolpyruvate,1,kegg.reaction:R01826,no_N
PMT2248,kegg.compound:C00279,D-Erythrose 4-phosphate,1,kegg.reaction:R01826,no_N
PMT2248,kegg.compound:C04691,2-Dehydro-3-deoxy-D-arabino-heptonate 7-phosphate,1,kegg.reaction:R01826,no_N
PMT2249,kegg.compound:C00001,H2O,3,kegg.reaction:R01325 | kegg.reaction:R01900 | kegg.reaction:R04425,no_N
PMT2249,kegg.compound:C00158,Citrate,2,kegg.reaction:R01324 | kegg.reaction:R01325,no_N
PMT2249,kegg.compound:C00311,Isocitrate,2,kegg.reaction:R01324 | kegg.reaction:R01900,no_N
PMT2249,kegg.compound:C00417,cis-Aconitate,2,kegg.reaction:R01325 | kegg.reaction:R01900,no_N
PMT2249,kegg.compound:C04225,"(Z)-But-2-ene-1,2,3-tricarboxylate",1,kegg.reaction:R04425,no_N
PMT2249,kegg.compound:C04593,"(2S,3R)-3-Hydroxybutane-1,2,3-tricarboxylate",1,kegg.reaction:R04425,no_N
PMT2253,kegg.compound:C00001,H2O,1,kegg.reaction:R00944,no_N
PMT2253,kegg.compound:C00058,Formate,1,kegg.reaction:R00944,no_N
PMT2253,kegg.compound:C00101,Tetrahydrofolate,1,kegg.reaction:R00944,contains_N
PMT2253,kegg.compound:C00234,10-Formyltetrahydrofolate,1,kegg.reaction:R00944,contains_N
PMT2254,kegg.compound:C00001,H2O,4,kegg.reaction:R00366 | kegg.reaction:R02457 | kegg.reaction:R02923 | kegg.reaction:R07400,no_N
PMT2254,kegg.compound:C00007,Oxygen,6,kegg.reaction:R00366 | kegg.reaction:R02457 | kegg.reaction:R02894 | kegg.reaction:R02923 | kegg.reaction:R04221 | kegg.reaction:R07400,no_N
PMT2254,kegg.compound:C00014,Ammonia,4,kegg.reaction:R00366 | kegg.reaction:R02457 | kegg.reaction:R02923 | kegg.reaction:R07400,contains_N
PMT2254,kegg.compound:C00027,Hydrogen peroxide,6,kegg.reaction:R00366 | kegg.reaction:R02457 | kegg.reaction:R02894 | kegg.reaction:R02923 | kegg.reaction:R04221 | kegg.reaction:R07400,no_N
PMT2254,kegg.compound:C00037,Glycine,1,kegg.reaction:R00366,contains_N
PMT2254,kegg.compound:C00048,Glyoxylate,1,kegg.reaction:R00366,no_N
PMT2254,kegg.compound:C00515,D-Ornithine,1,kegg.reaction:R02457,contains_N
PMT2254,kegg.compound:C00763,D-Proline,1,kegg.reaction:R02894,contains_N
PMT2254,kegg.compound:C00792,D-Arginine,1,kegg.reaction:R02923,contains_N
PMT2254,kegg.compound:C00916,Cephalosporin C,1,kegg.reaction:R07400,contains_N
PMT2254,kegg.compound:C01110,5-Amino-2-oxopentanoic acid,1,kegg.reaction:R02457,contains_N
PMT2254,kegg.compound:C03440,cis-4-Hydroxy-D-proline,1,kegg.reaction:R04221,contains_N
PMT2254,kegg.compound:C03564,1-Pyrroline-2-carboxylate,1,kegg.reaction:R02894,contains_N
PMT2254,kegg.compound:C03771,5-Guanidino-2-oxopentanoate,1,kegg.reaction:R02923,contains_N
PMT2254,kegg.compound:C04282,1-Pyrroline-4-hydroxy-2-carboxylate,1,kegg.reaction:R04221,contains_N
PMT2254,kegg.compound:C04712,(7R)-7-(5-Carboxy-5-oxopentanoyl)aminocephalosporinate,1,kegg.reaction:R07400,contains_N
PMT2257,kegg.compound:C00005,NADPH,1,kegg.reaction:R02413,contains_N
PMT2257,kegg.compound:C00006,NADP+,1,kegg.reaction:R02413,contains_N
PMT2257,kegg.compound:C00080,H+,1,kegg.reaction:R02413,no_N
PMT2257,kegg.compound:C00493,Shikimate,1,kegg.reaction:R02413,no_N
PMT2257,kegg.compound:C02637,3-Dehydroshikimate,1,kegg.reaction:R02413,no_N
PMT2261,kegg.compound:C00002,ATP,1,kegg.reaction:R01954,contains_N
PMT2261,kegg.compound:C00013,Diphosphate,1,kegg.reaction:R01954,no_N
PMT2261,kegg.compound:C00020,AMP,1,kegg.reaction:R01954,contains_N
PMT2261,kegg.compound:C00049,L-Aspartate,1,kegg.reaction:R01954,contains_N
PMT2261,kegg.compound:C00327,L-Citrulline,1,kegg.reaction:R01954,contains_N
PMT2261,kegg.compound:C03406,N-(L-Arginino)succinate,1,kegg.reaction:R01954,contains_N
PMT2267,kegg.compound:C00001,H2O,1,kegg.reaction:R04326,no_N
PMT2267,kegg.compound:C00101,Tetrahydrofolate,2,kegg.reaction:R04325 | kegg.reaction:R04326,contains_N
PMT2267,kegg.compound:C00234,10-Formyltetrahydrofolate,1,kegg.reaction:R04325,contains_N
PMT2267,kegg.compound:C00445,"5,10-Methenyltetrahydrofolate",1,kegg.reaction:R04326,contains_N
PMT2267,kegg.compound:C03838,5^-Phosphoribosylglycinamide,2,kegg.reaction:R04325 | kegg.reaction:R04326,contains_N
PMT2267,kegg.compound:C04376,5^-Phosphoribosyl-N-formylglycinamide,2,kegg.reaction:R04325 | kegg.reaction:R04326,contains_N
PMT2268,kegg.compound:C00015,UDP,1,kegg.reaction:R00766,contains_N
PMT2268,kegg.compound:C00029,UDP-glucose,1,kegg.reaction:R00766,contains_N
PMT2268,kegg.compound:C00085,D-Fructose 6-phosphate,1,kegg.reaction:R00766,no_N
PMT2268,kegg.compound:C02591,Sucrose 6^-phosphate,1,kegg.reaction:R00766,no_N
PMT2274,kegg.compound:C00001,H2O,2,kegg.reaction:R01466 | kegg.reaction:R05086,no_N
PMT2274,kegg.compound:C00009,Orthophosphate,2,kegg.reaction:R01466 | kegg.reaction:R05086,no_N
PMT2274,kegg.compound:C00188,L-Threonine,1,kegg.reaction:R01466,contains_N
PMT2274,kegg.compound:C01102,O-Phospho-L-homoserine,1,kegg.reaction:R01466,contains_N
PMT2274,kegg.compound:C06055,O-Phospho-4-hydroxy-L-threonine,1,kegg.reaction:R05086,contains_N
PMT2274,kegg.compound:C06056,4-Hydroxy-L-threonine,1,kegg.reaction:R05086,contains_N
PMT_0084,kegg.compound:C00013,Diphosphate,1,kegg.reaction:R02328,no_N
PMT_0084,kegg.compound:C00103,D-Glucose 1-phosphate,1,kegg.reaction:R02328,no_N
PMT_0084,kegg.compound:C00459,dTTP,1,kegg.reaction:R02328,contains_N
PMT_0084,kegg.compound:C00842,dTDP-glucose,1,kegg.reaction:R02328,contains_N
PMT_0318,kegg.compound:C00001,H2O,1,kegg.reaction:R01226,no_N
PMT_0318,kegg.compound:C00101,Tetrahydrofolate,1,kegg.reaction:R01226,contains_N
PMT_0318,kegg.compound:C00141,3-Methyl-2-oxobutanoic acid,1,kegg.reaction:R01226,no_N
PMT_0318,kegg.compound:C00143,"5,10-Methylenetetrahydrofolate",1,kegg.reaction:R01226,contains_N
PMT_0318,kegg.compound:C00966,2-Dehydropantoate,1,kegg.reaction:R01226,no_N
PMT_0356,kegg.compound:C00019,S-Adenosyl-L-methionine,1,kegg.reaction:R00597,contains_N
PMT_0356,kegg.compound:C00021,S-Adenosyl-L-homocysteine,1,kegg.reaction:R00597,contains_N
PMT_0356,kegg.compound:C00055,CMP,1,kegg.reaction:R05637,contains_N
PMT_0356,kegg.compound:C01977,tRNA guanine,1,kegg.reaction:R00597,contains_N
PMT_0356,kegg.compound:C04157,tRNA containing N1-methylguanine,1,kegg.reaction:R00597,contains_N
PMT_0356,kegg.compound:C11436,2-Phospho-4-(cytidine 5^-diphospho)-2-C-methyl-D-erythritol,1,kegg.reaction:R05637,contains_N
PMT_0356,kegg.compound:C11453,"2-C-Methyl-D-erythritol 2,4-cyclodiphosphate",1,kegg.reaction:R05637,no_N
PMT_1640,kegg.compound:C00032,Heme,1,kegg.reaction:R00310,contains_N
PMT_1640,kegg.compound:C00080,H+,2,kegg.reaction:R00310 | kegg.reaction:R11329,no_N
PMT_1640,kegg.compound:C02191,Protoporphyrin,1,kegg.reaction:R00310,contains_N
PMT_1640,kegg.compound:C05770,Coproporphyrin III,1,kegg.reaction:R11329,contains_N
PMT_1640,kegg.compound:C14818,Fe2+,2,kegg.reaction:R00310 | kegg.reaction:R11329,no_N
PMT_1640,kegg.compound:C21284,Fe-coproporphyrin III,1,kegg.reaction:R11329,contains_N
PMT_2647,kegg.compound:C00001,H2O,10,kegg.reaction:R03893 | kegg.reaction:R05510 | kegg.reaction:R05511 | kegg.reaction:R06835 | kegg.reaction:R06838 | kegg.reaction:R08120 | kegg.reaction:R08121 | kegg.reaction:R09136 | kegg.reaction:R09220 | kegg.reaction:R09222,no_N
PMT_2647,kegg.compound:C02222,2-Maleylacetate,4,kegg.reaction:R03893 | kegg.reaction:R06838 | kegg.reaction:R08120 | kegg.reaction:R08121,no_N
PMT_2647,kegg.compound:C04431,cis-4-Carboxymethylenebut-2-en-4-olide,1,kegg.reaction:R03893,no_N
PMT_2647,kegg.compound:C04706,"cis-2-Chloro-4-carboxymethylenebut-2-en-1,4-olide",1,kegg.reaction:R05511,no_N
PMT_2647,kegg.compound:C06329,2-Chloromaleylacetate,1,kegg.reaction:R05511,no_N
PMT_2647,kegg.compound:C07090,Protoanemonin,1,kegg.reaction:R05510,no_N
PMT_2647,kegg.compound:C07091,cis-Acetylacrylate,1,kegg.reaction:R05510,no_N
PMT_2647,kegg.compound:C12834,"2,5-Dichloro-carboxymethylenebut-2-en-4-olide",1,kegg.reaction:R06835,no_N
PMT_2647,kegg.compound:C12835,"2,5-Dichloro-4-oxohex-2-enedioate",1,kegg.reaction:R06835,no_N
PMT_2647,kegg.compound:C12838,trans-4-Carboxymethylenebut-2-en-4-olide,1,kegg.reaction:R06838,no_N
PMT_2647,kegg.compound:C16476,4-Fluoromuconolactone,1,kegg.reaction:R08121,no_N
PMT_2647,kegg.compound:C16477,5-Fluoromuconolactone,1,kegg.reaction:R08120,no_N
PMT_2647,kegg.compound:C16487,Hydrofluoric acid,2,kegg.reaction:R08120 | kegg.reaction:R08121,no_N
PMT_2647,kegg.compound:C18242,"2,3,5-Trichlorodienelactone",1,kegg.reaction:R09136,no_N
PMT_2647,kegg.compound:C18243,"2,3,5-Trichloromaleylacetate",1,kegg.reaction:R09136,no_N
PMT_2647,kegg.compound:C18304,2-Chloro-5-methyl-cis-dienelactone,1,kegg.reaction:R09222,no_N
PMT_2647,kegg.compound:C18305,2-Chloro-5-methylmaleylacetate,1,kegg.reaction:R09222,no_N
PMT_2647,kegg.compound:C18309,3-Chloro-2-methyldienelactone,1,kegg.reaction:R09220,no_N
PMT_2647,kegg.compound:C18310,3-Chloro-2-methylmaleylacetate,1,kegg.reaction:R09220,no_N
