system_id,member_loci,member_names,system_type,n_genes,n_genes_with_tcdb,n_homology_genes,n_homology_genes_score_gt0,n_family_inferred_genes,evidence_class,tcdb_depth_max,tcdb_depth_min_gene,max_tcdb_evidence_score,source_agreement_counts,pfam_support_counts,roles,role_complete,likely_transporter_mix,transport_substrate_resolution,n_ms_N_substrate_groups,n_ms_N_substrate_groups_noncurrency,n_specific_N_substrate_groups,n_no_formula_substrate_groups,n_linked_enzymes_window,n_linked_enzymes_run,n_linked_enzymes_window_ms,n_linked_enzymes_run_ms,missing_subunit_neighbours,joined_by,cross_locus_merged,n_runs,member_runs,evidence,source_agreement,pfam_support,n_pfam_corroborated_genes,has_binding,has_permease,has_atpase,has_single_carrier
sys_PMT0009,PMT0009,PMT0009:,single_gene,1,1,1,1,0,any_homology,3.0,3.0,0.2,"{""single_source"": 1}","{""uncorroborated"": 1}",other,False,"{""none"": 1}",resolved,0,0,0,0,0,0,0,0,,,False,1,run_PMT0008,homology,single_source,uncorroborated,0,False,False,False,False
sys_PMT0011,PMT0011,PMT0011:ftsY,single_gene,1,1,1,0,1,any_homology,3.0,3.0,0.8,"{""both_sources"": 3, ""single_source"": 1}","{""corroborated"": 2, ""uncorroborated"": 2}",other,False,"{""tcdb_only"": 1}",resolved,3,3,3,3,0,0,0,0,,,False,1,run_PMT0008,family_inferred|homology,both_sources|single_source,corroborated|uncorroborated,1,False,False,False,False
sys_PMT0014,PMT0014,PMT0014:,single_gene,1,1,1,1,0,any_homology,2.0,2.0,0.4,"{""single_source"": 2}","{""uncorroborated"": 1, ""corroborated"": 1}",other,False,"{""tcdb_only"": 1}",resolved,1,1,1,3,0,0,0,0,,,False,1,run_PMT0008,homology,single_source,corroborated|uncorroborated,1,False,False,False,False
sys_PMT0018,PMT0018|PMT0019|PMT0020,PMT0018:pilC|PMT0019:pilT1|PMT0020:pilB,multi_gene,3,3,3,3,3,any_homology,3.0,3.0,0.8,"{""single_source"": 11, ""both_sources"": 3}","{""corroborated"": 11, ""uncorroborated"": 3}",other,False,"{""tcdb_only"": 3}",resolved,4,4,4,4,0,0,0,0,,tcdb_level3,False,1,run_PMT0018,family_inferred|homology,both_sources|single_source,corroborated|uncorroborated,3,False,False,False,False
sys_PMT0022,PMT0022,PMT0022:dnaJ1,single_gene,1,1,1,0,0,any_homology,2.0,2.0,0.0,"{""single_source"": 2}","{""uncorroborated"": 2}",other,False,"{""tcdb_only"": 1}",resolved,0,0,0,2,0,0,0,0,,,False,1,run_PMT0021,homology,single_source,uncorroborated,0,False,False,False,False
sys_PMT0027,PMT0027,PMT0027:murC,single_gene,1,1,1,0,0,any_homology,2.0,2.0,0.0,"{""single_source"": 1}","{""uncorroborated"": 1}",other,False,"{""tcdb_only"": 1}",resolved,0,0,0,0,0,0,0,0,,,False,1,run_PMT0025,homology,single_source,uncorroborated,0,False,False,False,False
sys_PMT0028,PMT0028,PMT0028:gap2,single_gene,1,1,1,1,0,any_homology,3.0,3.0,0.2,"{""single_source"": 1}","{""uncorroborated"": 1}",other,False,"{""tcdb_only"": 1}",resolved,0,0,0,0,0,0,0,0,,,False,1,run_PMT0028,homology,single_source,uncorroborated,0,False,False,False,False
sys_PMT0029,PMT0029,PMT0029:thiL,single_gene,1,1,1,0,0,any_homology,2.0,2.0,0.0,"{""single_source"": 1}","{""uncorroborated"": 1}",other,False,"{""none"": 1}",resolved,2,2,2,2,0,0,0,0,,,False,1,run_PMT0025,homology,single_source,uncorroborated,0,False,False,False,False
sys_PMT0032,PMT0032,PMT0032:accB,single_gene,1,1,1,0,0,any_homology,2.0,2.0,0.0,"{""single_source"": 1}","{""uncorroborated"": 1}",other,False,"{""tcdb_only"": 1}",resolved,0,0,0,0,0,0,0,0,,,False,1,run_PMT0031,homology,single_source,uncorroborated,0,False,False,False,False
sys_PMT0048,PMT0048,PMT0048:mrdA,single_gene,1,1,1,0,0,any_homology,2.0,2.0,0.0,"{""single_source"": 1}","{""uncorroborated"": 1}",other,False,"{""none"": 1}",resolved,0,0,0,0,0,0,0,0,,,False,1,run_PMT0046,homology,single_source,uncorroborated,0,False,False,False,False
sys_PMT0058,PMT0058,PMT0058:mgdA,single_gene,1,1,1,0,0,any_homology,2.0,2.0,0.0,"{""single_source"": 2}","{""uncorroborated"": 2}",other,False,"{""none"": 1}",resolved,0,0,0,3,0,0,0,0,,,False,1,run_PMT0057,homology,single_source,uncorroborated,0,False,False,False,False
sys_PMT0060,PMT0060,PMT0060:,single_gene,1,1,1,0,0,any_homology,2.0,2.0,0.0,"{""single_source"": 1}","{""uncorroborated"": 1}",other,False,"{""tcdb_only"": 1}",resolved,2,2,2,2,0,0,0,0,,,False,1,run_PMT0059,homology,single_source,uncorroborated,0,False,False,False,False
sys_PMT0062,PMT0062,PMT0062:clpP2,single_gene,1,1,1,1,0,any_homology,3.0,3.0,0.2,"{""single_source"": 1}","{""uncorroborated"": 1}",other,False,"{""tcdb_only"": 1}",resolved,1,1,1,1,0,0,0,0,,,False,1,run_PMT0059,homology,single_source,uncorroborated,0,False,False,False,False
sys_PMT0070,PMT0070,PMT0070:,single_gene,1,1,1,0,0,any_homology,2.0,2.0,0.0,"{""single_source"": 1}","{""uncorroborated"": 1}",other,False,"{""tcdb_only"": 1}",resolved,1,1,1,1,0,0,0,0,,,False,1,run_PMT0069,homology,single_source,uncorroborated,0,False,False,False,False
sys_PMT0071,PMT0071,PMT0071:uvrB,single_gene,1,1,1,0,0,any_homology,2.0,2.0,0.0,"{""single_source"": 1}","{""uncorroborated"": 1}",other,False,"{""tcdb_only"": 1}",resolved,0,0,0,2,0,0,0,0,,,False,1,run_PMT0069,homology,single_source,uncorroborated,0,False,False,False,False
sys_PMT0076,PMT0076,PMT0076:,single_gene,1,1,1,1,0,any_homology,2.0,2.0,0.4,"{""single_source"": 2}","{""uncorroborated"": 1, ""corroborated"": 1}",other,False,"{""tcdb_only"": 1}",resolved,176,176,0,159,1,0,0,0,,,False,1,run_PMT0073,homology,single_source,corroborated|uncorroborated,1,False,False,False,False
sys_PMT0077,PMT0077,PMT0077:,single_gene,1,1,0,0,1,all_family_inferred,3.0,3.0,0.8,"{""both_sources"": 3}","{""corroborated"": 2, ""uncorroborated"": 1}",mixed,True,"{""strong"": 1}",resolved,23,23,23,10,0,0,0,0,,,False,1,run_PMT0073,family_inferred,both_sources,corroborated|uncorroborated,1,False,False,False,False
sys_PMT0083,PMT0083,PMT0083:secA,single_gene,1,1,0,0,1,all_family_inferred,3.0,3.0,0.8,"{""both_sources"": 4}","{""corroborated"": 3, ""uncorroborated"": 1}",other,False,"{""tcdb_only"": 1}",resolved,2,2,2,2,0,0,0,0,,,False,1,run_PMT0083,family_inferred,both_sources,corroborated|uncorroborated,1,False,False,False,False
sys_PMT0085,PMT0085,PMT0085:,single_gene,1,1,1,0,0,any_homology,2.0,2.0,0.0,"{""single_source"": 1}","{""uncorroborated"": 1}",other,False,"{""none"": 1}",resolved,0,0,0,2,0,0,0,0,,,False,1,run_PMT_0084,homology,single_source,uncorroborated,0,False,False,False,False
sys_PMT0086,PMT0086,PMT0086:galE,single_gene,1,1,1,0,0,any_homology,2.0,2.0,0.0,"{""single_source"": 2}","{""uncorroborated"": 2}",other,False,"{""none"": 1}",resolved,0,0,0,0,1,0,0,0,,,False,1,run_PMT0086,homology,single_source,uncorroborated,0,False,False,False,False
sys_PMT0095,PMT0095,PMT0095:pseB,single_gene,1,1,1,0,0,any_homology,2.0,2.0,0.0,"{""single_source"": 1}","{""uncorroborated"": 1}",other,False,"{""none"": 1}",resolved,0,0,0,0,0,0,0,0,,,False,1,run_PMT0090,homology,single_source,uncorroborated,0,False,False,False,False
sys_PMT0108,PMT0108|PMT0109,PMT0108:|PMT0109:,multi_gene,2,2,0,0,2,all_family_inferred,3.0,3.0,0.8,"{""both_sources"": 2}","{""corroborated"": 2}",atpase|permease,False,"{""strong"": 2}",resolved,5,5,5,4,0,0,0,0,,tcdb_level3,False,1,run_PMT_0107,family_inferred,both_sources,corroborated,2,False,True,True,False
sys_PMT0115,PMT0115,PMT0115:rfbB,single_gene,1,1,1,1,0,any_homology,3.0,3.0,0.2,"{""single_source"": 1}","{""uncorroborated"": 1}",other,False,"{""none"": 1}",resolved,0,0,0,0,1,0,0,0,,,False,1,run_PMT0115,homology,single_source,uncorroborated,0,False,False,False,False
sys_PMT0123,PMT0123|PMT0124,PMT0123:crcB1|PMT0124:crcB2,multi_gene,2,2,0,0,2,all_family_inferred,3.0,3.0,0.6,"{""both_sources"": 6}","{""uncorroborated"": 4, ""corroborated"": 2}",other,False,"{""strong"": 2}",resolved,0,0,0,0,0,0,0,0,,tcdb_level3,False,1,run_PMT0121,family_inferred,both_sources,corroborated|uncorroborated,2,False,False,False,False
sys_PMT0126,PMT0126,PMT0126:mgtE,single_gene,1,1,1,1,0,any_homology,3.0,3.0,1.0,"{""both_sources"": 1, ""single_source"": 1}","{""corroborated"": 1, ""uncorroborated"": 1}",single_carrier,True,"{""strong"": 1}",resolved,176,176,0,159,1,0,0,0,,,False,1,run_PMT0121,homology,both_sources|single_source,corroborated|uncorroborated,1,False,False,False,True
sys_PMT0129,PMT0129,PMT0129:,single_gene,1,1,0,0,1,all_family_inferred,3.0,3.0,0.8,"{""both_sources"": 1}","{""corroborated"": 1}",other,False,"{""strong"": 1}",family_inferred,51,51,0,20,0,0,0,0,,,False,1,run_PMT0128,family_inferred,both_sources,corroborated,1,False,False,False,False
sys_PMT0130,PMT0130,PMT0130:,single_gene,1,1,1,1,0,any_homology,2.0,2.0,0.2,"{""single_source"": 1}","{""uncorroborated"": 1}",other,False,"{""strong"": 1}",family_inferred,6,6,0,31,0,0,0,0,,,False,1,run_PMT0128,homology,single_source,uncorroborated,0,False,False,False,False
sys_PMT0131,PMT0131,PMT0131:sdhC,single_gene,1,1,1,0,0,any_homology,2.0,2.0,0.0,"{""single_source"": 1}","{""uncorroborated"": 1}",other,False,"{""tcdb_only"": 1}",resolved,0,0,0,1,0,0,0,0,,,False,1,run_PMT0131,homology,single_source,uncorroborated,0,False,False,False,False
sys_PMT0132,PMT0132|PMT0133,PMT0132:sdhA|PMT0133:sdhB,multi_gene,2,2,2,2,0,any_homology,3.0,3.0,0.6,"{""single_source"": 2}","{""corroborated"": 1, ""uncorroborated"": 1}",other,False,"{""tcdb_only"": 2}",resolved,1,1,1,1,0,0,0,0,,tcdb_level3,False,1,run_PMT0131,homology,single_source,corroborated|uncorroborated,1,False,False,False,False
sys_PMT0138,PMT0138,PMT0138:ahcY,single_gene,1,1,1,1,0,any_homology,3.0,3.0,0.2,"{""single_source"": 1}","{""uncorroborated"": 1}",other,False,"{""none"": 1}",resolved,0,0,0,0,0,0,0,0,,,False,1,run_PMT0131,homology,single_source,uncorroborated,0,False,False,False,False
sys_PMT0140,PMT0140,PMT0140:dedA2,single_gene,1,1,1,1,0,any_homology,2.0,2.0,0.4,"{""single_source"": 2}","{""corroborated"": 1, ""uncorroborated"": 1}",other,False,"{""none"": 1}",resolved,2,2,2,2,0,0,0,0,,,False,1,run_PMT0131,homology,single_source,corroborated|uncorroborated,1,False,False,False,False
sys_PMT0141,PMT0141,PMT0141:ssb,single_gene,1,1,1,1,0,any_homology,2.0,2.0,0.4,"{""single_source"": 1}","{""corroborated"": 1}",other,False,"{""tcdb_only"": 1}",resolved,1,1,1,3,0,0,0,0,,,False,1,run_PMT0141,homology,single_source,corroborated,1,False,False,False,False
sys_PMT0142,PMT0142|PMT0143,PMT0142:mreB|PMT0143:mreC,multi_gene,2,2,1,1,2,any_homology,3.0,3.0,0.6,"{""both_sources"": 3, ""single_source"": 3}","{""uncorroborated"": 6}",other,False,"{""tcdb_only"": 1, ""none"": 1}",resolved,2,2,2,3,0,0,0,0,,tcdb_level3,False,1,run_PMT0131,family_inferred|homology,both_sources|single_source,uncorroborated,0,False,False,False,False
sys_PMT0145,PMT0145|PMT0668|PMT1120|PMT1545,PMT0145:srrA|PMT0668:lacF|PMT1120:lacG|PMT1545:,multi_gene,4,4,1,1,3,any_homology,4.0,3.0,1.0,"{""both_sources"": 4}","{""uncorroborated"": 3, ""corroborated"": 1}",atpase|permease|substrate_binding,True,"{""strong"": 4}",family_inferred|resolved,20,20,1,19,1,0,0,0,,cross_locus,True,4,run_PMT0131|run_PMT0664|run_PMT1118|run_PMT1545,family_inferred|homology,both_sources,corroborated|uncorroborated,1,True,True,True,False
sys_PMT0147,PMT0147,PMT0147:lysS,single_gene,1,1,1,1,0,any_homology,3.0,3.0,0.4,"{""single_source"": 1}","{""uncorroborated"": 1}",other,False,"{""none"": 1}",resolved,1,1,1,0,0,0,0,0,,,False,1,run_PMT0131,homology,single_source,uncorroborated,0,False,False,False,False
sys_PMT0174,PMT0174,PMT0174:,single_gene,1,1,1,1,0,any_homology,2.0,2.0,0.4,"{""single_source"": 1}","{""corroborated"": 1}",other,False,"{""strong"": 1}",family_inferred,77,76,0,87,1,1,0,0,,,False,1,run_PMT0173,homology,single_source,corroborated,1,False,False,False,False
sys_PMT0176,PMT0176,PMT0176:SynDsbAB,single_gene,1,1,1,0,0,any_homology,2.0,2.0,0.0,"{""single_source"": 1}","{""uncorroborated"": 1}",other,False,"{""none"": 1}",resolved,0,0,0,0,0,0,0,0,,,False,1,run_PMT0176,homology,single_source,uncorroborated,0,False,False,False,False
sys_PMT0177,PMT0177,PMT0177:nadB,single_gene,1,1,1,0,0,any_homology,2.0,2.0,0.0,"{""single_source"": 1}","{""uncorroborated"": 1}",other,False,"{""tcdb_only"": 1}",resolved,0,0,0,1,0,0,0,0,,,False,1,run_PMT0173,homology,single_source,uncorroborated,0,False,False,False,False
sys_PMT0182,PMT0182,PMT0182:tolC,single_gene,1,1,1,1,0,any_homology,2.0,2.0,0.4,"{""single_source"": 2, ""both_sources"": 1}","{""uncorroborated"": 3}",other,False,"{""strong"": 1}",resolved,182,182,0,174,1,0,0,0,,,False,1,run_PMT0182,homology,both_sources|single_source,uncorroborated,0,False,False,False,False
sys_PMT0187,PMT0187,PMT0187:psaE,single_gene,1,1,1,1,0,any_homology,3.0,3.0,0.6,"{""single_source"": 1}","{""corroborated"": 1}",other,False,"{""none"": 1}",resolved,1,1,1,1,0,0,0,0,,,False,1,run_PMT0184,homology,single_source,corroborated,1,False,False,False,False
sys_PMT0189,PMT0189,PMT0189:recQ,single_gene,1,1,1,1,0,any_homology,2.0,2.0,0.4,"{""single_source"": 1}","{""corroborated"": 1}",other,False,"{""tcdb_only"": 1}",resolved,3,3,3,1,0,0,0,0,,,False,1,run_PMT0188,homology,single_source,corroborated,1,False,False,False,False
sys_PMT0192,PMT0192,PMT0192:nplT,single_gene,1,1,1,1,0,any_homology,2.0,2.0,0.4,"{""single_source"": 1}","{""corroborated"": 1}",other,False,"{""none"": 1}",resolved,0,0,0,0,0,0,0,0,,,False,1,run_PMT0192,homology,single_source,corroborated,1,False,False,False,False
sys_PMT0193,PMT0193,PMT0193:agcS,single_gene,1,1,1,1,0,any_homology,3.0,3.0,0.8,"{""both_sources"": 1}","{""corroborated"": 1}",single_carrier,True,"{""strong"": 1}",resolved,4,4,4,0,0,0,0,0,,,False,1,run_PMT0190,homology,both_sources,corroborated,1,False,False,False,True
sys_PMT0203,PMT0203,PMT0203:engA,single_gene,1,1,1,0,0,any_homology,2.0,2.0,0.0,"{""single_source"": 1}","{""uncorroborated"": 1}",other,False,"{""none"": 1}",resolved,0,0,0,0,0,0,0,0,,,False,1,run_PMT0202,homology,single_source,uncorroborated,0,False,False,False,False
sys_PMT0204,PMT0204,PMT0204:cbiQ,single_gene,1,1,0,0,1,all_family_inferred,3.0,3.0,0.8,"{""both_sources"": 7}","{""corroborated"": 7}",other,False,"{""strong"": 1}",resolved,11,10,10,2,0,0,0,0,,,False,1,run_PMT0202,family_inferred,both_sources,corroborated,1,False,False,False,False
sys_PMT0209,PMT0209,PMT0209:dgdA,single_gene,1,1,1,1,0,any_homology,3.0,3.0,0.4,"{""single_source"": 1}","{""corroborated"": 1}",other,False,"{""tcdb_only"": 1}",resolved,0,0,0,0,0,0,0,0,,,False,1,run_PMT0209,homology,single_source,corroborated,1,False,False,False,False
sys_PMT0210,PMT0210,PMT0210:,single_gene,1,1,1,1,0,any_homology,2.0,2.0,0.4,"{""single_source"": 1}","{""corroborated"": 1}",single_carrier,True,"{""strong"": 1}",family_inferred,77,76,0,87,1,0,0,0,,,False,1,run_PMT0209,homology,single_source,corroborated,1,False,False,False,True
sys_PMT0215,PMT0215,PMT0215:fadD,single_gene,1,1,1,0,1,any_homology,3.0,3.0,0.8,"{""single_source"": 1, ""both_sources"": 1}","{""uncorroborated"": 1, ""corroborated"": 1}",other,False,"{""tcdb_only"": 1}",resolved,79,78,2,87,2,0,0,0,,,False,1,run_PMT0214,family_inferred|homology,both_sources|single_source,corroborated|uncorroborated,1,False,False,False,False
sys_PMT0217,PMT0217,PMT0217:,single_gene,1,1,0,0,1,all_family_inferred,3.0,3.0,0.8,"{""both_sources"": 6}","{""uncorroborated"": 5, ""corroborated"": 1}",other,False,"{""strong"": 1}",resolved,1,1,1,1,0,0,0,0,,,False,1,run_PMT0217,family_inferred,both_sources,corroborated|uncorroborated,1,False,False,False,False
sys_PMT0222,PMT0222,PMT0222:ydaO,single_gene,1,1,1,1,0,any_homology,2.0,2.0,0.2,"{""single_source"": 1}","{""uncorroborated"": 1}",permease,False,"{""strong"": 1}",family_inferred,17,17,0,6,3,0,0,0,,,False,1,run_PMT0220,homology,single_source,uncorroborated,0,False,True,False,False
sys_PMT0230,PMT0230,PMT0230:murE,single_gene,1,1,1,0,0,any_homology,2.0,2.0,0.0,"{""single_source"": 1}","{""uncorroborated"": 1}",other,False,"{""tcdb_only"": 1}",resolved,0,0,0,0,0,0,0,0,,,False,1,run_PMT0228,homology,single_source,uncorroborated,0,False,False,False,False
sys_PMT0232,PMT0232,PMT0232:hupE,single_gene,1,1,1,0,0,any_homology,2.0,2.0,0.0,"{""single_source"": 1}","{""uncorroborated"": 1}",single_carrier,True,"{""strong"": 1}",resolved,0,0,0,0,0,0,0,0,,,False,1,run_PMT0231,homology,single_source,uncorroborated,0,False,False,False,True
sys_PMT0249,PMT0249,PMT0249:desA2,single_gene,1,1,1,1,0,any_homology,3.0,3.0,0.2,"{""single_source"": 1}","{""uncorroborated"": 1}",other,False,"{""none"": 1}",resolved,1,1,1,1,0,0,0,0,,,False,1,run_PMT0249,homology,single_source,uncorroborated,0,False,False,False,False
sys_PMT0262,PMT0262,PMT0262:,single_gene,1,1,1,1,0,any_homology,2.0,2.0,0.2,"{""single_source"": 1}","{""corroborated"": 1}",other,False,"{""tcdb_only"": 1}",resolved,0,0,0,2,0,0,0,0,,,False,1,run_PMT0258,homology,single_source,corroborated,1,False,False,False,False
sys_PMT0265,PMT0265,PMT0265:,single_gene,1,1,1,1,0,any_homology,2.0,2.0,0.2,"{""single_source"": 5}","{""uncorroborated"": 5}",other,False,"{""tcdb_only"": 1}",resolved,29,29,29,15,0,0,0,0,,,False,1,run_PMT0265,homology,single_source,uncorroborated,0,False,False,False,False
sys_PMT0266,PMT0266|PMT1145|PMT1146|PMT2110,PMT0266:dppC|PMT1145:dppA|PMT1146:dppB|PMT2110:ddpD,multi_gene,4,4,2,2,2,any_homology,3.0,3.0,1.0,"{""both_sources"": 4}","{""corroborated"": 4}",atpase|permease|substrate_binding,True,"{""strong"": 4}",resolved,17,17,17,11,0,0,0,0,,cross_locus|tcdb_level3,True,3,run_PMT0265|run_PMT1141|run_PMT2110,family_inferred|homology,both_sources,corroborated,4,True,True,True,False
sys_PMT0271,PMT0271,PMT0271:pbp1,single_gene,1,1,1,0,0,any_homology,2.0,2.0,0.0,"{""single_source"": 1}","{""uncorroborated"": 1}",other,False,"{""none"": 1}",resolved,0,0,0,0,0,0,0,0,,,False,1,run_PMT0271,homology,single_source,uncorroborated,0,False,False,False,False
sys_PMT0272,PMT0272,PMT0272:chlG,single_gene,1,1,1,0,0,any_homology,2.0,2.0,0.0,"{""single_source"": 1}","{""uncorroborated"": 1}",other,False,"{""none"": 1}",resolved,0,0,0,0,0,0,0,0,,,False,1,run_PMT0271,homology,single_source,uncorroborated,0,False,False,False,False
sys_PMT0274,PMT0274,PMT0274:hisF,single_gene,1,0,0,0,0,no_tcdb,,,,{},{},other,False,"{""none"": 1}",,0,0,0,0,0,0,0,0,,,False,1,run_PMT0274,,,,0,False,False,False,False
sys_PMT0284,PMT0284,PMT0284:som,single_gene,1,1,1,0,0,any_homology,2.0,2.0,0.0,"{""single_source"": 1}","{""uncorroborated"": 1}",single_carrier,True,"{""strong"": 1}",resolved,0,0,0,3,0,0,0,0,,,False,1,run_PMT0283,homology,single_source,uncorroborated,0,False,False,False,True
sys_PMT0286,PMT0286,PMT0286:piuC,single_gene,1,0,0,0,0,no_tcdb,,,,{},{},other,False,"{""none"": 1}",,0,0,0,0,0,0,0,0,,,False,1,run_PMT0285,,,,0,False,False,False,False
sys_PMT0287,PMT0287|PMT0501|PMT1287,PMT0287:idiA2|PMT0501:futC|PMT1287:futB,multi_gene,3,3,1,1,2,any_homology,3.0,3.0,0.8,"{""both_sources"": 3}","{""corroborated"": 2, ""uncorroborated"": 1}",atpase|permease|substrate_binding,True,"{""strong"": 3}",resolved,2,2,2,1,0,0,0,0,,cross_locus,True,3,run_PMT0287|run_PMT0501|run_PMT1287,family_inferred|homology,both_sources,corroborated|uncorroborated,2,True,True,True,False
sys_PMT0294,PMT0294,PMT0294:,single_gene,1,1,1,1,0,any_homology,2.0,2.0,0.2,"{""single_source"": 1}","{""uncorroborated"": 1}",other,False,"{""tcdb_only"": 1}",resolved,1,1,1,3,0,0,0,0,,,False,1,run_PMT0294,homology,single_source,uncorroborated,0,False,False,False,False
sys_PMT0305,PMT0305,PMT0305:unk3,single_gene,1,1,1,1,0,any_homology,2.0,2.0,0.4,"{""single_source"": 1}","{""corroborated"": 1}",other,False,"{""none"": 1}",resolved,2,2,2,2,0,0,0,0,,,False,1,run_PMT0305,homology,single_source,corroborated,1,False,False,False,False
sys_PMT0311,PMT0311,PMT0311:wcaJ,single_gene,1,1,1,1,0,any_homology,3.0,3.0,0.2,"{""single_source"": 1}","{""uncorroborated"": 1}",other,False,"{""none"": 1}",resolved,0,0,0,0,0,0,0,0,,,False,1,run_PMT0310,homology,single_source,uncorroborated,0,False,False,False,False
sys_PMT0312,PMT0312,PMT0312:cobD,single_gene,1,1,1,1,0,any_homology,2.0,2.0,0.4,"{""single_source"": 1}","{""corroborated"": 1}",other,False,"{""none"": 1}",resolved,0,0,0,0,0,0,0,0,,,False,1,run_PMT_2350,homology,single_source,corroborated,1,False,False,False,False
sys_PMT0314,PMT0314,PMT0314:clpP3,single_gene,1,1,1,1,0,any_homology,3.0,3.0,0.2,"{""single_source"": 1}","{""uncorroborated"": 1}",other,False,"{""tcdb_only"": 1}",resolved,1,1,1,1,0,0,0,0,,,False,1,run_PMT_2350,homology,single_source,uncorroborated,0,False,False,False,False
sys_PMT0315,PMT0315,PMT0315:clpP4,single_gene,1,1,1,0,0,any_homology,2.0,2.0,0.0,"{""single_source"": 1}","{""uncorroborated"": 1}",other,False,"{""tcdb_only"": 1}",resolved,0,0,0,1,0,0,0,0,,,False,1,run_PMT_2350,homology,single_source,uncorroborated,0,False,False,False,False
sys_PMT0341,PMT0341,PMT0341:fkpA,single_gene,1,1,1,0,0,any_homology,2.0,2.0,0.0,"{""single_source"": 1}","{""uncorroborated"": 1}",other,False,"{""none"": 1}",resolved,0,0,0,0,0,0,0,0,,,False,1,run_PMT0339,homology,single_source,uncorroborated,0,False,False,False,False
sys_PMT0349,PMT0349,PMT0349:ffh,single_gene,1,1,1,1,1,any_homology,3.0,3.0,0.8,"{""both_sources"": 5, ""single_source"": 1}","{""corroborated"": 5, ""uncorroborated"": 1}",other,False,"{""tcdb_only"": 1}",resolved,3,3,3,3,0,0,0,0,,,False,1,run_PMT0343,family_inferred|homology,both_sources|single_source,corroborated|uncorroborated,1,False,False,False,False
sys_PMT0351,PMT0351,PMT0351:phoH,single_gene,1,1,1,1,0,any_homology,3.0,3.0,0.2,"{""single_source"": 1}","{""uncorroborated"": 1}",other,False,"{""tcdb_only"": 1}",resolved,0,0,0,0,0,0,0,0,,,False,1,run_PMT0343,homology,single_source,uncorroborated,0,False,False,False,False
sys_PMT0352,PMT0352,PMT0352:,single_gene,1,1,1,1,0,any_homology,3.0,3.0,0.4,"{""single_source"": 1}","{""corroborated"": 1}",other,False,"{""tcdb_only"": 1}",resolved,5,5,5,5,0,0,0,0,,,False,1,run_PMT0343,homology,single_source,corroborated,1,False,False,False,False
sys_PMT0353,PMT0353,PMT0353:,single_gene,1,1,1,1,0,any_homology,2.0,2.0,0.4,"{""single_source"": 1}","{""corroborated"": 1}",single_carrier,True,"{""strong"": 1}",resolved,11,11,11,7,0,0,0,0,,,False,1,run_PMT_2357,homology,single_source,corroborated,1,False,False,False,True
sys_PMT0355,PMT0355,PMT0355:era,single_gene,1,1,1,0,0,any_homology,2.0,2.0,0.0,"{""single_source"": 1}","{""uncorroborated"": 1}",other,False,"{""none"": 1}",resolved,0,0,0,0,0,0,0,0,,,False,1,run_PMT_2357,homology,single_source,uncorroborated,0,False,False,False,False
sys_PMT0365,PMT0365,PMT0365:,single_gene,1,1,1,0,0,any_homology,2.0,2.0,0.0,"{""single_source"": 1}","{""uncorroborated"": 1}",other,False,"{""tcdb_only"": 1}",resolved,0,0,0,2,0,0,0,0,,,False,1,run_PMT0365,homology,single_source,uncorroborated,0,False,False,False,False
sys_PMT0378,PMT0378,PMT0378:ftsH4,single_gene,1,1,1,1,0,any_homology,3.0,3.0,0.2,"{""single_source"": 2}","{""uncorroborated"": 2}",other,False,"{""tcdb_only"": 1}",resolved,1,1,1,2,0,0,0,0,,,False,1,run_PMT0378,homology,single_source,uncorroborated,0,False,False,False,False
sys_PMT0389,PMT0389,PMT0389:acs,single_gene,1,1,1,1,0,any_homology,2.0,2.0,0.2,"{""single_source"": 2}","{""uncorroborated"": 2}",other,False,"{""tcdb_only"": 1}",resolved,77,76,0,87,1,0,0,0,,,False,1,run_PMT0389,homology,single_source,uncorroborated,0,False,False,False,False
sys_PMT0392,PMT0392,PMT0392:sds,single_gene,1,1,1,0,0,any_homology,2.0,2.0,0.0,"{""single_source"": 1}","{""uncorroborated"": 1}",other,False,"{""none"": 1}",resolved,1,1,1,1,0,0,0,0,,,False,1,run_PMT0392,homology,single_source,uncorroborated,0,False,False,False,False
sys_PMT0401,PMT0401,PMT0401:murF,single_gene,1,1,1,0,0,any_homology,2.0,2.0,0.0,"{""single_source"": 1}","{""uncorroborated"": 1}",other,False,"{""tcdb_only"": 1}",resolved,0,0,0,0,0,0,0,0,,,False,1,run_PMT0401,homology,single_source,uncorroborated,0,False,False,False,False
sys_PMT0407,PMT0407,PMT0407:lepB,single_gene,1,1,1,0,0,any_homology,2.0,2.0,0.0,"{""single_source"": 1}","{""uncorroborated"": 1}",other,False,"{""none"": 1}",resolved,0,0,0,1,0,0,0,0,,,False,1,run_PMT0407,homology,single_source,uncorroborated,0,False,False,False,False
sys_PMT0412,PMT0412,PMT0412:bcsA,single_gene,1,0,0,0,0,no_tcdb,,,,{},{},other,False,"{""none"": 1}",,0,0,0,0,0,0,0,0,,,False,1,run_PMT0412,,,,0,False,False,False,False
sys_PMT0413,PMT0413,PMT0413:,single_gene,1,1,1,0,0,any_homology,2.0,2.0,0.0,"{""single_source"": 1}","{""uncorroborated"": 1}",other,False,"{""tcdb_only"": 1}",resolved,1,1,1,1,0,0,0,0,,,False,1,run_PMT0412,homology,single_source,uncorroborated,0,False,False,False,False
sys_PMT0416,PMT0416|PMT0417|PMT0418,PMT0416:mntB|PMT0417:mntA|PMT0418:mntC,multi_gene,3,3,0,0,3,all_family_inferred,4.0,4.0,0.8,"{""both_sources"": 3}","{""corroborated"": 3}",atpase|permease|substrate_binding,True,"{""strong"": 3}",resolved,0,0,0,0,0,0,0,0,,tcdb_level3,False,1,run_PMT0416,family_inferred,both_sources,corroborated,3,True,True,True,False
sys_PMT0419,PMT0419,PMT0419:psbA,single_gene,1,1,1,0,0,any_homology,2.0,2.0,0.0,"{""single_source"": 1}","{""uncorroborated"": 1}",other,False,"{""tcdb_only"": 1}",resolved,0,0,0,0,0,0,0,0,,,False,1,run_PMT0416,homology,single_source,uncorroborated,0,False,False,False,False
sys_PMT0427,PMT0427,PMT0427:ndhD2,single_gene,1,1,1,1,0,any_homology,2.0,2.0,0.4,"{""single_source"": 4}","{""uncorroborated"": 3, ""corroborated"": 1}",other,False,"{""tcdb_only"": 1}",resolved,0,0,0,0,0,0,0,0,,,False,1,run_PMT0425,homology,single_source,corroborated|uncorroborated,1,False,False,False,False
sys_PMT0430,PMT0430,PMT0430:,single_gene,1,1,1,0,1,any_homology,3.0,3.0,0.2,"{""single_source"": 2}","{""uncorroborated"": 2}",other,False,"{""strong"": 1}",resolved,2,2,2,2,0,0,0,0,,,False,1,run_PMT0430,family_inferred|homology,single_source,uncorroborated,0,False,False,False,False
sys_PMT0438,PMT0438,PMT0438:,single_gene,1,0,0,0,0,no_tcdb,,,,{},{},other,False,"{""none"": 1}",,0,0,0,0,0,0,0,0,,,False,1,run_PMT0431,,,,0,False,False,False,False
sys_PMT0447,PMT0447,PMT0447:petE,single_gene,1,1,1,1,0,any_homology,3.0,3.0,0.4,"{""single_source"": 1}","{""uncorroborated"": 1}",other,False,"{""tcdb_only"": 1}",resolved,1,1,1,1,0,0,0,0,,,False,1,run_PMT0439,homology,single_source,uncorroborated,0,False,False,False,False
sys_PMT0449,PMT0449,PMT0449:clpB1,single_gene,1,1,1,1,0,any_homology,3.0,3.0,0.4,"{""single_source"": 3}","{""uncorroborated"": 2, ""corroborated"": 1}",other,False,"{""tcdb_only"": 1}",resolved,1,1,1,2,0,0,0,0,,,False,1,run_PMT0449,homology,single_source,corroborated|uncorroborated,1,False,False,False,False
sys_PMT0460,PMT0460,PMT0460:,single_gene,1,1,1,0,0,any_homology,2.0,2.0,0.0,"{""single_source"": 1}","{""uncorroborated"": 1}",other,False,"{""none"": 1}",resolved,0,0,0,0,0,0,0,0,,,False,1,run_PMT0456,homology,single_source,uncorroborated,0,False,False,False,False
sys_PMT0462,PMT0462,PMT0462:petJ3,single_gene,1,1,1,1,0,any_homology,2.0,2.0,0.2,"{""single_source"": 1}","{""uncorroborated"": 1}",other,False,"{""tcdb_only"": 1}",resolved,0,0,0,1,0,0,0,0,,,False,1,run_PMT0462,homology,single_source,uncorroborated,0,False,False,False,False
sys_PMT0469,PMT0469,PMT0469:yrbG,single_gene,1,1,0,0,1,all_family_inferred,3.0,3.0,0.8,"{""both_sources"": 1}","{""corroborated"": 1}",single_carrier,True,"{""strong"": 1}",resolved,0,0,0,0,0,0,0,0,,,False,1,run_PMT0469,family_inferred,both_sources,corroborated,1,False,False,False,True
sys_PMT0471,PMT0471,PMT0471:gst,single_gene,1,1,0,0,1,all_family_inferred,4.0,4.0,0.4,"{""both_sources"": 2}","{""uncorroborated"": 2}",other,False,"{""strong"": 1}",resolved,1,1,1,0,1,0,1,0,,,False,1,run_PMT0471,family_inferred,both_sources,uncorroborated,0,False,False,False,False
sys_PMT0474,PMT0474,PMT0474:gadA,single_gene,1,1,1,0,0,any_homology,2.0,2.0,0.0,"{""single_source"": 1}","{""uncorroborated"": 1}",other,False,"{""none"": 1}",resolved,0,0,0,0,0,0,0,0,,,False,1,run_PMT0473,homology,single_source,uncorroborated,0,False,False,False,False
sys_PMT0480,PMT0480,PMT0480:,single_gene,1,1,1,0,0,any_homology,2.0,2.0,0.0,"{""single_source"": 1}","{""uncorroborated"": 1}",other,False,"{""tcdb_only"": 1}",resolved,0,0,0,1,0,0,0,0,,,False,1,run_PMT_2376,homology,single_source,uncorroborated,0,False,False,False,False
sys_PMT0495,PMT0495,PMT0495:ftn,single_gene,1,1,1,0,0,any_homology,2.0,2.0,0.0,"{""single_source"": 1}","{""uncorroborated"": 1}",other,False,"{""strong"": 1}",resolved,0,0,0,0,0,0,0,0,,,False,1,run_PMT0495,homology,single_source,uncorroborated,0,False,False,False,False
sys_PMT0496,PMT0496,PMT0496:pcb,single_gene,1,1,1,0,0,any_homology,2.0,2.0,0.0,"{""single_source"": 1}","{""uncorroborated"": 1}",other,False,"{""tcdb_only"": 1}",resolved,0,0,0,0,0,0,0,0,,,False,1,run_PMT0496,homology,single_source,uncorroborated,0,False,False,False,False
sys_PMT0499,PMT0499,PMT0499:ftn,single_gene,1,1,1,0,0,any_homology,2.0,2.0,0.0,"{""single_source"": 1}","{""uncorroborated"": 1}",other,False,"{""strong"": 1}",resolved,0,0,0,0,0,0,0,0,,,False,1,run_PMT0499,homology,single_source,uncorroborated,0,False,False,False,False
sys_PMT0505,PMT0505,PMT0505:,single_gene,1,1,1,1,0,any_homology,3.0,3.0,0.2,"{""single_source"": 1}","{""uncorroborated"": 1}",other,False,"{""none"": 1}",resolved,0,0,0,0,0,0,0,0,,,False,1,run_PMT0505,homology,single_source,uncorroborated,0,False,False,False,False
sys_PMT0506,PMT0506,PMT0506:ycf39,single_gene,1,1,1,0,0,any_homology,2.0,2.0,0.0,"{""single_source"": 1}","{""uncorroborated"": 1}",other,False,"{""tcdb_only"": 1}",resolved,0,0,0,2,0,0,0,0,,,False,1,run_PMT0506,homology,single_source,uncorroborated,0,False,False,False,False
sys_PMT0508,PMT0508|PMT0700|PMT0701|PMT0702|PMT0993,PMT0508:pstS|PMT0700:pstB|PMT0701:pstA|PMT0702:pstC|PMT0993:pstS,multi_gene,5,5,2,2,3,any_homology,3.0,3.0,0.8,"{""both_sources"": 5}","{""corroborated"": 3, ""uncorroborated"": 2}",atpase|permease|substrate_binding,True,"{""strong"": 5}",resolved,0,0,0,0,0,0,0,0,,cross_locus|tcdb_level3,True,3,run_PMT0508|run_PMT0700|run_PMT0993,family_inferred|homology,both_sources,corroborated|uncorroborated,3,True,True,True,False
sys_PMT0509,PMT0509,PMT0509:petJ2,single_gene,1,1,1,1,0,any_homology,3.0,3.0,0.4,"{""single_source"": 2}","{""uncorroborated"": 2}",other,False,"{""tcdb_only"": 1}",resolved,1,1,1,1,0,0,0,0,,,False,1,run_PMT0509,homology,single_source,uncorroborated,0,False,False,False,False
sys_PMT0515,PMT0515,PMT0515:,single_gene,1,1,1,1,1,any_homology,3.0,3.0,0.4,"{""single_source"": 3}","{""corroborated"": 3}",mixed,True,"{""strong"": 1}",resolved,16,16,16,7,0,0,0,0,,,False,1,run_PMT0515,family_inferred|homology,single_source,corroborated,1,False,False,False,False
sys_PMT0517,PMT0517,PMT0517:,single_gene,1,1,1,1,0,any_homology,2.0,2.0,0.2,"{""single_source"": 1}","{""corroborated"": 1}",other,False,"{""tcdb_only"": 1}",resolved,2,2,2,3,0,0,0,0,,,False,1,run_PMT0517,homology,single_source,corroborated,1,False,False,False,False
sys_PMT0518,PMT0518,PMT0518:pgsA,single_gene,1,1,1,0,0,any_homology,2.0,2.0,0.0,"{""single_source"": 1}","{""uncorroborated"": 1}",other,False,"{""none"": 1}",resolved,0,0,0,0,0,0,0,0,,,False,1,run_PMT0516,homology,single_source,uncorroborated,0,False,False,False,False
sys_PMT0533,PMT0533,PMT0533:pilD,single_gene,1,1,1,1,1,any_homology,3.0,3.0,0.8,"{""single_source"": 4, ""both_sources"": 1}","{""uncorroborated"": 4, ""corroborated"": 1}",other,False,"{""tcdb_only"": 1}",resolved,4,4,4,6,0,0,0,0,,,False,1,run_PMT0533,family_inferred|homology,both_sources|single_source,corroborated|uncorroborated,1,False,False,False,False
sys_PMT0534,PMT0534,PMT0534:accD,single_gene,1,1,1,0,0,any_homology,2.0,2.0,0.0,"{""single_source"": 1}","{""uncorroborated"": 1}",other,False,"{""tcdb_only"": 1}",resolved,0,0,0,0,0,0,0,0,,,False,1,run_PMT0533,homology,single_source,uncorroborated,0,False,False,False,False
sys_PMT0542,PMT0542,PMT0542:,single_gene,1,1,1,1,0,any_homology,2.0,2.0,0.4,"{""single_source"": 2}","{""corroborated"": 2}",single_carrier,True,"{""strong"": 1}",resolved,4,4,4,3,0,0,0,0,,,False,1,run_PMT0542,homology,single_source,corroborated,1,False,False,False,True
sys_PMT0543,PMT0543,PMT0543:,single_gene,1,1,1,0,0,any_homology,2.0,2.0,0.0,"{""single_source"": 1}","{""uncorroborated"": 1}",other,False,"{""none"": 1}",resolved,0,0,0,2,0,0,0,0,,,False,1,run_PMT0543,homology,single_source,uncorroborated,0,False,False,False,False
sys_PMT0553,PMT0553|PMT0554|PMT0555,PMT0553:proV|PMT0554:proW|PMT0555:proX,multi_gene,3,3,0,0,3,all_family_inferred,3.0,3.0,0.8,"{""both_sources"": 3}","{""corroborated"": 3}",atpase|mixed|substrate_binding,True,"{""strong"": 3}",resolved,14,14,14,1,2,0,2,0,,tcdb_level3,False,1,run_PMT0553,family_inferred,both_sources,corroborated,3,True,False,True,False
sys_PMT0556,PMT0556,PMT0556:cobW,single_gene,1,1,1,0,0,any_homology,2.0,2.0,0.0,"{""single_source"": 1}","{""uncorroborated"": 1}",other,False,"{""none"": 1}",resolved,0,0,0,0,0,0,0,0,,,False,1,run_PMT0556,homology,single_source,uncorroborated,0,False,False,False,False
sys_PMT0570,PMT0570,PMT0570:ccsA,single_gene,1,1,1,1,0,any_homology,3.0,3.0,0.6,"{""single_source"": 1}","{""corroborated"": 1}",other,False,"{""none"": 1}",resolved,1,1,1,0,0,0,0,0,,,False,1,run_PMT0570,homology,single_source,corroborated,1,False,False,False,False
sys_PMT0571,PMT0571|PMT0572|PMT0573,PMT0571:lptG|PMT0572:lptB|PMT0573:lptA,multi_gene,3,3,2,2,2,any_homology,3.0,3.0,0.8,"{""single_source"": 3, ""both_sources"": 2}","{""uncorroborated"": 3, ""corroborated"": 2}",atpase|other|permease,False,"{""strong"": 3}",resolved,176,176,0,159,1,1,0,0,,tcdb_level3,False,1,run_PMT0570,family_inferred|homology,both_sources|single_source,corroborated|uncorroborated,2,False,True,True,False
sys_PMT0581,PMT0581,PMT0581:recG,single_gene,1,1,1,1,0,any_homology,3.0,3.0,0.6,"{""single_source"": 1}","{""corroborated"": 1}",other,False,"{""tcdb_only"": 1}",resolved,1,1,1,1,0,0,0,0,,,False,1,run_PMT0581,homology,single_source,corroborated,1,False,False,False,False
sys_PMT0583,PMT0583,PMT0583:tsf,single_gene,1,1,1,0,0,any_homology,2.0,2.0,0.0,"{""single_source"": 1}","{""uncorroborated"": 1}",other,False,"{""tcdb_only"": 1}",family_inferred,53,53,0,15,1,0,0,0,,,False,1,run_PMT0581,homology,single_source,uncorroborated,0,False,False,False,False
sys_PMT0585,PMT0585,PMT0585:wcaA,single_gene,1,1,1,0,0,any_homology,2.0,2.0,0.0,"{""single_source"": 1}","{""uncorroborated"": 1}",other,False,"{""none"": 1}",resolved,0,0,0,2,0,0,0,0,,,False,1,run_PMT0581,homology,single_source,uncorroborated,0,False,False,False,False
sys_PMT0587,PMT0587|PMT0588|PMT0589,PMT0587:devA|PMT0588:devC|PMT0589:devB,multi_gene,3,3,3,3,0,any_homology,3.0,2.0,0.8,"{""single_source"": 3, ""both_sources"": 2}","{""uncorroborated"": 3, ""corroborated"": 2}",atpase|other|permease,False,"{""strong"": 3}",family_inferred|resolved,184,184,2,173,0,0,0,0,,adjacent_abc|role,False,1,run_PMT0581,homology,both_sources|single_source,corroborated|uncorroborated,2,False,True,True,False
sys_PMT0590,PMT0590,PMT0590:pcyA,single_gene,1,1,1,0,0,any_homology,2.0,2.0,0.0,"{""single_source"": 1}","{""uncorroborated"": 1}",other,False,"{""tcdb_only"": 1}",resolved,0,0,0,2,0,0,0,0,,,False,1,run_PMT0581,homology,single_source,uncorroborated,0,False,False,False,False
sys_PMT0594,PMT0594,PMT0594:bioY,single_gene,1,1,1,1,1,any_homology,3.0,3.0,0.8,"{""both_sources"": 2, ""single_source"": 1}","{""corroborated"": 2, ""uncorroborated"": 1}",other,False,"{""strong"": 1}",resolved,178,178,2,159,2,0,0,0,,,False,1,run_PMT0591,family_inferred|homology,both_sources|single_source,corroborated|uncorroborated,1,False,False,False,False
sys_PMT0595,PMT0595,PMT0595:ispA,single_gene,1,1,1,0,0,any_homology,2.0,2.0,0.0,"{""single_source"": 1}","{""uncorroborated"": 1}",other,False,"{""none"": 1}",resolved,0,0,0,0,0,0,0,0,,,False,1,run_PMT0591,homology,single_source,uncorroborated,0,False,False,False,False
sys_PMT0598,PMT0598,PMT0598:gadB,single_gene,1,1,1,0,0,any_homology,2.0,2.0,0.0,"{""single_source"": 1}","{""uncorroborated"": 1}",other,False,"{""none"": 1}",resolved,0,0,0,0,0,0,0,0,,,False,1,run_PMT0598,homology,single_source,uncorroborated,0,False,False,False,False
sys_PMT0602,PMT0602,PMT0602:,single_gene,1,1,1,1,0,any_homology,2.0,2.0,0.2,"{""single_source"": 1}","{""corroborated"": 1}",single_carrier,True,"{""strong"": 1}",resolved,0,0,0,0,0,0,0,0,,,False,1,run_PMT0602,homology,single_source,corroborated,1,False,False,False,True
sys_PMT0603,PMT0603,PMT0603:perM,single_gene,1,1,1,1,0,any_homology,2.0,2.0,0.2,"{""single_source"": 1}","{""corroborated"": 1}",single_carrier,True,"{""strong"": 1}",resolved,0,0,0,0,0,0,0,0,,,False,1,run_PMT0602,homology,single_source,corroborated,1,False,False,False,True
sys_PMT0616,PMT0616|PMT0617,PMT0616:secF|PMT0617:secD,multi_gene,2,2,0,0,2,all_family_inferred,3.0,3.0,0.8,"{""both_sources"": 6}","{""corroborated"": 4, ""uncorroborated"": 2}",other,False,"{""tcdb_only"": 2}",resolved,3,3,3,3,0,0,0,0,,tcdb_level3,False,1,run_PMT0615,family_inferred,both_sources,corroborated|uncorroborated,2,False,False,False,False
sys_PMT0625,PMT0625,PMT0625:,single_gene,1,1,1,1,0,any_homology,2.0,2.0,0.4,"{""single_source"": 1}","{""corroborated"": 1}",single_carrier,True,"{""strong"": 1}",family_inferred,53,53,0,15,3,0,0,0,,,False,1,run_PMT0625,homology,single_source,corroborated,1,False,False,False,True
sys_PMT0629,PMT0629,PMT0629:,single_gene,1,1,1,0,0,any_homology,2.0,2.0,0.0,"{""single_source"": 1}","{""uncorroborated"": 1}",other,False,"{""none"": 1}",resolved,1,1,1,1,0,0,0,0,,,False,1,run_PMT0629,homology,single_source,uncorroborated,0,False,False,False,False
sys_PMT0633,PMT0633,PMT0633:,single_gene,1,1,1,1,0,any_homology,3.0,3.0,0.2,"{""single_source"": 1}","{""uncorroborated"": 1}",other,False,"{""none"": 1}",resolved,0,0,0,0,0,0,0,0,,,False,1,run_PMT0633,homology,single_source,uncorroborated,0,False,False,False,False
sys_PMT0642,PMT0642,PMT0642:,single_gene,1,1,1,0,0,any_homology,2.0,2.0,0.0,"{""single_source"": 1}","{""uncorroborated"": 1}",other,False,"{""tcdb_only"": 1}",resolved,0,0,0,1,0,0,0,0,,,False,1,run_PMT0641,homology,single_source,uncorroborated,0,False,False,False,False
sys_PMT0643,PMT0643,PMT0643:,single_gene,1,1,1,1,0,any_homology,2.0,2.0,0.4,"{""single_source"": 1}","{""corroborated"": 1}",single_carrier,True,"{""strong"": 1}",family_inferred,53,53,0,15,1,0,0,0,,,False,1,run_PMT0643,homology,single_source,corroborated,1,False,False,False,True
sys_PMT0644,PMT0644,PMT0644:ruvA,single_gene,1,1,1,1,0,any_homology,2.0,2.0,0.2,"{""single_source"": 1}","{""uncorroborated"": 1}",other,False,"{""tcdb_only"": 1}",resolved,0,0,0,1,0,0,0,0,,,False,1,run_PMT0644,homology,single_source,uncorroborated,0,False,False,False,False
sys_PMT0655,PMT0655,PMT0655:,single_gene,1,1,0,0,1,all_family_inferred,4.0,4.0,0.8,"{""both_sources"": 2}","{""uncorroborated"": 1, ""corroborated"": 1}",mixed,True,"{""strong"": 1}",resolved,5,5,5,0,0,0,0,0,,,False,1,run_PMT0655,family_inferred,both_sources,corroborated|uncorroborated,1,False,False,False,False
sys_PMT0658,PMT0658,PMT0658:modF,single_gene,1,1,0,0,1,all_family_inferred,3.0,3.0,0.8,"{""both_sources"": 1}","{""corroborated"": 1}",atpase,False,"{""strong"": 1}",resolved,14,14,14,3,0,0,0,0,,,False,1,run_PMT0658,family_inferred,both_sources,corroborated,1,False,False,True,False
sys_PMT0664,PMT0664,PMT0664:,single_gene,1,1,1,0,0,any_homology,2.0,2.0,0.0,"{""single_source"": 1}","{""uncorroborated"": 1}",other,False,"{""tcdb_only"": 1}",resolved,1,1,1,3,0,0,0,0,,,False,1,run_PMT0664,homology,single_source,uncorroborated,0,False,False,False,False
sys_PMT0676,PMT0676,PMT0676:clpP1,single_gene,1,1,1,1,0,any_homology,3.0,3.0,0.2,"{""single_source"": 1}","{""uncorroborated"": 1}",other,False,"{""tcdb_only"": 1}",resolved,1,1,1,1,0,0,0,0,,,False,1,run_PMT_0673,homology,single_source,uncorroborated,0,False,False,False,False
sys_PMT0677,PMT0677,PMT0677:ftsH2,single_gene,1,1,1,1,0,any_homology,3.0,3.0,0.2,"{""single_source"": 2}","{""uncorroborated"": 2}",other,False,"{""tcdb_only"": 1}",resolved,1,1,1,2,0,0,0,0,,,False,1,run_PMT0677,homology,single_source,uncorroborated,0,False,False,False,False
sys_PMT0678,PMT0678,PMT0678:salY,single_gene,1,1,1,1,0,any_homology,2.0,2.0,0.8,"{""both_sources"": 1}","{""corroborated"": 1}",permease,False,"{""strong"": 1}",family_inferred,176,176,0,159,1,0,0,0,,,False,1,run_PMT0678,homology,both_sources,corroborated,1,False,True,False,False
sys_PMT0682,PMT0682,PMT0682:ylmG1,single_gene,1,1,1,1,0,any_homology,3.0,3.0,0.6,"{""single_source"": 1}","{""corroborated"": 1}",other,False,"{""none"": 1}",resolved,0,0,0,0,0,0,0,0,,,False,1,run_PMT0682,homology,single_source,corroborated,1,False,False,False,False
sys_PMT0691,PMT0691|PMT0692|PMT0693|PMT0694,PMT0691:ggtA|PMT0692:ggtD|PMT0693:ggtC|PMT0694:ggtB,multi_gene,4,4,1,1,3,any_homology,3.0,3.0,1.0,"{""both_sources"": 4}","{""corroborated"": 4}",atpase|permease|substrate_binding,True,"{""strong"": 4}",family_inferred,19,19,0,19,0,0,0,0,,tcdb_level3,False,1,run_PMT0687,family_inferred|homology,both_sources,corroborated,4,True,True,True,False
sys_PMT0696,PMT0696,PMT0696:htpG,single_gene,1,1,1,0,0,any_homology,2.0,2.0,0.0,"{""single_source"": 1}","{""uncorroborated"": 1}",other,False,"{""none"": 1}",resolved,0,0,0,1,0,0,0,0,,,False,1,run_PMT0687,homology,single_source,uncorroborated,0,False,False,False,False
sys_PMT0703,PMT0703,PMT0703:dnaK2,single_gene,1,1,1,1,1,any_homology,3.0,3.0,0.8,"{""single_source"": 4, ""both_sources"": 1}","{""uncorroborated"": 4, ""corroborated"": 1}",other,False,"{""tcdb_only"": 1}",resolved,3,3,3,3,0,0,0,0,,,False,1,run_PMT0703,family_inferred|homology,both_sources|single_source,corroborated|uncorroborated,1,False,False,False,False
sys_PMT0704,PMT0704,PMT0704:dnaJ3,single_gene,1,1,1,0,0,any_homology,2.0,2.0,0.0,"{""single_source"": 1}","{""uncorroborated"": 1}",other,False,"{""none"": 1}",resolved,0,0,0,1,0,0,0,0,,,False,1,run_PMT0703,homology,single_source,uncorroborated,0,False,False,False,False
sys_PMT0707,PMT0707,PMT0707:ppiB,single_gene,1,1,1,1,0,any_homology,3.0,3.0,0.4,"{""single_source"": 2}","{""uncorroborated"": 1, ""corroborated"": 1}",other,False,"{""tcdb_only"": 1}",resolved,0,0,0,1,0,0,0,0,,,False,1,run_PMT0707,homology,single_source,corroborated|uncorroborated,1,False,False,False,False
sys_PMT0742,PMT0742,PMT0742:,single_gene,1,0,0,0,0,no_tcdb,,,,{},{},other,False,"{""none"": 1}",,0,0,0,0,0,0,0,0,,,False,1,run_PMT0742,,,,0,False,False,False,False
sys_PMT0748,PMT0748,PMT0748:pcxA,single_gene,1,1,1,1,0,any_homology,3.0,3.0,0.6,"{""single_source"": 1}","{""corroborated"": 1}",other,False,"{""none"": 1}",resolved,0,0,0,0,0,0,0,0,,,False,1,run_PMT0743,homology,single_source,corroborated,1,False,False,False,False
sys_PMT0754,PMT0754,PMT0754:ahpC,single_gene,1,1,1,1,0,any_homology,3.0,3.0,0.2,"{""single_source"": 1}","{""uncorroborated"": 1}",other,False,"{""none"": 1}",resolved,2,2,2,1,0,0,0,0,,,False,1,run_PMT0754,homology,single_source,uncorroborated,0,False,False,False,False
sys_PMT0755,PMT0755,PMT0755:,single_gene,1,1,1,0,0,any_homology,2.0,2.0,0.0,"{""single_source"": 1}","{""uncorroborated"": 1}",other,False,"{""none"": 1}",resolved,0,0,0,0,0,0,0,0,,,False,1,run_PMT_0753,homology,single_source,uncorroborated,0,False,False,False,False
sys_PMT0756,PMT0756,PMT0756:ftsH3,single_gene,1,1,1,1,0,any_homology,3.0,3.0,0.2,"{""single_source"": 2}","{""uncorroborated"": 2}",other,False,"{""tcdb_only"": 1}",resolved,1,1,1,2,0,0,0,0,,,False,1,run_PMT_0753,homology,single_source,uncorroborated,0,False,False,False,False
sys_PMT0762,PMT0762,PMT0762:clc2,single_gene,1,1,1,1,0,any_homology,2.0,2.0,0.4,"{""single_source"": 1}","{""corroborated"": 1}",single_carrier,True,"{""strong"": 1}",resolved,2,2,2,3,0,0,0,0,,,False,1,run_PMT0761,homology,single_source,corroborated,1,False,False,False,True
sys_PMT0764,PMT0764,PMT0764:,single_gene,1,1,1,1,0,any_homology,2.0,2.0,0.2,"{""single_source"": 1}","{""corroborated"": 1}",single_carrier,True,"{""strong"": 1}",resolved,1,1,1,1,0,0,0,0,,,False,1,run_PMT0761,homology,single_source,corroborated,1,False,False,False,True
sys_PMT0765,PMT0765,PMT0765:,single_gene,1,1,1,1,0,any_homology,2.0,2.0,0.2,"{""single_source"": 1}","{""corroborated"": 1}",single_carrier,True,"{""strong"": 1}",resolved,1,1,1,1,0,0,0,0,,,False,1,run_PMT0761,homology,single_source,corroborated,1,False,False,False,True
sys_PMT0775,PMT0775,PMT0775:mfd,single_gene,1,1,1,1,0,any_homology,2.0,2.0,0.4,"{""single_source"": 1}","{""corroborated"": 1}",other,False,"{""tcdb_only"": 1}",resolved,0,0,0,1,0,0,0,0,,,False,1,run_PMT0774,homology,single_source,corroborated,1,False,False,False,False
sys_PMT0776,PMT0776,PMT0776:ctpA,single_gene,1,1,1,0,0,any_homology,2.0,2.0,0.0,"{""single_source"": 1}","{""uncorroborated"": 1}",other,False,"{""none"": 1}",resolved,0,0,0,1,0,0,0,0,,,False,1,run_PMT0776,homology,single_source,uncorroborated,0,False,False,False,False
sys_PMT0780,PMT0780|PMT0781|PMT0782,PMT0780:phnD|PMT0781:phnC|PMT0782:phnE,multi_gene,3,3,0,0,3,all_family_inferred,3.0,3.0,0.8,"{""both_sources"": 3}","{""corroborated"": 2, ""uncorroborated"": 1}",atpase|permease|substrate_binding,True,"{""strong"": 3}",resolved,0,0,0,0,0,0,0,0,,tcdb_level3,False,1,run_PMT0779,family_inferred,both_sources,corroborated|uncorroborated,2,True,True,True,False
sys_PMT0788,PMT0788,PMT0788:,single_gene,1,1,0,0,1,all_family_inferred,3.0,3.0,0.8,"{""both_sources"": 7}","{""corroborated"": 7}",atpase,False,"{""strong"": 1}",resolved,11,10,10,2,0,0,0,0,,,False,1,run_PMT0788,family_inferred,both_sources,corroborated,1,False,False,True,False
sys_PMT0797,PMT0797,PMT0797:desA3,single_gene,1,1,1,0,0,any_homology,2.0,2.0,0.0,"{""single_source"": 1}","{""uncorroborated"": 1}",other,False,"{""none"": 1}",resolved,0,0,0,1,0,0,0,0,,,False,1,run_PMT0797,homology,single_source,uncorroborated,0,False,False,False,False
sys_PMT0802,PMT0802,PMT0802:som,single_gene,1,1,1,0,0,any_homology,2.0,2.0,0.0,"{""single_source"": 1}","{""uncorroborated"": 1}",single_carrier,True,"{""strong"": 1}",resolved,0,0,0,3,0,0,0,0,,,False,1,run_PMT0802,homology,single_source,uncorroborated,0,False,False,False,True
sys_PMT0804,PMT0804,PMT0804:,single_gene,1,1,1,1,0,any_homology,2.0,2.0,0.2,"{""single_source"": 2}","{""uncorroborated"": 2}",other,False,"{""tcdb_only"": 1}",resolved,22,22,22,8,1,0,0,0,,,False,1,run_PMT0803,homology,single_source,uncorroborated,0,False,False,False,False
sys_PMT0805,PMT0805,PMT0805:,single_gene,1,1,1,0,0,any_homology,2.0,2.0,0.0,"{""single_source"": 2}","{""uncorroborated"": 2}",other,False,"{""tcdb_only"": 1}",resolved,8,8,8,8,0,0,0,0,,,False,1,run_PMT0803,homology,single_source,uncorroborated,0,False,False,False,False
sys_PMT0818,PMT0818,PMT0818:,single_gene,1,1,1,0,0,any_homology,2.0,2.0,0.0,"{""single_source"": 1}","{""uncorroborated"": 1}",other,False,"{""tcdb_only"": 1}",resolved,0,0,0,1,0,0,0,0,,,False,1,run_PMT0813,homology,single_source,uncorroborated,0,False,False,False,False
sys_PMT0819,PMT0819,PMT0819:mdlB,single_gene,1,1,0,0,1,all_family_inferred,3.0,3.0,0.8,"{""both_sources"": 3}","{""corroborated"": 2, ""uncorroborated"": 1}",mixed,True,"{""strong"": 1}",resolved,23,23,23,10,0,0,0,0,,,False,1,run_PMT0819,family_inferred,both_sources,corroborated|uncorroborated,1,False,False,False,False
sys_PMT0835,PMT0835,PMT0835:,single_gene,1,1,1,1,0,any_homology,2.0,2.0,0.2,"{""single_source"": 1}","{""corroborated"": 1}",other,False,"{""tcdb_only"": 1}",resolved,1,1,1,1,0,0,0,0,,,False,1,run_PMT0835,homology,single_source,corroborated,1,False,False,False,False
sys_PMT0848,PMT0848,PMT0848:ndhF5,single_gene,1,1,1,1,0,any_homology,2.0,2.0,0.4,"{""single_source"": 4}","{""uncorroborated"": 3, ""corroborated"": 1}",other,False,"{""tcdb_only"": 1}",resolved,0,0,0,0,0,0,0,0,,,False,1,run_PMT0848,homology,single_source,corroborated|uncorroborated,1,False,False,False,False
sys_PMT0853,PMT0853,PMT0853:,single_gene,1,1,1,0,0,any_homology,2.0,2.0,0.0,"{""single_source"": 1}","{""uncorroborated"": 1}",other,False,"{""none"": 1}",resolved,0,0,0,0,0,0,0,0,,,False,1,run_PMT0853,homology,single_source,uncorroborated,0,False,False,False,False
sys_PMT0854,PMT0854,PMT0854:mscS,single_gene,1,1,0,0,1,all_family_inferred,3.0,3.0,0.8,"{""both_sources"": 1}","{""corroborated"": 1}",single_carrier,True,"{""strong"": 1}",resolved,6,6,6,5,0,0,0,0,,,False,1,run_PMT0854,family_inferred,both_sources,corroborated,1,False,False,False,True
sys_PMT0856,PMT0856,PMT0856:mscL,single_gene,1,1,1,1,0,any_homology,3.0,3.0,1.0,"{""both_sources"": 1}","{""corroborated"": 1}",single_carrier,True,"{""strong"": 1}",resolved,3,3,3,3,0,0,0,0,,,False,1,run_PMT0855,homology,both_sources,corroborated,1,False,False,False,True
sys_PMT0872,PMT0872,PMT0872:,single_gene,1,1,1,0,0,any_homology,2.0,2.0,0.0,"{""single_source"": 1}","{""uncorroborated"": 1}",other,False,"{""none"": 1}",resolved,0,0,0,0,0,0,0,0,,,False,1,run_PMT0871,homology,single_source,uncorroborated,0,False,False,False,False
sys_PMT0880,PMT0880,PMT0880:,single_gene,1,1,1,0,0,any_homology,2.0,2.0,0.0,"{""single_source"": 1}","{""uncorroborated"": 1}",other,False,"{""tcdb_only"": 1}",resolved,1,1,1,3,0,0,0,0,,,False,1,run_PMT_0879,homology,single_source,uncorroborated,0,False,False,False,False
sys_PMT0888,PMT0888,PMT0888:,single_gene,1,1,1,1,1,any_homology,3.0,3.0,0.4,"{""single_source"": 3}","{""uncorroborated"": 3}",other,False,"{""strong"": 1}",resolved,16,16,16,5,0,0,0,0,,,False,1,run_PMT0888,family_inferred|homology,single_source,uncorroborated,0,False,False,False,False
sys_PMT0893,PMT0893|PMT0894|PMT0896|PMT0897|PMT1517,PMT0893:|PMT0894:natH|PMT0896:natG|PMT0897:natF|PMT1517:grrP,multi_gene,5,5,1,0,5,any_homology,4.0,3.0,0.8,"{""both_sources"": 13, ""single_source"": 2}","{""corroborated"": 12, ""uncorroborated"": 3}",atpase|permease|substrate_binding,True,"{""strong"": 5}",resolved,15,15,15,0,1,0,1,0,,cross_locus|tcdb_level3,True,3,run_PMT0893|run_PMT0895|run_PMT1515,family_inferred|homology,both_sources|single_source,corroborated|uncorroborated,5,True,True,True,False
sys_PMT0895,PMT0895,PMT0895:,single_gene,1,1,1,1,0,any_homology,2.0,2.0,0.2,"{""single_source"": 1}","{""uncorroborated"": 1}",other,False,"{""none"": 1}",resolved,0,0,0,0,0,0,0,0,,,False,1,run_PMT0895,homology,single_source,uncorroborated,0,False,False,False,False
sys_PMT0899,PMT0899,PMT0899:sul1,single_gene,1,1,0,0,1,all_family_inferred,3.0,3.0,0.6,"{""both_sources"": 1}","{""corroborated"": 1}",single_carrier,True,"{""strong"": 1}",resolved,8,8,8,1,0,0,0,0,,,False,1,run_PMT0899,family_inferred,both_sources,corroborated,1,False,False,False,True
sys_PMT0908,PMT0908,PMT0908:hflC,single_gene,1,1,1,1,0,any_homology,2.0,2.0,0.2,"{""single_source"": 2}","{""uncorroborated"": 1, ""corroborated"": 1}",other,False,"{""none"": 1}",resolved,0,0,0,1,0,0,0,0,,,False,1,run_PMT0908,homology,single_source,corroborated|uncorroborated,1,False,False,False,False
sys_PMT0909,PMT0909,PMT0909:,single_gene,1,1,1,1,0,any_homology,2.0,2.0,0.4,"{""single_source"": 1}","{""corroborated"": 1}",mixed,True,"{""strong"": 1}",resolved,7,7,7,3,0,0,0,0,,,False,1,run_PMT0909,homology,single_source,corroborated,1,False,False,False,False
sys_PMT0917,PMT0917,PMT0917:,single_gene,1,1,1,1,1,any_homology,3.0,3.0,0.6,"{""single_source"": 2}","{""corroborated"": 1, ""uncorroborated"": 1}",other,False,"{""strong"": 1}",resolved,4,4,4,3,0,0,0,0,,,False,1,run_PMT0917,family_inferred|homology,single_source,corroborated|uncorroborated,1,False,False,False,False
sys_PMT0918,PMT0918,PMT0918:,single_gene,1,1,1,1,0,any_homology,2.0,2.0,0.4,"{""single_source"": 1}","{""corroborated"": 1}",single_carrier,True,"{""strong"": 1}",family_inferred,53,53,0,15,0,0,0,0,,,False,1,run_PMT0918,homology,single_source,corroborated,1,False,False,False,True
sys_PMT0924,PMT0924,PMT0924:,single_gene,1,1,1,1,0,any_homology,2.0,2.0,0.2,"{""single_source"": 1}","{""uncorroborated"": 1}",other,False,"{""tcdb_only"": 1}",resolved,1,1,1,4,0,0,0,0,,,False,1,run_PMT0924,homology,single_source,uncorroborated,0,False,False,False,False
sys_PMT0930,PMT0930,PMT0930:,single_gene,1,1,1,1,0,any_homology,2.0,2.0,0.2,"{""single_source"": 1}","{""corroborated"": 1}",single_carrier,True,"{""strong"": 1}",resolved,0,0,0,0,0,0,0,0,,,False,1,run_PMT0930,homology,single_source,corroborated,1,False,False,False,True
sys_PMT0977,PMT0977|PMT0978,PMT0977:|PMT0978:,multi_gene,2,2,0,0,2,all_family_inferred,3.0,3.0,0.8,"{""both_sources"": 6}","{""corroborated"": 4, ""uncorroborated"": 2}",mixed,True,"{""strong"": 2}",resolved,23,23,23,10,0,0,0,0,,tcdb_level3,False,1,run_PMT0977,family_inferred,both_sources,corroborated|uncorroborated,2,False,False,False,False
sys_PMT0980,PMT0980,PMT0980:,single_gene,1,1,1,1,0,any_homology,2.0,2.0,0.2,"{""single_source"": 2}","{""uncorroborated"": 2}",other,False,"{""tcdb_only"": 1}",resolved,176,176,0,160,0,0,0,0,,,False,1,run_PMT0977,homology,single_source,uncorroborated,0,False,False,False,False
sys_PMT0991,PMT0991,PMT0991:,single_gene,1,1,1,0,0,any_homology,2.0,2.0,0.0,"{""single_source"": 1}","{""uncorroborated"": 1}",other,False,"{""none"": 1}",resolved,0,0,0,0,0,0,0,0,,,False,1,run_PMT0991,homology,single_source,uncorroborated,0,False,False,False,False
sys_PMT0994,PMT0994,PMT0994:phoB,single_gene,1,1,1,0,0,any_homology,2.0,2.0,0.0,"{""single_source"": 1}","{""uncorroborated"": 1}",other,False,"{""tcdb_only"": 1}",resolved,8,8,8,7,0,0,0,0,,,False,1,run_PMT0993,homology,single_source,uncorroborated,0,False,False,False,False
sys_PMT0998,PMT0998,PMT0998:som,single_gene,1,1,1,0,0,any_homology,2.0,2.0,0.0,"{""single_source"": 1}","{""uncorroborated"": 1}",single_carrier,True,"{""strong"": 1}",resolved,0,0,0,3,0,0,0,0,,,False,1,run_PMT0998,homology,single_source,uncorroborated,0,False,False,False,True
sys_PMT0999,PMT0999,PMT0999:arsJ,single_gene,1,1,1,1,0,any_homology,3.0,3.0,0.2,"{""single_source"": 1}","{""uncorroborated"": 1}",single_carrier,True,"{""strong"": 1}",resolved,0,0,0,0,0,0,0,0,,,False,1,run_PMT0999,homology,single_source,uncorroborated,0,False,False,False,True
sys_PMT1000,PMT1000,PMT1000:gap3,single_gene,1,1,1,1,0,any_homology,3.0,3.0,0.2,"{""single_source"": 1}","{""uncorroborated"": 1}",other,False,"{""tcdb_only"": 1}",resolved,0,0,0,0,0,0,0,0,,,False,1,run_PMT0999,homology,single_source,uncorroborated,0,False,False,False,False
sys_PMT1001,PMT1001,PMT1001:arsR,single_gene,1,1,1,0,0,any_homology,2.0,2.0,0.0,"{""single_source"": 1}","{""uncorroborated"": 1}",other,False,"{""none"": 1}",resolved,0,0,0,0,0,0,0,0,,,False,1,run_PMT1001,homology,single_source,uncorroborated,0,False,False,False,False
sys_PMT1012,PMT1012,PMT1012:prxQ,single_gene,1,1,1,0,0,any_homology,2.0,2.0,0.0,"{""single_source"": 1}","{""uncorroborated"": 1}",other,False,"{""none"": 1}",resolved,0,0,0,1,0,0,0,0,,,False,1,run_PMT1012,homology,single_source,uncorroborated,0,False,False,False,False
sys_PMT1024,PMT1024,PMT1024:,single_gene,1,1,0,0,1,all_family_inferred,3.0,3.0,0.8,"{""both_sources"": 6}","{""uncorroborated"": 5, ""corroborated"": 1}",other,False,"{""strong"": 1}",resolved,1,1,1,1,0,0,0,0,,,False,1,run_PMT1024,family_inferred,both_sources,corroborated|uncorroborated,1,False,False,False,False
sys_PMT1025,PMT1025,PMT1025:,single_gene,1,1,0,0,1,all_family_inferred,4.0,4.0,0.2,"{""single_source"": 2}","{""uncorroborated"": 2}",other,False,"{""strong"": 1}",resolved,1,1,1,0,0,0,0,0,,,False,1,run_PMT1025,family_inferred,single_source,uncorroborated,0,False,False,False,False
sys_PMT1028,PMT1028,PMT1028:,single_gene,1,1,1,1,0,any_homology,2.0,2.0,0.2,"{""single_source"": 1}","{""corroborated"": 1}",other,False,"{""none"": 1}",resolved,1,1,1,0,0,0,0,0,,,False,1,run_PMT1028,homology,single_source,corroborated,1,False,False,False,False
sys_PMT1044,PMT1044,PMT1044:proP,single_gene,1,1,1,1,1,any_homology,4.0,4.0,0.8,"{""both_sources"": 1, ""single_source"": 1}","{""corroborated"": 1, ""uncorroborated"": 1}",single_carrier,True,"{""strong"": 1}",resolved,10,10,10,3,0,0,0,0,,,False,1,run_PMT1044,family_inferred|homology,both_sources|single_source,corroborated|uncorroborated,1,False,False,False,True
sys_PMT1046,PMT1046,PMT1046:pcb,single_gene,1,1,1,1,0,any_homology,3.0,3.0,0.6,"{""single_source"": 1}","{""corroborated"": 1}",other,False,"{""tcdb_only"": 1}",resolved,0,0,0,0,0,0,0,0,,,False,1,run_PMT1046,homology,single_source,corroborated,1,False,False,False,False
sys_PMT1061,PMT1061,PMT1061:clpC,single_gene,1,1,1,1,0,any_homology,4.0,4.0,0.4,"{""single_source"": 3}","{""uncorroborated"": 2, ""corroborated"": 1}",other,False,"{""tcdb_only"": 1}",resolved,1,1,1,1,0,0,0,0,,,False,1,run_PMT1060,homology,single_source,corroborated|uncorroborated,1,False,False,False,False
sys_PMT1065,PMT1065,PMT1065:cdsA,single_gene,1,1,1,0,0,any_homology,2.0,2.0,0.0,"{""single_source"": 1}","{""uncorroborated"": 1}",other,False,"{""none"": 1}",resolved,0,0,0,0,0,0,0,0,,,False,1,run_PMT1065,homology,single_source,uncorroborated,0,False,False,False,False
sys_PMT1080,PMT1080,PMT1080:,single_gene,1,1,0,0,1,all_family_inferred,3.0,3.0,0.8,"{""both_sources"": 3}","{""corroborated"": 2, ""uncorroborated"": 1}",mixed,True,"{""strong"": 1}",resolved,23,23,23,10,0,0,0,0,,,False,1,run_PMT1080,family_inferred,both_sources,corroborated|uncorroborated,1,False,False,False,False
sys_PMT1081,PMT1081,PMT1081:rbpD,single_gene,1,1,1,1,0,any_homology,2.0,2.0,0.4,"{""single_source"": 2}","{""uncorroborated"": 1, ""corroborated"": 1}",other,False,"{""tcdb_only"": 1}",resolved,1,1,1,3,0,0,0,0,,,False,1,run_PMT1080,homology,single_source,corroborated|uncorroborated,1,False,False,False,False
sys_PMT1083,PMT1083,PMT1083:crhR,single_gene,1,1,1,1,0,any_homology,2.0,2.0,0.4,"{""single_source"": 3}","{""uncorroborated"": 2, ""corroborated"": 1}",other,False,"{""tcdb_only"": 1}",resolved,1,1,1,5,0,0,0,0,,,False,1,run_PMT1082,homology,single_source,corroborated|uncorroborated,1,False,False,False,False
sys_PMT1085,PMT1085,PMT1085:recD,single_gene,1,1,1,1,0,any_homology,2.0,2.0,0.2,"{""single_source"": 1}","{""uncorroborated"": 1}",other,False,"{""tcdb_only"": 1}",resolved,1,1,1,3,0,0,0,0,,,False,1,run_PMT1082,homology,single_source,uncorroborated,0,False,False,False,False
sys_PMT1087,PMT1087,PMT1087:,single_gene,1,1,1,1,0,any_homology,2.0,2.0,0.4,"{""single_source"": 1}","{""corroborated"": 1}",single_carrier,True,"{""strong"": 1}",family_inferred,77,76,0,87,0,0,0,0,,,False,1,run_PMT1087,homology,single_source,corroborated,1,False,False,False,True
sys_PMT1092,PMT1092,PMT1092:plsC2,single_gene,1,1,1,1,0,any_homology,2.0,2.0,0.2,"{""single_source"": 2}","{""uncorroborated"": 2}",other,False,"{""tcdb_only"": 1}",resolved,77,76,0,87,0,0,0,0,,,False,1,run_AKG35_RS13515,homology,single_source,uncorroborated,0,False,False,False,False
sys_PMT1097,PMT1097,PMT1097:,single_gene,1,1,1,0,0,any_homology,2.0,2.0,0.0,"{""single_source"": 1}","{""uncorroborated"": 1}",other,False,"{""tcdb_only"": 1}",resolved,8,8,8,7,0,0,0,0,,,False,1,run_PMT1097,homology,single_source,uncorroborated,0,False,False,False,False
sys_PMT1099,PMT1099,PMT1099:sasA,single_gene,1,1,1,0,0,any_homology,2.0,2.0,0.0,"{""single_source"": 5}","{""uncorroborated"": 5}",other,False,"{""tcdb_only"": 1}",resolved,29,29,29,15,1,0,0,0,,,False,1,run_PMT1099,homology,single_source,uncorroborated,0,False,False,False,False
sys_PMT1106,PMT1106,PMT1106:,single_gene,1,1,1,1,0,any_homology,2.0,2.0,0.2,"{""single_source"": 1}","{""corroborated"": 1}",other,False,"{""strong"": 1}",resolved,0,0,0,0,0,0,0,0,,,False,1,run_PMT1101,homology,single_source,corroborated,1,False,False,False,False
sys_PMT1107,PMT1107,PMT1107:,single_gene,1,1,1,1,0,any_homology,2.0,2.0,0.2,"{""single_source"": 1}","{""uncorroborated"": 1}",other,False,"{""tcdb_only"": 1}",resolved,1,1,1,3,0,0,0,0,,,False,1,run_PMT1107,homology,single_source,uncorroborated,0,False,False,False,False
sys_PMT1108,PMT1108,PMT1108:,single_gene,1,1,1,1,0,any_homology,3.0,3.0,0.2,"{""single_source"": 1}","{""uncorroborated"": 1}",other,False,"{""none"": 1}",resolved,0,0,0,0,0,0,0,0,,,False,1,run_PMT1107,homology,single_source,uncorroborated,0,False,False,False,False
sys_PMT1109,PMT1109,PMT1109:crtE,single_gene,1,1,1,0,0,any_homology,2.0,2.0,0.0,"{""single_source"": 1}","{""uncorroborated"": 1}",other,False,"{""none"": 1}",resolved,1,1,1,1,0,0,0,0,,,False,1,run_PMT1107,homology,single_source,uncorroborated,0,False,False,False,False
sys_PMT1111,PMT1111,PMT1111:pgpH,single_gene,1,1,1,0,0,any_homology,2.0,2.0,0.0,"{""single_source"": 1}","{""uncorroborated"": 1}",other,False,"{""none"": 1}",resolved,1,1,1,1,0,0,0,0,,,False,1,run_PMT1111,homology,single_source,uncorroborated,0,False,False,False,False
sys_PMT1125,PMT1125,PMT1125:,single_gene,1,1,1,0,0,any_homology,2.0,2.0,0.0,"{""single_source"": 1}","{""uncorroborated"": 1}",other,False,"{""none"": 1}",resolved,0,0,0,0,0,0,0,0,,,False,1,run_PMT1125,homology,single_source,uncorroborated,0,False,False,False,False
sys_PMT1127,PMT1127,PMT1127:trxA,single_gene,1,1,1,1,0,any_homology,2.0,2.0,0.2,"{""single_source"": 4}","{""uncorroborated"": 4}",other,False,"{""tcdb_only"": 1}",resolved,0,0,0,3,0,0,0,0,,,False,1,run_PMT1127,homology,single_source,uncorroborated,0,False,False,False,False
sys_PMT1131,PMT1131,PMT1131:cytM,single_gene,1,1,1,1,0,any_homology,2.0,2.0,0.4,"{""single_source"": 1}","{""corroborated"": 1}",other,False,"{""tcdb_only"": 1}",resolved,0,0,0,1,0,0,0,0,,,False,1,run_PMT1131,homology,single_source,corroborated,1,False,False,False,False
sys_PMT1133,PMT1133,PMT1133:penP,single_gene,1,1,1,0,0,any_homology,2.0,2.0,0.0,"{""single_source"": 1}","{""uncorroborated"": 1}",other,False,"{""none"": 1}",resolved,0,0,0,0,0,0,0,0,,,False,1,run_PMT1131,homology,single_source,uncorroborated,0,False,False,False,False
sys_PMT1156,PMT1156,PMT1156:acrA,single_gene,1,1,1,1,0,any_homology,2.0,2.0,0.2,"{""single_source"": 3}","{""uncorroborated"": 3}",other,False,"{""strong"": 1}",resolved,182,182,0,173,1,0,0,0,,,False,1,run_PMT1156,homology,single_source,uncorroborated,0,False,False,False,False
sys_PMT1160,PMT1160,PMT1160:,single_gene,1,1,0,0,1,all_family_inferred,3.0,3.0,0.8,"{""both_sources"": 2}","{""corroborated"": 2}",single_carrier,True,"{""strong"": 1}",resolved,7,7,7,1,0,0,0,0,,,False,1,run_PMT1160,family_inferred,both_sources,corroborated,1,False,False,False,True
sys_PMT1164,PMT1164,PMT1164:pntB,single_gene,1,1,1,1,0,any_homology,2.0,2.0,0.4,"{""single_source"": 1}","{""corroborated"": 1}",other,False,"{""tcdb_only"": 1}",resolved,0,0,0,0,0,0,0,0,,,False,1,run_PMT1163,homology,single_source,corroborated,1,False,False,False,False
sys_PMT1165,PMT1165,PMT1165:pntA2,single_gene,1,1,1,1,0,any_homology,2.0,2.0,0.2,"{""single_source"": 1}","{""uncorroborated"": 1}",other,False,"{""tcdb_only"": 1}",resolved,0,0,0,0,0,0,0,0,,,False,1,run_PMT1163,homology,single_source,uncorroborated,0,False,False,False,False
sys_PMT1166,PMT1166,PMT1166:pntA1,single_gene,1,1,1,1,0,any_homology,2.0,2.0,0.4,"{""single_source"": 1}","{""corroborated"": 1}",other,False,"{""tcdb_only"": 1}",resolved,0,0,0,0,0,0,0,0,,,False,1,run_PMT1163,homology,single_source,corroborated,1,False,False,False,False
sys_PMT1174,PMT1174,PMT1174:trm1,single_gene,1,1,1,0,0,any_homology,2.0,2.0,0.0,"{""single_source"": 1}","{""uncorroborated"": 1}",other,False,"{""none"": 1}",resolved,0,0,0,0,0,0,0,0,,,False,1,run_PMT1171,homology,single_source,uncorroborated,0,False,False,False,False
sys_PMT1177,PMT1177,PMT1177:ppiB,single_gene,1,1,1,0,0,any_homology,2.0,2.0,0.0,"{""single_source"": 2}","{""uncorroborated"": 2}",other,False,"{""tcdb_only"": 1}",resolved,0,0,0,1,0,0,0,0,,,False,1,run_PMT1177,homology,single_source,uncorroborated,0,False,False,False,False
sys_PMT1179,PMT1179,PMT1179:psbD,single_gene,1,1,1,0,0,any_homology,2.0,2.0,0.0,"{""single_source"": 1}","{""uncorroborated"": 1}",other,False,"{""tcdb_only"": 1}",resolved,0,0,0,0,0,0,0,0,,,False,1,run_PMT1179,homology,single_source,uncorroborated,0,False,False,False,False
sys_PMT1180,PMT1180,PMT1180:psbC,single_gene,1,1,1,1,0,any_homology,3.0,3.0,0.6,"{""single_source"": 1}","{""corroborated"": 1}",other,False,"{""tcdb_only"": 1}",resolved,0,0,0,0,0,0,0,0,,,False,1,run_PMT1179,homology,single_source,corroborated,1,False,False,False,False
sys_PMT1184,PMT1184,PMT1184:petF,single_gene,1,1,1,0,0,any_homology,2.0,2.0,0.0,"{""single_source"": 1}","{""uncorroborated"": 1}",other,False,"{""tcdb_only"": 1}",resolved,6,6,6,2,0,0,0,0,,,False,1,run_PMT_1182,homology,single_source,uncorroborated,0,False,False,False,False
sys_PMT1188,PMT1188,PMT1188:htrA,single_gene,1,1,1,0,0,any_homology,2.0,2.0,0.0,"{""single_source"": 2}","{""uncorroborated"": 2}",other,False,"{""none"": 1}",resolved,0,0,0,0,0,0,0,0,,,False,1,run_PMT1188,homology,single_source,uncorroborated,0,False,False,False,False
sys_PMT1192,PMT1192,PMT1192:,single_gene,1,1,0,0,1,all_family_inferred,4.0,4.0,0.8,"{""both_sources"": 2}","{""uncorroborated"": 1, ""corroborated"": 1}",mixed,True,"{""strong"": 1}",resolved,5,5,5,0,0,0,0,0,,,False,1,run_PMT1191,family_inferred,both_sources,corroborated|uncorroborated,1,False,False,False,False
sys_PMT1197,PMT1197,PMT1197:cbbX,single_gene,1,1,1,1,0,any_homology,2.0,2.0,0.4,"{""single_source"": 1}","{""corroborated"": 1}",other,False,"{""tcdb_only"": 1}",resolved,1,1,1,1,0,0,0,0,,,False,1,run_PMT1197,homology,single_source,corroborated,1,False,False,False,False
sys_PMT1200,PMT1200,PMT1200:csos4B,single_gene,1,1,1,0,0,any_homology,2.0,2.0,0.0,"{""single_source"": 1}","{""uncorroborated"": 1}",other,False,"{""tcdb_only"": 1}",resolved,0,0,0,0,0,0,0,0,,,False,1,run_PMT1197,homology,single_source,uncorroborated,0,False,False,False,False
sys_PMT1201,PMT1201,PMT1201:csoS4A,single_gene,1,1,1,0,0,any_homology,2.0,2.0,0.0,"{""single_source"": 1}","{""uncorroborated"": 1}",other,False,"{""tcdb_only"": 1}",resolved,0,0,0,0,0,0,0,0,,,False,1,run_PMT1197,homology,single_source,uncorroborated,0,False,False,False,False
sys_PMT1206,PMT1206,PMT1206:csoS1A,single_gene,1,1,1,1,0,any_homology,3.0,3.0,0.2,"{""single_source"": 1}","{""uncorroborated"": 1}",other,False,"{""tcdb_only"": 1}",resolved,2,2,2,0,0,0,0,0,,,False,1,run_PMT1197,homology,single_source,uncorroborated,0,False,False,False,False
sys_PMT1208,PMT1208,PMT1208:csoS1D,single_gene,1,1,1,1,0,any_homology,3.0,3.0,0.2,"{""single_source"": 1}","{""uncorroborated"": 1}",other,False,"{""tcdb_only"": 1}",resolved,0,0,0,0,0,0,0,0,,,False,1,run_PMT1208,homology,single_source,uncorroborated,0,False,False,False,False
sys_PMT1213,PMT1213,PMT1213:sbtA,single_gene,1,1,1,1,0,any_homology,3.0,3.0,0.4,"{""single_source"": 1}","{""corroborated"": 1}",single_carrier,True,"{""strong"": 1}",resolved,0,0,0,0,0,0,0,0,,,False,1,run_PMT1212,homology,single_source,corroborated,1,False,False,False,True
sys_PMT1214,PMT1214,PMT1214:sul3,single_gene,1,1,0,0,1,all_family_inferred,3.0,3.0,0.8,"{""both_sources"": 1}","{""corroborated"": 1}",single_carrier,True,"{""strong"": 1}",resolved,8,8,8,1,0,0,0,0,,,False,1,run_PMT1212,family_inferred,both_sources,corroborated,1,False,False,False,True
sys_PMT1221,PMT1221,PMT1221:,single_gene,1,1,1,1,0,any_homology,2.0,2.0,0.2,"{""single_source"": 1}","{""corroborated"": 1}",single_carrier,True,"{""strong"": 1}",resolved,0,0,0,0,0,0,0,0,,,False,1,run_PMT1218,homology,single_source,corroborated,1,False,False,False,True
sys_PMT1225,PMT1225,PMT1225:,single_gene,1,1,1,1,0,any_homology,2.0,2.0,0.2,"{""single_source"": 2}","{""uncorroborated"": 2}",other,False,"{""tcdb_only"": 1}",resolved,176,176,0,159,0,0,0,0,,,False,1,run_PMT1225,homology,single_source,uncorroborated,0,False,False,False,False
sys_PMT1228,PMT1228,PMT1228:,single_gene,1,1,1,0,0,any_homology,2.0,2.0,0.0,"{""single_source"": 1}","{""uncorroborated"": 1}",other,False,"{""tcdb_only"": 1}",resolved,0,0,0,1,0,0,0,0,,,False,1,run_PMT1225,homology,single_source,uncorroborated,0,False,False,False,False
sys_PMT1229,PMT1229,PMT1229:accA,single_gene,1,1,1,0,0,any_homology,2.0,2.0,0.0,"{""single_source"": 1}","{""uncorroborated"": 1}",other,False,"{""tcdb_only"": 1}",resolved,0,0,0,0,0,0,0,0,,,False,1,run_PMT1225,homology,single_source,uncorroborated,0,False,False,False,False
sys_PMT1237,PMT1237,PMT1237:,single_gene,1,1,1,0,0,any_homology,2.0,2.0,0.0,"{""single_source"": 1}","{""uncorroborated"": 1}",substrate_binding,False,"{""strong"": 1}",family_inferred,176,176,0,159,1,1,0,0,,,False,1,run_PMT1236,homology,single_source,uncorroborated,0,True,False,False,False
sys_PMT1240,PMT1240,PMT1240:hemH,single_gene,1,0,0,0,0,no_tcdb,,,,{},{},other,False,"{""none"": 1}",,0,0,0,0,0,0,0,0,,,False,1,run_PMT1240,,,,0,False,False,False,False
sys_PMT1246,PMT1246,PMT1246:fixC,single_gene,1,1,1,0,0,any_homology,2.0,2.0,0.0,"{""single_source"": 1}","{""uncorroborated"": 1}",other,False,"{""tcdb_only"": 1}",resolved,1,1,1,1,0,0,0,0,,,False,1,run_PMT1244,homology,single_source,uncorroborated,0,False,False,False,False
sys_PMT1247,PMT1247,PMT1247:,single_gene,1,1,1,0,0,any_homology,2.0,2.0,0.0,"{""single_source"": 1}","{""uncorroborated"": 1}",other,False,"{""tcdb_only"": 1}",resolved,0,0,0,1,0,0,0,0,,,False,1,run_PMT1247,homology,single_source,uncorroborated,0,False,False,False,False
sys_PMT1249,PMT1249,PMT1249:ftsI,single_gene,1,1,1,0,0,any_homology,2.0,2.0,0.0,"{""single_source"": 1}","{""uncorroborated"": 1}",other,False,"{""none"": 1}",resolved,0,0,0,0,0,0,0,0,,,False,1,run_PMT1248,homology,single_source,uncorroborated,0,False,False,False,False
sys_PMT1251,PMT1251,PMT1251:,single_gene,1,1,1,1,0,any_homology,2.0,2.0,0.2,"{""single_source"": 2}","{""uncorroborated"": 2}",other,False,"{""tcdb_only"": 1}",resolved,176,176,0,159,1,0,0,0,,,False,1,run_PMT1248,homology,single_source,uncorroborated,0,False,False,False,False
sys_PMT1254,PMT1254,PMT1254:lepB,single_gene,1,1,1,0,0,any_homology,2.0,2.0,0.0,"{""single_source"": 2}","{""uncorroborated"": 2}",other,False,"{""tcdb_only"": 1}",resolved,0,0,0,1,0,0,0,0,,,False,1,run_PMT1254,homology,single_source,uncorroborated,0,False,False,False,False
sys_PMT1271,PMT1271,PMT1271:priA,single_gene,1,1,1,1,0,any_homology,2.0,2.0,0.4,"{""single_source"": 1}","{""corroborated"": 1}",other,False,"{""tcdb_only"": 1}",resolved,0,0,0,1,0,0,0,0,,,False,1,run_PMT1271,homology,single_source,corroborated,1,False,False,False,False
sys_PMT1284,PMT1284,PMT1284:,single_gene,1,1,1,0,0,any_homology,2.0,2.0,0.0,"{""single_source"": 1}","{""uncorroborated"": 1}",other,False,"{""none"": 1}",resolved,0,0,0,0,0,0,0,0,,,False,1,run_PMT1283,homology,single_source,uncorroborated,0,False,False,False,False
sys_PMT1289,PMT1289,PMT1289:,single_gene,1,1,0,0,1,all_family_inferred,3.0,3.0,0.2,"{""single_source"": 1}","{""uncorroborated"": 1}",other,False,"{""strong"": 1}",resolved,1,1,1,1,0,0,0,0,,,False,1,run_PMT1289,family_inferred,single_source,uncorroborated,0,False,False,False,False
sys_PMT1290,PMT1290,PMT1290:,single_gene,1,1,1,0,1,any_homology,2.0,2.0,0.4,"{""single_source"": 2}","{""corroborated"": 1, ""uncorroborated"": 1}",other,False,"{""none"": 1}",resolved,0,0,0,1,0,0,0,0,,,False,1,run_PMT1290,family_inferred|homology,single_source,corroborated|uncorroborated,1,False,False,False,False
sys_PMT1299,PMT1299,PMT1299:qmcA,single_gene,1,1,1,1,0,any_homology,2.0,2.0,0.2,"{""single_source"": 2}","{""uncorroborated"": 1, ""corroborated"": 1}",other,False,"{""tcdb_only"": 1}",resolved,1,1,1,3,0,0,0,0,,,False,1,run_PMT1299,homology,single_source,corroborated|uncorroborated,1,False,False,False,False
sys_PMT1309,PMT1309,PMT1309:nhaS,single_gene,1,1,1,1,0,any_homology,2.0,2.0,0.4,"{""single_source"": 1}","{""corroborated"": 1}",single_carrier,True,"{""strong"": 1}",resolved,3,3,3,3,0,0,0,0,,,False,1,run_PMT1309,homology,single_source,corroborated,1,False,False,False,True
sys_PMT1313,PMT1313,PMT1313:pilT2,single_gene,1,1,1,1,1,any_homology,3.0,3.0,0.8,"{""single_source"": 4, ""both_sources"": 1}","{""corroborated"": 3, ""uncorroborated"": 2}",other,False,"{""tcdb_only"": 1}",resolved,2,2,2,4,0,0,0,0,,,False,1,run_PMT1313,family_inferred|homology,both_sources|single_source,corroborated|uncorroborated,1,False,False,False,False
sys_PMT1316,PMT1316,PMT1316:psaF,single_gene,1,1,1,1,0,any_homology,3.0,3.0,0.6,"{""single_source"": 1}","{""corroborated"": 1}",other,False,"{""none"": 1}",resolved,1,1,1,1,0,0,0,0,,,False,1,run_PMT1316,homology,single_source,corroborated,1,False,False,False,False
sys_PMT1318,PMT1318,PMT1318:gmk,single_gene,1,1,1,1,0,any_homology,2.0,2.0,0.2,"{""single_source"": 2}","{""uncorroborated"": 2}",other,False,"{""tcdb_only"": 1}",resolved,176,176,1,159,0,0,0,0,,,False,1,run_PMT1318,homology,single_source,uncorroborated,0,False,False,False,False
sys_PMT1320,PMT1320,PMT1320:tatC,single_gene,1,1,1,1,0,any_homology,2.0,2.0,0.8,"{""both_sources"": 1}","{""corroborated"": 1}",other,False,"{""tcdb_only"": 1}",resolved,0,0,0,2,0,0,0,0,,,False,1,run_PMT1316,homology,both_sources,corroborated,1,False,False,False,False
sys_PMT1322,PMT1322,PMT1322:petC,single_gene,1,1,1,1,0,any_homology,2.0,2.0,0.4,"{""single_source"": 2}","{""corroborated"": 1, ""uncorroborated"": 1}",other,False,"{""tcdb_only"": 1}",resolved,0,0,0,1,0,0,0,0,,,False,1,run_PMT1322,homology,single_source,corroborated|uncorroborated,1,False,False,False,False
sys_PMT1323,PMT1323,PMT1323:petA,single_gene,1,1,1,1,0,any_homology,3.0,3.0,0.6,"{""single_source"": 1}","{""corroborated"": 1}",other,False,"{""tcdb_only"": 1}",resolved,1,1,1,1,0,0,0,0,,,False,1,run_PMT1322,homology,single_source,corroborated,1,False,False,False,False
sys_PMT1324,PMT1324,PMT1324:lgt,single_gene,1,1,1,0,0,any_homology,2.0,2.0,0.0,"{""single_source"": 1}","{""uncorroborated"": 1}",other,False,"{""none"": 1}",resolved,0,0,0,0,0,0,0,0,,,False,1,run_PMT1322,homology,single_source,uncorroborated,0,False,False,False,False
sys_PMT1330,PMT1330,PMT1330:ispD,single_gene,1,1,1,0,0,any_homology,2.0,2.0,0.0,"{""single_source"": 1}","{""uncorroborated"": 1}",other,False,"{""none"": 1}",resolved,0,0,0,0,0,0,0,0,,,False,1,run_PMT1330,homology,single_source,uncorroborated,0,False,False,False,False
sys_PMT1332,PMT1332,PMT1332:,single_gene,1,1,0,0,1,all_family_inferred,3.0,3.0,0.8,"{""both_sources"": 6}","{""corroborated"": 5, ""uncorroborated"": 1}",single_carrier,True,"{""strong"": 1}",resolved,1,1,1,1,0,0,0,0,,,False,1,run_PMT1331,family_inferred,both_sources,corroborated|uncorroborated,1,False,False,False,True
sys_PMT1333,PMT1333,PMT1333:fabG,single_gene,1,1,1,0,0,any_homology,2.0,2.0,0.0,"{""single_source"": 1}","{""uncorroborated"": 1}",other,False,"{""tcdb_only"": 1}",resolved,0,0,0,1,0,0,0,0,,,False,1,run_PMT1331,homology,single_source,uncorroborated,0,False,False,False,False
sys_PMT1337,PMT1337|PMT1338,PMT1337:ycf38|PMT1338:ccmA,multi_gene,2,2,2,2,0,any_homology,2.0,2.0,0.8,"{""both_sources"": 2}","{""corroborated"": 2}",atpase|permease,False,"{""strong"": 2}",family_inferred,176,176,0,159,0,0,0,0,,role,False,1,run_PMT1337,homology,both_sources,corroborated,2,False,True,True,False
sys_PMT1339,PMT1339,PMT1339:ctaB,single_gene,1,1,1,0,0,any_homology,2.0,2.0,0.0,"{""single_source"": 1}","{""uncorroborated"": 1}",other,False,"{""none"": 1}",resolved,0,0,0,0,0,0,0,0,,,False,1,run_PMT1337,homology,single_source,uncorroborated,0,False,False,False,False
sys_PMT1340,PMT1340,PMT1340:ctaA,single_gene,1,1,1,0,1,any_homology,3.0,3.0,0.6,"{""single_source"": 2}","{""corroborated"": 1, ""uncorroborated"": 1}",other,False,"{""tcdb_only"": 1}",resolved,0,0,0,0,0,0,0,0,,,False,1,run_PMT1337,family_inferred|homology,single_source,corroborated|uncorroborated,1,False,False,False,False
sys_PMT1341,PMT1341|PMT1342|PMT1343,PMT1341:ctaCI|PMT1342:ctaDI|PMT1343:ctaEI,multi_gene,3,3,3,3,3,any_homology,3.0,3.0,0.8,"{""both_sources"": 9, ""single_source"": 4}","{""corroborated"": 9, ""uncorroborated"": 4}",other,False,"{""tcdb_only"": 3}",resolved,2,2,2,1,0,0,0,0,,tcdb_level3,False,1,run_PMT1341,family_inferred|homology,both_sources|single_source,corroborated|uncorroborated,3,False,False,False,False
sys_PMT1345,PMT1345,PMT1345:,single_gene,1,1,1,1,0,any_homology,2.0,2.0,0.2,"{""single_source"": 1}","{""uncorroborated"": 1}",other,False,"{""none"": 1}",resolved,0,0,0,0,0,0,0,0,,,False,1,run_PMT1345,homology,single_source,uncorroborated,0,False,False,False,False
sys_PMT1349,PMT1349,PMT1349:,single_gene,1,0,0,0,0,no_tcdb,,,,{},{},substrate_binding,False,"{""strong"": 1}",,0,0,0,0,0,0,0,0,,,False,1,run_PMT1349,,,,0,True,False,False,False
sys_PMT1351,PMT1351,PMT1351:,single_gene,1,1,1,0,0,any_homology,2.0,2.0,0.0,"{""single_source"": 1}","{""uncorroborated"": 1}",other,False,"{""none"": 1}",resolved,0,0,0,0,0,0,0,0,,,False,1,run_PMT1349,homology,single_source,uncorroborated,0,False,False,False,False
sys_PMT1353,PMT1353,PMT1353:topA,single_gene,1,1,1,1,0,any_homology,2.0,2.0,0.4,"{""single_source"": 1}","{""corroborated"": 1}",other,False,"{""tcdb_only"": 1}",resolved,1,1,1,3,0,0,0,0,,,False,1,run_PMT1349,homology,single_source,corroborated,1,False,False,False,False
sys_PMT1354,PMT1354,PMT1354:ndhB,single_gene,1,1,1,1,0,any_homology,2.0,2.0,0.4,"{""single_source"": 4}","{""uncorroborated"": 3, ""corroborated"": 1}",other,False,"{""tcdb_only"": 1}",resolved,0,0,0,0,0,0,0,0,,,False,1,run_PMT1354,homology,single_source,corroborated|uncorroborated,1,False,False,False,False
sys_PMT1355,PMT1355,PMT1355:ftsE,single_gene,1,1,1,1,0,any_homology,2.0,2.0,0.8,"{""both_sources"": 1}","{""corroborated"": 1}",atpase,False,"{""strong"": 1}",family_inferred,176,176,0,159,1,0,0,0,,,False,1,run_PMT1354,homology,both_sources,corroborated,1,False,False,True,False
sys_PMT1356,PMT1356,PMT1356:,single_gene,1,1,1,0,0,any_homology,2.0,2.0,0.0,"{""single_source"": 1}","{""uncorroborated"": 1}",other,False,"{""tcdb_only"": 1}",resolved,0,0,0,1,0,0,0,0,,,False,1,run_PMT1354,homology,single_source,uncorroborated,0,False,False,False,False
sys_PMT1357,PMT1357,PMT1357:,single_gene,1,1,1,0,0,any_homology,2.0,2.0,0.0,"{""single_source"": 1}","{""uncorroborated"": 1}",other,False,"{""tcdb_only"": 1}",resolved,8,8,8,7,0,0,0,0,,,False,1,run_PMT1354,homology,single_source,uncorroborated,0,False,False,False,False
sys_PMT1358,PMT1358,PMT1358:,single_gene,1,1,1,0,0,any_homology,2.0,2.0,0.0,"{""single_source"": 1}","{""uncorroborated"": 1}",other,False,"{""tcdb_only"": 1}",resolved,0,0,0,0,0,0,0,0,,,False,1,run_PMT1358,homology,single_source,uncorroborated,0,False,False,False,False
sys_PMT1361,PMT1361,PMT1361:vipp1,single_gene,1,1,1,0,0,any_homology,2.0,2.0,0.0,"{""single_source"": 1}","{""uncorroborated"": 1}",other,False,"{""none"": 1}",resolved,0,0,0,0,0,0,0,0,,,False,1,run_PMT1358,homology,single_source,uncorroborated,0,False,False,False,False
sys_PMT1363,PMT1363,PMT1363:,single_gene,1,1,1,0,0,any_homology,2.0,2.0,0.0,"{""single_source"": 1}","{""uncorroborated"": 1}",other,False,"{""none"": 1}",resolved,5,5,5,5,0,0,0,0,,,False,1,run_PMT1358,homology,single_source,uncorroborated,0,False,False,False,False
sys_PMT1364,PMT1364,PMT1364:,single_gene,1,1,1,1,0,any_homology,2.0,2.0,0.4,"{""single_source"": 1}","{""corroborated"": 1}",single_carrier,True,"{""strong"": 1}",family_inferred,53,53,0,15,1,1,0,0,,,False,1,run_PMT1358,homology,single_source,corroborated,1,False,False,False,True
sys_PMT1365,PMT1365,PMT1365:sppA,single_gene,1,1,1,1,0,any_homology,3.0,3.0,0.4,"{""single_source"": 1}","{""uncorroborated"": 1}",other,False,"{""none"": 1}",resolved,2,2,2,1,0,0,0,0,,,False,1,run_PMT1365,homology,single_source,uncorroborated,0,False,False,False,False
sys_PMT1371,PMT1371,PMT1371:ALB3,single_gene,1,1,1,1,0,any_homology,3.0,3.0,0.8,"{""both_sources"": 1, ""single_source"": 1}","{""corroborated"": 1, ""uncorroborated"": 1}",other,False,"{""tcdb_only"": 1}",resolved,2,2,2,2,0,0,0,0,,,False,1,run_PMT1365,homology,both_sources|single_source,corroborated|uncorroborated,1,False,False,False,False
sys_PMT1373,PMT1373,PMT1373:ycf46,single_gene,1,1,1,1,0,any_homology,2.0,2.0,0.4,"{""single_source"": 5}","{""uncorroborated"": 4, ""corroborated"": 1}",other,False,"{""tcdb_only"": 1}",resolved,2,2,2,2,0,0,0,0,,,False,1,run_PMT1365,homology,single_source,corroborated|uncorroborated,1,False,False,False,False
sys_PMT1375,PMT1375,PMT1375:rseP,single_gene,1,1,1,0,0,any_homology,2.0,2.0,0.0,"{""single_source"": 1}","{""uncorroborated"": 1}",other,False,"{""none"": 1}",resolved,0,0,0,1,0,0,0,0,,,False,1,run_PMT1365,homology,single_source,uncorroborated,0,False,False,False,False
sys_PMT1397,PMT1397,PMT1397:glgX,single_gene,1,1,1,1,0,any_homology,2.0,2.0,0.4,"{""single_source"": 1}","{""corroborated"": 1}",other,False,"{""none"": 1}",resolved,0,0,0,0,0,0,0,0,,,False,1,run_PMT1397,homology,single_source,corroborated,1,False,False,False,False
sys_PMT1398,PMT1398,PMT1398:glcH,single_gene,1,1,1,1,0,any_homology,2.0,2.0,0.6,"{""both_sources"": 1}","{""uncorroborated"": 1}",single_carrier,True,"{""strong"": 1}",resolved,6,6,6,9,0,0,0,0,,,False,1,run_PMT1398,homology,both_sources,uncorroborated,0,False,False,False,True
sys_PMT1399,PMT1399|PMT1888|PMT1889,PMT1399:ycf63|PMT1888:ycf22|PMT1889:mkl,multi_gene,3,3,0,0,3,all_family_inferred,3.0,3.0,0.8,"{""both_sources"": 3}","{""corroborated"": 3}",atpase|other|permease,False,"{""strong"": 3}",resolved,1,1,1,3,0,0,0,0,,cross_locus|tcdb_level3,True,2,run_PMT1398|run_PMT1885,family_inferred,both_sources,corroborated,3,False,True,True,False
sys_PMT1401,PMT1401,PMT1401:plsY,single_gene,1,1,1,0,0,any_homology,2.0,2.0,0.0,"{""single_source"": 1}","{""uncorroborated"": 1}",other,False,"{""none"": 1}",resolved,0,0,0,0,0,0,0,0,,,False,1,run_PMT1398,homology,single_source,uncorroborated,0,False,False,False,False
sys_PMT1413,PMT1413,PMT1413:bamA,single_gene,1,1,1,1,0,any_homology,2.0,2.0,0.6,"{""both_sources"": 1}","{""corroborated"": 1}",other,False,"{""strong"": 1}",resolved,1,1,1,4,0,0,0,0,,,False,1,run_PMT_2698,homology,both_sources,corroborated,1,False,False,False,False
sys_PMT1417,PMT1417,PMT1417:nblS,single_gene,1,1,1,1,0,any_homology,3.0,3.0,0.2,"{""single_source"": 3}","{""uncorroborated"": 3}",other,False,"{""tcdb_only"": 1}",resolved,24,23,23,8,2,1,0,0,,,False,1,run_PMT1416,homology,single_source,uncorroborated,0,False,False,False,False
sys_PMT1429,PMT1429,PMT1429:petF,single_gene,1,1,1,1,0,any_homology,3.0,3.0,0.2,"{""single_source"": 1}","{""uncorroborated"": 1}",other,False,"{""none"": 1}",resolved,1,1,1,1,0,0,0,0,,,False,1,run_PMT_1428,homology,single_source,uncorroborated,0,False,False,False,False
sys_PMT1434,PMT1434,PMT1434:murD,single_gene,1,1,1,0,0,any_homology,2.0,2.0,0.0,"{""single_source"": 1}","{""uncorroborated"": 1}",other,False,"{""tcdb_only"": 1}",resolved,0,0,0,0,0,0,0,0,,,False,1,run_PMT1432,homology,single_source,uncorroborated,0,False,False,False,False
sys_PMT1437,PMT1437,PMT1437:,single_gene,1,1,1,1,0,any_homology,2.0,2.0,0.4,"{""single_source"": 1}","{""corroborated"": 1}",single_carrier,True,"{""strong"": 1}",resolved,3,3,3,2,0,0,0,0,,,False,1,run_PMT1437,homology,single_source,corroborated,1,False,False,False,True
sys_PMT1444,PMT1444,PMT1444:dnaK1,single_gene,1,1,1,0,0,any_homology,2.0,2.0,0.0,"{""single_source"": 4}","{""uncorroborated"": 4}",other,False,"{""tcdb_only"": 1}",resolved,0,0,0,3,0,0,0,0,,,False,1,run_PMT1444,homology,single_source,uncorroborated,0,False,False,False,False
sys_PMT1447,PMT1447,PMT1447:secG,single_gene,1,1,1,1,1,any_homology,3.0,3.0,0.6,"{""single_source"": 3}","{""corroborated"": 2, ""uncorroborated"": 1}",other,False,"{""tcdb_only"": 1}",resolved,2,2,2,2,0,0,0,0,,,False,1,run_PMT1444,family_inferred|homology,single_source,corroborated|uncorroborated,1,False,False,False,False
sys_PMT1451,PMT1451|PMT1452,PMT1451:atpB|PMT1452:atpE,multi_gene,2,2,2,2,1,any_homology,3.0,3.0,1.0,"{""both_sources"": 2, ""single_source"": 1}","{""corroborated"": 3}",other,False,"{""tcdb_only"": 2}",resolved,0,0,0,2,0,0,0,0,,tcdb_level3,False,1,run_PMT1451,family_inferred|homology,both_sources|single_source,corroborated,2,False,False,False,False
sys_PMT1458,PMT1458,PMT1458:,single_gene,1,1,1,1,0,any_homology,2.0,2.0,0.4,"{""single_source"": 2}","{""corroborated"": 1, ""uncorroborated"": 1}",other,False,"{""tcdb_only"": 1}",resolved,0,0,0,0,0,0,0,0,,,False,1,run_PMT1457,homology,single_source,corroborated|uncorroborated,1,False,False,False,False
sys_PMT1462,PMT1462,PMT1462:ald,single_gene,1,1,1,1,0,any_homology,2.0,2.0,0.4,"{""single_source"": 1}","{""corroborated"": 1}",other,False,"{""tcdb_only"": 1}",resolved,0,0,0,0,0,0,0,0,,,False,1,run_PMT1457,homology,single_source,corroborated,1,False,False,False,False
sys_PMT1466,PMT1466|PMT1467|PMT1468|PMT1469|PMT1470|PMT1471|PMT1472|PMT_1473,PMT1466:atpC|PMT1467:atpA|PMT1468:atpD|PMT1469:atpF|PMT1470:atpG|PMT1471:atpH|PMT1472:atpI|PMT_1473:atp1,multi_gene,8,8,5,5,5,any_homology,3.0,3.0,1.0,"{""single_source"": 6, ""both_sources"": 5}","{""corroborated"": 10, ""uncorroborated"": 1}",other,False,"{""tcdb_only"": 8}",resolved,1,1,1,3,0,0,0,0,,tcdb_level3,False,1,run_PMT1466,family_inferred|homology,both_sources|single_source,corroborated|uncorroborated,8,False,False,False,False
sys_PMT1475,PMT1475,PMT1475:ftsW,single_gene,1,1,0,0,1,all_family_inferred,3.0,3.0,0.8,"{""both_sources"": 1}","{""corroborated"": 1}",other,False,"{""strong"": 1}",resolved,2,2,2,1,0,0,0,0,,,False,1,run_PMT1475,family_inferred,both_sources,corroborated,1,False,False,False,False
sys_PMT1476,PMT1476,PMT1476:ccsC1,single_gene,1,1,1,0,1,any_homology,3.0,3.0,0.8,"{""single_source"": 1, ""both_sources"": 1}","{""uncorroborated"": 1, ""corroborated"": 1}",other,False,"{""strong"": 1}",resolved,2,2,2,2,0,0,0,0,,,False,1,run_PMT1475,family_inferred|homology,both_sources|single_source,corroborated|uncorroborated,1,False,False,False,False
sys_PMT1482,PMT1482,PMT1482:tly,single_gene,1,1,1,1,0,any_homology,3.0,3.0,0.2,"{""single_source"": 1}","{""uncorroborated"": 1}",other,False,"{""tcdb_only"": 1}",resolved,1,1,1,1,0,0,0,0,,,False,1,run_PMT1482,homology,single_source,uncorroborated,0,False,False,False,False
sys_PMT1486,PMT1486,PMT1486:,single_gene,1,1,1,1,0,any_homology,2.0,2.0,0.4,"{""single_source"": 1}","{""corroborated"": 1}",single_carrier,True,"{""strong"": 1}",family_inferred,77,76,0,87,3,3,0,0,,,False,1,run_PMT_1479,homology,single_source,corroborated,1,False,False,False,True
sys_PMT1498,PMT1498,PMT1498:fer,single_gene,1,1,1,1,0,any_homology,2.0,2.0,0.2,"{""single_source"": 1}","{""uncorroborated"": 1}",other,False,"{""none"": 1}",resolved,0,0,0,1,0,0,0,0,,,False,1,run_PMT_2722,homology,single_source,uncorroborated,0,False,False,False,False
sys_PMT1502,PMT1502,PMT1502:putP,single_gene,1,1,1,1,0,any_homology,2.0,2.0,0.4,"{""single_source"": 2}","{""uncorroborated"": 1, ""corroborated"": 1}",single_carrier,True,"{""strong"": 1}",resolved,98,97,22,87,4,3,1,0,,,False,1,run_PMT_2722,homology,single_source,corroborated|uncorroborated,1,False,False,False,True
sys_PMT1508,PMT1508,PMT1508:tatD,single_gene,1,1,1,1,0,any_homology,3.0,3.0,0.4,"{""single_source"": 1}","{""uncorroborated"": 1}",other,False,"{""tcdb_only"": 1}",resolved,1,1,1,2,0,0,0,0,,,False,1,run_PMT1508,homology,single_source,uncorroborated,0,False,False,False,False
sys_PMT1512,PMT1512,PMT1512:deg1,single_gene,1,1,1,0,0,any_homology,2.0,2.0,0.0,"{""single_source"": 3}","{""uncorroborated"": 3}",other,False,"{""tcdb_only"": 1}",resolved,0,0,0,0,0,0,0,0,,,False,1,run_PMT1508,homology,single_source,uncorroborated,0,False,False,False,False
sys_PMT1516,PMT1516,PMT1516:,single_gene,1,1,1,0,0,any_homology,2.0,2.0,0.0,"{""single_source"": 1}","{""uncorroborated"": 1}",other,False,"{""tcdb_only"": 1}",resolved,0,0,0,1,0,0,0,0,,,False,1,run_PMT1515,homology,single_source,uncorroborated,0,False,False,False,False
sys_PMT1524,PMT1524,PMT1524:mscS,single_gene,1,1,0,0,1,all_family_inferred,3.0,3.0,0.8,"{""both_sources"": 1}","{""corroborated"": 1}",single_carrier,True,"{""strong"": 1}",resolved,0,0,0,2,0,0,0,0,,,False,1,run_PMT1524,family_inferred,both_sources,corroborated,1,False,False,False,True
sys_PMT1531,PMT1531,PMT1531:,single_gene,1,1,1,0,0,any_homology,2.0,2.0,0.0,"{""single_source"": 1}","{""uncorroborated"": 1}",other,False,"{""none"": 1}",resolved,0,0,0,0,0,0,0,0,,,False,1,run_PMT1531,homology,single_source,uncorroborated,0,False,False,False,False
sys_PMT1532,PMT1532,PMT1532:psbA,single_gene,1,1,1,0,0,any_homology,2.0,2.0,0.0,"{""single_source"": 1}","{""uncorroborated"": 1}",other,False,"{""tcdb_only"": 1}",resolved,0,0,0,0,0,0,0,0,,,False,1,run_PMT1532,homology,single_source,uncorroborated,0,False,False,False,False
sys_PMT1540,PMT1540,PMT1540:uup,single_gene,1,1,1,0,1,any_homology,4.0,4.0,0.8,"{""both_sources"": 1, ""single_source"": 1}","{""corroborated"": 1, ""uncorroborated"": 1}",atpase,False,"{""strong"": 1}",resolved,0,0,0,2,0,0,0,0,,,False,1,run_PMT1534,family_inferred|homology,both_sources|single_source,corroborated|uncorroborated,1,False,False,True,False
sys_PMT1544,PMT1544,PMT1544:cgtA,single_gene,1,1,1,0,0,any_homology,2.0,2.0,0.0,"{""single_source"": 1}","{""uncorroborated"": 1}",other,False,"{""none"": 1}",resolved,0,0,0,0,0,0,0,0,,,False,1,run_PMT1543,homology,single_source,uncorroborated,0,False,False,False,False
sys_PMT1548,PMT1548,PMT1548:dnaJ2,single_gene,1,1,1,1,0,any_homology,3.0,3.0,0.2,"{""single_source"": 2}","{""uncorroborated"": 2}",other,False,"{""tcdb_only"": 1}",resolved,1,1,1,2,0,0,0,0,,,False,1,run_PMT1543,homology,single_source,uncorroborated,0,False,False,False,False
sys_PMT1549,PMT1549,PMT1549:,single_gene,1,1,1,0,0,any_homology,2.0,2.0,0.0,"{""single_source"": 1}","{""uncorroborated"": 1}",other,False,"{""none"": 1}",resolved,0,0,0,0,0,0,0,0,,,False,1,run_PMT1549,homology,single_source,uncorroborated,0,False,False,False,False
sys_PMT1553,PMT1553,PMT1553:gltS,single_gene,1,1,1,1,0,any_homology,2.0,2.0,0.4,"{""both_sources"": 1}","{""uncorroborated"": 1}",single_carrier,True,"{""strong"": 1}",resolved,0,0,0,0,0,0,0,0,,,False,1,run_PMT1552,homology,both_sources,uncorroborated,0,False,False,False,True
sys_PMT1567,PMT1567,PMT1567:,single_gene,1,1,1,1,0,any_homology,2.0,2.0,0.4,"{""single_source"": 1}","{""corroborated"": 1}",other,False,"{""none"": 1}",resolved,0,0,0,0,0,0,0,0,,,False,1,run_PMT1567,homology,single_source,corroborated,1,False,False,False,False
sys_PMT1573,PMT1573|PMT1574|PMT1575,PMT1573:|PMT1574:|PMT1575:,multi_gene,3,3,3,2,0,any_homology,2.0,2.0,0.8,"{""single_source"": 3, ""both_sources"": 2}","{""uncorroborated"": 3, ""corroborated"": 2}",other|permease,False,"{""strong"": 3}",family_inferred|resolved,182,182,0,173,1,0,0,0,,adjacent_abc,False,1,run_PMT1572,homology,both_sources|single_source,corroborated|uncorroborated,2,False,True,False,False
sys_PMT1576,PMT1576,PMT1576:,single_gene,1,1,1,1,0,any_homology,2.0,2.0,0.8,"{""both_sources"": 1}","{""corroborated"": 1}",atpase,False,"{""strong"": 1}",family_inferred,176,176,0,159,1,0,0,0,,,False,1,run_PMT1576,homology,both_sources,corroborated,1,False,False,True,False
sys_PMT1580,PMT1580,PMT1580:,single_gene,1,1,1,1,0,any_homology,4.0,4.0,0.2,"{""single_source"": 1}","{""uncorroborated"": 1}",other,False,"{""tcdb_only"": 1}",resolved,0,0,0,0,0,0,0,0,,,False,1,run_PMT1580,homology,single_source,uncorroborated,0,False,False,False,False
sys_PMT1589,PMT1589,PMT1589:cbb3,single_gene,1,1,1,1,0,any_homology,3.0,3.0,0.6,"{""single_source"": 1}","{""corroborated"": 1}",other,False,"{""none"": 1}",resolved,0,0,0,0,0,0,0,0,,,False,1,run_PMT1589,homology,single_source,corroborated,1,False,False,False,False
sys_PMT1595,PMT1595,PMT1595:mcyH,single_gene,1,1,0,0,1,all_family_inferred,4.0,4.0,0.8,"{""both_sources"": 8}","{""corroborated"": 7, ""uncorroborated"": 1}",mixed,True,"{""strong"": 1}",resolved,27,27,27,12,0,0,0,0,,,False,1,run_AKG35_RS13550,family_inferred,both_sources,corroborated|uncorroborated,1,False,False,False,False
sys_PMT1605,PMT1605,PMT1605:sufC,single_gene,1,1,1,1,0,any_homology,3.0,3.0,0.4,"{""single_source"": 2}","{""corroborated"": 1, ""uncorroborated"": 1}",atpase,False,"{""strong"": 1}",resolved,176,176,0,159,1,1,0,0,,,False,1,run_PMT1601,homology,single_source,corroborated|uncorroborated,1,False,False,True,False
sys_PMT1616,PMT1616,PMT1616:,single_gene,1,1,0,0,1,all_family_inferred,3.0,3.0,0.8,"{""both_sources"": 1}","{""corroborated"": 1}",other,False,"{""strong"": 1}",family_inferred,51,51,0,20,0,0,0,0,,,False,1,run_PMT1613,family_inferred,both_sources,corroborated,1,False,False,False,False
sys_PMT1617,PMT1617,PMT1617:mdtA,single_gene,1,1,1,1,0,any_homology,2.0,2.0,0.2,"{""single_source"": 2}","{""uncorroborated"": 2}",other,False,"{""strong"": 1}",resolved,6,6,0,31,0,0,0,0,,,False,1,run_PMT1613,homology,single_source,uncorroborated,0,False,False,False,False
sys_PMT1618,PMT1618,PMT1618:rarA,single_gene,1,1,1,0,0,any_homology,2.0,2.0,0.0,"{""single_source"": 1}","{""uncorroborated"": 1}",other,False,"{""tcdb_only"": 1}",resolved,0,0,0,2,0,0,0,0,,,False,1,run_PMT1618,homology,single_source,uncorroborated,0,False,False,False,False
sys_PMT1621,PMT1621,PMT1621:,single_gene,1,0,0,0,0,no_tcdb,,,,{},{},other,False,"{""none"": 1}",,0,0,0,0,0,0,0,0,,,False,1,run_PMT1613,,,,0,False,False,False,False
sys_PMT1622,PMT1622,PMT1622:prxQ,single_gene,1,1,1,0,0,any_homology,2.0,2.0,0.0,"{""single_source"": 1}","{""uncorroborated"": 1}",other,False,"{""none"": 1}",resolved,0,0,0,1,0,0,0,0,,,False,1,run_PMT1622,homology,single_source,uncorroborated,0,False,False,False,False
sys_PMT1627,PMT1627,PMT1627:citT,single_gene,1,1,1,1,0,any_homology,2.0,2.0,0.4,"{""single_source"": 1}","{""corroborated"": 1}",single_carrier,True,"{""strong"": 1}",resolved,2,2,2,5,0,0,0,0,,,False,1,run_PMT1625,homology,single_source,corroborated,1,False,False,False,True
sys_PMT1628,PMT1628|PMT1629,PMT1628:ktrB|PMT1629:ktrA,multi_gene,2,2,1,1,2,any_homology,3.0,3.0,1.0,"{""both_sources"": 3, ""single_source"": 2}","{""corroborated"": 4, ""uncorroborated"": 1}",other|single_carrier,True,"{""strong"": 2}",resolved,5,5,5,4,0,0,0,0,,tcdb_level3,False,1,run_PMT1625,family_inferred|homology,both_sources|single_source,corroborated|uncorroborated,2,False,False,False,True
sys_PMT1635,PMT1635,PMT1635:,single_gene,1,1,1,1,0,any_homology,2.0,2.0,0.4,"{""single_source"": 2}","{""corroborated"": 1, ""uncorroborated"": 1}",atpase,False,"{""strong"": 1}",resolved,176,176,0,159,1,0,0,0,,,False,1,run_PMT1632,homology,single_source,corroborated|uncorroborated,1,False,False,True,False
sys_PMT1636,PMT1636,PMT1636:degQ,single_gene,1,1,1,0,0,any_homology,2.0,2.0,0.0,"{""single_source"": 2}","{""uncorroborated"": 2}",other,False,"{""none"": 1}",resolved,0,0,0,0,0,0,0,0,,,False,1,run_PMT1636,homology,single_source,uncorroborated,0,False,False,False,False
sys_PMT1646,PMT1646,PMT1646:,single_gene,1,1,1,1,0,any_homology,2.0,2.0,0.4,"{""single_source"": 1}","{""corroborated"": 1}",other,False,"{""none"": 1}",resolved,1,1,1,1,0,0,0,0,,,False,1,run_PMT1644,homology,single_source,corroborated,1,False,False,False,False
sys_PMT1648,PMT1648,PMT1648:petD,single_gene,1,1,1,1,0,any_homology,2.0,2.0,0.4,"{""single_source"": 2}","{""corroborated"": 1, ""uncorroborated"": 1}",other,False,"{""tcdb_only"": 1}",resolved,0,0,0,1,0,0,0,0,,,False,1,run_PMT1648,homology,single_source,corroborated|uncorroborated,1,False,False,False,False
sys_PMT1649,PMT1649,PMT1649:petB,single_gene,1,1,1,1,0,any_homology,2.0,2.0,0.4,"{""single_source"": 3}","{""uncorroborated"": 2, ""corroborated"": 1}",other,False,"{""tcdb_only"": 1}",resolved,0,0,0,1,0,0,0,0,,,False,1,run_PMT1648,homology,single_source,corroborated|uncorroborated,1,False,False,False,False
sys_PMT1650,PMT1650,PMT1650:ctp,single_gene,1,1,1,0,0,any_homology,2.0,2.0,0.0,"{""single_source"": 1}","{""uncorroborated"": 1}",other,False,"{""none"": 1}",resolved,0,0,0,1,0,0,0,0,,,False,1,run_PMT1650,homology,single_source,uncorroborated,0,False,False,False,False
sys_PMT1653,PMT1653,PMT1653:minD,single_gene,1,1,1,1,0,any_homology,2.0,2.0,0.2,"{""single_source"": 3}","{""uncorroborated"": 3}",other,False,"{""tcdb_only"": 1}",resolved,177,177,1,159,1,0,0,0,,,False,1,run_PMT1650,homology,single_source,uncorroborated,0,False,False,False,False
sys_PMT1661,PMT1661,PMT1661:dprA,single_gene,1,1,1,0,0,any_homology,2.0,2.0,0.0,"{""single_source"": 1}","{""uncorroborated"": 1}",other,False,"{""tcdb_only"": 1}",resolved,0,0,0,1,0,0,0,0,,,False,1,run_PMT1659,homology,single_source,uncorroborated,0,False,False,False,False
sys_PMT1664,PMT1664,PMT1664:petF,single_gene,1,1,1,1,0,any_homology,3.0,3.0,0.6,"{""single_source"": 1}","{""corroborated"": 1}",other,False,"{""tcdb_only"": 1}",resolved,0,0,0,0,0,0,0,0,,,False,1,run_PMT_1663,homology,single_source,corroborated,1,False,False,False,False
sys_PMT1665,PMT1665,PMT1665:psbB,single_gene,1,1,1,1,0,any_homology,3.0,3.0,0.6,"{""single_source"": 1}","{""corroborated"": 1}",other,False,"{""tcdb_only"": 1}",resolved,0,0,0,0,0,0,0,0,,,False,1,run_PMT1665,homology,single_source,corroborated,1,False,False,False,False
sys_PMT1682,PMT1682,PMT1682:ppeA,single_gene,1,1,1,1,0,any_homology,3.0,3.0,0.2,"{""single_source"": 1}","{""uncorroborated"": 1}",other,False,"{""tcdb_only"": 1}",resolved,2,2,2,1,0,0,0,0,,,False,1,run_PMT1681,homology,single_source,uncorroborated,0,False,False,False,False
sys_PMT1685,PMT1685,PMT1685:ho1,single_gene,1,1,1,1,0,any_homology,3.0,3.0,0.2,"{""single_source"": 1}","{""uncorroborated"": 1}",other,False,"{""none"": 1}",resolved,1,1,1,0,0,0,0,0,,,False,1,run_AKG35_RS13665,homology,single_source,uncorroborated,0,False,False,False,False
sys_PMT1687,PMT1687,PMT1687:pebB,single_gene,1,1,1,0,0,any_homology,2.0,2.0,0.0,"{""single_source"": 1}","{""uncorroborated"": 1}",other,False,"{""tcdb_only"": 1}",resolved,0,0,0,2,0,0,0,0,,,False,1,run_AKG35_RS13665,homology,single_source,uncorroborated,0,False,False,False,False
sys_PMT1707,PMT1707,PMT1707:abpC,single_gene,1,1,1,1,0,any_homology,2.0,2.0,0.2,"{""single_source"": 2}","{""uncorroborated"": 2}",other,False,"{""tcdb_only"": 1}",resolved,176,176,0,159,1,1,0,0,,,False,1,run_PMT1701,homology,single_source,uncorroborated,0,False,False,False,False
sys_PMT1708,PMT1708,PMT1708:mrdB,single_gene,1,1,1,0,0,any_homology,2.0,2.0,0.0,"{""single_source"": 1}","{""uncorroborated"": 1}",other,False,"{""tcdb_only"": 1}",resolved,0,0,0,1,0,0,0,0,,,False,1,run_PMT1701,homology,single_source,uncorroborated,0,False,False,False,False
sys_PMT1710,PMT1710,PMT1710:psaD,single_gene,1,1,1,1,0,any_homology,3.0,3.0,0.6,"{""single_source"": 1}","{""corroborated"": 1}",other,False,"{""none"": 1}",resolved,1,1,1,1,0,0,0,0,,,False,1,run_PMT1701,homology,single_source,corroborated,1,False,False,False,False
sys_PMT1719,PMT1719,PMT1719:moeB,single_gene,1,1,1,0,0,any_homology,2.0,2.0,0.0,"{""single_source"": 2}","{""uncorroborated"": 2}",other,False,"{""tcdb_only"": 1}",resolved,1,1,1,2,0,0,0,0,,,False,1,run_PMT1717,homology,single_source,uncorroborated,0,False,False,False,False
sys_PMT1721,PMT1721,PMT1721:,single_gene,1,1,1,0,0,any_homology,2.0,2.0,0.0,"{""single_source"": 1}","{""uncorroborated"": 1}",other,False,"{""none"": 1}",resolved,0,0,0,0,0,0,0,0,,,False,1,run_PMT1721,homology,single_source,uncorroborated,0,False,False,False,False
sys_PMT1729,PMT1729,PMT1729:,single_gene,1,1,1,1,0,any_homology,2.0,2.0,0.2,"{""single_source"": 1}","{""uncorroborated"": 1}",other,False,"{""none"": 1}",resolved,1,1,1,1,0,0,0,0,,,False,1,run_PMT1727,homology,single_source,uncorroborated,0,False,False,False,False
sys_PMT1731,PMT1731,PMT1731:ndhN,single_gene,1,1,1,1,0,any_homology,3.0,3.0,0.6,"{""single_source"": 1}","{""corroborated"": 1}",other,False,"{""tcdb_only"": 1}",resolved,0,0,0,0,0,0,0,0,,,False,1,run_PMT1727,homology,single_source,corroborated,1,False,False,False,False
sys_PMT1750,PMT1750,PMT1750:secY,single_gene,1,1,1,1,0,any_homology,2.0,2.0,0.8,"{""both_sources"": 1}","{""corroborated"": 1}",other,False,"{""tcdb_only"": 1}",resolved,0,0,0,3,0,0,0,0,,,False,1,run_PMT1732,homology,both_sources,corroborated,1,False,False,False,False
sys_PMT1765,PMT1765,PMT1765:spr,single_gene,1,1,1,1,0,any_homology,2.0,2.0,0.2,"{""single_source"": 1}","{""corroborated"": 1}",other,False,"{""tcdb_only"": 1}",resolved,1,1,1,3,0,0,0,0,,,False,1,run_PMT1765,homology,single_source,corroborated,1,False,False,False,False
sys_PMT1766,PMT1766,PMT1766:,single_gene,1,1,1,1,0,any_homology,2.0,2.0,0.2,"{""single_source"": 4}","{""uncorroborated"": 4}",other,False,"{""tcdb_only"": 1}",resolved,2,2,2,4,0,0,0,0,,,False,1,run_PMT1765,homology,single_source,uncorroborated,0,False,False,False,False
sys_PMT1768,PMT1768,PMT1768:psaL,single_gene,1,1,1,1,0,any_homology,3.0,3.0,0.6,"{""single_source"": 1}","{""corroborated"": 1}",other,False,"{""none"": 1}",resolved,1,1,1,1,0,0,0,0,,,False,1,run_PMT1765,homology,single_source,corroborated,1,False,False,False,False
sys_PMT1769,PMT1769|PMT1770,PMT1769:psaB|PMT1770:psaA,multi_gene,2,2,2,2,0,any_homology,3.0,3.0,0.6,"{""single_source"": 2}","{""corroborated"": 2}",other,False,"{""none"": 2}",resolved,1,1,1,1,0,0,0,0,,tcdb_level3,False,1,run_PMT1769,homology,single_source,corroborated,2,False,False,False,False
sys_PMT1771,PMT1771,PMT1771:isp,single_gene,1,1,0,0,1,all_family_inferred,3.0,3.0,0.2,"{""single_source"": 1}","{""uncorroborated"": 1}",other,False,"{""tcdb_only"": 1}",resolved,1,1,1,1,0,0,0,0,,,False,1,run_PMT1771,family_inferred,single_source,uncorroborated,0,False,False,False,False
sys_PMT1784,PMT1784,PMT1784:lon,single_gene,1,1,1,0,0,any_homology,2.0,2.0,0.0,"{""single_source"": 2}","{""uncorroborated"": 2}",other,False,"{""none"": 1}",resolved,0,0,0,0,0,0,0,0,,,False,1,run_PMT1779,homology,single_source,uncorroborated,0,False,False,False,False
sys_PMT1793,PMT1793,PMT1793:,single_gene,1,1,1,0,0,any_homology,2.0,2.0,0.0,"{""single_source"": 1}","{""uncorroborated"": 1}",other,False,"{""none"": 1}",resolved,0,0,0,1,0,0,0,0,,,False,1,run_PMT1791,homology,single_source,uncorroborated,0,False,False,False,False
sys_PMT1798,PMT1798,PMT1798:ftsH1,single_gene,1,1,1,1,0,any_homology,3.0,3.0,0.2,"{""single_source"": 2}","{""uncorroborated"": 2}",other,False,"{""tcdb_only"": 1}",resolved,1,1,1,2,0,0,0,0,,,False,1,run_PMT1797,homology,single_source,uncorroborated,0,False,False,False,False
sys_PMT1800,PMT1800,PMT1800:psbO,single_gene,1,1,1,0,0,any_homology,2.0,2.0,0.0,"{""single_source"": 1}","{""uncorroborated"": 1}",other,False,"{""tcdb_only"": 1}",resolved,0,0,0,0,0,0,0,0,,,False,1,run_PMT1797,homology,single_source,uncorroborated,0,False,False,False,False
sys_PMT1806,PMT1806,PMT1806:ndbA,single_gene,1,1,1,0,0,any_homology,2.0,2.0,0.0,"{""single_source"": 1}","{""uncorroborated"": 1}",other,False,"{""none"": 1}",resolved,1,1,1,1,0,0,0,0,,,False,1,run_PMT1804,homology,single_source,uncorroborated,0,False,False,False,False
sys_PMT1813,PMT1813,PMT1813:,single_gene,1,1,1,0,0,any_homology,2.0,2.0,0.0,"{""single_source"": 1}","{""uncorroborated"": 1}",other,False,"{""tcdb_only"": 1}",resolved,1,1,1,1,0,0,0,0,,,False,1,run_PMT1813,homology,single_source,uncorroborated,0,False,False,False,False
sys_PMT1814,PMT1814,PMT1814:,single_gene,1,0,0,0,0,no_tcdb,,,,{},{},other,False,"{""none"": 1}",,0,0,0,0,0,0,0,0,,,False,1,run_PMT1814,,,,0,False,False,False,False
sys_PMT1816,PMT1816,PMT1816:crtR,single_gene,1,1,1,0,0,any_homology,2.0,2.0,0.0,"{""single_source"": 1}","{""uncorroborated"": 1}",other,False,"{""none"": 1}",resolved,0,0,0,1,0,0,0,0,,,False,1,run_PMT1816,homology,single_source,uncorroborated,0,False,False,False,False
sys_PMT1821,PMT1821,PMT1821:ictB,single_gene,1,1,1,1,0,any_homology,3.0,3.0,0.6,"{""both_sources"": 1}","{""uncorroborated"": 1}",other,False,"{""none"": 1}",resolved,0,0,0,0,0,0,0,0,,,False,1,run_PMT1819,homology,both_sources,uncorroborated,0,False,False,False,False
sys_PMT1826,PMT1826,PMT1826:txlA,single_gene,1,1,1,1,0,any_homology,2.0,2.0,0.2,"{""single_source"": 2}","{""uncorroborated"": 2}",other,False,"{""tcdb_only"": 1}",resolved,0,0,0,2,0,0,0,0,,,False,1,run_PMT1819,homology,single_source,uncorroborated,0,False,False,False,False
sys_PMT1836,PMT1836,PMT1836:tatA,single_gene,1,1,1,1,0,any_homology,2.0,2.0,0.8,"{""both_sources"": 1}","{""corroborated"": 1}",other,False,"{""tcdb_only"": 1}",resolved,0,0,0,2,0,0,0,0,,,False,1,run_PMT1834,homology,both_sources,corroborated,1,False,False,False,False
sys_PMT1837,PMT1837,PMT1837:psbH,single_gene,1,1,1,1,0,any_homology,3.0,3.0,0.4,"{""single_source"": 1}","{""uncorroborated"": 1}",other,False,"{""tcdb_only"": 1}",resolved,0,0,0,0,0,0,0,0,,,False,1,run_PMT1834,homology,single_source,uncorroborated,0,False,False,False,False
sys_PMT1846,PMT1846,PMT1846:rfe,single_gene,1,1,1,0,0,any_homology,2.0,2.0,0.0,"{""single_source"": 1}","{""uncorroborated"": 1}",other,False,"{""none"": 1}",resolved,0,0,0,0,0,0,0,0,,,False,1,run_PMT_1842,homology,single_source,uncorroborated,0,False,False,False,False
sys_PMT1851,PMT1851,PMT1851:murJ,single_gene,1,1,0,0,1,all_family_inferred,3.0,3.0,0.8,"{""both_sources"": 1}","{""corroborated"": 1}",other,False,"{""strong"": 1}",resolved,2,2,2,1,0,0,0,0,,,False,1,run_PMT1851,family_inferred,both_sources,corroborated,1,False,False,False,False
sys_PMT1853,PMT1853,PMT1853:amt1,single_gene,1,1,1,1,0,any_homology,2.0,2.0,0.8,"{""both_sources"": 1}","{""corroborated"": 1}",single_carrier,True,"{""strong"": 1}",resolved,5,5,5,1,1,0,1,0,,,False,1,run_PMT_1848,homology,both_sources,corroborated,1,False,False,False,True
sys_PMT1860,PMT1860,PMT1860:,single_gene,1,1,1,0,0,any_homology,2.0,2.0,0.0,"{""single_source"": 1}","{""uncorroborated"": 1}",other,False,"{""none"": 1}",resolved,0,0,0,0,0,0,0,0,,,False,1,run_PMT1860,homology,single_source,uncorroborated,0,False,False,False,False
sys_PMT1866,PMT1866,PMT1866:,single_gene,1,1,1,1,0,any_homology,2.0,2.0,0.4,"{""single_source"": 3}","{""uncorroborated"": 2, ""corroborated"": 1}",other,False,"{""strong"": 1}",resolved,0,0,0,0,0,0,0,0,,,False,1,run_PMT1864,homology,single_source,corroborated|uncorroborated,1,False,False,False,False
sys_PMT1873,PMT1873,PMT1873:,single_gene,1,1,1,1,0,any_homology,2.0,2.0,0.4,"{""single_source"": 1}","{""corroborated"": 1}",single_carrier,True,"{""strong"": 1}",family_inferred,77,76,0,87,3,0,0,0,,,False,1,run_PMT1873,homology,single_source,corroborated,1,False,False,False,True
sys_PMT1891,PMT1891,PMT1891:ndhJ,single_gene,1,1,1,1,0,any_homology,2.0,2.0,0.4,"{""single_source"": 3}","{""uncorroborated"": 2, ""corroborated"": 1}",other,False,"{""tcdb_only"": 1}",resolved,0,0,0,0,0,0,0,0,,,False,1,run_PMT1891,homology,single_source,corroborated|uncorroborated,1,False,False,False,False
sys_PMT1892,PMT1892|PMT1893,PMT1892:ndhK|PMT1893:ndhC,multi_gene,2,2,2,2,0,any_homology,3.0,3.0,0.6,"{""single_source"": 6}","{""corroborated"": 4, ""uncorroborated"": 2}",other,False,"{""tcdb_only"": 2}",resolved,1,1,1,0,0,0,0,0,,tcdb_level3,False,1,run_PMT1891,homology,single_source,corroborated|uncorroborated,2,False,False,False,False
sys_PMT1896,PMT1896,PMT1896:psbE,single_gene,1,1,1,1,0,any_homology,3.0,3.0,0.4,"{""single_source"": 1}","{""uncorroborated"": 1}",other,False,"{""tcdb_only"": 1}",resolved,0,0,0,0,0,0,0,0,,,False,1,run_PMT1894,homology,single_source,uncorroborated,0,False,False,False,False
sys_PMT1902,PMT1902,PMT1902:,single_gene,1,1,1,0,0,any_homology,2.0,2.0,0.0,"{""single_source"": 1}","{""uncorroborated"": 1}",other,False,"{""tcdb_only"": 1}",resolved,0,0,0,1,0,0,0,0,,,False,1,run_PMT1902,homology,single_source,uncorroborated,0,False,False,False,False
sys_PMT1903,PMT1903,PMT1903:,single_gene,1,1,1,0,0,any_homology,2.0,2.0,0.0,"{""single_source"": 1}","{""uncorroborated"": 1}",other,False,"{""none"": 1}",resolved,0,0,0,0,0,0,0,0,,,False,1,run_PMT1903,homology,single_source,uncorroborated,0,False,False,False,False
sys_PMT1907,PMT1907,PMT1907:galE,single_gene,1,1,1,0,0,any_homology,2.0,2.0,0.0,"{""single_source"": 1}","{""uncorroborated"": 1}",other,False,"{""none"": 1}",resolved,0,0,0,0,0,0,0,0,,,False,1,run_PMT1907,homology,single_source,uncorroborated,0,False,False,False,False
sys_PMT1908,PMT1908,PMT1908:wcaJ,single_gene,1,1,1,0,0,any_homology,2.0,2.0,0.0,"{""single_source"": 1}","{""uncorroborated"": 1}",other,False,"{""none"": 1}",resolved,0,0,0,0,0,0,0,0,,,False,1,run_PMT1907,homology,single_source,uncorroborated,0,False,False,False,False
sys_PMT1920,PMT1920,PMT1920:,single_gene,1,1,1,0,0,any_homology,2.0,2.0,0.0,"{""single_source"": 1}","{""uncorroborated"": 1}",other,False,"{""tcdb_only"": 1}",resolved,1,1,1,1,0,0,0,0,,,False,1,run_PMT1920,homology,single_source,uncorroborated,0,False,False,False,False
sys_PMT1921,PMT1921,PMT1921:,single_gene,1,1,0,0,1,all_family_inferred,3.0,3.0,0.2,"{""single_source"": 1}","{""uncorroborated"": 1}",other,False,"{""none"": 1}",resolved,1,1,1,1,0,0,0,0,,,False,1,run_PMT1920,family_inferred,single_source,uncorroborated,0,False,False,False,False
sys_PMT1926,PMT1926,PMT1926:,single_gene,1,1,1,1,0,any_homology,2.0,2.0,0.4,"{""single_source"": 1}","{""corroborated"": 1}",other,False,"{""tcdb_only"": 1}",family_inferred,5,4,0,24,0,0,0,0,,,False,1,run_PMT_2847,homology,single_source,corroborated,1,False,False,False,False
sys_PMT1929,PMT1929,PMT1929:,single_gene,1,1,0,0,1,all_family_inferred,3.0,3.0,0.8,"{""both_sources"": 3}","{""corroborated"": 2, ""uncorroborated"": 1}",mixed,True,"{""strong"": 1}",resolved,23,23,23,10,0,0,0,0,,,False,1,run_PMT_2847,family_inferred,both_sources,corroborated|uncorroborated,1,False,False,False,False
sys_PMT1934,PMT1934,PMT1934:,single_gene,1,1,1,1,0,any_homology,3.0,3.0,0.6,"{""single_source"": 1}","{""corroborated"": 1}",other,False,"{""none"": 1}",resolved,3,3,3,2,0,0,0,0,,,False,1,run_PMT1934,homology,single_source,corroborated,1,False,False,False,False
sys_PMT1944,PMT1944,PMT1944:nhaS,single_gene,1,1,1,1,0,any_homology,2.0,2.0,0.4,"{""single_source"": 1}","{""corroborated"": 1}",single_carrier,True,"{""strong"": 1}",resolved,2,2,2,1,0,0,0,0,,,False,1,run_PMT1942,homology,single_source,corroborated,1,False,False,False,True
sys_PMT1950,PMT1950,PMT1950:ndhS,single_gene,1,1,1,1,0,any_homology,3.0,3.0,0.4,"{""single_source"": 1}","{""uncorroborated"": 1}",other,False,"{""tcdb_only"": 1}",resolved,0,0,0,0,0,0,0,0,,,False,1,run_PMT1950,homology,single_source,uncorroborated,0,False,False,False,False
sys_PMT1954,PMT1954,PMT1954:psaC,single_gene,1,1,1,1,0,any_homology,3.0,3.0,0.6,"{""single_source"": 1}","{""corroborated"": 1}",other,False,"{""none"": 1}",resolved,1,1,1,1,0,0,0,0,,,False,1,run_PMT1953,homology,single_source,corroborated,1,False,False,False,False
sys_PMT1955,PMT1955,PMT1955:acpP,single_gene,1,1,1,1,0,any_homology,3.0,3.0,0.6,"{""single_source"": 2}","{""uncorroborated"": 1, ""corroborated"": 1}",other,False,"{""tcdb_only"": 1}",resolved,1,1,1,2,0,0,0,0,,,False,1,run_PMT1955,homology,single_source,corroborated|uncorroborated,1,False,False,False,False
sys_PMT1956,PMT1956,PMT1956:fabF,single_gene,1,1,1,0,0,any_homology,2.0,2.0,0.0,"{""single_source"": 1}","{""uncorroborated"": 1}",other,False,"{""none"": 1}",resolved,0,0,0,0,0,0,0,0,,,False,1,run_PMT1955,homology,single_source,uncorroborated,0,False,False,False,False
sys_PMT1958,PMT1958,PMT1958:uxs,single_gene,1,1,1,0,0,any_homology,2.0,2.0,0.0,"{""single_source"": 1}","{""uncorroborated"": 1}",other,False,"{""none"": 1}",resolved,0,0,0,0,0,0,0,0,,,False,1,run_PMT1955,homology,single_source,uncorroborated,0,False,False,False,False
sys_PMT1959,PMT1959,PMT1959:,single_gene,1,1,1,0,0,any_homology,2.0,2.0,0.0,"{""single_source"": 2}","{""uncorroborated"": 2}",other,False,"{""none"": 1}",resolved,2,2,2,3,0,0,0,0,,,False,1,run_PMT1959,homology,single_source,uncorroborated,0,False,False,False,False
sys_PMT1961,PMT1961,PMT1961:gst,single_gene,1,1,0,0,1,all_family_inferred,4.0,4.0,0.4,"{""both_sources"": 2}","{""uncorroborated"": 2}",other,False,"{""strong"": 1}",resolved,1,1,1,0,0,0,0,0,,,False,1,run_PMT1960,family_inferred,both_sources,uncorroborated,0,False,False,False,False
sys_PMT1965,PMT1965,PMT1965:,single_gene,1,1,1,0,0,any_homology,2.0,2.0,0.0,"{""single_source"": 1}","{""uncorroborated"": 1}",other,False,"{""none"": 1}",resolved,0,0,0,2,0,0,0,0,,,False,1,run_PMT1962,homology,single_source,uncorroborated,0,False,False,False,False
sys_PMT1974,PMT1974,PMT1974:,single_gene,1,1,0,0,1,all_family_inferred,3.0,3.0,0.8,"{""both_sources"": 1}","{""corroborated"": 1}",single_carrier,True,"{""strong"": 1}",resolved,1,1,1,0,0,0,0,0,,,False,1,run_PMT1973,family_inferred,both_sources,corroborated,1,False,False,False,True
sys_PMT1975,PMT1975,PMT1975:ndhO,single_gene,1,1,1,1,0,any_homology,3.0,3.0,0.6,"{""single_source"": 1}","{""corroborated"": 1}",other,False,"{""tcdb_only"": 1}",resolved,0,0,0,0,0,0,0,0,,,False,1,run_PMT1975,homology,single_source,corroborated,1,False,False,False,False
sys_PMT1976,PMT1976,PMT1976:,single_gene,1,1,1,0,0,any_homology,2.0,2.0,0.0,"{""single_source"": 1}","{""uncorroborated"": 1}",other,False,"{""none"": 1}",resolved,5,5,5,5,0,0,0,0,,,False,1,run_PMT1973,homology,single_source,uncorroborated,0,False,False,False,False
sys_PMT1979,PMT1979,PMT1979:som,single_gene,1,1,1,0,0,any_homology,2.0,2.0,0.0,"{""single_source"": 1}","{""uncorroborated"": 1}",single_carrier,True,"{""strong"": 1}",resolved,0,0,0,3,0,0,0,0,,,False,1,run_PMT1973,homology,single_source,uncorroborated,0,False,False,False,True
sys_PMT1980,PMT1980,PMT1980:,single_gene,1,1,1,0,0,any_homology,2.0,2.0,0.0,"{""single_source"": 1}","{""uncorroborated"": 1}",other,False,"{""none"": 1}",resolved,5,5,5,5,0,0,0,0,,,False,1,run_PMT1980,homology,single_source,uncorroborated,0,False,False,False,False
sys_PMT1982,PMT1982,PMT1982:,single_gene,1,1,1,0,0,any_homology,2.0,2.0,0.0,"{""single_source"": 1}","{""uncorroborated"": 1}",other,False,"{""none"": 1}",resolved,5,5,5,5,0,0,0,0,,,False,1,run_PMT1980,homology,single_source,uncorroborated,0,False,False,False,False
sys_PMT1983,PMT1983,PMT1983:,single_gene,1,1,1,0,0,any_homology,2.0,2.0,0.0,"{""single_source"": 1}","{""uncorroborated"": 1}",other,False,"{""none"": 1}",resolved,5,5,5,5,0,0,0,0,,,False,1,run_PMT1980,homology,single_source,uncorroborated,0,False,False,False,False
sys_PMT1985,PMT1985,PMT1985:,single_gene,1,1,1,0,0,any_homology,2.0,2.0,0.0,"{""single_source"": 1}","{""uncorroborated"": 1}",other,False,"{""none"": 1}",resolved,0,0,0,0,0,0,0,0,,,False,1,run_PMT1985,homology,single_source,uncorroborated,0,False,False,False,False
sys_PMT1987,PMT1987,PMT1987:ecfA1,single_gene,1,1,0,0,1,all_family_inferred,3.0,3.0,0.8,"{""both_sources"": 7}","{""corroborated"": 7}",atpase,False,"{""strong"": 1}",resolved,11,10,10,2,0,0,0,0,,,False,1,run_PMT1986,family_inferred,both_sources,corroborated,1,False,False,True,False
sys_PMT1988,PMT1988,PMT1988:rpaA,single_gene,1,1,1,0,0,any_homology,2.0,2.0,0.0,"{""single_source"": 2}","{""uncorroborated"": 2}",other,False,"{""tcdb_only"": 1}",resolved,8,8,8,8,1,0,0,0,,,False,1,run_PMT1988,homology,single_source,uncorroborated,0,False,False,False,False
sys_PMT1991,PMT1991,PMT1991:zntA,single_gene,1,1,0,0,1,all_family_inferred,3.0,3.0,0.8,"{""both_sources"": 1}","{""corroborated"": 1}",other,False,"{""strong"": 1}",resolved,3,3,3,2,0,0,0,0,,,False,1,run_PMT1989,family_inferred,both_sources,corroborated,1,False,False,False,False
sys_PMT1994,PMT1994,PMT1994:rpaB,single_gene,1,1,1,0,0,any_homology,2.0,2.0,0.0,"{""single_source"": 1}","{""uncorroborated"": 1}",other,False,"{""tcdb_only"": 1}",resolved,8,8,8,7,0,0,0,0,,,False,1,run_PMT1992,homology,single_source,uncorroborated,0,False,False,False,False
sys_PMT1998,PMT1998,PMT1998:plsC1,single_gene,1,1,1,1,0,any_homology,2.0,2.0,0.2,"{""single_source"": 2}","{""uncorroborated"": 2}",other,False,"{""tcdb_only"": 1}",family_inferred,83,82,0,105,5,3,0,0,,,False,1,run_PMT1992,homology,single_source,uncorroborated,0,False,False,False,False
sys_PMT2002,PMT2002,PMT2002:,single_gene,1,0,0,0,0,no_tcdb,,,,{},{},other,False,"{""none"": 1}",,0,0,0,0,0,0,0,0,,,False,1,run_PMT2001,,,,0,False,False,False,False
sys_PMT2005,PMT2005,PMT2005:ndhM,single_gene,1,1,1,1,0,any_homology,3.0,3.0,0.6,"{""single_source"": 1}","{""corroborated"": 1}",other,False,"{""tcdb_only"": 1}",resolved,0,0,0,0,0,0,0,0,,,False,1,run_PMT2005,homology,single_source,corroborated,1,False,False,False,False
sys_PMT2009,PMT2009,PMT2009:ndhF1,single_gene,1,1,1,1,0,any_homology,2.0,2.0,0.4,"{""single_source"": 4}","{""uncorroborated"": 3, ""corroborated"": 1}",other,False,"{""tcdb_only"": 1}",resolved,0,0,0,0,0,0,0,0,,,False,1,run_PMT2005,homology,single_source,corroborated|uncorroborated,1,False,False,False,False
sys_PMT2010,PMT2010,PMT2010:ndhD1,single_gene,1,1,1,1,0,any_homology,2.0,2.0,0.4,"{""single_source"": 4}","{""uncorroborated"": 3, ""corroborated"": 1}",other,False,"{""tcdb_only"": 1}",resolved,0,0,0,0,0,0,0,0,,,False,1,run_PMT2005,homology,single_source,corroborated|uncorroborated,1,False,False,False,False
sys_PMT2013,PMT2013,PMT2013:metF,single_gene,1,1,1,0,0,any_homology,2.0,2.0,0.0,"{""single_source"": 2}","{""uncorroborated"": 2}",other,False,"{""tcdb_only"": 1}",resolved,1,1,1,1,0,0,0,0,,,False,1,run_PMT2013,homology,single_source,uncorroborated,0,False,False,False,False
sys_PMT2017,PMT2017|PMT2020,PMT2017:ndhE|PMT2020:ndhA,multi_gene,2,2,2,2,0,any_homology,3.0,3.0,0.6,"{""single_source"": 6}","{""corroborated"": 5, ""uncorroborated"": 1}",other,False,"{""tcdb_only"": 2}",resolved,1,1,1,0,0,0,0,0,,tcdb_level3,False,1,run_PMT2015,homology,single_source,corroborated|uncorroborated,2,False,False,False,False
sys_PMT2018,PMT2018,PMT2018:ndhG,single_gene,1,1,1,1,0,any_homology,2.0,2.0,0.4,"{""single_source"": 2}","{""corroborated"": 1, ""uncorroborated"": 1}",other,False,"{""tcdb_only"": 1}",resolved,0,0,0,0,0,0,0,0,,,False,1,run_PMT2015,homology,single_source,corroborated|uncorroborated,1,False,False,False,False
sys_PMT2019,PMT2019,PMT2019:ndhI,single_gene,1,1,1,1,0,any_homology,2.0,2.0,0.4,"{""single_source"": 1}","{""corroborated"": 1}",other,False,"{""tcdb_only"": 1}",resolved,0,0,0,0,0,0,0,0,,,False,1,run_PMT2015,homology,single_source,corroborated,1,False,False,False,False
sys_PMT2030,PMT2030,PMT2030:,single_gene,1,1,1,1,0,any_homology,2.0,2.0,0.2,"{""single_source"": 1}","{""corroborated"": 1}",single_carrier,True,"{""strong"": 1}",resolved,0,0,0,0,0,0,0,0,,,False,1,run_PMT2030,homology,single_source,corroborated,1,False,False,False,True
sys_PMT2031,PMT2031,PMT2031:,single_gene,1,1,1,0,0,any_homology,2.0,2.0,0.0,"{""single_source"": 1}","{""uncorroborated"": 1}",other,False,"{""none"": 1}",resolved,0,0,0,0,0,0,0,0,,,False,1,run_PMT2031,homology,single_source,uncorroborated,0,False,False,False,False
sys_PMT2032,PMT2032,PMT2032:,single_gene,1,1,1,1,0,any_homology,2.0,2.0,0.2,"{""single_source"": 1}","{""corroborated"": 1}",other,False,"{""none"": 1}",resolved,0,0,0,1,0,0,0,0,,,False,1,run_PMT2031,homology,single_source,corroborated,1,False,False,False,False
sys_PMT2033,PMT2033,PMT2033:,single_gene,1,1,0,0,1,all_family_inferred,2.0,2.0,0.4,"{""single_source"": 1}","{""corroborated"": 1}",other,False,"{""none"": 1}",resolved,0,0,0,1,0,0,0,0,,,False,1,run_PMT2031,family_inferred,single_source,corroborated,1,False,False,False,False
sys_PMT2043,PMT2043,PMT2043:ycf29,single_gene,1,1,1,0,0,any_homology,2.0,2.0,0.0,"{""single_source"": 3}","{""uncorroborated"": 3}",other,False,"{""tcdb_only"": 1}",resolved,8,8,8,9,0,0,0,0,,,False,1,run_PMT2041,homology,single_source,uncorroborated,0,False,False,False,False
sys_PMT2049,PMT2049,PMT2049:ndhH,single_gene,1,1,1,1,0,any_homology,2.0,2.0,0.4,"{""single_source"": 3}","{""uncorroborated"": 2, ""corroborated"": 1}",other,False,"{""tcdb_only"": 1}",resolved,0,0,0,0,0,0,0,0,,,False,1,run_PMT2049,homology,single_source,corroborated|uncorroborated,1,False,False,False,False
sys_PMT2077,PMT2077,PMT2077:mscS,single_gene,1,1,0,0,1,all_family_inferred,3.0,3.0,0.8,"{""both_sources"": 1}","{""corroborated"": 1}",single_carrier,True,"{""strong"": 1}",resolved,0,0,0,2,0,0,0,0,,,False,1,run_PMT2077,family_inferred,both_sources,corroborated,1,False,False,False,True
sys_PMT2084,PMT2084,PMT2084:glx1,single_gene,1,1,1,0,0,any_homology,2.0,2.0,0.0,"{""single_source"": 1}","{""uncorroborated"": 1}",other,False,"{""none"": 1}",resolved,0,0,0,0,0,0,0,0,,,False,1,run_PMT2080,homology,single_source,uncorroborated,0,False,False,False,False
sys_PMT2085,PMT2085,PMT2085:clpB2,single_gene,1,1,1,1,0,any_homology,3.0,3.0,0.4,"{""single_source"": 3}","{""uncorroborated"": 2, ""corroborated"": 1}",other,False,"{""tcdb_only"": 1}",resolved,1,1,1,2,0,0,0,0,,,False,1,run_PMT2080,homology,single_source,corroborated|uncorroborated,1,False,False,False,False
sys_PMT2086,PMT2086,PMT2086:secE,single_gene,1,1,0,0,1,all_family_inferred,3.0,3.0,0.8,"{""both_sources"": 2}","{""corroborated"": 2}",other,False,"{""tcdb_only"": 1}",resolved,2,2,2,2,0,0,0,0,,,False,1,run_PMT2080,family_inferred,both_sources,corroborated,1,False,False,False,False
sys_PMT2089,PMT2089,PMT2089:rplA,single_gene,1,1,1,1,0,any_homology,3.0,3.0,0.6,"{""single_source"": 1}","{""corroborated"": 1}",other,False,"{""tcdb_only"": 1}",resolved,1,1,1,1,0,0,0,0,,,False,1,run_PMT2080,homology,single_source,corroborated,1,False,False,False,False
sys_PMT2094,PMT2094,PMT2094:pyrD,single_gene,1,1,1,0,0,any_homology,2.0,2.0,0.0,"{""single_source"": 1}","{""uncorroborated"": 1}",other,False,"{""none"": 1}",resolved,0,0,0,0,0,0,0,0,,,False,1,run_PMT2093,homology,single_source,uncorroborated,0,False,False,False,False
sys_PMT2098,PMT2098,PMT2098:pilQ,single_gene,1,1,1,1,1,any_homology,3.0,3.0,0.4,"{""single_source"": 2}","{""corroborated"": 1, ""uncorroborated"": 1}",other,False,"{""tcdb_only"": 1}",resolved,5,5,5,4,0,0,0,0,,,False,1,run_PMT2093,family_inferred|homology,single_source,corroborated|uncorroborated,1,False,False,False,False
sys_PMT2104,PMT2104,PMT2104:gst,single_gene,1,1,0,0,1,all_family_inferred,4.0,4.0,0.2,"{""single_source"": 2}","{""uncorroborated"": 2}",other,False,"{""strong"": 1}",resolved,1,1,1,0,0,0,0,0,,,False,1,run_PMT2099,family_inferred,single_source,uncorroborated,0,False,False,False,False
sys_PMT2142,PMT2142|PMT2143|PMT2145,PMT2142:|PMT2143:|PMT2145:,multi_gene,3,3,0,0,3,all_family_inferred,3.0,3.0,0.8,"{""both_sources"": 6, ""single_source"": 3}","{""corroborated"": 6, ""uncorroborated"": 3}",mixed,True,"{""strong"": 3}",resolved,23,23,23,10,0,0,0,0,,tcdb_level3,False,1,run_PMT2141,family_inferred,both_sources|single_source,corroborated|uncorroborated,3,False,False,False,False
sys_PMT2144,PMT2144,PMT2144:,single_gene,1,1,1,1,0,any_homology,2.0,2.0,0.2,"{""single_source"": 1}","{""uncorroborated"": 1}",other,False,"{""tcdb_only"": 1}",family_inferred,6,6,0,31,0,0,0,0,,,False,1,run_PMT2141,homology,single_source,uncorroborated,0,False,False,False,False
sys_PMT2146,PMT2146,PMT2146:,single_gene,1,1,1,0,0,any_homology,2.0,2.0,0.0,"{""single_source"": 1}","{""uncorroborated"": 1}",other,False,"{""none"": 1}",resolved,0,0,0,0,2,1,0,0,,,False,1,run_PMT2146,homology,single_source,uncorroborated,0,False,False,False,False
sys_PMT2149,PMT2149,PMT2149:,single_gene,1,1,1,1,0,any_homology,2.0,2.0,0.4,"{""single_source"": 1}","{""corroborated"": 1}",single_carrier,True,"{""strong"": 1}",resolved,0,0,0,5,0,0,0,0,,,False,1,run_PMT2149,homology,single_source,corroborated,1,False,False,False,True
sys_PMT2151,PMT2151,PMT2151:crp,single_gene,1,1,1,1,0,any_homology,2.0,2.0,0.4,"{""single_source"": 2}","{""corroborated"": 1, ""uncorroborated"": 1}",other,False,"{""tcdb_only"": 1}",resolved,5,5,5,4,0,0,0,0,,,False,1,run_PMT2151,homology,single_source,corroborated|uncorroborated,1,False,False,False,False
sys_PMT2152,PMT2152,PMT2152:,single_gene,1,1,1,0,0,any_homology,2.0,2.0,0.0,"{""single_source"": 1}","{""uncorroborated"": 1}",other,False,"{""none"": 1}",resolved,0,0,0,0,2,0,0,0,,,False,1,run_PMT2152,homology,single_source,uncorroborated,0,False,False,False,False
sys_PMT2161,PMT2161|PMT2162,PMT2161:|PMT2162:,multi_gene,2,2,2,2,0,any_homology,3.0,3.0,0.6,"{""single_source"": 2}","{""corroborated"": 2}",other|substrate_binding,False,"{""strong"": 1, ""tcdb_only"": 1}",resolved,1,1,1,0,0,0,0,0,,tcdb_level3,False,1,run_PMT2161,homology,single_source,corroborated,2,True,False,False,False
sys_PMT2163,PMT2163,PMT2163:,single_gene,1,1,1,1,0,any_homology,2.0,2.0,0.2,"{""single_source"": 1}","{""corroborated"": 1}",other,False,"{""tcdb_only"": 1}",resolved,3,3,3,1,0,0,0,0,,,False,1,run_PMT2161,homology,single_source,corroborated,1,False,False,False,False
sys_PMT2171,PMT2171,PMT2171:metC,single_gene,1,0,0,0,0,no_tcdb,,,,{},{},other,False,"{""none"": 1}",,0,0,0,0,0,0,0,0,,,False,1,run_PMT2168,,,,0,False,False,False,False
sys_PMT2186,PMT2186,PMT2186:,single_gene,1,1,1,1,0,any_homology,2.0,2.0,0.4,"{""single_source"": 1}","{""corroborated"": 1}",other,False,"{""none"": 1}",resolved,2,2,2,2,0,0,0,0,,,False,1,run_PMT2186,homology,single_source,corroborated,1,False,False,False,False
sys_PMT2188,PMT2188|PMT2189|PMT2190,PMT2188:evrC|PMT2189:evrB|PMT2190:evrA,multi_gene,3,3,3,3,0,any_homology,3.0,2.0,0.8,"{""both_sources"": 3, ""single_source"": 1}","{""corroborated"": 3, ""uncorroborated"": 1}",atpase|permease,False,"{""strong"": 3}",resolved,178,178,2,159,1,1,0,0,,role|tcdb_level3,False,1,run_PMT2186,homology,both_sources|single_source,corroborated|uncorroborated,3,False,True,True,False
sys_PMT2195,PMT2195,PMT2195:petF,single_gene,1,1,1,1,0,any_homology,2.0,2.0,0.2,"{""single_source"": 1}","{""uncorroborated"": 1}",other,False,"{""none"": 1}",resolved,4,2,2,3,1,0,0,0,,,False,1,run_PMT2194,homology,single_source,uncorroborated,0,False,False,False,False
sys_PMT2199,PMT2199,PMT2199:pdxH2,single_gene,1,1,1,0,0,any_homology,2.0,2.0,0.0,"{""single_source"": 1}","{""uncorroborated"": 1}",other,False,"{""tcdb_only"": 1}",family_inferred,53,53,0,15,1,0,0,0,,,False,1,run_PMT2199,homology,single_source,uncorroborated,0,False,False,False,False
sys_PMT2201,PMT2201|PMT2202|PMT2203,PMT2201:|PMT2202:|PMT2203:lraI,multi_gene,3,3,0,0,3,all_family_inferred,3.0,3.0,0.8,"{""both_sources"": 3}","{""corroborated"": 3}",atpase|permease|substrate_binding,True,"{""strong"": 3}",resolved,1,1,1,1,0,0,0,0,,cross_locus|tcdb_level3,True,2,run_PMT2201|run_PMT2203,family_inferred,both_sources,corroborated,3,True,True,True,False
sys_PMT2207,PMT2207,PMT2207:,single_gene,1,0,0,0,0,no_tcdb,,,,{},{},permease,False,"{""strong"": 1}",,0,0,0,0,0,0,0,0,,,False,1,run_PMT2207,,,,0,False,True,False,False
sys_PMT2210,PMT2210,PMT2210:,single_gene,1,1,1,0,0,any_homology,2.0,2.0,0.0,"{""single_source"": 1}","{""uncorroborated"": 1}",other,False,"{""tcdb_only"": 1}",family_inferred,53,53,0,15,1,1,0,0,,,False,1,run_PMT2210,homology,single_source,uncorroborated,0,False,False,False,False
sys_PMT2213,PMT2213,PMT2213:speE,single_gene,1,1,1,0,0,any_homology,2.0,2.0,0.0,"{""single_source"": 1}","{""uncorroborated"": 1}",other,False,"{""tcdb_only"": 1}",family_inferred,77,76,0,87,4,3,0,0,,,False,1,run_PMT2213,homology,single_source,uncorroborated,0,False,False,False,False
sys_PMT2216,PMT2216,PMT2216:aspS,single_gene,1,1,1,0,0,any_homology,2.0,2.0,0.0,"{""single_source"": 1}","{""uncorroborated"": 1}",other,False,"{""none"": 1}",resolved,0,0,0,0,0,0,0,0,,,False,1,run_PMT2213,homology,single_source,uncorroborated,0,False,False,False,False
sys_PMT2225,PMT2225|PMT2226|PMT2227|PMT2228|PMT2229,PMT2225:urtE|PMT2226:urtD|PMT2227:urtC|PMT2228:urtB|PMT2229:urtA,multi_gene,5,5,1,0,5,any_homology,4.0,4.0,0.8,"{""both_sources"": 10, ""single_source"": 1}","{""corroborated"": 8, ""uncorroborated"": 3}",atpase|permease|substrate_binding,True,"{""strong"": 5}",resolved,3,3,3,1,3,0,3,0,,tcdb_level3,False,1,run_PMT2225,family_inferred|homology,both_sources|single_source,corroborated|uncorroborated,4,True,True,True,False
sys_PMT2240,PMT2240,PMT2240:focA,single_gene,1,1,1,0,0,any_homology,2.0,2.0,0.0,"{""single_source"": 1}","{""uncorroborated"": 1}",other,False,"{""strong"": 1}",resolved,0,0,0,2,1,1,0,0,,,False,1,run_PMT2239,homology,single_source,uncorroborated,0,False,False,False,False
sys_PMT2244,PMT2244,PMT2244:,single_gene,1,1,0,0,1,all_family_inferred,4.0,4.0,0.8,"{""both_sources"": 6}","{""corroborated"": 6}",single_carrier,True,"{""strong"": 1}",resolved,1,1,1,0,0,0,0,0,,,False,1,run_PMT2242,family_inferred,both_sources,corroborated,1,False,False,False,True
sys_PMT2247,PMT2247,PMT2247:VTE5,single_gene,1,1,1,0,0,any_homology,2.0,2.0,0.0,"{""single_source"": 1}","{""uncorroborated"": 1}",other,False,"{""none"": 1}",resolved,0,0,0,0,0,0,0,0,,,False,1,run_PMT2246,homology,single_source,uncorroborated,0,False,False,False,False
sys_PMT2250,PMT2250,PMT2250:eriC,single_gene,1,1,1,1,0,any_homology,2.0,2.0,0.8,"{""both_sources"": 1}","{""corroborated"": 1}",single_carrier,True,"{""strong"": 1}",resolved,2,2,2,3,0,0,0,0,,,False,1,run_PMT2246,homology,both_sources,corroborated,1,False,False,False,True
sys_PMT2255,PMT2255,PMT2255:dnaK3,single_gene,1,1,1,1,1,any_homology,3.0,3.0,0.8,"{""single_source"": 5, ""both_sources"": 1}","{""uncorroborated"": 4, ""corroborated"": 2}",other,False,"{""tcdb_only"": 1}",resolved,4,4,4,3,0,0,0,0,,,False,1,run_PMT2255,family_inferred|homology,both_sources|single_source,corroborated|uncorroborated,1,False,False,False,False
sys_PMT2264,PMT2264,PMT2264:mraY,single_gene,1,1,1,1,0,any_homology,2.0,2.0,0.4,"{""both_sources"": 1}","{""uncorroborated"": 1}",other,False,"{""none"": 1}",resolved,0,0,0,0,0,0,0,0,,,False,1,run_PMT2263,homology,both_sources,uncorroborated,0,False,False,False,False
sys_PMT2270,PMT2270,PMT2270:uvrA,single_gene,1,1,1,1,0,any_homology,2.0,2.0,0.4,"{""single_source"": 1}","{""corroborated"": 1}",atpase,False,"{""strong"": 1}",family_inferred,176,176,0,159,2,0,0,0,,,False,1,run_PMT2269,homology,single_source,corroborated,1,False,False,True,False
sys_PMT_0089,PMT_0089,PMT_0089:oatA,single_gene,1,1,1,1,0,any_homology,2.0,2.0,0.4,"{""single_source"": 1}","{""corroborated"": 1}",other,False,"{""none"": 1}",resolved,2,2,2,1,0,0,0,0,,,False,1,run_PMT0086,homology,single_source,corroborated,1,False,False,False,False
sys_PMT_0093,PMT_0093,PMT_0093:,single_gene,1,1,0,0,1,all_family_inferred,3.0,3.0,0.8,"{""both_sources"": 3}","{""corroborated"": 2, ""uncorroborated"": 1}",mixed,True,"{""strong"": 1}",resolved,23,23,23,10,0,0,0,0,,,False,1,run_PMT0090,family_inferred,both_sources,corroborated|uncorroborated,1,False,False,False,False
sys_PMT_0094,PMT_0094,PMT_0094:,single_gene,1,1,1,1,0,any_homology,2.0,2.0,0.4,"{""single_source"": 2}","{""uncorroborated"": 1, ""corroborated"": 1}",other,False,"{""tcdb_only"": 1}",resolved,176,176,0,159,2,2,0,0,,,False,1,run_PMT0090,homology,single_source,corroborated|uncorroborated,1,False,False,False,False
sys_PMT_0263,PMT_0263,PMT_0263:pilA,single_gene,1,1,1,0,1,any_homology,3.0,3.0,0.8,"{""single_source"": 1, ""both_sources"": 1}","{""uncorroborated"": 1, ""corroborated"": 1}",other,False,"{""tcdb_only"": 1}",resolved,1,1,1,2,0,0,0,0,,,False,1,run_PMT_0263,family_inferred|homology,both_sources|single_source,corroborated|uncorroborated,1,False,False,False,False
sys_PMT_0289,PMT_0289|PMT_2338|PMT_2339,PMT_0289:comEC|PMT_2338:comEC|PMT_2339:,multi_gene,3,3,0,0,3,all_family_inferred,3.0,3.0,0.8,"{""single_source"": 4, ""both_sources"": 2}","{""corroborated"": 6}",other,False,"{""tcdb_only"": 3}",resolved,1,1,1,1,0,0,0,0,,tcdb_level3,False,1,run_PMT_0289,family_inferred,both_sources|single_source,corroborated,3,False,False,False,False
sys_PMT_0331,PMT_0331,PMT_0331:argD,single_gene,1,1,1,0,0,any_homology,2.0,2.0,0.0,"{""single_source"": 1}","{""uncorroborated"": 1}",other,False,"{""none"": 1}",resolved,0,0,0,0,0,0,0,0,,,False,1,run_PMT0329,homology,single_source,uncorroborated,0,False,False,False,False
sys_PMT_0376,PMT_0376,PMT_0376:,single_gene,1,1,1,1,0,any_homology,2.0,2.0,0.4,"{""single_source"": 1}","{""corroborated"": 1}",single_carrier,True,"{""strong"": 1}",resolved,5,5,5,4,1,0,1,0,,,False,1,run_PMT_0376,homology,single_source,corroborated,1,False,False,False,True
sys_PMT_0467,PMT_0467,PMT_0467:ndhL,single_gene,1,1,1,1,0,any_homology,3.0,3.0,0.6,"{""single_source"": 1}","{""corroborated"": 1}",other,False,"{""tcdb_only"": 1}",resolved,0,0,0,0,0,0,0,0,,,False,1,run_PMT0463,homology,single_source,corroborated,1,False,False,False,False
sys_PMT_0549,PMT_0549,PMT_0549:,single_gene,1,1,1,0,0,any_homology,2.0,2.0,0.0,"{""single_source"": 1}","{""uncorroborated"": 1}",other,False,"{""none"": 1}",resolved,0,0,0,0,0,0,0,0,,,False,1,run_PMT_0549,homology,single_source,uncorroborated,0,False,False,False,False
sys_PMT_0915,PMT_0915,PMT_0915:,single_gene,1,1,1,1,0,any_homology,2.0,2.0,0.2,"{""single_source"": 3}","{""uncorroborated"": 3}",other,False,"{""tcdb_only"": 1}",resolved,1,1,1,6,0,0,0,0,,,False,1,run_PMT_0915,homology,single_source,uncorroborated,0,False,False,False,False
sys_PMT_0929,PMT_0929,PMT_0929:,single_gene,1,1,0,0,1,all_family_inferred,3.0,3.0,0.2,"{""single_source"": 1}","{""uncorroborated"": 1}",other,False,"{""strong"": 1}",resolved,1,1,1,1,0,0,0,0,,,False,1,run_PMT_0929,family_inferred,single_source,uncorroborated,0,False,False,False,False
sys_PMT_0997,PMT_0997,PMT_0997:phoR,single_gene,1,1,1,1,0,any_homology,2.0,2.0,0.2,"{""single_source"": 4}","{""uncorroborated"": 4}",other,False,"{""tcdb_only"": 1}",resolved,29,29,29,15,0,0,0,0,,,False,1,run_PMT0993,homology,single_source,uncorroborated,0,False,False,False,False
sys_PMT_1199,PMT_1199,PMT_1199:csoS1E,single_gene,1,1,1,0,0,any_homology,2.0,2.0,0.0,"{""single_source"": 1}","{""uncorroborated"": 1}",other,False,"{""tcdb_only"": 1}",resolved,0,0,0,0,0,0,0,0,,,False,1,run_PMT1197,homology,single_source,uncorroborated,0,False,False,False,False
sys_PMT_1937,PMT_1937,PMT_1937:glcF,single_gene,1,1,1,0,0,any_homology,2.0,2.0,0.0,"{""single_source"": 1}","{""uncorroborated"": 1}",other,False,"{""tcdb_only"": 1}",resolved,0,0,0,1,0,0,0,0,,,False,1,run_PMT_1937,homology,single_source,uncorroborated,0,False,False,False,False
sys_PMT_2156,PMT_2156,PMT_2156:,single_gene,1,1,1,0,0,any_homology,2.0,2.0,0.0,"{""single_source"": 1}","{""uncorroborated"": 1}",other,False,"{""none"": 1}",resolved,0,0,0,0,0,0,0,0,,,False,1,run_PMT_2155,homology,single_source,uncorroborated,0,False,False,False,False
sys_PMT_2355,PMT_2355,PMT_2355:,single_gene,1,0,0,0,0,no_tcdb,,,,{},{},single_carrier,True,"{""strong"": 1}",,0,0,0,0,0,0,0,0,,,False,1,nocoord_PMT_2355,,,,0,False,False,False,True
sys_PMT_2357,PMT_2357,PMT_2357:,single_gene,1,0,0,0,0,no_tcdb,,,,{},{},single_carrier,True,"{""strong"": 1}",,0,0,0,0,0,0,0,0,,,False,1,run_PMT_2357,,,,0,False,False,False,True
sys_PMT_2423,PMT_2423,PMT_2423:,single_gene,1,1,1,1,0,any_homology,3.0,3.0,0.2,"{""single_source"": 1}","{""uncorroborated"": 1}",other,False,"{""tcdb_only"": 1}",resolved,1,1,1,2,0,0,0,0,,,False,1,run_PMT0713,homology,single_source,uncorroborated,0,False,False,False,False
sys_PMT_2631,PMT_2631,PMT_2631:som,single_gene,1,0,0,0,0,no_tcdb,,,,{},{},single_carrier,True,"{""strong"": 1}",,0,0,0,0,0,0,0,0,,,False,1,nocoord_PMT_2631,,,,0,False,False,False,True
sys_PMT_2765,PMT_2765,PMT_2765:comA,single_gene,1,0,0,0,0,no_tcdb,,,,{},{},other,False,"{""none"": 1}",,0,0,0,0,0,0,0,0,,,False,1,run_PMT1608,,,,0,False,False,False,False
sys_PMT_2864,PMT_2864,PMT_2864:cadA,single_gene,1,1,0,0,1,all_family_inferred,3.0,3.0,0.6,"{""single_source"": 1}","{""corroborated"": 1}",other,False,"{""tcdb_only"": 1}",resolved,1,1,1,1,0,0,0,0,,,False,1,run_PMT2027,family_inferred,single_source,corroborated,1,False,False,False,False
sys_PMT_2896_pseudo,PMT_2896_pseudo,PMT_2896_pseudo:,single_gene,1,1,0,0,1,all_family_inferred,3.0,3.0,0.2,"{""single_source"": 1}","{""uncorroborated"": 1}",other,False,"{""strong"": 1}",resolved,1,1,1,1,0,0,0,0,,,False,1,run_PMT_2896_pseudo,family_inferred,single_source,uncorroborated,0,False,False,False,False
