locus_tag,gene_name,product,contig,start,end,strand,next_locus_tag,gap_to_next,run_id,run_size,opposite_strand_in_run,inside_run_id
PMM0001,dnaN,"DNA polymerase III, beta subunit",NC_005072.1,174,1331,+,PMM0002,1.0,run_PMM0001,4,False,
PMM0002,,conserved hypothetical protein,NC_005072.1,1333,2040,+,PMM0003,3.0,run_PMM0001,4,False,
PMM0003,purL,"phosphoribosylformylglycinamidine synthase, synthetase domain",NC_005072.1,2044,4383,+,PMM0004,46.0,run_PMM0001,4,False,
PMM0004,purF,amidophosphoribosyltransferase,NC_005072.1,4430,5890,+,PMM0005,-4.0,run_PMM0001,4,False,
PMM0005,,"DNA gyrase/topoisomerase IV, subunit A family protein",NC_005072.1,5887,8328,-,PMM0006,87.0,run_PMM0005,3,False,
PMM0006,,tetratricopeptide repeat family protein,NC_005072.1,8416,9270,-,PMM0007,4.0,run_PMM0005,3,False,
PMM0007,queG,epoxyqueuosine reductase,NC_005072.1,9275,10219,-,PMM0008,147.0,run_PMM0005,3,False,
PMM0008,,uncharacterized conserved membrane protein (DUF502),NC_005072.1,10367,11104,+,PMM0009,3.0,run_PMM0008,5,False,
PMM0009,nusB,transcription antitermination protein NusB,NC_005072.1,11108,11734,+,PMM0010,58.0,run_PMM0008,5,False,
PMM0010,ftsY,signal recognition particle-docking protein FtsY,NC_005072.1,11793,13115,+,PMM0011,67.0,run_PMM0008,5,False,
PMM0011,rsbU,phosphoserine phosphatase RsbU/P,NC_005072.1,13183,14526,+,PMM0012,58.0,run_PMM0008,5,False,
PMM0012,argH,argininosuccinate lyase,NC_005072.1,14585,15964,+,PMM0013,116.0,run_PMM0008,5,False,
PMM0013,,RNA-binding domain RNP-1 (RNA recognition motif) containing protein,NC_005072.1,16081,16683,+,PMM0014,-4.0,run_PMM0013,6,False,
PMM0014,dusA,tRNA dihydrouridine synthase,NC_005072.1,16680,17684,-,PMM0015,27.0,run_PMM0014,1,True,run_PMM0013
PMM0015,msrB,peptide methionine-R-sulfoxide reductase,NC_005072.1,17712,18206,+,PMM0016,76.0,run_PMM0013,6,False,
PMM0016,grpE,chaperone protein GrpE,NC_005072.1,18283,19002,+,PMM0017,31.0,run_PMM0013,6,False,
PMM0017,dnaJ1,DnaJ type I chaperone protein,NC_005072.1,19034,20158,+,PMM0018,-4.0,run_PMM0013,6,False,
PMM0018,sirA,TusA-like domain-containing protein,NC_005072.1,20155,20388,+,PMM0019,-11.0,run_PMM0013,6,False,
PMM0019,rsgA,ribosome biogenesis GTPase / thiamine phosphate phosphatase,NC_005072.1,20378,21295,+,PMM0020,-35.0,run_PMM0013,6,False,
PMM0020,,"DNA-binding protein, YbaB/EbfC family",NC_005072.1,21261,21611,-,PMM0021,22.0,run_PMM0020,3,False,
PMM0021,murB,UDP-N-acetylenolpyruvoylglucosamine reductase,NC_005072.1,21634,22524,-,PMM0022,7.0,run_PMM0020,3,False,
PMM0022,murC,UDP-N-acetylmuramate-alanine ligase,NC_005072.1,22532,23953,-,PMM0023,196.0,run_PMM0020,3,False,
PMM0023,gap2,glyceraldehyde-3-phosphate dehydrogenase,NC_005072.1,24150,25172,+,PMM0024,0.0,run_PMM0023,1,False,
PMM0024,thiL,thiamine-monophosphate kinase,NC_005072.1,25173,26159,-,PMM0025,-8.0,run_PMM0024,2,False,
PMM0025,,cyclophilin type peptidyl-prolyl cis-trans isomerase/CLD family protein,NC_005072.1,26152,27243,-,PMM0026,43.0,run_PMM0024,2,False,
PMM0026,efp,translation elongation factor P,NC_005072.1,27287,27847,+,PMM0027,-1.0,run_PMM0026,2,False,
PMM0027,accB,"acetyl-CoA carboxylase, biotin carboxyl carrier protein",NC_005072.1,27847,28353,+,PMM0028,-24.0,run_PMM0026,2,False,
PMM0028,pdxA,4-hydroxythreonine-4-phosphate dehydrogenase PdxA,NC_005072.1,28330,29370,-,PMM0029,-8.0,run_PMM0028,3,False,
PMM0029,,uncharacterized conserved NADP-binding domain-containing protein,NC_005072.1,29363,30250,-,PMM0030,38.0,run_PMM0028,3,False,
PMM0030,,conserved hypothetical protein,NC_005072.1,30289,30525,+,PMM0031,0.0,run_PMM0030,1,True,run_PMM0028
PMM0031,,HNH endonuclease family protein,NC_005072.1,30526,30930,-,PMM0032,170.0,run_PMM0028,3,False,
PMM0032,,putative bacterial type II secretion system protein,NC_005072.1,31101,31520,-,PMM0033,58.0,run_PMM0032,2,False,
PMM0033,,"conserved membrane protein, ArbrB family",NC_005072.1,31579,32091,-,PMM0034,243.0,run_PMM0032,2,False,
PMM0034,,conserved hypothetical protein,NC_005072.1,32335,32532,+,PMM0035,10.0,run_PMM0034,5,False,
PMM0035,PSTA,3-phosphoserine transaminase,NC_005072.1,32543,33670,-,PMM0036,87.0,run_PMM0035,1,True,run_PMM0034
PMM0036,cbiD,pseudocobalamin biosynthesis protein CbiD,NC_005072.1,33758,34876,+,PMM0037,48.0,run_PMM0034,5,False,
PMM0037,guaA,"GMP synthase (glutamine-hydrolyzing), N-terminal domain",NC_005072.1,34925,36511,+,PMM0038,44.0,run_PMM0034,5,False,
PMM0038,,putative restriction endonuclease,NC_005072.1,36556,37269,+,PMM0039,90.0,run_PMM0034,5,False,
PMM0039,,Conserved hypotothetical protein,NC_005072.1,37360,37968,+,PMM1800,105.0,run_PMM0034,5,False,
PMM1800,,Conserved hypothetical protein,NC_005072.1,38074,38226,+,PMM0040,4.0,run_PMM1800,2,False,
PMM0040,mrdA,transpeptidase involved in septal peptidoglycan synthesis (peptidoglycan synthetase precursor),NC_005072.1,38231,40021,+,PMM0041,30.0,run_PMM1800,2,False,
PMM0041,,NADPH-dependent FMN reductase family protein,NC_005072.1,40052,40576,-,PMM0042,18.0,run_PMM0041,3,False,
PMM0042,flv1,flavoprotein involved in Mehler reaction,NC_005072.1,40595,42397,-,PMM0043,17.0,run_PMM0041,3,False,
PMM0043,flv3,flavoprotein involved in Mehler reaction,NC_005072.1,42415,44190,-,PMM0044,114.0,run_PMM0041,3,False,
PMM0044,alaS,alanyl-tRNA synthetase,NC_005072.1,44305,46965,+,PMM0045,-16.0,run_PMM0044,1,False,
PMM0045,speA,arginine decarboxylase,NC_005072.1,46950,48896,-,PMM0046,120.0,run_PMM0045,1,False,
PMM0046,ndk,nucleoside diphosphate kinase,NC_005072.1,49017,49475,+,PMM0047,6.0,run_PMM0046,3,False,
PMM0047,thiO,glycine oxidase,NC_005072.1,49482,50591,-,PMM0048,80.0,run_PMM0047,2,True,run_PMM0046
PMM0048,gatB,aspartyl-tRNA(Asn)/glutamyl-tRNA(Gln) amidotransferase subunit B,NC_005072.1,50672,52144,+,PMM0049,3.0,run_PMM0046,3,True,run_PMM0047
PMM0049,coaE,dephospho-CoA kinase,NC_005072.1,52148,52762,-,PMM0050,77.0,run_PMM0047,2,True,run_PMM0046
PMM0050,argJ,glutamate N-acetyltransferase/amino-acid acetyltransferase,NC_005072.1,52840,54075,+,PMM0051,168.0,run_PMM0046,3,False,
PMM0051,,cobQ/CobB/MinD/ParA nucleotide binding domain protein,NC_005072.1,54244,54915,-,PMM0052,150.0,run_PMM0051,1,False,
PMM0052,tas,pyridoxine 4-dehydrogenase,NC_005072.1,55066,56028,+,PMM1801,18.0,run_PMM0052,1,False,
PMM1801,,conserved hypothetical protein,NC_005072.1,56047,56181,-,PMM0053,481.0,run_PMM1801,1,False,
PMM0053,ypsC,putative N6-adenine-specific DNA methylase,NC_005072.1,56663,57787,+,PMM0054,1.0,run_PMM0053,1,False,
PMM0054,,"uncharacterized conserved membrane protein, phage holin family",NC_005072.1,57789,58175,-,PMM0055,0.0,run_PMM0054,2,False,
PMM0055,,"uncharacterized conserved inner membrane protein, YqjD/ElaB family",NC_005072.1,58176,58637,-,PMM1802,188.0,run_PMM0054,2,False,
PMM1802,,uncharacterized conserved membrane protein,NC_005072.1,58826,58963,+,PMM0056,87.0,run_PMM1802,4,False,
PMM0056,,conserved hypothetical protein,NC_005072.1,59051,59413,+,PMM0057,76.0,run_PMM1802,4,False,
PMM0057,smc,chromosome segregation protein,NC_005072.1,59490,63080,+,PMM0058,45.0,run_PMM1802,4,False,
PMM0058,,PRC-barrel domain-containing protein,NC_005072.1,63126,64148,+,PMM0059,11.0,run_PMM1802,4,False,
PMM0059,,lipid A disaccharide synthase family protein,NC_005072.1,64160,65449,-,PMM0060,391.0,run_PMM0059,1,False,
PMM0060,accC,"acetyl-CoA carboxylase, biotin carboxylase subunit",NC_005072.1,65841,67190,+,PMM0061,17.0,run_PMM0060,3,False,
PMM0061,cbb3,cofactor assembly of complex C subunit CBB3,NC_005072.1,67208,67513,-,PMM0062,90.0,run_PMM0061,1,True,run_PMM0060
PMM0062,psbX,photosystem II PsbX protein,NC_005072.1,67604,67792,+,PMM0063,77.0,run_PMM0060,3,False,
PMM0063,ycf66,uncharacterized conserved hypothetical protein Ycf66,NC_005072.1,67870,68802,+,PMM0064,0.0,run_PMM0060,3,False,
PMM0064,hli,high light inducible protein,NC_005072.1,68803,69036,-,PMM0065,9.0,run_PMM0064,9,False,
PMM0065,mcyH,"ABC transporter, ATPase component",NC_005072.1,69046,71028,-,PMM0066,37.0,run_PMM0064,9,False,
PMM0066,,conserved hypothetical protein,NC_005072.1,71066,71353,-,PMM0067,47.0,run_PMM0064,9,False,
PMM0067,hit,histidine triad (HIT) family protein,NC_005072.1,71401,71742,-,PMM0068,20.0,run_PMM0064,9,False,
PMM0068,def,peptide deformylase,NC_005072.1,71763,72368,-,PMM0069,79.0,run_PMM0064,9,False,
PMM0069,dap2,prolyl oligopeptidase/peptidase S9-like domain containing protein,NC_005072.1,72448,74376,+,PMM0070,-4.0,run_PMM0069,1,True,run_PMM0064
PMM0070,sufS1,cysteine desulfurase / selenocysteine lyase,NC_005072.1,74373,75650,-,PMM0071,-1.0,run_PMM0064,9,False,
PMM0071,sufD,"ABC transporter involved in Fe-S cluster assembly, permease component",NC_005072.1,75650,76867,-,PMM0072,4.0,run_PMM0064,9,False,
PMM0072,sufC,"ABC transporter involved in Fe-S cluster assembly, ATPase component",NC_005072.1,76872,77657,-,PMM0073,21.0,run_PMM0064,9,False,
PMM0073,sufB,"ABC transporter involved in Fe-S cluster assembly, permease component",NC_005072.1,77679,79121,-,PMM0074,97.0,run_PMM0064,9,False,
PMM0074,,conserved hypothetical protein,NC_005072.1,79219,79581,+,PMM0075,263.0,run_PMM0074,1,False,
PMM0075,,conserved hypothetical protein,NC_005072.1,79845,80951,+,PMM1803,15.0,run_PMM0075,5,False,
PMM1803,,uncharacterized conserved membrane protein,NC_005072.1,80967,81137,+,PMM0076,33.0,run_PMM0075,5,False,
PMM0076,pgmA2,phosphoglucomutase,NC_005072.1,81171,82808,+,PMM0077,35.0,run_PMM0075,5,False,
PMM0077,rarA,recombination factor,NC_005072.1,82844,84133,+,PMM0078,-4.0,run_PMM0075,5,False,
PMM0078,,putative 4^-phosphopantetheinyl transferase family domain protein,NC_005072.1,84130,84786,-,PMM0079,-1.0,run_PMM0078,3,True,run_PMM0075
PMM0079,prxQ,2-Cys peroxiredoxin,NC_005072.1,84786,85253,+,PMM0080,5.0,run_PMM0075,5,True,run_PMM0078
PMM0080,coaX,type III pantothenate kinase,NC_005072.1,85259,85939,-,PMM0081,18.0,run_PMM0078,3,False,
PMM0081,cysH,phosphoadenylyl-sulfate reductase,NC_005072.1,85958,86680,-,PMM0082,95.0,run_PMM0078,3,False,
PMM0082,ndbB,type 2 NADH dehydrogenase,NC_005072.1,86776,87960,+,PMM0083,59.0,run_PMM0082,4,False,
PMM0083,citT,"putative sodium/potassium/sulfate transporter, DASS family",NC_005072.1,88020,89828,+,PMM0084,9.0,run_PMM0082,4,False,
PMM0084,ktrB,"Ktr-type potassium uptake transporter, potassium-translocating subunit B",NC_005072.1,89838,91241,+,PMM0085,18.0,run_PMM0082,4,False,
PMM0085,ktrA,"Ktr-type potassium uptake system, NAD-binding component",NC_005072.1,91260,91964,+,PMM0086,0.0,run_PMM0082,4,False,
PMM0086,,conserved hypothetical protein,NC_005072.1,91965,92273,-,PMM0087,116.0,run_PMM0086,1,False,
PMM0087,,conserved hypothetical protein,NC_005072.1,92390,92728,+,PMM0088,35.0,run_PMM0087,3,False,
PMM0088,,conserved hypothetical protein,NC_005072.1,92764,92994,+,PMM1804,-33.0,run_PMM0087,3,False,
PMM1804,,conserved hypothetical protein,NC_005072.1,92962,93144,-,PMM0089,70.0,run_PMM1804,1,True,run_PMM0087
PMM0089,,"ABC transport system ATP-binding/permease protein, Uup family",NC_005072.1,93215,94837,+,PMM1805,166.0,run_PMM0087,3,False,
PMM1805,,conserved hypothetical protein,NC_005072.1,95004,95147,+,PMM0090,7.0,run_PMM1805,1,False,
PMM0090,degQ,"serine endoprotease, periplasmic",NC_005072.1,95155,96303,-,PMM0091,148.0,run_PMM0090,1,False,
PMM0091,,bacteriophage-like protein,NC_005072.1,96452,96715,+,PMM0092,32.0,run_PMM0091,3,False,
PMM0092,,conserved hypothetical protein,NC_005072.1,96748,97131,+,PMM0093,68.0,run_PMM0091,3,False,
PMM0093,hli,high light inducible protein,NC_005072.1,97200,97346,+,PMM0094,28.0,run_PMM0091,3,False,
PMM0094,,uncharacterized conserved membrane protein,NC_005072.1,97375,97701,-,PMM0095,32.0,run_PMM0094,5,False,
PMM0095,rbn,virulence factor BrkB family protein,NC_005072.1,97734,98645,-,PMM0096,89.0,run_PMM0094,5,False,
PMM0096,,Inositol monophosphatase family protein,NC_005072.1,98735,99532,-,PMM0097,2.0,run_PMM0094,5,False,
PMM0097,tolC,"TolC-like outer membrane efflux protein, RND family",NC_005072.1,99535,100965,-,PMM0098,-8.0,run_PMM0094,5,False,
PMM0098,,conserved hypothetical protein,NC_005072.1,100958,102370,-,PMM0099,186.0,run_PMM0094,5,False,
PMM0099,,uncharacterized membrane protein (DUF3120),NC_005072.1,102557,103324,+,PMM0100,-1.0,run_PMM0099,2,False,
PMM0100,nadB,L-aspartate oxidase,NC_005072.1,103324,104991,+,PMM0101,-11.0,run_PMM0099,2,False,
PMM0101,SynDsbAB,disulfide bond forming protein,NC_005072.1,104981,105916,-,PMM0102,106.0,run_PMM0101,1,False,
PMM0102,rimO,ribosomal protein S12 methylthiotransferase,NC_005072.1,106023,107387,+,PMM0103,164.0,run_PMM0102,1,False,
PMM0103,,uncharacterised conserved protein UCP037673,NC_005072.1,107552,107938,-,PMM0104,64.0,run_PMM0103,6,False,
PMM0104,,protein of unknown function DUF482,NC_005072.1,108003,109157,-,PMM0105,11.0,run_PMM0103,6,False,
PMM0105,ribD2,5-amino-6-(5-phosphoribosylamino)uracil reductase,NC_005072.1,109169,109831,-,PMM0106,-4.0,run_PMM0103,6,False,
PMM0106,queD,queuosine biosynthesis protein QueD,NC_005072.1,109828,110754,-,PMM0107,50.0,run_PMM0103,6,False,
PMM0107,aroK,shikimate kinase,NC_005072.1,110805,111362,+,PMM0108,-4.0,run_PMM0107,5,True,run_PMM0103
PMM0108,,protein of unknown function DUF3571,NC_005072.1,111359,111616,-,PMM0109,-2.0,run_PMM0103,6,True,run_PMM0107
PMM0109,,uncharacterized conserved secreted protein,NC_005072.1,111615,112325,+,PMM0110,-14.0,run_PMM0107,5,True,run_PMM0103
PMM0110,gst,"glutathione S-transferase, rho class",NC_005072.1,112312,113037,-,PMM0111,54.0,run_PMM0103,6,True,run_PMM0107
PMM0111,,conserved hypothetical protein,NC_005072.1,113092,113295,+,PMM0112,5.0,run_PMM0107,5,False,
PMM0112,rbfA,ribosome-binding factor A,NC_005072.1,113301,113699,+,PMM0113,-8.0,run_PMM0107,5,False,
PMM0113,hemD,uroporphyrinogen-III synthase,NC_005072.1,113692,114483,+,PMM0114,-8.0,run_PMM0107,5,False,
PMM0114,,polyketide cyclase / aromatase,NC_005072.1,114476,114946,-,PMM0115,2.0,run_PMM0114,2,False,
PMM0115,crtQ,"9,9^-di-cis-zeta-carotene desaturase",NC_005072.1,114949,116403,-,PMM0116,99.0,run_PMM0114,2,False,
PMM0116,iscA,iron-sulfur cluster complex assembly protein IscA,NC_005072.1,116503,116895,+,PMM0117,8.0,run_PMM0116,4,False,
PMM0117,,tetratricopeptide repeat family protein,NC_005072.1,116904,117332,+,PMM0118,1.0,run_PMM0116,4,False,
PMM0118,,conserved hypothetical protein,NC_005072.1,117334,118533,+,PMM0119,-4.0,run_PMM0116,4,False,
PMM0119,,conserved hypothetical protein,NC_005072.1,118530,118799,+,PMM0120,-50.0,run_PMM0116,4,False,
PMM0120,sulA,cell division inhibitor,NC_005072.1,118750,119682,-,PMM0121,143.0,run_PMM0120,1,False,
PMM0121,ndhO,NADH dehydrogenase I subunit NdhO,NC_005072.1,119826,120068,+,PMM0122,4.0,run_PMM0121,1,False,
PMM0122,dnaJ4,DnaJ type III chaperone protein,NC_005072.1,120073,120750,-,PMM0123,16.0,run_PMM0122,2,False,
PMM0123,cysK,O-acetylserine (thiol)-lyase A,NC_005072.1,120767,121735,-,PMM0124,156.0,run_PMM0122,2,False,
PMM0124,,"conserved hypothetical UPF0367 protein, cyanobacteria specific",NC_005072.1,121892,122161,+,PMM0125,1.0,run_PMM0124,2,False,
PMM0125,ecfA1,energy-coupling factor transport system ATP-binding protein,NC_005072.1,122163,122846,+,PMM0126,442.0,run_PMM0124,2,False,
PMM0126,,possible Herpesvirus UL6 like,NC_005072.1,123289,124260,+,PMM0127,312.0,run_PMM0126,1,False,
PMM0127,,conserved hypothetical protein,NC_005072.1,124573,124932,-,PMM0128,425.0,run_PMM0127,1,False,
PMM0128,rpaA,two-component system response regulator RR class II (RRII)-CheY-OmpR,NC_005072.1,125358,126113,+,PMM0129,29.0,run_PMM0128,1,False,
PMM0129,holB,"DNA polymerase III, delta^ subunit",NC_005072.1,126143,127102,-,PMM0130,-8.0,run_PMM0129,3,False,
PMM0130,tmk,dTMP kinase,NC_005072.1,127095,127739,-,PMM0131,0.0,run_PMM0129,3,False,
PMM0131,zntA,copper-translocating P-type ATPase,NC_005072.1,127740,130037,-,PMM0132,117.0,run_PMM0129,3,False,
PMM0132,ycf3,photosystem I assembly protein Ycf3,NC_005072.1,130155,130676,+,PMM0133,12.0,run_PMM0132,1,False,
PMM0133,radA,DNA repair protein Sms/RadA,NC_005072.1,130689,132041,-,PMM0134,106.0,run_PMM0133,1,False,
PMM0134,rpaB,two-component system response regulator RR class II (RRII)-CheY-OmpR,NC_005072.1,132148,132894,+,PMM0135,0.0,run_PMM0134,5,False,
PMM0135,plsX,glycerol-3-phosphate acyltransferase PlsX,NC_005072.1,132895,134295,+,PMM0136,53.0,run_PMM0134,5,False,
PMM0136,fabH,beta-ketoacyl-(acyl-carrier-protein) synthase III (KASIII),NC_005072.1,134349,135356,+,PMM0137,14.0,run_PMM0134,5,False,
PMM0137,fabD,malonyl CoA-acyl carrier protein transacylase (MCAT),NC_005072.1,135371,136267,+,PMM0138,4.0,run_PMM0134,5,False,
PMM0138,plsC1,1-acyl-sn-glycerol-3-phosphate acyltransferase,NC_005072.1,136272,136892,+,PMM0139,4.0,run_PMM0134,5,False,
PMM0139,tsaB,tRNA threonylcarbamoyladenosine biosynthesis protein TsaB,NC_005072.1,136897,137547,-,PMM0140,6.0,run_PMM0139,2,False,
PMM0140,ycf34,iron-sulfur protein Ycf34,NC_005072.1,137554,137805,-,PMM0141,-14.0,run_PMM0139,2,False,
PMM0141,pcnB,tRNA nucleotidyltransferase (CCA-adding enzyme),NC_005072.1,137792,139039,+,PMM0142,58.0,run_PMM0141,2,False,
PMM0142,,RNA-binding protein,NC_005072.1,139098,139517,+,PMM0143,0.0,run_PMM0141,2,False,
PMM0143,crtB,phytoene synthase,NC_005072.1,139518,140426,-,PMM0144,19.0,run_PMM0143,2,False,
PMM0144,crtP,phytoene dehydrogenase,NC_005072.1,140446,141867,-,PMM0145,90.0,run_PMM0143,2,False,
PMM0145,ndhM,NADH dehydrogenase I subunit NdhM,NC_005072.1,141958,142305,+,PMM0146,-4.0,run_PMM0145,8,False,
PMM0146,,uncharacterized conserved membrane protein (DUF3172),NC_005072.1,142302,142919,+,PMM0147,-4.0,run_PMM0145,8,False,
PMM0147,rbcR,possible RuBisCO operon transcriptional regulator,NC_005072.1,142916,143869,-,PMM0148,84.0,run_PMM0147,1,True,run_PMM0145
PMM0148,Z-ISO,15-cis-zeta-carotene isomerase protein family,NC_005072.1,143954,144682,+,PMM0149,33.0,run_PMM0145,8,False,
PMM0149,ndhF1,NADH dehydrogenase subunit NdhF (chain 5 or L),NC_005072.1,144716,146728,+,PMM0150,84.0,run_PMM0145,8,False,
PMM0150,ndhD1,NADH dehydrogenase I subunit NdhD (chain 4 or M),NC_005072.1,146813,148453,+,PMM0151,71.0,run_PMM0145,8,False,
PMM0151,scpA,scpA/B family protein,NC_005072.1,148525,149397,+,PMM0152,49.0,run_PMM0145,8,False,
PMM0152,cugP,mannose-1-phosphate guanylyltransferase,NC_005072.1,149447,150625,+,PMM0153,-17.0,run_PMM0145,8,False,
PMM0153,metF,"5,10-methylenetetrahydrofolate reductase",NC_005072.1,150609,151499,-,PMM0154,77.0,run_PMM0153,1,True,run_PMM0145
PMM0154,pedR,redox-responsive LuxR-type transcriptional regulator PedR,NC_005072.1,151577,151855,+,PMM0155,224.0,run_PMM0145,8,False,
PMM0155,,CYTH domain protein,NC_005072.1,152080,152556,-,PMM0156,0.0,run_PMM0155,9,False,
PMM0156,nadK,NAD kinase,NC_005072.1,152557,153471,-,PMM0157,10.0,run_PMM0155,9,False,
PMM0157,ndhE,NADH dehydrogenase subunit NdhE (chain kappa or 4L),NC_005072.1,153482,153802,-,PMM0158,1.0,run_PMM0155,9,False,
PMM0158,ndhG,NADH dehydrogenase I subunit NdhG (chain 6 or J),NC_005072.1,153804,154403,-,PMM0159,13.0,run_PMM0155,9,False,
PMM0159,ndhI,NADH dehydrogenase I subunit NdhI,NC_005072.1,154417,155043,-,PMM0160,69.0,run_PMM0155,9,False,
PMM0160,ndhA,NADH dehydrogenase I subunit NdhA (chain 1 or H),NC_005072.1,155113,156231,-,PMM0161,75.0,run_PMM0155,9,False,
PMM0161,gltA,citrate synthase,NC_005072.1,156307,157452,-,PMM0162,79.0,run_PMM0155,9,False,
PMM0162,,possible uncharacterized conserved secreted protein,NC_005072.1,157532,158989,-,PMM0163,81.0,run_PMM0155,9,False,
PMM0163,pspE,rhodanese-like domain protein,NC_005072.1,159071,159421,+,PMM0164,0.0,run_PMM0163,7,True,run_PMM0155
PMM0164,trpB,"tryptophan synthase, beta subunit",NC_005072.1,159422,160666,-,PMM0165,47.0,run_PMM0155,9,True,run_PMM0163
PMM0165,sui1,translation initiation factor SUI1 family protein,NC_005072.1,160714,161025,+,PMM0166,43.0,run_PMM0163,7,False,
PMM0166,cysC,adenylylsulfate kinase,NC_005072.1,161069,161695,+,PMM0167,15.0,run_PMM0163,7,False,
PMM0167,purE,N5-carboxyaminoimidazole ribonucleotide mutase,NC_005072.1,161711,162247,-,PMM0168,91.0,run_PMM0167,3,True,run_PMM0163
PMM0168,chlM,magnesium protoporphyrin O-methyltransferase,NC_005072.1,162339,163040,+,PMM0169,1.0,run_PMM0163,7,True,run_PMM0167
PMM0169,ycf29,"two-component response regulator, NarL subfamily",NC_005072.1,163042,163770,-,PMM0170,59.0,run_PMM0167,3,True,run_PMM0163
PMM0170,iscS2,cysteine desulfurase,NC_005072.1,163830,164975,+,PMM0171,8.0,run_PMM0163,7,True,run_PMM0167
PMM0171,rsmH,16S rRNA (cytosine(1402)-N(4))-methyltransferase,NC_005072.1,164984,165886,-,PMM0172,38.0,run_PMM0167,3,True,run_PMM0163
PMM0172,ndhH,NADH dehydrogenase I subunit NdhH (chain 7 or delta),NC_005072.1,165925,167112,+,PMM0173,8.0,run_PMM0163,7,False,
PMM0173,,"1,4-dihydroxy-2-naphthoyl-CoA hydrolase",NC_005072.1,167121,167573,+,PMM0174,13.0,run_PMM0163,7,False,
PMM0174,menE,O-succinylbenzoic acid--CoA ligase (OSB-CoA synthetase),NC_005072.1,167587,168792,-,PMM0175,-4.0,run_PMM0174,3,False,
PMM0175,menC,O-succinylbenzoate synthase,NC_005072.1,168789,169754,-,PMM0176,-4.0,run_PMM0174,3,False,
PMM0176,menA,"1,4-dihydroxy-2-naphthoate phytyltransferase",NC_005072.1,169751,170668,-,PMM0177,101.0,run_PMM0174,3,False,
PMM0177,menF,phylloquinone-specific isochorismate synthase,NC_005072.1,170770,172167,+,PMM0178,-8.0,run_PMM0177,1,False,
PMM0178,gshB,glutathione synthetase,NC_005072.1,172160,173083,-,PMM0179,5.0,run_PMM0178,2,False,
PMM0179,grxC,glutaredoxin 3,NC_005072.1,173089,173343,-,PMM0180,76.0,run_PMM0178,2,False,
PMM0180,prfB,peptide chain release factor 2,NC_005072.1,173420,173494,+,PMM0181,1052.0,run_PMM0180,1,False,
PMM0181,,conserved hypothetical protein,NC_005072.1,174547,174729,+,PMM0182,7.0,run_PMM0181,5,False,
PMM0182,yqfG,endoribonuclease YqfG,NC_005072.1,174737,175279,+,PMM0183,22.0,run_PMM0181,5,False,
PMM0183,dgkA,prokaryotic diacylglycerol kinase family protein,NC_005072.1,175302,175718,+,PMM0184,7.0,run_PMM0181,5,False,
PMM0184,pabC,4-amino-4-deoxychorismate lyase,NC_005072.1,175726,176322,+,PMM0185,21.0,run_PMM0181,5,False,
PMM0185,,beta-lactamase superfamily domain protein,NC_005072.1,176344,177072,+,PMM0186,-4.0,run_PMM0181,5,False,
PMM0186,hisC,aminotransferase class I and II family protein,NC_005072.1,177069,178178,-,PMM0187,-1.0,run_PMM0186,7,False,
PMM0187,argS,arginine--tRNA ligase,NC_005072.1,178178,179989,-,PMM0188,27.0,run_PMM0186,7,False,
PMM0188,nadC,nicotinate-nucleotide diphosphorylase,NC_005072.1,180017,180883,-,PMM0189,75.0,run_PMM0186,7,False,
PMM0189,trmE,tRNA modification GTPase,NC_005072.1,180959,182341,-,PMM0190,66.0,run_PMM0186,7,False,
PMM0190,,conserved hypothetical protein,NC_005072.1,182408,182860,+,PMM0191,19.0,run_PMM0190,2,True,run_PMM0186
PMM0191,spoT,"bifunctional GTP diphosphokinase / guanosine-3^,5^-bis(diphosphate) 3^-diphosphatase",NC_005072.1,182880,185189,-,PMM0192,55.0,run_PMM0186,7,True,run_PMM0190
PMM0192,ddpD,"peptide/nickel ABC transport system, ATP-binding component",NC_005072.1,185245,186840,+,PMM0193,-15.0,run_PMM0190,2,True,run_PMM0186
PMM0193,rluD,23S rRNA pseudouridine synthase,NC_005072.1,186826,187794,-,PMM0194,-4.0,run_PMM0186,7,False,
PMM0194,rbgA,ribosome biogenesis GTPase A,NC_005072.1,187791,188657,-,PMM0195,225.0,run_PMM0186,7,False,
PMM0195,pgk,phosphoglycerate kinase,NC_005072.1,188883,190091,+,PMM0196,1.0,run_PMM0195,2,False,
PMM0196,,conserved hypothetical protein,NC_005072.1,190093,190824,-,PMM0197,27.0,run_PMM0196,6,True,run_PMM0195
PMM0197,murG,undecaprenyldiphospho-muramoylpentapeptide beta-N-acetylglucosaminyltransferase,NC_005072.1,190852,191946,+,PMM0198,-22.0,run_PMM0195,2,True,run_PMM0196
PMM0198,hisC/cobC,aminotransferase class I and II family protein,NC_005072.1,191925,193049,-,PMM0199,15.0,run_PMM0196,6,False,
PMM0199,pyrD,"dihydroorotate dehydrogenase, class 2",NC_005072.1,193065,194234,-,PMM0200,14.0,run_PMM0196,6,False,
PMM0200,rnhA,ribonuclease HI,NC_005072.1,194249,194971,-,PMM0201,45.0,run_PMM0196,6,False,
PMM0201,rplL,50S ribosomal protein L7/L12,NC_005072.1,195017,195412,-,PMM0202,28.0,run_PMM0196,6,False,
PMM0202,rplJ,50S ribosomal protein L10,NC_005072.1,195441,195968,-,PMM0203,192.0,run_PMM0196,6,False,
PMM0203,rplA,50S ribosomal protein L1,NC_005072.1,196161,196868,-,PMM0204,66.0,run_PMM0203,5,False,
PMM0204,rplK,50S ribosomal protein L11,NC_005072.1,196935,197360,-,PMM0205,63.0,run_PMM0203,5,False,
PMM0205,nusG,transcription termination/antitermination factor NusG,NC_005072.1,197424,198035,-,PMM0206,74.0,run_PMM0203,5,False,
PMM0206,secE,Preprotein translocase SecE subunit,NC_005072.1,198110,198349,-,PMM0207,63.0,run_PMM0203,5,False,
PMM0207,clpB2,ATP-dependent Clp protease ATP-binding subunit ClpB,NC_005072.1,198413,201172,-,PMM0208,283.0,run_PMM0203,5,False,
PMM0208,eno,enolase,NC_005072.1,201456,202748,+,PMM0209,3.0,run_PMM0208,1,False,
PMM0209,,ABC1 family protein,NC_005072.1,202752,204419,-,PMM0210,-1.0,run_PMM0209,2,False,
PMM0210,,conserved hypothetical protein,NC_005072.1,204419,204736,-,PMM0211,255.0,run_PMM0209,2,False,
PMM0211,trxB,thioredoxin-disulfide reductase (NTR system),NC_005072.1,204992,205948,+,PMM0212,22.0,run_PMM0211,1,False,
PMM0212,,possible regulator of sodium-dependent bicarbonate transport,NC_005072.1,205971,206252,-,PMM0213,3.0,run_PMM0212,3,False,
PMM0213,sbtA,possible sodium-dependent bicarbonate transporter,NC_005072.1,206256,207254,-,PMM0214,6.0,run_PMM0212,3,False,
PMM0214,sul3,sulfate transporter family protein,NC_005072.1,207261,208916,-,PMM0215,227.0,run_PMM0212,3,False,
PMM0215,hemB,delta-aminolevulinic acid dehydratase,NC_005072.1,209144,210145,+,PMM0216,55.0,run_PMM0215,5,False,
PMM0216,,glyoxalase/Bleomycin resistance /Dioxygenase superfamily protein,NC_005072.1,210201,210593,+,PMM0217,13.0,run_PMM0215,5,False,
PMM0217,mutS2,"DNA mismatch repair protein, MutS family",NC_005072.1,210607,213018,+,PMM0218,43.0,run_PMM0215,5,False,
PMM0218,cgtA,obg family GTPase CgtA,NC_005072.1,213062,214045,+,PMM0219,87.0,run_PMM0215,5,False,
PMM0219,,conserved hypothetical protein,NC_005072.1,214133,214315,+,PMM0220,116.0,run_PMM0215,5,False,
PMM0220,cp12,CP12 polypeptide,NC_005072.1,214432,214656,-,PMM0221,125.0,run_PMM0220,1,False,
PMM0221,yqjG,glutathionyl-hydroquinone reductase,NC_005072.1,214782,215666,-,PMM0222,87.0,run_PMM0221,1,False,
PMM0222,aspA,aspartoacylase,NC_005072.1,215754,216641,+,PMM0223,165.0,run_PMM0222,1,False,
PMM0223,psbA,photosystem II protein D1.1,NC_005072.1,216807,217889,+,PMM0224,112.0,run_PMM0223,1,False,
PMM0224,aroC,chorismate synthase,NC_005072.1,218002,219096,+,PMM0225,10.0,run_PMM0224,1,False,
PMM0225,eda,2-keto-3-deoxy-6-phosphogluconate aldolase,NC_005072.1,219107,219748,-,PMM0226,11.0,run_PMM0225,4,False,
PMM0226,ftsH1,cell division protein FtsH1,NC_005072.1,219760,221616,-,PMM0227,46.0,run_PMM0225,4,False,
PMM0227,sat,sulfate adenylyltransferase,NC_005072.1,221663,222838,-,PMM0228,74.0,run_PMM0225,4,False,
PMM0228,psbO,photosystem II manganese-stabilizing protein PsbO,NC_005072.1,222913,223707,-,PMM0229,214.0,run_PMM0225,4,False,
PMM0229,coaBC,phosphopantothenoylcysteine decarboxylase / phosphopantothenate--cysteine ligase,NC_005072.1,223922,225178,-,PMM0230,-11.0,run_PMM0229,2,False,
PMM0230,,conserved hypothetical protein,NC_005072.1,225168,225389,-,PMM0231,200.0,run_PMM0229,2,False,
PMM0231,,conserved hypothetical protein,NC_005072.1,225590,225772,+,PMM0232,36.0,run_PMM0231,2,False,
PMM0232,ycf20,uncharacterised membrane protein Ycf20,NC_005072.1,225809,226150,+,PMM0233,2.0,run_PMM0231,2,False,
PMM0233,pyrB,aspartate carbamoyltransferase,NC_005072.1,226153,227169,-,PMM0234,-1.0,run_PMM0233,2,False,
PMM0234,mpg,DNA-3-methyladenine glycosylase,NC_005072.1,227169,227870,-,PMM0235,116.0,run_PMM0233,2,False,
PMM0235,gatC,aspartyl-tRNA(Asn)/glutamyl-tRNA(Gln) amidotransferase subunit C,NC_005072.1,227987,228280,+,PMM0236,0.0,run_PMM0235,1,False,
PMM0236,crtR,beta-carotene hydroxylase,NC_005072.1,228281,229150,-,PMM0237,542.0,run_PMM0236,1,False,
PMM0237,,conserved hypothetical protein,NC_005072.1,229693,230163,+,PMM0238,42.0,run_PMM0237,2,False,
PMM0238,ileS,isoleucyl-tRNA synthetase,NC_005072.1,230206,233103,+,PMM0239,166.0,run_PMM0237,2,False,
PMM0239,,conserved hypothetical protein,NC_005072.1,233270,233893,-,PMM0240,125.0,run_PMM0239,1,False,
PMM0240,trmB,tRNA (guanine-N(7)-)-methyltransferase,NC_005072.1,234019,234648,+,PMM0241,1.0,run_PMM0240,1,False,
PMM0241,glmM,phosphoglucosamine mutase,NC_005072.1,234650,236008,-,PMM0242,129.0,run_PMM0241,1,False,
PMM0242,txlA,thioredoxin-like protein TxlA,NC_005072.1,236138,236683,+,PMM0243,2.0,run_PMM0242,1,False,
PMM0243,thyx,thymidylate synthase,NC_005072.1,236686,237324,-,PMM0244,1.0,run_PMM0243,3,False,
PMM0244,dcd,deoxycytidine triphosphate deaminase,NC_005072.1,237326,237919,-,PMM0245,5.0,run_PMM0243,3,False,
PMM0245,cobO2,cob(I)alamin adenosyltransferase,NC_005072.1,237925,238500,-,PMM0246,204.0,run_PMM0243,3,False,
PMM0246,ntcA,global nitrogen regulatory protein,NC_005072.1,238705,239439,+,PMM0247,54.0,run_PMM0246,3,False,
PMM0247,sll1424,conserved hypothetical protein (DUF3084),NC_005072.1,239494,240465,+,PMM0248,0.0,run_PMM0246,3,False,
PMM0248,,"polynucleotidyl transferase, ribonuclease H fold superfamily",NC_005072.1,240466,240903,+,PMM0249,-20.0,run_PMM0246,3,False,
PMM0249,,protein of unknown function (DUF3146),NC_005072.1,240884,241141,-,PMM0250,0.0,run_PMM0249,2,False,
PMM0250,pth,peptidyl-tRNA hydrolase,NC_005072.1,241142,241753,-,PMM0251,187.0,run_PMM0249,2,False,
PMM0251,psbH,photosystem II reaction center protein PsbH,NC_005072.1,241941,242141,-,PMM0252,79.0,run_PMM0251,1,False,
PMM0252,psbN,photosystem II reaction center assembly factor,NC_005072.1,242221,242373,+,PMM0253,128.0,run_PMM0252,1,False,
PMM0253,psbI,photosystem II reaction center protein PsbI,NC_005072.1,242502,242630,+,PMM0254,14.0,run_PMM0253,2,False,
PMM0254,,protein of unknown function DUF3769,NC_005072.1,242645,244681,+,PMM0255,3.0,run_PMM0253,2,False,
PMM0255,leuD,3-isopropylmalate dehydratase small subunit,NC_005072.1,244685,245305,-,PMM0256,-4.0,run_PMM0255,4,False,
PMM0256,leuC,"3-isopropylmalate dehydratase, large subunit",NC_005072.1,245302,246711,-,PMM0257,13.0,run_PMM0255,4,False,
PMM0257,pncC,nicotinamide-nucleotide amidase,NC_005072.1,246725,248026,-,PMM0258,-32.0,run_PMM0255,4,False,
PMM0258,glyA,serine hydroxymethyltransferase,NC_005072.1,247995,249266,-,PMM0259,240.0,run_PMM0255,4,False,
PMM0259,,uncharacterized conserved membrane protein,NC_005072.1,249507,249758,+,PMM0260,9.0,run_PMM0259,3,False,
PMM0260,,conserved hypothetical protein,NC_005072.1,249768,250049,+,PMM0261,7.0,run_PMM0259,3,False,
PMM0261,murJ,peptidoglycan lipid II flippase,NC_005072.1,250057,251637,-,PMM0262,73.0,run_PMM0261,1,True,run_PMM0259
PMM0262,sfsA,sugar fermentation stimulation protein,NC_005072.1,251711,252457,+,PMM0263,174.0,run_PMM0259,3,False,
PMM0263,amt1,ammonium transporter,NC_005072.1,252632,254092,+,PMM0264,89.0,run_PMM0263,4,False,
PMM0264,lytB,4-hydroxy-3-methylbut-2-enyl diphosphate reductase,NC_005072.1,254182,255378,+,PMM0265,94.0,run_PMM0263,4,False,
PMM0265,,doxX family protein,NC_005072.1,255473,256033,+,PMM0266,1.0,run_PMM0263,4,False,
PMM0266,purH,bifunctional purine biosynthesis protein (AICAR transformylase/IMP cyclohydrolase),NC_005072.1,256035,257588,-,PMM0267,33.0,run_PMM0266,2,True,run_PMM0263
PMM0267,,phospholipase/carboxylesterase,NC_005072.1,257622,258239,+,PMM0268,-4.0,run_PMM0263,4,True,run_PMM0266
PMM0268,,uncharacterized conserved secreted protein (DUF3155),NC_005072.1,258236,258604,-,PMM0269,238.0,run_PMM0266,2,False,
PMM0269,,two-component sensor histidine kinase,NC_005072.1,258843,259979,+,PMM0270,-23.0,run_PMM0269,3,False,
PMM0270,cobS,adenosylcobinamide-GDP ribazoletransferase,NC_005072.1,259957,260697,-,PMM0271,98.0,run_PMM0270,1,True,run_PMM0269
PMM0271,tgt,queuine tRNA-ribosyltransferase,NC_005072.1,260796,261914,+,PMM0272,33.0,run_PMM0269,3,False,
PMM0272,psbK,photosystem II reaction center protein PsbK,NC_005072.1,261948,262088,+,PMM0273,14.0,run_PMM0269,3,False,
PMM0273,mviM,NAD(P)-binding oxidoreductase,NC_005072.1,262103,263107,-,PMM0274,50.0,run_PMM0273,2,False,
PMM0274,,CNNM domain-containing protein,NC_005072.1,263158,264426,-,PMM0275,231.0,run_PMM0273,2,False,
PMM0275,pyrE,orotate phosphoribosyltransferase,NC_005072.1,264658,265218,+,PMM0276,3.0,run_PMM0275,4,False,
PMM0276,ygfz,tRNA-modifying protein,NC_005072.1,265222,266070,+,PMM0277,8.0,run_PMM0275,4,False,
PMM0277,,"recB nuclease, TM0106 family domain protein",NC_005072.1,266079,267485,-,PMM0278,81.0,run_PMM0277,1,True,run_PMM0275
PMM0278,pgmA,phosphoglucomutase,NC_005072.1,267567,269027,+,PMM0279,-4.0,run_PMM0275,4,False,
PMM0279,rdgB,XTP/dITP diphosphohydrolase,NC_005072.1,269024,269599,+,PMM0280,2.0,run_PMM0275,4,False,
PMM0280,diox1,"apocarotenoid-15,15^-oxygenase",NC_005072.1,269602,271086,-,PMM0281,72.0,run_PMM0280,3,False,
PMM0281,hisB,imidazoleglycerol-phosphate dehydratase family protein,NC_005072.1,271159,271764,-,PMM0282,20.0,run_PMM0280,3,False,
PMM0282,fabI,enoyl-(acyl-carrier-protein) reductase (ENR),NC_005072.1,271785,272567,-,PMM0283,106.0,run_PMM0280,3,False,
PMM0283,,thioredoxin domain-containing protein,NC_005072.1,272674,273267,+,PMM0284,53.0,run_PMM0283,2,False,
PMM0284,degT,putative pleiotropic regulatory protein,NC_005072.1,273321,274526,+,PMM0285,-16.0,run_PMM0283,2,False,
PMM0285,phrA,deoxyribodipyrimidine photolyase (DNA photolyase) (photoreactivating enzyme),NC_005072.1,274511,275947,-,PMM0286,-4.0,run_PMM0285,8,False,
PMM0286,nudF,"ADP-ribose diphosphatase, NUDIX hydrolase superfamily",NC_005072.1,275944,276507,-,PMM0287,51.0,run_PMM0285,8,False,
PMM0287,folK,2-amino-4-hydroxy-6- hydroxymethyldihydropteridine diphosphokinase,NC_005072.1,276559,277122,-,PMM0288,96.0,run_PMM0285,8,False,
PMM0288,chlD,"protoporphyrin IX Mg-chelatase, subunit ChlD",NC_005072.1,277219,279333,+,PMM0289,5.0,run_PMM0288,1,True,run_PMM0285
PMM0289,ycf22,"ABC-type transport system, periplasmic component",NC_005072.1,279339,280184,-,PMM0290,5.0,run_PMM0285,8,False,
PMM0290,mkl,ABC transporter family protein,NC_005072.1,280190,281008,-,PMM0291,92.0,run_PMM0285,8,False,
PMM0291,yvcK,conserved hypothetical family protein,NC_005072.1,281101,282486,+,PMM0292,8.0,run_PMM0291,1,True,run_PMM0285
PMM0292,ndhJ,NADH dehydrogenase I subunit NdhJ,NC_005072.1,282495,283025,-,PMM0293,-1.0,run_PMM0285,8,False,
PMM0293,ndhK,NADH dehydrogenase I subunit NdhK (chain beta or K),NC_005072.1,283025,283759,-,PMM0294,4.0,run_PMM0285,8,False,
PMM0294,ndhC,NADH dehydrogenase I subunit NdhC (chain 3 or alpha),NC_005072.1,283764,284126,-,PMM0295,72.0,run_PMM0285,8,False,
PMM0295,rub,rubredoxin,NC_005072.1,284199,284627,+,PMM0296,9.0,run_PMM0295,2,False,
PMM0296,ycf48,photosystem II stability/assembly factor,NC_005072.1,284637,285650,+,PMM0297,132.0,run_PMM0295,2,False,
PMM0297,psbE,"cytochrome b559, alpha subunit",NC_005072.1,285783,286031,+,PMM0298,2.0,run_PMM0297,5,False,
PMM0298,psbF1,"cytochrome b559, beta subunit",NC_005072.1,286034,286177,+,PMM0299,11.0,run_PMM0297,5,False,
PMM0299,psbL,photosystem II reaction center protein PsbL,NC_005072.1,286189,286308,+,PMM0300,9.0,run_PMM0297,5,False,
PMM0300,psbJ,photosystem II reaction center protein PsbJ,NC_005072.1,286318,286512,+,PMM0301,33.0,run_PMM0297,5,False,
PMM0301,mtnP,methylthioadenosine phosphorylase,NC_005072.1,286546,287445,-,PMM0302,9.0,run_PMM0301,4,True,run_PMM0297
PMM0302,selD,"bifunctional selenide, water dikinase / oxidoreductase fusion protein",NC_005072.1,287455,289623,+,PMM0303,3.0,run_PMM0297,5,True,run_PMM0301
PMM0303,pcnB,poly(A) polymerase,NC_005072.1,289627,290874,-,PMM0304,7.0,run_PMM0301,4,False,
PMM0304,uvrD,DNA-dependent ATPase I and helicase II,NC_005072.1,290882,293290,-,PMM1807,38.0,run_PMM0301,4,False,
PMM1807,,conserved hypothetical protein,NC_005072.1,293329,293529,-,PMM0305,180.0,run_PMM0301,4,False,
PMM0305,ppeB,"phycoerythrin class III, beta subunit",NC_005072.1,293710,294237,+,PMM0306,-17.0,run_PMM0305,1,False,
PMM0306,cpeS,phycoerythrobilin:Cys-82 beta-phycoerythrin lyase,NC_005072.1,294221,294772,-,PMM0307,-26.0,run_PMM0306,2,False,
PMM0307,unk6,conserved hypothetical protein,NC_005072.1,294747,294926,-,PMM0308,115.0,run_PMM0306,2,False,
PMM0308,unk3,uncharacterized membrane protein,NC_005072.1,295042,295677,-,PMM0309,225.0,run_PMM0308,1,False,
PMM0309,,conserved hypothetical protein,NC_005072.1,295903,296322,+,PMM0310,224.0,run_PMM0309,1,False,
PMM0310,xylB,"carbohydrate kinase, FGGY family",NC_005072.1,296547,297776,-,PMM0311,6.0,run_PMM0310,2,False,
PMM0311,metK,methionine adenosyltransferase,NC_005072.1,297783,299024,-,PMM0312,134.0,run_PMM0310,2,False,
PMM0312,rpsA1,30S ribosomal protein S1,NC_005072.1,299159,300250,-,PMM0313,107.0,run_PMM0312,1,False,
PMM0313,nrdR,"transcriptional regulator, NrdR family",NC_005072.1,300358,300837,-,PMM0314,103.0,run_PMM0313,1,False,
PMM0314,psbT,photosystem II reaction center T protein,NC_005072.1,300941,301039,-,PMM0315,24.0,run_PMM0314,2,False,
PMM0315,psbB,photosystem II chlorophyll-binding protein CP47,NC_005072.1,301064,302587,-,PMM0316,224.0,run_PMM0314,2,False,
PMM0316,petF,2Fe-2S ferredoxin,NC_005072.1,302812,303174,+,PMM0317,105.0,run_PMM0316,1,False,
PMM0317,psbM,photosystem II reaction center protein PsbM,NC_005072.1,303280,303432,+,PMM0318,12.0,run_PMM0317,3,False,
PMM0318,prmC,"protein-(glutamine-N5) methyltransferase, release factor-specific",NC_005072.1,303445,304314,+,PMM0319,20.0,run_PMM0317,3,False,
PMM0319,tsaC,L-threonylcarbamoyladenylate synthase,NC_005072.1,304335,304919,+,PMM0320,313.0,run_PMM0317,3,False,
PMM0320,minE,cell division topological specificity factor MinE,NC_005072.1,305233,305553,-,PMM0321,2.0,run_PMM0320,2,False,
PMM0321,minD,septum site-determining protein MinD,NC_005072.1,305556,306371,-,PMM0322,117.0,run_PMM0320,2,False,
PMM0322,minC,septum formation inhibitor,NC_005072.1,306489,307151,-,PMM0323,0.0,run_PMM0322,3,False,
PMM0323,,HD domain-containing protein,NC_005072.1,307152,308411,-,PMM0324,34.0,run_PMM0322,3,False,
PMM0324,ctp,carboxy-terminal processing peptidase,NC_005072.1,308446,309735,-,PMM0325,70.0,run_PMM0322,3,False,
PMM0325,petB,cytochrome b6,NC_005072.1,309806,310462,+,PMM0326,42.0,run_PMM0325,2,False,
PMM0326,petD,cytochrome b6/f complex subunit 4,NC_005072.1,310505,310987,+,PMM0327,6.0,run_PMM0325,2,False,
PMM0327,invA,alkaline and neutral invertase,NC_005072.1,310994,312430,-,PMM0328,5744.0,run_PMM0327,1,False,
PMM0328,mutM,formamidopyrimidine-DNA glycolase,NC_005072.1,318175,319053,-,PMM0329,4.0,run_PMM0328,4,False,
PMM0329,psaE,photosystem I reaction centre subunit IV,NC_005072.1,319058,319267,-,PMM0330,80.0,run_PMM0328,4,False,
PMM0330,,LysM domain-containing protein,NC_005072.1,319348,320109,-,PMM0331,72.0,run_PMM0328,4,False,
PMM0331,ALDH,aldehyde dehydrogenase (NAD+),NC_005072.1,320182,321573,-,PMM0332,209.0,run_PMM0328,4,False,
PMM0332,glpG,uncharacterized conserved membrane protein,NC_005072.1,321783,322274,+,PMM0333,87.0,run_PMM0332,2,False,
PMM0333,rimI,acetyltransferase family protein,NC_005072.1,322362,323249,+,PMM0334,95.0,run_PMM0332,2,False,
PMM0334,,conserved hypothetical protein (DUF3104),NC_005072.1,323345,323599,-,PMM1809,221.0,run_PMM0334,1,False,
PMM1809,,Conserved hypothetical protein,NC_005072.1,323821,323955,-,PMM1810,134.0,run_PMM1809,1,False,
PMM1810,,uncharacterized conserved glutamine-rich protein,NC_005072.1,324090,324233,-,PMM0335,368.0,run_PMM1810,1,False,
PMM0335,,uncharacterized conserved membrane protein,NC_005072.1,324602,325036,+,PMM0336,-4.0,run_PMM0335,1,False,
PMM0336,PTOX,plastoquinol terminal oxidase,NC_005072.1,325033,325542,-,PMM1812,155.0,run_PMM0336,1,False,
PMM1812,,conserved hypothetical protein,NC_005072.1,325698,325838,+,PMM0337,287.0,run_PMM1812,1,False,
PMM0337,,conserved hypothetical protein,NC_005072.1,326126,326434,-,PMM1813,292.0,run_PMM0337,1,False,
PMM1813,,conserved hypothetical protein,NC_005072.1,326727,326924,+,PMM0338,96.0,run_PMM1813,2,False,
PMM0338,,conserved hypothetical protein CHP03894,NC_005072.1,327021,327320,+,PMM1814,19.0,run_PMM1813,2,False,
PMM1814,,Conserved hypothetical protein,NC_005072.1,327340,327543,-,PMM0339,115.0,run_PMM1814,1,False,
PMM0339,T8L23.23,carotenoid isomerase protein family,NC_005072.1,327659,329188,-,PMM0340,297.0,run_PMM0339,1,False,
PMM0340,,uncharacterized conserved membrane protein,NC_005072.1,329486,329986,+,PMM0341,4.0,run_PMM0340,2,False,
PMM0341,,nif11-like leader peptide domain protein,NC_005072.1,329991,330206,-,PMM0342,98.0,run_PMM0341,3,True,run_PMM0340
PMM0342,,"helper component proteinase, Prochlorococcus-specific",NC_005072.1,330305,330625,+,PMM1816,9.0,run_PMM0340,2,True,run_PMM0341
PMM1816,,conserved hypothetical protein,NC_005072.1,330635,331042,-,PMM0343,-11.0,run_PMM0341,3,False,
PMM0343,tatA,"twin arginine-targeting translocase, TatA/E family protein",NC_005072.1,331032,331322,-,PMM0344,448.0,run_PMM0341,3,False,
PMM0344,,putative lipoprotein,NC_005072.1,331771,332010,+,PMM0345,306.0,run_PMM0344,1,False,
PMM0345,prxQ,2-Cys peroxiredoxin,NC_005072.1,332317,332766,+,PMM0346,71.0,run_PMM0345,2,False,
PMM0346,,conserved hypothetical protein,NC_005072.1,332838,333110,+,PMM0347,6.0,run_PMM0345,2,False,
PMM0347,,uncharacterized conserved membrane protein,NC_005072.1,333117,333461,-,PMM0348,226.0,run_PMM0347,1,False,
PMM0348,,conserved hypothetical protein family PM-17,NC_005072.1,333688,333927,-,PMM0349,204.0,run_PMM0348,1,False,
PMM0349,arfB,RF-1 domain protein,NC_005072.1,334132,334548,+,PMM0350,106.0,run_PMM0349,1,False,
PMM0350,,conserved hypothetical protein (DUF1651),NC_005072.1,334655,334903,+,PMM0351,502.0,run_PMM0350,1,False,
PMM0351,,conserved hypothetical protein,NC_005072.1,335406,335666,+,PMM0352,20.0,run_PMM0351,1,False,
PMM0352,,CAAX amino terminal protease,NC_005072.1,335687,336565,-,PMM0353,73.0,run_PMM0352,2,False,
PMM0353,,glycosyl transferase 11 family protein,NC_005072.1,336639,337472,-,PMM0354,105.0,run_PMM0352,2,False,
PMM0354,hyaD,possible Glycosyl transferase,NC_005072.1,337578,338342,+,PMM1821,61.0,run_PMM0354,1,False,
PMM1821,,conserved hypothetical protein,NC_005072.1,338404,338556,-,PMM0355,482.0,run_PMM1821,1,False,
PMM0355,,conserved hypothetical protein,NC_005072.1,339039,339380,+,PMM1824,212.0,run_PMM0355,1,False,
PMM1824,,Conserved hypothetical protein,NC_005072.1,339593,339781,+,PMM0356,543.0,run_PMM1824,1,False,
PMM0356,pip,proline iminopeptidase,NC_005072.1,340325,341272,+,PMM1825,32.0,run_PMM0356,1,False,
PMM1825,,Conserved hypothetical protein,NC_005072.1,341305,341478,-,PMM0357,121.0,run_PMM1825,1,False,
PMM0357,tenA,thiaminase II,NC_005072.1,341600,342223,+,PMM0358,32.0,run_PMM0357,2,False,
PMM0358,thiD,bifunctional hydroxy-methylpyrimidine kinase/ hydroxy-phosphomethylpyrimidine kinase,NC_005072.1,342256,343044,+,PMM0359,66.0,run_PMM0357,2,False,
PMM0359,,conserved hypothetical protein,NC_005072.1,343111,343296,-,PMM1826,187.0,run_PMM0359,1,False,
PMM1826,,conserved hypothetical protein,NC_005072.1,343484,343627,+,PMM0360,404.0,run_PMM1826,1,False,
PMM0360,,conserved hypothetical protein DUF985,NC_005072.1,344032,344496,+,PMM0361,30.0,run_PMM0360,3,False,
PMM0361,,conserved hypothetical protein,NC_005072.1,344527,344904,+,PMM0362,73.0,run_PMM0360,3,False,
PMM0362,,uncharacterized conserved membrane protein,NC_005072.1,344978,345265,+,PMM0363,154.0,run_PMM0360,3,False,
PMM0363,,"transcriptional regulator, MarR family",NC_005072.1,345420,345821,+,PMM1828,1132.0,run_PMM0363,1,False,
PMM1828,,Hypothetical protein,NC_005072.1,346954,347136,-,PMM0364,159.0,run_PMM1828,1,False,
PMM0364,,conserved hypothetical protein (DUF3303),NC_005072.1,347296,347616,+,PMM0365,51.0,run_PMM0364,1,False,
PMM0365,,possible DsrE-like protein,NC_005072.1,347668,348045,-,PMM0366,177.0,run_PMM0365,1,False,
PMM0366,,Type-1 copper (blue) domain,NC_005072.1,348223,348627,+,TX50_RS09405,4.0,run_PMM0366,2,False,
TX50_RS09405,,hypothetical protein,NC_005072.1,348632,348781,+,PMM0367,186.0,run_PMM0366,2,False,
PMM0367,,putative antibiotic biosynthesis monooxygenase domain protein,NC_005072.1,348968,349357,+,PMM0368,25.0,run_PMM0367,1,False,
PMM0368,,conserved hypothetical protein (DUF3303),NC_005072.1,349383,349691,-,PMM2034,444.0,run_PMM0368,1,False,
PMM2034,,Hypothetical protein,NC_005072.1,350136,350273,-,PMM1830,315.0,run_PMM2034,1,False,
PMM1830,,conserved hypothetical protein,NC_005072.1,350589,350732,-,PMM1831,70.0,run_PMM1830,3,False,
PMM1831,,Conserved hypothetical protein,NC_005072.1,350803,350988,-,PMM1832,27.0,run_PMM1830,3,False,
PMM1832,,Conserved hypothetical protein,NC_005072.1,351016,351153,-,PMM1833,372.0,run_PMM1830,3,False,
PMM1833,,Hypothetical protein,NC_005072.1,351526,351660,-,PMM1834,195.0,run_PMM1833,1,False,
PMM1834,,Conserved hypothetical protein,NC_005072.1,351856,352020,-,PMM0369,180.0,run_PMM1834,1,False,
PMM0369,,conserved hypothetical protein,NC_005072.1,352201,352527,+,PMM0370,447.0,run_PMM0369,1,False,
PMM0370,cynA,"cyanate ABC transporter, substrate-binding protein",NC_005072.1,352975,354660,+,PMM0371,30.0,run_PMM0370,5,False,
PMM0371,cynB,"cyanate ABC transporter, permease protein",NC_005072.1,354691,355473,+,PMM0372,16.0,run_PMM0370,5,False,
PMM0372,cynD,cyanate ABC transporter ATP-binding protein,NC_005072.1,355490,356344,+,PMM0373,32.0,run_PMM0370,5,False,
PMM0373,cynS,cyanate hydratase,NC_005072.1,356377,356820,+,PMM0374,84.0,run_PMM0370,5,False,
PMM0374,tatA,"twin arginine-targeting translocase, TatA/E family protein",NC_005072.1,356905,357096,-,PMM0375,99.0,run_PMM0374,4,True,run_PMM0370
PMM0375,,possible Type II intron maturase,NC_005072.1,357196,357519,+,PMM0376,15.0,run_PMM0370,5,True,run_PMM0374
PMM0376,lptC,Hypothetical protein,NC_005072.1,357535,357903,-,PMM0377,0.0,run_PMM0374,4,False,
PMM0377,,conserved hypothetical protein,NC_005072.1,357904,358167,-,PMM0378,50.0,run_PMM0374,4,False,
PMM0378,,conserved hypothetical protein (DUF3303),NC_005072.1,358218,358490,-,PMM1835,305.0,run_PMM0374,4,False,
PMM1835,,Hypothetical protein,NC_005072.1,358796,358942,-,PMM1837,357.0,run_PMM1835,1,False,
PMM1837,,Hypothetical protein,NC_005072.1,359300,359485,-,PMM1838,-1.0,run_PMM1837,4,False,
PMM1838,,conserved hypothetical protein,NC_005072.1,359485,359610,-,PMM0379,79.0,run_PMM1837,4,False,
PMM0379,,conserved hypothetical protein,NC_005072.1,359690,359971,-,PMM0380,47.0,run_PMM1837,4,False,
PMM0380,,nuclear transport factor 2 (NTF2-like) superfamily protein,NC_005072.1,360019,360486,-,PMM1839,172.0,run_PMM1837,4,False,
PMM1839,,Hypothetical protein,NC_005072.1,360659,360871,+,PMM0381,14.0,run_PMM1839,1,False,
PMM0381,,conserved hypothetical protein,NC_005072.1,360886,361050,-,PMM0382,40.0,run_PMM0381,3,False,
PMM0382,,possible Ribosomal RNA adenine dimethylase,NC_005072.1,361091,361597,-,PMM1840,64.0,run_PMM0381,3,False,
PMM1840,,Conserved hypothetical protein,NC_005072.1,361662,361853,+,PMM0383,97.0,run_PMM1840,1,True,run_PMM0381
PMM0383,,uncharacterized TonB box-containing membrane protein,NC_005072.1,361951,362733,-,PMM0384,273.0,run_PMM0381,3,False,
PMM0384,spnII1interrupted1C,Putative Type IIC bifunctional restriction-modification protein with endonuclease and N6-adenine DNA methyltransferase activity,NC_005072.1,363007,365496,-,PMM1841,1.0,run_PMM0384,3,False,
PMM1841,,"Putative Type III restriction-modification system, R subunit",NC_005072.1,365498,366988,-,PMM0386,-17.0,run_PMM0384,3,False,
PMM0386,,"Putative Type III restriction-modification system, M subunit",NC_005072.1,366972,367616,-,PMM1843,385.0,run_PMM0384,3,False,
PMM1843,,Hypothetical protein,NC_005072.1,368002,368220,-,PMM0387,392.0,run_PMM1843,1,False,
PMM0387,aroQ,"3-dehydroquinate dehydratase, type II",NC_005072.1,368613,369053,+,PMM0388,0.0,run_PMM0387,8,False,
PMM0388,miaE,putative tRNA-(MS[2]IO[6]A)-hydroxylase,NC_005072.1,369054,369662,+,PMM0389,20.0,run_PMM0387,8,False,
PMM0389,cobI,precorrin-2 C20-methyltransferase,NC_005072.1,369683,370438,+,PMM0390,-1.0,run_PMM0387,8,False,
PMM0390,,conserved hypothetical protein,NC_005072.1,370438,370920,+,PMM0391,72.0,run_PMM0387,8,False,
PMM0391,engA,ribosome-associated GTPase,NC_005072.1,370993,372369,+,PMM0392,-1.0,run_PMM0387,8,False,
PMM0392,cbiQ,transmembrane component of ECF transporter energizing module,NC_005072.1,372369,373283,+,PMM0393,17.0,run_PMM0387,8,False,
PMM0393,pipX,PII interaction protein X,NC_005072.1,373301,373567,+,PMM0394,3.0,run_PMM0387,8,False,
PMM0394,ylmE,conserved hypothetical protein YlmE,NC_005072.1,373571,374209,+,PMM0395,157.0,run_PMM0387,8,False,
PMM0395,sepF,cell division protein SepF (Cdv2),NC_005072.1,374367,374942,+,PMM0396,7.0,run_PMM0395,2,False,
PMM0396,proC,pyrroline-5-carboxylate reductase,NC_005072.1,374950,375756,+,PMM0397,-4.0,run_PMM0395,2,False,
PMM0397,dgdA,digalactosyldiacylglycerol (DGDG) synthase,NC_005072.1,375753,376919,-,PMM0398,85.0,run_PMM0397,4,False,
PMM0398,recO,gap repair protein RecO,NC_005072.1,377005,377784,-,PMM0399,0.0,run_PMM0397,4,False,
PMM0399,deoC,deoC/LacD aldolase family protein,NC_005072.1,377785,378444,-,PMM0400,8.0,run_PMM0397,4,False,
PMM0400,lrtA,light repressed protein A,NC_005072.1,378453,379037,-,PMM0401,44.0,run_PMM0397,4,False,
PMM0401,lipB,lipoyl(octanoyl) transferase,NC_005072.1,379082,379726,+,PMM0402,30.0,run_PMM0401,3,False,
PMM0402,fadD,long-chain acyl-CoA synthetase,NC_005072.1,379757,381682,+,PMM0403,57.0,run_PMM0401,3,False,
PMM0403,,conserved hypothetical protein,NC_005072.1,381740,382186,+,PMM0404,114.0,run_PMM0401,3,False,
PMM0404,,uncharacterized conserved membrane protein,NC_005072.1,382301,382612,-,PMM1845,361.0,run_PMM0404,1,False,
PMM1845,,Conserved hypothetical protein,NC_005072.1,382974,383168,+,PMM0405,501.0,run_PMM1845,1,False,
PMM0405,pdhC,"pyruvate dehydrogenase complex, dihydrolipoamide acyltransferase (E2) component",NC_005072.1,383670,385037,+,PMM0406,6.0,run_PMM0405,2,False,
PMM0406,queA,S-adenosylmethionine:tRNA ribosyltransferase-isomerase,NC_005072.1,385044,386168,+,PMM0407,2.0,run_PMM0405,2,False,
PMM0407,cysK,O-acetylserine sulfhydrylase A,NC_005072.1,386171,387157,-,PMM0408,84.0,run_PMM0407,4,False,
PMM0408,,"O-succinylhomoserine(thiol)-lyase, MetB-like protein",NC_005072.1,387242,388711,-,PMM0409,3.0,run_PMM0407,4,False,
PMM0409,metB,O-succinylhomoserine(thiol)-lyase,NC_005072.1,388715,389878,-,PMM0410,74.0,run_PMM0407,4,False,
PMM0410,rpsD,30S ribosomal protein S4,NC_005072.1,389953,390561,-,PMM0411,95.0,run_PMM0407,4,False,
PMM0411,yidD,inner membrane protein insertion factor,NC_005072.1,390657,390893,+,PMM0412,4.0,run_PMM0411,4,False,
PMM0412,,thioredoxin family protein,NC_005072.1,390898,391200,+,PMM0413,10.0,run_PMM0411,4,False,
PMM0413,murE,"UDP-N-acetylmuramoyl-L-alanyl-D-glutamate--2,6-diaminopimelate ligase",NC_005072.1,391211,392746,+,PMM0414,81.0,run_PMM0411,4,False,
PMM0414,,short chain dehydrogenase family protein,NC_005072.1,392828,393532,+,PMM0415,-18.0,run_PMM0411,4,False,
PMM0415,c-des,pyridoxal phosphate-dependent monomeric L-cysteine/cystine C-S-lyase,NC_005072.1,393515,394696,-,PMM0416,32.0,run_PMM0415,3,False,
PMM0416,,methyltransferase domain protein,NC_005072.1,394729,395523,-,PMM1846,76.0,run_PMM0415,3,False,
PMM1846,,conserved hypothetical protein (DUF4278),NC_005072.1,395600,395773,-,PMM0417,256.0,run_PMM0415,3,False,
PMM0417,,uncharacterized conserved membrane protein,NC_005072.1,396030,396290,+,PMM0418,21.0,run_PMM0417,3,False,
PMM0418,nifU,NifU-like protein,NC_005072.1,396312,396557,-,PMM0419,71.0,run_PMM0418,1,True,run_PMM0417
PMM0419,mqoA,malate:quinone oxidoreductase,NC_005072.1,396629,398122,+,PMM0420,56.0,run_PMM0417,3,False,
PMM0420,lepA,GTP-binding protein LepA,NC_005072.1,398179,399987,+,PMM0421,172.0,run_PMM0417,3,False,
PMM0421,dppC,"ABC-type oligopeptide transporter, membrane component",NC_005072.1,400160,400903,+,PMM0422,19.0,run_PMM0421,1,False,
PMM0422,trmH,tRNA guanosine-2^-O-methyltransferase,NC_005072.1,400923,401594,-,PMM1847,170.0,run_PMM0422,1,False,
PMM1847,,conserved hypothetical protein,NC_005072.1,401765,401968,+,PMM0423,202.0,run_PMM1847,1,False,
PMM0423,,conserved hypothetical protein,NC_005072.1,402171,402563,+,PMM0424,2.0,run_PMM0423,4,False,
PMM0424,,conserved hypothetical protein,NC_005072.1,402566,402802,+,TX50_RS09255,3.0,run_PMM0423,4,False,
TX50_RS09255,,DUF2256 domain-containing protein,NC_005072.1,402806,402937,+,PMM0425,-4.0,run_PMM0423,4,False,
PMM0425,,"deoxyribodipyrimidine photolyase-like, FAD-domain containing protein",NC_005072.1,402934,404424,+,PMM0426,500.0,run_PMM0423,4,False,
PMM0426,sun,ribosomal RNA small subunit methyltransferase B,NC_005072.1,404925,406238,+,PMM0427,19.0,run_PMM0426,1,False,
PMM0427,pbp1,penicillin-binding-like protein 1A (PBP1A)(transpeptidase),NC_005072.1,406258,408021,-,PMM0428,1.0,run_PMM0427,3,False,
PMM0428,chlG,chlorophyll a synthase,NC_005072.1,408023,408970,-,PMM0429,9.0,run_PMM0427,3,False,
PMM0429,petP,cytochrome b6-f complex subunit PetP,NC_005072.1,408980,409210,-,PMM0430,59.0,run_PMM0427,3,False,
PMM0430,hisF,"imidazole glycerol phosphate synthase, cyclase subunit",NC_005072.1,409270,410037,+,PMM0431,36.0,run_PMM0430,2,False,
PMM0431,menG,"bifunctional 2-octaprenyl-6-methoxy-1,4-benzoquinone methylase and S-adenosylmethionine:2-DMK methyltransferase",NC_005072.1,410074,410775,+,PMM0432,8.0,run_PMM0430,2,False,
PMM0432,,conserved hypothetical protein,NC_005072.1,410784,411218,-,PMM0433,123.0,run_PMM0432,1,False,
PMM0433,birA,biotin operon repressor / biotin-[acetyl-CoA-carboxylase] ligase,NC_005072.1,411342,412091,+,PMM0434,2.0,run_PMM0433,1,False,
PMM0434,ftsE,ATP-binding protein FtsE,NC_005072.1,412094,412780,-,PMM0435,14.0,run_PMM0434,2,False,
PMM0435,ndhB,NADH dehydrogenase I subunit NdhB (chain 2 or N),NC_005072.1,412795,414315,-,PMM0436,168.0,run_PMM0434,2,False,
PMM0436,topA,"DNA topoisomerase I, omega subunit",NC_005072.1,414484,417096,+,PMM0437,2.0,run_PMM0436,5,False,
PMM0437,,conserved hypothetical protein,NC_005072.1,417099,417683,+,PMM0438,22.0,run_PMM0436,5,False,
PMM0438,,conserved hypothetical protein,NC_005072.1,417706,418344,+,PMM0439,14.0,run_PMM0436,5,False,
PMM0439,cobT,phosphoribosyltransferase family protein,NC_005072.1,418359,419516,+,PMM0440,0.0,run_PMM0436,5,False,
PMM0440,,uncharacterized conserved secreted protein,NC_005072.1,419517,420509,+,PMM0441,-6.0,run_PMM0436,5,False,
PMM0441,,aldo/keto reductase family protein,NC_005072.1,420504,421649,-,PMM0442,111.0,run_PMM0441,1,False,
PMM0442,ribE,"riboflavin synthase, alpha subunit",NC_005072.1,421761,422420,+,PMM0443,5.0,run_PMM0442,1,False,
PMM0443,,abrB-like transcriptional regulator family protein,NC_005072.1,422426,422779,-,PMM0444,97.0,run_PMM0443,4,False,
PMM0444,ctaEI,cytochrome c oxidase subunit III,NC_005072.1,422877,423479,-,PMM0445,12.0,run_PMM0443,4,False,
PMM0445,ctaDI,cytochrome c oxidase subunit I,NC_005072.1,423492,425117,-,PMM0446,-4.0,run_PMM0443,4,False,
PMM0446,ctaCI,cytochrome c oxidase subunit II,NC_005072.1,425114,425917,-,PMM0447,261.0,run_PMM0443,4,False,
PMM0447,ctaA,cytochrome oxidase biogenesis protein,NC_005072.1,426179,427105,+,PMM0448,-4.0,run_PMM0447,5,False,
PMM0448,ctaB,protoheme IX farnesyltransferase,NC_005072.1,427102,428100,+,PMM0449,36.0,run_PMM0447,5,False,
PMM0449,ccmA,"ABC-type multidrug transport system, ATPase component",NC_005072.1,428137,429153,+,PMM0450,53.0,run_PMM0447,5,False,
PMM0450,ycf38,ABC-2 type transporter family protein,NC_005072.1,429207,430031,+,PMM0451,7.0,run_PMM0447,5,False,
PMM0451,,conserved hypothetical protein,NC_005072.1,430039,430551,+,PMM0452,4.0,run_PMM0447,5,False,
PMM0452,groL2,chaperonin GroEL,NC_005072.1,430556,432301,-,PMM1850,133.0,run_PMM0452,1,False,
PMM1850,,uncharacterized conserved membrane protein,NC_005072.1,432435,432614,+,PMM0453,0.0,run_PMM1850,2,False,
PMM0453,fabG,beta-ketoacyl-(acyl-carrier-protein) reductase (KR),NC_005072.1,432615,433364,-,PMM0454,93.0,run_PMM0453,3,True,run_PMM1850
PMM0454,ispD,2-C-methyl-D-erythritol 4-phosphate cytidylyltransferase,NC_005072.1,433458,434129,+,PMM0455,-4.0,run_PMM1850,2,True,run_PMM0453
PMM0455,ldcA,muramoyltetrapeptide carboxypeptidase,NC_005072.1,434126,434998,-,PMM0456,12.0,run_PMM0453,3,False,
PMM0456,ubiA,4-hydroxybenzoate polyprenyltransferase,NC_005072.1,435011,435898,-,PMM0457,121.0,run_PMM0453,3,False,
PMM0457,ppx,exopolyphosphatase,NC_005072.1,436020,437618,+,PMM0458,-4.0,run_PMM0457,1,False,
PMM0458,,transcriptional regulator with a Cro/C1-type helix-turn-helix domain,NC_005072.1,437615,438106,-,PMM0459,57.0,run_PMM0458,5,False,
PMM0459,cobM,precorrin-4/cobalt-precorrin-4 C11-methyltransferase,NC_005072.1,438164,438919,-,PMM0460,-8.0,run_PMM0458,5,False,
PMM0460,lgt,phosphatidylglycerol:prolipoprotein diacylglycerol transferase,NC_005072.1,438912,439805,-,PMM0461,11.0,run_PMM0458,5,False,
PMM0461,petA,apocytochrome f,NC_005072.1,439817,440770,-,PMM0462,4.0,run_PMM0458,5,False,
PMM0462,petC,cytochrome b6-f complex iron-sulfur subunit,NC_005072.1,440775,441311,-,PMM0463,123.0,run_PMM0458,5,False,
PMM0463,,conserved hypothetical protein,NC_005072.1,441435,441752,+,PMM0464,-32.0,run_PMM0463,1,False,
PMM0464,tatC,sec-independent protein translocase protein TatC,NC_005072.1,441721,442479,-,PMM0465,83.0,run_PMM0464,5,False,
PMM0465,,uncharacterized conserved membrane protein,NC_005072.1,442563,442823,-,PMM0466,29.0,run_PMM0464,5,False,
PMM0466,,fibronectin-binding A family protein,NC_005072.1,442853,444553,-,PMM0467,74.0,run_PMM0464,5,False,
PMM0467,gmk,guanylate kinase,NC_005072.1,444628,445182,+,PMM0468,17.0,run_PMM0467,1,True,run_PMM0464
PMM0468,psaJ,photosystem I reaction centre subunit IX,NC_005072.1,445200,445334,-,PMM0469,30.0,run_PMM0464,5,False,
PMM0469,psaF,photosystem I reaction centre PsaF protein,NC_005072.1,445365,445919,-,PMM0470,74.0,run_PMM0464,5,False,
PMM0470,tsaD,N6-L-threonylcarbamoyladenine synthase,NC_005072.1,445994,447064,+,PMM0471,5.0,run_PMM0470,2,False,
PMM0471,hli,high light inducible protein,NC_005072.1,447070,447252,+,PMM0472,157.0,run_PMM0470,2,False,
PMM0472,nhaS,"Na+/H+ antiporter, CPA1 family",NC_005072.1,447410,448609,+,PMM0473,0.0,run_PMM0472,1,False,
PMM0473,gltX,glutamyl-tRNA synthetase,NC_005072.1,448610,450046,-,PMM0474,246.0,run_PMM0473,1,False,
PMM0474,,Prochlorococcus/marine Synechococcus Hyper-Conserved Protein (PSHCP),NC_005072.1,450293,450481,-,PMM0475,166.0,run_PMM0474,1,False,
PMM0475,rplS,50S ribosomal protein L19,NC_005072.1,450648,451112,-,PMM0476,32.0,run_PMM0475,3,False,
PMM0476,,conserved hypothetical protein,NC_005072.1,451145,451453,-,PMM0477,89.0,run_PMM0475,3,False,
PMM0477,map,"methionine aminopeptidase, type I",NC_005072.1,451543,452382,+,PMM0478,-4.0,run_PMM0477,1,True,run_PMM0475
PMM0478,,C-terminal Rossman-fold domain of the monoglucosyldiacylglycerol epimerase MgdE,NC_005072.1,452379,453092,-,PMM0479,176.0,run_PMM0475,3,False,
PMM0479,pta,AAA domain protein,NC_005072.1,453269,454378,+,PMM0480,25.0,run_PMM0479,4,False,
PMM0480,,possible DNA recombination-mediator A family protein,NC_005072.1,454404,454916,+,PMM0481,67.0,run_PMM0479,4,False,
PMM0481,yajQ,cyclic-di-GMP-binding protein,NC_005072.1,454984,455481,+,PMM1851,24.0,run_PMM0479,4,False,
PMM1851,,conserved hypothetical protein,NC_005072.1,455506,455709,+,PMM0482,117.0,run_PMM0479,4,False,
PMM0482,phb,prohibitin-like protein,NC_005072.1,455827,456633,+,PMM0483,4.0,run_PMM0482,1,False,
PMM0483,hemL,"glutamate-1-semialdehyde-2,1-aminomutase",NC_005072.1,456638,457939,-,PMM0484,227.0,run_PMM0483,1,False,
PMM0484,xthA,exodeoxyribonuclease III,NC_005072.1,458167,459012,-,PMM0485,72.0,run_PMM0484,1,False,
PMM0485,,conserved hypothetical protein,NC_005072.1,459085,459381,+,PMM0486,45.0,run_PMM0485,4,False,
PMM0486,,conserved hypothetical protein,NC_005072.1,459427,460026,+,PMM0487,66.0,run_PMM0485,4,False,
PMM0487,larC,"possible pyridinium-3,5-bisthiocarboxylic acid mononucleotide nickel chelatase",NC_005072.1,460093,461316,+,PMM0488,8.0,run_PMM0485,4,False,
PMM0488,,glycosyltransferase 2 family protein,NC_005072.1,461325,462269,+,PMM0489,-4.0,run_PMM0485,4,False,
PMM0489,futB,"ABC-type Fe3+ transport system, membrane component",NC_005072.1,462266,463861,-,PMM0490,-38.0,run_PMM0489,4,False,
PMM0490,,CobW-like pseudocobalamin biosynthesis proteinn,NC_005072.1,463824,464918,-,PMM0491,45.0,run_PMM0489,4,False,
PMM0491,phhB,pterin-4-alpha-carbinolamine dehydratase,NC_005072.1,464964,465254,-,PMM0492,6.0,run_PMM0489,4,False,
PMM0492,,uncharacterised protein family UPF0047,NC_005072.1,465261,465746,-,PMM0493,109.0,run_PMM0489,4,False,
PMM0493,cxp,carboxypeptidase Taq (M32) metallopeptidase,NC_005072.1,465856,467361,+,PMM0494,62.0,run_PMM0493,2,False,
PMM0494,ppa,inorganic pyrophosphatase,NC_005072.1,467424,468011,+,PMM0495,6.0,run_PMM0493,2,False,
PMM0495,hemC,porphobilinogen deaminase,NC_005072.1,468018,468968,-,PMM0496,94.0,run_PMM0495,2,False,
PMM0496,rpoD1,"major RNA polymerase sigma factor, type I",NC_005072.1,469063,470253,-,PMM0497,328.0,run_PMM0495,2,False,
PMM0497,priA,primosomal protein N^,NC_005072.1,470582,472858,+,PMM0498,0.0,run_PMM0497,1,False,
PMM0498,,conserved hypothetical protein,NC_005072.1,472859,473965,-,PMM0499,2.0,run_PMM0498,4,False,
PMM0499,argB,acetylglutamate kinase,NC_005072.1,473968,474819,-,PMM0500,14.0,run_PMM0498,4,False,
PMM0500,APE1,acclimation of photosynthesis to environment protein,NC_005072.1,474834,475364,-,PMM0501,30.0,run_PMM0498,4,False,
PMM0501,,conserved hypothetical protein,NC_005072.1,475395,475577,+,PMM0502,2.0,run_PMM0501,3,True,run_PMM0498
PMM0502,ycf41,possible single-stranded DNA-binding protein,NC_005072.1,475580,476029,-,PMM0503,29.0,run_PMM0498,4,True,run_PMM0501
PMM0503,cobK,precorrin-6x reductase,NC_005072.1,476059,476868,+,PMM0504,-4.0,run_PMM0501,3,False,
PMM0504,cutA,periplasmic divalent cation tolerance protein,NC_005072.1,476865,477191,+,PMM0505,-21.0,run_PMM0501,3,False,
PMM0505,pfkB,possible 6-phosphofructokinase,NC_005072.1,477171,478187,-,PMM0506,18.0,run_PMM0505,4,False,
PMM0506,purA,adenylosuccinate synthase,NC_005072.1,478206,479516,-,PMM0507,81.0,run_PMM0505,4,False,
PMM0507,psb27,photosystem II manganese cluster assembly protein Psb27,NC_005072.1,479598,480035,-,PMM0508,26.0,run_PMM0505,4,False,
PMM0508,proS,proline--tRNA ligase,NC_005072.1,480062,481864,-,PMM0509,176.0,run_PMM0505,4,False,
PMM0509,,conserved hypothetical protein,NC_005072.1,482041,482391,+,PMM0510,86.0,run_PMM0509,5,False,
PMM0510,,uncharacterized conserved membrane protein,NC_005072.1,482478,482732,+,PMM0511,-11.0,run_PMM0509,5,False,
PMM0511,ppa,inorganic pyrophosphatase,NC_005072.1,482722,483270,+,PMM0512,1.0,run_PMM0509,5,False,
PMM0512,arsC,putative arsenate reductase,NC_005072.1,483272,483628,+,PMM0513,29.0,run_PMM0509,5,False,
PMM0513,lepB,signal peptidase I,NC_005072.1,483658,484344,+,PMM0514,-38.0,run_PMM0509,5,False,
PMM0514,pyrC,putative dihydroorotase,NC_005072.1,484307,485560,-,PMM0515,2.0,run_PMM0514,2,False,
PMM0515,psp,phosphoserine phosphatase,NC_005072.1,485563,486891,-,PMM0516,117.0,run_PMM0514,2,False,
PMM0516,,CAAX protease self-immunity family protein,NC_005072.1,487009,488367,+,PMM0517,85.0,run_PMM0516,4,False,
PMM0517,,conserved hypothetical protein,NC_005072.1,488453,488884,+,PMM0518,-1.0,run_PMM0516,4,False,
PMM0518,ftsI,cell division protein FtsI (peptidoglycan synthetase),NC_005072.1,488884,490635,+,PMM0519,90.0,run_PMM0516,4,False,
PMM0519,talA,transaldolase,NC_005072.1,490726,491727,+,PMM0520,25.0,run_PMM0516,4,False,
PMM0520,fixC,geranylgeranyl reductase family protein,NC_005072.1,491753,492886,-,PMM0521,-4.0,run_PMM0520,3,False,
PMM0521,frr,ribosome recycling factor,NC_005072.1,492883,493431,-,PMM0522,28.0,run_PMM0520,3,False,
PMM0522,pyrH,uridylate kinase,NC_005072.1,493460,494164,-,PMM0523,129.0,run_PMM0520,3,False,
PMM0523,cobO1,cob(I)alamin adenosyltransferase,NC_005072.1,494294,494989,-,PMM0524,30.0,run_PMM0523,2,False,
PMM0524,,phage integrase family protein,NC_005072.1,495020,496189,-,PMM0525,65.0,run_PMM0523,2,False,
PMM0525,hemH,ferrochelatase,NC_005072.1,496255,497430,+,PMM0526,134.0,run_PMM0525,1,False,
PMM0526,ilvB,"acetolactate synthase, large subunit, biosynthetic type",NC_005072.1,497565,499328,+,PMM0527,57.0,run_PMM0526,2,False,
PMM0527,,conserved hypothetical protein,NC_005072.1,499386,499739,+,PMM0528,6.0,run_PMM0526,2,False,
PMM0528,pgeF,multi-copper polyphenol oxidoreductase laccase family protein,NC_005072.1,499746,500528,-,PMM0529,10.0,run_PMM0528,3,False,
PMM0529,,conserved hypothetical protein,NC_005072.1,500539,501444,-,PMM0530,-4.0,run_PMM0528,3,False,
PMM0530,rpsA2,30S ribosomal protein S1,NC_005072.1,501441,502658,-,PMM0531,63.0,run_PMM0528,3,False,
PMM0531,crnA,creatinine amidohydrolase,NC_005072.1,502722,503519,+,PMM0532,111.0,run_PMM0531,1,False,
PMM0532,ado,long-chain fatty aldehyde decarbonylase/aldehyde-deformylating oxygenase,NC_005072.1,503631,504347,+,PMM0533,109.0,run_PMM0532,1,False,
PMM0533,aar,long-chain fatty acyl-ACP reductase,NC_005072.1,504457,505497,+,PMM0534,3.0,run_PMM0533,3,False,
PMM0534,accA,"acetyl-CoA carboxylase, carboxyl transferase alpha subunit",NC_005072.1,505501,506508,+,PMM0535,1.0,run_PMM0533,3,False,
PMM0535,,beta-ketoacyl-(acyl-carrier-protein) reductase protein family,NC_005072.1,506510,507217,+,PMM0536,154.0,run_PMM0533,3,False,
PMM0536,folE,GTP cyclohydrolase I,NC_005072.1,507372,508112,+,PMM0537,-4.0,run_PMM0536,2,False,
PMM0537,trpF,N-(5^phosphoribosyl)anthranilate isomerase,NC_005072.1,508109,508771,-,PMM0538,64.0,run_PMM0537,2,True,run_PMM0536
PMM0538,,metallopeptidase M50 family protein,NC_005072.1,508836,510053,+,PMM0539,7.0,run_PMM0536,2,True,run_PMM0537
PMM0539,lplA,lipoate---protein ligase,NC_005072.1,510061,510732,-,PMM0540,133.0,run_PMM0537,2,False,
PMM0540,psaM,photosystem I reaction centre subunit XII,NC_005072.1,510866,510970,+,PMM0541,89.0,run_PMM0540,3,False,
PMM0541,,conserved membrane protein,NC_005072.1,511060,511407,+,PMM0542,57.0,run_PMM0540,3,False,
PMM0542,porA,light-dependent protochlorophyllide reductase,NC_005072.1,511465,512469,+,PMM0543,4.0,run_PMM0540,3,False,
PMM0543,chlL,"light-independent protochlorophyllide reductase, iron-sulfur ATP-binding protein",NC_005072.1,512474,513361,-,PMM0544,191.0,run_PMM0543,1,False,
PMM0544,chlB,"light-independent protochlorophyllide reductase, B subunit",NC_005072.1,513553,515133,-,PMM0545,3.0,run_PMM0544,2,False,
PMM0545,chlN,light-independent protochlorophyllide reductase subunit N,NC_005072.1,515137,516393,-,PMM0546,156.0,run_PMM0544,2,False,
PMM0546,,conserved hypothetical protein,NC_005072.1,516550,516918,-,PMM0547,98.0,run_PMM0546,2,False,
PMM0547,csoS1D,carboxysome shell component,NC_005072.1,517017,517787,+,PMM0548,8.0,run_PMM0547,1,True,run_PMM0546
PMM0548,rdgB,dITP/XTP pyrophosphatase,NC_005072.1,517796,518383,-,PMM0549,326.0,run_PMM0546,2,False,
PMM0549,csoS1A,carboxysome shell protein CsoS1A,NC_005072.1,518710,519021,+,PMM0550,65.0,run_PMM0549,8,False,
PMM0550,rbcL,"ribulose bisphosphate carboxylase, large subunit",NC_005072.1,519087,520502,+,PMM0551,89.0,run_PMM0549,8,False,
PMM0551,rbcS,"ribulose bisphosphate carboxylase, small subunit",NC_005072.1,520592,520933,+,PMM0552,90.0,run_PMM0549,8,False,
PMM0552,csoS2,carboxysome shell protein CsoS2,NC_005072.1,521024,523321,+,PMM0553,7.0,run_PMM0549,8,False,
PMM0553,csoSCA,carboxysomal carbonic anhydrase,NC_005072.1,523329,524858,+,PMM0554,3.0,run_PMM0549,8,False,
PMM0554,csoS4A,pentameric carboxysome shell protein Csos4A (peptide A),NC_005072.1,524862,525128,+,PMM0555,5.0,run_PMM0549,8,False,
PMM0555,csos4B,pentameric carboxysome shell protein Csos4B (peptide B),NC_005072.1,525134,525382,+,PMM0556,100.0,run_PMM0549,8,False,
PMM0556,raf,alpha-carboxysome RuBisCO assembly factor,NC_005072.1,525483,525722,+,PMM0557,5.0,run_PMM0549,8,False,
PMM0557,,conserved hypothetical protein (DUF3136),NC_005072.1,525728,525955,-,PMM0558,85.0,run_PMM0557,3,False,
PMM0558,ridA,reactive intermediate/imine deaminase A,NC_005072.1,526041,526433,-,PMM0559,24.0,run_PMM0557,3,False,
PMM0559,glx2,hydroxyacylglutathione hydrolase,NC_005072.1,526458,527198,-,PMM0560,43.0,run_PMM0557,3,False,
PMM0560,hisG,ATP phosphoribosyltransferase,NC_005072.1,527242,527889,+,PMM0561,4.0,run_PMM0560,3,False,
PMM0561,,putative ABC multidrug efflux transporter,NC_005072.1,527894,529690,+,PMM0562,-1.0,run_PMM0560,3,False,
PMM0562,ycf52,uncharacterized acyl-CoA N-acetyltransferase,NC_005072.1,529690,530220,+,PMM0563,1.0,run_PMM0560,3,False,
PMM0563,,"beta-glycosyltransferase, family 2",NC_005072.1,530222,530905,-,PMM0564,5.0,run_PMM0563,2,False,
PMM0564,,conserved hypothetical protein,NC_005072.1,530911,531519,-,PMM0565,196.0,run_PMM0563,2,False,
PMM0565,dnaA,chromosomal replication initiator protein,NC_005072.1,531716,533107,+,PMM0566,-6.0,run_PMM0565,2,False,
PMM0566,gst,glutathione S-transferase,NC_005072.1,533102,534340,-,PMM0567,36.0,run_PMM0566,2,True,run_PMM0565
PMM0567,gor,glutathione reductase,NC_005072.1,534377,535756,+,PMM0568,5.0,run_PMM0565,2,True,run_PMM0566
PMM0568,yrbG,cation:H+ antiporter,NC_005072.1,535762,536841,-,PMM0569,107.0,run_PMM0566,2,False,
PMM0569,pyrC,"dihydroorotase, homodimeric type",NC_005072.1,536949,537998,+,PMM0570,346.0,run_PMM0569,1,False,
PMM0570,ndhL,NADH dehydrogenase I subunit NdhL,NC_005072.1,538345,538578,+,PMM0571,3.0,run_PMM0570,3,False,
PMM0571,,conserved hypothetical protein,NC_005072.1,538582,538902,+,PMM0572,38.0,run_PMM0570,3,False,
PMM0572,trpA,"tryptophan synthase, alpha subunit",NC_005072.1,538941,539780,+,PMM0574,547.0,run_PMM0570,3,False,
PMM0574,,YCII-like domain-containing protein,NC_005072.1,540328,540597,+,PMM0575,216.0,run_PMM0574,1,False,
PMM0575,,conserved hypothetical protein,NC_005072.1,540814,541134,-,PMM0576,-4.0,run_PMM0575,3,False,
PMM0576,,conserved hypothetical protein (DUF1232),NC_005072.1,541131,541505,-,PMM0577,5.0,run_PMM0575,3,False,
PMM0577,rpoD7,"RNA polymerase sigma factor, type II",NC_005072.1,541511,542434,-,PMM0578,146.0,run_PMM0575,3,False,
PMM0578,hisIE,bifunctional phosphoribosyl-ATP pyrophosphohydrolase / phosphoribosyl-AMP cyclohydrolase,NC_005072.1,542581,543246,-,PMM0579,63.0,run_PMM0578,5,False,
PMM0579,,putative 6-pyruvoyl tetrahydropterin synthase,NC_005072.1,543310,543774,+,PMM0580,53.0,run_PMM0579,1,True,run_PMM0578
PMM0580,clpB1,ATP-dependent Clp protease ATP-binding subunit ClpB,NC_005072.1,543828,546410,-,PMM0581,66.0,run_PMM0578,5,False,
PMM0581,petE,plastocyanin,NC_005072.1,546477,546827,-,PMM0582,58.0,run_PMM0578,5,False,
PMM0582,,short chain dehydrogenase family protein,NC_005072.1,546886,547869,-,PMM0583,8.0,run_PMM0578,5,False,
PMM0583,hemE,uroporphyrinogen decarboxylase,NC_005072.1,547878,548918,-,PMM0584,123.0,run_PMM0578,5,False,
PMM0584,glgB,"1,4-alpha-glucan branching enzyme",NC_005072.1,549042,551306,-,PMM0585,54.0,run_PMM0584,5,False,
PMM0585,,"X-Pro dipeptidyl-peptidase, S15 family",NC_005072.1,551361,552938,-,PMM0586,8.0,run_PMM0584,5,False,
PMM0586,,uncharacterized conserved secreted protein,NC_005072.1,552947,553213,-,PMM0587,54.0,run_PMM0584,5,False,
PMM0587,,domain of unknown function DUF4332-containing protein,NC_005072.1,553268,553675,-,PMM0588,8.0,run_PMM0584,5,False,
PMM0588,,conserved hypothetical protein,NC_005072.1,553684,554127,-,PMM0589,64.0,run_PMM0584,5,False,
PMM0589,,translocation and assembly module TamB-like protein,NC_005072.1,554192,558136,+,PMM0590,65.0,run_PMM0589,4,False,
PMM0590,proA,glutamate-5-semialdehyde dehydrogenase,NC_005072.1,558202,559512,+,PMM0591,9.0,run_PMM0589,4,False,
PMM0591,folB,dihydroneopterin aldolase,NC_005072.1,559522,559884,+,PMM0592,5.0,run_PMM0589,4,False,
PMM0592,,alpha/beta hydrolase fold family protein,NC_005072.1,559890,560483,+,PMM0593,-8.0,run_PMM0589,4,False,
PMM0593,prlC,oligopeptidase A,NC_005072.1,560476,562563,-,PMM0594,4.0,run_PMM0593,7,False,
PMM0594,ndhD2,NADH dehydrogenase I subunit NdhD (chain 4 or M),NC_005072.1,562568,564118,-,PMM0595,78.0,run_PMM0593,7,False,
PMM0595,thrB,homoserine kinase,NC_005072.1,564197,565144,-,PMM0596,7.0,run_PMM0593,7,False,
PMM0596,glk,glucokinase,NC_005072.1,565152,566189,-,PMM0597,9.0,run_PMM0593,7,False,
PMM0597,thrS,threonyl-tRNA synthetase,NC_005072.1,566199,568115,-,PMM0598,3.0,run_PMM0593,7,False,
PMM0598,trpS,tryptophan--tRNA ligase,NC_005072.1,568119,569135,-,PMM0599,-11.0,run_PMM0593,7,False,
PMM0599,,Conserved hypothetical protein,NC_005072.1,569125,569580,-,PMM0600,170.0,run_PMM0593,7,False,
PMM0600,,uncharacterized conserved membrane protein (DUF697),NC_005072.1,569751,571076,+,PMM0601,35.0,run_PMM0600,5,False,
PMM0601,mntC,"ABC-type Mn2+ transporter, substrate binding protein",NC_005072.1,571112,572014,+,PMM0602,4.0,run_PMM0600,5,False,
PMM0602,mntA,"ABC-type Mn2+ transport system, ATPase component",NC_005072.1,572019,572783,+,PMM0603,11.0,run_PMM0600,5,False,
PMM0603,mntB,"ABC-type Mn2+ transporter, membrane component",NC_005072.1,572795,573667,+,PMM0604,6.0,run_PMM0600,5,False,
PMM0604,,conserved hypothetical protein (DUF4336),NC_005072.1,573674,574840,+,PMM0605,4.0,run_PMM0600,5,False,
PMM0605,,conserved hypothetical protein (DUF760),NC_005072.1,574845,575183,-,PMM0606,45.0,run_PMM0605,2,False,
PMM0606,lepB,signal peptidase I,NC_005072.1,575229,575813,-,PMM0607,51.0,run_PMM0605,2,False,
PMM0607,menD,2-succinyl-5-enolpyruvyl-6-hydroxy-3- cyclohexene-1-carboxylic-acid synthase,NC_005072.1,575865,577631,+,PMM0608,30.0,run_PMM0607,4,False,
PMM0608,menB,naphthoate synthase,NC_005072.1,577662,578519,+,PMM0609,45.0,run_PMM0607,4,False,
PMM0609,glgA,glycogen synthase,NC_005072.1,578565,580016,+,PMM0610,11.0,run_PMM0607,4,False,
PMM0610,murF,UDP-N-acetylmuramoyl-tripeptide--D-alanyl-D-alanine ligase,NC_005072.1,580028,581398,+,PMM0611,2.0,run_PMM0607,4,False,
PMM0611,glmU,bifunctional N-acetylglucosamine-1-phosphate uridyltransferase/glucosamine-1-phosphate acetyltransferase,NC_005072.1,581401,582750,-,PMM0612,40.0,run_PMM0611,3,False,
PMM0612,,S-adenosyl-L-methionine-dependent methyltransferase family protein,NC_005072.1,582791,583681,-,PMM0613,11.0,run_PMM0611,3,False,
PMM0613,aroA,3-phosphoshikimate 1-carboxyvinyltransferase,NC_005072.1,583693,585009,-,PMM0614,128.0,run_PMM0611,3,False,
PMM0614,comB,2-phosphosulpholactate phosphatase,NC_005072.1,585138,585866,+,PMM0615,30.0,run_PMM0614,6,False,
PMM0615,ybeM,deaminated glutathione amidase,NC_005072.1,585897,586724,+,PMM0616,-1.0,run_PMM0614,6,False,
PMM0616,amiC,N-acetylmuramoyl-L-alanine amidase,NC_005072.1,586724,587812,+,PMM0617,-4.0,run_PMM0614,6,False,
PMM0617,murI,glutamate racemase,NC_005072.1,587809,588603,+,PMM0618,27.0,run_PMM0614,6,False,
PMM0618,sds,solanesyl diphosphate synthase,NC_005072.1,588631,589602,+,PMM0619,97.0,run_PMM0614,6,False,
PMM0619,acs,acetate--CoA ligase,NC_005072.1,589700,591682,+,PMM0620,-4.0,run_PMM0614,6,False,
PMM0620,,conserved hypothetical protein,NC_005072.1,591679,592401,-,PMM0621,135.0,run_PMM0620,1,False,
PMM0621,dnaQ,exonuclease family protein,NC_005072.1,592537,593349,+,PMM0622,29.0,run_PMM0621,2,False,
PMM0622,,uncharacterized conserved membrane protein (DUF3721),NC_005072.1,593379,593792,-,PMM0623,98.0,run_PMM0622,1,True,run_PMM0621
PMM0623,hisS,histidine--tRNA ligase,NC_005072.1,593891,595180,+,TX50_RS09915,133.0,run_PMM0621,2,False,
TX50_RS09915,,possible Hantavirus glycoprotein G2,NC_005072.1,595314,595439,+,PMM0625,26.0,run_TX50_RS09915,2,False,
PMM0625,,tryptophan-rich conserved hypothetical protein (DUF2389),NC_005072.1,595466,595768,+,PMM0626,135.0,run_TX50_RS09915,2,False,
PMM0626,,conserved hypothetical protein,NC_005072.1,595904,596140,+,PMM1852,54.0,run_PMM0626,1,False,
PMM1852,,Conserved hypothetical protein,NC_005072.1,596195,596371,-,PMM0627,319.0,run_PMM1852,1,False,
PMM0627,pcb,"divinyl-chlorophyll a/b binding light harvesting protein, photosystem II-associated",NC_005072.1,596691,597749,+,PMM0628,106.0,run_PMM0627,1,False,
PMM0628,gltS,putative Na+/glutamate symporter,NC_005072.1,597856,599229,+,PMM0629,38.0,run_PMM0628,3,False,
PMM0629,,conserved hypothetical protein,NC_005072.1,599268,599525,+,PMM0630,-4.0,run_PMM0628,3,False,
PMM0630,gst,glutathione S-transferase,NC_005072.1,599522,600181,-,PMM0631,74.0,run_PMM0630,3,True,run_PMM0628
PMM0631,,bacteriophage-like membrane-associated DNA-binding domain-containing protein,NC_005072.1,600256,600798,+,PMM0632,-4.0,run_PMM0628,3,True,run_PMM0630
PMM0632,,short-chain dehydrogenase/reductase family,NC_005072.1,600795,601502,-,PMM0633,12.0,run_PMM0630,3,False,
PMM0633,crtL-e,lycopene epsilon cyclase,NC_005072.1,601515,602798,-,PMM0634,228.0,run_PMM0630,3,False,
PMM0634,porB,light-dependent protochlorophyllide reductase,NC_005072.1,603027,604028,+,PMM0635,-30.0,run_PMM0634,1,False,
PMM0635,mscS,"small-conductance mechanosensitive ion channel, MscS family",NC_005072.1,603999,605030,-,PMM0636,73.0,run_PMM0635,2,False,
PMM0636,pncA,isochorismatase-like hydrolase superfamily,NC_005072.1,605104,605661,-,PMM0637,151.0,run_PMM0635,2,False,
PMM0637,fur,ferric uptake regulator,NC_005072.1,605813,606265,+,PMM0638,6.0,run_PMM0637,1,False,
PMM0638,arsS,radical SAM/Cys-rich domain protein,NC_005072.1,606272,607204,-,PMM0639,28.0,run_PMM0638,2,False,
PMM0639,ggpP,glucosylglycerol 3-phosphatase,NC_005072.1,607233,608444,-,PMM0640,169.0,run_PMM0638,2,False,
PMM0640,,conserved hypothetical protein,NC_005072.1,608614,610122,+,PMM0641,103.0,run_PMM0640,1,False,
PMM0641,,conserved hypothetical protein,NC_005072.1,610226,610885,+,PMM0642,72.0,run_PMM0641,3,False,
PMM0642,metY,O-acetylhomoserine aminocarboxypropyltransferase,NC_005072.1,610958,612286,+,PMM0643,14.0,run_PMM0641,3,False,
PMM0643,metA,homoserine O-succinyltransferase,NC_005072.1,612301,613191,+,PMM0644,6.0,run_PMM0641,3,False,
PMM0644,sul1,sulfate permease,NC_005072.1,613198,614766,-,PMM0645,31.0,run_PMM0644,2,False,
PMM0645,,FAD domain-containing protein,NC_005072.1,614798,616075,-,PMM0646,47.0,run_PMM0644,2,False,
PMM0646,cbiX,sirohydrochlorin cobaltochelatase,NC_005072.1,616123,617265,+,PMM0647,351.0,run_PMM0646,1,False,
PMM0647,,conserved hypothetical protein (DUF2811),NC_005072.1,617617,617874,+,PMM0648,-14.0,run_PMM0647,1,False,
PMM0648,cetA,FAD binding domain protein,NC_005072.1,617861,619507,-,PMM0649,108.0,run_PMM0648,1,False,
PMM0649,,pentapeptide repeats family protein,NC_005072.1,619616,620089,+,PMM0650,1.0,run_PMM0649,1,False,
PMM0650,,conserved hypothetical protein,NC_005072.1,620091,620477,-,PMM0651,1.0,run_PMM0650,2,False,
PMM0651,,conserved hypothetical protein,NC_005072.1,620479,620976,-,PMM0652,190.0,run_PMM0650,2,False,
PMM0652,,uncharacterized conserved secreted protein,NC_005072.1,621167,621544,-,PMM1853,190.0,run_PMM0652,1,False,
PMM1853,,Hypothetical protein,NC_005072.1,621735,621887,-,PMM0653,2.0,run_PMM1853,5,False,
PMM0653,glx1,lactoylglutathione lyase,NC_005072.1,621890,622279,-,PMM0654,90.0,run_PMM1853,5,False,
PMM0654,,uncharacterized membrane protein,NC_005072.1,622370,622804,+,PMM0655,34.0,run_PMM0654,1,True,run_PMM1853
PMM0655,,"conserved hypothetical protein, Prochlorococcus-specific",NC_005072.1,622839,623168,-,PMM0656,-4.0,run_PMM1853,5,False,
PMM0656,,putative membrane protein,NC_005072.1,623165,623761,-,PMM1854,56.0,run_PMM1853,5,False,
PMM1854,,Conserved hypothetical protein,NC_005072.1,623818,624018,-,PMM1855,83.0,run_PMM1853,5,False,
PMM1855,,uncharacterized conserved membrane protein (DUF2839),NC_005072.1,624102,624326,+,PMM0657,29.0,run_PMM1855,2,False,
PMM0657,,conserved hypothetical protein,NC_005072.1,624356,624646,+,PMM0658,308.0,run_PMM1855,2,False,
PMM0658,rsuA,pseudouridine synthase,NC_005072.1,624955,625677,+,PMM0659,335.0,run_PMM0658,1,False,
PMM0659,,"NAD-dependent DNA ligase, N-terminal domain",NC_005072.1,626013,626762,+,PMM1857,493.0,run_PMM0659,1,False,
PMM1857,,uncharacterized conserved membrane protein,NC_005072.1,627256,627405,-,PMM1858,126.0,run_PMM1857,1,False,
PMM1858,,conserved hypothetical protein family PM-14,NC_005072.1,627532,627696,+,TX50_RS09260,77.0,run_PMM1858,1,False,
TX50_RS09260,,DUF4278 domain-containing protein,NC_005072.1,627774,627875,-,PMM1859,308.0,run_TX50_RS09260,1,False,
PMM1859,,uncharacterized conserved membrane protein,NC_005072.1,628184,628378,+,PMM0660,4.0,run_PMM1859,1,False,
PMM0660,,conserved hypothetical protein,NC_005072.1,628383,628640,-,PMM0661,85.0,run_PMM0660,2,False,
PMM0661,nrdJ,ribonucleoside-diphosphate reductase,NC_005072.1,628726,631059,-,PMM0662,132.0,run_PMM0660,2,False,
PMM0662,,methyltransferase domain protein,NC_005072.1,631192,631887,+,PMM0663,29.0,run_PMM0662,3,False,
PMM0663,prfC,peptide chain release factor 3,NC_005072.1,631917,633554,+,PMM0664,51.0,run_PMM0662,3,False,
PMM0664,,conserved hypothetical protein,NC_005072.1,633606,634280,+,PMM0665,1.0,run_PMM0662,3,False,
PMM0665,hsp33,hsp33 family protein,NC_005072.1,634282,635184,-,PMM0666,-11.0,run_PMM0665,2,False,
PMM0666,,ABC transporter family protein,NC_005072.1,635174,635821,-,PMM0667,85.0,run_PMM0665,2,False,
PMM0667,,conserved hypothetical protein,NC_005072.1,635907,636350,+,PMM0668,9.0,run_PMM0667,3,False,
PMM0668,rsmE,"RNA methyltransferase, RsmE family protein",NC_005072.1,636360,637133,+,PMM0669,4.0,run_PMM0667,3,False,
PMM0669,,conserved hypothetical protein,NC_005072.1,637138,637881,+,PMM0670,17.0,run_PMM0667,3,False,
PMM0670,tesA,SGNH hydrolase superfamily protein,NC_005072.1,637899,638543,-,PMM0671,50.0,run_PMM0670,5,False,
PMM0671,phnE,"phosphate/phosphonate ABC type transporter, permease component",NC_005072.1,638594,640096,-,PMM0672,4.0,run_PMM0670,5,False,
PMM0672,phnC,"phosphonate ABC type transporter, ATPase component",NC_005072.1,640101,640838,-,PMM0673,-4.0,run_PMM0670,5,False,
PMM0673,phnD,"phosphonate ABC type transporter, substrate binding component",NC_005072.1,640835,641740,-,PMM0674,0.0,run_PMM0670,5,False,
PMM0674,aspC,aspartate aminotransferase,NC_005072.1,641741,642922,-,PMM0675,234.0,run_PMM0670,5,False,
PMM0675,,uracil-DNA glycosylase,NC_005072.1,643157,643660,+,PMM0676,33.0,run_PMM0675,5,False,
PMM0676,gcpE,(E)-4-hydroxy-3-methylbut-2-enyl diphosphate synthase,NC_005072.1,643694,644911,+,PMM0677,56.0,run_PMM0675,5,False,
PMM0677,ctpA,photosystem II D1 protein carboxyl-terminal processing peptidase,NC_005072.1,644968,646302,+,PMM0678,-4.0,run_PMM0675,5,False,
PMM0678,nadA,"quinolinate synthetase complex, A subunit",NC_005072.1,646299,647258,-,PMM0679,36.0,run_PMM0678,3,True,run_PMM0675
PMM0679,,Predicted phosphoesterase,NC_005072.1,647295,648164,+,PMM0680,8.0,run_PMM0675,5,True,run_PMM0678
PMM0680,,repair family protein,NC_005072.1,648173,648970,-,PMM0681,32.0,run_PMM0678,3,True,run_PMM0675
PMM0681,,"protein arginine methyltransferase, NDUFAF7 superfamily",NC_005072.1,649003,650193,+,PMM0682,-4.0,run_PMM0675,5,True,run_PMM0678
PMM0682,aroB,3-dehydroquinate synthase,NC_005072.1,650190,651281,-,PMM0683,130.0,run_PMM0678,3,False,
PMM0683,purK,N5-carboxyaminoimidazole ribonucleotide synthetase monomer,NC_005072.1,651412,652602,+,PMM0684,341.0,run_PMM0683,1,False,
PMM0684,,conserved hypothetical protein (DUF1651),NC_005072.1,652944,653243,+,PMM1860,-4.0,run_PMM0684,4,False,
PMM1860,,conserved hypothetical protein,NC_005072.1,653240,653377,+,PMM0685,-1.0,run_PMM0684,4,False,
PMM0685,,conserved hypothetical protein,NC_005072.1,653377,653607,+,PMM1861,61.0,run_PMM0684,4,False,
PMM1861,,conserved hypothetical protein,NC_005072.1,653669,653791,+,PMM2046,26.0,run_PMM0684,4,False,
PMM2046,,uncharacterized conserved membrane protein,NC_005072.1,653818,653964,-,PMM1863,1092.0,run_PMM2046,1,False,
PMM1863,,Conserved hypothetical protein,NC_005072.1,655057,655200,-,PMM0687,145.0,run_PMM1863,1,False,
PMM0687,,conserved hypothetical protein,NC_005072.1,655346,655672,-,PMM1864,92.0,run_PMM0687,4,False,
PMM1864,,Conserved hypothetical protein,NC_005072.1,655765,655920,-,PMM1865,68.0,run_PMM0687,4,False,
PMM1865,,Conserved hypothetical protein,NC_005072.1,655989,656198,-,PMM0688,76.0,run_PMM0687,4,False,
PMM0688,,NTF2-like domain-containing protein,NC_005072.1,656275,656664,-,PMM1866,105.0,run_PMM0687,4,False,
PMM1866,,conserved hypothetical protein,NC_005072.1,656770,656943,-,PMM1867,105.0,run_PMM1866,1,False,
PMM1867,,Hypothetical protein,NC_005072.1,657049,657258,-,PMM1868,670.0,run_PMM1867,1,False,
PMM1868,,conserved hypothetical protein,NC_005072.1,657929,658111,+,PMM0689,523.0,run_PMM1868,1,False,
PMM0689,hli,high light inducible protein,NC_005072.1,658635,658889,-,PMM0690,4.0,run_PMM0689,2,False,
PMM0690,hli,high light inducible protein,NC_005072.1,658894,659028,-,PMM1870,371.0,run_PMM0689,2,False,
PMM1870,,conserved hypothetical protein,NC_005072.1,659400,659561,-,PMM0691,193.0,run_PMM1870,1,False,
PMM0691,,tryptophan-rich conserved hypothetical protein CHP02450,NC_005072.1,659755,659961,-,PMM0692,220.0,run_PMM0691,1,False,
PMM0692,,conserved hypothetical protein,NC_005072.1,660182,660397,-,PMM1871,-4.0,run_PMM0692,4,False,
PMM1871,,conserved hypothetical protein,NC_005072.1,660394,660585,-,PMM1872,48.0,run_PMM0692,4,False,
PMM1872,,uncharacterized conserved membrane protein,NC_005072.1,660634,660837,-,PMM0693,3.0,run_PMM0692,4,False,
PMM0693,,possible Hepatitis C virus envelope glycoprote,NC_005072.1,660841,661104,-,PMM0694,103.0,run_PMM0692,4,False,
PMM0694,,short-chain dehydrogenase/reductase (SDR) superfamily,NC_005072.1,661208,661873,+,PMM0695,312.0,run_PMM0694,1,False,
PMM0695,,Glutamine amidotransferase class-I,NC_005072.1,662186,662914,-,PMM0696,266.0,run_PMM0695,1,False,
PMM0696,,uncharacterized conserved membrane protein,NC_005072.1,663181,663435,-,PMM0697,-1.0,run_PMM0696,4,False,
PMM0697,,possible uncharacterized conserved secreted protein,NC_005072.1,663435,663662,-,PMM1873,99.0,run_PMM0696,4,False,
PMM1873,,conserved hypothetical protein,NC_005072.1,663762,663917,-,PMM0698,22.0,run_PMM0696,4,False,
PMM0698,,conserved hypothetical protein,NC_005072.1,663940,664191,-,PMM1874,316.0,run_PMM0696,4,False,
PMM1874,,Conserved hypothetical protein,NC_005072.1,664508,664648,-,PMM0699,532.0,run_PMM1874,1,False,
PMM0699,,uncharacterized conserved membrane protein,NC_005072.1,665181,665417,+,PMM0700,14.0,run_PMM0699,2,False,
PMM0700,,conserved hypothetical protein,NC_005072.1,665432,665674,+,PMM0701,304.0,run_PMM0699,2,False,
PMM0701,,conserved hypothetical protein,NC_005072.1,665979,666290,-,PMM0702,283.0,run_PMM0701,1,False,
PMM0702,,"uncharacterized conserved membrane protein, Prochlorococcus-specific",NC_005072.1,666574,666960,+,PMM0703,345.0,run_PMM0702,1,False,
PMM0703,,"protein of unknown function DUF1499, Prochlorococcus-specific",NC_005072.1,667306,667659,+,PMM1877,85.0,run_PMM0703,2,False,
PMM1877,,possible uncharacterized conserved secreted protein,NC_005072.1,667745,667876,+,PMM0704,181.0,run_PMM0703,2,False,
PMM0704,,"potassium ion channel, VIC family",NC_005072.1,668058,669113,+,PMM0705,286.0,run_PMM0704,1,False,
PMM0705,phoB,two-component system response regulator RR class II (RRII)-CheY-OmpR,NC_005072.1,669400,670128,+,PMM0706,-4.0,run_PMM0705,2,False,
PMM0706,phoR,"two-component system sensor histidine kinase, phosphate sensing PhoR",NC_005072.1,670125,671273,+,PMM0707,16.0,run_PMM0705,2,False,
PMM0707,,uncharacterized conserved secreted protein,NC_005072.1,671290,671616,-,PMM0708,76.0,run_PMM0707,2,False,
PMM0708,,probable alkaline phosphatase,NC_005072.1,671693,673975,-,PMM0709,161.0,run_PMM0707,2,False,
PMM0709,som,outer membrane porin,NC_005072.1,674137,675495,-,PMM0710,358.0,run_PMM0709,1,False,
PMM0710,pstS,"phosphate ABC transporter, phosphate-binding protein PstS",NC_005072.1,675854,676825,+,PMM0711,49.0,run_PMM0710,1,False,
PMM0711,chrA,chromate transporter,NC_005072.1,676875,678101,-,PMM0712,30.0,run_PMM0711,4,False,
PMM0712,arsJ,"multidrug efflux transporter, MFS family",NC_005072.1,678132,679391,-,PMM0713,11.0,run_PMM0711,4,False,
PMM0713,gap3,glyceraldehyde-3-phosphate dehydrogenase,NC_005072.1,679403,680425,-,PMM0714,65.0,run_PMM0711,4,False,
PMM0714,arsR,"bacterial regulatory protein, ArsR family",NC_005072.1,680491,680862,+,TX50_RS03815,18.0,run_PMM0714,1,True,run_PMM0711
TX50_RS03815,,uncharacterized conserved lipoprotein,NC_005072.1,680881,681087,-,PMM0715,156.0,run_PMM0711,4,False,
PMM0715,,conserved hypothetical protein,NC_005072.1,681244,681411,+,PMM0716,-11.0,run_PMM0715,1,False,
PMM0716,arsB,arsenate efflux pump,NC_005072.1,681401,682411,-,PMM0717,43.0,run_PMM0716,2,False,
PMM0717,,conserved hypothetical protein,NC_005072.1,682455,682685,-,PMM0718,181.0,run_PMM0716,2,False,
PMM0718,,"transcriptional regulator, Crp family",NC_005072.1,682867,683403,+,PMM0719,50.0,run_PMM0718,3,False,
PMM0719,,conserved hypothetical protein (DUF3764),NC_005072.1,683454,683759,+,TX50_RS09860,3.0,run_PMM0718,3,False,
TX50_RS09860,,conserved hypothetical protein,NC_005072.1,683763,683912,+,PMM1880,133.0,run_PMM0718,3,False,
PMM1880,,conserved hypothetical protein,NC_005072.1,684046,684228,-,PMM0720,161.0,run_PMM1880,1,False,
PMM0720,,conserved hypothetical protein,NC_005072.1,684390,684644,-,PMM0721,368.0,run_PMM0720,1,False,
PMM0721,,possible Myosin N-terminal SH3-like domain,NC_005072.1,685013,685351,+,PMM0722,17.0,run_PMM0721,1,False,
PMM0722,,conserved hypothetical protein,NC_005072.1,685369,685602,-,PMM0723,276.0,run_PMM0722,1,False,
PMM0723,pstC,ABC-type phosphate transport system permease component,NC_005072.1,685879,686826,+,PMM0724,6.0,run_PMM0723,3,False,
PMM0724,pstA,ABC-type phosphate transport system permease component,NC_005072.1,686833,687726,+,PMM0725,1.0,run_PMM0723,3,False,
PMM0725,pstB,ABC-type phosphate transport system ATPase component,NC_005072.1,687728,688537,+,PMM1881,391.0,run_PMM0723,3,False,
PMM1881,,Conserved hypothetical protein,NC_005072.1,688929,689078,+,PMM0726,189.0,run_PMM1881,1,False,
PMM0726,,uncharacterized conserved secreted protein,NC_005072.1,689268,689576,-,PMM0727,220.0,run_PMM0726,1,False,
PMM0727,pdeM,"metallophosphoesterase, DNA ligase-associated",NC_005072.1,689797,690441,-,PMM0728,0.0,run_PMM0727,7,False,
PMM0728,,ATP-dependent Lhr-N-terminus-like helicase,NC_005072.1,690442,692919,-,PMM0729,-1.0,run_PMM0727,7,False,
PMM0729,lig,ATP-dependent DNA ligase,NC_005072.1,692919,694556,-,PMM0730,-4.0,run_PMM0727,7,False,
PMM0730,,putative mRNA 3-end processing factor,NC_005072.1,694553,695545,-,PMM0731,36.0,run_PMM0727,7,False,
PMM0731,,uncharacterized conserved membrane protein,NC_005072.1,695582,695992,-,PMM0732,84.0,run_PMM0727,7,False,
PMM0732,,"translation initiation factor IF-2, N-terminal domain-containing protein",NC_005072.1,696077,696364,-,PMM0733,95.0,run_PMM0727,7,False,
PMM0733,,conserved hypothetical protein,NC_005072.1,696460,697776,-,PMM0734,143.0,run_PMM0727,7,False,
PMM0734,,conserved hypothetical protein,NC_005072.1,697920,698285,-,PMM0735,234.0,run_PMM0734,1,False,
PMM0735,unk1,conserved hypothetical protein,NC_005072.1,698520,698723,+,PMM1882,68.0,run_PMM0735,3,False,
PMM1882,,hypothetical protein,NC_005072.1,698792,699022,+,PMM1883,77.0,run_PMM0735,3,False,
PMM1883,,conserved hypothetical protein,NC_005072.1,699100,699306,+,PMM1884,29.0,run_PMM0735,3,False,
PMM1884,,conserved hypothetical protein,NC_005072.1,699336,699521,-,PMM1885,143.0,run_PMM1884,1,False,
PMM1885,,conserved hypothetical protein,NC_005072.1,699665,699847,+,PMM0736,327.0,run_PMM1885,1,False,
PMM0736,,uncharacterized conserved lipoprotein,NC_005072.1,700175,700525,-,PMM1887,48.0,run_PMM0736,3,False,
PMM1887,,conserved hypothetical protein,NC_005072.1,700574,700750,-,PMM0737,81.0,run_PMM0736,3,False,
PMM0737,,conserved hypothetical protein,NC_005072.1,700832,701269,-,PMM0738,135.0,run_PMM0736,3,False,
PMM0738,,conserved hypothetical protein,NC_005072.1,701405,701674,+,PMM0739,258.0,run_PMM0738,1,False,
PMM0739,,uncharacterized conserved metal-binding protein (DUF2103),NC_005072.1,701933,702211,-,PMM0740,134.0,run_PMM0739,1,False,
PMM0740,petN,cytochrome b6/f complex subunit VIII,NC_005072.1,702346,702447,+,PMM0741,155.0,run_PMM0740,1,False,
PMM0741,psb29,photosystem II repair protein Psb29,NC_005072.1,702603,703256,-,PMM0742,32.0,run_PMM0741,2,False,
PMM0742,clpP1,"ATP-dependent Clp protease, protease subunit",NC_005072.1,703289,703882,+,PMM0743,-4.0,run_PMM0742,1,True,run_PMM0741
PMM0743,ftsH2,photosystem II D1 repair protein FtsH2,NC_005072.1,703879,705792,-,PMM0744,112.0,run_PMM0741,2,False,
PMM0744,sipA,activator of the histidine kinase NblS,NC_005072.1,705905,706120,+,PMM0745,-4.0,run_PMM0744,1,False,
PMM0745,,"metallopeptidase, M16 family",NC_005072.1,706117,707346,-,PMM0746,-4.0,run_PMM0745,2,False,
PMM0746,,peptidase M16 inactive domain protein,NC_005072.1,707343,708593,-,PMM0747,40.0,run_PMM0745,2,False,
PMM0747,pcyA,phycocyanobilin:ferredoxin oxidoreductase,NC_005072.1,708634,709359,+,PMM0748,-1.0,run_PMM0747,6,False,
PMM0748,devB,"ABC exporter membrane fusion, DevB family",NC_005072.1,709359,710273,+,PMM0749,-1.0,run_PMM0747,6,False,
PMM0749,devC,ABC exporter transmembrane subunit,NC_005072.1,710273,711445,+,PMM0750,14.0,run_PMM0747,6,False,
PMM0750,devA,"DEVA-like ABC transporter, ATP-binding subunit",NC_005072.1,711460,712182,+,PMM0751,22.0,run_PMM0747,6,False,
PMM0751,,conserved hypothetical protein,NC_005072.1,712205,712354,+,PMM0752,61.0,run_PMM0747,6,False,
PMM0752,wcaA,"beta-glycosyltransferase, family 2",NC_005072.1,712416,713327,+,PMM0753,150.0,run_PMM0747,6,False,
PMM0753,rpsB,30S ribosomal protein S2,NC_005072.1,713478,714182,+,PMM0754,44.0,run_PMM0753,6,False,
PMM0754,tsf,Translation elongation factor Ts,NC_005072.1,714227,714883,+,PMM0755,5.0,run_PMM0753,6,False,
PMM0755,,conserved hypothetical protein,NC_005072.1,714889,715962,+,PMM0756,29.0,run_PMM0753,6,False,
PMM0756,recG,ATP-dependent DNA helicase,NC_005072.1,715992,718448,+,PMM0757,58.0,run_PMM0753,6,False,
PMM0757,ddpX,D-alanyl-D-alanine dipeptidase,NC_005072.1,718507,719193,+,PMM0758,3.0,run_PMM0753,6,False,
PMM0758,sir,sulfite reductase (ferredoxin),NC_005072.1,719197,720987,-,PMM0759,87.0,run_PMM0758,2,True,run_PMM0753
PMM0759,glyS,"glycyl-tRNA synthetase, beta subunit",NC_005072.1,721075,723237,+,PMM0760,-11.0,run_PMM0753,6,True,run_PMM0758
PMM0760,chlP,geranylgeranyl reductase,NC_005072.1,723227,724558,-,PMM0761,110.0,run_PMM0758,2,False,
PMM0761,vanY,D-alanyl-D-alanine carboxypeptidase,NC_005072.1,724669,725400,+,PMM0762,112.0,run_PMM0761,1,False,
PMM0762,typA,GTP-binding protein TypA/BipA,NC_005072.1,725513,727315,+,PMM0763,6.0,run_PMM0762,3,False,
PMM0763,,conserved hypothetical protein (DUF309),NC_005072.1,727322,727705,+,PMM0764,-11.0,run_PMM0762,3,False,
PMM0764,lptB,"lipopolysaccharide export system, ATP-binding component LptB",NC_005072.1,727695,728423,+,PMM0765,112.0,run_PMM0762,3,False,
PMM0765,ccsA,cytochrome c-type biogenesis protein,NC_005072.1,728536,729480,+,PMM0766,10.0,run_PMM0765,1,False,
PMM0766,rpe,ribulose-phosphate 3-epimerase,NC_005072.1,729491,730246,-,PMM0767,187.0,run_PMM0766,1,False,
PMM0767,fbp-sbp,"bifunctional fructose-1,6-biphosphatase/sedoheptulose1,7-biphosphate phosphatase",NC_005072.1,730434,731435,+,PMM0768,17.0,run_PMM0767,2,False,
PMM0768,hemA,glutamyl-tRNA reductase,NC_005072.1,731453,732754,+,PMM0769,138.0,run_PMM0767,2,False,
PMM0769,glgC,glucose-1-phosphate adenylyltransferase,NC_005072.1,732893,734188,+,PMM0770,98.0,run_PMM0769,5,False,
PMM0770,gnd,6-phosphogluconate dehydrogenase,NC_005072.1,734287,735705,+,PMM0771,-13.0,run_PMM0769,5,False,
PMM0771,pgl,6-phosphogluconolactonase,NC_005072.1,735693,736430,+,PMM0772,30.0,run_PMM0769,5,False,
PMM0772,,NADH:ubiquinone oxidoreductase complex I intermediate-associated CIA30-like protein,NC_005072.1,736461,737009,+,PMM0773,-11.0,run_PMM0769,5,False,
PMM0773,,conserved hypothetical protein,NC_005072.1,736999,737385,+,PMM0774,17.0,run_PMM0769,5,False,
PMM0774,ilvD,dihydroxy-acid dehydratase,NC_005072.1,737403,739082,-,PMM0775,23.0,run_PMM0774,3,False,
PMM0775,,conserved hypothetical protein,NC_005072.1,739106,739396,-,PMM0776,29.0,run_PMM0774,3,False,
PMM0776,upp,putative uracil phosphoribosyltransferase,NC_005072.1,739426,740043,-,PMM0777,62.0,run_PMM0774,3,False,
PMM0777,,pentapeptide repeats family protein,NC_005072.1,740106,740618,+,PMM0778,9.0,run_PMM0777,3,False,
PMM0778,cobW,pseudocobalamin biosynthesis protein CobW,NC_005072.1,740628,741683,+,PMM1890,54.0,run_PMM0777,3,False,
PMM1890,,conserved hypothetical protein,NC_005072.1,741738,741905,+,PMM0779,101.0,run_PMM0777,3,False,
PMM0779,purS,"phosphoribosylformylglycinamidine (FGAM) synthase, PurS component",NC_005072.1,742007,742258,+,PMM0780,0.0,run_PMM0779,2,False,
PMM0780,purQ,"phosphoribosylformylglycinamidine (FGAM) synthase, glutamine amidotransferase domain",NC_005072.1,742259,742924,+,PMM0781,50.0,run_PMM0779,2,False,
PMM0781,fbaA,"fructose-1,6-bisphosphate aldolase, class II",NC_005072.1,742975,744048,-,PMM0782,142.0,run_PMM0781,1,False,
PMM0782,mviM,"oxidoreductase, NAD-binding Rossmann fold family protein",NC_005072.1,744191,745294,-,PMM0783,-1.0,run_PMM0782,3,False,
PMM0783,,conserved hypothetical protein,NC_005072.1,745294,745683,-,PMM0784,4.0,run_PMM0782,3,False,
PMM0784,accD,"acetyl-CoA carboxylase, carboxyl transferase beta subunit",NC_005072.1,745688,746566,-,PMM0785,183.0,run_PMM0782,3,False,
PMM0785,prkB,phosphoribulokinase,NC_005072.1,746750,747649,-,PMM0786,89.0,run_PMM0785,13,False,
PMM0786,leuB,3-isopropylmalate dehydrogenase,NC_005072.1,747739,748812,-,PMM0787,28.0,run_PMM0785,13,False,
PMM0787,lpxD,UDP-3-O-[3-hydroxymyristoyl] glucosamine N-acyltransferase,NC_005072.1,748841,749875,-,PMM0788,14.0,run_PMM0785,13,False,
PMM0788,proB,glutamate 5-kinase,NC_005072.1,749890,750972,-,PMM0789,-4.0,run_PMM0785,13,False,
PMM0789,,haloacid dehalogenase (HAD) family phosphatase,NC_005072.1,750969,751463,-,PMM0790,4.0,run_PMM0785,13,False,
PMM0790,,conserved hypothetical protein (DUF3727),NC_005072.1,751468,752004,-,PMM0791,33.0,run_PMM0785,13,False,
PMM0791,yqgF,DNA damage response protein YqgF / putative pre-16S rRNA nuclease,NC_005072.1,752038,752493,-,PMM0792,-4.0,run_PMM0785,13,False,
PMM0792,,conserved hypothetical protein,NC_005072.1,752490,753545,-,PMM0793,0.0,run_PMM0785,13,False,
PMM0793,,uncharacterized conserved secreted protein,NC_005072.1,753546,754706,-,PMM0794,23.0,run_PMM0785,13,False,
PMM0794,,thioredoxin-like regulatory factor of photosystem I titer,NC_005072.1,754730,755272,-,PMM0795,14.0,run_PMM0785,13,False,
PMM0795,ycf55,conserved hypothetical protein,NC_005072.1,755287,756909,-,PMM0796,79.0,run_PMM0785,13,False,
PMM0796,hisA,1-(5-phosphoribosyl)-5-[(5- phosphoribosylamino)methylideneamino]imidazole-4- carboxamide isomerase,NC_005072.1,756989,757756,-,PMM0797,92.0,run_PMM0785,13,False,
PMM0797,,conserved hypothetical protein,NC_005072.1,757849,758769,+,PMM0798,-27.0,run_PMM0797,1,True,run_PMM0785
PMM0798,pgsA,CDP-diacylglycerol--glycerol-3-phosphate 3-phosphatidyltransferase,NC_005072.1,758743,759285,-,PMM0799,135.0,run_PMM0785,13,False,
PMM0799,,glutaredoxin family protein,NC_005072.1,759421,760032,+,PMM0800,11.0,run_PMM0799,1,False,
PMM0800,,conserved hypothetical protein,NC_005072.1,760044,760232,-,PMM0801,24.0,run_PMM0800,3,False,
PMM0801,ycf39,NAD(P)-binding domain-containing protein,NC_005072.1,760257,760916,-,PMM0802,35.0,run_PMM0800,3,False,
PMM0802,nth,endonuclease III,NC_005072.1,760952,761605,-,PMM0803,97.0,run_PMM0800,3,False,
PMM0803,futC,iron(III) transport system ATP-binding protein,NC_005072.1,761703,762761,+,PMM0804,246.0,run_PMM0803,1,False,
PMM0804,ftn,ferritin,NC_005072.1,763008,763562,+,PMM0805,-15.0,run_PMM0804,1,False,
PMM0805,,"iron stress-induced protein, Prochlorococcus-specific",NC_005072.1,763548,763838,-,PMM0806,7.0,run_PMM0805,2,False,
PMM0806,,"possible transcriptional regulator of iron metabolism, Crp/Fnr family protein",NC_005072.1,763846,764442,-,PMM0807,323.0,run_PMM0805,2,False,
PMM0807,modF,ABC transporter family protein,NC_005072.1,764766,765572,-,PMM0808,106.0,run_PMM0807,1,False,
PMM0808,PcCAO,chlorophyll b synthase / chlorophyllide a oxygenase,NC_005072.1,765679,767001,-,PMM0809,365.0,run_PMM0808,1,False,
PMM0809,,uncharacterized conserved secreted protein,NC_005072.1,767367,767711,+,PMM1891,27.0,run_PMM0809,1,False,
PMM1891,,Conserved hypothetical protein,NC_005072.1,767739,767921,-,PMM0810,400.0,run_PMM1891,1,False,
PMM0810,,conserved hypothetical protein,NC_005072.1,768322,768618,-,PMM1892,199.0,run_PMM0810,1,False,
PMM1892,,Conserved hypothetical protein,NC_005072.1,768818,768997,+,PMM1893,28.0,run_PMM1892,2,False,
PMM1893,,Conserved hypothetical protein,NC_005072.1,769026,769184,-,PMM0811,67.0,run_PMM1893,1,True,run_PMM1892
PMM0811,,conserved hypothetical protein,NC_005072.1,769252,769620,+,PMM0812,149.0,run_PMM1892,2,False,
PMM0812,,conserved hypothetical protein,NC_005072.1,769770,770102,+,PMM0813,868.0,run_PMM0812,1,False,
PMM0813,,conserved hypothetical protein,NC_005072.1,770971,771333,-,PMM0814,129.0,run_PMM0813,1,False,
PMM0814,,conserved hypothetical protein,NC_005072.1,771463,771690,-,PMM1894,305.0,run_PMM0814,1,False,
PMM1894,,Conserved hypothetical protein,NC_005072.1,771996,772190,-,PMM1896,596.0,run_PMM1894,1,False,
PMM1896,,uncharacterized conserved secreted protein,NC_005072.1,772787,772966,-,PMM0816,257.0,run_PMM1896,1,False,
PMM0816,hli,high light inducible protein,NC_005072.1,773224,773484,-,PMM0817,-1.0,run_PMM0816,3,False,
PMM0817,hli,high light inducible protein,NC_005072.1,773484,773693,-,PMM0818,-1.0,run_PMM0816,3,False,
PMM0818,hli,high light inducible protein,NC_005072.1,773693,773800,-,PMM1897,376.0,run_PMM0816,3,False,
PMM1897,,conserved hypothetical protein,NC_005072.1,774177,774329,-,PMM1898,-11.0,run_PMM1897,4,False,
PMM1898,,Conserved hypothetical protein,NC_005072.1,774319,774459,-,PMM0819,-4.0,run_PMM1897,4,False,
PMM0819,,conserved hypothetical protein,NC_005072.1,774456,774755,-,PMM0820,59.0,run_PMM1897,4,False,
PMM0820,,"conserved hypothetical protein, Prochlorococcus-specific",NC_005072.1,774815,775090,-,TX50_RS09930,413.0,run_PMM1897,4,False,
TX50_RS09930,,hypothetical protein,NC_005072.1,775504,775635,-,PMM0821,882.0,run_TX50_RS09930,1,False,
PMM0821,ansA,L-asparaginase II family protein,NC_005072.1,776518,777483,-,PMM0822,1.0,run_PMM0821,4,False,
PMM0822,K8K14.9,CGLD27-like uncharacterized conserved membrane protein,NC_005072.1,777485,777979,-,PMM0823,9.0,run_PMM0821,4,False,
PMM0823,rsfS,oligomerisation domain protein,NC_005072.1,777989,778333,-,PMM0824,-11.0,run_PMM0821,4,False,
PMM0824,,conserved hypothetical protein,NC_005072.1,778323,778961,-,PMM0825,108.0,run_PMM0821,4,False,
PMM0825,carB,"carbamoyl-phosphate synthase, large subunit",NC_005072.1,779070,782369,+,PMM0826,6.0,run_PMM0825,1,False,
PMM0826,,conserved hypothetical protein,NC_005072.1,782376,782594,-,PMM0827,29.0,run_PMM0826,2,False,
PMM0827,mdlB,putative ABC multidrug efflux transporter,NC_005072.1,782624,784330,-,PMM0828,56.0,run_PMM0826,2,False,
PMM0828,,S4 domain-containing protein,NC_005072.1,784387,784563,+,PMM0829,51.0,run_PMM0828,3,False,
PMM0829,tpiA,triosephosphate isomerase,NC_005072.1,784615,785340,+,PMM0830,-17.0,run_PMM0828,3,False,
PMM0830,folP,dihydropteroate synthase,NC_005072.1,785324,786166,+,PMM0831,15.0,run_PMM0828,3,False,
PMM0831,chlH,"protoporphyrin IX Mg-chelatase, subunit ChlH",NC_005072.1,786182,790189,-,PMM0832,102.0,run_PMM0831,1,False,
PMM0832,dapB,4-hydroxy-tetrahydrodipicolinate reductase,NC_005072.1,790292,791140,+,PMM0833,0.0,run_PMM0832,6,False,
PMM0833,,conserved hypothetical protein,NC_005072.1,791141,791785,+,PMM0834,21.0,run_PMM0832,6,False,
PMM0834,ubiH,2-octaprenyl-6-methoxyphenyl hydroxylase,NC_005072.1,791807,792961,+,PMM0835,5.0,run_PMM0832,6,False,
PMM0835,,conserved hypothetical protein,NC_005072.1,792967,793161,+,PMM0836,37.0,run_PMM0832,6,False,
PMM0836,,conserved hypothetical protein,NC_005072.1,793199,793729,+,PMM0837,1.0,run_PMM0832,6,False,
PMM0837,,conserved hypothetical protein,NC_005072.1,793731,794351,+,PMM1899,428.0,run_PMM0832,6,False,
PMM1899,,uncharacterized conserved membrane protein,NC_005072.1,794780,794941,-,PMM0839,73.0,run_PMM1899,12,False,
PMM0839,mfd,transcription-repair coupling factor,NC_005072.1,795015,798530,-,PMM0840,74.0,run_PMM1899,12,False,
PMM0840,terC,putative photosystem II assembly factor TerC,NC_005072.1,798605,799315,+,PMM0841,-4.0,run_PMM0840,1,True,run_PMM1899
PMM0841,fmt,methionyl-tRNA formyltransferase,NC_005072.1,799312,800298,-,PMM0842,-4.0,run_PMM1899,12,False,
PMM0842,pmbA,possible modulator of DNA gyrase,NC_005072.1,800295,801647,-,PMM0843,2.0,run_PMM1899,12,False,
PMM0843,tldD,modulator of DNA gyrase,NC_005072.1,801650,803074,-,PMM0844,37.0,run_PMM1899,12,False,
PMM0844,cycI1,Mg-protoporphyrin IX monomethylester oxidative cyclase,NC_005072.1,803112,804284,-,PMM0845,83.0,run_PMM1899,12,False,
PMM0845,ndhV,NADH dehydrogenase subunit NdhV,NC_005072.1,804368,804919,-,PMM0846,76.0,run_PMM1899,12,False,
PMM0846,,uncharacterized conserved membrane protein,NC_005072.1,804996,805451,-,PMM0847,62.0,run_PMM1899,12,False,
PMM0847,vacB,exoribonuclease R,NC_005072.1,805514,807733,-,PMM0848,73.0,run_PMM1899,12,False,
PMM0848,,uncharacterized membrane protein (UPF0016),NC_005072.1,807807,808106,-,PMM0849,1.0,run_PMM1899,12,False,
PMM0849,,uncharacterized membrane protein,NC_005072.1,808108,808434,-,PMM0850,-4.0,run_PMM1899,12,False,
PMM0850,,zinc- or iron-chelating domain-containing protein,NC_005072.1,808431,808778,-,PMM0851,180.0,run_PMM1899,12,False,
PMM0851,,"HAD hydrolase, IA, variant 3 family protein",NC_005072.1,808959,809708,+,PMM0852,1.0,run_PMM0851,2,False,
PMM0852,,conserved hypothetical protein,NC_005072.1,809710,810036,+,PMM0853,5.0,run_PMM0851,2,False,
PMM0853,rpmF,50S ribosomal protein L32,NC_005072.1,810042,810218,-,PMM0854,135.0,run_PMM0853,1,False,
PMM0854,ftsH3,possible photosystem II D1 repair protein FtsH3,NC_005072.1,810354,812108,+,PMM0856,834.0,run_PMM0854,1,False,
PMM0856,ahpC,2-Cys peroxiredoxin,NC_005072.1,812943,813527,-,PMM1902,316.0,run_PMM0856,1,False,
PMM1902,,conserved hypothetical protein,NC_005072.1,813844,814002,+,PMM0857,6.0,run_PMM1902,1,False,
PMM0857,,conserved hypothetical protein,NC_005072.1,814009,814227,-,PMM1903,62.0,run_PMM0857,2,False,
PMM1903,,Conserved hypothetical protein,NC_005072.1,814290,814460,-,PMM1904,232.0,run_PMM0857,2,False,
PMM1904,,conserved hypothetical protein,NC_005072.1,814693,814860,+,PMM1905,68.0,run_PMM1904,2,False,
PMM1905,,Conserved hypothetical protein,NC_005072.1,814929,815084,+,PMM1907,399.0,run_PMM1904,2,False,
PMM1907,,conserved hypothetical protein,NC_005072.1,815484,815636,-,PMM0858,72.0,run_PMM1907,1,False,
PMM0858,,conserved hypothetical protein,NC_005072.1,815709,816077,+,PMM0859,509.0,run_PMM0858,1,False,
PMM0859,,protein of unknown function (DUF1651),NC_005072.1,816587,816823,+,PMM1910,218.0,run_PMM0859,1,False,
PMM1910,,Conserved hypothetical protein,NC_005072.1,817042,817191,+,PMM1911,212.0,run_PMM1910,1,False,
PMM1911,,conserved hypothetical protein,NC_005072.1,817404,817568,+,PMM1912,178.0,run_PMM1911,1,False,
PMM1912,,Hypothetical protein,NC_005072.1,817747,817920,+,PMM1913,3.0,run_PMM1912,1,False,
PMM1913,,Hypothetical protein,NC_005072.1,817924,818061,-,PMM0860,416.0,run_PMM1913,1,False,
PMM0860,,possible Hantavirus glycoprotein G1,NC_005072.1,818478,818726,-,TX50_RS09290,264.0,run_PMM0860,1,False,
TX50_RS09290,,hypothetical protein,NC_005072.1,818991,819176,+,PMM0861,7.0,run_TX50_RS09290,2,False,
PMM0861,,conserved hypothetical protein,NC_005072.1,819184,819372,+,PMM1914,116.0,run_TX50_RS09290,2,False,
PMM1914,,conserved hypothetical protein,NC_005072.1,819489,819632,+,PMM0862,695.0,run_PMM1914,1,False,
PMM0862,trmL,tRNA (cytidine/uridine-2^-O)-ribose methyltransferase,NC_005072.1,820328,820810,-,PMM0863,3.0,run_PMM0862,3,False,
PMM0863,cobU-cobP,bifunctional adenosylcobinamide kinase / adenosylcobinamide-phosphate guanylyltransferase,NC_005072.1,820814,821362,-,PMM0864,9.0,run_PMM0862,3,False,
PMM0864,,uncharacterized conserved membrane protein,NC_005072.1,821372,821686,-,PMM0865,111.0,run_PMM0862,3,False,
PMM0865,cbb2,cofactor assembly of complex C subunit CCB2,NC_005072.1,821798,822424,+,PMM0866,-4.0,run_PMM0865,1,False,
PMM0866,lptC,possible SMC domain N terminal domain,NC_005072.1,822421,823047,-,PMM0867,-8.0,run_PMM0866,5,False,
PMM0867,metG,methionine--tRNA ligase,NC_005072.1,823040,824575,-,PMM0868,59.0,run_PMM0866,5,False,
PMM0868,rnb,exoribonuclease II,NC_005072.1,824635,825819,-,PMM0869,39.0,run_PMM0866,5,False,
PMM0869,rpsR,30S ribosomal protein S18,NC_005072.1,825859,826080,-,PMM0870,8.0,run_PMM0866,5,False,
PMM0870,rpmG,50S ribosomal protein L33,NC_005072.1,826089,826283,-,PMM0871,101.0,run_PMM0866,5,False,
PMM0871,pheT,"phenylalanine--tRNA ligase, beta subunit",NC_005072.1,826385,828850,+,PMM0872,105.0,run_PMM0871,1,False,
PMM0872,,uncharacterized conserved secreted protein,NC_005072.1,828956,829204,+,PMM0873,416.0,run_PMM0872,1,False,
PMM0873,,DnaJ type IV chaperone protein,NC_005072.1,829621,830634,-,PMM1915,143.0,run_PMM0873,1,False,
PMM1915,,conserved hypothetical protein,NC_005072.1,830778,830954,+,PMM0874,3.0,run_PMM1915,1,False,
PMM0874,apa2,ATP adenylyltransferase,NC_005072.1,830958,831788,-,PMM0875,57.0,run_PMM0874,2,False,
PMM0875,unk14A,conserved hypothetical protein,NC_005072.1,831846,832238,-,PMM0876,108.0,run_PMM0874,2,False,
PMM0876,,conserved hypothetical protein,NC_005072.1,832347,832568,+,PMM0877,40.0,run_PMM0876,1,False,
PMM0877,metH,methionine synthase,NC_005072.1,832609,836169,-,PMM0878,24.0,run_PMM0877,10,False,
PMM0878,ilvE,branched-chain amino acid aminotransferase,NC_005072.1,836194,837108,-,PMM0879,71.0,run_PMM0877,10,False,
PMM0879,cobN,"cobaltochelatase, CobN subunit",NC_005072.1,837180,840917,+,PMM0880,1.0,run_PMM0879,1,True,run_PMM0877
PMM0880,,PHP domain-containing protein,NC_005072.1,840919,841566,-,PMM0881,-8.0,run_PMM0877,10,False,
PMM0881,hemJ,protoporphyrinogen IX oxidase,NC_005072.1,841559,842125,-,PMM0882,88.0,run_PMM0877,10,False,
PMM0882,uvrC,"excinuclease UvrABC complex, endonuclease subunit",NC_005072.1,842214,844184,-,PMM0883,9.0,run_PMM0877,10,False,
PMM0883,,flavin reductase-like domain containing protein,NC_005072.1,844194,844682,-,PMM0884,59.0,run_PMM0877,10,False,
PMM0884,coaD,pantetheine-phosphate adenylyltransferase,NC_005072.1,844742,845221,+,PMM0885,-4.0,run_PMM0884,1,True,run_PMM0877
PMM0885,pbp4,penicillin-binding-like protein Pbp4,NC_005072.1,845218,846447,-,PMM0886,2.0,run_PMM0877,10,False,
PMM0886,,conserved hypothetical protein,NC_005072.1,846450,847097,-,PMM0887,-1.0,run_PMM0877,10,False,
PMM0887,iscS1,cysteine desulfurase,NC_005072.1,847097,848269,-,PMM0888,0.0,run_PMM0877,10,False,
PMM0888,dapF,diaminopimelate epimerase,NC_005072.1,848270,849130,-,PMM0889,107.0,run_PMM0877,10,False,
PMM0889,leuS,leucine--tRNA ligase,NC_005072.1,849238,851814,+,PMM0890,2.0,run_PMM0889,1,False,
PMM0890,pgi,glucose-6-phosphate isomerase,NC_005072.1,851817,853397,-,PMM0891,182.0,run_PMM0890,1,False,
PMM0891,purN,phosphoribosylglycinamide formyltransferase,NC_005072.1,853580,854236,+,PMM0892,-17.0,run_PMM0891,2,False,
PMM0892,argC,N-acetyl-gamma-glutamyl-phosphate reductase,NC_005072.1,854220,855275,-,PMM0893,88.0,run_PMM0892,5,True,run_PMM0891
PMM0893,ribBA,"3,4-dihydroxy 2-butanone 4-phosphate synthase / GTP cyclohydrolase II",NC_005072.1,855364,857097,+,PMM0894,-4.0,run_PMM0891,2,True,run_PMM0892
PMM0894,ppiB,peptidyl-prolyl cis-trans isomerase,NC_005072.1,857094,857531,-,PMM0895,36.0,run_PMM0892,5,False,
PMM0895,,conserved hypothetical protein,NC_005072.1,857568,857960,-,PMM0896,34.0,run_PMM0892,5,False,
PMM0896,dnaJ3,DnaJ type II chaperone protein,NC_005072.1,857995,858969,-,PMM0897,-50.0,run_PMM0892,5,False,
PMM0897,dnaK2,chaperone protein DnaK,NC_005072.1,858920,860917,-,PMM0898,363.0,run_PMM0892,5,False,
PMM0898,petF,2Fe-2S ferredoxin,NC_005072.1,861281,861655,+,PMM0899,5.0,run_PMM0898,3,False,
PMM0899,suhB,L-myo-inositol 1-phosphate phosphatase,NC_005072.1,861661,862509,+,PMM0900,21.0,run_PMM0898,3,False,
PMM0900,hisZ,"ATP-phosphoribosyltransferase, regulatory subunit",NC_005072.1,862531,863682,+,PMM0901,149.0,run_PMM0898,3,False,
PMM0901,htpG,molecular chaperone HtpG,NC_005072.1,863832,865736,+,PMM0902,39.0,run_PMM0901,6,False,
PMM0902,rpmB,50S ribosomal protein L28,NC_005072.1,865776,866012,+,PMM0903,5.0,run_PMM0901,6,False,
PMM0903,prxQ,2-Cys peroxiredoxin,NC_005072.1,866018,866551,+,PMM0904,5.0,run_PMM0901,6,False,
PMM0904,ycf49,conserved hypothetical protein,NC_005072.1,866557,866859,+,PMM0905,-8.0,run_PMM0901,6,False,
PMM0905,,uncharacterized conserved membrane protein (DUF3593),NC_005072.1,866852,867187,+,PMM0906,64.0,run_PMM0901,6,False,
PMM0906,psaK,photosystem I reaction center subunit X,NC_005072.1,867252,867515,+,PMM0907,2.0,run_PMM0901,6,False,
PMM0907,dxs,1-deoxy-D-xylulose-5-phosphate synthase,NC_005072.1,867518,869431,-,PMM0908,116.0,run_PMM0907,1,False,
PMM0908,ilvA,threonine ammonia-lyase,NC_005072.1,869548,871089,+,PMM0909,81.0,run_PMM0908,8,False,
PMM0909,scpB,segregation and condensation protein B,NC_005072.1,871171,871653,+,PMM0910,31.0,run_PMM0908,8,False,
PMM0910,ylmG1,cell division membrane protein YlmG1 (factor involved in shape determination),NC_005072.1,871685,871963,+,PMM0911,3.0,run_PMM0908,8,False,
PMM0911,,"possible pyrophosphatase, MazG family",NC_005072.1,871967,872296,-,PMM0912,61.0,run_PMM0911,1,True,run_PMM0908
PMM0912,pyk,pyruvate kinase,NC_005072.1,872358,874148,+,PMM0913,-8.0,run_PMM0908,8,False,
PMM0913,salY,putative ABC efflux system,NC_005072.1,874141,875370,+,PMM0914,14.0,run_PMM0908,8,False,
PMM0914,bioY,"biotin ECF transporter, substrate component",NC_005072.1,875385,875957,+,PMM0915,-4.0,run_PMM0908,8,False,
PMM0915,ispA,signal peptidase II,NC_005072.1,875954,876415,+,PMM0916,2.0,run_PMM0908,8,False,
PMM0916,,50S ribosome-binding GTPase family protein,NC_005072.1,876418,877920,+,PMM0917,129.0,run_PMM0908,8,False,
PMM0917,gadB,pyridoxal phosphate-dependent decarboxylase,NC_005072.1,878050,879432,-,PMM0918,63.0,run_PMM0917,2,False,
PMM0918,cumB,cytidine and deoxycytidylate deaminase zinc-binding region family protein,NC_005072.1,879496,879993,+,PMM0919,-26.0,run_PMM0918,1,True,run_PMM0917
PMM0919,spt,alanine--glyoxylate aminotransferase,NC_005072.1,879968,881152,-,PMM0920,214.0,run_PMM0917,2,False,
PMM0920,glnA,"glutamine synthetase, type I",NC_005072.1,881367,882788,+,PMM0921,108.0,run_PMM0920,1,False,
PMM0921,,S-adenosyl-L-methionine-dependent methyltransferase,NC_005072.1,882897,883952,+,PMM0922,20.0,run_PMM0921,2,False,
PMM0922,,conserved hypothetical protein,NC_005072.1,883973,884227,+,PMM0923,-12.0,run_PMM0921,2,False,
PMM0923,rsbW,anti-sigma regulatory factor,NC_005072.1,884216,884659,-,PMM0924,49.0,run_PMM0923,2,False,
PMM0924,ycf53,ferredoxin-interacting protein Ycf53,NC_005072.1,884709,885428,-,PMM0925,34.0,run_PMM0923,2,False,
PMM0925,selU,tRNA 2-selenouridine synthase,NC_005072.1,885463,886515,+,PMM0926,55.0,run_PMM0925,3,False,
PMM0926,psb28,photosystem II reaction centre Psb28 protein,NC_005072.1,886571,886924,+,PMM0927,14.0,run_PMM0925,3,False,
PMM0927,perM,"putative autoinducer 2 exporter, YhhT family",NC_005072.1,886939,887982,+,PMM0928,205.0,run_PMM0925,3,False,
PMM0928,secF,Preprotein translocase SecF subunit,NC_005072.1,888188,889105,-,PMM0929,25.0,run_PMM0928,3,False,
PMM0929,secD,preprotein translocase SecD subunit,NC_005072.1,889131,890591,-,PMM0930,3.0,run_PMM0928,3,False,
PMM0930,phdB,pyruvate dehydrogenase E1 component beta subunit,NC_005072.1,890595,891578,-,PMM0931,183.0,run_PMM0928,3,False,
PMM0931,,uncharacterized membrane protein (DUF3082),NC_005072.1,891762,892079,-,PMM0932,21.0,run_PMM0931,3,False,
PMM0932,ispE,4-(cytidine 5^-diphospho)-2-C-methyl-D-erythritol kinase,NC_005072.1,892101,893039,-,PMM0933,1.0,run_PMM0931,3,False,
PMM0933,ksgA,dimethyladenosine transferase,NC_005072.1,893041,893874,-,PMM0934,16.0,run_PMM0931,3,False,
PMM0934,,conserved hypothetical protein,NC_005072.1,893891,894244,+,PMM0935,20.0,run_PMM0934,2,False,
PMM0935,rlmH,putative SPOUT methyltransferase family protein,NC_005072.1,894265,894678,+,PMM0936,120.0,run_PMM0934,2,False,
PMM0936,umuD,"DNA polymerase V, subunit D",NC_005072.1,894799,895185,+,PMM0937,-4.0,run_PMM0936,8,False,
PMM0937,umuC,"DNA polymerase V, subunit C",NC_005072.1,895182,896474,+,PMM0938,9.0,run_PMM0936,8,False,
PMM0938,,conserved hypothetical protein,NC_005072.1,896484,896939,+,PMM0939,13.0,run_PMM0936,8,False,
PMM0939,dnaG,DNA primase,NC_005072.1,896953,898989,-,PMM0940,98.0,run_PMM0939,1,True,run_PMM0936
PMM0940,,permease of the drug/metabolite transporter (DMT) superfamily,NC_005072.1,899088,899975,+,PMM0941,23.0,run_PMM0936,8,False,
PMM0941,,glycine zipper 2TM domain-containing protein,NC_005072.1,899999,900349,+,PMM0942,0.0,run_PMM0936,8,False,
PMM0942,ruvA,holliday junction ATP-dependent DNA helicase RuvA,NC_005072.1,900350,901009,+,PMM0943,51.0,run_PMM0936,8,False,
PMM0943,rpsO,30S ribosomal protein S15,NC_005072.1,901061,901330,+,PMM0944,9.0,run_PMM0936,8,False,
PMM0944,,"photosystem II assembly factor, PAM68-like protein",NC_005072.1,901340,901786,+,PMM0945,1.0,run_PMM0936,8,False,
PMM0945,dnaE,"DNA polymerase III, alpha subunit",NC_005072.1,901788,905285,-,PMM0946,78.0,run_PMM0945,3,False,
PMM0946,gatA,aspartyl-tRNA(Asn)/glutamyl-tRNA(Gln) amidotransferase subunit A,NC_005072.1,905364,906818,-,PMM0947,32.0,run_PMM0945,3,False,
PMM0947,,uncharacterized conserved secreted protein (DUF1816),NC_005072.1,906851,907066,-,PMM0948,130.0,run_PMM0945,3,False,
PMM0948,rlmB,23S rRNA (guanosine2251-2^-O)-methyltransferase,NC_005072.1,907197,908483,-,PMM0949,12.0,run_PMM0948,6,False,
PMM0949,mrnC,ribonuclease III domain protein,NC_005072.1,908496,908888,-,PMM0950,-4.0,run_PMM0948,6,False,
PMM0950,spoIIAA,anti-anti-sigma factor family protein,NC_005072.1,908885,909277,-,PMM0951,39.0,run_PMM0948,6,False,
PMM0951,carA,carbamoyl-phosphate synthase small subunit,NC_005072.1,909317,910459,-,PMM0952,12.0,run_PMM0948,6,False,
PMM0952,trpD,anthranilate phosphoribosyltransferase,NC_005072.1,910472,911503,-,PMM0953,29.0,run_PMM0948,6,False,
PMM0953,,conserved hypothetical protein,NC_005072.1,911533,911829,-,PMM0954,79.0,run_PMM0948,6,False,
PMM0954,,putative ABC multidrug efflux transporter,NC_005072.1,911909,913654,+,PMM0955,31.0,run_PMM0954,2,False,
PMM0955,msrA1,peptide methionine sulfoxide reductase,NC_005072.1,913686,914414,+,TX50_RS09710,101.0,run_PMM0954,2,False,
TX50_RS09710,,hypothetical protein,NC_005072.1,914516,914674,-,PMM0956,61.0,run_TX50_RS09710,2,False,
PMM0956,uppP,undecaprenyl-diphosphatase,NC_005072.1,914736,915536,-,PMM0957,89.0,run_TX50_RS09710,2,False,
PMM0957,,putative gRAM domain,NC_005072.1,915626,915904,+,PMM1918,166.0,run_PMM0957,1,False,
PMM1918,,uncharacterized conserved membrane protein,NC_005072.1,916071,916196,-,PMM0958,90.0,run_PMM1918,9,False,
PMM0958,,conserved hypothetical protein (DUF1830),NC_005072.1,916287,916514,-,PMM0959,78.0,run_PMM1918,9,False,
PMM0959,,D-glycerate 3-kinase,NC_005072.1,916593,917549,-,PMM0960,-4.0,run_PMM1918,9,False,
PMM0960,gpgP,glucosyl-3-phosphoglycerate phosphatase,NC_005072.1,917546,918349,-,PMM0961,3.0,run_PMM1918,9,False,
PMM0961,gmgG,possible glucosyl(mannosyl)glycerate-glucosidase,NC_005072.1,918353,920110,-,PMM0962,50.0,run_PMM1918,9,False,
PMM0962,gpgS,glucosyl-3-phosphoglycerate synthase,NC_005072.1,920161,921387,+,PMM0963,-4.0,run_PMM0962,1,True,run_PMM1918
PMM0963,ureC,urease alpha subunit,NC_005072.1,921384,923093,-,PMM0964,5.0,run_PMM1918,9,False,
PMM0964,ureB,urease beta subunit,NC_005072.1,923099,923419,-,PMM0965,2.0,run_PMM1918,9,False,
PMM0965,ureA,urease gamma subunit,NC_005072.1,923422,923724,-,PMM0966,60.0,run_PMM1918,9,False,
PMM0966,ureD,urease accessory protein UreD,NC_005072.1,923785,924678,-,PMM0967,47.0,run_PMM1918,9,False,
PMM0967,ureE,urease accessory protein UreE,NC_005072.1,924726,925190,+,PMM0968,-23.0,run_PMM0967,3,False,
PMM0968,ureF,urease accessory protein UreF,NC_005072.1,925168,925854,+,PMM0969,3.0,run_PMM0967,3,False,
PMM0969,ureG,urease accessory protein UreG,NC_005072.1,925858,926463,+,PMM0970,134.0,run_PMM0967,3,False,
PMM0970,urtA,"ABC-type urea transporter, substrate binding component",NC_005072.1,926598,927887,+,PMM0971,81.0,run_PMM0970,5,False,
PMM0971,urtB,"ABC-type urea transporter, permease component",NC_005072.1,927969,929123,+,PMM0972,-1.0,run_PMM0970,5,False,
PMM0972,urtC,"ABC-type urea transporter, membrane component",NC_005072.1,929123,930259,+,PMM0973,-8.0,run_PMM0970,5,False,
PMM0973,urtD,"ABC-type urea transporter, ATP-binding component UrtD",NC_005072.1,930252,931007,+,PMM0974,2.0,run_PMM0970,5,False,
PMM0974,urtE,"ABC-type urea transporter, ATPase component UrtE",NC_005072.1,931010,931720,+,PMM1919,29.0,run_PMM0970,5,False,
PMM1919,,conserved hypothetical protein,NC_005072.1,931750,931929,-,PMM1921,254.0,run_PMM1919,1,False,
PMM1921,,conserved hypothetical protein,NC_005072.1,932184,932354,-,PMM1922,399.0,run_PMM1921,1,False,
PMM1922,,Conserved hypothetical protein,NC_005072.1,932754,932927,+,PMM0975,62.0,run_PMM1922,5,False,
PMM0975,,conserved hypothetical protein (DUF2862),NC_005072.1,932990,933385,+,PMM0976,84.0,run_PMM1922,5,False,
PMM0976,evrA,ATP-binding cassette-type viologen exporter,NC_005072.1,933470,934459,+,PMM0977,0.0,run_PMM1922,5,False,
PMM0977,evrB,"ATP-binding cassette-type viologen exporter, permease component",NC_005072.1,934460,935251,+,PMM0978,-4.0,run_PMM1922,5,False,
PMM0978,evrC,ATP-binding cassette-type viologen exporter,NC_005072.1,935248,936042,+,PMM0979,3.0,run_PMM1922,5,False,
PMM0979,,uncharacterized conserved membrane protein,NC_005072.1,936046,936336,-,PMM0980,-25.0,run_PMM0979,2,False,
PMM0980,,conserved hypothetical protein,NC_005072.1,936312,936539,-,PMM0981,488.0,run_PMM0979,2,False,
PMM0981,,sulfite exporter TauE/SafE family protein,NC_005072.1,937028,937840,-,PMM0982,137.0,run_PMM0981,1,False,
PMM0982,,HNH endonuclease,NC_005072.1,937978,938319,+,PMM0983,290.0,run_PMM0982,1,False,
PMM0983,,"uncharacterized secreted protein, Prochlorococcus-specific",NC_005072.1,938610,939011,-,PMM1924,176.0,run_PMM0983,1,False,
PMM1924,,Conserved hypothetical protein,NC_005072.1,939188,939409,+,PMM1925,34.0,run_PMM1924,2,False,
PMM1925,,uncharacterized conserved membrane protein,NC_005072.1,939444,939668,+,PMM0984,223.0,run_PMM1924,2,False,
PMM0984,,conserved hypothetical protein,NC_005072.1,939892,940395,+,PMM1926,75.0,run_PMM0984,5,False,
PMM1926,,Conserved hypothetical protein,NC_005072.1,940471,940656,+,PMM0985,1.0,run_PMM0984,5,False,
PMM0985,,phosphoribosyl transferase domain containing protein,NC_005072.1,940658,941053,+,PMM0986,-4.0,run_PMM0984,5,False,
PMM0986,,nucleoside 2-deoxyribosyltransferase family protein,NC_005072.1,941050,941514,+,PMM0987,89.0,run_PMM0984,5,False,
PMM0987,rpsU,30S ribosomal protein S21,NC_005072.1,941604,941780,+,PMM0988,138.0,run_PMM0984,5,False,
PMM0988,,helix-hairpin-helix DNA-binding motif class 1-containing protein,NC_005072.1,941919,942251,-,PMM0989,520.0,run_PMM0988,1,False,
PMM0989,udk,possible uridine kinase,NC_005072.1,942772,943377,+,PMM0990,-17.0,run_PMM0989,1,False,
PMM0990,,FAD/NAD-binding domain-containing protein,NC_005072.1,943361,944524,-,PMM0991,5.0,run_PMM0990,2,False,
PMM0991,,conserved hypothetical protein,NC_005072.1,944530,945357,-,PMM0992,446.0,run_PMM0990,2,False,
PMM0992,,conserved hypothetical protein,NC_005072.1,945804,946208,+,PMM0993,4.0,run_PMM0992,2,False,
PMM0993,,peptidase S51,NC_005072.1,946213,946911,-,PMM0994,20.0,run_PMM0993,1,True,run_PMM0992
PMM0994,,acetyltransferase family protein,NC_005072.1,946932,947393,+,PMM1928,427.0,run_PMM0992,2,False,
PMM1928,,conserved hypothetical protein,NC_005072.1,947821,947976,+,PMM0996,88.0,run_PMM1928,2,False,
PMM0996,,conserved hypothetical protein (DUF3303),NC_005072.1,948065,948382,+,PMM0997,415.0,run_PMM1928,2,False,
PMM0997,,uncharacterized conserved membrane protein,NC_005072.1,948798,949064,-,PMM1931,105.0,run_PMM0997,1,False,
PMM1931,,uncharacterized conserved membrane protein,NC_005072.1,949170,949307,-,PMM0998,220.0,run_PMM1931,1,False,
PMM0998,,conserved hypothetical protein,NC_005072.1,949528,949908,+,PMM0999,108.0,run_PMM0998,1,False,
PMM0999,,conserved hypothetical protein,NC_005072.1,950017,950202,+,PMM1000,43.0,run_PMM0999,2,False,
PMM1000,,conserved hypothetical protein,NC_005072.1,950246,950551,+,PMM1001,144.0,run_PMM0999,2,False,
PMM1001,,metallo-hydrolase/oxidoreductase,NC_005072.1,950696,951412,+,PMM1932,265.0,run_PMM1001,1,False,
PMM1932,,conserved hypothetical protein,NC_005072.1,951678,951848,+,PMM1002,70.0,run_PMM1932,2,False,
PMM1002,pepN,aminopeptidase N,NC_005072.1,951919,954528,+,PMM1003,441.0,run_PMM1932,2,False,
PMM1003,,conserved hypothetical protein,NC_005072.1,954970,955131,+,PMM1934,16.0,run_PMM1003,1,False,
PMM1934,,conserved hypothetical protein,NC_005072.1,955148,955345,-,PMM1004,102.0,run_PMM1934,1,False,
PMM1004,purT,formate-dependent phosphoribosyl glycinamide formyl transferase,NC_005072.1,955448,956620,-,PMM1005,17.0,run_PMM1004,2,False,
PMM1005,,possible Legume lectins alpha domain,NC_005072.1,956638,956880,-,PMM1006,150.0,run_PMM1004,2,False,
PMM1006,gpx,glutathione peroxidase,NC_005072.1,957031,957510,+,PMM1007,117.0,run_PMM1006,1,False,
PMM1007,,conserved hypothetical protein,NC_005072.1,957628,958299,-,PMM1008,48.0,run_PMM1007,2,False,
PMM1008,,uncharacterized conserved secreted protein,NC_005072.1,958348,958740,-,PMM1009,167.0,run_PMM1007,2,False,
PMM1009,dusB,"TIM-barrel , nifR3 family protein",NC_005072.1,958908,959915,+,PMM1010,18.0,run_PMM1009,2,False,
PMM1010,,FMN-binding split barrel domain-containing protein,NC_005072.1,959934,960188,+,PMM1011,242.0,run_PMM1009,2,False,
PMM1011,,uncharacterized conserved secreted protein,NC_005072.1,960431,960676,-,PMM1012,447.0,run_PMM1011,1,False,
PMM1012,,thioesterase superfamily protein,NC_005072.1,961124,961537,+,PMM1937,54.0,run_PMM1012,4,False,
PMM1937,,uncharacterized conserved membrane protein,NC_005072.1,961592,961792,+,PMM1013,39.0,run_PMM1012,4,False,
PMM1013,,conserved hypothetical protein,NC_005072.1,961832,962083,+,PMM1014,17.0,run_PMM1012,4,False,
PMM1014,,type II-like restriction endonuclease,NC_005072.1,962101,962973,+,PMM1015,5.0,run_PMM1012,4,False,
PMM1015,,MAPEG family protein,NC_005072.1,962979,963383,-,PMM1017,669.0,run_PMM1015,1,False,
PMM1017,,plastid lipid-associated protein (PAP)/fibrillin family,NC_005072.1,964053,964595,-,PMM1018,77.0,run_PMM1017,1,False,
PMM1018,,conserved hypothetical protein,NC_005072.1,964673,964957,+,PMM1939,166.0,run_PMM1018,1,False,
PMM1939,,Conserved hypothetical protein,NC_005072.1,965124,965303,+,TX50_RS09730,13.0,run_PMM1939,1,False,
TX50_RS09730,hli,possible high light inducible protein,NC_005072.1,965317,965487,-,PMM1940,91.0,run_TX50_RS09730,3,False,
PMM1940,,conserved hypothetical protein,NC_005072.1,965579,965710,-,PMM1019,92.0,run_TX50_RS09730,3,False,
PMM1019,,possible Integrin alpha cytoplasmic region,NC_005072.1,965803,966105,-,PMM1941,124.0,run_TX50_RS09730,3,False,
PMM1941,,uncharacterized conserved membrane protein (DUF2839),NC_005072.1,966230,966409,-,PMM1020,246.0,run_PMM1941,1,False,
PMM1020,,nif11-like leader peptide domain protein,NC_005072.1,966656,966838,+,PMM1021,88.0,run_PMM1020,2,False,
PMM1021,,possible Gram-negative pili assembly chaperone,NC_005072.1,966927,967682,+,PMM1022,135.0,run_PMM1020,2,False,
PMM1022,,conserved hypothetical protein,NC_005072.1,967818,968132,+,PMM1943,272.0,run_PMM1022,1,False,
PMM1943,,uncharacterized conserved membrane protein,NC_005072.1,968405,968758,-,PMM1944,178.0,run_PMM1943,1,False,
PMM1944,,conserved hypothetical protein,NC_005072.1,968937,969140,+,PMM1023,281.0,run_PMM1944,1,False,
PMM1023,,uncharacterized conserved secreted protein,NC_005072.1,969422,969673,+,PMM1024,60.0,run_PMM1023,3,False,
PMM1024,,conserved hypothetical protein,NC_005072.1,969734,969946,+,PMM1025,7.0,run_PMM1023,3,False,
PMM1025,,OsmC/Ohr family domain-containing protein,NC_005072.1,969954,970361,+,PMM1946,195.0,run_PMM1023,3,False,
PMM1946,,Conserved hypothetical protein,NC_005072.1,970557,970763,-,TX50_RS09470,132.0,run_PMM1946,1,False,
TX50_RS09470,,hypothetical protein,NC_005072.1,970896,971081,+,PMM1026,195.0,run_TX50_RS09470,1,False,
PMM1026,,conserved hypothetical protein,NC_005072.1,971277,971660,-,PMM1027,138.0,run_PMM1026,1,False,
PMM1027,,conserved hypothetical protein,NC_005072.1,971799,972089,+,PMM1948,348.0,run_PMM1027,1,False,
PMM1948,,Conserved hypothetical protein,NC_005072.1,972438,972584,+,PMM1949,171.0,run_PMM1948,1,False,
PMM1949,,conserved hypothetical protein,NC_005072.1,972756,972896,+,PMM1028,9.0,run_PMM1949,4,False,
PMM1028,,uncharacterized conserved secreted protein,NC_005072.1,972906,973154,+,PMM1950,93.0,run_PMM1949,4,False,
PMM1950,,Conserved hypothetical protein,NC_005072.1,973248,973394,+,PMM1029,8.0,run_PMM1949,4,False,
PMM1029,,"ABC-type Mn2+/Zn2+ transport system, permease component",NC_005072.1,973403,974191,-,PMM1030,56.0,run_PMM1029,2,True,run_PMM1949
PMM1030,zur,zinc uptake regulator family protein,NC_005072.1,974248,974643,+,PMM1031,35.0,run_PMM1949,4,True,run_PMM1029
PMM1031,,"ABC-type Mn2+/Zn2+ transport system, ATP-binding component",NC_005072.1,974679,975428,-,PMM1032,138.0,run_PMM1029,2,False,
PMM1032,lraI,"ABC-type Mn2+/Zn2+ transport system, periplasmic component",NC_005072.1,975567,976988,+,PMM1033,86.0,run_PMM1032,3,False,
PMM1033,,CobW-like pseudocobalamin biosynthesis protein,NC_005072.1,977075,978433,+,PMM1034,-13.0,run_PMM1032,3,False,
PMM1034,,WD40-repeat-containing protein,NC_005072.1,978421,979494,+,PMM1951,16.0,run_PMM1032,3,False,
PMM1951,,conserved hypothetical protein,NC_005072.1,979511,979684,-,PMM1952,616.0,run_PMM1951,1,False,
PMM1952,,Conserved hypothetical protein,NC_005072.1,980301,980444,+,PMM1035,128.0,run_PMM1952,1,False,
PMM1035,,"possible DNA gyrase/topoisomerase IV, subunit",NC_005072.1,980573,980899,+,PMM1037,211.0,run_PMM1035,1,False,
PMM1037,,conserved hypothetical protein,NC_005072.1,981111,981347,-,PMM1038,126.0,run_PMM1037,1,False,
PMM1038,,A circularly permuted ATPgrasp family protein,NC_005072.1,981474,982919,+,PMM1039,1.0,run_PMM1038,3,False,
PMM1039,,A predicted alpha-helical domain with a conserved ER motif family protein,NC_005072.1,982921,983877,+,PMM1040,-4.0,run_PMM1038,3,False,
PMM1040,,transglutaminase-like superfamily protein,NC_005072.1,983874,984734,+,PMM1041,197.0,run_PMM1038,3,False,
PMM1041,,RmlC-like cupin domain-containing protein,NC_005072.1,984932,985405,+,PMM1042,83.0,run_PMM1041,2,False,
PMM1042,,pentapeptide repeats family protein,NC_005072.1,985489,986007,+,PMM1043,11.0,run_PMM1041,2,False,
PMM1043,,uncharacterized conserved secreted protein,NC_005072.1,986019,986378,-,PMM1044,203.0,run_PMM1043,1,False,
PMM1044,rbsK,ribokinase,NC_005072.1,986582,987451,-,PMM1045,41.0,run_PMM1044,10,False,
PMM1045,,Uncharacterized conserved membrane protein,NC_005072.1,987493,987861,+,PMM1046,20.0,run_PMM1045,2,True,run_PMM1044
PMM1046,,"multidrug efflux transporter, MFS family",NC_005072.1,987882,989111,-,PMM1047,2.0,run_PMM1044,10,True,run_PMM1045
PMM1047,,alpha/beta hydrolase,NC_005072.1,989114,990676,+,PMM1048,-4.0,run_PMM1045,2,True,run_PMM1044
PMM1048,dppB,"oligopeptide ABC transporter, membrane component",NC_005072.1,990673,991695,-,PMM1049,-8.0,run_PMM1044,10,False,
PMM1049,dppA,peptide/nickel transport system substrate-binding protein,NC_005072.1,991688,993259,-,PMM1050,21.0,run_PMM1044,10,False,
PMM1050,,conserved hypothetical protein,NC_005072.1,993281,993541,-,PMM1051,62.0,run_PMM1044,10,False,
PMM1051,thrA,homoserine dehydrogenase,NC_005072.1,993604,994905,-,PMM1052,35.0,run_PMM1044,10,False,
PMM1052,sufE,sulfur acceptor for SufS cysteine desulfurase,NC_005072.1,994941,995366,-,PMM1053,37.0,run_PMM1044,10,False,
PMM1053,,5-formyltetrahydrofolate cyclo-ligase,NC_005072.1,995404,995961,-,PMM1054,9.0,run_PMM1044,10,False,
PMM1054,ruvC,crossover junction endodeoxyribonuclease RuvC,NC_005072.1,995971,996444,-,PMM1055,4.0,run_PMM1044,10,False,
PMM1055,chlI,"protoporphyrin IX Mg-chelatase, subunit ChlI",NC_005072.1,996449,997537,-,PMM1056,263.0,run_PMM1044,10,False,
PMM1056,trmJ,"RNA methyltransferase, TrmH , group 1 family protein",NC_005072.1,997801,998550,-,PMM1057,-1.0,run_PMM1056,5,False,
PMM1057,cytM,cytochrome cM,NC_005072.1,998550,998933,-,PMM1058,55.0,run_PMM1056,5,False,
PMM1058,petG,cytochrome b6-f complex subunit 5,NC_005072.1,998989,999108,+,PMM1059,-15.0,run_PMM1058,1,True,run_PMM1056
PMM1059,rsmD,16S rRNA m2G966 methyltransferase,NC_005072.1,999094,999681,-,PMM1060,15.0,run_PMM1056,5,False,
PMM1060,hisH,"imidazole glycerol phosphate synthase, HisH subunit",NC_005072.1,999697,1000314,-,PMM1061,9.0,run_PMM1056,5,False,
PMM1061,trxA,m-type thioredoxin,NC_005072.1,1000324,1000647,-,PMM1062,208.0,run_PMM1056,5,False,
PMM1062,guaB,inositol-5-monophosphate dehydrogenase,NC_005072.1,1000856,1002019,-,PMM1063,179.0,run_PMM1062,1,False,
PMM1063,gyrA,"DNA gyrase, A subunit",NC_005072.1,1002199,1004802,+,PMM1064,24.0,run_PMM1063,2,False,
PMM1064,crtL-b,lycopene beta cyclase,NC_005072.1,1004827,1006038,+,PMM1065,5.0,run_PMM1063,2,False,
PMM1065,,alpha-glucan branching enzyme,NC_005072.1,1006044,1007627,-,PMM1066,236.0,run_PMM1065,1,False,
PMM1066,leuA,2-isopropylmalate synthase,NC_005072.1,1007864,1009504,+,PMM1067,90.0,run_PMM1066,5,False,
PMM1067,,alpha-glycosidase,NC_005072.1,1009595,1009987,+,PMM1068,11.0,run_PMM1066,5,False,
PMM1068,pgpH,cyclic-di-AMP phosphodiesterase PgpH,NC_005072.1,1009999,1011471,-,PMM1069,74.0,run_PMM1068,1,True,run_PMM1066
PMM1069,folD,"bifunctional 5,10-methylene-tetrahydrofolate dehydrogenase/ 5,10-methylene-tetrahydrofolate cyclohydrolase",NC_005072.1,1011546,1012442,+,PMM1070,37.0,run_PMM1066,5,False,
PMM1070,crtE,geranylgeranyl pyrophosphate synthase,NC_005072.1,1012480,1013382,+,PMM1071,14.0,run_PMM1066,5,False,
PMM1071,,possible phosphatidic acid phosphatase,NC_005072.1,1013397,1013876,+,PMM1072,-4.0,run_PMM1066,5,False,
PMM1072,cobB,"hydrogenobyrinic acid a,c-diamide synthase (glutamine-hydrolysing)",NC_005072.1,1013873,1015267,-,PMM1073,10.0,run_PMM1072,3,False,
PMM1073,opcA,glucose 6-phosphate dehydrogenase assembly protein,NC_005072.1,1015278,1016579,-,PMM1074,7.0,run_PMM1072,3,False,
PMM1074,zwf,glucose-6-phosphate 1-dehydrogenase,NC_005072.1,1016587,1018110,-,PMM1075,113.0,run_PMM1072,3,False,
PMM1075,petH,ferredoxin--NADP+ reductase (FNR),NC_005072.1,1018224,1019336,-,PMM1076,182.0,run_PMM1075,1,False,
PMM1076,,Conserved hypothetical protein,NC_005072.1,1019519,1020055,+,PMM1077,141.0,run_PMM1076,1,False,
PMM1077,sasA,adaptive-response sensory kinase,NC_005072.1,1020197,1021315,-,PMM1078,106.0,run_PMM1077,1,False,
PMM1078,,conserved hypothetical protein,NC_005072.1,1021422,1021964,+,PMM1079,68.0,run_PMM1078,2,False,
PMM1079,,putative cAMP phosphodiesterase class-II,NC_005072.1,1022033,1022473,+,PMM1080,5.0,run_PMM1078,2,False,
PMM1080,prsA,ribose-phosphate pyrophosphokinase,NC_005072.1,1022479,1023474,-,PMM1081,249.0,run_PMM1080,1,False,
PMM1081,malQ,4-alpha-glucanotransferase,NC_005072.1,1023724,1025244,+,PMM1082,15.0,run_PMM1081,1,False,
PMM1082,,helix-turn-helix domain-containing protein,NC_005072.1,1025260,1025748,-,PMM1083,109.0,run_PMM1082,1,False,
PMM1083,aarF,ABC1 family protein,NC_005072.1,1025858,1027516,-,PMM1084,64.0,run_PMM1083,1,False,
PMM1084,cadA,lysine decarboxylase,NC_005072.1,1027581,1028978,+,PMM1085,9.0,run_PMM1084,2,False,
PMM1085,cdsA,cytidine diphosphate-diacylglycerol (CDP-DG) synthase,NC_005072.1,1028988,1029845,+,PMM1086,164.0,run_PMM1084,2,False,
PMM1086,todF,esterase family protein,NC_005072.1,1030010,1030909,-,PMM1087,5.0,run_PMM1086,3,False,
PMM1087,gldA,glycerol dehydrogenase,NC_005072.1,1030915,1032009,-,PMM1088,14.0,run_PMM1086,3,False,
PMM1088,clpC,ATP-dependent Clp protease ATP-binding subunit ClpC,NC_005072.1,1032024,1034552,-,PMM1089,185.0,run_PMM1086,3,False,
PMM1089,rimI,ribosomal-protein-alanine acetyltransferase,NC_005072.1,1034738,1035172,-,PMM1090,93.0,run_PMM1089,1,False,
PMM1090,lysA,diaminopimelate decarboxylase,NC_005072.1,1035266,1036639,+,PMM1091,28.0,run_PMM1090,6,False,
PMM1091,disA,diadenylate cyclase,NC_005072.1,1036668,1037558,+,PMM1092,3.0,run_PMM1090,6,False,
PMM1092,uppS,"di-trans,poly-cis-decaprenylcistransferase",NC_005072.1,1037562,1038380,+,PMM1093,-8.0,run_PMM1090,6,False,
PMM1093,bioB,biotin synthase,NC_005072.1,1038373,1039380,+,PMM1094,-4.0,run_PMM1090,6,False,
PMM1094,trhO,rhodanese-like domain protein,NC_005072.1,1039377,1040309,+,PMM1095,12.0,run_PMM1090,6,False,
PMM1095,F2J10.13,conserved hypothetical protein,NC_005072.1,1040322,1040822,+,PMM1096,-4.0,run_PMM1090,6,False,
PMM1096,lipA1,lipoyl synthase,NC_005072.1,1040819,1041718,-,PMM1097,2.0,run_PMM1096,2,False,
PMM1097,recR,recombination protein RecR,NC_005072.1,1041721,1042320,-,PMM1098,105.0,run_PMM1096,2,False,
PMM1098,cyanoP,photosystem II protein CyanoP,NC_005072.1,1042426,1042983,+,PMM1099,18.0,run_PMM1098,1,False,
PMM1099,,ABC transporter,NC_005072.1,1043002,1044774,-,PMM1100,10.0,run_PMM1099,3,False,
PMM1100,,possible uncharacterized conserved secreted protein,NC_005072.1,1044785,1045063,-,PMM1101,9.0,run_PMM1099,3,False,
PMM1101,crhR,cyanobacterial RNA helicase,NC_005072.1,1045073,1046851,-,PMM1102,137.0,run_PMM1099,3,False,
PMM1102,recD,"exodeoxyribonuclease V (RecBCD complex), alpha subunit",NC_005072.1,1046989,1048677,-,PMM1103,1.0,run_PMM1102,6,False,
PMM1103,recB,"exodeoxyribonuclease V (RecBCD complex), beta subunit",NC_005072.1,1048679,1052308,-,PMM1104,12.0,run_PMM1102,6,False,
PMM1104,,phospholipid methyltransferase,NC_005072.1,1052321,1052794,-,PMM1105,10.0,run_PMM1102,6,False,
PMM1105,recC,"exodeoxyribonuclease V (RecBCD complex), gamma subunit",NC_005072.1,1052805,1055978,-,PMM1106,17.0,run_PMM1102,6,False,
PMM1106,ycf54,protochlorophyllide synthesis factor Ycf54,NC_005072.1,1055996,1056313,-,PMM1107,9.0,run_PMM1102,6,False,
PMM1107,pdxJ,pyridoxine 5^-phosphate synthase,NC_005072.1,1056323,1057039,-,PMM1108,159.0,run_PMM1102,6,False,
PMM1108,plsC2,1-acyl-sn-glycerol-3-phosphate acyltransferase,NC_005072.1,1057199,1057810,+,PMM1109,44.0,run_PMM1108,5,False,
PMM1109,,uncharacterized conserved secreted protein,NC_005072.1,1057855,1058373,+,PMM1110,9.0,run_PMM1108,5,False,
PMM1110,colA,bolA-like family protein,NC_005072.1,1058383,1058613,+,PMM1111,3.0,run_PMM1108,5,False,
PMM1111,grx3,monothiol glutaredoxin,NC_005072.1,1058617,1058940,+,PMM1112,49.0,run_PMM1108,5,False,
PMM1112,,conserved hypothetical protein,NC_005072.1,1058990,1059259,-,PMM1113,86.0,run_PMM1112,5,True,run_PMM1108
PMM1113,,two-component system response regulator RR class II (RRII)-OmpR,NC_005072.1,1059346,1060083,+,PMM1114,-4.0,run_PMM1108,5,True,run_PMM1112
PMM1114,,conserved hypothetical protein,NC_005072.1,1060080,1060544,-,PMM1115,54.0,run_PMM1112,5,False,
PMM1115,crtH,carotenoid isomerase,NC_005072.1,1060599,1062143,-,PMM1116,13.0,run_PMM1112,5,False,
PMM1116,trmFO,methylenetetrahydrofolate--tRNA-(uracil(54)-C(5))-methyltransferase (FADH(2)-oxidizing),NC_005072.1,1062157,1063569,-,PMM1117,6.0,run_PMM1112,5,False,
PMM1117,psbY,photosystem II PsbY protein,NC_005072.1,1063576,1063692,-,PMM1118,808.0,run_PMM1112,5,False,
PMM1118,hli,high light inducible protein,NC_005072.1,1064501,1064608,+,PMM1119,449.0,run_PMM1118,1,False,
PMM1119,som,outer membrane porin,NC_005072.1,1065058,1066188,-,PMM1120,107.0,run_PMM1119,1,False,
PMM1120,,TPR repeat-containing protein,NC_005072.1,1066296,1068137,-,PMM1121,136.0,run_PMM1120,1,False,
PMM1121,som,outer membrane porin,NC_005072.1,1068274,1069407,-,PMM1954,766.0,run_PMM1121,1,False,
PMM1954,,conserved hypothetical protein,NC_005072.1,1070174,1070341,-,TX50_RS09520,223.0,run_PMM1954,1,False,
TX50_RS09520,,hypothetical protein,NC_005072.1,1070565,1070702,-,PMM1122,61.0,run_TX50_RS09520,2,False,
PMM1122,apt,adenine phosphoribosyltransferase,NC_005072.1,1070764,1071279,-,PMM1123,391.0,run_TX50_RS09520,2,False,
PMM1123,hupE,hydrogenase/urease accessory protein,NC_005072.1,1071671,1072375,-,PMM1955,-59.0,run_PMM1123,2,False,
PMM1955,,Conserved hypothetical protein,NC_005072.1,1072317,1072454,-,PMM1124,628.0,run_PMM1123,2,False,
PMM1124,,autotransporter beta-domain containing protein,NC_005072.1,1073083,1074558,-,PMM1125,248.0,run_PMM1124,1,False,
PMM1125,,"conserved hypothetical protein, Prochlorococcus-specific",NC_005072.1,1074807,1075076,-,PMM1126,559.0,run_PMM1125,1,False,
PMM1126,,acyltransferase family protein,NC_005072.1,1075636,1077651,-,PMM1127,578.0,run_PMM1126,1,False,
PMM1127,,conserved hypothetical protein,NC_005072.1,1078230,1078721,-,PMM1128,469.0,run_PMM1127,1,False,
PMM1128,hli15,high light inducible protein,NC_005072.1,1079191,1079445,-,PMM1956,533.0,run_PMM1128,1,False,
PMM1956,,Hypothetical protein,NC_005072.1,1079979,1080146,-,PMM1129,-1.0,run_PMM1956,3,False,
PMM1129,,uncharacterized conserved membrane protein,NC_005072.1,1080146,1080400,-,PMM1130,84.0,run_PMM1956,3,False,
PMM1130,,possible uncharacterized conserved secreted protein,NC_005072.1,1080485,1080760,-,PMM1131,108.0,run_PMM1956,3,False,
PMM1131,,conserved hypothetical protein,NC_005072.1,1080869,1081120,+,PMM1957,86.0,run_PMM1131,2,False,
PMM1957,,uncharacterized conserved membrane protein,NC_005072.1,1081207,1081401,+,PMM1958,102.0,run_PMM1131,2,False,
PMM1958,,uncharacterized conserved membrane protein,NC_005072.1,1081504,1081701,+,PMM1959,7.0,run_PMM1958,2,False,
PMM1959,,conserved hypothetical protein,NC_005072.1,1081709,1081888,+,PMM1132,380.0,run_PMM1958,2,False,
PMM1132,ydiU,ACR YdiU/UPF0061 family protein,NC_005072.1,1082269,1083972,+,PMM1133,54.0,run_PMM1132,1,False,
PMM1133,,cupin domain-containing protein,NC_005072.1,1084027,1084419,-,PMM1960,85.0,run_PMM1133,3,False,
PMM1960,,Conserved hypothetical protein,NC_005072.1,1084505,1084666,-,PMM1961,82.0,run_PMM1133,3,False,
PMM1961,,conserved hypothetical protein,NC_005072.1,1084749,1084931,-,PMM1134,130.0,run_PMM1133,3,False,
PMM1134,,conserved hypothetical protein (DUF1651),NC_005072.1,1085062,1085352,+,PMM1135,303.0,run_PMM1134,1,False,
PMM1135,hli,high light inducible protein,NC_005072.1,1085656,1085862,+,PMM1962,357.0,run_PMM1135,1,False,
PMM1962,,uncharacterized conserved membrane protein,NC_005072.1,1086220,1086435,-,PMM1963,311.0,run_PMM1962,1,False,
PMM1963,,Hypothetical protein,NC_005072.1,1086747,1086932,-,PMM1137,45.0,run_PMM1963,2,False,
PMM1137,,conserved hypothetical protein,NC_005072.1,1086978,1087232,-,PMM1964,396.0,run_PMM1963,2,False,
PMM1964,,Conserved hypothetical protein,NC_005072.1,1087629,1087772,+,PMM1138,182.0,run_PMM1964,1,False,
PMM1138,ychf,ribosome-binding ATPase,NC_005072.1,1087955,1089046,-,PMM1139,147.0,run_PMM1138,1,False,
PMM1139,acrA,"RND efflux pump, MFP subunit, HlyD family",NC_005072.1,1089194,1090255,+,PMM1140,-4.0,run_PMM1139,5,False,
PMM1140,polA,DNA polymerase I,NC_005072.1,1090252,1093182,+,PMM1141,24.0,run_PMM1139,5,False,
PMM1141,cysS,cysteinyl-tRNA synthetase,NC_005072.1,1093207,1094685,+,PMM1142,82.0,run_PMM1139,5,False,
PMM1142,dxr,1-deoxy-D-xylulose 5-phosphate reductoisomerase,NC_005072.1,1094768,1095997,+,PMM1143,5.0,run_PMM1139,5,False,
PMM1143,,thioredoxin-like superfamily,NC_005072.1,1096003,1096332,+,PMM1144,20.0,run_PMM1139,5,False,
PMM1144,,alpha/beta hydrolase,NC_005072.1,1096353,1097444,-,PMM1145,-14.0,run_PMM1144,4,False,
PMM1145,pntB,pyridine nucleotide transhydrogenase beta subunit,NC_005072.1,1097431,1098867,-,PMM1146,13.0,run_PMM1144,4,False,
PMM1146,pntA2,"pyridine nucleotide transhydrogenase, subunit alpha2 (A2)",NC_005072.1,1098881,1099177,-,PMM1147,15.0,run_PMM1144,4,False,
PMM1147,pntA1,"pyridine nucleotide transhydrogenase, subunit alpha1 (A1)",NC_005072.1,1099193,1100323,-,PMM1148,132.0,run_PMM1144,4,False,
PMM1148,,conserved hypothetical protein,NC_005072.1,1100456,1101034,+,PMM1149,155.0,run_PMM1148,1,False,
PMM1149,,conserved hypothetical protein,NC_005072.1,1101190,1101426,+,PMM1150,56.0,run_PMM1149,2,False,
PMM1150,trxB,thioredoxin reductase fused with a thioredoxin domain (large NTR System or NTRC),NC_005072.1,1101483,1102859,+,PMM1151,16.0,run_PMM1149,2,False,
PMM1151,infA,translation initiation factor IF-1,NC_005072.1,1102876,1103142,-,PMM1966,104.0,run_PMM1151,1,False,
PMM1966,,conserved hypothetical protein,NC_005072.1,1103247,1103459,-,PMM1152,52.0,run_PMM1966,3,False,
PMM1152,ycf39,photosystem II assembly factor Ycf39,NC_005072.1,1103512,1104474,-,PMM1152a,58.0,run_PMM1966,3,False,
PMM1152a,petM,cytochrome b6/f complex subunit VII,NC_005072.1,1104533,1104631,-,PMM1153,114.0,run_PMM1966,3,False,
PMM1153,,epoxide hydrolase-like protein,NC_005072.1,1104746,1105690,+,PMM1154,3.0,run_PMM1153,2,False,
PMM1154,ilvN,"acetolactate synthase, small subunit",NC_005072.1,1105694,1106218,+,PMM1155,-4.0,run_PMM1153,2,False,
PMM1155,ppiA,cyclophilin type peptidyl-prolyl cis-trans isomerase/CLD family protein,NC_005072.1,1106215,1106748,-,PMM1156,122.0,run_PMM1155,1,False,
PMM1156,ycf4,photosytem I complex assembly protein Ycf4,NC_005072.1,1106871,1107428,-,PMM1157,184.0,run_PMM1156,1,False,
PMM1157,psbD,photosystem II D2 protein,NC_005072.1,1107613,1108689,+,PMM1158,-17.0,run_PMM1157,4,False,
PMM1158,psbC,photosystem II CP43 protein,NC_005072.1,1108673,1110055,+,PMM1159,42.0,run_PMM1157,4,False,
PMM1159,maf,septum formation protein,NC_005072.1,1110098,1110724,-,PMM1160,66.0,run_PMM1159,1,True,run_PMM1157
PMM1160,cobQ,cobyric acid synthase,NC_005072.1,1110791,1112320,+,PMM1161,-4.0,run_PMM1157,4,False,
PMM1161,petF,2Fe-2S ferredoxin,NC_005072.1,1112317,1112568,+,PMM1162,12.0,run_PMM1157,4,False,
PMM1162,,conserved hypothetical protein,NC_005072.1,1112581,1114389,-,PMM1967,110.0,run_PMM1162,1,False,
PMM1967,,conserved hypothetical protein,NC_005072.1,1114500,1114628,+,PMM1163,58.0,run_PMM1967,5,False,
PMM1163,treH,trehalase,NC_005072.1,1114687,1115091,+,PMM1968,58.0,run_PMM1967,5,False,
PMM1968,,Conserved hypothetical protein,NC_005072.1,1115150,1115353,+,PMM1969,-4.0,run_PMM1967,5,False,
PMM1969,,Conserved hypothetical protein,NC_005072.1,1115350,1115532,+,PMM1970,-4.0,run_PMM1967,5,False,
PMM1970,,Hypothetical protein,NC_005072.1,1115529,1115684,+,PMM1164,437.0,run_PMM1967,5,False,
PMM1164,idiA2,iron deficiency-induced protein A,NC_005072.1,1116122,1117144,-,PMM1165,132.0,run_PMM1164,1,False,
PMM1165,glyQ,"glycine--tRNA ligase, alpha subunit",NC_005072.1,1117277,1118146,-,PMM1166,96.0,run_PMM1165,4,False,
PMM1166,,conserved hypothetical protein,NC_005072.1,1118243,1118632,-,PMM1167,26.0,run_PMM1165,4,False,
PMM1167,PmMIF,macrophage migration inhibitory factor MIF-like protein,NC_005072.1,1118659,1118991,-,PMM1971,2.0,run_PMM1165,4,False,
PMM1971,,conserved hypothetical protein,NC_005072.1,1118994,1119164,-,PMM1168,151.0,run_PMM1165,4,False,
PMM1168,F4P13.20,methyltransferase domain protein,NC_005072.1,1119316,1119954,+,PMM1169,109.0,run_PMM1168,1,False,
PMM1169,,conserved hypothetical protein,NC_005072.1,1120064,1120309,+,PMM1170,11.0,run_PMM1169,1,False,
PMM1170,,conserved hypothetical protein (DUF3386),NC_005072.1,1120321,1120971,-,PMM1171,57.0,run_PMM1170,2,False,
PMM1171,isiB,flavodoxin,NC_005072.1,1121029,1121553,-,PMM1172,140.0,run_PMM1170,2,False,
PMM1172,,AhpC/TSA antioxidant enzyme domain-containing protein,NC_005072.1,1121694,1122428,+,PMM1173,-1.0,run_PMM1172,3,False,
PMM1173,,putative membrane protein,NC_005072.1,1122428,1122700,+,PMM1174,95.0,run_PMM1172,3,False,
PMM1174,,conserved hypothetical protein,NC_005072.1,1122796,1123020,+,PMM1175,201.0,run_PMM1172,3,False,
PMM1175,,AEC transporter family,NC_005072.1,1123222,1124007,+,PMM1176,110.0,run_PMM1175,1,False,
PMM1176,,conserved hypothetical protein,NC_005072.1,1124118,1124369,+,PMM1177,-4.0,run_PMM1176,1,False,
PMM1177,,4-amino-4-deoxy-L-arabinose transferase and related glycosyltransferase of PMT family,NC_005072.1,1124366,1126171,-,PMM1178,-4.0,run_PMM1177,3,False,
PMM1178,,glycosyl transferase family GT1,NC_005072.1,1126168,1127262,-,PMM1179,29.0,run_PMM1177,3,False,
PMM1179,,eamA-like transporter family protein,NC_005072.1,1127292,1128233,-,PMM1180,53.0,run_PMM1177,3,False,
PMM1180,sppA,signal peptide peptidase SppA (protease IV),NC_005072.1,1128287,1129096,+,PMM1181,7.0,run_PMM1180,8,False,
PMM1181,aroH,chorismate mutase,NC_005072.1,1129104,1129487,+,PMM1182,68.0,run_PMM1180,8,False,
PMM1182,,uncharacterized conserved lipoprotein (DUF2808),NC_005072.1,1129556,1130128,+,PMM1183,30.0,run_PMM1180,8,False,
PMM1183,rpmH,50S ribosomal protein L34,NC_005072.1,1130159,1130296,+,PMM1184,13.0,run_PMM1180,8,False,
PMM1184,rnpA,ribonuclease P protein component,NC_005072.1,1130310,1130696,+,PMM1185,-4.0,run_PMM1180,8,False,
PMM1185,,bacterial PH domain-containing protein,NC_005072.1,1130693,1131106,+,PMM1186,72.0,run_PMM1180,8,False,
PMM1186,ALB3,photosystem II assembly factor,NC_005072.1,1131179,1132318,+,PMM1187,20.0,run_PMM1180,8,False,
PMM1187,ycf46,ATPase potentially involved in the regulation of CO2 uptake,NC_005072.1,1132339,1133805,+,PMM1188,124.0,run_PMM1180,8,False,
PMM1188,serS,serine--tRNA ligase,NC_005072.1,1133930,1135204,+,PMM1189,9.0,run_PMM1188,3,False,
PMM1189,rseP,RIP metalloprotease RseP,NC_005072.1,1135214,1136293,+,PMM1190,65.0,run_PMM1188,3,False,
PMM1190,rpsN,30S ribosomal protein S14,NC_005072.1,1136359,1136661,+,PMM1191,190.0,run_PMM1188,3,False,
PMM1191,pnp,polyribonucleotide nucleotidyltransferase,NC_005072.1,1136852,1139017,+,PMM1192,-8.0,run_PMM1191,4,False,
PMM1192,cysQ,"3^(2^), 5^-bisphosphate nucleotidase",NC_005072.1,1139010,1139921,-,PMM1193,3.0,run_PMM1192,1,True,run_PMM1191
PMM1193,rsmI,2-O-methyltransferase,NC_005072.1,1139925,1140788,+,PMM1194,21.0,run_PMM1191,4,False,
PMM1194,,uncharacterized conserved membrane protein,NC_005072.1,1140810,1141028,+,PMM1195,3.0,run_PMM1191,4,False,
PMM1195,,conserved hypothetical protein,NC_005072.1,1141032,1141688,-,PMM1196,97.0,run_PMM1195,1,True,run_PMM1191
PMM1196,manC,mannose-1-phosphate guanylyltransferase,NC_005072.1,1141786,1143243,+,PMM1197,395.0,run_PMM1191,4,False,
PMM1197,,O-antigen ligase family protein,NC_005072.1,1143639,1145000,+,PMM1198,323.0,run_PMM1197,1,False,
PMM1198,,conserved hypothetical protein,NC_005072.1,1145324,1146610,-,PMM1199,219.0,run_PMM1198,1,False,
PMM1199,,"beta-glycosyltransferase, family 2",NC_005072.1,1146830,1147942,-,PMM1200,121.0,run_PMM1199,1,False,
PMM1200,,"beta-glycosyltransferase, family 2",NC_005072.1,1148064,1149017,-,PMM1201,77.0,run_PMM1200,6,False,
PMM1201,rfbE,CDP-paratose 2-epimerase,NC_005072.1,1149095,1150144,-,PMM1202,26.0,run_PMM1200,6,False,
PMM1202,,NAD dependent epimerase/dehydratase family protein,NC_005072.1,1150171,1151022,-,PMM1203,18.0,run_PMM1200,6,False,
PMM1203,rfbG,"CDP-glucose 4,6-dehydratase",NC_005072.1,1151041,1152123,-,PMM1204,19.0,run_PMM1200,6,False,
PMM1204,rfbF,glucose-1-phosphate cytidylyltransferase,NC_005072.1,1152143,1152910,-,PMM1205,47.0,run_PMM1200,6,False,
PMM1205,,"possible NDP-hexose 3,4-dehydratase",NC_005072.1,1152958,1154157,-,PMM1206,134.0,run_PMM1200,6,False,
PMM1206,,conserved hypothetical protein,NC_005072.1,1154292,1155683,-,PMM1207,398.0,run_PMM1206,1,False,
PMM1207,wcaG,GDP-L-fucose synthase,NC_005072.1,1156082,1157035,-,PMM1208,33.0,run_PMM1207,2,False,
PMM1208,gmd,"GDP-mannose 4,6-dehydratase",NC_005072.1,1157069,1158142,-,PMM1209,105.0,run_PMM1207,2,False,
PMM1209,galE,UDP-glucose 4-epimerase,NC_005072.1,1158248,1159339,-,PMM1210,50.0,run_PMM1209,2,False,
PMM1210,,nucleotide sugar epimerase,NC_005072.1,1159390,1160415,-,PMM1211,180.0,run_PMM1209,2,False,
PMM1211,kpsD,polysaccharide biosynthesis/export family protein,NC_005072.1,1160596,1161762,+,PMM1212,9.0,run_PMM1211,1,False,
PMM1212,,S-adenosyl-L-methionine-dependent methyltransferase,NC_005072.1,1161772,1162464,-,PMM1213,3.0,run_PMM1212,2,False,
PMM1213,,hypothetical protein distantly related to alpha-glycosyltransferases,NC_005072.1,1162468,1163628,-,PMM1214,166.0,run_PMM1212,2,False,
PMM1214,gmhB,"D-glycero-D-manno-heptose 1,7-bisphosphate phosphatase",NC_005072.1,1163795,1164445,+,PMM1215,-4.0,run_PMM1214,10,False,
PMM1215,lhgO,FAD/NAD-binding oxidoreductase,NC_005072.1,1164442,1165665,+,PMM1216,1.0,run_PMM1214,10,False,
PMM1216,,mobA-like NTP transferase domain protein,NC_005072.1,1165667,1166386,+,PMM1217,2.0,run_PMM1214,10,False,
PMM1217,gmhA,D-sedoheptulose 7-phosphate isomerase,NC_005072.1,1166389,1167000,+,PMM1218,15.0,run_PMM1214,10,False,
PMM1218,rfaE,cytidyltransferase-like domain protein,NC_005072.1,1167016,1168518,+,PMM1219,68.0,run_PMM1214,10,False,
PMM1219,,polysaccharide biosynthesis family protein,NC_005072.1,1168587,1169534,+,PMM1220,23.0,run_PMM1214,10,False,
PMM1220,,"beta-glycosyltransferase, family 2",NC_005072.1,1169558,1170517,+,PMM1221,1.0,run_PMM1214,10,False,
PMM1221,rfaG,"possible alpha-glycosyltransferase, family 4",NC_005072.1,1170519,1171619,+,PMM1222,-1.0,run_PMM1214,10,False,
PMM1222,,"beta-glycosyltransferase, family 2",NC_005072.1,1171619,1172602,+,PMM1223,8.0,run_PMM1214,10,False,
PMM1223,,"possible alpha-glycosyltransferase, family 4",NC_005072.1,1172611,1173759,+,PMM1224,528.0,run_PMM1214,10,False,
PMM1224,kpsD3,polysaccharide biosynthesis/export protein,NC_005072.1,1174288,1175301,-,PMM1225,162.0,run_PMM1224,1,False,
PMM1225,wzc,P-loop containing nucleoside triphosphate hydrolase,NC_005072.1,1175464,1177275,+,PMM1226,-9.0,run_PMM1225,1,False,
PMM1226,,putative membrane protein,NC_005072.1,1177267,1178298,-,PMM1227,147.0,run_PMM1226,1,False,
PMM1227,rfe,UDP-N-acetylmuramyl pentapeptide phosphotransferase/UDP-N- acetylglucosamine-1-phosphate transferase,NC_005072.1,1178446,1179423,-,PMM1228,458.0,run_PMM1227,1,False,
PMM1228,,conserved hypothetical protein,NC_005072.1,1179882,1181048,+,PMM1229,99.0,run_PMM1228,11,False,
PMM1229,pdhA,pyruvate dehydrogenase E1 component alpha subunit,NC_005072.1,1181148,1182122,+,PMM1230,2.0,run_PMM1228,11,False,
PMM1230,bfmBA,dehydrogenase E1 component beta subunit,NC_005072.1,1182125,1183054,+,PMM1231,-4.0,run_PMM1228,11,False,
PMM1231,,conserved hypothetical protein,NC_005072.1,1183051,1183959,+,PMM1232,-4.0,run_PMM1228,11,False,
PMM1232,,S-adenosyl-L-methionine-dependent methyltransferase,NC_005072.1,1183956,1185212,+,PMM1233,0.0,run_PMM1228,11,False,
PMM1233,rfbD,dTDP-4-dehydrorhamnose reductase protein family,NC_005072.1,1185213,1186052,+,PMM1234,16.0,run_PMM1228,11,False,
PMM1234,frmA,"alcohol dehydrogenase protein superfamily, zinc-type",NC_005072.1,1186069,1187100,+,PMM1235,-4.0,run_PMM1228,11,False,
PMM1235,,"transketolase, N-terminal domain-like protein",NC_005072.1,1187097,1187927,+,PMM1236,3.0,run_PMM1228,11,False,
PMM1236,,"transketolase, C-terminal domain",NC_005072.1,1187931,1188848,+,PMM1237,-4.0,run_PMM1228,11,False,
PMM1237,,conserved hypothetical protein,NC_005072.1,1188845,1189453,+,PMM1238,0.0,run_PMM1228,11,False,
PMM1238,,conserved hypothetical protein,NC_005072.1,1189454,1190461,+,PMM1239,174.0,run_PMM1228,11,False,
PMM1239,hetA,"ABC transporter type 1, ATPase component",NC_005072.1,1190636,1192420,+,PMM1240,0.0,run_PMM1239,2,False,
PMM1240,,methyltransferase domain protein,NC_005072.1,1192421,1193092,+,PMM1241,498.0,run_PMM1239,2,False,
PMM1241,,conserved hypothetical protein,NC_005072.1,1193591,1194439,+,PMM1242,46.0,run_PMM1241,1,False,
PMM1242,,conserved hypothetical protein,NC_005072.1,1194486,1195478,-,PMM1243,15.0,run_PMM1242,6,False,
PMM1243,,putative methyltransferase,NC_005072.1,1195494,1196339,-,PMM1244,6.0,run_PMM1242,6,False,
PMM1244,,conserved hypothetical protein,NC_005072.1,1196346,1196504,-,PMM1245,-1.0,run_PMM1242,6,False,
PMM1245,,hypothetical protein,NC_005072.1,1196504,1196884,-,PMM1246,5.0,run_PMM1242,6,False,
PMM1246,,carbamoyltransferase family protein,NC_005072.1,1196890,1198722,-,PMM1247,69.0,run_PMM1242,6,False,
PMM1247,,hypothetical protein,NC_005072.1,1198792,1199868,-,PMM1248,1041.0,run_PMM1242,6,False,
PMM1248,,conserved hypothetical protein,NC_005072.1,1200910,1201308,-,PMM1249,47.0,run_PMM1248,5,False,
PMM1249,,conserved hypothetical protein,NC_005072.1,1201356,1202123,-,PMM1972,2.0,run_PMM1248,5,False,
PMM1972,,putative sxtK,NC_005072.1,1202126,1202287,-,PMM1250,3.0,run_PMM1248,5,False,
PMM1250,,putative membrane protein,NC_005072.1,1202291,1202683,-,PMM1251,2.0,run_PMM1248,5,False,
PMM1251,,carbamoyltransferase family protein,NC_005072.1,1202686,1204539,-,PMM1252,514.0,run_PMM1248,5,False,
PMM1252,pssR,possible acetyltransferase,NC_005072.1,1205054,1205506,+,PMM1253,2.0,run_PMM1252,2,False,
PMM1253,,S-adenosyl-L-methionine-dependent methyltransferase,NC_005072.1,1205509,1206240,+,PMM1254,39.0,run_PMM1252,2,False,
PMM1254,,"possible beta-glycosyltransferase, family 2",NC_005072.1,1206280,1207254,-,PMM1255,-11.0,run_PMM1254,2,False,
PMM1255,,conserved hypothetical protein,NC_005072.1,1207244,1208536,-,PMM1256,577.0,run_PMM1254,2,False,
PMM1256,wcaA,possible beta-glycosyltransferase,NC_005072.1,1209114,1209992,-,PMM1257,392.0,run_PMM1256,1,False,
PMM1257,rfbB,"possible dTDP-glucose 4,6-dehydratase",NC_005072.1,1210385,1211374,-,PMM1258,203.0,run_PMM1257,1,False,
PMM1258,rfbE,perosamine synthetase protein family,NC_005072.1,1211578,1212726,+,PMM1259,-47.0,run_PMM1258,4,False,
PMM1259,rfbE,perosamine synthetase protein family,NC_005072.1,1212680,1213846,+,PMM1260,92.0,run_PMM1258,4,False,
PMM1260,uxs,UDP-glucuronate decarboxylase,NC_005072.1,1213939,1214874,+,PMM1261,-11.0,run_PMM1258,4,False,
PMM1261,ugd,UDP-glucose 6-dehydrogenase,NC_005072.1,1214864,1216288,+,PMM1262,-11.0,run_PMM1258,4,False,
PMM1262,lexA,SOS-response transcriptional repressor,NC_005072.1,1216278,1216901,-,PMM1263,58.0,run_PMM1262,3,False,
PMM1263,argF,ornithine carbamoyltransferase,NC_005072.1,1216960,1217886,-,PMM1264,28.0,run_PMM1262,3,False,
PMM1264,ftsH4,cell division protein FtsH,NC_005072.1,1217915,1219777,-,PMM1265,114.0,run_PMM1262,3,False,
PMM1265,ribD,diaminohydroxyphosphoribosylaminopyrimidine deaminase / 5-amino-6-(5-phosphoribosylamino)uracil reductase,NC_005072.1,1219892,1220980,-,PMM1266,13.0,run_PMM1265,6,False,
PMM1266,,conserved hypothetical protein,NC_005072.1,1220994,1221494,-,PMM1267,-26.0,run_PMM1265,6,False,
PMM1267,,conserved hypothetical protein,NC_005072.1,1221469,1221720,-,PMM1268,84.0,run_PMM1265,6,False,
PMM1268,cobL,"precorrin-6Y C5,15-methyltransferase (decarboxylating)",NC_005072.1,1221805,1223085,+,PMM1269,7.0,run_PMM1268,1,True,run_PMM1265
PMM1269,ppnK,ATP-NAD kinase family protein,NC_005072.1,1223093,1224001,-,PMM1270,71.0,run_PMM1265,6,False,
PMM1270,pheS,"phenylalanine--tRNA ligase, alpha subunit",NC_005072.1,1224073,1225080,-,PMM1271,67.0,run_PMM1265,6,False,
PMM1271,surE,5^-nucleotidase,NC_005072.1,1225148,1225957,+,PMM1272,-21.0,run_PMM1271,4,True,run_PMM1265
PMM1272,,conserved membrane protein,NC_005072.1,1225937,1226470,-,PMM1273,67.0,run_PMM1265,6,True,run_PMM1271
PMM1273,ribF,riboflavin kinase / FMN adenylyltransferase,NC_005072.1,1226538,1227461,+,PMM1274,8.0,run_PMM1271,4,False,
PMM1274,thiE,thiamine-phosphate pyrophosphorylase,NC_005072.1,1227470,1228525,+,PMM1275,-11.0,run_PMM1271,4,False,
PMM1275,thiS,thiamine biosynthesis protein ThiS,NC_005072.1,1228515,1228724,+,PMM1276,112.0,run_PMM1271,4,False,
PMM1276,,conserved hypothetical protein,NC_005072.1,1228837,1229004,+,PMM1277,66.0,run_PMM1276,2,False,
PMM1277,,conserved hypothetical protein,NC_005072.1,1229071,1229205,+,PMM1278,3.0,run_PMM1276,2,False,
PMM1278,cpmA,circadian phase modifier CpmA,NC_005072.1,1229209,1229865,-,PMM1279,-4.0,run_PMM1278,9,False,
PMM1279,,antibiotic biosynthesis monooxygenase-like domain containing protein,NC_005072.1,1229862,1230308,-,PMM1280,-4.0,run_PMM1278,9,False,
PMM1280,trmD-ispF,"bifunctional tRNA-(guanine-N1)-methyltransferase / 2-C-methyl-D-erythritol 2,4-cyclodiphosphate synthase",NC_005072.1,1230305,1231528,-,PMM1281,0.0,run_PMM1278,9,False,
PMM1281,era,GTP-binding protein Era,NC_005072.1,1231529,1232440,-,PMM1282,39.0,run_PMM1278,9,False,
PMM1282,,conserved hypothetical protein UCP020893,NC_005072.1,1232480,1233007,+,PMM1283,55.0,run_PMM1282,1,True,run_PMM1278
PMM1283,,uncharacterized membrane protein,NC_005072.1,1233063,1233800,-,PMM1284,74.0,run_PMM1278,9,False,
PMM1284,phoH,phosphate starvation-inducible protein,NC_005072.1,1233875,1234831,-,PMM1285,34.0,run_PMM1278,9,False,
PMM1285,rpsP,30S ribosomal protein S16,NC_005072.1,1234866,1235210,-,PMM1286,54.0,run_PMM1278,9,False,
PMM1286,ffh,signal recognition particle protein,NC_005072.1,1235265,1236761,-,PMM1287,49.0,run_PMM1278,9,False,
PMM1287,zipN,cell division protein ZipN,NC_005072.1,1236811,1238919,-,PMM1288,149.0,run_PMM1278,9,False,
PMM1288,pdhA,pyruvate dehydrogenase E1 component complex alpha subunit,NC_005072.1,1239069,1240106,+,PMM1289,1.0,run_PMM1288,1,False,
PMM1289,rpoD6,"RNA polymerase sigma factor, type II",NC_005072.1,1240108,1241049,-,PMM1290,140.0,run_PMM1289,1,False,
PMM1290,yjef,bifunctional NAD(P)HX epimerase / NAD(P)HX dehydratase,NC_005072.1,1241190,1242755,-,PMM1291,45.0,run_PMM1290,2,False,
PMM1291,trmU,tRNA (5-methylaminomethyl-2-thiouridylate)-methyltransferase,NC_005072.1,1242801,1243973,+,PMM1292,-27.0,run_PMM1291,4,True,run_PMM1290
PMM1292,lnt,apolipoprotein N-acyltransferase,NC_005072.1,1243947,1245437,-,PMM1293,88.0,run_PMM1290,2,True,run_PMM1291
PMM1293,fkpA,FKBP-type peptidyl-prolyl cis-trans isomerase,NC_005072.1,1245526,1246098,+,PMM1294,74.0,run_PMM1291,4,False,
PMM1294,sodN,superoxide dismutase [Ni],NC_005072.1,1246173,1246643,+,PMM1295,62.0,run_PMM1291,4,False,
PMM1295,sodX,nickel-type superoxide dismutase maturation protease,NC_005072.1,1246706,1246996,+,PMM1296,-4.0,run_PMM1291,4,False,
PMM1296,,putative membrane protein,NC_005072.1,1246993,1247661,-,PMM1297,54.0,run_PMM1296,4,False,
PMM1297,trpC,indole-3-glycerol phosphate synthase,NC_005072.1,1247716,1248603,-,PMM1298,12.0,run_PMM1296,4,False,
PMM1298,lpdA,dihydrolipoamide dehydrogenase,NC_005072.1,1248616,1250055,-,PMM1299,-4.0,run_PMM1296,4,False,
PMM1299,spoU,"RNA methyltransferase, TrmH family",NC_005072.1,1250052,1250918,-,PMM1300,184.0,run_PMM1296,4,False,
PMM1300,murA,UDP-N-acetylglucosamine 1-carboxyvinyltransferase,NC_005072.1,1251103,1252476,+,PMM1301,603.0,run_PMM1300,1,False,
PMM1301,argD,acetylornithine/N-succinyldiaminopimelate aminotransferase,NC_005072.1,1253080,1254255,+,PMM1302,12.0,run_PMM1301,2,False,
PMM1302,folC,bifunctional dihydrofolate synthase / folylpolyglutamate synthase,NC_005072.1,1254268,1255500,+,PMM1303,-4.0,run_PMM1301,2,False,
PMM1303,glcD2,alternative glycolate dehydrogenase GlcD2,NC_005072.1,1255497,1256852,-,PMM1304,38.0,run_PMM1303,2,False,
PMM1304,codA,cytosine deaminase,NC_005072.1,1256891,1258126,-,PMM1305,282.0,run_PMM1303,2,False,
PMM1305,miaB,tRNA-2-methylthio-N6-dimethylallyladenosine synthase,NC_005072.1,1258409,1259803,+,PMM1306,9.0,run_PMM1305,4,False,
PMM1306,ddlA,D-alanine--D-alanine ligase family protein,NC_005072.1,1259813,1260880,+,PMM1307,11.0,run_PMM1305,4,False,
PMM1307,,conserved hypothetical protein,NC_005072.1,1260892,1261302,+,PMM1308,-4.0,run_PMM1305,4,False,
PMM1308,ftsQ,cell division protein FtsQ,NC_005072.1,1261299,1262024,+,PMM1309,177.0,run_PMM1305,4,False,
PMM1309,ftsZ,cell division protein FtsZ,NC_005072.1,1262202,1263317,+,PMM1310,154.0,run_PMM1309,1,False,
PMM1310,panB,3-methyl-2-oxobutanoate hydroxymethyltransferase,NC_005072.1,1263472,1264245,+,PMM1311,-8.0,run_PMM1310,4,False,
PMM1311,hemN,oxygen-independent coproporphyrinogen III oxidase,NC_005072.1,1264238,1265461,-,PMM1312,98.0,run_PMM1311,1,True,run_PMM1310
PMM1312,yacL,uncharacterized conserved membrane TRAM and PIN domains containing protein,NC_005072.1,1265560,1266669,+,PMM1313,40.0,run_PMM1310,4,False,
PMM1313,clpP4,"ATP-dependent Clp protease, protease subunit",NC_005072.1,1266710,1267372,+,PMM1314,33.0,run_PMM1310,4,False,
PMM1314,clpP3,"ATP-dependent Clp protease, protease subunit",NC_005072.1,1267406,1268011,+,PMM1315,116.0,run_PMM1310,4,False,
PMM1315,ilvC,ketol-acid reductoisomerase,NC_005072.1,1268128,1269117,+,PMM1316,-13.0,run_PMM1315,3,False,
PMM1316,cobD,adenosylcobinamide-phosphate synthase,NC_005072.1,1269105,1270118,+,PMM1317,57.0,run_PMM1315,3,False,
PMM1317,hli6,high light inducible protein,NC_005072.1,1270176,1270442,+,PMM1318,209.0,run_PMM1315,3,False,
PMM1318,,conserved hypothetical protein,NC_005072.1,1270652,1270909,-,PMM1319,59.0,run_PMM1318,3,False,
PMM1319,,uncharacterized conserved membrane protein,NC_005072.1,1270969,1271214,-,PMM1320,54.0,run_PMM1318,3,False,
PMM1320,,possible uncharacterized conserved secreted protein,NC_005072.1,1271269,1271598,-,PMM1321,128.0,run_PMM1318,3,False,
PMM1321,hupB,DNA-binding protein HU-beta,NC_005072.1,1271727,1272002,-,PMM1322,632.0,run_PMM1321,1,False,
PMM1322,glgX,isoamylase,NC_005072.1,1272635,1274668,+,PMM1323,181.0,run_PMM1322,1,False,
PMM1323,glcH,glucose transporter,NC_005072.1,1274850,1276199,+,PMM1324,9.0,run_PMM1323,5,False,
PMM1324,ycf63,"ABC-type transport system, membrane component",NC_005072.1,1276209,1276964,+,PMM1325,4.0,run_PMM1323,5,False,
PMM1325,,conserved hypothetical protein,NC_005072.1,1276969,1277373,+,PMM1326,34.0,run_PMM1323,5,False,
PMM1326,,conserved hypothetical protein,NC_005072.1,1277408,1278418,+,PMM1327,5.0,run_PMM1323,5,False,
PMM1327,plsY,glycerol-3-phosphate acyltransferase (GPAT),NC_005072.1,1278424,1279020,+,PMM1328,-11.0,run_PMM1323,5,False,
PMM1328,pyrF,orotidine 5-phosphate decarboxylase,NC_005072.1,1279010,1279729,-,PMM1329,6.0,run_PMM1328,3,False,
PMM1329,tyrS,tyrosyl-tRNA synthetase,NC_005072.1,1279736,1280974,-,PMM1330,21.0,run_PMM1328,3,False,
PMM1330,,conserved hypothetical protein,NC_005072.1,1280996,1281319,-,PMM1331,150.0,run_PMM1328,3,False,
PMM1331,,conserved hypothetical protein,NC_005072.1,1281470,1282081,+,PMM1332,22.0,run_PMM1331,2,False,
PMM1332,pepA,leucine aminopeptidase,NC_005072.1,1282104,1283579,+,PMM1333,12.0,run_PMM1331,2,False,
PMM1333,msrA2,peptide methionine sulfoxide reductase,NC_005072.1,1283592,1284194,-,PMM1334,16.0,run_PMM1333,7,False,
PMM1334,lpxB,lipid-A-disaccharide synthase,NC_005072.1,1284211,1285389,-,PMM1335,-4.0,run_PMM1333,7,False,
PMM1335,lpxA,acyl-[acyl-carrier-protein]-UDP-N- acetylglucosamine O-acyltransferase,NC_005072.1,1285386,1286216,-,PMM1336,4.0,run_PMM1333,7,False,
PMM1336,fabZ,beta-hydroxy-acyl-(acyl-carrier-protein) dehydratase (DH),NC_005072.1,1286221,1286679,-,PMM1337,17.0,run_PMM1333,7,False,
PMM1337,lpxC,UDP-3-O-[3-hydroxymyristoyl] N-acetylglucosamine deacetylase,NC_005072.1,1286697,1287533,-,PMM1338,0.0,run_PMM1333,7,False,
PMM1338,bamA,outer membrane protein insertion porin family,NC_005072.1,1287534,1289675,-,PMM1339,38.0,run_PMM1333,7,False,
PMM1339,purC,phosphoribosylaminoimidazolesuccinocarboxamide synthase,NC_005072.1,1289714,1290442,-,PMM1340,133.0,run_PMM1333,7,False,
PMM1340,purD,phosphoribosylamine--glycine ligase,NC_005072.1,1290576,1291913,+,PMM1341,0.0,run_PMM1340,2,False,
PMM1341,nblS,"two component sensor, signal transduction histidine kinase",NC_005072.1,1291914,1293983,+,PMM1342,-4.0,run_PMM1340,2,False,
PMM1342,kaiC,circadian clock protein KaiC,NC_005072.1,1293980,1295509,-,PMM1343,62.0,run_PMM1342,2,False,
PMM1343,kaiB,circadian clock protein KaiB,NC_005072.1,1295572,1295895,-,PMM1344,145.0,run_PMM1342,2,False,
PMM1344,rplU,50S ribosomal protein L21,NC_005072.1,1296041,1296481,+,PMM1345,9.0,run_PMM1344,2,False,
PMM1345,rpmA,50S ribosomal protein L27,NC_005072.1,1296491,1296751,+,PMM1346,-4.0,run_PMM1344,2,False,
PMM1346,,possible S-adenosyl-L-methionine-dependent methyltransferase,NC_005072.1,1296748,1297419,-,PMM1347,143.0,run_PMM1346,1,False,
PMM1347,truB,tRNA pseudouridine(55) synthase,NC_005072.1,1297563,1298480,+,PMM1348,4.0,run_PMM1347,3,False,
PMM1348,spoIID,stage II sporulation protein D,NC_005072.1,1298485,1299678,-,PMM1349,86.0,run_PMM1348,1,True,run_PMM1347
PMM1349,rnz,ribonuclease Z,NC_005072.1,1299765,1300703,+,PMM1350,89.0,run_PMM1347,3,False,
PMM1350,,pentapeptide repeats family protein,NC_005072.1,1300793,1301341,+,PMM1351,9.0,run_PMM1347,3,False,
PMM1351,,conserved hypothetical protein,NC_005072.1,1301351,1301716,-,PMM1352,81.0,run_PMM1351,2,False,
PMM1352,petF,2Fe-2S ferredoxin,NC_005072.1,1301798,1302097,-,PMM1353,143.0,run_PMM1351,2,False,
PMM1353,prmA,ribosomal protein L11 methyltransferase,NC_005072.1,1302241,1303143,-,PMM1354,16.0,run_PMM1353,2,False,
PMM1354,serA,D-3-phosphoglycerate dehydrogenase (PGDH),NC_005072.1,1303160,1304746,-,PMM1355,102.0,run_PMM1353,2,False,
PMM1355,,conserved hypothetical protein,NC_005072.1,1304849,1305415,+,PMM1356,0.0,run_PMM1355,2,False,
PMM1356,,photosystem II S4 domain protein,NC_005072.1,1305416,1306207,+,PMM1357,191.0,run_PMM1355,2,False,
PMM1357,,3-oxo-5-alpha-steroid 4-dehydrogenase C-terminal domain-containing protein,NC_005072.1,1306399,1307022,+,PMM1358,-14.0,run_PMM1357,3,False,
PMM1358,pdxH,pyridoxamine 5^-phosphate oxidase,NC_005072.1,1307009,1307560,+,PMM1975,75.0,run_PMM1357,3,False,
PMM1975,,uncharacterized conserved membrane protein,NC_005072.1,1307636,1307803,+,PMM1359,-4.0,run_PMM1357,3,False,
PMM1359,,"uncharacterized conserved membrane protein, DoxX family",NC_005072.1,1307800,1308360,-,PMM1360,154.0,run_PMM1359,1,False,
PMM1360,,FAD binding domain of DNA photolyase,NC_005072.1,1308515,1309654,-,PMM1361,185.0,run_PMM1360,1,False,
PMM1361,,short-chain dehydrogenase/reductase (SDR) superfamily,NC_005072.1,1309840,1310769,+,PMM1362,-6.0,run_PMM1361,1,False,
PMM1362,,conserved hypothetical protein,NC_005072.1,1310764,1311030,-,PMM1976,4.0,run_PMM1362,2,False,
PMM1976,,pepSY-associated TM helix family protein,NC_005072.1,1311035,1311172,-,PMM1363,130.0,run_PMM1362,2,False,
PMM1363,,conserved hypothetical protein,NC_005072.1,1311303,1311551,-,PMM1364,49.0,run_PMM1363,1,False,
PMM1364,murD,UDP-N-acetylmuramoylalanine--D-glutamate ligase,NC_005072.1,1311601,1313022,+,PMM1365,101.0,run_PMM1364,1,False,
PMM1365,,conserved hypothetical protein,NC_005072.1,1313124,1313438,+,PMM1366,3.0,run_PMM1365,1,False,
PMM1366,pirA,pirin-like protein,NC_005072.1,1313442,1314173,-,PMM1367,288.0,run_PMM1366,1,False,
PMM1367,,conserved hypothetical protein,NC_005072.1,1314462,1314998,-,PMM1368,10.0,run_PMM1367,4,False,
PMM1368,,conserved hypothetical protein,NC_005072.1,1315009,1315494,-,PMM1369,87.0,run_PMM1367,4,False,
PMM1369,,GAF domain-containing protein,NC_005072.1,1315582,1316331,-,PMM1370,88.0,run_PMM1367,4,False,
PMM1370,,"flavoprotein, HI0933 family",NC_005072.1,1316420,1317664,-,PMM1978,194.0,run_PMM1367,4,False,
PMM1978,,uncharacterized conserved membrane protein,NC_005072.1,1317859,1318095,+,PMM1371,557.0,run_PMM1978,1,False,
PMM1371,,drug/metabolite transporter (DMT) superfamily efflux protein,NC_005072.1,1318653,1319528,+,PMM1980,195.0,run_PMM1371,1,False,
PMM1980,,uncharacterized conserved membrane protein PM-23,NC_005072.1,1319724,1319858,-,PMM1372,123.0,run_PMM1980,1,False,
PMM1372,,conserved hypothetical protein,NC_005072.1,1319982,1320257,+,PMM1981,88.0,run_PMM1372,2,False,
PMM1981,,conserved hypothetical protein,NC_005072.1,1320346,1320516,+,PMM1982,70.0,run_PMM1372,2,False,
PMM1982,,uncharacterized conserved membrane protein,NC_005072.1,1320587,1320766,-,PMM1983,242.0,run_PMM1982,1,False,
PMM1983,,uncharacterized conserved membrane protein,NC_005072.1,1321009,1321188,+,PMM1985,532.0,run_PMM1983,1,False,
PMM1985,,conserved hypothetical protein,NC_005072.1,1321721,1321885,+,PMM1373,86.0,run_PMM1985,2,False,
PMM1373,,conserved hypothetical protein,NC_005072.1,1321972,1322307,+,PMM1374,302.0,run_PMM1985,2,False,
PMM1374,,conserved hypothetical protein,NC_005072.1,1322610,1322939,-,PMM1375,230.0,run_PMM1374,1,False,
PMM1375,,possible M protein repeat,NC_005072.1,1323170,1323391,+,PMM1376,449.0,run_PMM1375,1,False,
PMM1376,rbpD,nucleotide-binding alpha-beta plait domain-containing protein,NC_005072.1,1323841,1324119,+,PMM1377,147.0,run_PMM1376,1,False,
PMM1377,,NADP-binding domain-containing protein,NC_005072.1,1324267,1325262,+,PMM1378,125.0,run_PMM1377,1,False,
PMM1378,desA3,delta-12 fatty acid desaturase DesA3,NC_005072.1,1325388,1326494,+,PMM1988,3.0,run_PMM1378,1,False,
PMM1988,,Conserved hypothetical protein,NC_005072.1,1326498,1326650,-,PMM1989,127.0,run_PMM1988,1,False,
PMM1989,,Conserved hypothetical protein,NC_005072.1,1326778,1326984,+,PMM1990,209.0,run_PMM1989,1,False,
PMM1990,,conserved hypothetical protein,NC_005072.1,1327194,1327352,+,PMM1991,-8.0,run_PMM1990,3,False,
PMM1991,,conserved hypothetical protein,NC_005072.1,1327345,1327494,+,PMM1379,99.0,run_PMM1990,3,False,
PMM1379,,putative lysine decarboxylase family protein,NC_005072.1,1327594,1328478,+,PMM1992,303.0,run_PMM1990,3,False,
PMM1992,,conserved hypothetical protein,NC_005072.1,1328782,1328928,-,PMM2065,195.0,run_PMM1992,1,False,
PMM2065,,Hypothetical protein,NC_005072.1,1329124,1329255,+,PMM1380,112.0,run_PMM2065,1,False,
PMM1380,,"HAD hydrolase, IA, variant 3 family protein",NC_005072.1,1329368,1330045,+,PMM1381,53.0,run_PMM1380,2,False,
PMM1381,yedK,putative SOS response associated peptidase,NC_005072.1,1330099,1330737,+,PMM1382,424.0,run_PMM1380,2,False,
PMM1382,desA2,delta-12 fatty acid desaturase DesA2,NC_005072.1,1331162,1332340,+,PMM1994,88.0,run_PMM1382,2,False,
PMM1994,,conserved hypothetical protein,NC_005072.1,1332429,1332617,+,PMM1383,133.0,run_PMM1382,2,False,
PMM1383,,conserved hypothetical protein,NC_005072.1,1332751,1333374,-,PMM1384,1238.0,run_PMM1383,1,False,
PMM1384,hli,high light inducible protein,NC_005072.1,1334613,1334720,+,PMM1385,-1.0,run_PMM1384,2,False,
PMM1385,hli,high light inducible protein,NC_005072.1,1334720,1334860,+,PMM1998,645.0,run_PMM1384,2,False,
PMM1998,,conserved hypothetical protein,NC_005072.1,1335506,1335655,+,PMM1386,1609.0,run_PMM1998,1,False,
PMM1386,lptG,"lipopolysaccharide export system, permease component",NC_005072.1,1337265,1338467,+,PMM2002,119.0,run_PMM1386,1,False,
PMM2002,,conserved hypothetical protein (DUF3764),NC_005072.1,1338587,1338808,+,PMM1387,189.0,run_PMM2002,1,False,
PMM1387,,conserved hypothetical protein,NC_005072.1,1338998,1339198,+,PMM1388,55.0,run_PMM1387,2,False,
PMM1388,,conserved hypothetical protein,NC_005072.1,1339254,1339835,-,PMM1389,95.0,run_PMM1388,1,True,run_PMM1387
PMM1389,,2-oxoglutarate/iron-dependent dioxygenase,NC_005072.1,1339931,1340563,+,PMM2003,108.0,run_PMM1387,2,False,
PMM2003,,Conserved hypothetical protein,NC_005072.1,1340672,1340815,-,PMM1390,241.0,run_PMM2003,1,False,
PMM1390,hli,high light inducible protein,NC_005072.1,1341057,1341164,-,PMM1391,299.0,run_PMM1390,1,False,
PMM1391,,ribbon helix-helix domain containing protein,NC_005072.1,1341464,1341688,+,PMM1392,94.0,run_PMM1391,2,False,
PMM1392,,possible Heat-labile enterotoxin alpha chain,NC_005072.1,1341783,1342076,+,PMM1393,62.0,run_PMM1391,2,False,
PMM1393,,"possible bacterial extracellular solute-binding protein, family 3",NC_005072.1,1342139,1342618,-,PMM1394,608.0,run_PMM1393,1,False,
PMM1394,,protein of unknown function (DUF1651),NC_005072.1,1343227,1343490,+,TX50_RS09970,175.0,run_PMM1394,1,False,
TX50_RS09970,,hypothetical protein,NC_005072.1,1343666,1343791,-,PMM1395,236.0,run_TX50_RS09970,1,False,
PMM1395,,conserved hypothetical protein,NC_005072.1,1344028,1344420,-,PMM2004,240.0,run_PMM1395,1,False,
PMM2004,,uncharacterized conserved secreted protein,NC_005072.1,1344661,1344840,-,PMM1397,257.0,run_PMM2004,1,False,
PMM1397,hli,high light inducible protein,NC_005072.1,1345098,1345358,-,PMM1398,-1.0,run_PMM1397,3,False,
PMM1398,hli,high light inducible protein,NC_005072.1,1345358,1345567,-,PMM1399,-1.0,run_PMM1397,3,False,
PMM1399,hli,high light inducible protein,NC_005072.1,1345567,1345674,-,PMM1400,433.0,run_PMM1397,3,False,
PMM1400,,RmlC-like cupin domain-containing protein,NC_005072.1,1346108,1346626,-,PMM2005,74.0,run_PMM1400,2,False,
PMM2005,,conserved hypothetical protein,NC_005072.1,1346701,1346847,-,PMM1401,283.0,run_PMM1400,2,False,
PMM1401,,conserved hypothetical protein (DUF3764),NC_005072.1,1347131,1347412,+,PMM2006,61.0,run_PMM1401,2,False,
PMM2006,,Hypothetical protein,NC_005072.1,1347474,1347623,+,PMM1402,205.0,run_PMM1401,2,False,
PMM1402,,conserved hypothetical protein,NC_005072.1,1347829,1348188,+,PMM2007,492.0,run_PMM1402,1,False,
PMM2007,,Hypothetical protein,NC_005072.1,1348681,1348830,-,PMM2008,286.0,run_PMM2007,1,False,
PMM2008,,Hypothetical protein,NC_005072.1,1349117,1349317,+,PMM1403,37.0,run_PMM2008,1,False,
PMM1403,,HNH endonuclease family protein,NC_005072.1,1349355,1349756,-,PMM1404,456.0,run_PMM1403,1,False,
PMM1404,hli,high light inducible protein,NC_005072.1,1350213,1350368,-,PMM1405,388.0,run_PMM1404,1,False,
PMM1405,,conserved hypothetical protein,NC_005072.1,1350757,1350987,-,PMM1406,156.0,run_PMM1405,1,False,
PMM1406,lptC,Hypothetical protein,NC_005072.1,1351144,1351515,-,PMM1407,0.0,run_PMM1406,4,False,
PMM1407,,possible SRP19 protein,NC_005072.1,1351516,1351803,-,PMM1408,0.0,run_PMM1406,4,False,
PMM1408,,conserved hypothetical protein,NC_005072.1,1351804,1352031,-,PMM1409,59.0,run_PMM1406,4,False,
PMM1409,,conserved hypothetical protein (DUF3303),NC_005072.1,1352091,1352411,-,PMM1410,123.0,run_PMM1406,4,False,
PMM1410,,"possible PTS system, Lactose/Cellobiose specif",NC_005072.1,1352535,1353047,-,PMM2009,0.0,run_PMM1410,4,False,
PMM2009,,conserved hypothetical protein,NC_005072.1,1353048,1353278,-,PMM2074,-10.0,run_PMM1410,4,False,
PMM2074,,Hypothetical protein,NC_005072.1,1353269,1353391,-,PMM2010,38.0,run_PMM1410,4,False,
PMM2010,,conserved hypothetical protein,NC_005072.1,1353430,1353606,-,PMM2011,158.0,run_PMM1410,4,False,
PMM2011,,conserved hypothetical protein,NC_005072.1,1353765,1353932,-,PMM1412,749.0,run_PMM2011,1,False,
PMM1412,,cupin domain-containing protein,NC_005072.1,1354682,1355110,+,PMM1413,71.0,run_PMM1412,2,False,
PMM1413,,conserved hypothetical protein,NC_005072.1,1355182,1355490,+,PMM1414,101.0,run_PMM1412,2,False,
PMM1414,,conserved hypothetical protein (DUF3303),NC_005072.1,1355592,1355930,+,PMM1415,76.0,run_PMM1414,2,False,
PMM1415,,possible UBX domain,NC_005072.1,1356007,1356975,+,PMM1416,759.0,run_PMM1414,2,False,
PMM1416,PsiP1,phosphate starvation inducible protein 1,NC_005072.1,1357735,1359819,+,PMM2013,190.0,run_PMM1416,1,False,
PMM2013,,conserved hypothetical protein,NC_005072.1,1360010,1360168,-,PMM1417,238.0,run_PMM2013,1,False,
PMM1417,,nuclease (SNase-like),NC_005072.1,1360407,1360814,+,PMM1418,211.0,run_PMM1417,1,False,
PMM1418,,conserved hypothetical protein,NC_005072.1,1361026,1361424,+,PMM1419,79.0,run_PMM1418,3,False,
PMM1419,,possible ATP synthase B/B^ CF(0),NC_005072.1,1361504,1361908,+,PMM2014,-4.0,run_PMM1418,3,False,
PMM2014,,Hypothetical protein,NC_005072.1,1361905,1362117,+,PMM1420,141.0,run_PMM1418,3,False,
PMM1420,,pepSY-associated TM helix family protein,NC_005072.1,1362259,1362519,-,PMM1421,0.0,run_PMM1420,6,False,
PMM1421,,conserved hypothetical protein,NC_005072.1,1362520,1362888,-,PMM1422,-17.0,run_PMM1420,6,False,
PMM1422,,conserved hypothetical protein (DUF411),NC_005072.1,1362872,1363408,-,PMM1423,42.0,run_PMM1420,6,False,
PMM1423,,glutaredoxin family protein,NC_005072.1,1363451,1363903,-,PMM1424,4.0,run_PMM1420,6,False,
PMM1424,,possible Uncharacterized protein family UPF003,NC_005072.1,1363908,1364150,-,TX50_RS09500,42.0,run_PMM1420,6,False,
TX50_RS09500,,hypothetical protein,NC_005072.1,1364193,1364333,-,PMM2077,297.0,run_PMM1420,6,False,
PMM2077,,Hypothetical protein,NC_005072.1,1364631,1364789,+,PMM2015,22.0,run_PMM2077,1,False,
PMM2015,,Hypothetical protein,NC_005072.1,1364812,1365033,-,PMM1425,152.0,run_PMM2015,1,False,
PMM1425,,peptidase S1C,NC_005072.1,1365186,1366526,+,PMM1426,220.0,run_PMM1425,1,False,
PMM1426,,conserved hypothetical protein,NC_005072.1,1366747,1367064,+,PMM1427,61.0,run_PMM1426,2,False,
PMM1427,,conserved hypothetical protein,NC_005072.1,1367126,1367356,+,PMM1428,322.0,run_PMM1426,2,False,
PMM1428,,EVE domain protein,NC_005072.1,1367679,1368140,+,PMM1429,13.0,run_PMM1428,1,False,
PMM1429,,conserved hypothetical protein (DUF2811),NC_005072.1,1368154,1368405,-,PMM1430,315.0,run_PMM1429,1,False,
PMM1430,,conserved hypothetical protein,NC_005072.1,1368721,1369092,-,PMM1431,2.0,run_PMM1430,2,False,
PMM1431,rpoZ,DNA-directed RNA polymerase omega subunit,NC_005072.1,1369095,1369331,-,PMM1432,101.0,run_PMM1430,2,False,
PMM1432,dnaK1,chaperone protein DnaK,NC_005072.1,1369433,1370998,+,PMM1433,-4.0,run_PMM1432,1,False,
PMM1433,pyrR,bifunctional pyrimidine operon regulatory protein/uracil phosphoribosyltransferase,NC_005072.1,1370995,1371537,-,PMM1434,139.0,run_PMM1433,1,False,
PMM1434,gpmI,"2,3-bisphosphoglycerate-independent phosphoglycerate mutase",NC_005072.1,1371677,1373299,+,PMM1435,25.0,run_PMM1434,2,False,
PMM1435,secG,"preprotein translocase, SecG subunit",NC_005072.1,1373325,1373549,+,PMM1436,90.0,run_PMM1434,2,False,
PMM1436,groL1,chaperonin GroEL,NC_005072.1,1373640,1375274,-,PMM1437,51.0,run_PMM1436,2,False,
PMM1437,groES,co-chaperonin GroES,NC_005072.1,1375326,1375637,-,PMM1438,220.0,run_PMM1436,2,False,
PMM1438,atpB,ATP synthase beta chain,NC_005072.1,1375858,1377318,+,PMM1439,48.0,run_PMM1438,2,False,
PMM1439,atpE,ATP synthase epsilon chain,NC_005072.1,1377367,1377771,+,PMM1440,3.0,run_PMM1438,2,False,
PMM1440,ycf65,ribosomal protein Ycf65,NC_005072.1,1377775,1378251,-,PMM1441,108.0,run_PMM1440,1,False,
PMM1441,,conserved hypothetical protein,NC_005072.1,1378360,1378518,-,PMM1442,57.0,run_PMM1441,2,False,
PMM1442,pepP,Xaa-Pro aminopeptidase,NC_005072.1,1378576,1379901,-,PMM1443,74.0,run_PMM1441,2,False,
PMM1443,,CBS and DUF21 domain-containing protein,NC_005072.1,1379976,1380953,+,PMM1444,2.0,run_PMM1443,4,False,
PMM1444,,GTP-binding protein of unknown function (DUF697),NC_005072.1,1380956,1382197,+,PMM1445,-4.0,run_PMM1443,4,False,
PMM1445,nadD,nicotinate (nicotinamide) nucleotide adenylyltransferase,NC_005072.1,1382194,1382775,+,PMM1446,4.0,run_PMM1443,4,False,
PMM1446,nadE,NAD+ synthase (glutamine-hydrolysing),NC_005072.1,1382780,1384477,+,PMM1447,5.0,run_PMM1443,4,False,
PMM1447,,conserved hypothetical protein,NC_005072.1,1384483,1385541,-,PMM1448,4.0,run_PMM1447,9,False,
PMM1448,,conserved hypothetical protein,NC_005072.1,1385546,1385755,-,PMM1449,-4.0,run_PMM1447,9,False,
PMM1449,petF,2Fe-2S ferredoxin,NC_005072.1,1385752,1386078,-,PMM1450,14.0,run_PMM1447,9,False,
PMM1450,atpC,ATP synthase gamma chain,NC_005072.1,1386093,1387043,-,PMM1451,20.0,run_PMM1447,9,False,
PMM1451,atpA,ATP synthase alpha chain,NC_005072.1,1387064,1388581,-,PMM1452,31.0,run_PMM1447,9,False,
PMM1452,atpD,ATP synthase delta chain,NC_005072.1,1388613,1389155,-,PMM1453,-1.0,run_PMM1447,9,False,
PMM1453,atpF,ATP synthase subunit B,NC_005072.1,1389155,1389667,-,PMM1454,-4.0,run_PMM1447,9,False,
PMM1454,atpG,ATP synthase B^,NC_005072.1,1389664,1390125,-,PMM1455,68.0,run_PMM1447,9,False,
PMM1455,atpH,ATP synthase C chain,NC_005072.1,1390194,1390439,-,PMM1456,166.0,run_PMM1447,9,False,
PMM1456,atpI,ATP synthase A chain,NC_005072.1,1390606,1391331,-,PMM1457,45.0,run_PMM1456,2,False,
PMM1457,atp1,ATP synthase protein I,NC_005072.1,1391377,1391856,-,PMM1458,267.0,run_PMM1456,2,False,
PMM1458,ftsW,cell division protein FtsW,NC_005072.1,1392124,1393353,+,PMM1459,83.0,run_PMM1458,3,False,
PMM1459,ccsC1,cytochrome c-type biogenesis protein,NC_005072.1,1393437,1394093,+,PMM1460,0.0,run_PMM1458,3,False,
PMM1460,ccsB,cytochrome c biogenesis protein,NC_005072.1,1394094,1395380,+,PMM1461,-4.0,run_PMM1458,3,False,
PMM1461,queF,7-cyano-7-deazaguanine reductase,NC_005072.1,1395377,1395787,-,PMM1462,179.0,run_PMM1461,1,False,
PMM1462,,conserved hypothetical protein,NC_005072.1,1395967,1396212,+,PMM1463,24.0,run_PMM1462,2,False,
PMM1463,glnB,nitrogen regulatory protein P-II,NC_005072.1,1396237,1396575,+,PMM1464,0.0,run_PMM1462,2,False,
PMM1464,tly,ribosomal RNA methyltransferase FtsJ family,NC_005072.1,1396576,1397388,-,PMM1465,293.0,run_PMM1464,1,False,
PMM1465,purB,adenylosuccinate lyase,NC_005072.1,1397682,1398977,+,PMM1466,40.0,run_PMM1465,2,False,
PMM1466,fumC,"fumarate hydratase, class II",NC_005072.1,1399018,1400403,+,PMM1467,11.0,run_PMM1465,2,False,
PMM1467,ski2,"ATP-dependent DNA/RNA helicase, superfamily 1/2",NC_005072.1,1400415,1403141,-,PMM1468,139.0,run_PMM1467,1,False,
PMM1468,bioF,8-amino-7-oxononanoate synthase,NC_005072.1,1403281,1404426,+,PMM1469,-4.0,run_PMM1468,5,False,
PMM1469,bioH,pimeloyl-[acyl-carrier protein] methyl ester esterase,NC_005072.1,1404423,1405139,+,PMM1470,-11.0,run_PMM1468,5,False,
PMM1470,bioC,malonyl-CoA O-methyltransferase,NC_005072.1,1405129,1405887,+,PMM1471,-4.0,run_PMM1468,5,False,
PMM1471,bioD,dethiobiotin synthase,NC_005072.1,1405884,1406546,+,PMM1472,3.0,run_PMM1468,5,False,
PMM1472,bioA,adenosylmethionine-8-amino-7-oxononanoate aminotransferase,NC_005072.1,1406550,1407851,+,PMM1473,9.0,run_PMM1468,5,False,
PMM1473,,conserved hypothetical protein,NC_005072.1,1407861,1408118,-,PMM1474,17.0,run_PMM1473,6,False,
PMM1474,dnaJ5,DnaJ type III chaperone protein,NC_005072.1,1408136,1408582,-,PMM1475,91.0,run_PMM1473,6,False,
PMM1475,gidB,16S rRNA (guanine(527)-N(7))-methyltransferase GidB,NC_005072.1,1408674,1409393,+,PMM1476,-4.0,run_PMM1475,1,True,run_PMM1473
PMM1476,,NADP-dependent oxidoreductase,NC_005072.1,1409390,1410589,-,PMM1477,6.0,run_PMM1473,6,False,
PMM1477,fer,3Fe-4S ferredoxin,NC_005072.1,1410596,1410961,-,PMM1478,3.0,run_PMM1473,6,False,
PMM1478,ycf35,regulator of CO2 utilization Ycf35,NC_005072.1,1410965,1411357,-,PMM1479,-14.0,run_PMM1473,6,False,
PMM1479,,Conserved hypothetical protein,NC_005072.1,1411344,1411559,-,PMM1480,118.0,run_PMM1473,6,False,
PMM1480,iaiH,PBS lyase HEAT-like repeat domain-containing protein,NC_005072.1,1411678,1412448,-,PMM2018,19.0,run_PMM1480,7,False,
PMM2018,,putative membrane protein,NC_005072.1,1412468,1412593,-,PMM1481,70.0,run_PMM1480,7,False,
PMM1481,rlmN,23S rRNA (adenine2503-C2)-methyltransferase,NC_005072.1,1412664,1413710,-,PMM1482,30.0,run_PMM1480,7,False,
PMM1482,hli,high light inducible protein,NC_005072.1,1413741,1413893,-,PMM1483,49.0,run_PMM1480,7,False,
PMM1483,rpoC2,"DNA-directed RNA polymerase, beta^^ subunit",NC_005072.1,1413943,1418043,-,PMM1484,33.0,run_PMM1480,7,False,
PMM1484,rpoC1,"DNA-directed RNA polymerase complex, gamma subunit",NC_005072.1,1418077,1419981,-,PMM1485,38.0,run_PMM1480,7,False,
PMM1485,rpoB,"DNA-directed RNA polymerase, beta subunit",NC_005072.1,1420020,1423313,-,PMM1486,238.0,run_PMM1480,7,False,
PMM1486,tatD,Mg-dependent DNase,NC_005072.1,1423552,1424346,-,PMM1487,6.0,run_PMM1486,2,False,
PMM1487,rpsT,30S ribosomal protein S20,NC_005072.1,1424353,1424646,-,PMM1488,122.0,run_PMM1486,2,False,
PMM1488,hisD,histidinol dehydrogenase,NC_005072.1,1424769,1426055,+,PMM1489,-4.0,run_PMM1488,1,False,
PMM1489,rpiA,ribose 5-phosphate isomerase A,NC_005072.1,1426052,1426747,-,PMM1490,65.0,run_PMM1489,2,False,
PMM1490,deg1,photosystem II assembly factor,NC_005072.1,1426813,1427940,-,PMM1491,160.0,run_PMM1489,2,False,
PMM1491,rimP,ribosome maturation factor RimP,NC_005072.1,1428101,1428568,+,PMM1492,36.0,run_PMM1491,4,False,
PMM1492,nusA,transcription termination factor NusA,NC_005072.1,1428605,1430008,+,PMM1493,17.0,run_PMM1491,4,False,
PMM1493,,conserved hypothetical protein,NC_005072.1,1430026,1430265,+,PMM1494,72.0,run_PMM1491,4,False,
PMM1494,infB,translation initiation factor IF-2,NC_005072.1,1430338,1433847,+,PMM1495,4.0,run_PMM1491,4,False,
PMM1495,,uncharacterized conserved membrane protein,NC_005072.1,1433852,1434091,-,PMM1496,152.0,run_PMM1495,1,False,
PMM1496,,dolichyl-phosphate-mannose-mannosyltransferase family protein,NC_005072.1,1434244,1435791,+,PMM1497,35.0,run_PMM1496,2,False,
PMM1497,wcaA,Glycosyltransferase,NC_005072.1,1435827,1436918,+,PMM1498,104.0,run_PMM1496,2,False,
PMM1498,,radical SAM superfamily protein,NC_005072.1,1437023,1438642,+,PMM1499,34.0,run_PMM1498,1,False,
PMM1499,clpS2,ATP-dependent Clp protease adaptor protein ClpS,NC_005072.1,1438677,1438994,-,PMM1500,38.0,run_PMM1499,2,False,
PMM1500,dapL,LL-diaminopimelate aminotransferase,NC_005072.1,1439033,1440259,-,PMM1501,298.0,run_PMM1499,2,False,
PMM1501,rne,ribonuclease E,NC_005072.1,1440558,1442375,+,PMM1502,-56.0,run_PMM1501,3,False,
PMM1502,rnhB,ribonuclease HII,NC_005072.1,1442320,1442949,+,PMM1503,-15.0,run_PMM1501,3,False,
PMM1503,,conserved hypothetical protein,NC_005072.1,1442935,1443453,-,PMM1504,52.0,run_PMM1503,4,True,run_PMM1501
PMM1504,pheA,prephenate dehydratase,NC_005072.1,1443506,1444351,+,PMM1505,0.0,run_PMM1501,3,True,run_PMM1503
PMM1505,APG1,2-methyl-6-phytylbenzoquinone methyltransferase,NC_005072.1,1444352,1445287,-,PMM1506,0.0,run_PMM1503,4,False,
PMM1506,lon,ATP-dependent protease,NC_005072.1,1445288,1445944,-,PMM1507,55.0,run_PMM1503,4,False,
PMM1507,rpsJ,30S ribosomal protein S10,NC_005072.1,1446000,1446320,-,PMM1508,109.0,run_PMM1503,4,False,
PMM1508,tuf,elongation factor EF-Tu,NC_005072.1,1446430,1447629,-,PMM1509,43.0,run_PMM1508,2,False,
PMM1509,fusA,elongation factor G,NC_005072.1,1447673,1449748,-,PMM1510,104.0,run_PMM1508,2,False,
PMM1510,rpsG,30S ribosomal protein S7,NC_005072.1,1449853,1450323,-,PMM1511,26.0,run_PMM1510,2,False,
PMM1511,rpsL,30S ribosomal protein S12,NC_005072.1,1450350,1450727,-,PMM1512,194.0,run_PMM1510,2,False,
PMM1512,glsF,ferredoxin-dependent glutamate synthase,NC_005072.1,1450922,1455487,+,PMM1513,9.0,run_PMM1512,2,False,
PMM1513,,YCII-like domain protein,NC_005072.1,1455497,1455790,+,PMM1514,9.0,run_PMM1512,2,False,
PMM1514,lipA2,lipoyl synthase,NC_005072.1,1455800,1456693,-,PMM1515,299.0,run_PMM1514,1,False,
PMM1515,,site-specific recombinase,NC_005072.1,1456993,1457679,+,PMM1516,1.0,run_PMM1515,3,False,
PMM1516,,conserved hypothetical protein,NC_005072.1,1457681,1457893,+,PMM1517,2.0,run_PMM1515,3,False,
PMM1517,,beta-lactamase enzyme family protein,NC_005072.1,1457896,1458795,-,PMM1518,3.0,run_PMM1517,3,True,run_PMM1515
PMM1518,spr,NLP/P60,NC_005072.1,1458799,1459554,+,PMM1519,51.0,run_PMM1515,3,True,run_PMM1517
PMM1519,psaL,photosystem I reaction centre subunit XI,NC_005072.1,1459606,1460205,-,PMM1520,29.0,run_PMM1517,3,False,
PMM1520,psaI,photosystem I reaction center subunit VIII,NC_005072.1,1460235,1460348,-,PMM1521,209.0,run_PMM1517,3,False,
PMM1521,,uncharacterized conserved membrane protein,NC_005072.1,1460558,1460827,+,PMM1522,4.0,run_PMM1521,1,False,
PMM1522,,"beta-glycosyltransferase, family 2",NC_005072.1,1460832,1461794,-,PMM1523,110.0,run_PMM1522,1,False,
PMM1523,psaB,photosystem I core protein PsaB,NC_005072.1,1461905,1464133,-,PMM1524,28.0,run_PMM1523,2,False,
PMM1524,psaA,photosystem I core protein PsaA,NC_005072.1,1464162,1466465,-,PMM1525,341.0,run_PMM1523,2,False,
PMM1525,cbiG-cobJ,bifunctional cobalt-precorrin-5A hydrolase / precorrin-3B C17-methyltransferase,NC_005072.1,1466807,1468627,+,PMM1526,97.0,run_PMM1525,2,False,
PMM1526,hisB,putative imidazoleglycerol-phosphate dehydratase,NC_005072.1,1468725,1469528,+,PMM1527,172.0,run_PMM1525,2,False,
PMM1527,alr,alanine racemase,NC_005072.1,1469701,1470888,-,PMM1528,29.0,run_PMM1527,5,False,
PMM1528,mcrA,HNH endonuclease family protein,NC_005072.1,1470918,1471475,+,PMM1529,6.0,run_PMM1528,1,True,run_PMM1527
PMM1529,prfA,peptide chain release factor 1,NC_005072.1,1471482,1472576,-,PMM1530,34.0,run_PMM1527,5,False,
PMM1530,rpmE,50S ribosomal protein L31,NC_005072.1,1472611,1472871,-,PMM1531,13.0,run_PMM1527,5,False,
PMM1531,rpsI,30S ribosomal protein S9,NC_005072.1,1472885,1473295,-,PMM1532,9.0,run_PMM1527,5,False,
PMM1532,rplM,50S ribosomal protein L13,NC_005072.1,1473305,1473736,-,PMM1533,116.0,run_PMM1527,5,False,
PMM1533,truA,tRNA pseudouridine(38-40) synthase,NC_005072.1,1473853,1474659,-,PMM1534,37.0,run_PMM1533,26,False,
PMM1534,rplQ,50S ribosomal protein L17,NC_005072.1,1474697,1475047,-,PMM1535,15.0,run_PMM1533,26,False,
PMM1535,rpoA,"DNA-directed RNA polymerase, alpha subunit",NC_005072.1,1475063,1476001,-,PMM1536,46.0,run_PMM1533,26,False,
PMM1536,rpsK,30S ribosomal protein S11,NC_005072.1,1476048,1476440,-,PMM1537,48.0,run_PMM1533,26,False,
PMM1537,rpsM,30S ribosomal protein S13,NC_005072.1,1476489,1476854,-,PMM1538,45.0,run_PMM1533,26,False,
PMM1538,rpmJ,50S ribosomal protein L36,NC_005072.1,1476900,1477016,-,PMM1539,38.0,run_PMM1533,26,False,
PMM1539,adk,adenylate kinase,NC_005072.1,1477055,1477609,-,PMM1540,-1.0,run_PMM1533,26,False,
PMM1540,secY,preprotein translocase SecY subunit,NC_005072.1,1477609,1478928,-,PMM1541,30.0,run_PMM1533,26,False,
PMM1541,rplO,50S ribosomal protein L15,NC_005072.1,1478959,1479417,-,PMM1542,4.0,run_PMM1533,26,False,
PMM1542,rpsE,30S ribosomal protein S5,NC_005072.1,1479422,1480042,-,PMM1543,15.0,run_PMM1533,26,False,
PMM1543,rplR,50S ribosomal protein L18,NC_005072.1,1480058,1480426,-,PMM1544,14.0,run_PMM1533,26,False,
PMM1544,rplF,50S ribosomal protein L6,NC_005072.1,1480441,1480980,-,PMM1545,12.0,run_PMM1533,26,False,
PMM1545,rpsH,30S ribosomal protein S8,NC_005072.1,1480993,1481394,-,PMM1546,10.0,run_PMM1533,26,False,
PMM1546,rplE,50S ribosomal protein L5,NC_005072.1,1481405,1481941,-,PMM1547,75.0,run_PMM1533,26,False,
PMM1547,rplX,50S ribosomal protein L24,NC_005072.1,1482017,1482373,-,PMM1548,0.0,run_PMM1533,26,False,
PMM1548,rplN,50S ribosomal protein L14,NC_005072.1,1482374,1482739,-,PMM1549,-4.0,run_PMM1533,26,False,
PMM1549,rpsQ,30S ribosomal protein S17,NC_005072.1,1482736,1483002,-,PMM1550,8.0,run_PMM1533,26,False,
PMM1550,rpmC,50S ribosomal protein L29,NC_005072.1,1483011,1483229,-,PMM1551,-4.0,run_PMM1533,26,False,
PMM1551,rplP,50S ribosomal protein L16,NC_005072.1,1483226,1483708,-,PMM1552,11.0,run_PMM1533,26,False,
PMM1552,rpsC,30S ribosomal protein S3,NC_005072.1,1483720,1484451,-,PMM1553,-1.0,run_PMM1533,26,False,
PMM1553,rplV,50S ribosomal protein L22,NC_005072.1,1484451,1484837,-,PMM1554,0.0,run_PMM1533,26,False,
PMM1554,rpsS,30S ribosomal protein S19,NC_005072.1,1484838,1485113,-,PMM1555,44.0,run_PMM1533,26,False,
PMM1555,rplB,50S ribosomal protein L2,NC_005072.1,1485158,1486021,-,PMM1556,12.0,run_PMM1533,26,False,
PMM1556,rplW,50S ribosomal protein L23,NC_005072.1,1486034,1486336,-,PMM1557,-4.0,run_PMM1533,26,False,
PMM1557,rplD,50S ribosomal protein L4,NC_005072.1,1486333,1486965,-,PMM1558,-4.0,run_PMM1533,26,False,
PMM1558,rplC,50S ribosomal protein L3,NC_005072.1,1486962,1487615,-,PMM1559,292.0,run_PMM1533,26,False,
PMM1559,ndhN,NADH dehydrogenase I subunit NdhN,NC_005072.1,1487908,1488378,+,PMM1560,-11.0,run_PMM1559,2,False,
PMM1560,ldpA,light dependent period protein,NC_005072.1,1488368,1489378,+,PMM1561,193.0,run_PMM1559,2,False,
PMM1561,,haloacid dehalogenase-like hydrolase family protein,NC_005072.1,1489572,1490348,+,PMM1562,109.0,run_PMM1561,1,False,
PMM1562,recA,recombinase A,NC_005072.1,1490458,1491570,+,PMM1563,2.0,run_PMM1562,1,False,
PMM1563,,uncharacterized conserved membrane protein (DUF2839),NC_005072.1,1491573,1491818,-,PMM1564,27.0,run_PMM1563,4,False,
PMM1564,dinG,ATP-dependent helicase C-terminal domain-containing protein,NC_005072.1,1491846,1493294,-,PMM1565,93.0,run_PMM1563,4,False,
PMM1565,tyrA,Prephenate dehydrogenase,NC_005072.1,1493388,1494227,+,PMM1566,6.0,run_PMM1565,2,True,run_PMM1563
PMM1566,crtD,"C-3^,4^ desaturase",NC_005072.1,1494234,1495739,-,PMM1567,4.0,run_PMM1563,4,True,run_PMM1565
PMM1567,,putative fructosamine 3-kinase,NC_005072.1,1495744,1496622,+,PMM1568,7.0,run_PMM1565,2,True,run_PMM1563
PMM1568,,cyanobacterial aminoacyl-tRNA synthetase domain (CAAD) containing protein,NC_005072.1,1496630,1496995,-,PMM1569,287.0,run_PMM1563,4,False,
PMM1569,moeB,molybdopterin biosynthesis protein MoeB,NC_005072.1,1497283,1498431,+,PMM1570,14.0,run_PMM1569,1,False,
PMM1570,cobO-1,cob(I)alamin adenosyltransferase family protein,NC_005072.1,1498446,1499606,-,PMM1571,110.0,run_PMM1570,1,False,
PMM1571,larE,"possible pyridinium-3,5-biscarboxylic acid mononucleotide sulfurtransferase",NC_005072.1,1499717,1500541,+,PMM1572,15.0,run_PMM1571,1,False,
PMM1572,speD,S-adenosylmethionine decarboxylase,NC_005072.1,1500557,1500985,-,PMM1573,52.0,run_PMM1572,2,False,
PMM1573,recF,DNA replication and repair protein recF,NC_005072.1,1501038,1502177,-,PMM1574,110.0,run_PMM1572,2,False,
PMM1574,,conserved hypothetical protein,NC_005072.1,1502288,1502734,-,PMM1575,3.0,run_PMM1574,5,False,
PMM1575,ppc,phosphoenol pyruvate carboxylase,NC_005072.1,1502738,1505707,-,PMM1576,53.0,run_PMM1574,5,False,
PMM1576,gshA,gamma-glutamate-cysteine ligase,NC_005072.1,1505761,1506879,-,PMM1577,0.0,run_PMM1574,5,False,
PMM1577,trpE,anthranilate synthase component I,NC_005072.1,1506880,1508400,-,PMM1578,59.0,run_PMM1574,5,False,
PMM1578,psaD,photosystem I reaction center subunit II,NC_005072.1,1508460,1508882,-,PMM1579,112.0,run_PMM1574,5,False,
PMM1579,,putative two component signal transduction histidine kinase,NC_005072.1,1508995,1510362,-,PMM1580,-4.0,run_PMM1579,3,False,
PMM1580,mrdB,rod shape determining protein,NC_005072.1,1510359,1511630,-,PMM1581,5.0,run_PMM1579,3,False,
PMM1581,abpC,nucleotide-binding protein,NC_005072.1,1511636,1512703,-,PMM1582,161.0,run_PMM1579,3,False,
PMM1582,hemF,coproporphyrinogen-III oxidase,NC_005072.1,1512865,1513893,+,PMM1583,29.0,run_PMM1582,1,False,
PMM1583,cbb1,cofactor assembly of complex C subunit CBB1,NC_005072.1,1513923,1514483,-,PMM1584,168.0,run_PMM1583,1,False,
PMM1584,rnd,ribonuclease D,NC_005072.1,1514652,1515293,+,PMM1585,0.0,run_PMM1584,1,False,
PMM1585,,conserved hypothetical protein,NC_005072.1,1515294,1515560,-,PMM1586,33.0,run_PMM1585,2,False,
PMM1586,,lipid A disaccharide synthetase-like protein,NC_005072.1,1515594,1516856,-,PMM1587,393.0,run_PMM1585,2,False,
PMM1587,,conserved hypothetical protein,NC_005072.1,1517250,1517411,-,PMM1588,16.0,run_PMM1587,2,False,
PMM1588,,conserved hypothetical protein,NC_005072.1,1517428,1518042,-,PMM1589,134.0,run_PMM1587,2,False,
PMM1589,purM,phosphoribosylformylglycinamidine cyclo-ligase,NC_005072.1,1518177,1519220,-,PMM1590,97.0,run_PMM1589,6,False,
PMM1590,panC-cmk,bifunctional pantoate ligase/cytidylate kinase,NC_005072.1,1519318,1520850,+,PMM1591,1.0,run_PMM1590,1,True,run_PMM1589
PMM1591,ptpA,low molecular weight protein-tyrosine-phosphatase,NC_005072.1,1520852,1521325,-,PMM1592,21.0,run_PMM1589,6,False,
PMM1592,pebB,phycoerythrobilin:ferredoxin oxidoreductase,NC_005072.1,1521347,1522120,-,PMM1593,0.0,run_PMM1589,6,False,
PMM1593,pebA,"15,16 dihydrobiliverdin:ferredoxin oxidoreductase",NC_005072.1,1522121,1522831,-,PMM1594,5.0,run_PMM1589,6,False,
PMM1594,ho1,heme oxygenase,NC_005072.1,1522837,1523547,-,PMM1595,57.0,run_PMM1589,6,False,
PMM1595,,conserved hypothetical protein,NC_005072.1,1523605,1524069,-,PMM1596,185.0,run_PMM1589,6,False,
PMM1596,icd,isocitrate dehydrogenase,NC_005072.1,1524255,1525679,+,PMM1597,-4.0,run_PMM1596,1,False,
PMM1597,,uncharacterized sugar and nucleotide-binding domains containing protein,NC_005072.1,1525676,1527034,-,PMM1598,12.0,run_PMM1597,4,False,
PMM1598,galM,aldose 1-epimerase family protein,NC_005072.1,1527047,1527901,-,PMM1599,10.0,run_PMM1597,4,False,
PMM1599,,alpha/beta hydrolase fold family protein,NC_005072.1,1527912,1528817,-,PMM1600,42.0,run_PMM1597,4,False,
PMM1600,nhaS,"Na+/H+ antiporter, CPA2 family",NC_005072.1,1528860,1530227,-,PMM1601,153.0,run_PMM1597,4,False,
PMM1601,glgP,glycogen phosphorylase,NC_005072.1,1530381,1532927,+,PMM1602,478.0,run_PMM1601,1,False,
PMM1602,,Conserved hypothetical protein,NC_005072.1,1533406,1533738,-,PMM1603,590.0,run_PMM1602,1,False,
PMM1603,rnc,ribonuclease III,NC_005072.1,1534329,1535078,+,PMM1604,4.0,run_PMM1603,2,False,
PMM1604,ndhS,NADH dehydrogenase I subunit NdhS,NC_005072.1,1535083,1535268,-,PMM1605,22.0,run_PMM1604,3,True,run_PMM1603
PMM1605,rimM,16S rRNA processing protein RimM,NC_005072.1,1535291,1535830,+,PMM1606,20.0,run_PMM1603,2,True,run_PMM1604
PMM1606,glmS,glutamine---fructose-6-phosphate transaminase (isomerizing),NC_005072.1,1535851,1537746,-,PMM1607,81.0,run_PMM1604,3,False,
PMM1607,psaC,photosystem I iron-sulfur center subunit VII PsaC,NC_005072.1,1537828,1538073,-,PMM1608,134.0,run_PMM1604,3,False,
PMM1608,acpP,acyl-carrier protein,NC_005072.1,1538208,1538450,+,PMM1609,6.0,run_PMM1608,3,False,
PMM1609,fabF,beta-ketoacyl-(acyl-carrier-protein) synthase II (KASII),NC_005072.1,1538457,1539701,+,PMM1610,42.0,run_PMM1608,3,False,
PMM1610,tktA,transketolase,NC_005072.1,1539744,1541750,+,PMM1611,7.0,run_PMM1608,3,False,
PMM1611,thiC,thiamine biosynthesis protein,NC_005072.1,1541758,1543128,-,PMM1612,193.0,run_PMM1611,1,False,
PMM1612,,uncharacterized conserved membrane protein (DUF3188),NC_005072.1,1543322,1543537,-,PMM1613,18.0,run_PMM1612,7,False,
PMM1613,ama,N-acyl-L-amino acid amidohydrolase,NC_005072.1,1543556,1544716,-,PMM1614,3.0,run_PMM1612,7,False,
PMM1614,,TPR repeat family protein,NC_005072.1,1544720,1545508,-,PMM1615,-14.0,run_PMM1612,7,False,
PMM1615,ruvB,holliday junction ATP-dependent DNA helicase RuvB,NC_005072.1,1545495,1546553,-,PMM1616,52.0,run_PMM1612,7,False,
PMM1616,smpB,ssrA-binding protein,NC_005072.1,1546606,1547100,+,PMM1617,25.0,run_PMM1616,1,True,run_PMM1612
PMM1617,,conserved hypothetical protein,NC_005072.1,1547126,1547377,-,PMM1618,27.0,run_PMM1612,7,False,
PMM1618,lysS,lysine--tRNA ligase,NC_005072.1,1547405,1548943,-,PMM1619,50.0,run_PMM1612,7,False,
PMM1619,srrA,"NblS-interacting two-component response regulator, OmpR family",NC_005072.1,1548994,1549740,-,PMM1620,172.0,run_PMM1612,7,False,
PMM1620,,putative membrane protein,NC_005072.1,1549913,1550452,-,PMM1621,0.0,run_PMM1620,3,False,
PMM1621,mreC,rod shape-determining protein MreC,NC_005072.1,1550453,1551202,-,PMM1622,4.0,run_PMM1620,3,False,
PMM1622,mreB,rod shape-determining protein MreB,NC_005072.1,1551207,1552259,-,PMM1623,132.0,run_PMM1620,3,False,
PMM1623,ssb,single-stranded DNA-binding protein,NC_005072.1,1552392,1552763,+,PMM1624,-4.0,run_PMM1623,1,False,
PMM1624,dedA2,dedA family protein,NC_005072.1,1552760,1553419,-,PMM1625,2.0,run_PMM1624,9,False,
PMM1625,ahcY,adenosylhomocysteinase,NC_005072.1,1553422,1554840,-,PMM1626,49.0,run_PMM1624,9,False,
PMM1626,tsaE,tRNA threonylcarbamoyladenosine biosynthesis protein TsaE,NC_005072.1,1554890,1555327,+,PMM1627,-43.0,run_PMM1626,2,True,run_PMM1624
PMM1627,cscK,fructokinase,NC_005072.1,1555285,1556283,-,PMM1628,89.0,run_PMM1624,9,True,run_PMM1626
PMM1628,,alpha/beta hydrolase fold family protein,NC_005072.1,1556373,1557287,+,PMM1629,-16.0,run_PMM1626,2,True,run_PMM1624
PMM1629,rpoD8,"RNA polymerase sigma factor, type II",NC_005072.1,1557272,1558273,-,PMM1630,100.0,run_PMM1624,9,False,
PMM1630,mgtE,magnesium transporter,NC_005072.1,1558374,1559783,-,PMM1631,42.0,run_PMM1624,9,False,
PMM1631,,conserved hypothetical protein,NC_005072.1,1559826,1560191,-,PMM1632,-40.0,run_PMM1624,9,False,
PMM1632,crcB1,fluoride exporter,NC_005072.1,1560152,1560523,-,PMM1633,3.0,run_PMM1624,9,False,
PMM1633,,conserved hypothetical protein,NC_005072.1,1560527,1560856,-,PMM1634,-4.0,run_PMM1624,9,False,
PMM1634,gyrB,"DNA gyrase, B subunit",NC_005072.1,1560853,1562820,-,PMM1635,152.0,run_PMM1624,9,False,
PMM1635,miaA,tRNA delta-2-isopentenylpyrophosphate (IPP) adenosine transferase,NC_005072.1,1562973,1563872,+,PMM1636,51.0,run_PMM1635,4,False,
PMM1636,infC,translation initiation factor IF-3,NC_005072.1,1563924,1564496,+,PMM1637,98.0,run_PMM1635,4,False,
PMM1637,,"transcriptional regulator, GntR family",NC_005072.1,1564595,1565566,+,PMM1638,6.0,run_PMM1635,4,False,
PMM1638,cysE,serine O-acetyltransferase,NC_005072.1,1565573,1566307,+,PMM1639,7.0,run_PMM1635,4,False,
PMM1639,secA,preprotein translocase SecA subunit,NC_005072.1,1566315,1569146,-,PMM1640,177.0,run_PMM1639,1,False,
PMM1640,wecD,acetyltransferase family protein,NC_005072.1,1569324,1569779,+,PMM1641,1.0,run_PMM1640,1,False,
PMM1641,,conserved hypothetical protein,NC_005072.1,1569781,1570233,-,PMM1642,-28.0,run_PMM1641,2,False,
PMM1642,,"conserved hypothetical protein, DUF2358 superfamily",NC_005072.1,1570206,1570637,-,PMM1643,249.0,run_PMM1641,2,False,
PMM1643,ribH,"6,7-dimethyl-8-ribityllumazine synthase",NC_005072.1,1570887,1571363,-,PMM1644,48.0,run_PMM1643,2,False,
PMM1644,psbZ,photosystem II protein PsbZ (Ycf9),NC_005072.1,1571412,1571609,-,PMM1645,143.0,run_PMM1643,2,False,
PMM1645,mutS,DNA mismatch repair protein MutS,NC_005072.1,1571753,1574500,+,PMM1646,29.0,run_PMM1645,3,False,
PMM1646,cobH,precorrin-8X methylmutase,NC_005072.1,1574530,1575153,-,PMM1647,62.0,run_PMM1646,1,True,run_PMM1645
PMM1647,holA,"DNA polymerase III, delta subunit",NC_005072.1,1575216,1576217,+,PMM1648,39.0,run_PMM1645,3,False,
PMM1648,lysC,"aspartate kinase, monofunctional class",NC_005072.1,1576257,1578017,+,PMM1649,8.0,run_PMM1645,3,False,
PMM1649,uvrB,"excinuclease UvrABC complex, helicase subunit",NC_005072.1,1578026,1580065,-,PMM1650,29.0,run_PMM1649,5,False,
PMM1650,ycf23,uncharacterized conserved TIM barrel-containing protein (Ycf23),NC_005072.1,1580095,1580871,-,PMM1651,85.0,run_PMM1649,5,False,
PMM1651,tilS,tRNA(Ile)-lysidine synthetase,NC_005072.1,1580957,1581967,+,PMM1652,-4.0,run_PMM1651,1,True,run_PMM1649
PMM1652,rnjA,ribonuclease J,NC_005072.1,1581964,1583967,-,PMM1653,76.0,run_PMM1649,5,False,
PMM1653,dapA,dihydrodipicolinate synthase,NC_005072.1,1584044,1584952,-,PMM1654,-4.0,run_PMM1649,5,False,
PMM1654,asd,aspartate-semialdehyde dehydrogenase,NC_005072.1,1584949,1585980,-,PMM1655,127.0,run_PMM1649,5,False,
PMM1655,tig,trigger factor,NC_005072.1,1586108,1587529,+,PMM1656,65.0,run_PMM1655,2,False,
PMM1656,clpP2,"ATP-dependent Clp protease, protease subunit",NC_005072.1,1587595,1588242,+,PMM1657,103.0,run_PMM1655,2,False,
PMM1657,clpX,"ATP-dependent Clp protease ATP-binding subunit, ClpX",NC_005072.1,1588346,1589713,+,PMM1658,57.0,run_PMM1657,2,False,
PMM1658,dnaX,"DNA polymerase III, gamma and tau subunits",NC_005072.1,1589771,1591510,+,PMM1659,1.0,run_PMM1657,2,False,
PMM1659,mgdA,monoglycosyldiacylglycerol (MGlcDG) synthase,NC_005072.1,1591512,1592813,-,PMM1660,28.0,run_PMM1659,2,False,
PMM1660,spoIID,sporulation protein SpoIID,NC_005072.1,1592842,1594380,-,PMM1661,91.0,run_PMM1659,2,False,
PMM1661,rpmI,50S ribosomal protein L35,NC_005072.1,1594472,1594669,+,PMM1662,30.0,run_PMM1661,4,False,
PMM1662,rplT,50S ribosomal protein L20,NC_005072.1,1594700,1595047,+,PMM1663,38.0,run_PMM1661,4,False,
PMM1663,ycf37,photosystem I assembly protein Ycf37,NC_005072.1,1595086,1595643,+,PMM1664,1.0,run_PMM1661,4,False,
PMM1664,thiG,thiazole synthase,NC_005072.1,1595645,1596442,+,PMM1665,166.0,run_PMM1661,4,False,
PMM1665,sqdB,UDP-sulfoquinovose synthase,NC_005072.1,1596609,1597802,+,PMM1666,28.0,run_PMM1665,2,False,
PMM1666,sqdX,sulfoquinovosyldiacylglycerol synthase,NC_005072.1,1597831,1598964,+,PMM1667,11.0,run_PMM1665,2,False,
PMM1667,,conserved hypothetical protein,NC_005072.1,1598976,1599227,-,PMM1668,133.0,run_PMM1667,1,False,
PMM1668,gcvP,glycine dehydrogenase,NC_005072.1,1599361,1602270,-,PMM1669,46.0,run_PMM1668,4,False,
PMM1669,gcvH,glycine cleavage system H protein,NC_005072.1,1602317,1602706,-,PMM1670,8.0,run_PMM1668,4,False,
PMM1670,metC,cystathionine beta-lyase family aluminum resistance protein,NC_005072.1,1602715,1604004,-,PMM1671,4.0,run_PMM1668,4,False,
PMM1671,,conserved hypothetical protein,NC_005072.1,1604009,1604716,-,PMM1672,76.0,run_PMM1668,4,False,
PMM1672,desC4,delta-9 fatty-acid desaturase DesC4,NC_005072.1,1604793,1605731,+,PMM1673,20.0,run_PMM1672,5,False,
PMM1673,rplI,50S ribosomal protein L9,NC_005072.1,1605752,1606207,+,PMM1674,58.0,run_PMM1672,5,False,
PMM1674,dnaB,replicative DNA helicase,NC_005072.1,1606266,1607648,+,PMM1675,11.0,run_PMM1672,5,False,
PMM1675,gidA,tRNA uridine 5-carboxymethylaminomethyl modification enzyme GidA,NC_005072.1,1607660,1609624,+,PMM1676,6.0,run_PMM1672,5,False,
PMM1676,ubiC,chorismate pyruvate-lyase,NC_005072.1,1609631,1610275,+,PMM2019,-48.0,run_PMM1672,5,False,
PMM2019,,"viral RNA helicase, superfamily I",NC_005072.1,1610228,1610797,-,PMM1677,85.0,run_PMM2019,2,False,
PMM1677,,"SprT-like, zinc ribbon domain-containing protein",NC_005072.1,1610883,1611410,-,PMM1678,85.0,run_PMM2019,2,False,
PMM1678,,conserved hypothetical protein,NC_005072.1,1611496,1611915,+,PMM1679,17.0,run_PMM1678,2,False,
PMM1679,ligA,ATP-dependent DNA ligase,NC_005072.1,1611933,1613264,+,PMM1680,128.0,run_PMM1678,2,False,
PMM1680,,conserved hypothetical protein specific to marine picocyanobacteria,NC_005072.1,1613393,1613545,+,PMM1681,-11.0,run_PMM1680,1,False,
PMM1681,,conserved hypothetical protein,NC_005072.1,1613535,1614146,-,PMM1682,1.0,run_PMM1681,3,False,
PMM1682,valS,valyl-tRNA synthetase,NC_005072.1,1614148,1616904,-,PMM1683,92.0,run_PMM1681,3,False,
PMM1683,,HesB-like domain-containing protein,NC_005072.1,1616997,1617329,-,PMM1684,186.0,run_PMM1681,3,False,
PMM1684,mazG,nucleoside triphosphate pyrophosphohydrolase,NC_005072.1,1617516,1618370,+,PMM1685,-4.0,run_PMM1684,12,False,
PMM1685,speE,spermidine synthase,NC_005072.1,1618367,1619218,+,PMM1686,1.0,run_PMM1684,12,False,
PMM1686,speB,agmatinase,NC_005072.1,1619220,1620104,+,PMM1687,50.0,run_PMM1684,12,False,
PMM1687,gcvT,glycine cleavage system T protein,NC_005072.1,1620155,1621267,+,PMM1688,58.0,run_PMM1684,12,False,
PMM1688,aspS,aspartyl-tRNA synthetase,NC_005072.1,1621326,1623122,+,PMM1689,74.0,run_PMM1684,12,False,
PMM1689,pyrG,CTP synthase,NC_005072.1,1623197,1624807,+,PMM1690,27.0,run_PMM1684,12,False,
PMM1690,queE,7-carboxy-7-deazaguanine synthase,NC_005072.1,1624835,1625506,+,PMM1691,5.0,run_PMM1684,12,False,
PMM1691,queC,7-cyano-7-deazaguanine synthase,NC_005072.1,1625512,1626186,+,PMM1692,-11.0,run_PMM1684,12,False,
PMM1692,pabB,para-aminobenzoate synthetase component I,NC_005072.1,1626176,1627495,+,PMM1693,-4.0,run_PMM1684,12,False,
PMM1693,pabC,4-amino-4-deoxychorismate lyase,NC_005072.1,1627492,1628319,+,PMM1694,2.0,run_PMM1684,12,False,
PMM1694,cobA,uroporphyrinogen-III C-methyltransferase,NC_005072.1,1628322,1629095,-,PMM1695,57.0,run_PMM1694,1,True,run_PMM1684
PMM1695,,"multidrug efflux transporter, MFS family",NC_005072.1,1629153,1630403,+,PMM1696,18.0,run_PMM1684,12,False,
PMM1696,ppk,polyphosphate kinase,NC_005072.1,1630422,1632509,+,PMM1697,197.0,run_PMM1684,12,False,
PMM1697,rpoD4,"RNA polymerase sigma factor, type II",NC_005072.1,1632707,1633726,+,PMM1698,8.0,run_PMM1697,5,False,
PMM1698,VTE5,phytol kinase,NC_005072.1,1633735,1634376,+,PMM1699,1.0,run_PMM1697,5,False,
PMM1699,aroF,3-deoxy-7-phosphoheptulonate synthase,NC_005072.1,1634378,1635445,-,PMM1700,97.0,run_PMM1699,1,True,run_PMM1697
PMM1700,acnB,aconitate hydratase 2 / 2-methylisocitrate dehydratase,NC_005072.1,1635543,1638116,+,PMM1701,9.0,run_PMM1697,5,False,
PMM1701,clc2,putative chloride channel,NC_005072.1,1638126,1639484,+,PMM1702,9.0,run_PMM1697,5,False,
PMM1702,purU,formyltetrahydrofolate deformylase,NC_005072.1,1639494,1640348,-,PMM1703,48.0,run_PMM1702,2,True,run_PMM1697
PMM1703,,possible D-amino-acid dehydrogenase,NC_005072.1,1640397,1641479,+,PMM1704,-4.0,run_PMM1697,5,True,run_PMM1702
PMM1704,dnaK3,chaperone protein DnaK,NC_005072.1,1641476,1643380,-,PMM1705,117.0,run_PMM1702,2,False,
PMM1705,aroE,shikimate 5-dehydrogenase,NC_005072.1,1643498,1644355,+,PMM1706,109.0,run_PMM1705,1,False,
PMM1706,rpsF,30S ribosomal protein S6,NC_005072.1,1644465,1644929,+,PMM1707,3.0,run_PMM1706,1,False,
PMM1707,argG,argininosuccinate synthase,NC_005072.1,1644933,1646147,-,PMM1708,291.0,run_PMM1707,1,False,
PMM1708,,conserved hypothetical protein,NC_005072.1,1646439,1646717,+,PMM1709,-17.0,run_PMM1708,3,False,
PMM1709,mraY,phospho-N-acetylmuramoyl-pentapeptide-transferase,NC_005072.1,1646701,1647777,+,PMM1710,10.0,run_PMM1708,3,False,
PMM1710,,conserved hypothetical protein,NC_005072.1,1647788,1648051,+,PMM1711,-85.0,run_PMM1708,3,False,
PMM1711,sps,sucrose phosphate synthase,NC_005072.1,1647967,1649379,-,PMM1712,195.0,run_PMM1711,1,False,
PMM1712,uvrA,"excinuclease UvrABC complex, ATPase subunit",NC_005072.1,1649575,1652475,-,PMM1713,54.0,run_PMM1712,2,False,
PMM1713,recN,ATP-dependent DNA repair protein RecN,NC_005072.1,1652530,1654209,-,PMM1714,69.0,run_PMM1712,2,False,
PMM1714,,ABC1 family protein,NC_005072.1,1654279,1656135,+,PMM1715,0.0,run_PMM1714,3,False,
PMM1715,,alpha/beta hydrolase of unknown function (DUF1400),NC_005072.1,1656136,1656711,+,PMM1716,2.0,run_PMM1714,3,False,
PMM1716,thrC,threonine synthase,NC_005072.1,1656714,1657817,+,,,run_PMM1714,3,False,
