metabolite_id,name,kegg_compound_id,chebi_id,mnxm_id,inchikey,name_norm,formula,elements,n_status,evidence_sources,equiv_group,link_basis,equiv_group_size
kegg.compound:C00002,ATP,C00002,10789,MNXM3,ZKHQWZAMYRWXGA-KQYNXXCUSA-J,atp,C10H12N5O13P3,C | H | N | O | P,contains_N,metabolism | transport,kegg.compound:C00002,none,1
kegg.compound:C00008,ADP,C00008,13222,MNXM40333,XTWYTFMLZFPYCI-KQYNXXCUSA-K,adp,C10H12N5O10P2,C | H | N | O | P,contains_N,metabolism | transport | metabolomics,kegg.compound:C00008,none,1
kegg.compound:C00003,NAD+,C00003,13393,MNXM8,BAWFJGJZGIEFAR-NNYOXOHSSA-M,nad+,C21H26N7O14P2,C | H | N | O | P,contains_N,metabolism | transport | metabolomics,kegg.compound:C00003,none,1
kegg.compound:C00004,NADH,C00004,13395,MNXM10,BOPGDPNILDQYTO-NNYOXOHSSA-L,nadh,C21H27N7O14P2,C | H | N | O | P,contains_N,metabolism | transport | metabolomics,kegg.compound:C00004,none,1
kegg.compound:C00020,AMP,C00020,12056,MNXM728294,UDMBCSSLTHHNCD-KQYNXXCUSA-L,amp,C10H12N5O7P,C | H | N | O | P,contains_N,metabolism | transport | metabolomics,kegg.compound:C00020,none,1
kegg.compound:C00006,NADP+,C00006,13397,MNXM5,XJLXINKUBYWONI-NNYOXOHSSA-K,nadp+,C21H25N7O17P3,C | H | N | O | P,contains_N,metabolism | transport | metabolomics,kegg.compound:C00006,none,1
kegg.compound:C00005,NADPH,C00005,13399,MNXM738702,ACFIXJIJDZMPPO-NNYOXOHSSA-J,nadph,C21H26N7O17P3,C | H | N | O | P,contains_N,metabolism | transport,kegg.compound:C00005,none,1
kegg.compound:C00014,Ammonia,C00014,13405,MNXM729302,QGZKDVFQNNGYKY-UHFFFAOYSA-O,ammonia,H4N,H | N,contains_N,metabolism | transport,kegg.compound:C00014,none,1
kegg.compound:C00025,L-Glutamate,C00025,13107,MNXM741173,WHUUTDBJXJRKMK-VKHMYHEASA-M,l-glutamate,C5H8NO4,C | H | N | O,contains_N,metabolism | transport | metabolomics,kegg.compound:C00025,none,1
kegg.compound:C00010,CoA,C00010,13294,MNXM727276,RGJOEKWQDUBAIZ-IBOSZNHHSA-J,coa,C21H32N7O16P3S,C | H | N | O | P | S,contains_N,metabolism | transport,kegg.compound:C00010,none,1
kegg.compound:C00019,S-Adenosyl-L-methionine,C00019,10786,MNXM1363767,MEFKEPWMEQBLKI-AIRLBKTGSA-O,s-adenosyl-l-methionine,C15H23N6O5S,C | H | N | O | S,contains_N,metabolism | transport | metabolomics,kegg.compound:C00019,none,1
kegg.compound:C00024,Acetyl-CoA,C00024,13712,MNXM1104266,ZSLZBFCDCINBPY-ZSJPKINUSA-J,acetyl-coa,C23H34N7O17P3S,C | H | N | O | P | S,contains_N,metabolism | transport | metabolomics,kegg.compound:C00024,none,1
kegg.compound:C00064,L-Glutamine,C00064,13110,MNXM37,ZDXPYRJPNDTMRX-VKHMYHEASA-N,l-glutamine,C5H10N2O3,C | H | N | O,contains_N,metabolism | transport | metabolomics,kegg.compound:C00064,none,1
kegg.compound:C00044,GTP,C00044,13342,MNXM1103553,XKMLYUALXHKNFT-UUOKFMHZSA-J,gtp,C10H12N5O14P3,C | H | N | O | P,contains_N,metabolism | transport,kegg.compound:C00044,none,1
kegg.compound:C00021,S-Adenosyl-L-homocysteine,C00021,12741,MNXM1102167,ZJUKTBDSGOFHSH-WFMPWKQPSA-N,s-adenosyl-l-homocysteine,C14H20N6O5S,C | H | N | O | S,contains_N,metabolism | transport | metabolomics,kegg.compound:C00021,none,1
kegg.compound:C00037,Glycine,C00037,10792,MNXM29,DHMQDGOQFOQNFH-UHFFFAOYSA-N,glycine,C2H5NO2,C | H | N | O,contains_N,metabolism | transport,kegg.compound:C00037,none,1
kegg.compound:C00101,Tetrahydrofolate,C00101,10931,MNXM1103936,MSTNYGQPCMXVAQ-RYUDHWBXSA-L,tetrahydrofolate,C19H21N7O6,C | H | N | O,contains_N,metabolism,kegg.compound:C00101,none,1
kegg.compound:C00097,L-Cysteine,C00097,13095,MNXM738068,XUJNEKJLAYXESH-REOHCLBHSA-N,l-cysteine,C3H7NO2S,C | H | N | O | S,contains_N,metabolism | transport | metabolomics,kegg.compound:C00097,none,1
kegg.compound:C00063,CTP,C00063,13286,MNXM1103718,PCDQPRRSZKQHHS-XVFCMESISA-J,ctp,C9H12N3O14P3,C | H | N | O | P,contains_N,metabolism | transport,kegg.compound:C00063,none,1
kegg.compound:C00049,L-Aspartate,C00049,13085,MNXM1364497,CKLJMWTZIZZHCS-REOHCLBHSA-M,l-aspartate,C4H6NO4,C | H | N | O,contains_N,metabolism | transport | metabolomics,kegg.compound:C00049,none,1
kegg.compound:C00286,dGTP,C00286,10497,MNXM344,HAAZLUGHYHWQIW-KVQBGUIXSA-J,dgtp,C10H12N5O13P3,C | H | N | O | P,contains_N,metabolism,kegg.compound:C00286,none,1
kegg.compound:C00041,L-Alanine,C00041,13069,MNXM1105732,QNAYBMKLOCPYGJ-REOHCLBHSA-N,l-alanine,C3H7NO2,C | H | N | O,contains_N,metabolism | transport | metabolomics,kegg.compound:C00041,none,1
kegg.compound:C00051,Glutathione,C00051,12402,MNXM490899,RWSXRVCMGQZWBV-WDSKDSINSA-M,glutathione,C10H16N3O6S,C | H | N | O | S,contains_N,metabolism | transport | metabolomics,kegg.compound:C00051,none,1
kegg.compound:C00073,L-Methionine,C00073,13141,MNXM738804,FFEARJCKVFRZRR-BYPYZUCNSA-N,l-methionine,C5H11NO2S,C | H | N | O | S,contains_N,metabolism | transport | metabolomics,kegg.compound:C00073,none,1
kegg.compound:C00015,UDP,C00015,13445,MNXM1102128,XCCTYIAWTASOJW-XVFCMESISA-K,udp,C9H11N2O12P2,C | H | N | O | P,contains_N,metabolism | transport,kegg.compound:C00015,none,1
kegg.compound:C00035,GDP,C00035,13327,MNXM1103285,QGWNDRXFNXRZMB-UUOKFMHZSA-K,gdp,C10H12N5O11P2,C | H | N | O | P,contains_N,metabolism | transport,kegg.compound:C00035,none,1
kegg.compound:C00143,"5,10-Methylenetetrahydrofolate",C00143,10925,MNXM1102150,QYNUQALWYRSVHF-OLZOCXBDSA-L,"5,10-methylenetetrahydrofolate",C20H21N7O6,C | H | N | O,contains_N,metabolism,kegg.compound:C00143,none,1
kegg.compound:C00458,dCTP,C00458,10494,MNXM360,RGWHQCVHVJXOKC-SHYZEUOFSA-J,dctp,C9H12N3O13P3,C | H | N | O | P,contains_N,metabolism,kegg.compound:C00458,none,1
kegg.compound:C00459,dTTP,C00459,10530,MNXM394,NHVNXKFIZYSCEB-XLPZGREQSA-J,dttp,C10H13N2O14P3,C | H | N | O | P,contains_N,metabolism | transport,kegg.compound:C00459,none,1
kegg.compound:C00131,dATP,C00131,10491,MNXM286,SUYVUBYJARFZHO-RRKCRQDMSA-J,datp,C10H12N5O12P3,C | H | N | O | P,contains_N,metabolism | transport,kegg.compound:C00131,none,1
kegg.compound:C00065,L-Serine,C00065,13167,MNXM737787,MTCFGRXMJLQNBG-REOHCLBHSA-N,l-serine,C3H7NO3,C | H | N | O,contains_N,metabolism | transport | metabolomics,kegg.compound:C00065,none,1
kegg.compound:C00144,GMP,C00144,13341,MNXM1101285,RQFCJASXJCIDSX-UUOKFMHZSA-L,gmp,C10H12N5O8P,C | H | N | O | P,contains_N,metabolism | transport | metabolomics,kegg.compound:C00144,none,1
kegg.compound:C00105,UMP,C00105,13508,MNXM1104823,DJJCXFVJDGTHFX-XVFCMESISA-L,ump,C9H11N2O9P,C | H | N | O | P,contains_N,metabolism | transport | metabolomics,kegg.compound:C00105,none,1
kegg.compound:C00055,CMP,C00055,13274,MNXM1103302,IERHLVCPSMICTF-XVFCMESISA-L,cmp,C9H12N3O8P,C | H | N | O | P,contains_N,metabolism | transport,kegg.compound:C00055,none,1
kegg.compound:C00068,Thiamin diphosphate,C00068,15229,MNXM256,AYEKOFBPNLCAJY-UHFFFAOYSA-L,thiamin diphosphate,C12H16N4O7P2S,C | H | N | O | P | S,contains_N,metabolism | transport,kegg.compound:C00068,none,1
kegg.compound:C00075,UTP,C00075,13510,MNXM1101474,PGAVKCOVUIYSFO-XVFCMESISA-J,utp,C9H11N2O15P3,C | H | N | O | P,contains_N,metabolism | transport,kegg.compound:C00075,none,1
kegg.compound:C00342,Thioredoxin,C00342,,MNXM741334,,thioredoxin,C10H14N4O4S2*4,C | H | N | O | S,contains_N,metabolism,kegg.compound:C00342,none,1
kegg.compound:C00343,Thioredoxin disulfide,C00343,,MNXM729077,,thioredoxin disulfide,C10H12N4O4S2*4,C | H | N | O | S,contains_N,metabolism,kegg.compound:C00343,none,1
kegg.compound:C00083,Malonyl-CoA,C00083,14565,MNXM1106093,LTYOQGRJFJAKNA-DVVLENMVSA-I,malonyl-coa,C24H33N7O19P3S,C | H | N | O | P | S,contains_N,metabolism,kegg.compound:C00083,none,1
kegg.compound:C00455,Nicotinamide D-ribonucleotide,C00455,10433,MNXM355,DAYLJWODMCOQEW-TURQNECASA-M,nicotinamide d-ribonucleotide,C11H14N2O8P,C | H | N | O | P,contains_N,metabolism | transport,kegg.compound:C00455,none,1
kegg.compound:C00029,UDP-glucose,C00029,13498,MNXM1364019,HSCJRCZFDFQWRP-JZMIEXBBSA-L,udp-glucose,C15H22N2O17P2,C | H | N | O | P,contains_N,metabolism | transport | metabolomics,kegg.compound:C00029,none,1
kegg.compound:C00130,IMP,C00130,12057,MNXM1101868,GRSZFWQUAKGDAV-KQYNXXCUSA-L,imp,C10H11N4O8P,C | H | N | O | P,contains_N,metabolism | metabolomics,kegg.compound:C00130,none,1
kegg.compound:C05198,5^-Deoxyadenosine,C05198,12061,MNXM1103313,XGYIMTFOTBMPFP-KQYNXXCUSA-N,5^-deoxyadenosine,C10H13N5O3,C | H | N | O,contains_N,metabolism,kegg.compound:C05198,none,1
kegg.compound:C00079,L-Phenylalanine,C00079,13151,MNXM741664,COLNVLDHVKWLRT-QMMMGPOBSA-N,l-phenylalanine,C9H11NO2,C | H | N | O,contains_N,metabolism | transport | metabolomics,kegg.compound:C00079,none,1
kegg.compound:C00365,dUMP,C00365,10532,MNXM234,JSRLJPSBLDHEIO-SHYZEUOFSA-L,dump,C9H11N2O8P,C | H | N | O | P,contains_N,metabolism,kegg.compound:C00365,none,1
kegg.compound:C00655,Xanthosine 5^-phosphate,C00655,10067,MNXM1104385,DCTLYFZHFGENCW-UUOKFMHZSA-L,xanthosine 5^-phosphate,C10H11N4O9P,C | H | N | O | P,contains_N,metabolism,kegg.compound:C00655,none,1
kegg.compound:C00125,Ferricytochrome c,C00125,,MNXM731952,,ferricytochrome c,C42H44FeN8O8S2*4,C | Fe | H | N | O | S,contains_N,metabolism,kegg.compound:C00125,none,1
kegg.compound:C00126,Ferrocytochrome c,C00126,,MNXM731957,,ferrocytochrome c,C42H44FeN8O8S2*4,C | Fe | H | N | O | S,contains_N,metabolism,kegg.compound:C00126,none,1
kegg.compound:C00091,Succinyl-CoA,C00091,10746,MNXM1104774,VNOYUJKHFWYWIR-ITIYDSSPSA-I,succinyl-coa,C25H35N7O19P3S,C | H | N | O | P | S,contains_N,metabolism,kegg.compound:C00091,none,1
kegg.compound:C00016,FAD,C00016,13315,MNXM1364149,VWWQXMAJTJZDQX-UYBVJOGSSA-N,fad,C27H33N9O15P2,C | H | N | O | P,contains_N,metabolism | transport | metabolomics,kegg.compound:C00016,none,1
kegg.compound:C00234,10-Formyltetrahydrofolate,C00234,11304,MNXM1102376,AUFGTPPARQZWDO-YPMHNXCESA-L,10-formyltetrahydrofolate,C20H21N7O7,C | H | N | O,contains_N,metabolism,kegg.compound:C00234,none,1
kegg.compound:C00043,UDP-N-acetyl-alpha-D-glucosamine,C00043,13456,MNXM1104529,LFTYTUAZOPRMMI-CFRASDGPSA-L,udp-n-acetyl-alpha-d-glucosamine,C17H25N3O17P2,C | H | N | O | P,contains_N,metabolism | transport,kegg.compound:C00043,none,1
kegg.compound:C00155,L-Homocysteine,C00155,13122,MNXM123,FFFHZYDWPBMWHY-VKHMYHEASA-N,l-homocysteine,C4H9NO2S,C | H | N | O | S,contains_N,metabolism | transport,kegg.compound:C00155,none,1
kegg.compound:C00100,Propanoyl-CoA,C00100,14904,MNXM1364266,QAQREVBBADEHPA-IEXPHMLFSA-J,propanoyl-coa,C24H36N7O17P3S,C | H | N | O | P | S,contains_N,metabolism,kegg.compound:C00100,none,1
kegg.compound:C01185,Nicotinate D-ribonucleotide,C01185,12398,MNXM1108016,JOUIQRNQJGXQDC-ZYUZMQFOSA-L,nicotinate d-ribonucleotide,C11H12NO9P,C | H | N | O | P,contains_N,metabolism,kegg.compound:C01185,none,1
kegg.compound:C04677,1-(5^-Phosphoribosyl)-5-amino-4-imidazolecarboxamide,C04677,12102,MNXM1103365,NOTGFIUVDGNKRI-UUOKFMHZSA-L,1-(5^-phosphoribosyl)-5-amino-4-imidazolecarboxamide,C9H13N4O8P,C | H | N | O | P,contains_N,metabolism,kegg.compound:C04677,none,1
kegg.compound:C00112,CDP,C00112,13254,MNXM1102191,ZWIADYZPOWUWEW-XVFCMESISA-K,cdp,C9H12N3O11P2,C | H | N | O | P,contains_N,metabolism,kegg.compound:C00112,none,1
kegg.compound:C02320,R-S-Glutathione,C02320,13430,MNXM734335,,r-s-glutathione,C10H15N3O6S*,C | H | N | O | S,contains_N,metabolism,kegg.compound:C02320,none,1
kegg.compound:C00082,L-Tyrosine,C00082,13181,MNXM76,OUYCCCASQSFEME-QMMMGPOBSA-N,l-tyrosine,C9H11NO3,C | H | N | O,contains_N,metabolism | transport | metabolomics,kegg.compound:C00082,none,1
kegg.compound:C05335,L-Selenomethionine,C05335,26638,MNXM1676,RJFAYQIBOAGBLC-BYPYZUCNSA-N,l-selenomethionine,C5H11NO2Se,C | H | N | O | Se,contains_N,metabolism | transport,kegg.compound:C05335,none,1
kegg.compound:C05688,L-Selenocysteine,C05688,13165,MNXM732923,ZKZBPNGNEQAJSX-REOHCLBHSA-N,l-selenocysteine,C3H7NO2Se,C | H | N | O | Se,contains_N,metabolism,kegg.compound:C05688,none,1
kegg.compound:C00188,L-Threonine,C00188,13175,MNXM142,AYFVYJQAPQTCCC-GBXIJSLDSA-N,l-threonine,C4H9NO3,C | H | N | O,contains_N,metabolism | transport | metabolomics,kegg.compound:C00188,none,1
kegg.compound:C00364,dTMP,C00364,10529,MNXM257,GYOZYWVXFNDGLU-XLPZGREQSA-L,dtmp,C10H13N2O8P,C | H | N | O | P,contains_N,metabolism,kegg.compound:C00364,none,1
kegg.compound:C00147,Adenine,C00147,13733,MNXM168,GFFGJBXGBJISGV-UHFFFAOYSA-N,adenine,C5H5N5,C | H | N,contains_N,metabolism | transport | metabolomics,kegg.compound:C00147,none,1
kegg.compound:C00445,"5,10-Methenyltetrahydrofolate",C00445,12068,MNXM511,MEANFMOQMXYMCT-OLZOCXBDSA-M,"5,10-methenyltetrahydrofolate",C20H20N7O6,C | H | N | O,contains_N,metabolism,kegg.compound:C00445,none,1
kegg.compound:C04895,"7,8-Dihydroneopterin 3^-triphosphate",C04895,1002,MNXM1369355,DGGUVLXVLHAAGT-XINAWCOVSA-J,"7,8-dihydroneopterin 3^-triphosphate",C9H12N5O13P3,C | H | N | O | P,contains_N,metabolism,kegg.compound:C04895,none,1
kegg.compound:C00078,L-Tryptophan,C00078,13178,MNXM741553,QIVBCDIJIAJPQS-VIFPVBQESA-N,l-tryptophan,C11H12N2O2,C | H | N | O,contains_N,metabolism | transport | metabolomics,kegg.compound:C00078,none,1
kegg.compound:C00362,dGMP,C00362,10496,MNXM736654,LTFMZDNNPPEQNG-KVQBGUIXSA-L,dgmp,C10H12N5O7P,C | H | N | O | P,contains_N,metabolism,kegg.compound:C00362,none,1
kegg.compound:C00047,L-Lysine,C00047,13135,MNXM1364268,KDXKERNSBIXSRK-YFKPBYRVSA-O,l-lysine,C6H15N2O2,C | H | N | O,contains_N,metabolism | transport | metabolomics,kegg.compound:C00047,none,1
kegg.compound:C00842,dTDP-glucose,C00842,10526,MNXM1105949,YSYKRGRSMLTJNL-URARBOGNSA-L,dtdp-glucose,C16H24N2O16P2,C | H | N | O | P,contains_N,metabolism | transport,kegg.compound:C00842,none,1
kegg.compound:C00206,dADP,C00206,10489,MNXM735047,DAEAPNUQQAICNR-RRKCRQDMSA-K,dadp,C10H12N5O9P2,C | H | N | O | P,contains_N,metabolism | transport,kegg.compound:C00206,none,1
kegg.compound:C01419,Cys-Gly,C01419,4047,MNXM683,ZUKPVRWZDMRIEO-VKHMYHEASA-N,cys-gly,C5H10N2O3S,C | H | N | O | S,contains_N,metabolism,kegg.compound:C01419,none,1
kegg.compound:C05729,R-S-Cysteinylglycine,C05729,143103,MNXM726748,,r-s-cysteinylglycine,C5H9N2O3S*,C | H | N | O | S,contains_N,metabolism,kegg.compound:C05729,none,1
kegg.compound:C00361,dGDP,C00361,10495,MNXM436,CIKGWCTVFSRMJU-KVQBGUIXSA-K,dgdp,C10H12N5O10P2,C | H | N | O | P,contains_N,metabolism,kegg.compound:C00361,none,1
kegg.compound:C00212,Adenosine,C00212,13734,MNXM1105760,OIRDTQYFTABQOQ-KQYNXXCUSA-N,adenosine,C10H13N5O4,C | H | N | O,contains_N,metabolism | transport | metabolomics,kegg.compound:C00212,none,1
kegg.compound:C00979,O-Acetyl-L-serine,C00979,12685,MNXM418,VZXPDPZARILFQX-BYPYZUCNSA-N,o-acetyl-l-serine,C5H9NO4,C | H | N | O,contains_N,metabolism,kegg.compound:C00979,none,1
kegg.compound:C05125,2-(alpha-Hydroxyethyl)thiamine diphosphate,C05125,58939,MNXM1705,RRUVJGASJONMDY-UHFFFAOYSA-L,2-(alpha-hydroxyethyl)thiamine diphosphate,C14H20N4O8P2S,C | H | N | O | P | S,contains_N,metabolism,kegg.compound:C05125,none,1
kegg.compound:C00096,GDP-mannose,C00096,13328,MNXM1104188,MVMSCBBUIHUTGJ-GDJBGNAASA-L,gdp-mannose,C16H23N5O16P2,C | H | N | O | P,contains_N,metabolism,kegg.compound:C00096,none,1
kegg.compound:C15972,Enzyme N6-(lipoyl)lysine,C15972,,MNXM741250,,enzyme n6-(lipoyl)lysine,C8H14NOS2*,C | H | N | O | S,contains_N,metabolism,kegg.compound:C15972,none,1
kegg.compound:C00224,Adenylyl sulfate,C00224,12059,MNXM1103086,IRLPACMLTUPBCL-KQYNXXCUSA-L,adenylyl sulfate,C10H12N5O10PS,C | H | N | O | P | S,contains_N,metabolism | transport,kegg.compound:C00224,none,1
kegg.compound:C00169,Carbamoyl phosphate,C00169,13942,MNXM138,FFQKYPRQEYGKAF-UHFFFAOYSA-L,carbamoyl phosphate,CH2NO5P,C | H | N | O | P,contains_N,metabolism | transport,kegg.compound:C00169,none,1
kegg.compound:C01081,Thiamin monophosphate,C01081,15230,MNXM662,HZSAJDVWZRBGIF-UHFFFAOYSA-M,thiamin monophosphate,C12H16N4O4PS,C | H | N | O | P | S,contains_N,metabolism | transport | metabolomics,kegg.compound:C01081,none,1
kegg.compound:C00441,L-Aspartate 4-semialdehyde,C00441,13086,MNXM361,HOSWPDPVFBCLSY-VKHMYHEASA-N,l-aspartate 4-semialdehyde,C4H7NO3,C | H | N | O,contains_N,metabolism,kegg.compound:C00441,none,1
kegg.compound:C04376,5^-Phosphoribosyl-N-formylglycinamide,C04376,12635,MNXM1094915,VDXLUNDMVKSKHO-XVFCMESISA-L,5^-phosphoribosyl-n-formylglycinamide,C8H13N2O9P,C | H | N | O | P,contains_N,metabolism,kegg.compound:C04376,none,1
kegg.compound:C00040,Acyl-CoA,C00040,,MNXM729259,,acyl-coa,C22H35N7O17P3S*,C | H | N | O | P | S,contains_N,metabolism,chebi:13727,name_soft,2
kegg.compound:C03479,Folinic acid,C03479,12127,MNXM1091982,VVIAGPKUTFNRDU-STQMWFEESA-L,folinic acid,C20H21N7O7,C | H | N | O,contains_N,metabolism,kegg.compound:C03479,none,1
kegg.compound:C00108,Anthranilate,C00108,13841,MNXM188,RWZYAGGXGHYGMB-UHFFFAOYSA-M,anthranilate,C7H6NO2,C | H | N | O,contains_N,metabolism,kegg.compound:C00108,none,1
kegg.compound:C06508,Adenosyl cobinamide,C06508,2480,MNXM1103715,KQXSPGAEBZWHMC-QMUWONGRSA-M,adenosyl cobinamide,C58H84CoN16O11,C | Co | H | N | O,contains_N,metabolism,kegg.compound:C06508,none,1
kegg.compound:C00148,L-Proline,C00148,13154,MNXM114,ONIBWKKTOPOVIA-BYPYZUCNSA-N,l-proline,C5H9NO2,C | H | N | O,contains_N,metabolism | transport | metabolomics,kegg.compound:C00148,none,1
kegg.compound:C06250,Holo-[carboxylase],C06250,,MNXM96075,,holo-[carboxylase],C17H27N5O4S*2,C | H | N | O | S,contains_N,metabolism,kegg.compound:C06250,none,1
kegg.compound:C00460,dUTP,C00460,10533,MNXM452,AHCYMLUZIRLXAA-SHYZEUOFSA-J,dutp,C9H11N2O14P3,C | H | N | O | P,contains_N,metabolism,kegg.compound:C00460,none,1
kegg.compound:C00062,L-Arginine,C00062,13077,MNXM739527,ODKSFYDXXFIFQN-BYPYZUCNSA-O,l-arginine,C6H15N4O2,C | H | N | O,contains_N,metabolism | transport | metabolomics,kegg.compound:C00062,none,1
kegg.compound:C00352,D-Glucosamine 6-phosphate,C00352,12317,MNXM1104065,XHMJOUIAFHJHBW-UKFBFLRUSA-M,d-glucosamine 6-phosphate,C6H13NO8P,C | H | N | O | P,contains_N,metabolism | metabolomics,kegg.compound:C00352,none,1
kegg.compound:C15810,Sulfur-carrier protein,C15810,,MNXM10846,,sulfur-carrier protein,C4H7N2O3*,C | H | N | O,contains_N,metabolism,kegg.compound:C15810,none,1
kegg.compound:C00099,beta-Alanine,C00099,10343,MNXM144,UCMIRNVEIXFBKS-UHFFFAOYSA-N,beta-alanine,C3H7NO2,C | H | N | O,contains_N,metabolism | transport,kegg.compound:C00099,none,1
kegg.compound:C02191,Protoporphyrin,C02191,14959,MNXM1364476,KSFOVUSSGSKXFI-UJJXFSCMSA-L,protoporphyrin,C34H32N4O4,C | H | N | O,contains_N,metabolism | transport,kegg.compound:C02191,none,1
kegg.compound:C01051,Uroporphyrinogen III,C01051,15300,MNXM414,HUHWZXWWOFSFKF-UHFFFAOYSA-F,uroporphyrinogen iii,C40H36N4O16,C | H | N | O,contains_N,metabolism,kegg.compound:C01051,none,1
kegg.compound:C01134,Pantetheine 4^-phosphate,C01134,11916,MNXM373,JDMUPRLRUUMCTL-VIFPVBQESA-L,pantetheine 4^-phosphate,C11H21N2O7PS,C | H | N | O | P | S,contains_N,metabolism,kegg.compound:C01134,none,1
kegg.compound:C00053,3^-Phosphoadenylyl sulfate,C00053,11679,MNXM1104555,GACDQMDRPRGCTN-KQYNXXCUSA-J,3^-phosphoadenylyl sulfate,C10H11N5O13P2S,C | H | N | O | P | S,contains_N,metabolism | transport,kegg.compound:C00053,none,1
kegg.compound:C00106,Uracil,C00106,15288,MNXM1368456,ISAKRJDGNUQOIC-UHFFFAOYSA-N,uracil,C4H4N2O2,C | H | N | O,contains_N,metabolism | transport | metabolomics,kegg.compound:C00106,none,1
kegg.compound:C01346,dUDP,C01346,10531,MNXM572,QHWZTVCCBMIIKE-SHYZEUOFSA-K,dudp,C9H11N2O11P2,C | H | N | O | P,contains_N,metabolism,kegg.compound:C01346,none,1
kegg.compound:C00294,Inosine,C00294,14456,MNXM1103335,UGQMRVRMYYASKQ-KQYNXXCUSA-N,inosine,C10H12N4O5,C | H | N | O,contains_N,metabolism | transport | metabolomics,kegg.compound:C00294,none,1
kegg.compound:C00705,dCDP,C00705,10492,MNXM411,FTDHDKPUHBLBTL-SHYZEUOFSA-K,dcdp,C9H12N3O10P2,C | H | N | O | P,contains_N,metabolism,kegg.compound:C00705,none,1
kegg.compound:C04640,2-(Formamido)-N1-(5^-phosphoribosyl)acetamidine,C04640,11474,MNXM1363644,PMCOGCVKOAOZQM-XVFCMESISA-M,2-(formamido)-n1-(5^-phosphoribosyl)acetamidine,C8H15N3O8P,C | H | N | O | P,contains_N,metabolism,kegg.compound:C04640,none,1
kegg.compound:C04916,N-(5^-Phospho-D-1^-ribulosylformimino)-5-amino-1-(5^^-phospho-D-ribosyl)-4-imidazolecarboxamide,C04916,12100,MNXM1408,BLKFNHOCHNCLII-GHVQHMAVSA-J,n-(5^-phospho-d-1^-ribulosylformimino)-5-amino-1-(5^^-phospho-d-ribosyl)-4-imidazolecarboxamide,C15H21N5O15P2,C | H | N | O | P,contains_N,metabolism,kegg.compound:C04916,none,1
kegg.compound:C15811,[Enzyme]-cysteine,C15811,,MNXM96100,,[enzyme]-cysteine,C4H6N2O2S*2,C | H | N | O | S,contains_N,metabolism,kegg.compound:C15811,none,1
kegg.compound:C15812,[Enzyme]-S-sulfanylcysteine,C15812,,MNXM3891,,[enzyme]-s-sulfanylcysteine,C4H6N2O2S2*2,C | H | N | O | S,contains_N,metabolism,kegg.compound:C15812,none,1
kegg.compound:C00032,Heme,C00032,14957,MNXM249,KABFMIBPWCXCRK-RGGAHWMASA-J,heme,C34H30FeN4O4,C | Fe | H | N | O,contains_N,metabolism | transport,chebi:14386,name_soft,2
kegg.compound:C00154,Palmitoyl-CoA,C00154,14397,MNXM1106160,MNBKLUUYKPBKDU-BBECNAHFSA-J,palmitoyl-coa,C37H62N7O17P3S,C | H | N | O | P | S,contains_N,metabolism,kegg.compound:C00154,none,1
kegg.compound:C00086,Urea,C00086,134711,MNXM117,XSQUKJJJFZCRTK-UHFFFAOYSA-N,urea,CH4N2O,C | H | N | O,contains_N,metabolism | transport,kegg.compound:C00086,none,1
kegg.compound:C00299,Uridine,C00299,15296,MNXM1103104,DRTQHJPVMGBUCF-XVFCMESISA-N,uridine,C9H12N2O6,C | H | N | O,contains_N,metabolism | transport | metabolomics,kegg.compound:C00299,none,1
kegg.compound:C04666,D-erythro-1-(Imidazol-4-yl)glycerol 3-phosphate,C04666,12888,MNXM1422,HFYBTHCYPKEDQQ-RITPCOANSA-L,d-erythro-1-(imidazol-4-yl)glycerol 3-phosphate,C6H9N2O6P,C | H | N | O | P,contains_N,metabolism,kegg.compound:C04666,none,1
kegg.compound:C00081,ITP,C00081,13374,MNXM1103428,HAEJPQIATWHALX-KQYNXXCUSA-J,itp,C10H11N4O14P3,C | H | N | O | P,contains_N,metabolism | transport,kegg.compound:C00081,none,1
kegg.compound:C00475,Cytidine,C00475,14063,MNXM1363925,UHDGCWIWMRVCDJ-XVFCMESISA-N,cytidine,C9H13N3O5,C | H | N | O,contains_N,metabolism | transport | metabolomics,kegg.compound:C00475,none,1
kegg.compound:C00263,L-Homoserine,C00263,13123,MNXM353,UKAUYVFTDYCKQA-VKHMYHEASA-N,l-homoserine,C4H9NO3,C | H | N | O,contains_N,metabolism | transport | metabolomics,kegg.compound:C00263,none,1
kegg.compound:C00559,Deoxyadenosine,C00559,14112,MNXM625,OLXZPDWKRNYJJZ-RRKCRQDMSA-N,deoxyadenosine,C10H13N5O3,C | H | N | O,contains_N,metabolism,kegg.compound:C00559,none,1
kegg.compound:C00242,Guanine,C00242,14371,MNXM733114,UYTPUPDQBNUYGX-UHFFFAOYSA-N,guanine,C5H5N5O,C | H | N | O,contains_N,metabolism | transport | metabolomics,kegg.compound:C00242,none,1
kegg.compound:C01300,"6-(Hydroxymethyl)-7,8-dihydropterin",C01300,1003,MNXM728662,CQQNNQTXUGLUEV-UHFFFAOYSA-N,"6-(hydroxymethyl)-7,8-dihydropterin",C7H9N5O2,C | H | N | O,contains_N,metabolism,kegg.compound:C01300,none,1
kegg.compound:C15814,Thiocarboxy-[sulfur-carrier protein],C15814,90619,MNXM730270,,thiocarboxy-[sulfur-carrier protein],C4H7N2O2S*,C | H | N | O | S,contains_N,metabolism,kegg.compound:C15814,none,1
kegg.compound:C00134,Putrescine,C00134,14972,MNXM118,KIDHWZJUCRJVML-UHFFFAOYSA-P,putrescine,C4H14N2,C | H | N,contains_N,metabolism | transport | metabolomics,kegg.compound:C00134,none,1
kegg.compound:C05726,S-Substituted L-cysteine,C05726,,MNXM726963,,s-substituted l-cysteine,C3H6NO2S*,C | H | N | O | S,contains_N,metabolism,kegg.compound:C05726,none,1
kegg.compound:C00054,"Adenosine 3^,5^-bisphosphate",C00054,13735,MNXM1103458,WHTCPDAXWFLDIH-KQYNXXCUSA-J,"adenosine 3^,5^-bisphosphate",C10H11N5O10P2,C | H | N | O | P,contains_N,metabolism | transport,kegg.compound:C00054,none,1
kegg.compound:C00183,L-Valine,C00183,13186,MNXM199,KZSNJWFQEVHDMF-BYPYZUCNSA-N,l-valine,C5H11NO2,C | H | N | O,contains_N,metabolism | transport | metabolomics,kegg.compound:C00183,none,1
kegg.compound:C00239,dCMP,C00239,10493,MNXM266,NCMVOABPESMRCP-SHYZEUOFSA-L,dcmp,C9H12N3O7P,C | H | N | O | P,contains_N,metabolism,kegg.compound:C00239,none,1
kegg.compound:C00360,dAMP,C00360,10490,MNXM432,KHWCHTKSEGGWEX-RRKCRQDMSA-L,damp,C10H12N5O6P,C | H | N | O | P,contains_N,metabolism,kegg.compound:C00360,none,1
kegg.compound:C00680,"meso-2,6-Diaminoheptanedioate",C00680,10598,MNXM529,GMKMEZVLHJARHF-SYDPRGILSA-N,"meso-2,6-diaminoheptanedioate",C7H14N2O4,C | H | N | O,contains_N,metabolism,kegg.compound:C00680,none,1
kegg.compound:C03402,L-Asparaginyl-tRNA(Asn),C03402,,MNXM741176,,l-asparaginyl-trna(asn),C19H31N2O18P2*3,C | H | N | O | P,contains_N,metabolism,kegg.compound:C03402,none,1
kegg.compound:C02282,Glutaminyl-tRNA,C02282,,MNXM741204,,glutaminyl-trna,C25H37N7O18P2*2,C | H | N | O | P,contains_N,metabolism,kegg.compound:C02282,none,1
kegg.compound:C00194,Cobamide coenzyme,C00194,13739,MNXM1104551,ZIHHMGTYZOSFRC-OUCXYWSSSA-L,cobamide coenzyme,C72H100CoN18O17P,C | Co | H | N | O | P,contains_N,metabolism,kegg.compound:C00194,none,1
kegg.compound:C15973,Enzyme N6-(dihydrolipoyl)lysine,C15973,,MNXM731216,,enzyme n6-(dihydrolipoyl)lysine,C8H16NOS2*,C | H | N | O | S,contains_N,metabolism,kegg.compound:C15973,none,1
kegg.compound:C00526,Deoxyuridine,C00526,11398,MNXM492,MXHRCPNRJAMMIM-SHYZEUOFSA-N,deoxyuridine,C9H12N2O5,C | H | N | O,contains_N,metabolism | transport,kegg.compound:C00526,none,1
kegg.compound:C02463,Precorrin 2,C02463,14870,MNXM1372006,OQIIYZQTTMKFAU-ZNLOQLQNSA-G,precorrin 2,C42H41N4O16,C | H | N | O,contains_N,metabolism,kegg.compound:C02463,none,1
kegg.compound:C03373,Aminoimidazole ribotide,C03373,12101,MNXM1105983,PDACUKOKVHBVHJ-XVFCMESISA-M,aminoimidazole ribotide,C8H13N3O7P,C | H | N | O | P,contains_N,metabolism,kegg.compound:C03373,none,1
kegg.compound:C03506,Indoleglycerol phosphate,C03506,11201,MNXM730763,NQEQTYPJSIEPHW-MNOVXSKESA-L,indoleglycerol phosphate,C11H12NO6P,C | H | N | O | P,contains_N,metabolism,kegg.compound:C03506,none,1
kegg.compound:C06506,"Adenosyl cobyrinate a,c diamide",C06506,2482,MNXM735498,OCNLJCZKGHKJGF-NQYRMHKHSA-H,"adenosyl cobyrinate a,c diamide",C55H68CoN11O15,C | Co | H | N | O,contains_N,metabolism,kegg.compound:C06506,none,1
kegg.compound:C01563,Carbamate,C01563,13941,MNXM742,KXDHJXZQYSOELW-UHFFFAOYSA-M,carbamate,CH2NO2,C | H | N | O,contains_N,metabolism,kegg.compound:C01563,none,1
kegg.compound:C17324,tRNA adenine,C17324,,MNXM740275,,trna adenine,C20H30N5O19P3*2,C | H | N | O | P,contains_N,metabolism,kegg.compound:C17324,none,1
kegg.compound:C00052,UDP-alpha-D-galactose,C00052,13487,MNXM1104754,HSCJRCZFDFQWRP-ABVWGUQPSA-L,udp-alpha-d-galactose,C15H22N2O17P2,C | H | N | O | P,contains_N,metabolism | transport,kegg.compound:C00052,none,1
kegg.compound:C04652,"UDP-2,3-bis(3-hydroxytetradecanoyl)glucosamine",C04652,13447,MNXM722355,KOJCFMYSTWNMQW-RUAJDYCTSA-L,"udp-2,3-bis(3-hydroxytetradecanoyl)glucosamine",C43H75N3O20P2,C | H | N | O | P,contains_N,metabolism,kegg.compound:C04652,none,1
kegg.compound:C17322,tRNA containing 2-thiouridine,C17322,81006,MNXM1104809,,trna containing 2-thiouridine,C19H29N2O20P3S*2,C | H | N | O | P | S,contains_N,metabolism,kegg.compound:C17322,none,1
kegg.compound:C00135,L-Histidine,C00135,13117,MNXM1107769,HNDVDQJCIGZPNO-YFKPBYRVSA-N,l-histidine,C6H9N3O2,C | H | N | O,contains_N,metabolism | transport | metabolomics,kegg.compound:C00135,none,1
kegg.compound:C03451,(R)-S-Lactoylglutathione,C03451,11014,MNXM1093274,VDYDCVUWILIYQF-CSMHCCOUSA-M,(r)-s-lactoylglutathione,C13H20N3O8S,C | H | N | O | S,contains_N,metabolism,kegg.compound:C03451,none,1
kegg.compound:C00954,Indole-3-acetate,C00954,14447,MNXM383,SEOVTRFCIGRIMH-UHFFFAOYSA-M,indole-3-acetate,C10H8NO2,C | H | N | O,contains_N,metabolism | transport | metabolomics,kegg.compound:C00954,none,1
kegg.compound:C02739,1-(5-Phospho-D-ribosyl)-ATP,C02739,73183,MNXM1371119,RKNHJBVBFHDXGR-KEOHHSTQSA-H,1-(5-phospho-d-ribosyl)-atp,C15H19N5O20P4,C | H | N | O | P,contains_N,metabolism,kegg.compound:C02739,none,1
kegg.compound:C00407,L-Isoleucine,C00407,13127,MNXM728337,AGPKZVBTJJNPAG-WHFBIAKZSA-N,l-isoleucine,C6H13NO2,C | H | N | O,contains_N,metabolism | transport | metabolomics,kegg.compound:C00407,none,1
kegg.compound:C02743,[Protein]-L-cysteine,C02743,25917,MNXM73306,,[protein]-l-cysteine,C4H6N2O2S*2,C | H | N | O | S,contains_N,metabolism,kegg.compound:C02743,none,1
kegg.compound:C21440,[Protein]-S-sulfanyl-L-cysteine,C21440,,MNXM163257,,[protein]-s-sulfanyl-l-cysteine,C4H6N2O2S2*2,C | H | N | O | S,contains_N,metabolism,kegg.compound:C21440,none,1
kegg.compound:C00123,L-Leucine,C00123,10866,MNXM1106761,ROHFNLRQFUQHCH-YFKPBYRVSA-N,l-leucine,C6H13NO2,C | H | N | O,contains_N,metabolism | transport | metabolomics,kegg.compound:C00123,none,1
kegg.compound:C00179,Agmatine,C00179,13747,MNXM328,QYPPJABKJHAVHS-UHFFFAOYSA-P,agmatine,C5H16N4,C | H | N,contains_N,metabolism | transport,kegg.compound:C00179,none,1
kegg.compound:C00214,Thymidine,C00214,15244,MNXM420,IQFYYKKMVGJFEH-XLPZGREQSA-N,thymidine,C10H14N2O5,C | H | N | O,contains_N,metabolism | transport | metabolomics,kegg.compound:C00214,none,1
kegg.compound:C04302,N-(5-Phospho-D-ribosyl)anthranilate,C04302,12431,MNXM1489,PMFMJXPRNJUYMB-GWOFURMSSA-K,n-(5-phospho-d-ribosyl)anthranilate,C12H13NO9P,C | H | N | O | P,contains_N,metabolism,kegg.compound:C04302,none,1
kegg.compound:C04494,Guanosine 3^-diphosphate 5^-triphosphate,C04494,142410,MNXM1561,KCPMACXZAITQAX-UUOKFMHZSA-H,guanosine 3^-diphosphate 5^-triphosphate,C10H12N5O20P5,C | H | N | O | P,contains_N,metabolism,kegg.compound:C04494,none,1
kegg.compound:C16618,6-Thioxanthine 5^-monophosphate,C16618,80612,MNXM6955,WMRIOGFRJLQENF-UUOKFMHZSA-N,6-thioxanthine 5^-monophosphate,C10H13N4O8PS,C | H | N | O | P | S,contains_N,metabolism,kegg.compound:C16618,none,1
kegg.compound:C00061,FMN,C00061,13317,MNXM1364147,FVTCRASFADXXNN-SCRDCRAPSA-N,fmn,C17H21N4O9P,C | H | N | O | P,contains_N,metabolism | transport | metabolomics,kegg.compound:C00061,none,1
kegg.compound:C03838,5^-Phosphoribosylglycinamide,C03838,12623,MNXM1104522,OBQMLSFOUZUIOB-SHUUEZRQSA-M,5^-phosphoribosylglycinamide,C7H14N2O8P,C | H | N | O | P,contains_N,metabolism,kegg.compound:C03838,none,1
kegg.compound:C02972,Dihydrolipoylprotein,C02972,,MNXM731215,,dihydrolipoylprotein,C8H16NOS2*,C | H | N | O | S,contains_N,metabolism,kegg.compound:C02972,none,1
kegg.compound:C01345,dITP,C01345,10499,MNXM728062,UFJPAQSLHAGEBL-RRKCRQDMSA-J,ditp,C10H11N4O13P3,C | H | N | O | P,contains_N,metabolism,kegg.compound:C01345,none,1
kegg.compound:C00337,(S)-Dihydroorotate,C00337,11063,MNXM252,UFIVEPVSAGBUSI-REOHCLBHSA-M,(s)-dihydroorotate,C5H5N2O4,C | H | N | O,contains_N,metabolism,kegg.compound:C00337,none,1
kegg.compound:C00857,Deamino-NAD+,C00857,14103,MNXM1103300,SENPVEZBRZQVST-HISDBWNOSA-L,deamino-nad+,C21H24N6O15P2,C | H | N | O | P,contains_N,metabolism,kegg.compound:C00857,none,1
kegg.compound:C05689,Se-Methyl-L-selenocysteine,C05689,22076,MNXM2429,XDSSPSLGNGIIHP-VKHMYHEASA-N,se-methyl-l-selenocysteine,C4H9NO2Se,C | H | N | O | Se,contains_N,metabolism,kegg.compound:C05689,none,1
kegg.compound:C03082,4-Phospho-L-aspartate,C03082,12042,MNXM1177,IXZNKTPIYKDIGG-REOHCLBHSA-L,4-phospho-l-aspartate,C4H6NO7P,C | H | N | O | P,contains_N,metabolism,kegg.compound:C03082,none,1
kegg.compound:C00334,4-Aminobutanoate,C00334,11961,MNXM192,BTCSSZJGUNDROE-UHFFFAOYSA-N,4-aminobutanoate,C4H9NO2,C | H | N | O,contains_N,metabolism | transport | metabolomics,kegg.compound:C00334,none,1
kegg.compound:C00378,Thiamine,C00378,15227,MNXM730135,JZRWCGZRTZMZEH-UHFFFAOYSA-N,thiamine,C12H17N4OS,C | H | N | O | S,contains_N,metabolism | transport | metabolomics,kegg.compound:C00378,none,1
kegg.compound:C00575,"3^,5^-Cyclic AMP",C00575,11673,MNXM243,IVOMOUWHDPKRLL-KQYNXXCUSA-M,"3^,5^-cyclic amp",C10H11N5O6P,C | H | N | O | P,contains_N,metabolism | transport,kegg.compound:C00575,none,1
kegg.compound:C01267,3-(Imidazol-4-yl)-2-oxopropyl phosphate,C01267,11736,MNXM1456,YCFFMSOLUMRAMD-UHFFFAOYSA-L,3-(imidazol-4-yl)-2-oxopropyl phosphate,C6H7N2O5P,C | H | N | O | P,contains_N,metabolism,kegg.compound:C01267,none,1
kegg.compound:C00255,Riboflavin,C00255,15044,MNXM270,AUNGANRZJHBGPY-SCRDCRAPSA-M,riboflavin,C17H19N4O6,C | H | N | O,contains_N,metabolism | transport | metabolomics,kegg.compound:C00255,none,1
kegg.compound:C00262,Hypoxanthine,C00262,14431,MNXM732487,FDGQSTZJBFJUBT-UHFFFAOYSA-N,hypoxanthine,C5H4N4O,C | H | N | O,contains_N,metabolism | transport,kegg.compound:C00262,none,1
kegg.compound:C00330,Deoxyguanosine,C00330,14116,MNXM647,YKBGVTZYEHREMT-KVQBGUIXSA-N,deoxyguanosine,C10H13N5O4,C | H | N | O,contains_N,metabolism | transport,kegg.compound:C00330,none,1
kegg.compound:C00385,Xanthine,C00385,10059,MNXM174,LRFVTYWOQMYALW-UHFFFAOYSA-N,xanthine,C5H4N4O2,C | H | N | O,contains_N,metabolism | transport | metabolomics,kegg.compound:C00385,none,1
kegg.compound:C00438,N-Carbamoyl-L-aspartate,C00438,12496,MNXM465,HLKXYZVTANABHZ-REOHCLBHSA-L,n-carbamoyl-l-aspartate,C5H6N2O5,C | H | N | O,contains_N,metabolism | transport,kegg.compound:C00438,none,1
kegg.compound:C00881,Deoxycytidine,C00881,15698,MNXM704,CKTSBUTUHBMZGZ-SHYZEUOFSA-N,deoxycytidine,C9H13N3O4,C | H | N | O,contains_N,metabolism,kegg.compound:C00881,none,1
kegg.compound:C02291,L-Cystathionine,C02291,13093,MNXM319,ILRYLPWNYFXEMH-WHFBIAKZSA-N,l-cystathionine,C7H14N2O4S,C | H | N | O | S,contains_N,metabolism,kegg.compound:C02291,none,1
kegg.compound:C05699,L-Selenocystathionine,C05699,21384,MNXM731932,ZNWYDQPOUQRDLY-WHFBIAKZSA-N,l-selenocystathionine,C7H14N2O4Se,C | H | N | O | Se,contains_N,metabolism,kegg.compound:C05699,none,1
kegg.compound:C02097,dTDP-galactose,C02097,14086,MNXM1105950,YSYKRGRSMLTJNL-OAOVJFGZSA-N,dtdp-galactose,C16H26N2O16P2,C | H | N | O | P,contains_N,metabolism,kegg.compound:C02097,none,1
kegg.compound:C00170,5^-Methylthioadenosine,C00170,12055,MNXM1101977,WUUGFSXJNOTRMR-IOSLPCCCSA-N,5^-methylthioadenosine,C11H15N5O3S,C | H | N | O | S,contains_N,metabolism | transport | metabolomics,kegg.compound:C00170,none,1
kegg.compound:C06055,O-Phospho-4-hydroxy-L-threonine,C06055,11945,MNXM759,FKHAKIJOKDGEII-GBXIJSLDSA-L,o-phospho-4-hydroxy-l-threonine,C4H8NO7P,C | H | N | O | P,contains_N,metabolism,kegg.compound:C06055,none,1
kegg.compound:C00077,L-Ornithine,C00077,13148,MNXM741175,AHLPHDHHMVZTML-BYPYZUCNSA-O,l-ornithine,C5H13N2O2,C | H | N | O,contains_N,metabolism | transport | metabolomics,kegg.compound:C00077,none,1
kegg.compound:C03287,L-Glutamyl 5-phosphate,C03287,13108,MNXM1280,PJRXVIJAERNUIP-VKHMYHEASA-L,l-glutamyl 5-phosphate,C5H8NO7P,C | H | N | O | P,contains_N,metabolism,kegg.compound:C03287,none,1
kegg.compound:C00440,5-Methyltetrahydrofolate,C00440,136009,MNXM1363963,ZNOVTXRBGFNYRX-STQMWFEESA-L,5-methyltetrahydrofolate,C20H23N7O6,C | H | N | O,contains_N,metabolism,kegg.compound:C00440,none,1
kegg.compound:C00133,D-Alanine,C00133,10840,MNXM1105731,QNAYBMKLOCPYGJ-UWTATZPHSA-N,d-alanine,C3H7NO2,C | H | N | O,contains_N,metabolism | transport | metabolomics,kegg.compound:C00133,none,1
kegg.compound:C00167,UDP-glucuronate,C00167,13489,MNXM1104890,HDYANYHVCAPMJV-LXQIFKJMSA-K,udp-glucuronate,C15H19N2O18P2,C | H | N | O | P,contains_N,metabolism | transport,kegg.compound:C00167,none,1
kegg.compound:C00387,Guanosine,C00387,14375,MNXM1103400,NYHBQMYGNKIUIF-UUOKFMHZSA-N,guanosine,C10H13N5O5,C | H | N | O,contains_N,metabolism | transport | metabolomics,kegg.compound:C00387,none,1
kegg.compound:C00882,Dephospho-CoA,C00882,11793,MNXM1104543,KDTSHFARGAKYJN-IBOSZNHHSA-L,dephospho-coa,C21H33N7O13P2S,C | H | N | O | P | S,contains_N,metabolism | transport,kegg.compound:C00882,none,1
kegg.compound:C01304,"2,5-Diamino-6-(5-phospho-D-ribosylamino)pyrimidin-4(3H)-one",C01304,11446,MNXM1103734,OCLCLRXKNJCOJD-UMMCILCDSA-L,"2,5-diamino-6-(5-phospho-d-ribosylamino)pyrimidin-4(3h)-one",C9H14N5O8P,C | H | N | O | P,contains_N,metabolism,kegg.compound:C01304,none,1
kegg.compound:C00269,CDP-diacylglycerol,C00269,,MNXM1104246,,cdp-diacylglycerol,C14H19N3O15P2*2,C | H | N | O | P,contains_N,metabolism,kegg.compound:C00269,none,1
kegg.compound:C02051,Lipoylprotein,C02051,,MNXM741249,,lipoylprotein,C8H14NOS2*,C | H | N | O | S,contains_N,metabolism,kegg.compound:C02051,none,1
kegg.compound:C00217,D-Glutamate,C00217,12979,MNXM331,WHUUTDBJXJRKMK-GSVOUGTGSA-M,d-glutamate,C5H8NO4,C | H | N | O,contains_N,metabolism | transport | metabolomics,kegg.compound:C00217,none,1
kegg.compound:C00624,N-Acetyl-L-glutamate,C00624,12575,MNXM1370620,RFMMMVDNIPUKGG-YFKPBYRVSA-L,n-acetyl-l-glutamate,C7H9NO5,C | H | N | O,contains_N,metabolism | transport | metabolomics,kegg.compound:C00624,none,1
kegg.compound:C01024,Hydroxymethylbilane,C01024,14423,MNXM547,WDFJYRZCZIUBPR-UHFFFAOYSA-F,hydroxymethylbilane,C40H38N4O17,C | H | N | O,contains_N,metabolism,kegg.compound:C01024,none,1
kegg.compound:C02430,L-Methionyl-tRNA,C02430,,MNXM741321,,l-methionyl-trna,C25H38N6O17P2S*2,C | H | N | O | P | S,contains_N,metabolism,kegg.compound:C02430,none,1
kegg.compound:C03263,Coproporphyrinogen III,C03263,14020,MNXM735625,NIUVHXTXUXOFEB-UHFFFAOYSA-J,coproporphyrinogen iii,C36H40N4O8,C | H | N | O,contains_N,metabolism,kegg.compound:C03263,none,1
kegg.compound:C04732,5-Amino-6-(1-D-ribitylamino)uracil,C04732,11929,MNXM1371813,XKQZIXVJVUPORE-RPDRRWSUSA-N,5-amino-6-(1-d-ribitylamino)uracil,C9H16N4O6,C | H | N | O,contains_N,metabolism,kegg.compound:C04732,none,1
kegg.compound:C01228,"Guanosine 3^,5^-bis(diphosphate)",C01228,14376,MNXM1189,BUFLLCUFNHESEH-UUOKFMHZSA-I,"guanosine 3^,5^-bis(diphosphate)",C10H12N5O17P4,C | H | N | O | P,contains_N,metabolism,kegg.compound:C01228,none,1
kegg.compound:C01762,Xanthosine,C01762,10066,MNXM1103769,UBORTCNDUKBEOP-UUOKFMHZSA-N,xanthosine,C10H12N4O6,C | H | N | O,contains_N,metabolism | transport | metabolomics,kegg.compound:C01762,none,1
kegg.compound:C00127,Glutathione disulfide,C00127,14328,MNXM1371191,YPZRWBKMTBYPTK-BJDJZHNGSA-L,glutathione disulfide,C20H30N6O12S2,C | H | N | O | S,contains_N,metabolism | transport | metabolomics,kegg.compound:C00127,none,1
kegg.compound:C00415,Dihydrofolate,C00415,12245,MNXM281,OZRNSSUDZOLUSN-LBPRGKRZSA-L,dihydrofolate,C19H19N7O6,C | H | N | O,contains_N,metabolism,kegg.compound:C00415,none,1
kegg.compound:C04751,1-(5-Phospho-D-ribosyl)-5-amino-4-imidazolecarboxylate,C04751,12103,MNXM737371,XFVULMDJZXYMSG-ZIYNGMLESA-L,1-(5-phospho-d-ribosyl)-5-amino-4-imidazolecarboxylate,C9H12N3O9P,C | H | N | O | P,contains_N,metabolism,kegg.compound:C04751,none,1
kegg.compound:C04823,1-(5^-Phosphoribosyl)-5-amino-4-(N-succinocarboxamide)-imidazole,C04823,11028,MNXM1104647,NAQGHJTUZRHGAC-ZZZDFHIKSA-J,1-(5^-phosphoribosyl)-5-amino-4-(n-succinocarboxamide)-imidazole,C13H15N4O12P,C | H | N | O | P,contains_N,metabolism,kegg.compound:C04823,none,1
kegg.compound:C05698,Selenohomocysteine,C05698,26636,MNXM733066,RCWCGLALNCIQNM-VKHMYHEASA-N,selenohomocysteine,C4H9NO2Se,C | H | N | O | Se,contains_N,metabolism,kegg.compound:C05698,none,1
kegg.compound:C00088,Nitrite,C00088,14658,MNXM107,IOVCWXUNBOPUCH-UHFFFAOYSA-M,nitrite,NO2,N | O,contains_N,metabolism | transport,kegg.compound:C00088,none,1
kegg.compound:C00666,"LL-2,6-Diaminoheptanedioate",C00666,13192,MNXM644,GMKMEZVLHJARHF-WHFBIAKZSA-N,"ll-2,6-diaminoheptanedioate",C7H14N2O4,C | H | N | O,contains_N,metabolism,kegg.compound:C00666,none,1
kegg.compound:C02713,N-Acetylmuramate,C02713,21615,MNXM732758,MNLRQHMNZILYPY-MKFCKLDKSA-M,n-acetylmuramate,C11H18NO8,C | H | N | O,contains_N,metabolism | metabolomics,kegg.compound:C02713,none,1
kegg.compound:C04807,"6-Hydroxymethyl-7,8-dihydropterin diphosphate",C04807,1011,MNXM727068,FCQGJGLSOWZZON-UHFFFAOYSA-K,"6-hydroxymethyl-7,8-dihydropterin diphosphate",C7H8N5O8P2,C | H | N | O | P,contains_N,metabolism,kegg.compound:C04807,none,1
kegg.compound:C05686,Adenylyl selenate,C05686,140726,MNXM1103323,XCADVMZZFPIERR-KQYNXXCUSA-N,adenylyl selenate,C10H14N5O10PSe,C | H | N | O | P | Se,contains_N,metabolism,kegg.compound:C05686,none,1
kegg.compound:C00627,Pyridoxine phosphate,C00627,26430,MNXM454,WHOMFKWHIQZTHY-UHFFFAOYSA-L,pyridoxine phosphate,C8H10NO6P,C | H | N | O | P,contains_N,metabolism,kegg.compound:C00627,none,1
kegg.compound:C01641,tRNA(Glu),C01641,10680,MNXM90886,,trna(glu),C28H34N11O21P3*,C | H | N | O | P,contains_N,metabolism,kegg.compound:C01641,none,1
kegg.compound:C02987,L-Glutamyl-tRNA(Glu),C02987,,MNXM731035,,l-glutamyl-trna(glu),C25H36N6O19P2*2,C | H | N | O | P,contains_N,metabolism,kegg.compound:C02987,none,1
kegg.compound:C16619,6-Thioguanosine monophosphate,C16619,80613,MNXM5574,BPZXYEUJBFHASJ-UUOKFMHZSA-N,6-thioguanosine monophosphate,C10H14N5O7PS,C | H | N | O | P | S,contains_N,metabolism,kegg.compound:C16619,none,1
kegg.compound:C17323,tRNA containing 5-carboxymethylaminomethyl-2-thiouridine,C17323,81007,MNXM740280,,trna containing 5-carboxymethylaminomethyl-2-thiouridine,C22H34N3O22P3S*2,C | H | N | O | P | S,contains_N,metabolism,kegg.compound:C17323,none,1
kegg.compound:C00295,Orotate,C00295,14698,MNXM235,PXQPEWDEAKTCGB-UHFFFAOYSA-M,orotate,C5H3N2O4,C | H | N | O,contains_N,metabolism | transport | metabolomics,kegg.compound:C00295,none,1
kegg.compound:C00327,L-Citrulline,C00327,13092,MNXM732471,RHGKLRLOHDJJDR-BYPYZUCNSA-N,l-citrulline,C6H13N3O3,C | H | N | O,contains_N,metabolism | transport | metabolomics,kegg.compound:C00327,none,1
kegg.compound:C20258,"(2S,4S)-4-Hydroxy-2,3,4,5-tetrahydrodipicolinate",C20258,67139,MNXM1137652,DVTPRYHENFBCII-IMJSIDKUSA-L,"(2s,4s)-4-hydroxy-2,3,4,5-tetrahydrodipicolinate",C7H7NO5,C | H | N | O,contains_N,metabolism,kegg.compound:C20258,none,1
kegg.compound:C00245,Taurine,C00245,15195,MNXM282,XOAAWQZATWQOTB-UHFFFAOYSA-N,taurine,C2H7NO3S,C | H | N | O | S,contains_N,metabolism | transport | metabolomics,kegg.compound:C00245,none,1
kegg.compound:C00430,5-Aminolevulinate,C00430,12109,MNXM405,ZGXJTSGNIOSYLO-UHFFFAOYSA-N,5-aminolevulinate,C5H9NO3,C | H | N | O,contains_N,metabolism | transport,kegg.compound:C00430,none,1
kegg.compound:C01050,UDP-N-acetylmuramate,C01050,13458,MNXM1107410,NQBRVZNDBBMBLJ-MQTLHLSBSA-K,udp-n-acetylmuramate,C20H28N3O19P2,C | H | N | O | P,contains_N,metabolism,kegg.compound:C01050,none,1
kegg.compound:C01102,O-Phospho-L-homoserine,C01102,12693,MNXM1334,FXDNYOANAXWZHG-VKHMYHEASA-L,o-phospho-l-homoserine,C4H8NO6P,C | H | N | O | P,contains_N,metabolism,kegg.compound:C01102,id,2
kegg.compound:C00380,Cytosine,C00380,14066,MNXM761,OPTASPLRGRRNAP-UHFFFAOYSA-N,cytosine,C4H5N3O,C | H | N | O,contains_N,metabolism | transport | metabolomics,kegg.compound:C00380,none,1
kegg.compound:C00826,L-Arogenate,C00826,13081,MNXM696,MIEILDYWGANZNH-DSQUFTABSA-M,l-arogenate,C10H12NO5,C | H | N | O,contains_N,metabolism,kegg.compound:C00826,none,1
kegg.compound:C03741,(S)-4-Amino-5-oxopentanoate,C03741,11022,MNXM1453,MPUUQNGXJSEWTF-BYPYZUCNSA-N,(s)-4-amino-5-oxopentanoate,C5H9NO3,C | H | N | O,contains_N,metabolism,kegg.compound:C03741,none,1
kegg.compound:C11436,2-Phospho-4-(cytidine 5^-diphospho)-2-C-methyl-D-erythritol,C11436,11649,MNXM1641,HTJXTKBIUVFUAR-XHIBXCGHSA-J,2-phospho-4-(cytidine 5^-diphospho)-2-c-methyl-d-erythritol,C14H22N3O17P3,C | H | N | O | P,contains_N,metabolism,kegg.compound:C11436,none,1
kegg.compound:C00931,Porphobilinogen,C00931,14867,MNXM554,QSHWIQZFGQKFMA-UHFFFAOYSA-M,porphobilinogen,C10H13N2O4,C | H | N | O,contains_N,metabolism,kegg.compound:C00931,none,1
kegg.compound:C01103,Orotidine 5^-phosphate,C01103,14699,MNXM1103557,KYOBSHFOBAOFBF-XVFCMESISA-K,orotidine 5^-phosphate,C10H10N2O11P,C | H | N | O | P,contains_N,metabolism,kegg.compound:C01103,none,1
kegg.compound:C01250,N-Acetyl-L-glutamate 5-semialdehyde,C01250,11493,MNXM1062,BCPSFKBPHHBDAI-LURJTMIESA-M,n-acetyl-l-glutamate 5-semialdehyde,C7H10NO4,C | H | N | O,contains_N,metabolism,kegg.compound:C01250,none,1
kegg.compound:C04896,5-(5-Phospho-D-ribosylaminoformimino)-1-(5-phosphoribosyl)-imidazole-4-carboxamide,C04896,11194,MNXM1397,QOUSHGMTBIIAHR-KEOHHSTQSA-J,5-(5-phospho-d-ribosylaminoformimino)-1-(5-phosphoribosyl)-imidazole-4-carboxamide,C15H21N5O15P2,C | H | N | O | P,contains_N,metabolism,kegg.compound:C04896,none,1
kegg.compound:C20641,L-Threonylcarbamoyladenylate,C20641,73682,MNXM145767,GHLUPQUHEIJRCU-DWVDDHQFSA-L,l-threonylcarbamoyladenylate,C15H19N6O11P,C | H | N | O | P,contains_N,metabolism,kegg.compound:C20641,none,1
kegg.compound:C00993,D-Alanyl-D-alanine,C00993,12900,MNXM1364010,DEFJQIDDEAULHB-QWWZWVQMSA-N,d-alanyl-d-alanine,C6H12N2O3,C | H | N | O,contains_N,metabolism,kegg.compound:C00993,none,1
kegg.compound:C04133,N-Acetyl-L-glutamate 5-phosphate,C04133,12441,MNXM1384,FCVIHFVSXHOPSW-YFKPBYRVSA-K,n-acetyl-l-glutamate 5-phosphate,C7H9NO8P,C | H | N | O | P,contains_N,metabolism,kegg.compound:C04133,none,1
kegg.compound:C04332,"6,7-Dimethyl-8-(D-ribityl)lumazine",C04332,12185,MNXM1364402,SXDXRJZUAJBNFL-XKSSXDPKSA-M,"6,7-dimethyl-8-(d-ribityl)lumazine",C13H17N4O6,C | H | N | O,contains_N,metabolism,kegg.compound:C04332,none,1
kegg.compound:C04631,UDP-N-acetyl-3-(1-carboxyvinyl)-D-glucosamine,C04631,13466,MNXM731472,BEGZZYPUNCJHKP-DBYWSUQTSA-K,udp-n-acetyl-3-(1-carboxyvinyl)-d-glucosamine,C20H26N3O19P2,C | H | N | O | P,contains_N,metabolism,kegg.compound:C04631,none,1
kegg.compound:C04738,UDP-3-O-(3-hydroxytetradecanoyl)-N-acetylglucosamine,C04738,61494,MNXM1107761,TZSJGZGYQDNRRX-MPLCHSTDSA-L,udp-3-o-(3-hydroxytetradecanoyl)-n-acetylglucosamine,C31H51N3O19P2,C | H | N | O | P,contains_N,metabolism,kegg.compound:C04738,none,1
kegg.compound:C00363,dTDP,C00363,10500,MNXM152,UJLXYODCHAELLY-XLPZGREQSA-K,dtdp,C10H13N2O11P2,C | H | N | O | P,contains_N,metabolism,kegg.compound:C00363,none,1
kegg.compound:C00692,UDP-N-acetylmuramoyl-L-alanyl-D-glutamate,C00692,13461,MNXM741611,OJZCATPXPWFLHF-HPUCEMLMSA-J,udp-n-acetylmuramoyl-l-alanyl-d-glutamate,C28H39N5O23P2,C | H | N | O | P,contains_N,metabolism,kegg.compound:C00692,none,1
kegg.compound:C01212,UDP-N-acetylmuramoyl-L-alanine,C01212,13459,MNXM732162,NTMMCWJNQNKACG-KBKUWGQMSA-K,udp-n-acetylmuramoyl-l-alanine,C23H33N4O20P2,C | H | N | O | P,contains_N,metabolism,kegg.compound:C01212,none,1
kegg.compound:C00120,Biotin,C00120,13905,MNXM304,YBJHBAHKTGYVGT-ZKWXMUAHSA-M,biotin,C10H15N2O3S,C | H | N | O | S,contains_N,metabolism | transport | metabolomics,kegg.compound:C00120,none,1
kegg.compound:C00463,Indole,C00463,14444,MNXM735090,SIKJAQJRHWYJAI-UHFFFAOYSA-N,indole,C8H7N,C | H | N,contains_N,metabolism | transport,kegg.compound:C00463,none,1
kegg.compound:C03090,5-Phosphoribosylamine,C03090,12161,MNXM1363982,SKCBPEVYGOQGJN-TXICZTDVSA-M,5-phosphoribosylamine,C5H11NO7P,C | H | N | O | P,contains_N,metabolism,kegg.compound:C03090,none,1
kegg.compound:C03492,D-4^-Phosphopantothenate,C03492,10986,MNXM735771,XHFVGHPGDLDEQO-ZETCQYMHSA-K,d-4^-phosphopantothenate,C9H15NO8P,C | H | N | O | P,contains_N,metabolism,kegg.compound:C03492,none,1
kegg.compound:C03794,"N6-(1,2-Dicarboxyethyl)-AMP",C03794,12656,MNXM1103622,OFBHPPMPBOJXRT-VWJPMABRSA-N,"n6-(1,2-dicarboxyethyl)-amp",C14H18N5O11P,C | H | N | O | P,contains_N,metabolism,kegg.compound:C03794,none,1
kegg.compound:C04352,(R)-4^-Phosphopantothenoyl-L-cysteine,C04352,10987,MNXM730898,XQYALQVLCNHCFT-CBAPKCEASA-K,(r)-4^-phosphopantothenoyl-l-cysteine,C12H20N2O9PS,C | H | N | O | P | S,contains_N,metabolism,kegg.compound:C04352,none,1
kegg.compound:C04877,"UDP-N-acetylmuramoyl-L-alanyl-gamma-D-glutamyl-meso-2,6-diaminopimelate",C04877,13460,MNXM1446,QUHLBZKCGUXHGP-BHBBPGSKSA-J,"udp-n-acetylmuramoyl-l-alanyl-gamma-d-glutamyl-meso-2,6-diaminopimelate",C35H51N7O26P2,C | H | N | O | P,contains_N,metabolism,kegg.compound:C04877,none,1
kegg.compound:C00437,N-Acetylornithine,C00437,12634,MNXM817,JRLGPAXAGHMNOL-LURJTMIESA-N,n-acetylornithine,C7H14N2O3,C | H | N | O,contains_N,metabolism,kegg.compound:C00437,none,1
kegg.compound:C00864,Pantothenate,C00864,11008,MNXM1371612,GHOKWGTUZJEAQD-ZETCQYMHSA-M,pantothenate,C9H16NO5,C | H | N | O,contains_N,metabolism | metabolomics,kegg.compound:C00864,none,1
kegg.compound:C00921,Dihydropteroate,C00921,14160,MNXM722728,WBFYVDCHGVNRBH-UHFFFAOYSA-M,dihydropteroate,C14H13N6O3,C | H | N | O,contains_N,metabolism,kegg.compound:C00921,none,1
kegg.compound:C01100,L-Histidinol phosphate,C01100,13119,MNXM1482,CWNDERHTHMWBSI-YFKPBYRVSA-M,l-histidinol phosphate,C6H11N3O4P,C | H | N | O | P,contains_N,metabolism,kegg.compound:C01100,none,1
kegg.compound:C01648,tRNA(Phe),C01648,10687,MNXM90753,,trna(phe),C28H34N11O21P3*,C | H | N | O | P,contains_N,metabolism,kegg.compound:C01648,none,1
kegg.compound:C03406,N-(L-Arginino)succinate,C03406,10960,MNXM722743,KDZOASGQNOPSCU-WDSKDSINSA-N,n-(l-arginino)succinate,C10H18N4O6,C | H | N | O,contains_N,metabolism,kegg.compound:C03406,none,1
kegg.compound:C03511,L-Phenylalanyl-tRNA(Phe),C03511,,MNXM741194,,l-phenylalanyl-trna(phe),C24H34NO17P2*3,C | H | N | O | P,contains_N,metabolism,kegg.compound:C03511,none,1
kegg.compound:C04702,UDPMurNAc(oyl-L-Ala-D-gamma-Glu-L-Lys-D-Ala-D-Ala),C04702,13465,MNXM730303,PFMVORMCVGOQKR-XNCOKRRHSA-K,udpmurnac(oyl-l-ala-d-gamma-glu-l-lys-d-ala-d-ala),C40H62N9O26P2,C | H | N | O | P,contains_N,metabolism,kegg.compound:C04702,none,1
kegg.compound:C04851,MurAc(oyl-L-Ala-D-gamma-Glu-L-Lys-D-Ala-D-Ala)-diphospho-undecaprenol,C04851,,MNXM1371383,SULOOAFLXMQJSF-OGDYFQGPSA-N,murac(oyl-l-ala-d-gamma-glu-l-lys-d-ala-d-ala)-diphospho-undecaprenol,C86H143N7O21P2,C | H | N | O | P,contains_N,metabolism,kegg.compound:C04851,none,1
kegg.compound:C04882,UDP-N-acetylmuramoyl-L-alanyl-D-glutamyl-6-carboxy-L-lysyl-D-alanyl-D-alanine,C04882,13462,MNXM732166,IMWOXEZVYQDRDF-MCZXNMLPSA-J,udp-n-acetylmuramoyl-l-alanyl-d-glutamyl-6-carboxy-l-lysyl-d-alanyl-d-alanine,C41H61N9O28P2,C | H | N | O | P,contains_N,metabolism,kegg.compound:C04882,none,1
kegg.compound:C05897,"Undecaprenyl-diphospho-N-acetylmuramoyl-L-alanyl-D-glutamyl-meso-2,6-diaminopimeloyl-D-alanyl-D-alanine",C05897,,MNXM1371426,PNWZQTONLRRPST-KLDRQJOASA-N,"undecaprenyl-diphospho-n-acetylmuramoyl-l-alanyl-d-glutamyl-meso-2,6-diaminopimeloyl-d-alanyl-d-alanine",C87H143N7O23P2,C | H | N | O | P,contains_N,metabolism,kegg.compound:C05897,none,1
kegg.compound:C06022,UDP-3-O-(3-hydroxytetradecanoyl)-D-glucosamine,C06022,22095,MNXM1364403,ZFPNNOXCEDQJQS-SSVOXRMNSA-M,udp-3-o-(3-hydroxytetradecanoyl)-d-glucosamine,C29H50N3O18P2,C | H | N | O | P,contains_N,metabolism,kegg.compound:C06022,none,1
kegg.compound:C15667,5-Carboxyamino-1-(5-phospho-D-ribosyl)imidazole,C15667,48000,MNXM728322,JHLXDWGVSYMXPL-XVFCMESISA-K,5-carboxyamino-1-(5-phospho-d-ribosyl)imidazole,C9H11N3O9P,C | H | N | O | P,contains_N,metabolism,kegg.compound:C15667,none,1
kegg.compound:C00942,"3^,5^-Cyclic GMP",C00942,11675,MNXM731192,ZOOGRGPOEVQQDX-UUOKFMHZSA-M,"3^,5^-cyclic gmp",C10H11N5O7P,C | H | N | O | P,contains_N,metabolism | transport,kegg.compound:C00942,none,1
kegg.compound:C01642,tRNA(Gly),C01642,10681,MNXM90340,,trna(gly),C28H34N11O21P3*,C | H | N | O | P,contains_N,metabolism,kegg.compound:C01642,none,1
kegg.compound:C02412,Glycyl-tRNA(Gly),C02412,,MNXM741181,,glycyl-trna(gly),C17H28NO17P2*3,C | H | N | O | P,contains_N,metabolism,kegg.compound:C02412,none,1
kegg.compound:C04932,Lipid A disaccharide,C04932,11414,MNXM1370477,HLDJGHAAKRKPAV-QDORLFPLSA-L,lipid a disaccharide,C68H127N2O20P,C | H | N | O | P,contains_N,metabolism,kegg.compound:C04932,none,1
kegg.compound:C11435,4-(Cytidine 5^-diphospho)-2-C-methyl-D-erythritol,C11435,11938,MNXM730948,YFAUKWZNPVBCFF-XHIBXCGHSA-L,4-(cytidine 5^-diphospho)-2-c-methyl-d-erythritol,C14H23N3O14P2,C | H | N | O | P,contains_N,metabolism,kegg.compound:C11435,none,1
kegg.compound:C15809,Iminoglycine,C15809,53647,MNXM1984,TVMUHOAONWHJBV-UHFFFAOYSA-N,iminoglycine,C2H3NO2,C | H | N | O,contains_N,metabolism,kegg.compound:C15809,none,1
kegg.compound:C16675,7-Aminomethyl-7-carbaguanine,C16675,45126,MNXM1104395,MEYMBLGOKYDGLZ-UHFFFAOYSA-O,7-aminomethyl-7-carbaguanine,C7H10N5O,C | H | N | O,contains_N,metabolism,kegg.compound:C16675,none,1
kegg.compound:C00250,Pyridoxal,C00250,131530,MNXM311,RADKZDMFGJYCBB-UHFFFAOYSA-N,pyridoxal,C8H9NO3,C | H | N | O,contains_N,metabolism | transport,kegg.compound:C00250,none,1
kegg.compound:C00314,Pyridoxine,C00314,14981,MNXM419,LXNHXLLTXMVWPM-UHFFFAOYSA-N,pyridoxine,C8H11NO3,C | H | N | O,contains_N,metabolism | transport | metabolomics,kegg.compound:C00314,none,1
kegg.compound:C01037,"7,8-Diaminononanoate",C01037,12242,MNXM1140,KCEGBPIYGIWCDH-JGVFFNPUSA-O,"7,8-diaminononanoate",C9H21N2O2,C | H | N | O,contains_N,metabolism | transport,kegg.compound:C01037,none,1
kegg.compound:C03150,Nicotinamide-beta-riboside,C03150,12527,MNXM1101283,JLEBZPBDRKPWTD-TURQNECASA-O,nicotinamide-beta-riboside,C11H15N2O5,C | H | N | O,contains_N,metabolism | transport | metabolomics,kegg.compound:C03150,none,1
kegg.compound:C04432,tRNA containing 6-isopentenyladenosine,C04432,,MNXM741487,,trna containing 6-isopentenyladenosine,C25H38N5O19P3*2,C | H | N | O | P,contains_N,metabolism,kegg.compound:C04432,none,1
kegg.compound:C04454,5-Amino-6-(5^-phospho-D-ribitylamino)uracil,C04454,12107,MNXM1365374,RQRINYISXYAZKL-RPDRRWSUSA-L,5-amino-6-(5^-phospho-d-ribitylamino)uracil,C9H15N4O9P,C | H | N | O | P,contains_N,metabolism,kegg.compound:C04454,none,1
kegg.compound:C00568,4-Aminobenzoate,C00568,113372,MNXM421,ALYNCZNDIQEVRV-UHFFFAOYSA-M,4-aminobenzoate,C7H6NO2,C | H | N | O,contains_N,metabolism | transport | metabolomics,kegg.compound:C00568,none,1
kegg.compound:C01977,tRNA guanine,C01977,,MNXM735035,,trna guanine,C20H30N5O20P3*2,C | H | N | O | P,contains_N,metabolism,kegg.compound:C01977,none,1
kegg.compound:C04824,Lipid X,C04824,11413,MNXM1371373,HEHQDWUWJVPREQ-XQJZMFRCSA-L,lipid x,C34H64NO12P,C | H | N | O | P,contains_N,metabolism,kegg.compound:C04824,none,1
kegg.compound:C05947,L-erythro-4-Hydroxyglutamate,C05947,11998,MNXM1371442,HBDWQSHEVMSFGY-STHAYSLISA-M,l-erythro-4-hydroxyglutamate,C5H8NO5,C | H | N | O,contains_N,metabolism,kegg.compound:C05947,none,1
kegg.compound:C00491,L-Cystine,C00491,13097,MNXM927,LEVWYRKDKASIDU-IMJSIDKUSA-N,l-cystine,C6H12N2O4S2,C | H | N | O | S,contains_N,metabolism | transport,kegg.compound:C00491,none,1
kegg.compound:C01962,Thiocysteine,C01962,21269,MNXM735173,XBKONSCREBSMCS-REOHCLBHSA-N,thiocysteine,C3H7NO2S2,C | H | N | O | S,contains_N,metabolism,kegg.compound:C01962,none,1
kegg.compound:C02999,N-Acetylmuramoyl-Ala,C02999,,MNXM163857,ICMUIFDBEVJCQA-GQQBCVOHSA-N,n-acetylmuramoyl-ala,C14H24N2O9,C | H | N | O,contains_N,metabolism,kegg.compound:C02999,none,1
kegg.compound:C05841,Nicotinate D-ribonucleoside,C05841,25531,MNXM1102169,PUEDDPCUCPRQNY-ZYUZMQFOSA-N,nicotinate d-ribonucleoside,C11H13NO6,C | H | N | O,contains_N,metabolism,kegg.compound:C05841,none,1
kegg.compound:C00506,L-Cysteate,C00506,13094,MNXM713,XVOYSCVBGLVSOL-REOHCLBHSA-M,l-cysteate,C3H6NO5S,C | H | N | O | S,contains_N,metabolism | transport,kegg.compound:C00506,none,1
kegg.compound:C01302,1-(2-Carboxyphenylamino)-1-deoxy-D-ribulose 5-phosphate,C01302,11186,MNXM1455,QKMBYNRMPRKVTO-MNOVXSKESA-K,1-(2-carboxyphenylamino)-1-deoxy-d-ribulose 5-phosphate,C12H13NO9P,C | H | N | O | P,contains_N,metabolism,kegg.compound:C01302,none,1
kegg.compound:C01645,tRNA(Leu),C01645,10684,MNXM90880,,trna(leu),C28H34N11O21P3*,C | H | N | O | P,contains_N,metabolism,kegg.compound:C01645,none,1
kegg.compound:C02047,L-Leucyl-tRNA,C02047,,MNXM739504,,l-leucyl-trna,C26H40N6O17P2*2,C | H | N | O | P,contains_N,metabolism,kegg.compound:C02047,none,1
kegg.compound:C06509,Adenosyl cobinamide phosphate,C06509,2481,MNXM1104880,MQCMBMUJJHSGIF-QMUWONGRSA-K,adenosyl cobinamide phosphate,C58H83CoN16O14P,C | Co | H | N | O | P,contains_N,metabolism,kegg.compound:C06509,none,1
kegg.compound:C00606,3-Sulfino-L-alanine,C00606,11888,MNXM1364516,ADVPTQAUNPRNPO-REOHCLBHSA-M,3-sulfino-l-alanine,C3H6NO4S,C | H | N | O | S,contains_N,metabolism | transport,kegg.compound:C00606,none,1
kegg.compound:C06507,Adenosyl cobyrinate hexaamide,C06507,2483,MNXM877,AXZSUSWNAXMBBB-NQYRMHKHSA-L,adenosyl cobyrinate hexaamide,C55H76CoN15O11,C | Co | H | N | O,contains_N,metabolism,kegg.compound:C06507,none,1
kegg.compound:C04144,Tetrahydropteroyltri-L-glutamate,C04144,15224,MNXM1103841,RXWVHRYZTWZATH-XSLAGTTESA-J,tetrahydropteroyltri-l-glutamate,C29H33N9O12,C | H | N | O,contains_N,metabolism,kegg.compound:C04144,none,1
kegg.compound:C04489,5-Methyltetrahydropteroyltri-L-glutamate,C04489,12147,MNXM733156,HVRNKDVLFAVCJF-VJANTYMQSA-J,5-methyltetrahydropteroyltri-l-glutamate,C30H35N9O12,C | H | N | O,contains_N,metabolism,kegg.compound:C04489,none,1
kegg.compound:C00114,Choline,C00114,13985,MNXM90,OEYIOHPDSNJKLS-UHFFFAOYSA-N,choline,C5H14NO,C | H | N | O,contains_N,metabolism | transport | metabolomics,kegg.compound:C00114,none,1
kegg.compound:C00700,XTP,C00700,10049,MNXM1102152,CAEFEWVYEZABLA-UUOKFMHZSA-J,xtp,C10H11N4O15P3,C | H | N | O | P,contains_N,metabolism,kegg.compound:C00700,none,1
kegg.compound:C01268,5-Amino-6-(5^-phosphoribosylamino)uracil,C01268,12108,MNXM1368394,LZEXYCAGPMYXLX-UMMCILCDSA-L,5-amino-6-(5^-phosphoribosylamino)uracil,C9H13N4O9P,C | H | N | O | P,contains_N,metabolism,kegg.compound:C01268,none,1
kegg.compound:C06196,2^-Deoxyinosine 5^-phosphate,C06196,19250,MNXM1922,PHNGFPPXDJJADG-RRKCRQDMSA-L,2^-deoxyinosine 5^-phosphate,C10H11N4O7P,C | H | N | O | P,contains_N,metabolism,kegg.compound:C06196,none,1
kegg.compound:C00791,Creatinine,C00791,14029,MNXM728946,DDRJAANPRJIHGJ-UHFFFAOYSA-N,creatinine,C4H7N3O,C | H | N | O,contains_N,metabolism | transport,kegg.compound:C00791,none,1
kegg.compound:C01181,4-Trimethylammoniobutanoate,C01181,12047,MNXM738927,JHPNVNIEXXLNTR-UHFFFAOYSA-N,4-trimethylammoniobutanoate,C7H15NO2,C | H | N | O,contains_N,metabolism | transport,kegg.compound:C01181,none,1
kegg.compound:C04556,4-Amino-2-methyl-5-(phosphooxymethyl)pyrimidine,C04556,11954,MNXM1104391,PKYFHKIYHBRTPI-UHFFFAOYSA-L,4-amino-2-methyl-5-(phosphooxymethyl)pyrimidine,C6H8N3O4P,C | H | N | O | P,contains_N,metabolism,kegg.compound:C04556,none,1
kegg.compound:C20246,"2-[(2R,5Z)-2-Carboxy-4-methylthiazol-5(2H)-ylidene]ethyl phosphate",C20246,134196,MNXM1368923,PQMCQNOVNFNPFJ-HYIMLASBSA-K,"2-[(2r,5z)-2-carboxy-4-methylthiazol-5(2h)-ylidene]ethyl phosphate",C7H7NO6PS,C | H | N | O | P | S,contains_N,metabolism,kegg.compound:C20246,none,1
kegg.compound:C00302,Glutamate,C00302,14321,MNXM741172,WHUUTDBJXJRKMK-UHFFFAOYSA-M,glutamate,C5H8NO4,C | H | N | O,contains_N,metabolism | transport,kegg.compound:C00302,none,1
kegg.compound:C01165,L-Glutamate 5-semialdehyde,C01165,13109,MNXM1093051,KABXUUFDPUOJMW-BYPYZUCNSA-N,l-glutamate 5-semialdehyde,C5H9NO3,C | H | N | O,contains_N,metabolism,kegg.compound:C01165,none,1
kegg.compound:C02356,(S)-2-Aminobutanoate,C02356,18733,MNXM17054,QWCKQJZIFLGMSD-VKHMYHEASA-N,(s)-2-aminobutanoate,C4H9NO2,C | H | N | O,contains_N,metabolism,kegg.compound:C02356,none,1
kegg.compound:C05770,Coproporphyrin III,C05770,131725,MNXM164684,JWFCYWSMNRLXLX-UJJXFSCMSA-J,coproporphyrin iii,C36H34N4O8,C | H | N | O,contains_N,metabolism | transport,kegg.compound:C05770,none,1
kegg.compound:C04646,6-Thioinosine-5^-monophosphate,C04646,145875,MNXM3196,ZKRFOXLVOKTUTA-KQYNXXCUSA-L,6-thioinosine-5^-monophosphate,C10H11N4O7PS,C | H | N | O | P | S,contains_N,metabolism,kegg.compound:C04646,none,1
kegg.compound:C05983,Propionyladenylate,C05983,62371,MNXM1103578,ZGNGGJLVZZHLQM-ZRFIDHNTSA-M,propionyladenylate,C13H17N5O8P,C | H | N | O | P,contains_N,metabolism,kegg.compound:C05983,none,1
kegg.compound:C18239,Precursor Z,C18239,60210,MNXM1103916,CZAKJJUNKNPTTO-AJFJRRQVSA-N,precursor z,C10H14N5O8P,C | H | N | O | P,contains_N,metabolism | transport,kegg.compound:C18239,none,1
kegg.compound:C03912,(S)-1-Pyrroline-5-carboxylate,C03912,11297,MNXM1105060,DWAKNKKXGALPNW-BYPYZUCNSA-M,(s)-1-pyrroline-5-carboxylate,C5H6NO2,C | H | N | O,contains_N,metabolism,kegg.compound:C03912,none,1
kegg.compound:C12214,Aminofructose 6-phosphate,C12214,31203,MNXM5511,KYORZMSTOXVELJ-ARQDHWQXSA-M,aminofructose 6-phosphate,C6H13NO8P,C | H | N | O | P,contains_N,metabolism,kegg.compound:C12214,none,1
kegg.compound:C21284,Fe-coproporphyrin III,C21284,60454,MNXM53152,SXDINBXHOHHTMY-JZIJWOOXSA-H,fe-coproporphyrin iii,C36H32FeN4O8,C | Fe | H | N | O,contains_N,metabolism,kegg.compound:C21284,none,1
kegg.compound:C00268,Dihydrobiopterin,C00268,140754,MNXM730235,ZHQJVZLJDXWFFX-RPDRRWSUSA-N,dihydrobiopterin,C9H13N5O3,C | H | N | O,contains_N,metabolism,kegg.compound:C00268,none,1
kegg.compound:C01672,Cadaverine,C01672,13928,MNXM943,VHRGRCVQAFMJIZ-UHFFFAOYSA-P,cadaverine,C5H16N2,C | H | N,contains_N,metabolism | transport,kegg.compound:C01672,none,1
kegg.compound:C04281,L-1-Pyrroline-3-hydroxy-5-carboxylate,C04281,6151,MNXM1372469,WFOFKRKDDKGRIK-DMTCNVIQSA-M,l-1-pyrroline-3-hydroxy-5-carboxylate,C5H6NO3,C | H | N | O,contains_N,metabolism,kegg.compound:C04281,none,1
kegg.compound:C04752,4-Amino-5-hydroxymethyl-2-methylpyrimidine diphosphate,C04752,11612,MNXM1101289,AGQJQCFEPUVXNK-UHFFFAOYSA-K,4-amino-5-hydroxymethyl-2-methylpyrimidine diphosphate,C6H8N3O7P2,C | H | N | O | P,contains_N,metabolism,kegg.compound:C04752,none,1
kegg.compound:C15522,4a-Hydroxytetrahydrobiopterin,C15522,10740,MNXM31340,KJKIEFUPAPPGBC-XXKOCQOQSA-N,4a-hydroxytetrahydrobiopterin,C9H15N5O4,C | H | N | O,contains_N,metabolism,kegg.compound:C15522,none,1
kegg.compound:C00366,Urate,C00366,17775,MNXM1105965,LEHOTFFKMJEONL-UHFFFAOYSA-N,urate,C5H4N4O3,C | H | N | O,contains_N,metabolism | transport,kegg.compound:C00366,none,1
kegg.compound:C01079,Protoporphyrinogen IX,C01079,14962,MNXM351,UHSGPDMIQQYNAX-UHFFFAOYSA-L,protoporphyrinogen ix,C34H38N4O4,C | H | N | O,contains_N,metabolism,kegg.compound:C01079,none,1
kegg.compound:C01157,Hydroxyproline,C01157,10714,MNXM736064,PMMYEEVYMWASQN-DMTCNVIQSA-N,hydroxyproline,C5H9NO3,C | H | N | O,contains_N,metabolism | transport | metabolomics,kegg.compound:C01157,none,1
kegg.compound:C00860,L-Histidinol,C00860,13118,MNXM1281,ZQISRDCJNBUVMM-YFKPBYRVSA-O,l-histidinol,C6H12N3O,C | H | N | O,contains_N,metabolism,kegg.compound:C00860,none,1
kegg.compound:C01005,O-Phospho-L-serine,C01005,12718,MNXM1094062,BZQFBWGGLXLEPQ-REOHCLBHSA-L,o-phospho-l-serine,C3H6NO6P,C | H | N | O | P,contains_N,metabolism,kegg.compound:C01005,none,1
kegg.compound:C12215,Iminoerythrose 4-phosphate,C12215,,MNXM5412,PXPUXFCEGUOIKX-IUYQGCFVSA-N,iminoerythrose 4-phosphate,C4H10NO6P,C | H | N | O | P,contains_N,metabolism,kegg.compound:C12215,none,1
kegg.compound:C00151,L-Amino acid,C00151,13072,MNXM381,,l-amino acid,C2H4NO2*,C | H | N | O,contains_N,metabolism | transport,kegg.compound:C00151,none,1
kegg.compound:C00248,Lipoamide,C00248,14518,MNXM1024,FCCDDURTIIUXBY-SSDOTTSWSA-N,lipoamide,C8H15NOS2,C | H | N | O | S,contains_N,metabolism | transport,kegg.compound:C00248,none,1
kegg.compound:C00579,Dihydrolipoamide,C00579,14153,MNXM1277,VLYUGYAKYZETRF-SSDOTTSWSA-N,dihydrolipoamide,C8H17NOS2,C | H | N | O | S,contains_N,metabolism,kegg.compound:C00579,none,1
kegg.compound:C02166,Leukotriene C4,C02166,14504,MNXM1371560,GWNVDXQDILPJIG-NXOLIXFESA-L,leukotriene c4,C30H45N3O9S,C | H | N | O | S,contains_N,metabolism | transport,kegg.compound:C02166,none,1
kegg.compound:C15813,Adenylyl-[sulfur-carrier protein],C15813,,MNXM7140,,adenylyl-[sulfur-carrier protein],C14H19N7O9P*,C | H | N | O | P,contains_N,metabolism,kegg.compound:C15813,none,1
kegg.compound:C00104,IDP,C00104,13371,MNXM1104559,JPXZQMKKFWMMGK-KQYNXXCUSA-K,idp,C10H11N4O11P2,C | H | N | O | P,contains_N,metabolism | transport,kegg.compound:C00104,none,1
kegg.compound:C02583,Protein glutamine,C02583,,MNXM6401,,protein glutamine,C6H9N3O3*2,C | H | N | O,contains_N,metabolism,kegg.compound:C02583,none,1
kegg.compound:C03294,N-Formylmethionyl-tRNA,C03294,,MNXM741601,,n-formylmethionyl-trna,C26H38N6O18P2S*2,C | H | N | O | P | S,contains_N,metabolism,kegg.compound:C03294,none,1
kegg.compound:C05898,"Undecaprenyl-diphospho-N-acetylmuramoyl-(N-acetylglucosamine)-L-alanyl-D-glutamyl-meso-2,6-diaminopimeloyl-D-alanyl-D-alanine",C05898,,MNXM1370100,OXJNZXDFVLDLEI-MBCYCBSHSA-N,"undecaprenyl-diphospho-n-acetylmuramoyl-(n-acetylglucosamine)-l-alanyl-d-glutamyl-meso-2,6-diaminopimeloyl-d-alanyl-d-alanine",C95H156N8O28P2,C | H | N | O | P,contains_N,metabolism,kegg.compound:C05898,none,1
kegg.compound:C20858,Protein N5-methyl-L-glutamine,C20858,,MNXM729174,,protein n5-methyl-l-glutamine,C7H11N3O3*2,C | H | N | O,contains_N,metabolism,kegg.compound:C20858,none,1
kegg.compound:C00542,Cystathionine,C00542,14059,MNXM729662,ILRYLPWNYFXEMH-UHFFFAOYSA-N,cystathionine,C7H14N2O4S,C | H | N | O | S,contains_N,metabolism | transport,kegg.compound:C00542,none,1
kegg.compound:C00395,Penicillin,C00395,14742,MNXM96383,,penicillin,C9H10N2O4S*,C | H | N | O | S,contains_N,metabolism | transport,kegg.compound:C00395,none,1
kegg.compound:C00534,Pyridoxamine,C00534,131533,MNXM548,NHZMQXZHNVQTQA-UHFFFAOYSA-O,pyridoxamine,C8H13N2O2,C | H | N | O,contains_N,metabolism | transport,kegg.compound:C00534,none,1
kegg.compound:C05922,Formamidopyrimidine nucleoside triphosphate,C05922,,MNXM1103590,NDXMRXXKCCKQQV-UUOKFMHZSA-N,formamidopyrimidine nucleoside triphosphate,C10H18N5O15P3,C | H | N | O | P,contains_N,metabolism,kegg.compound:C05922,none,1
kegg.compound:C05923,"2,5-Diaminopyrimidine nucleoside triphosphate",C05923,929,MNXM1102965,CRXOALRUOMUPMC-UMMCILCDSA-N,"2,5-diaminopyrimidine nucleoside triphosphate",C9H18N5O14P3,C | H | N | O | P,contains_N,metabolism,kegg.compound:C05923,none,1
kegg.compound:C06148,"2,5-Diamino-6-(5^-triphosphoryl-3^,4^-trihydroxy-2^-oxopentyl)-amino-4-oxopyrimidine",C06148,19367,MNXM4269,ZJYBJXKSWQPKFW-UHFFFAOYSA-N,"2,5-diamino-6-(5^-triphosphoryl-3^,4^-trihydroxy-2^-oxopentyl)-amino-4-oxopyrimidine",C9H18N5O14P3,C | H | N | O | P,contains_N,metabolism,kegg.compound:C06148,none,1
kegg.compound:C05993,Acetyl adenylate,C05993,142453,MNXM1103443,UBPVOHPZRZIJHM-WOUKDFQISA-M,acetyl adenylate,C12H15N5O8P,C | H | N | O | P,contains_N,metabolism,kegg.compound:C05993,none,1
kegg.compound:C20648,Adenine in rRNA,C20648,,MNXM147426,,adenine in rrna,C20H30N5O19P3*2,C | H | N | O | P,contains_N,metabolism,kegg.compound:C20648,none,1
kegg.compound:C00178,Thymine,C00178,15247,MNXM1369302,RWQNBRDOKXIBIV-UHFFFAOYSA-N,thymine,C5H6N2O2,C | H | N | O,contains_N,metabolism | transport,kegg.compound:C00178,none,1
kegg.compound:C01217,"5,6,7,8-Tetrahydromethanopterin",C01217,12076,MNXM1103753,SCBIBGUJSMHIAI-LHIIQLEZSA-K,"5,6,7,8-tetrahydromethanopterin",C30H42N6O16P,C | H | N | O | P,contains_N,metabolism,kegg.compound:C01217,none,1
kegg.compound:C01674,Chitobiose,C01674,28681,MNXM1106005,CDOJPCSDOXYJJF-CBTAGEKQSA-N,chitobiose,C16H28N2O11,C | H | N | O,contains_N,metabolism | transport | metabolomics,kegg.compound:C01674,none,1
kegg.compound:C04377,"5,10-Methylenetetrahydromethanopterin",C04377,12072,MNXM1103747,GBMIGEWJAPFSQI-CAFBYHECSA-K,"5,10-methylenetetrahydromethanopterin",C31H42N6O16P,C | H | N | O | P,contains_N,metabolism,kegg.compound:C04377,none,1
kegg.compound:C06056,4-Hydroxy-L-threonine,C06056,168935,MNXM1802,JBNUARFQOCGDRK-GBXIJSLDSA-N,4-hydroxy-l-threonine,C4H9NO4,C | H | N | O,contains_N,metabolism,kegg.compound:C06056,none,1
kegg.compound:C21751,5-Fluorodeoxyuridine triphosphate,C21751,,MNXM814680,YQOCUTDPKPPQGA-RRKCRQDMSA-N,5-fluorodeoxyuridine triphosphate,C9H14FN2O14P3,C | F | H | N | O | P,contains_N,metabolism,kegg.compound:C21751,none,1
kegg.compound:C00177,Cyanide ion,C00177,14038,MNXM1107738,XFXPMWWXUTWYJX-UHFFFAOYSA-N,cyanide ion,CN,C | N,contains_N,metabolism | transport,kegg.compound:C00177,none,1
kegg.compound:C02741,Phosphoribosyl-AMP,C02741,11195,MNXM729422,RTQMRTSPTLIIHM-KEOHHSTQSA-J,phosphoribosyl-amp,C15H19N5O14P2,C | H | N | O | P,contains_N,metabolism,kegg.compound:C02741,none,1
kegg.compound:C00315,Spermidine,C00315,15095,MNXM124,ATHGHQPFGPMSJY-UHFFFAOYSA-Q,spermidine,C7H22N3,C | H | N,contains_N,metabolism | transport | metabolomics,kegg.compound:C00315,none,1
kegg.compound:C00350,Phosphatidylethanolamine,C00350,12701,MNXM115,,phosphatidylethanolamine,C7H12NO8P*2,C | H | N | O | P,contains_N,metabolism | transport,kegg.compound:C00350,none,1
kegg.compound:C01638,tRNA(Asp),C01638,10675,MNXM90752,,trna(asp),C28H34N11O21P3*,C | H | N | O | P,contains_N,metabolism,kegg.compound:C01638,none,1
kegg.compound:C02984,L-Aspartyl-tRNA(Asp),C02984,,MNXM730166,,l-aspartyl-trna(asp),C19H30NO19P2*3,C | H | N | O | P,contains_N,metabolism,kegg.compound:C02984,none,1
kegg.compound:C19722,[tRNA(Ile2)]-cytidine34,C19722,,MNXM22233,,[trna(ile2)]-cytidine34,C19H30N3O20P3*2,C | H | N | O | P,contains_N,metabolism,kegg.compound:C19722,none,1
kegg.compound:C19723,[tRNA(Ile2)]-lysidine34,C19723,,MNXM732095,,[trna(ile2)]-lysidine34,C25H42N5O21P3*2,C | H | N | O | P,contains_N,metabolism,kegg.compound:C19723,none,1
kegg.compound:C20751,N6-L-Threonylcarbamoyladenine in tRNA,C20751,,MNXM147520,,n6-l-threonylcarbamoyladenine in trna,C25H37N6O23P3*2,C | H | N | O | P,contains_N,metabolism,kegg.compound:C20751,none,1
kegg.compound:C01652,tRNA(Trp),C01652,10691,MNXM90755,,trna(trp),C28H34N11O21P3*,C | H | N | O | P,contains_N,metabolism,kegg.compound:C01652,none,1
kegg.compound:C03512,L-Tryptophanyl-tRNA(Trp),C03512,,MNXM741199,,l-tryptophanyl-trna(trp),C31H39N7O17P2*2,C | H | N | O | P,contains_N,metabolism,kegg.compound:C03512,none,1
kegg.compound:C00886,L-Alanyl-tRNA,C00886,,MNXM741304,,l-alanyl-trna,C18H30NO17P2*3,C | H | N | O | P,contains_N,metabolism,kegg.compound:C00886,none,1
kegg.compound:C01635,tRNA(Ala),C01635,10672,MNXM89576,,trna(ala),C28H34N11O21P3*,C | H | N | O | P,contains_N,metabolism,kegg.compound:C01635,none,1
kegg.compound:C01644,tRNA(Ile),C01644,10683,MNXM90879,,trna(ile),C28H34N11O21P3*,C | H | N | O | P,contains_N,metabolism,kegg.compound:C01644,none,1
kegg.compound:C01929,L-Histidinal,C01929,204218,MNXM735455,VYOIELONWKIZJS-YFKPBYRVSA-O,l-histidinal,C6H10N3O,C | H | N | O,contains_N,metabolism,kegg.compound:C01929,none,1
kegg.compound:C03028,Thiamin triphosphate,C03028,15232,MNXM1341,IWLROWZYZPNOFC-UHFFFAOYSA-K,thiamin triphosphate,C12H16N4O10P3S,C | H | N | O | P | S,contains_N,metabolism,kegg.compound:C03028,none,1
kegg.compound:C03127,L-Isoleucyl-tRNA(Ile),C03127,,MNXM741223,,l-isoleucyl-trna(ile),C26H40N6O17P2*2,C | H | N | O | P,contains_N,metabolism,kegg.compound:C03127,none,1
kegg.compound:C03541,THF-polyglutamate,C03541,,MNXM726657,RXWVHRYZTWZATH-XSLAGTTESA-N,thf-polyglutamate,C29H37N9O12,C | H | N | O,contains_N,metabolism,kegg.compound:C03541,none,1
kegg.compound:C04327,4-Methyl-5-(2-phosphooxyethyl)thiazole,C04327,12023,MNXM960,OCYMERZCMYJQQO-UHFFFAOYSA-L,4-methyl-5-(2-phosphooxyethyl)thiazole,C6H8NO4PS,C | H | N | O | P | S,contains_N,metabolism,kegg.compound:C04327,none,1
kegg.compound:C09332,THF-L-glutamate,C09332,26909,MNXM1104336,ZAOGJXDWOQXFBW-KKUMJFAQSA-N,thf-l-glutamate,C24H30N8O9,C | H | N | O,contains_N,metabolism,kegg.compound:C09332,none,1
kegg.compound:C20247,2-(2-Carboxy-4-methylthiazol-5-yl)ethyl phosphate,C20247,62890,MNXM4961,XWECMAHAKFWYNV-UHFFFAOYSA-K,2-(2-carboxy-4-methylthiazol-5-yl)ethyl phosphate,C7H7NO6PS,C | H | N | O | P | S,contains_N,metabolism,kegg.compound:C20247,none,1
kegg.compound:C00831,Pantetheine,C00831,14734,MNXM727034,ZNXZGRMVNNHPCA-VIFPVBQESA-N,pantetheine,C11H22N2O4S,C | H | N | O | S,contains_N,metabolism,kegg.compound:C00831,none,1
kegg.compound:C01647,tRNA(Met),C01647,10686,MNXM90882,,trna(met),C28H34N11O21P3*,C | H | N | O | P,contains_N,metabolism,kegg.compound:C01647,none,1
kegg.compound:C04079,N-((R)-Pantothenoyl)-L-cysteine,C04079,12439,MNXM3059,QSYCTARXWYLMOF-CBAPKCEASA-M,n-((r)-pantothenoyl)-l-cysteine,C12H21N2O6S,C | H | N | O | S,contains_N,metabolism,kegg.compound:C04079,none,1
kegg.compound:C05336,Selenomethionyl-tRNA(Met),C05336,,MNXM740531,,selenomethionyl-trna(met),C25H38N6O17P2Se*2,C | H | N | O | P | Se,contains_N,metabolism,kegg.compound:C05336,none,1
kegg.compound:C05766,Uroporphyrinogen I,C05766,27256,MNXM726770,QTTNOSKSLATGQB-UHFFFAOYSA-F,uroporphyrinogen i,C40H36N4O16,C | H | N | O,contains_N,metabolism,kegg.compound:C05766,none,1
kegg.compound:C05768,Coproporphyrinogen I,C05768,23385,MNXM1322,WIUGGJKHYQIGNH-UHFFFAOYSA-J,coproporphyrinogen i,C36H40N4O8,C | H | N | O,contains_N,metabolism,kegg.compound:C05768,none,1
kegg.compound:C06481,L-Seryl-tRNA(Sec),C06481,13170,MNXM90476,,l-seryl-trna(sec),C18H28NO18P2*3,C | H | N | O | P,contains_N,metabolism,kegg.compound:C06481,none,1
kegg.compound:C00868,tRNA uridine,C00868,10671,MNXM96319,,trna uridine,C19H29N2O21P3*2,C | H | N | O | P,contains_N,metabolism,kegg.compound:C00868,none,1
kegg.compound:C01344,dIDP,C01344,10498,MNXM2174,BKUSIKGSPSFQAC-RRKCRQDMSA-K,didp,C10H11N4O10P2,C | H | N | O | P,contains_N,metabolism,kegg.compound:C01344,none,1
kegg.compound:C01449,Queuine,C01449,14998,MNXM1104274,WYROLENTHWJFLR-ACLDMZEESA-N,queuine,C12H15N5O3,C | H | N | O,contains_N,metabolism,kegg.compound:C01449,none,1
kegg.compound:C01636,tRNA(Arg),C01636,10673,MNXM90751,,trna(arg),C28H34N11O21P3*,C | H | N | O | P,contains_N,metabolism,kegg.compound:C01636,none,1
kegg.compound:C01639,tRNA(Cys),C01639,10678,MNXM162355,,trna(cys),C28H34N11O21P3*,C | H | N | O | P,contains_N,metabolism,kegg.compound:C01639,none,1
kegg.compound:C01643,tRNA(His),C01643,10682,MNXM90878,,trna(his),C28H34N11O21P3*,C | H | N | O | P,contains_N,metabolism,kegg.compound:C01643,none,1
kegg.compound:C01646,tRNA(Lys),C01646,10685,MNXM90881,,trna(lys),C28H34N11O21P3*,C | H | N | O | P,contains_N,metabolism,kegg.compound:C01646,none,1
kegg.compound:C01649,tRNA(Pro),C01649,10688,MNXM90667,,trna(pro),C28H34N11O21P3*,C | H | N | O | P,contains_N,metabolism,kegg.compound:C01649,none,1
kegg.compound:C01650,tRNA(Ser),C01650,10689,MNXM91028,,trna(ser),C28H34N11O21P3*,C | H | N | O | P,contains_N,metabolism,kegg.compound:C01650,none,1
kegg.compound:C01651,tRNA(Thr),C01651,10690,MNXM90883,,trna(thr),C28H34N11O21P3*,C | H | N | O | P,contains_N,metabolism,kegg.compound:C01651,none,1
kegg.compound:C01653,tRNA(Val),C01653,10694,MNXM90885,,trna(val),C28H34N11O21P3*,C | H | N | O | P,contains_N,metabolism,kegg.compound:C01653,none,1
kegg.compound:C01931,L-Lysyl-tRNA,C01931,,MNXM741243,,l-lysyl-trna,C21H37N2O17P2*3,C | H | N | O | P,contains_N,metabolism,kegg.compound:C01931,none,1
kegg.compound:C01978,tRNA queuine,C01978,,MNXM728023,,trna queuine,C27H40N5O22P3*2,C | H | N | O | P,contains_N,metabolism,kegg.compound:C01978,none,1
kegg.compound:C02163,L-Arginyl-tRNA(Arg),C02163,,MNXM741228,,l-arginyl-trna(arg),C26H41N9O17P2*2,C | H | N | O | P,contains_N,metabolism,kegg.compound:C02163,none,1
kegg.compound:C02553,L-Seryl-tRNA(Ser),C02553,,MNXM741352,,l-seryl-trna(ser),C18H30NO18P2*3,C | H | N | O | P,contains_N,metabolism,kegg.compound:C02553,none,1
kegg.compound:C02554,L-Valyl-tRNA(Val),C02554,,MNXM741265,,l-valyl-trna(val),C25H38N6O17P2*2,C | H | N | O | P,contains_N,metabolism,kegg.compound:C02554,none,1
kegg.compound:C02702,L-Prolyl-tRNA(Pro),C02702,,MNXM732981,,l-prolyl-trna(pro),C20H32NO17P2*3,C | H | N | O | P,contains_N,metabolism,kegg.compound:C02702,none,1
kegg.compound:C02988,L-Histidyl-tRNA(His),C02988,,MNXM741218,,l-histidyl-trna(his),C21H32N3O17P2*3,C | H | N | O | P,contains_N,metabolism,kegg.compound:C02988,none,1
kegg.compound:C02992,L-Threonyl-tRNA(Thr),C02992,,MNXM741233,,l-threonyl-trna(thr),C19H32NO18P2*3,C | H | N | O | P,contains_N,metabolism,kegg.compound:C02992,none,1
kegg.compound:C03125,L-Cysteinyl-tRNA(Cys),C03125,,MNXM729657,,l-cysteinyl-trna(cys),C23H34N6O17P2S*2,C | H | N | O | P | S,contains_N,metabolism,kegg.compound:C03125,none,1
kegg.compound:C05691,Se-Adenosylselenomethionine,C05691,62227,MNXM1104411,GGJFWMOVUFBSIN-AIRLBKTGSA-O,se-adenosylselenomethionine,C15H23N6O5Se,C | H | N | O | Se,contains_N,metabolism,kegg.compound:C05691,none,1
kegg.compound:C05892,UDP-N-acetylmuramoyl-L-alanyl-gamma-D-glutamyl-L-lysine,C05892,13479,MNXM1108472,WXBLSQNZKMJACT-BYEZXYKXSA-K,udp-n-acetylmuramoyl-l-alanyl-gamma-d-glutamyl-l-lysine,C34H52N7O24P2,C | H | N | O | P,contains_N,metabolism,kegg.compound:C05892,none,1
kegg.compound:C05893,Undecaprenyl-diphospho-N-acetylmuramoyl-(N-acetylglucosamine)-L-alanyl-gamma-D-glutamyl-L-lysyl-D-alanyl-D-alanine,C05893,78435,MNXM1368193,ULXTYUPMJXVUHQ-OVTFQNCVSA-K,undecaprenyl-diphospho-n-acetylmuramoyl-(n-acetylglucosamine)-l-alanyl-gamma-d-glutamyl-l-lysyl-d-alanyl-d-alanine,C94H153N8O26P2,C | H | N | O | P,contains_N,metabolism,kegg.compound:C05893,none,1
kegg.compound:C05921,Biotinyl-5^-AMP,C05921,3110,MNXM1104306,UTQCSTJVMLODHM-RHCAYAJFSA-M,biotinyl-5^-amp,C20H27N7O9PS,C | H | N | O | P | S,contains_N,metabolism,kegg.compound:C05921,none,1
kegg.compound:C06249,Apo-[carboxylase],C06249,,MNXM729232,,apo-[carboxylase],C7H13N3O2*2,C | H | N | O,contains_N,metabolism,kegg.compound:C06249,none,1
kegg.compound:C11038,2^-Deoxy-5-hydroxymethylcytidine-5^-diphosphate,C11038,145464,MNXM56896,RQKDPSTWKKMBPM-XLPZGREQSA-K,2^-deoxy-5-hydroxymethylcytidine-5^-diphosphate,C10H14N3O11P2,C | H | N | O | P,contains_N,metabolism,kegg.compound:C11038,none,1
kegg.compound:C11039,2^-Deoxy-5-hydroxymethylcytidine-5^-triphosphate,C11039,836,MNXM92861,DLHNIFPAUZVLLA-XLPZGREQSA-N,2^-deoxy-5-hydroxymethylcytidine-5^-triphosphate,C10H18N3O14P3,C | H | N | O | P,contains_N,metabolism,kegg.compound:C11039,none,1
kegg.compound:C16636,tRNA(Sec),C16636,29264,MNXM96150,,trna(sec),C28H34N11O21P3*,C | H | N | O | P,contains_N,metabolism,kegg.compound:C16636,none,1
kegg.compound:C20446,tRNA 7-aminomethyl-7-carbaguanine,C20446,,MNXM114731,,trna 7-aminomethyl-7-carbaguanine,C22H34N5O20P3*2,C | H | N | O | P,contains_N,metabolism,kegg.compound:C20446,none,1
kegg.compound:C20796,N6-Dimethyladenine in rRNA,C20796,,MNXM149130,,n6-dimethyladenine in rrna,C22H34N5O19P3*2,C | H | N | O | P,contains_N,metabolism,kegg.compound:C20796,none,1
kegg.compound:C21748,5-Fluorouridine diphosphate,C21748,,MNXM814677,FOZCNVFQOJRHFF-UAKXSSHOSA-N,5-fluorouridine diphosphate,C9H13FN2O12P2,C | F | H | N | O | P,contains_N,metabolism,kegg.compound:C21748,none,1
kegg.compound:C21749,5-Fluorouridine triphosphate,C21749,,MNXM814678,AREUQFTVCMGENT-UAKXSSHOSA-N,5-fluorouridine triphosphate,C9H14FN2O15P3,C | F | H | N | O | P,contains_N,metabolism,kegg.compound:C21749,none,1
kegg.compound:C21750,5-Fluorodeoxyuridine diphosphate,C21750,,MNXM814679,HKUJAJKSNVIDLX-RRKCRQDMSA-N,5-fluorodeoxyuridine diphosphate,C9H13FN2O11P2,C | F | H | N | O | P,contains_N,metabolism,kegg.compound:C21750,none,1
kegg.compound:C00189,Ethanolamine,C00189,14223,MNXM218,HZAXFHJVJLSVMW-UHFFFAOYSA-O,ethanolamine,C2H8NO,C | H | N | O,contains_N,metabolism | transport,kegg.compound:C00189,none,1
kegg.compound:C16633,5-Fluorouridine,C16633,40154,MNXM6921,FHIDNBAQOFJWCA-UAKXSSHOSA-N,5-fluorouridine,C9H11FN2O6,C | F | H | N | O,contains_N,metabolism | transport,kegg.compound:C16633,none,1
kegg.compound:C00750,Spermine,C00750,15098,MNXM408,PFNFFQXMRSDOHW-UHFFFAOYSA-R,spermine,C10H30N4,C | H | N,contains_N,metabolism | transport,kegg.compound:C00750,none,1
kegg.compound:C00190,UDP-D-xylose,C00190,13490,MNXM1363954,DQQDLYVHOTZLOR-OCIMBMBZSA-L,udp-d-xylose,C14H20N2O16P2,C | H | N | O | P,contains_N,metabolism | transport,kegg.compound:C00190,none,1
kegg.compound:C00244,Nitrate,C00244,25545,MNXM732399,GRYLNZFGIOXLOG-UHFFFAOYSA-N,nitrate,HNO3,H | N | O,contains_N,metabolism | transport,chebi:14654,name_soft,2
kegg.compound:C00128,CMP-N-acetylneuraminate,C00128,13276,MNXM1103953,TXCIAUNLDRJGJZ-BILDWYJOSA-L,cmp-n-acetylneuraminate,C20H29N4O16P,C | H | N | O | P,contains_N,metabolism | transport,kegg.compound:C00128,none,1
kegg.compound:C00499,Allantoate,C00499,13760,MNXM584,NUCLJNSWZCHRKL-UHFFFAOYSA-M,allantoate,C4H7N4O4,C | H | N | O,contains_N,metabolism | transport,kegg.compound:C00499,none,1
kegg.compound:C00670,sn-Glycero-3-phosphocholine,C00670,10646,MNXM1369256,SUHOQUVVVLNYQR-MRVPVSSYSA-N,sn-glycero-3-phosphocholine,C8H20NO6P,C | H | N | O | P,contains_N,metabolism | transport,kegg.compound:C00670,none,1
kegg.compound:C05557,Isopenicillin N,C05557,14472,MNXM1192,MIFYHUACUWQUKT-GTQWGBSQSA-M,isopenicillin n,C14H20N3O6S,C | H | N | O | S,contains_N,metabolism | transport,kegg.compound:C05557,none,1
kegg.compound:C06564,Penicillin N,C06564,14744,MNXM2027,MIFYHUACUWQUKT-GPUHXXMPSA-M,penicillin n,C14H20N3O6S,C | H | N | O | S,contains_N,metabolism | transport,kegg.compound:C06564,none,1
kegg.compound:C01417,Cyanate,C01417,14037,MNXM727224,XLJMAIOERFSOGZ-UHFFFAOYSA-M,cyanate,CNO,C | N | O,contains_N,metabolism | transport,kegg.compound:C01417,none,1
kegg.compound:C00719,Betaine,C00719,12531,MNXM289,KWIUHFFTVRNATP-UHFFFAOYSA-N,betaine,C5H11NO2,C | H | N | O,contains_N,metabolism | transport | metabolomics,kegg.compound:C00719,none,1
kegg.compound:C00253,Nicotinate,C00253,145116,MNXM274,PVNIIMVLHYAWGP-UHFFFAOYSA-M,nicotinate,C6H4NO2,C | H | N | O,contains_N,metabolism | transport,kegg.compound:C00253,none,1
kegg.compound:C00388,Histamine,C00388,14401,MNXM635,NTYJJOPFIAHURM-UHFFFAOYSA-O,histamine,C5H10N3,C | H | N,contains_N,metabolism | transport,kegg.compound:C00388,none,1
kegg.compound:C07054,Isoniazid,C07054,6030,MNXM4018,QRXWMOHMRWLFEY-UHFFFAOYSA-N,isoniazid,C6H7N3O,C | H | N | O,contains_N,metabolism | transport,kegg.compound:C07054,none,1
kegg.compound:C01026,"N,N-Dimethylglycine",C01026,12426,MNXM464,FFDGPVCHZBVARC-UHFFFAOYSA-N,"n,n-dimethylglycine",C4H9NO2,C | H | N | O,contains_N,metabolism | transport,kegg.compound:C01026,none,1
kegg.compound:C01401,Alanine,C01401,132498,MNXM733981,QNAYBMKLOCPYGJ-UHFFFAOYSA-N,alanine,C3H7NO2,C | H | N | O,contains_N,metabolism | transport,kegg.compound:C01401,none,1
kegg.compound:C03758,Dopamine,C03758,11695,MNXM205,VYFYYTLLBUKUHU-UHFFFAOYSA-O,dopamine,C8H12NO2,C | H | N | O,contains_N,metabolism | transport,kegg.compound:C03758,none,1
kegg.compound:C00780,Serotonin,C00780,1420,MNXM357,QZAYGJVTTNCVMB-UHFFFAOYSA-O,serotonin,C10H13N2O,C | H | N | O,contains_N,metabolism | transport,kegg.compound:C00780,none,1
kegg.compound:C00218,Methylamine,C00218,14595,MNXM255,BAVYZALUXZFZLV-UHFFFAOYSA-O,methylamine,CH6N,C | H | N,contains_N,metabolism | transport,kegg.compound:C00218,none,1
kegg.compound:C00802,Oxalureate,C00802,14706,MNXM1088,UWBHMRBRLOJJAA-UHFFFAOYSA-M,oxalureate,C3H3N2O4,C | H | N | O,contains_N,metabolism | transport,kegg.compound:C00802,none,1
kegg.compound:C11736,5-Fluorodeoxyuridine,C11736,60761,MNXM6122,ODKNJVUHOIMIIZ-RRKCRQDMSA-N,5-fluorodeoxyuridine,C9H11FN2O5,C | F | H | N | O,contains_N,metabolism | transport,kegg.compound:C11736,none,1
kegg.compound:C00504,Folate,C00504,24075,MNXM617,OVBPIULPVIDEAO-LBPRGKRZSA-L,folate,C19H17N7O6,C | H | N | O,contains_N,metabolism | transport | metabolomics,kegg.compound:C00504,none,1
kegg.compound:C00547,L-Noradrenaline,C00547,1,MNXM31869,SFLSHLFXELFNJZ-QMMMGPOBSA-O,l-noradrenaline,C8H12NO3,C | H | N | O,contains_N,metabolism | transport,kegg.compound:C00547,none,1
kegg.compound:C06231,Ectoine,C06231,23898,MNXM1101175,WQXNXVUDBPYKBA-YFKPBYRVSA-N,ectoine,C6H10N2O2,C | H | N | O,contains_N,metabolism | transport | metabolomics,kegg.compound:C06231,none,1
kegg.compound:C07649,5-FU,C07649,2054,MNXM1368741,GHASVSINZRGABV-UHFFFAOYSA-N,5-fu,C4H3FN2O2,C | F | H | N | O,contains_N,metabolism | transport,kegg.compound:C07649,none,1
kegg.compound:C00887,Nitrous oxide,C00887,14661,MNXM738430,GQPLMRYTRLFLPF-UHFFFAOYSA-N,nitrous oxide,N2O,N | O,contains_N,metabolism | transport,kegg.compound:C00887,none,1
kegg.compound:C06021,Co(I) corrinoid protein,C06021,23391,MNXM5691,,co(i) corrinoid protein,C19CoN4*21,C | Co | N,contains_N,metabolism | transport,kegg.compound:C06021,none,1
kegg.compound:C15587,Purine,C15587,14968,MNXM1102325,KDCGOANMDULRCW-UHFFFAOYSA-N,purine,C5H4N4,C | H | N,contains_N,metabolism | transport,chebi:35584,name_soft,2
kegg.compound:C03557,2-Aminoethylphosphonate,C03557,10849,MNXM1692,QQVDJLLNRSOCEL-UHFFFAOYSA-N,2-aminoethylphosphonate,C2H8NO3P,C | H | N | O | P,contains_N,metabolism | transport | metabolomics,kegg.compound:C03557,none,1
kegg.compound:C07648,Thioguanine,C07648,9555,MNXM740929,WYWHKKSPHMUBEB-UHFFFAOYSA-N,thioguanine,C5H5N5S,C | H | N | S,contains_N,metabolism | transport,kegg.compound:C07648,none,1
kegg.compound:C05122,Taurocholate,C05122,26854,MNXM1104296,WBWWGRHZICKQGZ-HZAMXZRMSA-M,taurocholate,C26H44NO7S,C | H | N | O | S,contains_N,metabolism | transport | metabolomics,kegg.compound:C05122,none,1
kegg.compound:C05821,Enterochelin,C05821,23923,MNXM883,SERBHKJMVBATSJ-BZSNNMDCSA-M,enterochelin,C30H26N3O15,C | H | N | O,contains_N,metabolism | transport,kegg.compound:C05821,none,1
kegg.compound:C00487,Carnitine,C00487,11817,MNXM731667,PHIQHXFUZVPYII-UHFFFAOYSA-N,carnitine,C7H15NO3,C | H | N | O,contains_N,metabolism | transport,kegg.compound:C00487,none,1
kegg.compound:C02843,Long-chain acyl-CoA,C02843,13649,MNXM146118,,long-chain acyl-coa,C22H31N7O17P3S*,C | H | N | O | P | S,contains_N,metabolism | transport,kegg.compound:C02843,none,1
kegg.compound:C06366,sym-Homospermidine,C06366,10651,MNXM1778,UODZHRGDSPLRMD-UHFFFAOYSA-Q,sym-homospermidine,C8H24N3,C | H | N,contains_N,metabolism | transport,kegg.compound:C06366,none,1
chebi:10208,alpha-amino acid,,10208,MNXM735842,,alpha-amino acid,C2H4NO2*,C | H | N | O,contains_N,transport,chebi:10208,none,1
chebi:104011,4-aminohippurate,,104011,MNXM66188,HSMNQINEKMPTIC-UHFFFAOYSA-M,4-aminohippurate,C9H9N2O3,C | H | N | O,contains_N,transport,chebi:104011,none,1
chebi:10426,a beta-lactam,,10426,MNXM726579,,a beta-lactam,C3H2NO*3,C | H | N | O,contains_N,transport,chebi:10426,none,1
chebi:11148,"1,2-diacyl-sn-glycero-3-phosphocholine(1+)",,11148,MNXM1364389,,"1,2-diacyl-sn-glycero-3-phosphocholine(1+)",C10H19NO8P*2,C | H | N | O | P,contains_N,transport,chebi:11148,none,1
chebi:11749,3-O-L-alanyl-1-O-phosphatidylglycerol,,11749,MNXM730779,,3-o-l-alanyl-1-o-phosphatidylglycerol,C11H18NO11P*2,C | H | N | O | P,contains_N,transport,chebi:11749,none,1
chebi:12487,a ceramide,,12487,MNXM1364137,,a ceramide,C4H6NO2*3,C | H | N | O,contains_N,transport,chebi:12487,none,1
chebi:132153,hyaluronan,,132153,MNXM738287,LJORHONFMDUUHP-VOGNPWKQSA-M,hyaluronan,C14H22NO12,C | H | N | O,contains_N,transport,chebi:132153,none,1
chebi:133462,firefly D-sulfoluciferin,,133462,MNXM512063,LPKFAQWRYNJJRB-SSDOTTSWSA-L,firefly d-sulfoluciferin,C11H6N2O6S3,C | H | N | O | S,contains_N,transport,chebi:133462,none,1
chebi:135075,alphaprodine,,135075,MNXM491413,UVAZQQHAVMNMHE-XJKSGUPXSA-N,alphaprodine,C16H23NO2,C | H | N | O,contains_N,transport,chebi:135075,none,1
chebi:135560,prajmalium,,135560,MNXM680756,UAUHEPXILIZYCU-ALHOSYKFSA-N,prajmalium,C23H33N2O2,C | H | N | O,contains_N,transport,chebi:135560,none,1
chebi:1365,"3,3^,5^-triiodothyronine",,1365,MNXM1102092,HZCBWYNLGPIQRK-UHFFFAOYSA-N,"3,3^,5^-triiodothyronine",C15H12I3NO4,C | H | I | N | O,contains_N,transport,chebi:1365,none,1
chebi:13727,acyl-CoA,,13727,MNXM729255,,acyl-coa,C22H35N7O17P3S*,C | H | N | O | P | S,contains_N,transport,chebi:13727,name_soft,2
chebi:13962,chitin,,13962,MNXM727697,OVRNDRQMDRJTHS-FMDGEEDCSA-N,chitin,C8H15NO6,C | H | N | O,contains_N,transport,chebi:13962,name_soft,2
chebi:14654,nitrate,,14654,MNXM732398,NHNBFGGVMKEFGY-UHFFFAOYSA-N,nitrate,NO3,N | O,contains_N,transport,chebi:14654,name_soft,2
chebi:14739,pantothenic acid,,14739,MNXM1371613,GHOKWGTUZJEAQD-UHFFFAOYSA-N,pantothenic acid,C9H17NO5,C | H | N | O,contains_N,transport,chebi:14739,none,1
chebi:14753,peptide,,14753,MNXM729063,,peptide,C4H5N2O2*3,C | H | N | O,contains_N,transport,chebi:14753,name_soft,2
chebi:14801,phosphatidyl-L-serine,,14801,MNXM1371412,,phosphatidyl-l-serine,C8H12NO10P*2,C | H | N | O | P,contains_N,transport,chebi:14801,none,1
chebi:17964,D-pipecolate,,17964,MNXM507500,HXEACLLIILLPRG-RXMQYKEDSA-M,d-pipecolate,C6H10NO2,C | H | N | O,contains_N,transport,chebi:17964,none,1
chebi:183101,an isothiocyanate,,183101,MNXM58367,,an isothiocyanate,CNS*,C | N | S,contains_N,transport,chebi:183101,none,1
chebi:195181,L-alanyl-L-alanine,,195181,MNXM1364009,DEFJQIDDEAULHB-IMJSIDKUSA-N,l-alanyl-l-alanine,C6H12N2O3,C | H | N | O,contains_N,transport,chebi:195181,none,1
chebi:21131,iron(III) hydroxamate,,21131,MNXM1104625,,iron(iii) hydroxamate,C3H3FeN3O6*3,C | Fe | H | N | O,contains_N,transport,chebi:21131,none,1
chebi:22218,actinomycin D,,22218,MNXM735471,RJURFGZVJUQBHK-IIXSONLDSA-N,actinomycin d,C62H86N12O16,C | H | N | O,contains_N,transport,chebi:22218,none,1
chebi:23314,cisplatin,,23314,MNXM1106103,LXZZYRPGZAFOLE-UHFFFAOYSA-L,cisplatin,H6Cl2N2Pt,Cl | H | N | Pt,contains_N,transport,chebi:23314,none,1
chebi:24025,fatty acyl-CoA,,24025,MNXM1371182,,fatty acyl-coa,C22H35N7O17P3S*,C | H | N | O | P | S,contains_N,transport,chebi:24025,none,1
chebi:24279,glucosinolate,,24279,MNXM727155,,glucosinolate,C7H11NO9S2*,C | H | N | O | S,contains_N,transport,chebi:24279,none,1
chebi:26167,polar amino acid,,26167,MNXM77169,,polar amino acid,C2H4NO2*,C | H | N | O,contains_N,transport,chebi:26167,none,1
chebi:26470,a quaternary ammonium,,26470,MNXM735854,,a quaternary ammonium,N*4,N,contains_N,transport,chebi:26470,none,1
chebi:27138,tripeptide,,27138,MNXM733318,,tripeptide,C6H8N3O4*3,C | H | N | O,contains_N,transport,chebi:27138,none,1
chebi:27269,valinomycin,,27269,MNXM1372515,FCFNRCROJUBPLU-DNDCDFAISA-N,valinomycin,C54H90N6O18,C | H | N | O,contains_N,transport,chebi:27269,none,1
chebi:29702,undecylprodigiosin,,29702,MNXM1364544,HIYSWASSDOXZLC-MOHJPFBDSA-N,undecylprodigiosin,C25H35N3O,C | H | N | O,contains_N,transport,chebi:29702,none,1
chebi:30637,thiazole,,30637,MNXM86950,FZWLAAWBMGSTSO-UHFFFAOYSA-N,thiazole,C3H3NS,C | H | N | S,contains_N,transport,chebi:30637,none,1
chebi:30653,homoserine,,30653,MNXM527181,UKAUYVFTDYCKQA-UHFFFAOYSA-N,homoserine,C4H9NO3,C | H | N | O,contains_N,transport,chebi:30653,none,1
chebi:30661,thyronine,,30661,MNXM1371320,KKCIOUWDFWQUBT-UHFFFAOYSA-N,thyronine,C15H15NO4,C | H | N | O,contains_N,transport,chebi:30661,none,1
chebi:31460,desferrioxamine B mesylate,,31460,MNXM729687,IDDIJAWJANBQLJ-UHFFFAOYSA-N,desferrioxamine b mesylate,C26H52N6O11S,C | H | N | O | S,contains_N,transport,chebi:31460,none,1
chebi:31466,dequalinium chloride,,31466,MNXM155166,LTNZEXKYNRNOGT-UHFFFAOYSA-N,dequalinium chloride,C30H40Cl2N4,C | Cl | H | N,contains_N,transport,chebi:31466,none,1
chebi:315019,cilofungin,,315019,MNXM46772,ZKZKCEAHVFVZDJ-MTUMARHDSA-N,cilofungin,C49H71N7O17,C | H | N | O,contains_N,transport,chebi:315019,none,1
chebi:31616,fludarabine phosphate,,31616,MNXM167739,GIUYCYHIANZCFB-FJFJXFQQSA-N,fludarabine phosphate,C10H13FN5O7P,C | F | H | N | O | P,contains_N,transport,chebi:31616,none,1
chebi:31779,amorolfine(1+),,31779,MNXM152238,MQHLMHIZUIDKOO-AYHJJNSGSA-O,amorolfine(1+),C21H36NO,C | H | N | O,contains_N,transport,chebi:31779,none,1
chebi:31941,Oxaliplatin,,31941,MNXM1108417,DWAFYCQODLXJNR-BNTLRKBRSA-L,oxaliplatin,C8H12N2O4Pt,C | H | N | O | Pt,contains_N,transport,chebi:31941,none,1
chebi:32130,silver(1+) nitrate,,32130,MNXM161056,SQGYOTSLMSWVJD-UHFFFAOYSA-N,silver(1+) nitrate,AgNO3,Ag | N | O,contains_N,transport,chebi:32130,none,1
chebi:32915,cetylpyridinium chloride,,32915,MNXM153381,YMKDRGPMQRFJGP-UHFFFAOYSA-M,cetylpyridinium chloride,C21H38ClN,C | Cl | H | N,contains_N,transport,chebi:32915,none,1
chebi:33601,phenosafranine,,33601,MNXM74935,SOUHUMACVWVDME-UHFFFAOYSA-N,phenosafranine,C18H15ClN4,C | Cl | H | N,contains_N,transport,chebi:33601,none,1
chebi:3371,capreomycin,,3371,MNXM736383,,capreomycin,C19H30N12O6*2,C | H | N | O,contains_N,transport,chebi:3371,none,1
chebi:34651,colistin,,34651,MNXM736834,,colistin,C52H97N16O13*,C | H | N | O,contains_N,transport,chebi:34651,none,1
chebi:34994,teicoplanin A2,,34994,MNXM740753,,teicoplanin a2,C79H78Cl2N9O33*,C | Cl | H | N | O,contains_N,transport,chebi:34994,none,1
chebi:35356,dicarboximide,,35356,MNXM50489,,dicarboximide,C2NO2*3,C | N | O,contains_N,transport,chebi:35356,none,1
chebi:35358,sulfonamide,,35358,MNXM740716,,sulfonamide,NO2S*3,N | O | S,contains_N,transport,chebi:35358,none,1
chebi:35430,"3,3^-diiodothyronine",,35430,MNXM732210,CPCJBZABTUOGNM-UHFFFAOYSA-N,"3,3^-diiodothyronine",C15H13I2NO4,C | H | I | N | O,contains_N,transport,chebi:35430,none,1
chebi:355347,clofazimine,,355347,MNXM1369655,WDQPAMHFFCXSNU-UHFFFAOYSA-N,clofazimine,C27H22Cl2N4,C | Cl | H | N,contains_N,transport,chebi:355347,none,1
chebi:35817,roxarsone,,35817,MNXM81132,XMVJITFPVVRMHC-UHFFFAOYSA-N,roxarsone,C6H6AsNO6,As | C | H | N | O,contains_N,transport,chebi:35817,none,1
chebi:3745,clindamycin,,3745,MNXM726190,KDLRVYVGXIQJDK-NOWPCOIGSA-N,clindamycin,C18H33ClN2O5S,C | Cl | H | N | O | S,contains_N,transport,chebi:3745,none,1
chebi:383703,"3,6-diamino-10-methylacridinium chloride",,383703,MNXM1365283,KKAJSJJFBSOMGS-UHFFFAOYSA-N,"3,6-diamino-10-methylacridinium chloride",C14H14ClN3,C | Cl | H | N,contains_N,transport,chebi:383703,none,1
chebi:38545,rosuvastatin,,38545,MNXM1368486,BPRHUIZQVSMCRT-VEUZHWNKSA-N,rosuvastatin,C22H28FN3O6S,C | F | H | N | O | S,contains_N,transport,chebi:38545,none,1
chebi:39185,thiamethoxam,,39185,MNXM1137706,NWWZPOKUUAIXIW-UHFFFAOYSA-N,thiamethoxam,C8H10ClN5O3S,C | Cl | H | N | O | S,contains_N,transport,chebi:39185,none,1
chebi:3933,crystal violet,,3933,MNXM1368403,ZXJXZNDDNMQXFV-UHFFFAOYSA-M,crystal violet,C25H30ClN3,C | Cl | H | N,contains_N,transport,chebi:3933,none,1
chebi:39561,cetyltrimethylammonium ion,,39561,MNXM153385,RLGQACBPNDBWTB-UHFFFAOYSA-N,cetyltrimethylammonium ion,C19H42N,C | H | N,contains_N,transport,chebi:39561,none,1
chebi:41872,dequalinium,,41872,MNXM155165,PCSWXVJAIHCTMO-UHFFFAOYSA-P,dequalinium,C30H40N4,C | H | N,contains_N,transport,chebi:41872,none,1
chebi:42478,ethidium,,42478,MNXM52702,QTANTQQOYSUMLC-UHFFFAOYSA-O,ethidium,C21H20N3,C | H | N,contains_N,transport,chebi:42478,none,1
chebi:42526,fosmidomycin,,42526,MNXM53843,GJXWDTUCERCKIX-UHFFFAOYSA-N,fosmidomycin,C4H10NO5P,C | H | N | O | P,contains_N,transport,chebi:42526,none,1
chebi:43968,meropenem,,43968,MNXM61465,DMJNNHOOLUXYBV-PQTSNVLCSA-N,meropenem,C17H25N3O5S,C | H | N | O | S,contains_N,transport,chebi:43968,none,1
chebi:43996,mitoguazone,,43996,MNXM1370556,MXWHMTNPTTVWDM-NXOFHUPFSA-N,mitoguazone,C5H12N8,C | H | N,contains_N,transport,chebi:43996,none,1
chebi:44107,malachite green cation,,44107,MNXM157681,VFCNQNZNPKRXIT-UHFFFAOYSA-N,malachite green cation,C23H25N2,C | H | N,contains_N,transport,chebi:44107,none,1
chebi:45761,L-methionine (R)-S-oxide residue,,45761,MNXM731287,,l-methionine (r)-s-oxide residue,C5H9NO2S*2,C | H | N | O | S,contains_N,transport,chebi:45761,none,1
chebi:47344,alvocidib,,47344,MNXM102653,BIIVYFLTOXDAOV-YVEFUNNKSA-N,alvocidib,C21H20ClNO5,C | Cl | H | N | O,contains_N,transport,chebi:47344,none,1
chebi:474180,caspofungin,,474180,MNXM1103468,JYIKNQVWKBUSNH-WVDDFWQHSA-N,caspofungin,C52H88N10O15,C | H | N | O,contains_N,transport,chebi:474180,none,1
chebi:48958,"1,1^-azobis(N,N-dimethylformamide)",,48958,MNXM729292,VLSDXINSOMDCBK-UHFFFAOYSA-N,"1,1^-azobis(n,n-dimethylformamide)",C6H12N4O2,C | H | N | O,contains_N,transport,chebi:48958,none,1
chebi:50434,alcaligin,,50434,MNXM15793,OZZLZFXDNDCIOU-RYUDHWBXSA-N,alcaligin,C16H28N4O8,C | H | N | O,contains_N,transport,chebi:50434,none,1
chebi:50607,dityrosine,,50607,MNXM737499,OQALFHMKVSJFRR-UHFFFAOYSA-N,dityrosine,C18H20N2O6,C | H | N | O,contains_N,transport,chebi:50607,none,1
chebi:50668,N-acetyl-beta-D-glucosaminyl-(1->4)-N-acetyl-aldehydo-D-glucosamine,,50668,MNXM63448,PLJAKLUDUPBLGD-VLWZLFBZSA-N,n-acetyl-beta-d-glucosaminyl-(1->4)-n-acetyl-aldehydo-d-glucosamine,C16H28N2O11,C | H | N | O,contains_N,transport,chebi:50668,none,1
chebi:52155,mitoTracker Orange,,52155,MNXM131115,FZTMEYOUQQFBJR-UHFFFAOYSA-M,mitotracker orange,C24H24Cl2N2O,C | Cl | H | N | O,contains_N,transport,chebi:52155,none,1
chebi:546840,4-nitrophenyl alpha-D-galactoside,,546840,MNXM14780,IFBHRQDFSNCLOZ-IIRVCBMXSA-N,4-nitrophenyl alpha-d-galactoside,C12H15NO8,C | H | N | O,contains_N,transport,chebi:546840,none,1
chebi:55429,cephamycin,,55429,MNXM46070,,cephamycin,C8H7NO4S*2,C | H | N | O | S,contains_N,transport,chebi:55429,none,1
chebi:55493,1-O-acylglycerophosphoethanolamine,,55493,MNXM1107781,,1-o-acylglycerophosphoethanolamine,C6H13NO7P*,C | H | N | O | P,contains_N,transport,chebi:55493,none,1
chebi:58716,red chlorophyll catabolite,,58716,MNXM736916,XUGDLVKQDJHHDW-CRRWILEESA-M,red chlorophyll catabolite,C35H36N4O7,C | H | N | O,contains_N,transport,chebi:58716,none,1
chebi:59809,docetaxel trihydrate,,59809,MNXM155527,XCDIRYDKECHIPE-QHEQPUDQSA-N,docetaxel trihydrate,C43H59NO17,C | H | N | O,contains_N,transport,chebi:59809,none,1
chebi:6076,itraconazole,,6076,MNXM58477,VHVPQPYKVGDNFY-ZPGVKDDISA-N,itraconazole,C35H38Cl2N8O4,C | Cl | H | N | O,contains_N,transport,chebi:6076,none,1
chebi:60987,Tyr-Tyr,,60987,MNXM59586,JAQGKXUEKGKTKX-HOTGVXAUSA-N,tyr-tyr,C18H20N2O5,C | H | N | O,contains_N,transport,chebi:60987,none,1
chebi:61152,desferriexochelin 772MS,,61152,MNXM49169,CICZEXPNYSZNEI-UHFFFAOYSA-N,desferriexochelin 772ms,C34H49N5O12,C | H | N | O,contains_N,transport,chebi:61152,none,1
chebi:61345,chrysobactin,,61345,MNXM46691,NNTXFOAPABMVEG-MNOVXSKESA-N,chrysobactin,C16H23N3O7,C | H | N | O,contains_N,transport,chebi:61345,none,1
chebi:61346,achromobactin,,61346,MNXM735460,JIVPNYWQBCSFIL-MAVSXWESSA-J,achromobactin,C22H25N3O16,C | H | N | O,contains_N,transport,chebi:61346,none,1
chebi:61496,alpha-D-FucNAc4-(1->4)-beta-D-ManNAcA-(1->4)-D-GlcNAc-undecaprenyl diphosphate,,61496,MNXM1363916,PSONHUYFSWYIME-QSIPGKSISA-K,alpha-d-fucnac4-(1->4)-beta-d-mannaca-(1->4)-d-glcnac-undecaprenyl diphosphate,C79H126N3O22P2,C | H | N | O | P,contains_N,transport,chebi:61496,none,1
chebi:61650,"[3)-beta-D-galactopyranuronosyl-(1->3)-2-acetamido-4-amino-2,4,6-trideoxy-alpha-D-glucopyranosyl-(1->4)-beta-D-galactopyranurosyl-(1->]n",,61650,MNXM39723,,"[3)-beta-d-galactopyranuronosyl-(1->3)-2-acetamido-4-amino-2,4,6-trideoxy-alpha-d-glucopyranosyl-(1->4)-beta-d-galactopyranurosyl-(1->]n",C18H28N2O14*2,C | H | N | O,contains_N,transport,chebi:61650,none,1
chebi:62084,N-glycoloyl-beta-neuraminic acid,,62084,MNXM738463,FDJKUWYYUZCUJX-AJKRCSPLSA-N,n-glycoloyl-beta-neuraminic acid,C11H19NO10,C | H | N | O,contains_N,transport,chebi:62084,none,1
chebi:62579,carboxymycobactin,,62579,MNXM10888,,carboxymycobactin,C30H36N5O12*3,C | H | N | O,contains_N,transport,chebi:62579,none,1
chebi:63112,fingolimod hydrochloride,,63112,MNXM125682,SWZTYAVBMYWFGS-UHFFFAOYSA-N,fingolimod hydrochloride,C19H34ClNO2,C | Cl | H | N | O,contains_N,transport,chebi:63112,none,1
chebi:63611,moxifloxacin,,63611,MNXM738922,FABPRXSRWADJSP-MEDUHNTESA-N,moxifloxacin,C21H24FN3O4,C | F | H | N | O,contains_N,transport,chebi:63611,none,1
chebi:64120,M-factor,,64120,MNXM60858,YDFHVOKEEMMIBE-RDJQXTLESA-N,m-factor,C67H102N10O13S2,C | H | N | O | S,contains_N,transport,chebi:64120,none,1
chebi:64299,queuosine residue,,64299,MNXM80429,,queuosine residue,C17H21N5O6*2,C | H | N | O,contains_N,transport,chebi:64299,none,1
chebi:71658,mersacidin,,71658,MNXM106554,JSWKNDSDVHJUKY-CYGWNLPQSA-N,mersacidin,C80H120N20O21S4,C | H | N | O | S,contains_N,transport,chebi:71658,none,1
chebi:73024,O-acetyl-D-carnitine,,73024,MNXM726104,RDHQFKQIGNGIED-QMMMGPOBSA-N,o-acetyl-d-carnitine,C9H17NO4,C | H | N | O,contains_N,transport,chebi:73024,none,1
chebi:76612,ibrutinib,,76612,MNXM105679,XYFPWWZEPKGCCK-GOSISDBHSA-N,ibrutinib,C25H24N6O2,C | H | N | O,contains_N,transport,chebi:76612,none,1
chebi:78608,an alpha-amino acid,,78608,MNXM735844,,an alpha-amino acid,C2H4NO2*,C | H | N | O,contains_N,transport,chebi:78608,none,1
chebi:79296,indigoidine,,79296,MNXM156781,ALDIVIWLBSDGGN-ONEGZZNKSA-N,indigoidine,C10H8N4O4,C | H | N | O,contains_N,transport,chebi:79296,none,1
chebi:82687,"5-(2-hydroxyethyl)-1,3-thiazole",,82687,MNXM151318,MWSQHVUUIHWHBM-UHFFFAOYSA-N,"5-(2-hydroxyethyl)-1,3-thiazole",C5H7NOS,C | H | N | O | S,contains_N,transport,chebi:82687,none,1
chebi:82754,microcin c,,82754,MNXM738897,PQZVLCSYKIYYRQ-CRNXWWIHSA-N,microcin c,C42H69N18O18PS,C | H | N | O | P | S,contains_N,transport,chebi:82754,none,1
chebi:83079,chrysopine,,83079,MNXM153470,KPXUNMNRHZUNAN-NNBAOJFJSA-N,chrysopine,C11H18N2O7,C | H | N | O,contains_N,transport,chebi:83079,none,1
chebi:8309,polymyxin B1,,8309,MNXM1108421,WQVJHHACXVLGBL-GOVYWFKWSA-N,polymyxin b1,C56H98N16O13,C | H | N | O,contains_N,transport,chebi:8309,none,1
chebi:83169,N-acyl homoserine lactone,,83169,MNXM587442,,n-acyl homoserine lactone,C5H6NO3*,C | H | N | O,contains_N,transport,chebi:83169,none,1
chebi:84633,iron(III) vibrioferrin,,84633,MNXM156884,,iron(iii) vibrioferrin,C16H19FeN2O12,C | Fe | H | N | O,contains_N,transport,chebi:84633,none,1
chebi:84880,GDP-D-mannose,,84880,MNXM731351,MVMSCBBUIHUTGJ-XIYWIPNQSA-N,gdp-d-mannose,C16H25N5O16P2,C | H | N | O | P,contains_N,transport,chebi:84880,none,1
chebi:86390,3-pyridylacetic acid,,86390,MNXM14636,WGNUNYPERJMVRM-UHFFFAOYSA-N,3-pyridylacetic acid,C7H7NO2,C | H | N | O,contains_N,transport,chebi:86390,none,1
chebi:87185,florfenicol,,87185,MNXM53485,AYIRNRDRBQJXIF-NXEZZACHSA-N,florfenicol,C12H14Cl2FNO4S,C | Cl | F | H | N | O | S,contains_N,transport,chebi:87185,none,1
chebi:8828,rhodamine 123,,8828,MNXM732541,MYFATKRONKHHQL-UHFFFAOYSA-N,rhodamine 123,C21H17ClN2O3,C | Cl | H | N | O,contains_N,transport,chebi:8828,none,1
chebi:89981,LPS with O-antigen,,89981,MNXM528029,BFVQTKQTUCQRPI-YYEZTRBPSA-N,lps with o-antigen,C211H376N8O126P6,C | H | N | O | P,contains_N,transport,chebi:89981,none,1
chebi:90405,pyronin B,,90405,MNXM680983,CXZRDVVUVDYSCQ-UHFFFAOYSA-M,pyronin b,C21H27ClN2O,C | Cl | H | N | O,contains_N,transport,chebi:90405,none,1
kegg.compound:C00098,Oligopeptide,C00098,25676,MNXM96973,,oligopeptide,C4H6N2O3*2,C | H | N | O,contains_N,transport,kegg.compound:C00098,none,1
kegg.compound:C00225,Methyl viologen,C00225,25856,MNXM726935,FIKAKWIAUPDISJ-UHFFFAOYSA-L,methyl viologen,C12H14Cl2N2,C | Cl | H | N,contains_N,transport,kegg.compound:C00225,none,1
kegg.compound:C00284,EDTA,C00284,30378,MNXM155656,KCXVZYZYPLLWCC-UHFFFAOYSA-L,edta,C10H14N2O8,C | H | N | O,contains_N,transport,kegg.compound:C00284,none,1
kegg.compound:C00306,Bradykinin,C00306,132988,MNXM2505,QXZGBUJJYSLZLT-FDISYFBBSA-P,bradykinin,C50H75N15O11,C | H | N | O,contains_N,transport,kegg.compound:C00306,none,1
kegg.compound:C00308,Canavanine,C00308,3345,MNXM12052,FSBIGDSBMBYOPN-VKHMYHEASA-O,canavanine,C5H13N4O3,C | H | N | O,contains_N,transport,kegg.compound:C00308,none,1
kegg.compound:C00318,L-Carnitine,C00318,13091,MNXM1105737,PHIQHXFUZVPYII-ZCFIWIBFSA-N,l-carnitine,C7H15NO3,C | H | N | O,contains_N,transport,kegg.compound:C00318,none,1
kegg.compound:C00371,Zeatin,C00371,10107,MNXM1371472,UZKQTCBAMSWPJD-FARCUNLSSA-N,zeatin,C10H13N5O,C | H | N | O,contains_N,transport,kegg.compound:C00371,none,1
kegg.compound:C00396,Pyrimidine,C00396,14982,MNXM1094080,CZPWVGJYEJSRLH-UHFFFAOYSA-N,pyrimidine,C4H4N2,C | H | N,contains_N,transport,kegg.compound:C00396,none,1
kegg.compound:C00397,Tobramycin,C00397,19849,MNXM95926,NLVFBUXFDBBNBW-PBSUHMDJSA-S,tobramycin,C18H42N5O9,C | H | N | O,contains_N,transport,kegg.compound:C00397,none,1
kegg.compound:C00413,Streptomycin,C00413,15119,MNXM1091,UCSJYZPVAKXKNQ-HZYVHMACSA-Q,streptomycin,C21H42N7O12,C | H | N | O,contains_N,transport,kegg.compound:C00413,none,1
kegg.compound:C00528,Glycopeptide,C00528,141615,MNXM55396,DQJCDTNMLBYVAY-ZXXIYAEKSA-N,glycopeptide,C36H64N8O17,C | H | N | O,contains_N,transport,kegg.compound:C00528,none,1
kegg.compound:C00716,Serine,C00716,15081,MNXM737786,MTCFGRXMJLQNBG-UHFFFAOYSA-N,serine,C3H7NO3,C | H | N | O,contains_N,transport,kegg.compound:C00716,none,1
kegg.compound:C00736,Cysteine,C00736,14061,MNXM738067,XUJNEKJLAYXESH-UHFFFAOYSA-N,cysteine,C3H7NO2S,C | H | N | O | S,contains_N,transport,kegg.compound:C00736,none,1
kegg.compound:C00745,Nicotine,C00745,14653,MNXM727560,SNICXCGAKADSCV-JTQLQIEISA-O,nicotine,C10H15N2,C | H | N,contains_N,transport,kegg.compound:C00745,none,1
kegg.compound:C00797,Ethylamine,C00797,14228,MNXM924,QUSNBJAOOMFDIB-UHFFFAOYSA-O,ethylamine,C2H8N,C | H | N,contains_N,transport,kegg.compound:C00797,none,1
kegg.compound:C00915,Benzyl viologen,C00915,3056,MNXM16247,LUAZZOXZPVVGSO-UHFFFAOYSA-N,benzyl viologen,C24H22N2,C | H | N,contains_N,transport,kegg.compound:C00915,none,1
kegg.compound:C00918,Chloramphenicol,C00918,13965,MNXM736341,WIIZWVCIJKGZOK-RKDXNWHRSA-N,chloramphenicol,C11H12Cl2N2O5,C | Cl | H | N | O,contains_N,transport,kegg.compound:C00918,none,1
kegg.compound:C01009,UDP-2-deoxyglucose,C01009,22094,MNXM88423,MEJLHDUXDMCALH-GUBZJDGZSA-N,udp-2-deoxyglucose,C15H24N2O16P2,C | H | N | O | P,contains_N,transport,kegg.compound:C01009,none,1
kegg.compound:C01120,Sphinganine 1-phosphate,C01120,15100,MNXM1103529,YHEDRJPUIRMZMP-ZWKOTPCHSA-M,sphinganine 1-phosphate,C18H39NO5P,C | H | N | O | P,contains_N,transport,kegg.compound:C01120,none,1
kegg.compound:C01457,Tylosin,C01457,15275,MNXM1364104,WBPYTXDJUQJLPQ-VMXQISHHSA-O,tylosin,C46H78NO17,C | H | N | O,contains_N,transport,kegg.compound:C01457,none,1
kegg.compound:C01551,Allantoin,C01551,13761,MNXM738834,POJWUDADGALRAB-UHFFFAOYSA-N,allantoin,C4H6N4O3,C | H | N | O,contains_N,transport,kegg.compound:C01551,none,1
kegg.compound:C01602,Ornithine,C01602,11448,MNXM741174,AHLPHDHHMVZTML-UHFFFAOYSA-N,ornithine,C5H12N2O2,C | H | N | O,contains_N,transport,kegg.compound:C01602,none,1
kegg.compound:C01610,Puromycin,C01610,14970,MNXM733828,RXWNCPJZOCPEPQ-NVWDDTSBSA-O,puromycin,C22H30N7O5,C | H | N | O,contains_N,transport,kegg.compound:C01610,none,1
kegg.compound:C01661,Doxorubicin,C01661,22270,MNXM735003,AOJJSUZBOXZQNB-TZSSRYMLSA-O,doxorubicin,C27H30NO11,C | H | N | O,contains_N,transport,kegg.compound:C01661,none,1
kegg.compound:C01682,Nopaline,C01682,12630,MNXM3248,LMKYZBGVKHTLTN-NKWVEPMBSA-M,nopaline,C11H19N4O6,C | H | N | O,contains_N,transport,kegg.compound:C01682,none,1
kegg.compound:C01690,Diclofenac,C01690,4507,MNXM155315,DCOPUUMXTXDBNB-UHFFFAOYSA-N,diclofenac,C14H11Cl2NO2,C | Cl | H | N | O,contains_N,transport,kegg.compound:C01690,none,1
kegg.compound:C01705,Glyphosate,C01705,133673,MNXM55490,XDDAORKBJWWYJS-UHFFFAOYSA-M,glyphosate,C3H7NO5P,C | H | N | O | P,contains_N,transport | metabolomics,kegg.compound:C01705,none,1
kegg.compound:C01733,Methionine,C01733,14590,MNXM738803,FFEARJCKVFRZRR-UHFFFAOYSA-N,methionine,C5H11NO2S,C | H | N | O | S,contains_N,transport | metabolomics,kegg.compound:C01733,none,1
kegg.compound:C01736,Nebularine,C01736,14969,MNXM733458,MRWXACSTFXYYMV-FDDDBJFASA-N,nebularine,C10H12N4O4,C | H | N | O,contains_N,transport,kegg.compound:C01736,id,2
kegg.compound:C01756,Thiopurine,C01756,2208,MNXM1156,GLVAUDGFNGKCSF-UHFFFAOYSA-N,thiopurine,C5H4N4S,C | H | N | S,contains_N,transport,kegg.compound:C01756,id,2
kegg.compound:C01829,Thyroxine,C01829,13177,MNXM726865,XUIIKFGFIJCVMT-LBPRGKRZSA-N,thyroxine,C15H11I4NO4,C | H | I | N | O,contains_N,transport,kegg.compound:C01829,none,1
kegg.compound:C01834,Lipoprotein,C01834,6495,MNXM7493,,lipoprotein,C19H35NO2S*2,C | H | N | O | S,contains_N,transport,kegg.compound:C01834,none,1
kegg.compound:C01897,Camptothecin,C01897,22997,MNXM8363,VSJKWCGYPAHWDS-FQEVSTJZSA-N,camptothecin,C20H16N2O4,C | H | N | O,contains_N,transport,kegg.compound:C01897,none,1
kegg.compound:C01907,Daunorubicin,C01907,23560,MNXM734767,STQGQHZAVUOBTE-VGBVRHCVSA-O,daunorubicin,C27H30NO10,C | H | N | O,contains_N,transport,kegg.compound:C01907,none,1
kegg.compound:C01912,Erythromycin,C01912,112506,MNXM1363597,ULGZDMOVFRHVEP-RWJQBGPGSA-O,erythromycin,C37H68NO13,C | H | N | O,contains_N,transport,kegg.compound:C01912,none,1
kegg.compound:C01926,Indomethacin,C01926,49660,MNXM724836,CGIGDMFJXJATDK-UHFFFAOYSA-N,indomethacin,C19H16ClNO4,C | Cl | H | N | O,contains_N,transport,kegg.compound:C01926,none,1
kegg.compound:C01937,Methotrexate,C01937,44183,MNXM1105979,FBOZXECLQNJBKD-ZDUSSCGKSA-L,methotrexate,C20H20N8O5,C | H | N | O,contains_N,transport,kegg.compound:C01937,none,1
kegg.compound:C01946,Oleandomycin,C01946,14682,MNXM1103066,RZPAKFUAFGMUPI-QESOVKLGSA-O,oleandomycin,C35H62NO12,C | H | N | O,contains_N,transport,kegg.compound:C01946,none,1
kegg.compound:C01965,Trimethoprim,C01965,45921,MNXM145047,IEDVJHCEMCRBQM-UHFFFAOYSA-N,trimethoprim,C14H18N4O3,C | H | N | O,contains_N,transport,kegg.compound:C01965,none,1
kegg.compound:C01996,Acetylcholine,C01996,12686,MNXM793,OIPILFWXSMYKGL-UHFFFAOYSA-N,acetylcholine,C7H16NO2,C | H | N | O,contains_N,transport,kegg.compound:C01996,none,1
kegg.compound:C02009,Benzimidazole,C02009,3028,MNXM1105952,HYZJCKYKOHLVJF-UHFFFAOYSA-N,benzimidazole,C7H6N2,C | H | N,contains_N,transport,kegg.compound:C02009,none,1
kegg.compound:C02057,Phenylalanine,C02057,25984,MNXM741663,COLNVLDHVKWLRT-UHFFFAOYSA-N,phenylalanine,C9H11NO2,C | H | N | O,contains_N,transport | metabolomics,kegg.compound:C02057,none,1
kegg.compound:C02078,Spectinomycin,C02078,146260,MNXM1105067,UNFWWIHTNXNPBV-WXKVUWSESA-O,spectinomycin,C14H25N2O7,C | H | N | O,contains_N,transport,kegg.compound:C02078,none,1
kegg.compound:C02248,Apocytochrome c,C02248,13849,MNXM2100,,apocytochrome c,C8H12N4O4S2*4,C | H | N | O | S,contains_N,transport,kegg.compound:C02248,none,1
kegg.compound:C02267,Deoxycoformycin,C02267,229687,MNXM728319,FPVKHBSQESCIEP-JQCXWYLXSA-N,deoxycoformycin,C11H16N4O4,C | H | N | O,contains_N,transport,kegg.compound:C02267,none,1
kegg.compound:C02385,Amino acid(Arg-),C02385,22616,MNXM739526,ODKSFYDXXFIFQN-UHFFFAOYSA-N,amino acid(arg-),C6H14N4O2,C | H | N | O,contains_N,transport,kegg.compound:C02385,none,1
kegg.compound:C02465,Triiodothyronine,C02465,11701,MNXM1013,AUYYCJSJGJYCDS-LBPRGKRZSA-N,triiodothyronine,C15H12I3NO4,C | H | I | N | O,contains_N,transport,kegg.compound:C02465,none,1
kegg.compound:C02471,[Glu(-Cys)]n-Gly,C02471,10154,MNXM1371180,RWSXRVCMGQZWBV-WDSKDSINSA-N,[glu(-cys)]n-gly,C10H17N3O6S,C | H | N | O | S,contains_N,transport,kegg.compound:C02471,none,1
kegg.compound:C02571,O-Acetylcarnitine,C02571,12711,MNXM726103,RDHQFKQIGNGIED-MRVPVSSYSA-N,o-acetylcarnitine,C9H17NO4,C | H | N | O,contains_N,transport,kegg.compound:C02571,none,1
kegg.compound:C02794,3-Hydroxykynurenine,C02794,11823,MNXM728564,VCKPUUFAIGNJHC-LURJTMIESA-N,3-hydroxykynurenine,C10H12N2O4,C | H | N | O,contains_N,transport,kegg.compound:C02794,id,2
kegg.compound:C02823,Cyanocobalamin,C02823,14041,MNXM741521,QLYXJSKUMBPUAQ-XOVLMWGVSA-L,cyanocobalamin,C63H86CoN14O14P,C | Co | H | N | O | P,contains_N,transport,kegg.compound:C02823,none,1
kegg.compound:C02862,O-Butanoylcarnitine,C02862,21949,MNXM65151,QWYFHHGCZUCMBN-SECBINFHSA-N,o-butanoylcarnitine,C11H21NO4,C | H | N | O,contains_N,transport,kegg.compound:C02862,none,1
kegg.compound:C02918,1-Methylnicotinamide,C02918,11267,MNXM2172,LDHMAVIPBRSVRG-UHFFFAOYSA-O,1-methylnicotinamide,C7H9N2O,C | H | N | O,contains_N,transport,kegg.compound:C02918,none,1
kegg.compound:C03374,Bilirubin-glucuronoside,C03374,13900,MNXM1103949,ARBDURHEPGRPSR-GEADQAOESA-L,bilirubin-glucuronoside,C39H42N4O12,C | H | N | O,contains_N,transport,kegg.compound:C03374,none,1
kegg.compound:C03438,beta-Lactam antibiotics,C03438,10427,MNXM44141,,beta-lactam antibiotics,C6H3NO3S*2,C | H | N | O | S,contains_N,transport,kegg.compound:C03438,none,1
kegg.compound:C03474,4-Nitroquinoline N-oxide,C03474,12037,MNXM2490,YHQDZJICGQWFHK-UHFFFAOYSA-N,4-nitroquinoline n-oxide,C9H6N2O3,C | H | N | O,contains_N,transport,kegg.compound:C03474,none,1
kegg.compound:C03642,Taurolithocholate sulfate,C03642,15200,MNXM1950,HSNPMXROZIQAQD-GBURMNQMSA-L,taurolithocholate sulfate,C26H43NO8S2,C | H | N | O | S,contains_N,transport,kegg.compound:C03642,none,1
kegg.compound:C03878,N-Acetyl-beta-D-glucosamine,C03878,21579,MNXM2138,OVRNDRQMDRJTHS-FMDGEEDCSA-N,n-acetyl-beta-d-glucosamine,C8H15NO6,C | H | N | O,contains_N,transport,kegg.compound:C03878,none,1
kegg.compound:C04083,N6-(Delta2-Isopentenyl)-adenine,C04083,12658,MNXM727256,HYVABZIGRDEKCD-UHFFFAOYSA-N,n6-(delta2-isopentenyl)-adenine,C10H13N5,C | H | N,contains_N,transport,kegg.compound:C04083,none,1
kegg.compound:C04114,(E)-4-(Trimethylammonio)but-2-enoate,C04114,17237,MNXM730039,GUYHPGUANSLONG-SNAWJCMRSA-N,(e)-4-(trimethylammonio)but-2-enoate,C7H13NO2,C | H | N | O,contains_N,transport,kegg.compound:C04114,none,1
kegg.compound:C04137,Octopine,C04137,12631,MNXM1368994,IMXSCCDUAFEIOE-RITPCOANSA-N,octopine,C9H18N4O4,C | H | N | O,contains_N,transport,kegg.compound:C04137,none,1
kegg.compound:C04426,UDP-N-acetyl-D-galactosamine 4-sulfate,C04426,132114,MNXM4128,ITVFJXYJMFKBES-ACMLXWNCSA-K,udp-n-acetyl-d-galactosamine 4-sulfate,C17H24N3O20P2S,C | H | N | O | P | S,contains_N,transport,kegg.compound:C04426,none,1
kegg.compound:C04452,4-Nitrophenol-alpha-D-galactopyranoside,C04452,355715,MNXM166459,IFBHRQDFSNCLOZ-YBXAARCKSA-N,4-nitrophenol-alpha-d-galactopyranoside,C12H15NO8,C | H | N | O,contains_N,transport,kegg.compound:C04452,none,1
kegg.compound:C04832,Coenzyme M 7-mercaptoheptanoylthreonine-phosphate heterodisulfide,C04832,12619,MNXM1145,OBGQLHXSMIBYLN-PWSUYJOCSA-J,coenzyme m 7-mercaptoheptanoylthreonine-phosphate heterodisulfide,C13H22NO10PS3,C | H | N | O | P | S,contains_N,transport,kegg.compound:C04832,none,1
kegg.compound:C05079,Nalidixic acid,C05079,100147,MNXM158656,MHWLWQUZZRMNGJ-UHFFFAOYSA-M,nalidixic acid,C12H11N2O3,C | H | N | O,contains_N,transport,kegg.compound:C05079,none,1
kegg.compound:C05080,Novobiocin,C05080,25597,MNXM65002,YJQPYGGHQPGBLI-KGSXXDOSSA-M,novobiocin,C31H35N2O11,C | H | N | O,contains_N,transport,kegg.compound:C05080,none,1
kegg.compound:C05113,Porphyrin,C05113,8337,MNXM1364467,RKCAIXNGYQCCAL-CEVVSZFKSA-N,porphyrin,C20H14N4,C | H | N,contains_N,transport,kegg.compound:C05113,none,1
kegg.compound:C05227,UDP-sugar,C05227,13500,MNXM5982,,udp-sugar,C9H11N2O12P2*,C | H | N | O | P,contains_N,transport,kegg.compound:C05227,none,1
kegg.compound:C05324,Nicotianamine,C05324,14644,MNXM732378,KRGPXXHMOXVMMM-CIUDSAMLSA-N,nicotianamine,C12H21N3O6,C | H | N | O,contains_N,transport,kegg.compound:C05324,none,1
kegg.compound:C05349,Ciprofloxacin,C05349,100241,MNXM46876,MYSWGUAQZAJSOK-UHFFFAOYSA-N,ciprofloxacin,C17H18FN3O3,C | F | H | N | O,contains_N,transport,kegg.compound:C05349,none,1
kegg.compound:C05551,Penicillin G,C05551,14743,MNXM1812,JGSARLDLIJGVTE-MBNYWOFBSA-M,penicillin g,C16H17N2O4S,C | H | N | O | S,contains_N,transport,kegg.compound:C05551,none,1
kegg.compound:C05570,Ergothioneine,C05570,134344,MNXM1092957,SSISHJJTAXXQAX-ZETCQYMHSA-N,ergothioneine,C9H15N3O2S,C | H | N | O | S,contains_N,transport,kegg.compound:C05570,none,1
kegg.compound:C06124,Sphingosine 1-phosphate,C06124,26742,MNXM1104091,DUYSYHSSBDVJSM-KRWOKUGFSA-M,sphingosine 1-phosphate,C18H37NO5P,C | H | N | O | P,contains_N,transport,kegg.compound:C06124,none,1
kegg.compound:C06228,Ferrichrome,C06228,5019,MNXM733435,GGUNGDGGXMHBMJ-OCIDDWSYSA-N,ferrichrome,C27H42FeN9O12,C | Fe | H | N | O,contains_N,transport,kegg.compound:C06228,none,1
kegg.compound:C06230,Fe-enterobactin,C06230,144426,MNXM730708,NGILTSZTOFYVBF-UVJOBNTFSA-H,fe-enterobactin,C30H21FeN3O15,C | Fe | H | N | O,contains_N,transport,kegg.compound:C06230,none,1
kegg.compound:C06371,Lacto-N-tetraose,C06371,10379,MNXM733643,AXQLFFDZXPOFPO-FSGZUBPKSA-N,lacto-n-tetraose,C26H45NO21,C | H | N | O,contains_N,transport,kegg.compound:C06371,none,1
kegg.compound:C06372,Lacto-N-biose,C06372,10378,MNXM1106995,HMQPEDMEOBLSQB-RPHKZZMBSA-N,lacto-n-biose,C14H25NO11,C | H | N | O,contains_N,transport,kegg.compound:C06372,none,1
kegg.compound:C06526,Quinine,C06526,127176,MNXM2862,LOUPRKONTZGTKE-WZBLMQSHSA-O,quinine,C20H25N2O2,C | H | N | O,contains_N,transport,kegg.compound:C06526,none,1
kegg.compound:C06527,Quinidine,C06527,127150,MNXM1371402,LOUPRKONTZGTKE-LHHVKLHASA-N,quinidine,C20H24N2O2,C | H | N | O,contains_N,transport,kegg.compound:C06527,none,1
kegg.compound:C06570,Tetracycline,C06570,26894,MNXM97613,OFVLGDICTFRJMM-WESIUVDSSA-N,tetracycline,C22H24N2O8,C | H | N | O,contains_N,transport,kegg.compound:C06570,none,1
kegg.compound:C06574,Ampicillin,C06574,22536,MNXM152246,AVKUERGKIZMTKX-NJBDSQKTSA-N,ampicillin,C16H19N3O4S,C | H | N | O | S,contains_N,transport,kegg.compound:C06574,none,1
kegg.compound:C06624,Oxytetracycline,C06624,133011,MNXM741185,IWVCMVBTMGNXQD-PXOLEDIWSA-N,oxytetracycline,C22H24N2O9,C | H | N | O,contains_N,transport,kegg.compound:C06624,none,1
kegg.compound:C06665,Imipenem,C06665,190509,MNXM57244,ZSKVGTPCRGIANV-ZXFLCMHBSA-N,imipenem,C12H17N3O4S,C | H | N | O | S,contains_N,transport,kegg.compound:C06665,none,1
kegg.compound:C06681,Mitomycin,C06681,25356,MNXM62239,NWIBSHFKIJFRCO-WUDYKRTCSA-N,mitomycin,C15H18N4O5,C | H | N | O,contains_N,transport,kegg.compound:C06681,none,1
kegg.compound:C06685,Cycloheximide,C06685,23484,MNXM48152,YPHMISFOHDHNIV-FSZOTQKASA-N,cycloheximide,C15H23NO4,C | H | N | O,contains_N,transport,kegg.compound:C06685,none,1
kegg.compound:C06687,Norfloxacin,C06687,100246,MNXM64938,OGJPXUAPXNRGGI-UHFFFAOYSA-N,norfloxacin,C16H18FN3O3,C | F | H | N | O,contains_N,transport,kegg.compound:C06687,none,1
kegg.compound:C06688,Rifampicin,C06688,26577,MNXM740424,JQXXHWHPUNPDRT-WLSIYKJHSA-N,rifampicin,C43H58N4O12,C | H | N | O,contains_N,transport,kegg.compound:C06688,none,1
kegg.compound:C06689,Vancomycin,C06689,27276,MNXM1372116,MYPYJXKWCTUITO-LYRMYLQWSA-O,vancomycin,C66H76Cl2N9O24,C | Cl | H | N | O,contains_N,transport,kegg.compound:C06689,none,1
kegg.compound:C06767,Hemine,C06767,24493,MNXM737708,BTIJJDXEELBZFS-HXFTUNQESA-K,hemine,C34H32ClFeN4O4,C | Cl | Fe | H | N | O,contains_N,transport | metabolomics,kegg.compound:C06767,none,1
kegg.compound:C06810,Aciclovir,C06810,2453,MNXM10579,MKUXAQIIEYXACX-UHFFFAOYSA-N,aciclovir,C8H11N5O3,C | H | N | O,contains_N,transport,kegg.compound:C06810,none,1
kegg.compound:C06812,Lincomycin,C06812,6472,MNXM1364517,OJMMVQQUTAEWLP-KIDUDLJLSA-N,lincomycin,C18H34N2O6S,C | H | N | O | S,contains_N,transport,kegg.compound:C06812,none,1
kegg.compound:C06820,Amikacin,C06820,2637,MNXM94423,LKCWBDHBTVXHDL-RMDFUYIESA-R,amikacin,C22H47N5O13,C | H | N | O,contains_N,transport,kegg.compound:C06820,none,1
kegg.compound:C06821,Amiloride,C06821,2639,MNXM41784,XSDQTOBWRPYKKA-UHFFFAOYSA-N,amiloride,C6H8ClN7O,C | Cl | H | N | O,contains_N,transport,kegg.compound:C06821,none,1
kegg.compound:C06838,Azithromycin,C06838,231550,MNXM1107896,MQTOSJVFKKJCRP-BICOPXKESA-N,azithromycin,C38H72N2O12,C | H | N | O,contains_N,transport,kegg.compound:C06838,none,1
kegg.compound:C06840,Aztreonam,C06840,161680,MNXM102946,WZPBZJONDBGPKJ-VEHQQRBSSA-N,aztreonam,C13H17N5O8S2,C | H | N | O | S,contains_N,transport,kegg.compound:C06840,none,1
kegg.compound:C06854,Bleomycin A2,C06854,165316,MNXM1108223,OYVAGSVQBOHSSS-UAPAGMARSA-O,bleomycin a2,C55H84N17O21S3,C | H | N | O | S,contains_N,transport,kegg.compound:C06854,none,1
kegg.compound:C06869,Carbenicillin,C06869,3393,MNXM729541,FPPNZSSZRUTDAP-UWFZAAFLSA-N,carbenicillin,C17H18N2O6S,C | H | N | O | S,contains_N,transport,kegg.compound:C06869,none,1
kegg.compound:C06883,Cefoperazone,C06883,258120,MNXM736483,GCFBRXLSHGKWDP-XCGNWRKASA-N,cefoperazone,C25H27N9O8S2,C | H | N | O | S,contains_N,transport,kegg.compound:C06883,none,1
kegg.compound:C06885,Cefotaxime,C06885,112504,MNXM729554,GPRBEKHLDVQUJE-QSWIMTSFSA-M,cefotaxime,C16H16N5O7S2,C | H | N | O | S,contains_N,transport,kegg.compound:C06885,none,1
kegg.compound:C06887,Cefoxitin,C06887,209807,MNXM729559,WZOZEZRFJCJXNZ-ZBFHGGJFSA-M,cefoxitin,C16H16N3O7S2,C | H | N | O | S,contains_N,transport,kegg.compound:C06887,none,1
kegg.compound:C06889,Ceftazidime,C06889,3508,MNXM153251,ORFOPKXBNMVMKC-DWVKKRMSSA-N,ceftazidime,C22H22N6O7S2,C | H | N | O | S,contains_N,transport,kegg.compound:C06889,none,1
kegg.compound:C06897,Cephradine,C06897,3547,MNXM46074,RDLPVSKMFDYCOR-UEKVPHQBSA-N,cephradine,C16H19N3O4S,C | H | N | O | S,contains_N,transport,kegg.compound:C06897,none,1
kegg.compound:C06902,Chlorhexidine,C06902,3614,MNXM46355,GHXZTYHSJHQHIJ-UHFFFAOYSA-N,chlorhexidine,C22H30Cl2N10,C | Cl | H | N,contains_N,transport,kegg.compound:C06902,none,1
kegg.compound:C06912,Clarithromycin,C06912,3732,MNXM731302,AGOYDEPGAOXOCK-KCBOHYOISA-N,clarithromycin,C38H69NO13,C | H | N | O,contains_N,transport,kegg.compound:C06912,none,1
kegg.compound:C06922,Clotrimazole,C06922,3764,MNXM47327,VNFPBHJOKIVQEB-UHFFFAOYSA-N,clotrimazole,C22H17ClN2,C | Cl | H | N,contains_N,transport,kegg.compound:C06922,none,1
kegg.compound:C06923,Cloxacillin,C06923,3765,MNXM154883,LQOLIRLGBULYKD-JKIFEVAISA-N,cloxacillin,C19H18ClN3O5S,C | Cl | H | N | O | S,contains_N,transport,kegg.compound:C06923,none,1
kegg.compound:C06940,Deferoxamine,C06940,195191,MNXM1364553,UBQYURCVBFRUQT-UHFFFAOYSA-N,deferoxamine,C25H48N6O8,C | H | N | O,contains_N,transport,kegg.compound:C06940,none,1
kegg.compound:C06952,Cimetidine,C06952,3699,MNXM16704,AQIXAKUUQRKLND-UHFFFAOYSA-N,cimetidine,C10H16N6S,C | H | N | S,contains_N,transport,kegg.compound:C06952,none,1
kegg.compound:C06973,Doxycycline,C06973,42135,MNXM741585,JBIWCJUYHHGXTC-AKNGSSGZSA-N,doxycycline,C22H24N2O8,C | H | N | O,contains_N,transport,kegg.compound:C06973,none,1
kegg.compound:C06979,Enoxacin,C06979,157175,MNXM52109,IDYZIJYBMGIQMJ-UHFFFAOYSA-N,enoxacin,C15H17FN4O3,C | F | H | N | O,contains_N,transport,kegg.compound:C06979,none,1
kegg.compound:C06984,Ethambutol,C06984,133410,MNXM52682,AEUTYOVWOVBAKS-UWVGGRQHSA-N,ethambutol,C10H24N2O2,C | H | N | O,contains_N,transport,kegg.compound:C06984,none,1
kegg.compound:C07002,Fluconazole,C07002,46079,MNXM53515,RFHAOTPXVQNOHP-UHFFFAOYSA-N,fluconazole,C13H12F2N6O,C | F | H | N | O,contains_N,transport,kegg.compound:C07002,none,1
kegg.compound:C07017,Furosemide,C07017,47425,MNXM11609,ZZUFCTLCJUWOSV-UHFFFAOYSA-N,furosemide,C12H11ClN2O5S,C | Cl | H | N | O | S,contains_N,transport,kegg.compound:C07017,none,1
kegg.compound:C07019,Ganciclovir,C07019,42659,MNXM54358,IRSCQMHQWWYFCW-UHFFFAOYSA-N,ganciclovir,C9H13N5O4,C | H | N | O,contains_N,transport,kegg.compound:C07019,none,1
kegg.compound:C07044,Hydroxyurea,C07044,44420,MNXM56954,VSNHCAURESNICA-UHFFFAOYSA-N,hydroxyurea,CH4N2O2,C | H | N | O,contains_N,transport,kegg.compound:C07044,none,1
kegg.compound:C07108,Tamoxifen,C07108,41767,MNXM2035,NKANXQFJJICGDU-QPLCGJKRSA-N,tamoxifen,C26H29NO,C | H | N | O,contains_N,transport,kegg.compound:C07108,none,1
kegg.compound:C07115,Nitrogen mustard,C07115,25557,MNXM724939,HAWPXGHAZFHHAD-UHFFFAOYSA-N,nitrogen mustard,C5H11Cl2N,C | Cl | H | N,contains_N,transport,kegg.compound:C07115,none,1
kegg.compound:C07151,Metformin,C07151,6801,MNXM724952,XZWYZXLIPXDOLR-UHFFFAOYSA-N,metformin,C4H11N5,C | H | N,contains_N,transport,kegg.compound:C07151,none,1
kegg.compound:C07177,Methicillin,C07177,52064,MNXM157859,RJQXTJLFIWVMTO-TYNCELHUSA-N,methicillin,C17H20N2O6S,C | H | N | O | S,contains_N,transport,kegg.compound:C07177,none,1
kegg.compound:C07188,Verapamil,C07188,77733,MNXM95993,SGTNSNPWRIOYBX-UHFFFAOYSA-N,verapamil,C27H38N2O4,C | H | N | O,contains_N,transport,kegg.compound:C07188,none,1
kegg.compound:C07201,Vinblastine,C07201,27287,MNXM5987,JXLYSJRDGCGARV-XQKSVPLYSA-N,vinblastine,C46H58N4O9,C | H | N | O,contains_N,transport,kegg.compound:C07201,none,1
kegg.compound:C07203,Metronidazole,C07203,39845,MNXM61985,VAOCPAMSLUNLGC-UHFFFAOYSA-N,metronidazole,C6H9N3O3,C | H | N | O,contains_N,transport,kegg.compound:C07203,none,1
kegg.compound:C07204,Vincristine,C07204,143658,MNXM13261,OGWKCGZFUXNPDA-XQKSVPLYSA-N,vincristine,C46H56N4O10,C | H | N | O,contains_N,transport,kegg.compound:C07204,none,1
kegg.compound:C07207,Zalcitabine,C07207,10101,MNXM13275,WREGKURFCTUGRC-POYBYMJQSA-N,zalcitabine,C9H13N3O3,C | H | N | O,contains_N,transport,kegg.compound:C07207,none,1
kegg.compound:C07225,Minocycline,C07225,44053,MNXM727814,DYKFCLLONBREIL-KVUCHLLUSA-N,minocycline,C23H27N3O7,C | H | N | O,contains_N,transport,kegg.compound:C07225,none,1
kegg.compound:C07266,Nifedipine,C07266,7565,MNXM1103904,HYIMSNHJOBLJNT-UHFFFAOYSA-N,nifedipine,C17H18N2O6,C | H | N | O,contains_N,transport,kegg.compound:C07266,none,1
kegg.compound:C07315,Sulfamethoxazole,C07315,102247,MNXM1108032,JLKIGFTWXXRPMT-UHFFFAOYSA-N,sulfamethoxazole,C10H11N3O3S,C | H | N | O | S,contains_N,transport,kegg.compound:C07315,none,1
kegg.compound:C07321,Ofloxacin,C07321,100146,MNXM65403,GSDSWSVVBLHKDQ-SNVBAGLBSA-N,ofloxacin,C18H20FN3O4,C | F | H | N | O,contains_N,transport,kegg.compound:C07321,none,1
kegg.compound:C07334,Oxacillin,C07334,52132,MNXM159104,UWYHMGVUTGAWSP-JKIFEVAISA-N,oxacillin,C19H19N3O5S,C | H | N | O | S,contains_N,transport,kegg.compound:C07334,none,1
kegg.compound:C07368,Prazosin,C07368,8364,MNXM77957,IENZQIKPVFGBNW-UHFFFAOYSA-N,prazosin,C19H21N5O4,C | H | N | O,contains_N,transport,kegg.compound:C07368,none,1
kegg.compound:C07372,Probenecid,C07372,8426,MNXM95638,DBABZHXKTCFAPX-UHFFFAOYSA-N,probenecid,C13H19NO4S,C | H | N | O | S,contains_N,transport,kegg.compound:C07372,none,1
kegg.compound:C07394,Paclitaxel,C07394,45862,MNXM162590,RCINICONZNJXQF-MZXODVADSA-N,paclitaxel,C47H51NO14,C | H | N | O,contains_N,transport,kegg.compound:C07394,none,1
kegg.compound:C07458,Sulfanilamide,C07458,45370,MNXM725453,FDDDEECHVMSUSB-UHFFFAOYSA-N,sulfanilamide,C6H8N2O2S,C | H | N | O | S,contains_N,transport,kegg.compound:C07458,none,1
kegg.compound:C07481,Caffeine,C07481,177330,MNXM680,RYYVLZVUVIJVGH-UHFFFAOYSA-N,caffeine,C8H10N4O2,C | H | N | O,contains_N,transport | metabolomics,kegg.compound:C07481,none,1
kegg.compound:C07512,Tetraethylammonium,C07512,44295,MNXM740790,CBXCPBUEXACCNR-UHFFFAOYSA-N,tetraethylammonium,C8H20N,C | H | N,contains_N,transport,kegg.compound:C07512,none,1
kegg.compound:C07622,Voriconazole,C07622,10023,MNXM89042,BCEHBSKCWLPMDN-MGPLVRAMSA-N,voriconazole,C16H14F3N5O,C | F | H | N | O,contains_N,transport,kegg.compound:C07622,none,1
kegg.compound:C07625,Chloroquine,C07625,149484,MNXM46486,WHTVZRBIWZFKQO-UHFFFAOYSA-N,chloroquine,C18H26ClN3,C | Cl | H | N,contains_N,transport,kegg.compound:C07625,none,1
kegg.compound:C07658,Sulfadiazine,C07658,9328,MNXM1107889,SEEPANYCNGTZFQ-UHFFFAOYSA-N,sulfadiazine,C10H10N4O2S,C | H | N | O | S,contains_N,transport,kegg.compound:C07658,none,1
kegg.compound:C07660,Levofloxacin,C07660,231553,MNXM60010,GSDSWSVVBLHKDQ-JTQLQIEISA-N,levofloxacin,C18H20FN3O4,C | F | H | N | O,contains_N,transport,kegg.compound:C07660,none,1
kegg.compound:C07662,Sparfloxacin,C07662,9212,MNXM82524,DZZWHBIBMUVIIW-DTORHVGOSA-N,sparfloxacin,C19H22F2N4O3,C | F | H | N | O,contains_N,transport,kegg.compound:C07662,none,1
kegg.compound:C08037,Benzalkonium chloride,C08037,3020,MNXM43482,,benzalkonium chloride,C9H13ClN*,C | Cl | H | N,contains_N,transport,kegg.compound:C08037,none,1
kegg.compound:C08079,Terbinafine,C08079,77615,MNXM1368500,DOMXUEMWDBAQBQ-WEVVVXLNSA-N,terbinafine,C21H25N,C | H | N,contains_N,transport,kegg.compound:C08079,none,1
kegg.compound:C08111,Cefepime,C08111,3486,MNXM727297,HVFLCNVBZFFHBT-ZKDACBOMSA-O,cefepime,C19H25N6O5S2,C | H | N | O | S,contains_N,transport,kegg.compound:C08111,none,1
kegg.compound:C08146,Linezolid,C08146,181548,MNXM60167,TYZROVQLWOKYKF-ZDUSSCGKSA-N,linezolid,C16H20FN3O4,C | F | H | N | O,contains_N,transport,kegg.compound:C08146,none,1
kegg.compound:C08263,beta-Alaninebetaine,C08263,10344,MNXM16267,ACZVSMNFVFBOTM-UHFFFAOYSA-N,beta-alaninebetaine,C6H13NO2,C | H | N | O,contains_N,transport,kegg.compound:C08263,none,1
kegg.compound:C08272,Kinetin,C08272,10584,MNXM12033,QANMHLXAZMSUEX-UHFFFAOYSA-N,kinetin,C10H9N5O,C | H | N | O,contains_N,transport,kegg.compound:C08272,none,1
kegg.compound:C08275,L-Djenkolic acid,C08275,6211,MNXM11409,JMQMNWIBUCGUDO-WHFBIAKZSA-N,l-djenkolic acid,C7H14N2O4S2,C | H | N | O | S,contains_N,transport,kegg.compound:C08275,none,1
kegg.compound:C08511,Tenuazonic acid,C08511,9440,MNXM1108514,KLBSRSYHIIAQTG-PZICIZFRSA-N,tenuazonic acid,C10H15NO3,C | H | N | O,contains_N,transport,kegg.compound:C08511,none,1
kegg.compound:C09955,Ochratoxin A,C09955,166829,MNXM65252,RWQKHEORZBHNRI-BMIGLBTASA-M,ochratoxin a,C20H17ClNO6,C | Cl | H | N | O,contains_N,transport,kegg.compound:C09955,none,1
kegg.compound:C10126,Anatabine,C10126,2705,MNXM10708,SOPPBXUYQGUQHE-JTQLQIEISA-N,anatabine,C10H12N2,C | H | N,contains_N,transport,kegg.compound:C10126,none,1
kegg.compound:C10146,Fusaric acid,C10146,5199,MNXM54068,DGMPVYSXXIOGJY-UHFFFAOYSA-N,fusaric acid,C10H13NO2,C | H | N | O,contains_N,transport,kegg.compound:C10146,none,1
kegg.compound:C10172,Stachydrine,C10172,21451,MNXM18941,CMUNUTVVOOHQPW-LURJTMIESA-N,stachydrine,C7H13NO2,C | H | N | O,contains_N,transport,kegg.compound:C10172,none,1
kegg.compound:C10896,Benomyl,C10896,3015,MNXM43449,RIOXQFHNBCKOKP-UHFFFAOYSA-N,benomyl,C14H18N4O3,C | H | N | O,contains_N,transport,kegg.compound:C10896,none,1
kegg.compound:C11110,Imidacloprid,C11110,39168,MNXM733904,YWTYJOPNNQFBPC-UHFFFAOYSA-N,imidacloprid,C9H10ClN5O2,C | Cl | H | N | O,contains_N,transport,kegg.compound:C11110,none,1
kegg.compound:C11161,Ethidium bromide,C11161,4883,MNXM155825,ZMMJGEGLRURXTF-UHFFFAOYSA-N,ethidium bromide,C21H20BrN3,Br | C | H | N,contains_N,transport,kegg.compound:C11161,none,1
kegg.compound:C11164,CCCP,C11164,3259,MNXM1108231,UGTJLJZQQFGTJD-UHFFFAOYSA-N,cccp,C9H5ClN4,C | Cl | H | N,contains_N,transport,kegg.compound:C11164,none,1
kegg.compound:C11169,Sulfathiazole,C11169,9337,MNXM1108501,JNMRHUJNCSQMMB-UHFFFAOYSA-N,sulfathiazole,C9H9N3O2S2,C | H | N | O | S,contains_N,transport,kegg.compound:C11169,none,1
kegg.compound:C11177,Rhodamine 6G,C11177,49841,MNXM95704,XFKVYXCRNATCOO-UHFFFAOYSA-M,rhodamine 6g,C28H31ClN2O3,C | Cl | H | N | O,contains_N,transport,kegg.compound:C11177,none,1
kegg.compound:C11179,Pyronine Y,C11179,8682,MNXM95683,INCIMLINXXICKS-UHFFFAOYSA-M,pyronine y,C17H19ClN2O,C | Cl | H | N | O,contains_N,transport,kegg.compound:C11179,none,1
kegg.compound:C11181,Proflavine,C11181,44910,MNXM150801,WDVSHHCDHLJJJR-UHFFFAOYSA-N,proflavine,C13H11N3,C | H | N,contains_N,transport,kegg.compound:C11181,none,1
kegg.compound:C11189,Hoechst 33342,C11189,43198,MNXM734502,PRDFBSVERLRRMY-UHFFFAOYSA-N,hoechst 33342,C27H28N6O,C | H | N | O,contains_N,transport,kegg.compound:C11189,none,1
kegg.compound:C11195,Mitoxantrone,C11195,43919,MNXM95318,KKZJGLLVHKMTCM-UHFFFAOYSA-N,mitoxantrone,C22H28N4O6,C | H | N | O,contains_N,transport,kegg.compound:C11195,none,1
kegg.compound:C11231,Docetaxel anhydrous,C11231,46058,MNXM51427,ZDZOTLJHXYCWBA-VCVYQWHSSA-N,docetaxel anhydrous,C43H53NO14,C | H | N | O,contains_N,transport,kegg.compound:C11231,none,1
kegg.compound:C11259,Bicozamycin,C11259,3091,MNXM44247,WOUDXEYYJPOSNE-VKZDFBPFSA-N,bicozamycin,C12H18N2O7,C | H | N | O,contains_N,transport,kegg.compound:C11259,none,1
kegg.compound:C11261,Amitrole,C11261,1448,MNXM41901,KLSJWNVTNUYHDU-UHFFFAOYSA-N,amitrole,C2H4N4,C | H | N,contains_N,transport,kegg.compound:C11261,none,1
kegg.compound:C11263,6-Benzylaminopurine,C11263,2173,MNXM1101859,NWBJYWHLCVSVIJ-UHFFFAOYSA-N,6-benzylaminopurine,C12H11N5,C | H | N,contains_N,transport,kegg.compound:C11263,none,1
kegg.compound:C11275,Cetyltrimethylammonium bromide,C11275,207931,MNXM729563,LZZYPRNAOMGNLH-UHFFFAOYSA-M,cetyltrimethylammonium bromide,C19H42BrN,Br | C | H | N,contains_N,transport,kegg.compound:C11275,none,1
kegg.compound:C11277,Adefovir,C11277,134512,MNXM40256,SUPKOOSCJHTBAH-UHFFFAOYSA-N,adefovir,C8H12N5O4P,C | H | N | O | P,contains_N,transport,kegg.compound:C11277,none,1
kegg.compound:C11279,Myristyltrimethylaminium bromide,C11279,3565,MNXM46195,CXRFDZFCGOPDTD-UHFFFAOYSA-M,myristyltrimethylaminium bromide,C17H38BrN,Br | C | H | N,contains_N,transport,kegg.compound:C11279,none,1
kegg.compound:C11284,Indolebutyric acid,C11284,143274,MNXM18664,JTEDVYBZBROSJT-UHFFFAOYSA-M,indolebutyric acid,C12H12NO2,C | H | N | O,contains_N,transport,kegg.compound:C11284,none,1
kegg.compound:C11299,Virginiamycin M1,C11299,46395,MNXM1107618,DAIKHDNSXMZDCU-FQTGFAPKSA-N,virginiamycin m1,C28H35N3O7,C | H | N | O,contains_N,transport,kegg.compound:C11299,none,1
kegg.compound:C11310,1-Methyl-4-phenylpyridinium,C11310,641,MNXM19713,FMGYKKMPNATWHP-UHFFFAOYSA-N,1-methyl-4-phenylpyridinium,C12H12N,C | H | N,contains_N,transport,kegg.compound:C11310,none,1
kegg.compound:C11615,Pristinamycin IA,C11615,8417,MNXM78072,YGXCETJZBDTKRY-DZCVGBHJSA-N,pristinamycin ia,C45H54N8O10,C | H | N | O,contains_N,transport,kegg.compound:C11615,none,1
kegg.compound:C11622,Tetramethylrosamine,C11622,9494,MNXM161513,XUDZMIGAJMGETI-UHFFFAOYSA-N,tetramethylrosamine,C24H24ClN2O,C | Cl | H | N | O,contains_N,transport,kegg.compound:C11622,none,1
kegg.compound:C11904,Dihydromethanophenazine,C11904,14157,MNXM2014,LNCNNIYZOUNGMU-QAAQOENVSA-N,dihydromethanophenazine,C37H52N2O,C | H | N | O,contains_N,transport,kegg.compound:C11904,none,1
kegg.compound:C12012,Tigecycline,C12012,142708,MNXM87222,FPZLLRFZJZRHSY-HJYUBDRYSA-O,tigecycline,C29H40N5O8,C | H | N | O,contains_N,transport,kegg.compound:C12012,none,1
kegg.compound:C12013,Daptomycin,C12013,29570,MNXM1100553,DOAKLVKFURWEDJ-RWDRXURGSA-N,daptomycin,C72H101N17O26,C | H | N | O,contains_N,transport,kegg.compound:C12013,none,1
kegg.compound:C12030,Mycosubtilin,C12030,29633,MNXM62734,,mycosubtilin,C37H51N12O14*,C | H | N | O,contains_N,transport,kegg.compound:C12030,none,1
kegg.compound:C12038,Yersiniabactin,C12038,149525,MNXM732724,JHYVWAMMAMCUIR-VQNLDRKJSA-N,yersiniabactin,C21H27N3O4S3,C | H | N | O | S,contains_N,transport,kegg.compound:C12038,none,1
kegg.compound:C12044,Rifamycin,C12044,29673,MNXM1363979,HJYYPODYNSCCOU-ODRIEIDWSA-M,rifamycin,C37H46NO12,C | H | N | O,contains_N,transport,kegg.compound:C12044,none,1
kegg.compound:C12058,Cerulenin,C12058,171741,MNXM1369609,GVEZIHKRYBHEFX-NQQPLRFYSA-N,cerulenin,C12H17NO3,C | H | N | O,contains_N,transport,kegg.compound:C12058,none,1
kegg.compound:C12112,Validamycin A,C12112,29703,MNXM732705,JARYYMUOCXVXNK-CSLFJTBJSA-O,validamycin a,C20H36NO13,C | H | N | O,contains_N,transport,kegg.compound:C12112,none,1
kegg.compound:C12154,Epothilone B,C12154,31550,MNXM1104583,QXRSDHAAWVKZLJ-PVYNADRNSA-N,epothilone b,C27H41NO6S,C | H | N | O | S,contains_N,transport,kegg.compound:C12154,none,1
kegg.compound:C12219,Corynebactin,C12219,31432,MNXM16212,RCQTVEFBFUNTGM-BDVHUIKKSA-N,corynebactin,C39H42N6O18,C | H | N | O,contains_N,transport,kegg.compound:C12219,none,1
kegg.compound:C12268,Syringomycin,C12268,32174,MNXM83230,,syringomycin,C44H66ClN14O17*,C | Cl | H | N | O,contains_N,transport,kegg.compound:C12268,none,1
kegg.compound:C12853,Thiamphenicol,C12853,32215,MNXM161569,OTVAEFIXJLOWRX-NXEZZACHSA-N,thiamphenicol,C12H15Cl2NO5S,C | Cl | H | N | O | S,contains_N,transport,kegg.compound:C12853,none,1
kegg.compound:C12871,Lopinavir,C12871,31781,MNXM724902,KJHKTHWMRKYKJE-SUGCFTRWSA-N,lopinavir,C37H48N4O5,C | H | N | O,contains_N,transport,kegg.compound:C12871,none,1
kegg.compound:C14034,Piperacillin,C14034,472443,MNXM160254,IVBHGBMCVLDMKU-GXNBUGAJSA-N,piperacillin,C23H27N5O7S,C | H | N | O | S,contains_N,transport,kegg.compound:C14034,none,1
kegg.compound:C14310,Picloram,C14310,34922,MNXM740086,NQQVFXUMIDALNH-UHFFFAOYSA-N,picloram,C6H3Cl3N2O2,C | Cl | H | N | O,contains_N,transport,kegg.compound:C14310,none,1
kegg.compound:C14322,Chlorpyrifos,C14322,34631,MNXM46520,SBPBAQFWLVIOKP-UHFFFAOYSA-N,chlorpyrifos,C9H11Cl3NO3PS,C | Cl | H | N | O | P | S,contains_N,transport,kegg.compound:C14322,none,1
kegg.compound:C14338,Quintozene,C14338,34908,MNXM73140,LKPLKUMXSAEKID-UHFFFAOYSA-N,quintozene,C6Cl5NO2,C | Cl | N | O,contains_N,transport,kegg.compound:C14338,none,1
kegg.compound:C14397,Dinitrochlorobenzene,C14397,34718,MNXM1398,VYZAHLCBVHPDDF-UHFFFAOYSA-N,dinitrochlorobenzene,C6H3ClN2O4,C | Cl | H | N | O,contains_N,transport,kegg.compound:C14397,none,1
kegg.compound:C14415,Thiourea,C14415,29331,MNXM22056,UMGDCJDMYOKAJW-UHFFFAOYSA-N,thiourea,CH4N2S,C | H | N | S,contains_N,transport,kegg.compound:C14415,none,1
kegg.compound:C14531,Azomycin,C14531,67135,MNXM43203,YZEUHQHUFTYLPH-UHFFFAOYSA-N,azomycin,C3H3N3O2,C | H | N | O,contains_N,transport,kegg.compound:C14531,none,1
kegg.compound:C14691,Triethylamine,C14691,35026,MNXM87917,ZMANZCXQSJIPKH-UHFFFAOYSA-N,triethylamine,C6H15N,C | H | N,contains_N,transport,kegg.compound:C14691,none,1
kegg.compound:C14701,Paraquat,C14701,34905,MNXM726936,INFDPOAKFNIJBF-UHFFFAOYSA-N,paraquat,C12H14N2,C | H | N,contains_N,transport,kegg.compound:C14701,none,1
kegg.compound:C15686,Arthrofactin,C15686,80022,MNXM42710,HXMCERBOSXQYRH-KSVGBCIHSA-N,arthrofactin,C64H111N11O20,C | H | N | O,contains_N,transport,kegg.compound:C15686,none,1
kegg.compound:C15719,Coelichelin,C15719,80049,MNXM1108256,ZPJLQAOTGYKOBJ-OVYGPGRDSA-N,coelichelin,C21H39N7O11,C | H | N | O,contains_N,transport,kegg.compound:C15719,none,1
kegg.compound:C16431,trans-Zeatin riboside,C16431,71693,MNXM2871,GOSWTRUMMSCNCW-HNNGNKQASA-N,trans-zeatin riboside,C15H21N5O5,C | H | N | O,contains_N,transport,kegg.compound:C16431,none,1
kegg.compound:C16433,Aspartate,C16433,176633,MNXM1364495,CKLJMWTZIZZHCS-UHFFFAOYSA-N,aspartate,C4H7NO4,C | H | N | O,contains_N,transport | metabolomics,kegg.compound:C16433,none,1
kegg.compound:C16438,Asparagine,C16438,22653,MNXM1107820,DCXYFEDJOCDNAF-UHFFFAOYSA-N,asparagine,C4H8N2O3,C | H | N | O,contains_N,transport | metabolomics,kegg.compound:C16438,none,1
kegg.compound:C16692,Mannopine,C16692,80662,MNXM61121,VPRLICVDSGMIKO-SZWOQXJISA-N,mannopine,C11H22N2O8,C | H | N | O,contains_N,transport,kegg.compound:C16692,none,1
kegg.compound:C17349,Guanidine,C17349,24435,MNXM2828,ZRALSGWEFCBTJO-UHFFFAOYSA-O,guanidine,CH6N3,C | H | N,contains_N,transport,kegg.compound:C17349,none,1
kegg.compound:C18021,Pheophorbide a,C18021,38257,MNXM1364548,NSFSLUUZQIAOOX-QEWKCGBTSA-N,pheophorbide a,C35H36N4O5,C | H | N | O,contains_N,transport,kegg.compound:C18021,none,1
kegg.compound:C18460,Echlomezole,C18460,81761,MNXM724655,KQTVWCSONPJJPE-UHFFFAOYSA-N,echlomezole,C5H5Cl3N2OS,C | Cl | H | N | O | S,contains_N,transport,kegg.compound:C18460,none,1
kegg.compound:C18870,Selenodiglutathione,C18870,26634,MNXM740172,GJEZZQVPWMCGSB-BJDJZHNGSA-L,selenodiglutathione,C20H30N6O12S2Se,C | H | N | O | S | Se,contains_N,transport,kegg.compound:C18870,none,1
kegg.compound:C19315,Acridine orange,C19315,52788,MNXM151792,DPKHZNPWBDQZCN-UHFFFAOYSA-O,acridine orange,C17H20N3,C | H | N,contains_N,transport,kegg.compound:C19315,none,1
kegg.compound:C19453,"4,4^-Methylenediphenyl diisocyanate",C19453,53218,MNXM51166,UPMLOUAZCHDJJD-UHFFFAOYSA-N,"4,4^-methylenediphenyl diisocyanate",C15H10N2O2,C | H | N | O,contains_N,transport,kegg.compound:C19453,none,1
kegg.compound:C19907,Pyrrole,C19907,19203,MNXM1371464,KAESVJOAVNADME-UHFFFAOYSA-N,pyrrole,C4H5N,C | H | N,contains_N,transport,kegg.compound:C19907,none,1
kegg.compound:C19910,N-Acetyl-beta-neuraminate,C19910,45744,MNXM1106047,SQVRNKJHWKZAKO-PFQGKNLYSA-M,n-acetyl-beta-neuraminate,C11H18NO9,C | H | N | O,contains_N,transport,kegg.compound:C19910,none,1
kegg.compound:C20141,Acridine,C20141,36420,MNXM40151,DZBUGLKDJFMEHC-UHFFFAOYSA-N,acridine,C13H9N,C | H | N,contains_N,transport,kegg.compound:C20141,none,1
kegg.compound:C20292,Tetramethylammonium,C20292,35264,MNXM22029,QEMXHQIAXOOASZ-UHFFFAOYSA-N,tetramethylammonium,C4H12N,C | H | N,contains_N,transport,kegg.compound:C20292,none,1
kegg.compound:C20348,Lissamine rhodamine B,C20348,52101,MNXM106238,SXQCTESRRZBPHJ-UHFFFAOYSA-M,lissamine rhodamine b,C27H29N2NaO7S2,C | H | N | Na | O | S,contains_N,transport,kegg.compound:C20348,none,1
kegg.compound:C20942,Bacilysin,C20942,72687,MNXM119606,XFOUAXMJRHNTOP-PFQXTLEHSA-N,bacilysin,C12H18N2O5,C | H | N | O,contains_N,transport,kegg.compound:C20942,none,1
kegg.compound:C21476,Phenazine,C21476,36674,MNXM74889,PCNDJXKNXGMECE-UHFFFAOYSA-N,phenazine,C12H8N2,C | H | N,contains_N,transport,kegg.compound:C21476,none,1
kegg.compound:C21543,Olmesartan,C21543,48416,MNXM65505,VTRAEEWXHOVJFV-UHFFFAOYSA-N,olmesartan,C24H26N6O3,C | H | N | O,contains_N,transport,kegg.compound:C21543,none,1
kegg.compound:C21647,Roseoflavin,C21647,136521,MNXM12900,IGQLDUYTWDABFK-GUTXKFCHSA-M,roseoflavin,C18H22N5O6,C | H | N | O,contains_N,transport,kegg.compound:C21647,none,1
kegg.compound:C21721,Camalexin,C21721,22990,MNXM10868,IYODIJVWGPRBGQ-UHFFFAOYSA-N,camalexin,C11H8N2S,C | H | N | S,contains_N,transport,kegg.compound:C21721,none,1
kegg.compound:C22040,S-Methyl-L-cysteine,C22040,133545,MNXM1372308,IDIDJDIHTAOVLG-VKHMYHEASA-N,s-methyl-l-cysteine,C4H9NO2S,C | H | N | O | S,contains_N,transport,kegg.compound:C22040,none,1
kegg.compound:C22102,Staphyloferrin A,C22102,142973,MNXM1105062,VJSIXUQLTJCRCS-DFQXCPINSA-I,staphyloferrin a,C17H19N2O14,C | H | N | O,contains_N,transport,kegg.compound:C22102,none,1
kegg.compound:C07645,Aldophosphamide,C07645,2560,MNXM2968,QMGUSPDJTPDFSF-UHFFFAOYSA-N,aldophosphamide,C7H15Cl2N2O3P,C | Cl | H | N | O | P,contains_N,metabolism,kegg.compound:C07645,none,1
kegg.compound:C14800,"1-Nitronaphthalene-5,6-oxide",C14800,34105,MNXM4239,GSAMVXYBVGOJMK-UHFFFAOYSA-N,"1-nitronaphthalene-5,6-oxide",C10H7NO3,C | H | N | O,contains_N,metabolism,kegg.compound:C14800,none,1
kegg.compound:C11278,"Aflatoxin B1exo-8,9-epoxide-GSH",C11278,,MNXM94371,LYDBAPNRLUDIAS-NCQSKUNESA-N,"aflatoxin b1exo-8,9-epoxide-gsh",C27H29N3O13S,C | H | N | O | S,contains_N,metabolism,kegg.compound:C11278,none,1
kegg.compound:C11583,4-Glutathionyl cyclophosphamide,C11583,1831,MNXM10187,CXEDBYAXQXFDHD-UHFFFAOYSA-N,4-glutathionyl cyclophosphamide,C17H30Cl2N5O8PS,C | Cl | H | N | O | P | S,contains_N,metabolism,kegg.compound:C11583,none,1
kegg.compound:C14791,"(1R)-Hydroxy-(2R)-glutathionyl-1,2-dihydronaphthalene",C14791,33995,MNXM1103737,HBBDHJOSZGOTBV-OIPACUDHSA-N,"(1r)-hydroxy-(2r)-glutathionyl-1,2-dihydronaphthalene",C20H25N3O7S,C | H | N | O | S,contains_N,metabolism,kegg.compound:C14791,none,1
kegg.compound:C14792,"(1S)-Hydroxy-(2S)-glutathionyl-1,2-dihydronaphthalene",C14792,34000,MNXM1103739,HBBDHJOSZGOTBV-XSWJXKHESA-N,"(1s)-hydroxy-(2s)-glutathionyl-1,2-dihydronaphthalene",C20H25N3O7S,C | H | N | O | S,contains_N,metabolism,kegg.compound:C14792,none,1
kegg.compound:C14793,"(1R)-Glutathionyl-(2R)-hydroxy-1,2-dihydronaphthalene",C14793,33993,MNXM1103588,UWBZAZWPTVBBEL-OIPACUDHSA-N,"(1r)-glutathionyl-(2r)-hydroxy-1,2-dihydronaphthalene",C20H25N3O7S,C | H | N | O | S,contains_N,metabolism,kegg.compound:C14793,none,1
kegg.compound:C14802,"1-Nitronaphthalene-7,8-oxide",C14802,34106,MNXM5418,JBECFHRNFSQXPM-UHFFFAOYSA-N,"1-nitronaphthalene-7,8-oxide",C10H7NO3,C | H | N | O,contains_N,metabolism,kegg.compound:C14802,none,1
kegg.compound:C14803,"1-Nitro-7-hydroxy-8-glutathionyl-7,8-dihydronaphthalene",C14803,34103,MNXM1104942,RQCSOWVLCHNLLC-WXFCVCCESA-N,"1-nitro-7-hydroxy-8-glutathionyl-7,8-dihydronaphthalene",C20H24N4O9S,C | H | N | O | S,contains_N,metabolism,kegg.compound:C14803,none,1
kegg.compound:C14804,"1-Nitro-7-glutathionyl-8-hydroxy-7,8-dihydronaphthalene",C14804,34102,MNXM1104940,FCTXJUPCCZHZHU-WXFCVCCESA-N,"1-nitro-7-glutathionyl-8-hydroxy-7,8-dihydronaphthalene",C20H24N4O9S,C | H | N | O | S,contains_N,metabolism,kegg.compound:C14804,none,1
kegg.compound:C14805,"1-Nitro-5-hydroxy-6-glutathionyl-5,6-dihydronaphthalene",C14805,34101,MNXM1104938,SFJZEQDXMXSLGC-RJXQQRCHSA-N,"1-nitro-5-hydroxy-6-glutathionyl-5,6-dihydronaphthalene",C20H24N4O9S,C | H | N | O | S,contains_N,metabolism,kegg.compound:C14805,none,1
kegg.compound:C14806,"1-Nitro-5-glutathionyl-6-hydroxy-5,6-dihydronaphthalene",C14806,34100,MNXM1104936,ASZHPHJDCUIIBF-RJXQQRCHSA-N,"1-nitro-5-glutathionyl-6-hydroxy-5,6-dihydronaphthalene",C20H24N4O9S,C | H | N | O | S,contains_N,metabolism,kegg.compound:C14806,none,1
kegg.compound:C14847,"3,4-Dihydro-3-hydroxy-4-S-glutathionyl bromobenzene",C14847,34324,MNXM1104957,WIPMNDWTVDZAHE-JYBOHDQNSA-N,"3,4-dihydro-3-hydroxy-4-s-glutathionyl bromobenzene",C16H22BrN3O7S,Br | C | H | N | O | S,contains_N,metabolism,kegg.compound:C14847,none,1
kegg.compound:C14848,"2,3-Dihydro-2-S-glutathionyl-3-hydroxy bromobenzene",C14848,34228,MNXM1104953,BYHFLDCNLZPMDY-PXAOEZFJSA-N,"2,3-dihydro-2-s-glutathionyl-3-hydroxy bromobenzene",C16H22BrN3O7S,Br | C | H | N | O | S,contains_N,metabolism,kegg.compound:C14848,none,1
kegg.compound:C14855,"4,5-Dihydro-4-hydroxy-5-S-glutathionyl-benzo[a]pyrene",C14855,34374,MNXM1101189,PZXCOGFLSNREMF-SUZCJKPRSA-N,"4,5-dihydro-4-hydroxy-5-s-glutathionyl-benzo[a]pyrene",C30H29N3O7S,C | H | N | O | S,contains_N,metabolism,kegg.compound:C14855,none,1
kegg.compound:C14856,"7,8-Dihydro-7-hydroxy-8-S-glutathionyl-benzo[a]pyrene",C14856,34479,MNXM1101199,GODDWIDSELPRPA-QMIJOYDGSA-N,"7,8-dihydro-7-hydroxy-8-s-glutathionyl-benzo[a]pyrene",C30H29N3O7S,C | H | N | O | S,contains_N,metabolism,kegg.compound:C14856,none,1
kegg.compound:C14861,"S-(2,2-Dichloro-1-hydroxy)ethyl glutathione",C14861,34958,MNXM1101884,RULDRNMMLPUXQI-LBHDVABESA-N,"s-(2,2-dichloro-1-hydroxy)ethyl glutathione",C12H19Cl2N3O7S,C | Cl | H | N | O | S,contains_N,metabolism,kegg.compound:C14861,none,1
kegg.compound:C14863,2-(S-Glutathionyl)acetyl glutathione,C14863,34254,MNXM1103686,QEJUVDVAWJBQIG-CYDGBPFRSA-N,2-(s-glutathionyl)acetyl glutathione,C22H34N6O13S2,C | H | N | O | S,contains_N,metabolism,kegg.compound:C14863,none,1
kegg.compound:C14864,S-(2-Chloroacetyl)glutathione,C14864,34959,MNXM1101889,QJDRMMRBPVHMAD-BQBZGAKWSA-N,s-(2-chloroacetyl)glutathione,C12H18ClN3O7S,C | Cl | H | N | O | S,contains_N,metabolism,kegg.compound:C14864,none,1
kegg.compound:C14865,2-(S-Glutathionyl)acetyl chloride,C14865,34253,MNXM1103437,QUWRSBQWJGCKIV-BQBZGAKWSA-N,2-(s-glutathionyl)acetyl chloride,C12H18ClN3O7S,C | Cl | H | N | O | S,contains_N,metabolism,kegg.compound:C14865,none,1
kegg.compound:C14868,"S-(1,2-Dichlorovinyl)glutathione",C14868,34957,MNXM1101882,IXARYIJEQUJTIZ-KWRIXSAHSA-N,"s-(1,2-dichlorovinyl)glutathione",C12H17Cl2N3O6S,C | Cl | H | N | O | S,contains_N,metabolism,kegg.compound:C14868,none,1
kegg.compound:C14871,S-(Formylmethyl)glutathione,C14871,34962,MNXM1103518,VKLQBAQSSOPXGF-YUMQZZPRSA-N,s-(formylmethyl)glutathione,C12H19N3O7S,C | H | N | O | S,contains_N,metabolism,kegg.compound:C14871,none,1
kegg.compound:C14874,Glutathione episulfonium ion,C14874,34777,MNXM1103628,PWVNIRRYQGQWMG-YUMQZZPRSA-O,glutathione episulfonium ion,C12H20N3O6S,C | H | N | O | S,contains_N,metabolism,kegg.compound:C14874,none,1
kegg.compound:C11907,dTDP-4-oxo-6-deoxy-D-glucose,C11907,10510,MNXM1363974,PSXWNITXWWECNY-UCBTUHGZSA-L,dtdp-4-oxo-6-deoxy-d-glucose,C16H22N2O15P2,C | H | N | O | P,contains_N,metabolism,kegg.compound:C11907,none,1
kegg.compound:C04419,Carboxybiotin-carboxyl-carrier protein,C04419,,MNXM738259,,carboxybiotin-carboxyl-carrier protein,C18H26N5O6S*2,C | H | N | O | S,contains_N,metabolism,kegg.compound:C04419,none,1
kegg.compound:C00152,L-Asparagine,C00152,13083,MNXM1107821,DCXYFEDJOCDNAF-REOHCLBHSA-N,l-asparagine,C4H8N2O3,C | H | N | O,contains_N,metabolism | transport,kegg.compound:C00152,none,1
kegg.compound:C11355,4-Amino-4-deoxychorismate,C11355,11956,MNXM1458,OIUJHGOLFKDBSU-HTQZYQBOSA-M,4-amino-4-deoxychorismate,C10H10NO5,C | H | N | O,contains_N,metabolism,kegg.compound:C11355,none,1
kegg.compound:C16255,[Dihydrolipoyllysine-residue acetyltransferase] S-acetyldihydrolipoyllysine,C16255,,MNXM738857,,[dihydrolipoyllysine-residue acetyltransferase] s-acetyldihydrolipoyllysine,C10H18NO2S2*,C | H | N | O | S,contains_N,metabolism,kegg.compound:C16255,none,1
kegg.compound:C06113,L-Aspartyl-tRNA(Asn),C06113,,MNXM730167,,l-aspartyl-trna(asn),C19H30NO19P2*3,C | H | N | O | P,contains_N,metabolism,kegg.compound:C06113,none,1
kegg.compound:C06112,L-Glutamyl-tRNA(Gln),C06112,,MNXM731036,,l-glutamyl-trna(gln),C25H36N6O19P2*2,C | H | N | O | P,contains_N,metabolism,kegg.compound:C06112,none,1
kegg.compound:C04874,"7,8-Dihydroneopterin",C04874,1001,MNXM1371237,YQIFAMYNGGOTFB-XINAWCOVSA-N,"7,8-dihydroneopterin",C9H13N5O4,C | H | N | O,contains_N,metabolism,kegg.compound:C04874,none,1
kegg.compound:C16236,[Protein]-N6-(octanoyl)-L-lysine,C16236,80398,MNXM4090,,[protein]-n6-(octanoyl)-l-lysine,C8H16NO*,C | H | N | O,contains_N,metabolism,kegg.compound:C16236,none,1
kegg.compound:C16587,3-Carbamoyl-2-phenylpropionaldehyde,C16587,80586,MNXM3835,XUCMSYZLYLONTH-UHFFFAOYSA-N,3-carbamoyl-2-phenylpropionaldehyde,C10H11NO3,C | H | N | O,contains_N,metabolism,kegg.compound:C16587,none,1
kegg.compound:C01242,[Protein]-S8-aminomethyldihydrolipoyllysine,C01242,,MNXM740462,,[protein]-s8-aminomethyldihydrolipoyllysine,C9H19N2OS2*,C | H | N | O | S,contains_N,metabolism,kegg.compound:C01242,none,1
kegg.compound:C00853,Cob(I)alamin,C00853,14004,MNXM1104756,QANKJVJIINUQFB-HSZGVAHJSA-K,cob(i)alamin,C62H87CoN13O14P,C | Co | H | N | O | P,contains_N,metabolism,kegg.compound:C00853,none,1
kegg.compound:C05774,Cobinamide,C05774,23342,MNXM729643,JLHQWDQPSTZNHB-MQDJDTFKSA-L,cobinamide,C48H71CoN11O8,C | Co | H | N | O,contains_N,metabolism,kegg.compound:C05774,none,1
kegg.compound:C06505,"Cob(I)yrinate a,c diamide",C06505,23329,MNXM741369,HLUWIPQEJAQVQE-NVMVLMIQSA-G,"cob(i)yrinate a,c diamide",C45H55CoN6O12,C | Co | H | N | O,contains_N,metabolism,kegg.compound:C06505,none,1
kegg.compound:C20239,"6-Carboxy-5,6,7,8-tetrahydropterin",C20239,61032,MNXM3194,QSIYONWVWDSRRO-UHFFFAOYSA-M,"6-carboxy-5,6,7,8-tetrahydropterin",C7H8N5O3,C | H | N | O,contains_N,metabolism,kegg.compound:C20239,none,1
kegg.compound:C15672,Heme O,C15672,60530,MNXM1107744,FISPASSVCDRERW-ARQJTVBPSA-J,heme o,C49H56FeN4O5,C | Fe | H | N | O,contains_N,metabolism,kegg.compound:C15672,none,1
kegg.compound:C00498,ADP-glucose,C00498,13230,MNXM1105977,WFPZSXYXPSUOPY-ROYWQJLOSA-L,adp-glucose,C16H23N5O15P2,C | H | N | O | P,contains_N,metabolism,kegg.compound:C00498,none,1
kegg.compound:C16217,3-Hydroxyoctadecanoyl-CoA,C16217,50583,MNXM1363898,WZMAIEGYXCOYSH-FWBOWLIOSA-J,3-hydroxyoctadecanoyl-coa,C39H66N7O18P3S,C | H | N | O | P | S,contains_N,metabolism,kegg.compound:C16217,none,1
kegg.compound:C16216,3-Oxostearoyl-CoA,C16216,50571,MNXM1104572,LGOGWHDPDVAUNY-LFZQUHGESA-J,3-oxostearoyl-coa,C39H64N7O18P3S,C | H | N | O | P | S,contains_N,metabolism,kegg.compound:C16216,none,1
kegg.compound:C03972,"2,3,4,5-Tetrahydrodipicolinate",C03972,11408,MNXM480,CXMBCXQHOXUCEO-BYPYZUCNSA-L,"2,3,4,5-tetrahydrodipicolinate",C7H7NO4,C | H | N | O,contains_N,metabolism,kegg.compound:C03972,none,1
kegg.compound:C01909,Dethiobiotin,C01909,14132,MNXM1020,AUTOLBMXDDTRRT-JGVFFNPUSA-M,dethiobiotin,C10H17N2O3,C | H | N | O,contains_N,metabolism | metabolomics,kegg.compound:C01909,none,1
kegg.compound:C03722,Quinolinate,C03722,132942,MNXM555,GJAWHXHKYYXBSV-UHFFFAOYSA-L,quinolinate,C7H3NO4,C | H | N | O,contains_N,metabolism,kegg.compound:C03722,none,1
kegg.compound:C05840,Iminoaspartate,C05840,24784,MNXM1370456,NMUOATVLLQEYHI-UHFFFAOYSA-M,iminoaspartate,C4H4NO4,C | H | N | O,contains_N,metabolism,kegg.compound:C05840,none,1
kegg.compound:C01092,8-Amino-7-oxononanoate,C01092,12266,MNXM726864,GUAHPAJOXVYFON-ZETCQYMHSA-N,8-amino-7-oxononanoate,C9H17NO3,C | H | N | O,contains_N,metabolism,kegg.compound:C01092,none,1
kegg.compound:C06156,alpha-D-Glucosamine 1-phosphate,C06156,12316,MNXM1364052,YMJBYRVFGYXULK-QZABAPFNSA-M,alpha-d-glucosamine 1-phosphate,C6H13NO8P,C | H | N | O | P,contains_N,metabolism,kegg.compound:C06156,none,1
kegg.compound:C11638,3-Amino-2-oxopropyl phosphate,C11638,1449,MNXM1213,HIQNVODXENYOFK-UHFFFAOYSA-M,3-amino-2-oxopropyl phosphate,C3H7NO5P,C | H | N | O | P,contains_N,metabolism,kegg.compound:C11638,none,1
kegg.compound:C15996,7-Cyano-7-carbaguanine,C15996,45075,MNXM732649,FMKSMYDYKXQYRV-UHFFFAOYSA-N,7-cyano-7-carbaguanine,C7H5N5O,C | H | N | O,contains_N,metabolism,kegg.compound:C15996,none,1
kegg.compound:C20248,7-Carboxy-7-carbaguanine,C20248,61036,MNXM737298,XIUIRSLBMMTDSK-UHFFFAOYSA-M,7-carboxy-7-carbaguanine,C7H5N4O3,C | H | N | O,contains_N,metabolism,kegg.compound:C20248,none,1
kegg.compound:C16551,Alcophosphamide,C16551,80559,MNXM10616,BZGFIGVSVQRQBJ-UHFFFAOYSA-N,alcophosphamide,C7H17Cl2N2O3P,C | Cl | H | N | O | P,contains_N,metabolism,kegg.compound:C16551,none,1
kegg.compound:C16586,"2-Phenyl-1,3-propanediol monocarbamate",C16586,80585,MNXM6074,JQVQIZWJBLGVRW-UHFFFAOYSA-N,"2-phenyl-1,3-propanediol monocarbamate",C10H13NO3,C | H | N | O,contains_N,metabolism,kegg.compound:C16586,none,1
kegg.compound:C16595,"4-Hydroxy-5-phenyltetrahydro-1,3-oxazin-2-one",C16595,80593,MNXM6882,XZZMJRBYVRSAOS-UHFFFAOYSA-N,"4-hydroxy-5-phenyltetrahydro-1,3-oxazin-2-one",C10H11NO3,C | H | N | O,contains_N,metabolism,kegg.compound:C16595,none,1
kegg.compound:C16596,"5-Phenyl-1,3-oxazinane-2,4-dione",C16596,80594,MNXM6125,YPIQXPKZXKWWSZ-UHFFFAOYSA-N,"5-phenyl-1,3-oxazinane-2,4-dione",C10H9NO3,C | H | N | O,contains_N,metabolism,kegg.compound:C16596,none,1
kegg.compound:C04421,"N-Succinyl-LL-2,6-diaminoheptanedioate",C04421,12617,MNXM729177,GLXUWZBUPATPBR-BQBZGAKWSA-L,"n-succinyl-ll-2,6-diaminoheptanedioate",C11H16N2O7,C | H | N | O,contains_N,metabolism,kegg.compound:C04421,none,1
kegg.compound:C16832,[Protein]-N6-[(R)-dihydrolipoyl]-L-lysine,C16832,,MNXM731217,,[protein]-n6-[(r)-dihydrolipoyl]-l-lysine,C8H16NOS2*,C | H | N | O | S,contains_N,metabolism,kegg.compound:C16832,none,1
kegg.compound:C19078,tRNA with a 3^ cytidine,C19078,82203,MNXM728035,,trna with a 3^ cytidine,C19H29N3O17P2*2,C | H | N | O | P,contains_N,metabolism,kegg.compound:C19078,none,1
kegg.compound:C19080,tRNA with a 3^ CC end,C19080,82205,MNXM728027,,trna with a 3^ cc end,C28H41N6O24P3*2,C | H | N | O | P,contains_N,metabolism,kegg.compound:C19080,none,1
kegg.compound:C19085,tRNA with a 3^ CCA end,C19085,82208,MNXM728032,,trna with a 3^ cca end,C38H53N11O30P4*2,C | H | N | O | P,contains_N,metabolism,kegg.compound:C19085,none,1
kegg.compound:C16237,Protein N6-(lipoyl)lysine,C16237,,MNXM741251,,protein n6-(lipoyl)lysine,C8H14NOS2*,C | H | N | O | S,contains_N,metabolism,kegg.compound:C16237,none,1
kegg.compound:C16240,[Lipoyl-carrier protein]-L-lysine,C16240,13845,MNXM91491,,[lipoyl-carrier protein]-l-lysine,H5N*,H | N,contains_N,metabolism,kegg.compound:C03688,id,2
kegg.compound:C04462,N-Succinyl-2-L-amino-6-oxoheptanedioate,C04462,10967,MNXM1563,SDVXSCSNVVZWDD-LURJTMIESA-K,n-succinyl-2-l-amino-6-oxoheptanedioate,C11H12NO8,C | H | N | O,contains_N,metabolism,kegg.compound:C04462,none,1
kegg.compound:C00669,gamma-L-Glutamyl-L-cysteine,C00669,10566,MNXM735669,RITKHVBHSGLULN-WHFBIAKZSA-M,gamma-l-glutamyl-l-cysteine,C8H13N2O5S,C | H | N | O | S,contains_N,metabolism,kegg.compound:C00669,none,1
kegg.compound:C21015,gamma-L-Glutamyl-L-2-aminobutyrate,C21015,176875,MNXM164790,FUZOZPRKGAXGOB-WDSKDSINSA-M,gamma-l-glutamyl-l-2-aminobutyrate,C9H15N2O5,C | H | N | O,contains_N,metabolism,kegg.compound:C21015,none,1
kegg.compound:C00301,ADP-ribose,C00301,13231,MNXM1104545,SRNWOUGRCWSEMX-KEOHHSTQSA-N,adp-ribose,C15H23N5O14P2,C | H | N | O | P,contains_N,metabolism,kegg.compound:C00301,none,1
kegg.compound:C00018,Pyridoxal phosphate,C00018,14977,MNXM161,NGVDGCNFYWLIFO-UHFFFAOYSA-L,pyridoxal phosphate,C8H8NO6P,C | H | N | O | P,contains_N,metabolism | metabolomics,kegg.compound:C00018,none,1
kegg.compound:C21008,"7,8-Dihydromonapterin",C21008,71175,MNXM1372630,YQIFAMYNGGOTFB-NJGYIYPDSA-N,"7,8-dihydromonapterin",C9H13N5O4,C | H | N | O,contains_N,metabolism,kegg.compound:C21008,none,1
kegg.compound:C00647,Pyridoxamine phosphate,C00647,14979,MNXM366,ZMJGSOSNSPKHNH-UHFFFAOYSA-M,pyridoxamine phosphate,C8H12N2O5P,C | H | N | O | P,contains_N,metabolism,kegg.compound:C00647,none,1
kegg.compound:C05696,3^-Phosphoadenylyl selenate,C05696,1354,MNXM1103360,AZRLZPIFEZUZLW-KQYNXXCUSA-N,3^-phosphoadenylyl selenate,C10H15N5O13P2Se,C | H | N | O | P | Se,contains_N,metabolism,kegg.compound:C05696,none,1
kegg.compound:C20904,2-Iminopropanoate,C20904,44400,MNXM734498,DUAWRLXHCUAWMK-UHFFFAOYSA-N,2-iminopropanoate,C3H5NO2,C | H | N | O,contains_N,metabolism,kegg.compound:C20904,none,1
kegg.compound:C20905,2-Iminobutanoate,C20905,76545,MNXM145836,WRBRCYPPGUCRHW-UHFFFAOYSA-N,2-iminobutanoate,C4H7NO2,C | H | N | O,contains_N,metabolism,kegg.compound:C20905,none,1
kegg.compound:C01755,Thiocyanate,C01755,15234,MNXM1363636,ZMZDMBWJUHKJPS-UHFFFAOYSA-M,thiocyanate,CNS,C | N | S,contains_N,metabolism | transport,kegg.compound:C01755,none,1
kegg.compound:C04051,5-Amino-4-imidazolecarboxyamide,C04051,2030,MNXM1371733,DVNYTAVYBRSTGK-UHFFFAOYSA-N,5-amino-4-imidazolecarboxyamide,C4H6N4O,C | H | N | O,contains_N,metabolism,kegg.compound:C04051,none,1
kegg.compound:C21016,Ophthalmate,C21016,189750,MNXM65600,JCMUOFQHZLPHQP-BQBZGAKWSA-M,ophthalmate,C11H18N3O6,C | H | N | O,contains_N,metabolism,kegg.compound:C21016,none,1
kegg.compound:C01063,Pimeloyl-CoA,C01063,12210,MNXM727687,LYCRXMTYUZDUGA-UYRKPTJQSA-I,pimeloyl-coa,C28H41N7O19P3S,C | H | N | O | P | S,contains_N,metabolism,kegg.compound:C01063,none,1
kegg.compound:C03194,(R)-1-Aminopropan-2-ol,C03194,10963,MNXM1107676,HXKKHQJGJAFBHI-GSVOUGTGSA-O,(r)-1-aminopropan-2-ol,C3H10NO,C | H | N | O,contains_N,metabolism,kegg.compound:C03194,none,1
kegg.compound:C04122,D-1-Aminopropan-2-ol O-phosphate,C04122,20886,MNXM1697,YBOLZUJJGUZUDC-GSVOUGTGSA-M,d-1-aminopropan-2-ol o-phosphate,C3H9NO4P,C | H | N | O | P,contains_N,metabolism,kegg.compound:C04122,none,1
kegg.compound:C00787,tRNA(Tyr),C00787,10692,MNXM90668,,trna(tyr),C28H34N11O21P3*,C | H | N | O | P,contains_N,metabolism,kegg.compound:C00787,none,1
kegg.compound:C02839,L-Tyrosyl-tRNA(Tyr),C02839,,MNXM741213,,l-tyrosyl-trna(tyr),C29H38N6O18P2*2,C | H | N | O | P,contains_N,metabolism,kegg.compound:C02839,none,1
kegg.compound:C04734,1-(5^-Phosphoribosyl)-5-formamido-4-imidazolecarboxamide,C04734,12125,MNXM1104518,ABCOOORLYAOBOZ-KQYNXXCUSA-L,1-(5^-phosphoribosyl)-5-formamido-4-imidazolecarboxamide,C10H13N4O9P,C | H | N | O | P,contains_N,metabolism,kegg.compound:C04734,none,1
kegg.compound:C20451,tRNA hypoxanthine,C20451,,MNXM114732,,trna hypoxanthine,C20H29N4O20P3*2,C | H | N | O | P,contains_N,metabolism,kegg.compound:C20451,none,1
kegg.compound:C20753,2-Methylthio-N6-dimethylallyladenine in tRNA,C20753,,MNXM147734,,2-methylthio-n6-dimethylallyladenine in trna,C26H40N5O19P3S*2,C | H | N | O | P | S,contains_N,metabolism,kegg.compound:C20753,none,1
kegg.compound:C20755,2-Thio-N6-dimethylallyladenine in tRNA,C20755,,MNXM147740,,2-thio-n6-dimethylallyladenine in trna,C25H38N5O19P3S*2,C | H | N | O | P | S,contains_N,metabolism,kegg.compound:C20755,none,1
kegg.compound:C21065,"7,8-Dihydroxanthopterin",C21065,,MNXM728850,JLRDKNBQJOODBP-UHFFFAOYSA-N,"7,8-dihydroxanthopterin",C6H7N5O2,C | H | N | O,contains_N,metabolism,kegg.compound:C21065,none,1
kegg.compound:C19378,Cyclamate,C19378,82431,MNXM154971,UDIPTWFVPPPURJ-UHFFFAOYSA-M,cyclamate,C6H12NNaO3S,C | H | N | Na | O | S,contains_N,transport,kegg.compound:C19378,none,1
kegg.compound:C01077,O-Acetyl-L-homoserine,C01077,12684,MNXM1371312,FCXZBWSIAGGPCB-YFKPBYRVSA-N,o-acetyl-l-homoserine,C6H11NO4,C | H | N | O,contains_N,metabolism,kegg.compound:C01077,none,1
kegg.compound:C01118,O-Succinyl-L-homoserine,C01118,12699,MNXM820,GNISQJGXJIDKDJ-YFKPBYRVSA-M,o-succinyl-l-homoserine,C8H12NO6,C | H | N | O,contains_N,metabolism,kegg.compound:C01118,none,1
kegg.compound:C00555,4-Aminobutyraldehyde,C00555,11960,MNXM422,DZQLQEYLEYWJIB-UHFFFAOYSA-O,4-aminobutyraldehyde,C4H10NO,C | H | N | O,contains_N,metabolism,kegg.compound:C00555,none,1
kegg.compound:C00637,Indole-3-acetaldehyde,C00637,11477,MNXM518,WHOOUMGHGSPMGR-UHFFFAOYSA-N,indole-3-acetaldehyde,C10H9NO,C | H | N | O,contains_N,metabolism,kegg.compound:C00637,none,1
kegg.compound:C05634,5-Hydroxyindoleacetaldehyde,C05634,20583,MNXM1057,OBFAPCIUSYHFIE-UHFFFAOYSA-N,5-hydroxyindoleacetaldehyde,C10H9NO2,C | H | N | O,contains_N,metabolism,kegg.compound:C05634,none,1
kegg.compound:C05936,N4-Acetylaminobutanal,C05936,7386,MNXM1527,DDSLGZOYEPKPSJ-UHFFFAOYSA-N,n4-acetylaminobutanal,C6H11NO2,C | H | N | O,contains_N,metabolism,kegg.compound:C05936,none,1
kegg.compound:C01149,4-Trimethylammoniobutanal,C01149,12046,MNXM940,OITBLCDWXSXNCN-UHFFFAOYSA-N,4-trimethylammoniobutanal,C7H16NO,C | H | N | O,contains_N,metabolism,kegg.compound:C01149,none,1
kegg.compound:C02835,Imidazole-4-acetate,C02835,12017,MNXM728089,PRJKNHOMHKJCEJ-UHFFFAOYSA-M,imidazole-4-acetate,C5H5N2O2,C | H | N | O,contains_N,metabolism,kegg.compound:C02835,none,1
kegg.compound:C02946,4-Acetamidobutanoate,C02946,11951,MNXM2083,UZTFMUBKZQVKLK-UHFFFAOYSA-M,4-acetamidobutanoate,C6H10NO3,C | H | N | O,contains_N,metabolism,kegg.compound:C02946,none,1
kegg.compound:C05130,Imidazole-4-acetaldehyde,C05130,24775,MNXM1745,MQSRGWNVEZRLDK-UHFFFAOYSA-N,imidazole-4-acetaldehyde,C5H6N2O,C | H | N | O,contains_N,metabolism,kegg.compound:C05130,none,1
kegg.compound:C05635,5-Hydroxyindoleacetate,C05635,20585,MNXM732179,DUUGKQCEGZLZNO-UHFFFAOYSA-M,5-hydroxyindoleacetate,C10H8NO3,C | H | N | O,contains_N,metabolism,kegg.compound:C05635,none,1
kegg.compound:C05665,3-Aminopropanal,C05665,11758,MNXM736082,PCXDJQZLDDHMGX-UHFFFAOYSA-O,3-aminopropanal,C3H8NO,C | H | N | O,contains_N,metabolism,kegg.compound:C05665,none,1
kegg.compound:C03508,L-2-Amino-3-oxobutanoic acid,C03508,11507,MNXM114087,SAUCHDKDCUROAO-VKHMYHEASA-N,l-2-amino-3-oxobutanoic acid,C4H7NO3,C | H | N | O,contains_N,metabolism,kegg.compound:C03508,none,1
kegg.compound:C00412,Stearoyl-CoA,C00412,15107,MNXM1104352,SIARJEKBADXQJG-LFZQUHGESA-J,stearoyl-coa,C39H66N7O17P3S,C | H | N | O | P | S,contains_N,metabolism,kegg.compound:C00412,none,1
kegg.compound:C00510,Oleoyl-CoA,C00510,14685,MNXM1364155,XDUHQPOXLUAVEE-BPMMELMSSA-J,oleoyl-coa,C39H64N7O17P3S,C | H | N | O | P | S,contains_N,metabolism,kegg.compound:C00510,none,1
kegg.compound:C04501,N-Acetyl-alpha-D-glucosamine 1-phosphate,C04501,12443,MNXM1105798,FZLJPEPAYPUMMR-FMDGEEDCSA-L,n-acetyl-alpha-d-glucosamine 1-phosphate,C8H14NO9P,C | H | N | O | P,contains_N,metabolism,kegg.compound:C04501,none,1
kegg.compound:C01260,"P1,P4-Bis(5^-adenosyl)tetraphosphate",C01260,12726,MNXM1103833,YOAHKNVSNCMZGQ-XPWFQUROSA-J,"p1,p4-bis(5^-adenosyl)tetraphosphate",C20H24N10O19P4,C | H | N | O | P,contains_N,metabolism,kegg.compound:C01260,none,1
kegg.compound:C07335,2-Amino-3-oxo-4-phosphonooxybutyrate,C07335,64178,MNXM1979,LMKSRFWSQAKTOE-VKHMYHEASA-K,2-amino-3-oxo-4-phosphonooxybutyrate,C4H5NO7P,C | H | N | O | P,contains_N,metabolism,kegg.compound:C07335,none,1
kegg.compound:C15670,Heme A,C15670,36163,MNXM737850,ZGGYGTCPXNDTRV-ONCSLILDSA-L,heme a,C49H56FeN4O6,C | Fe | H | N | O,contains_N,metabolism,kegg.compound:C15670,none,1
chebi:83353,eliglustat tartrate,,83353,MNXM51971,KUBARPMUNHKBIQ-VTHUDJRQSA-N,eliglustat tartrate,C50H78N4O14,C | H | N | O,contains_N,transport,chebi:83353,none,1
kegg.compound:C01352,FADH2,C01352,13316,MNXM1105762,YPZRHBJKEMOYQH-UYBVJOGSSA-L,fadh2,C27H33N9O15P2,C | H | N | O | P,contains_N,metabolism,kegg.compound:C01352,none,1
kegg.compound:C05778,Sirohydrochlorin,C05778,15090,MNXM740871,KWIZRXMMFRBUML-AHGFGAHVSA-F,sirohydrochlorin,C42H38N4O16,C | H | N | O,contains_N,metabolism,kegg.compound:C05778,none,1
kegg.compound:C04425,S-Adenosyl-4-methylthio-2-oxobutanoate,C04425,12758,MNXM733832,UOKVQQMBGVMXPU-BPIXLOBBSA-N,s-adenosyl-4-methylthio-2-oxobutanoate,C15H19N5O6S,C | H | N | O | S,contains_N,metabolism,kegg.compound:C04425,none,1
kegg.compound:C04157,tRNA containing N1-methylguanine,C04157,10661,MNXM6426,,trna containing n1-methylguanine,C21H32N5O20P3*2,C | H | N | O | P,contains_N,metabolism,kegg.compound:C04157,none,1
kegg.compound:C02989,L-Methionine S-oxide,C02989,13142,MNXM1364200,QEFRNWWLZKMPFJ-YGVKFDHGSA-N,l-methionine s-oxide,C5H11NO3S,C | H | N | O | S,contains_N,metabolism | transport | metabolomics,kegg.compound:C02989,none,1
kegg.compound:C20386,Biotin sulfoxide,C20386,62046,MNXM3932,KCSKCIQYNAOBNQ-YBSFLMRUSA-M,biotin sulfoxide,C10H15N2O4S,C | H | N | O | S,contains_N,metabolism | transport,kegg.compound:C20386,none,1
kegg.compound:C01104,Trimethylamine N-oxide,C01104,15262,MNXM736072,UYPYRKYUKCHHIB-UHFFFAOYSA-N,trimethylamine n-oxide,C3H9NO,C | H | N | O,contains_N,metabolism | transport,kegg.compound:C01104,none,1
chebi:29699,tunicamycin,,29699,MNXM741007,,tunicamycin,C23H33N4O16*2,C | H | N | O,contains_N,transport,chebi:29699,none,1
chebi:60479,monoacylglycero-3-phosphocholine,,60479,MNXM12149,,monoacylglycero-3-phosphocholine,C8H18NO6P*2,C | H | N | O | P,contains_N,transport,chebi:60479,none,1
kegg.compound:C00300,Creatine,C00300,14028,MNXM728947,CVSVTCORWBXHQV-UHFFFAOYSA-N,creatine,C4H9N3O2,C | H | N | O,contains_N,metabolism | transport,kegg.compound:C00300,none,1
kegg.compound:C20756,[Ribosomal protein uS12]-L-aspartate,C20756,,MNXM147898,,[ribosomal protein us12]-l-aspartate,C5H6N2O4*2,C | H | N | O,contains_N,metabolism,kegg.compound:C20756,none,1
kegg.compound:C20758,[Ribosomal protein uS12]-3-methylthioaspartate,C20758,,MNXM147896,,[ribosomal protein us12]-3-methylthioaspartate,C6H8N2O4S*2,C | H | N | O | S,contains_N,metabolism,kegg.compound:C20758,none,1
kegg.compound:C00012,Peptide,C00012,,MNXM729064,,peptide,C4H6N2O3*2,C | H | N | O,contains_N,metabolism,chebi:14753,name_soft,2
kegg.compound:C00617,UDP-D-galacturonate,C00617,13488,MNXM1092,HDYANYHVCAPMJV-GXNRKQDOSA-K,udp-d-galacturonate,C15H19N2O18P2,C | H | N | O | P,contains_N,metabolism,kegg.compound:C00617,none,1
kegg.compound:C00519,Hypotaurine,C00519,140741,MNXM726,VVIUBCNYACGLLV-UHFFFAOYSA-N,hypotaurine,C2H7NO2S,C | H | N | O | S,contains_N,metabolism | transport,kegg.compound:C00519,none,1
kegg.compound:C00876,Coenzyme F420,C00876,14008,MNXM1364225,GEHSZWRGPHDXJO-NALJQGANSA-N,coenzyme f420,C29H36N5O18P,C | H | N | O | P,contains_N,metabolism | transport,kegg.compound:C00876,none,1
kegg.compound:C16634,5-Fluorouridine monophosphate,C16634,147410,MNXM6123,RNBMPPYRHNWTMA-UAKXSSHOSA-L,5-fluorouridine monophosphate,C9H10FN2O9P,C | F | H | N | O | P,contains_N,metabolism,kegg.compound:C16634,none,1
kegg.compound:C01042,N-Acetyl-L-aspartate,C01042,12574,MNXM2139,OTCCIMWXFLJLIA-BYPYZUCNSA-L,n-acetyl-l-aspartate,C6H7NO5,C | H | N | O,contains_N,metabolism,kegg.compound:C01042,none,1
kegg.compound:C01044,N-Formyl-L-aspartate,C01044,12503,MNXM1102432,MQUUQXIFCBBFDP-VKHMYHEASA-L,n-formyl-l-aspartate,C5H5NO5,C | H | N | O,contains_N,metabolism,kegg.compound:C01044,none,1
chebi:29441,isothiocyanato group,,29441,MNXM18773,,isothiocyanato group,CNS*,C | N | S,contains_N,transport,chebi:29441,none,1
chebi:58436,phosphatidyl-L-serine(1-),,58436,MNXM1108035,,phosphatidyl-l-serine(1-),C8H11NO10P*2,C | H | N | O | P,contains_N,transport,chebi:58436,none,1
kegg.compound:C00688,dTDP-4-dehydro-beta-L-rhamnose,C00688,10511,MNXM1104310,PSXWNITXWWECNY-LPVGZGSHSA-L,dtdp-4-dehydro-beta-l-rhamnose,C16H22N2O15P2,C | H | N | O | P,contains_N,metabolism,kegg.compound:C00688,none,1
kegg.compound:C01847,Reduced FMN,C01847,13318,MNXM1107623,YTNIXZGTHTVJBW-SCRDCRAPSA-L,reduced fmn,C17H21N4O9P,C | H | N | O | P,contains_N,metabolism,kegg.compound:C01847,none,1
kegg.compound:C00561,Mandelonitrile,C00561,18450,MNXM1106179,NNICRUQPODTGRU-QMMMGPOBSA-N,mandelonitrile,C8H7NO,C | H | N | O,contains_N,metabolism,kegg.compound:C00561,none,1
kegg.compound:C00844,Prunasin,C00844,11011,MNXM731718,ZKSZEJFBGODIJW-GMDXDWKASA-N,prunasin,C14H17NO6,C | H | N | O,contains_N,metabolism,kegg.compound:C00844,none,1
kegg.compound:C01594,Linamarin,C01594,14512,MNXM1103402,QLTCHMYAEJEXBT-ZEBDFXRSSA-N,linamarin,C10H17NO6,C | H | N | O,contains_N,metabolism,kegg.compound:C01594,none,1
kegg.compound:C02659,Acetone cyanohydrin,C02659,11581,MNXM2066,MWFMGBPGAXYFAR-UHFFFAOYSA-N,acetone cyanohydrin,C4H7NO,C | H | N | O,contains_N,metabolism,kegg.compound:C02659,none,1
kegg.compound:C03742,(S)-4-Hydroxymandelonitrile,C03742,11053,MNXM768,HOOOPXDSCKBLFG-MRVPVSSYSA-N,(s)-4-hydroxymandelonitrile,C8H7NO2,C | H | N | O,contains_N,metabolism,kegg.compound:C03742,none,1
kegg.compound:C05143,Dhurrin,C05143,11051,MNXM3012,NVLTYOJHPBMILU-YOVYLDAJSA-N,dhurrin,C14H17NO7,C | H | N | O,contains_N,metabolism,kegg.compound:C05143,none,1
kegg.compound:C05712,Cyanohydrin,C05712,,MNXM728222,,cyanohydrin,C2HNO*2,C | H | N | O,contains_N,metabolism,kegg.compound:C05712,none,1
kegg.compound:C05713,Cyanoglycoside,C05713,3980,MNXM7214,,cyanoglycoside,C8H11NO6*2,C | H | N | O,contains_N,metabolism,kegg.compound:C05713,none,1
kegg.compound:C08325,Amygdalin,C08325,10997,MNXM735862,XUCIJNAGGSZNQT-JHSLDZJXSA-N,amygdalin,C20H27NO11,C | H | N | O,contains_N,metabolism,kegg.compound:C08325,none,1
kegg.compound:C08334,Lotaustralin,C08334,6542,MNXM727347,WEWBWVMTOYUPHH-QHAQEBJBSA-N,lotaustralin,C11H19NO6,C | H | N | O,contains_N,metabolism,kegg.compound:C08334,none,1
kegg.compound:C18796,(2R)-2-Hydroxy-2-methylbutanenitrile,C18796,60908,MNXM726885,VMEHOTODTPXCKT-RXMQYKEDSA-N,(2r)-2-hydroxy-2-methylbutanenitrile,C5H9NO,C | H | N | O,contains_N,metabolism,kegg.compound:C18796,none,1
kegg.compound:C00140,N-Acetyl-D-glucosamine,C00140,21601,MNXM1105935,OVRNDRQMDRJTHS-RTRLPJTCSA-N,n-acetyl-d-glucosamine,C8H15NO6,C | H | N | O,contains_N,metabolism | transport | metabolomics,kegg.compound:C00140,none,1
kegg.compound:C03771,5-Guanidino-2-oxopentanoate,C03771,12129,MNXM1037,ARBHXJXXVVHMET-UHFFFAOYSA-N,5-guanidino-2-oxopentanoate,C6H11N3O3,C | H | N | O,contains_N,metabolism,kegg.compound:C03771,none,1
kegg.compound:C06503,"Hydrogenobyrinate a,c diamide",C06503,,MNXM1370920,BYLRAQWTUVCQLV-BRPYDKQXSA-J,"hydrogenobyrinate a,c diamide",C45H58N6O12,C | H | N | O,contains_N,metabolism,kegg.compound:C06503,none,1
kegg.compound:C06504,"Cob(II)yrinate a,c diamide",C06504,23331,MNXM741311,WGXDGABAODFUIN-NVMVLMIQSA-G,"cob(ii)yrinate a,c diamide",C45H55CoN6O12,C | Co | H | N | O,contains_N,metabolism,kegg.compound:C06504,none,1
kegg.compound:C06510,Adenosine-GDP-cobinamide,C06510,2479,MNXM1101279,IQTYKHRKNGVJEO-RRMAJTJESA-K,adenosine-gdp-cobinamide,C68H95CoN21O21P2,C | Co | H | N | O | P,contains_N,metabolism,kegg.compound:C06510,none,1
kegg.compound:C03319,dTDP-L-rhamnose,C03319,10518,MNXM1106112,ZOSQFDVXNQFKBY-CGAXJHMRSA-L,dtdp-l-rhamnose,C16H24N2O15P2,C | H | N | O | P,contains_N,metabolism,kegg.compound:C03319,none,1
kegg.compound:C04257,N-Acetyl-D-mannosamine 6-phosphate,C04257,232428,MNXM1105998,BRGMHAYQAZFZDJ-ZTVVOAFPSA-N,n-acetyl-d-mannosamine 6-phosphate,C8H16NO9P,C | H | N | O | P,contains_N,metabolism,kegg.compound:C04257,none,1
kegg.compound:C16698,N-Acetylmuramic acid 6-phosphate,C16698,47967,MNXM1104008,NMEMTQKUEVNSPV-YVNCZSHWSA-K,n-acetylmuramic acid 6-phosphate,C11H17NO11P,C | H | N | O | P,contains_N,metabolism,kegg.compound:C16698,none,1
kegg.compound:C04778,"N1-(5-Phospho-alpha-D-ribosyl)-5,6-dimethylbenzimidazole",C04778,12622,MNXM1224,ZMRGXEJKZPRBPJ-SYQHCUMBSA-L,"n1-(5-phospho-alpha-d-ribosyl)-5,6-dimethylbenzimidazole",C14H17N2O7P,C | H | N | O | P,contains_N,metabolism,kegg.compound:C04778,none,1
kegg.compound:C05775,alpha-Ribazole,C05775,10329,MNXM729592,HLRUKOJSWOKCPP-SYQHCUMBSA-N,alpha-ribazole,C14H18N2O4,C | H | N | O,contains_N,metabolism,kegg.compound:C05775,none,1
kegg.compound:C21153,Adenosylcobalamin 5^-phosphate,C21153,49100,MNXM741434,POENGRDEHKJNIA-XKSJIVMPSA-I,adenosylcobalamin 5^-phosphate,C72H98CoN18O20P2,C | Co | H | N | O | P,contains_N,metabolism,kegg.compound:C21153,none,1
kegg.compound:C00645,N-Acetyl-D-mannosamine,C00645,63153,MNXM1105881,OVRNDRQMDRJTHS-ZTVVOAFPSA-N,n-acetyl-d-mannosamine,C8H15NO6,C | H | N | O,contains_N,metabolism | transport,kegg.compound:C00645,none,1
kegg.compound:C00792,D-Arginine,C00792,12917,MNXM1552,ODKSFYDXXFIFQN-SCSAIBSYSA-O,d-arginine,C6H15N4O2,C | H | N | O,contains_N,metabolism,kegg.compound:C00792,none,1
chebi:139252,[8)-alpha-Neu5Ac-(2->]n,,139252,MNXM39774,SQVRNKJHWKZAKO-YRMXFSIDSA-N,[8)-alpha-neu5ac-(2->]n,C11H19NO9,C | H | N | O,contains_N,transport,chebi:139252,none,1
kegg.compound:C01137,S-Adenosylmethioninamine,C01137,10906,MNXM1103325,ZUNBITIXDCPNSD-LSRJEVITSA-O,s-adenosylmethioninamine,C14H24N6O3S,C | H | N | O | S,contains_N,metabolism,kegg.compound:C01137,none,1
kegg.compound:C15547,"1,4-Dihydroxy-2-naphthoyl-CoA",C15547,52668,MNXM1091615,PYTINLGPKDJURZ-HSJNEKGZSA-J,"1,4-dihydroxy-2-naphthoyl-coa",C32H38N7O19P3S,C | H | N | O | P | S,contains_N,metabolism,kegg.compound:C15547,none,1
kegg.compound:C01279,4-Amino-5-hydroxymethyl-2-methylpyrimidine,C01279,11957,MNXM1104899,VUTBELPREDJDDH-UHFFFAOYSA-N,4-amino-5-hydroxymethyl-2-methylpyrimidine,C6H9N3O,C | H | N | O,contains_N,metabolism | metabolomics,kegg.compound:C01279,none,1
kegg.compound:C02565,N-Methylhydantoin,C02565,12520,MNXM1762,RHYBFKMFHLPQPH-UHFFFAOYSA-N,n-methylhydantoin,C4H6N2O2,C | H | N | O,contains_N,metabolism,kegg.compound:C02565,none,1
kegg.compound:C16565,Aminopropylcadaverine,C16565,64858,MNXM6170,QZBYOYPROVGOGE-UHFFFAOYSA-Q,aminopropylcadaverine,C8H24N3,C | H | N,contains_N,metabolism,kegg.compound:C16565,none,1
kegg.compound:C00986,"1,3-Diaminopropane",C00986,11166,MNXM350,XFNJVJPLKCPIBV-UHFFFAOYSA-P,"1,3-diaminopropane",C3H12N2,C | H | N,contains_N,metabolism,kegg.compound:C00986,none,1
kegg.compound:C02376,5-Methylcytosine,C02376,20608,MNXM3509,LRSASMSXMSNRBT-UHFFFAOYSA-N,5-methylcytosine,C5H7N3O,C | H | N | O,contains_N,metabolism,kegg.compound:C02376,none,1
kegg.compound:C00515,D-Ornithine,C00515,13006,MNXM1148,AHLPHDHHMVZTML-SCSAIBSYSA-O,d-ornithine,C5H13N2O2,C | H | N | O,contains_N,metabolism,kegg.compound:C00515,none,1
kegg.compound:C01110,5-Amino-2-oxopentanoic acid,C01110,12104,MNXM1714,BWHGMFYTDQEALD-UHFFFAOYSA-N,5-amino-2-oxopentanoic acid,C5H9NO3,C | H | N | O,contains_N,metabolism,kegg.compound:C01110,none,1
kegg.compound:C21215,Prenylated FMNH2,C21215,,MNXM1100510,GLNFBGKHGHVPRL-IYOUNJFTSA-N,prenylated fmnh2,C22H31N4O9P,C | H | N | O | P,contains_N,metabolism,kegg.compound:C21215,none,1
kegg.compound:C03516,Magnesium protoporphyrin,C03516,13378,MNXM732748,REJJDEGSUOCEEW-RGGAHWMASA-L,magnesium protoporphyrin,C34H32MgN4O4,C | H | Mg | N | O,contains_N,metabolism,kegg.compound:C03516,none,1
kegg.compound:C00357,N-Acetyl-D-glucosamine 6-phosphate,C00357,12456,MNXM1364174,BRGMHAYQAZFZDJ-FMDGEEDCSA-L,n-acetyl-d-glucosamine 6-phosphate,C8H14NO9P,C | H | N | O | P,contains_N,metabolism | metabolomics,kegg.compound:C00357,none,1
kegg.compound:C01222,GDP-4-dehydro-6-deoxy-D-mannose,C01222,13329,MNXM1104155,PNHLMHWWFOPQLK-BKUUWRAGSA-L,gdp-4-dehydro-6-deoxy-d-mannose,C16H21N5O15P2,C | H | N | O | P,contains_N,metabolism,kegg.compound:C01222,none,1
kegg.compound:C06408,Precorrin 8X,C06408,14877,MNXM728587,IGCZFSMEIXUSJY-FKUSVXTQSA-G,precorrin 8x,C45H53N4O14,C | H | N | O,contains_N,metabolism,kegg.compound:C06408,none,1
kegg.compound:C06319,Precorrin 6Y,C06319,14876,MNXM729283,NWRSYSRVTYBWJV-WFECKALKSA-H,precorrin 6y,C44H50N4O16,C | H | N | O,contains_N,metabolism,kegg.compound:C06319,none,1
kegg.compound:C05773,Cobyrinate,C05773,52499,MNXM741356,ZRAQEEAQQLYOBK-OKJGWHJPSA-F,cobyrinate,C45H52CoN4O14,C | Co | H | N | O,contains_N,metabolism,kegg.compound:C05773,none,1
kegg.compound:C06399,Hydrogenobyrinate,C06399,,MNXM1371092,ALLJLLMNGBKZLT-BRPYDKQXSA-H,hydrogenobyrinate,C45H54N4O14,C | H | N | O,contains_N,metabolism,kegg.compound:C06399,none,1
kegg.compound:C03684,6-Pyruvoyltetrahydropterin,C03684,12234,MNXM722720,WBJZXBUVECZHCE-SCSAIBSYSA-N,6-pyruvoyltetrahydropterin,C9H11N5O3,C | H | N | O,contains_N,metabolism,kegg.compound:C03684,none,1
kegg.compound:C11538,Cobalt-sirohydrochlorin,C11538,52491,MNXM47447,XZMXJYDTAININL-QIISWYHFSA-L,cobalt-sirohydrochlorin,C42H44CoN4O16,C | Co | H | N | O,contains_N,metabolism,kegg.compound:C11538,none,1
kegg.compound:C01132,N-Acetyl-D-galactosamine,C01132,21502,MNXM1105933,OVRNDRQMDRJTHS-KEWYIRBNSA-N,n-acetyl-d-galactosamine,C8H15NO6,C | H | N | O,contains_N,metabolism,kegg.compound:C01132,none,1
kegg.compound:C04132,N-Acetyl-D-glucosamine 6-sulfate,C04132,21522,MNXM738999,WJFVEEAIYIOATH-FMDGEEDCSA-N,n-acetyl-d-glucosamine 6-sulfate,C8H15NO9S,C | H | N | O | S,contains_N,metabolism,kegg.compound:C04132,none,1
kegg.compound:C06567,Penicilloic acid,C06567,,MNXM727599,,penicilloic acid,C8H13N2O4S*,C | H | N | O | S,contains_N,metabolism,kegg.compound:C06567,none,1
kegg.compound:C05827,Methylimidazole acetaldehyde,C05827,1605,MNXM5416,GCQHUBANENYTLB-UHFFFAOYSA-N,methylimidazole acetaldehyde,C6H8N2O,C | H | N | O,contains_N,metabolism,kegg.compound:C05827,none,1
kegg.compound:C11545,Cobalt-precorrin 8,C11545,70792,MNXM1107793,DPVDDBUQBNNVPO-WTEINHRPSA-F,cobalt-precorrin 8,C45H52CoN4O14,C | Co | H | N | O,contains_N,metabolism,kegg.compound:C11545,none,1
kegg.compound:C11543,Cobalt-dihydro-precorrin 6,C11543,3789,MNXM733197,RFBIUXAOZAPWCC-RDKWKEIWSA-E,cobalt-dihydro-precorrin 6,C44H47CoN4O16,C | Co | H | N | O,contains_N,metabolism,kegg.compound:C11543,none,1
kegg.compound:C00693,"trans-2,3-Dehydroacyl-[acyl-carrier protein]",C00693,,MNXM162559,,"trans-2,3-dehydroacyl-[acyl-carrier protein]",C18H28N3O9PS*3,C | H | N | O | P | S,contains_N,metabolism,kegg.compound:C00693,none,1
kegg.compound:C04088,Octadecanoyl-[acyl-carrier protein],C04088,,MNXM6439,,octadecanoyl-[acyl-carrier protein],C32H59N3O9PS*2,C | H | N | O | P | S,contains_N,metabolism,kegg.compound:C04088,none,1
kegg.compound:C01289,N-Acetyl-D-glucosaminyldiphosphoundecaprenol,C01289,,MNXM1363752,NEVJGTXBHJNFAZ-JXCMATCVSA-N,n-acetyl-d-glucosaminyldiphosphoundecaprenol,C63H105NO12P2,C | H | N | O | P,contains_N,metabolism,kegg.compound:C01289,none,1
chebi:23066,cephalosporin,,23066,MNXM736500,,cephalosporin,C7H5NO3S*2,C | H | N | O | S,contains_N,transport,chebi:23066,none,1
kegg.compound:C16242,Cobalt-precorrin 5A,C16242,52488,MNXM2508,FMPRUTAGAUSVOA-IBAGIMPYSA-E,cobalt-precorrin 5a,C45H45CoN4O16,C | Co | H | N | O,contains_N,metabolism,kegg.compound:C16242,none,1
kegg.compound:C16243,Cobalt-precorrin 5B,C16243,52489,MNXM736807,XHLLHKIBBMZXKO-NXQAVURYSA-D,cobalt-precorrin 5b,C43H42CoN4O16,C | Co | H | N | O,contains_N,metabolism,kegg.compound:C16243,none,1
kegg.compound:C03160,2-Succinylbenzoyl-CoA,C03160,12700,MNXM726805,KVAQAPQXOXTRAE-HSJNEKGZSA-I,2-succinylbenzoyl-coa,C32H39N7O20P3S,C | H | N | O | P | S,contains_N,metabolism,kegg.compound:C03160,none,1
kegg.compound:C06407,Precorrin 4,C06407,14869,MNXM1368134,IOBDBIPWYQGVMM-OQIQSJIMSA-F,precorrin 4,C44H44N4O17,C | H | N | O,contains_N,metabolism,kegg.compound:C06407,none,1
kegg.compound:C11540,Cobalt-precorrin 4,C11540,3792,MNXM732833,VHHGJROBFDFFAE-QTESGACZSA-F,cobalt-precorrin 4,C44H43CoN4O16,C | Co | H | N | O,contains_N,metabolism,kegg.compound:C11540,none,1
kegg.compound:C11542,Cobalt-precorrin 6,C11542,3794,MNXM736810,NPNWHBLJNXNSBI-IICGDJHVSA-E,cobalt-precorrin 6,C44H45CoN4O16,C | Co | H | N | O,contains_N,metabolism,kegg.compound:C11542,none,1
kegg.compound:C05772,Precorrin 3A,C05772,14871,MNXM1367099,AILJETHLKULYHE-IHDLTXBCSA-G,precorrin 3a,C43H43N4O16,C | H | N | O,contains_N,metabolism,kegg.compound:C05772,none,1
kegg.compound:C06320,Precorrin 6X,C06320,14875,MNXM1368320,SOHWQLUTRKYCGZ-YTMGQXKNSA-G,precorrin 6x,C44H47N4O16,C | H | N | O,contains_N,metabolism,kegg.compound:C06320,none,1
kegg.compound:C06406,Precorrin 3B,C06406,14872,MNXM1367114,KJHZYYJBHKAUHS-NXWQJPGNSA-H,precorrin 3b,C43H44N4O17,C | H | N | O,contains_N,metabolism,kegg.compound:C06406,none,1
kegg.compound:C06416,Precorrin 5,C06416,14874,MNXM729931,OUPXZNRNMLYOGK-FNFWWFRLSA-G,precorrin 5,C45H47N4O17,C | H | N | O,contains_N,metabolism,kegg.compound:C06416,none,1
kegg.compound:C17401,Cobalt-factor III,C17401,73299,MNXM1104930,RQHZZQLPDALGEQ-CYGMIEPJSA-L,cobalt-factor iii,C43H46CoN4O16,C | Co | H | N | O,contains_N,metabolism,kegg.compound:C17401,none,1
kegg.compound:C11539,Cobalt-precorrin 3,C11539,,MNXM741456,LJYQKLDIBPYLED-FWQOJXOKSA-M,cobalt-precorrin 3,C43H48CoN4O16,C | Co | H | N | O,contains_N,metabolism,kegg.compound:C11539,none,1
chebi:36592,pyrrolidin-2-one,,36592,MNXM80018,HNJBEVLQSNELDL-UHFFFAOYSA-N,pyrrolidin-2-one,C4H7NO,C | H | N | O,contains_N,transport,chebi:36592,none,1
chebi:5100,flucytosine,,5100,MNXM1100916,XRECTZIEBJDKEO-UHFFFAOYSA-N,flucytosine,C4H4FN3O,C | F | H | N | O,contains_N,transport,chebi:5100,none,1
chebi:53248,poly(vinylpyrrolidone),,53248,MNXM740159,,poly(vinylpyrrolidone),C6H9NO*2,C | H | N | O,contains_N,transport,chebi:53248,none,1
chebi:64399,N-methylnicotinamide,,64399,MNXM63879,ZYVXHFWBYUDDBM-UHFFFAOYSA-N,n-methylnicotinamide,C7H8N2O,C | H | N | O,contains_N,transport,chebi:64399,none,1
chebi:82809,agrocin 84,,82809,MNXM727210,YNCRAYSPLQSJIP-JHNPATRKSA-N,agrocin 84,C22H36N6O17P2,C | H | N | O | P,contains_N,transport,chebi:82809,none,1
kegg.compound:C00757,Berberine,C00757,13893,MNXM1416,YBHILYKTIRIUTE-UHFFFAOYSA-N,berberine,C20H18NO4,C | H | N | O,contains_N,transport,kegg.compound:C00757,none,1
kegg.compound:C02046,L-Hyoscyamine,C02046,13124,MNXM2759,RKUNBYITZUJHSG-FXUDXRNXSA-O,l-hyoscyamine,C17H24NO3,C | H | N | O,contains_N,transport,kegg.compound:C02046,none,1
kegg.compound:C02961,Cytarabine,C02961,23532,MNXM1363926,UHDGCWIWMRVCDJ-CCXZUQQUSA-N,cytarabine,C9H13N3O5,C | H | N | O,contains_N,transport,kegg.compound:C02961,none,1
kegg.compound:C06180,Anabasine,C06180,22540,MNXM7067,MTXSIJUGVMTTMU-JTQLQIEISA-N,anabasine,C10H14N2,C | H | N,contains_N,transport,kegg.compound:C06180,none,1
kegg.compound:C07049,Imipramine,C07049,47498,MNXM57246,BCGWQEUPMDMJNV-UHFFFAOYSA-N,imipramine,C19H24N2,C | H | N,contains_N,transport,kegg.compound:C07049,none,1
kegg.compound:C07401,Procainamide,C07401,8428,MNXM78089,REQCZEXYDRLIBE-UHFFFAOYSA-N,procainamide,C13H21N3O,C | H | N | O,contains_N,transport,kegg.compound:C07401,none,1
kegg.compound:C07565,Acetanilide,C07565,22164,MNXM7574,FZERHIULMFGESH-UHFFFAOYSA-N,acetanilide,C8H9NO,C | H | N | O,contains_N,transport,kegg.compound:C07565,none,1
kegg.compound:C07650,Gemcitabine,C07650,175901,MNXM18032,SDUQYLNIPVEERB-QPPQHZFASA-N,gemcitabine,C9H11F2N3O4,C | F | H | N | O,contains_N,transport,kegg.compound:C07650,none,1
kegg.compound:C11158,Topotecan,C11158,63632,MNXM730153,UCFGDBYHRUNTLO-QHCPKHFHSA-N,topotecan,C23H23N3O5,C | H | N | O,contains_N,transport,kegg.compound:C11158,none,1
kegg.compound:C11227,Ethionine,C11227,4886,MNXM17589,GGLZPLKKBSSKCX-YFKPBYRVSA-N,ethionine,C6H13NO2S,C | H | N | O | S,contains_N,transport,kegg.compound:C11227,none,1
kegg.compound:C12650,Capecitabine,C12650,31348,MNXM8368,GAGWJHPBXLXJQN-UORFTKCHSA-N,capecitabine,C15H22FN3O6,C | F | H | N | O,contains_N,transport,kegg.compound:C12650,none,1
kegg.compound:C20021,Decarbamoylsaxitoxin,C20021,133919,MNXM48868,VRRIYZJUSNMZMP-PJPYAQQDSA-N,decarbamoylsaxitoxin,C9H16N6O3,C | H | N | O,contains_N,transport,kegg.compound:C20021,none,1
kegg.compound:C02139,Chlorophyllide,C02139,13976,MNXM1108183,ANWUQYTXRXCEMZ-NYABAGMLSA-L,chlorophyllide,C35H34MgN4O5,C | H | Mg | N | O,contains_N,metabolism,kegg.compound:C02139,none,1
kegg.compound:C02880,Protochlorophyllide,C02880,14956,MNXM738915,QBPCOMNNISRCTC-KKNVGXODSA-L,protochlorophyllide,C35H32MgN4O5,C | H | Mg | N | O,contains_N,metabolism,kegg.compound:C02880,none,1
kegg.compound:C11831,Divinylprotochlorophyllide,C11831,14186,MNXM741306,YXBIPIDDNARELO-KKNVGXODSA-L,divinylprotochlorophyllide,C35H30MgN4O5,C | H | Mg | N | O,contains_N,metabolism,kegg.compound:C11831,none,1
kegg.compound:C00500,Biliverdin,C00500,13901,MNXM416,QBUVFDKTZJNUPP-BBROENKCSA-L,biliverdin,C33H32N4O6,C | H | N | O,contains_N,metabolism,kegg.compound:C00500,none,1
kegg.compound:C11832,Divinyl chlorophyllide a,C11832,14185,MNXM1107681,IQLDSMIBDORHSF-NYABAGMLSA-L,divinyl chlorophyllide a,C35H32MgN4O5,C | H | Mg | N | O,contains_N,metabolism,kegg.compound:C11832,none,1
kegg.compound:C00270,N-Acetylneuraminate,C00270,12471,MNXM1106046,SQVRNKJHWKZAKO-LUWBGTNYSA-M,n-acetylneuraminate,C11H18NO9,C | H | N | O,contains_N,metabolism,kegg.compound:C00270,none,1
kegg.compound:C04536,Magnesium protoporphyrin monomethyl ester,C04536,10794,MNXM741289,JHTBRMHXRULRGV-NCCDZXNNSA-L,magnesium protoporphyrin monomethyl ester,C35H33MgN4O4,C | H | Mg | N | O,contains_N,metabolism,kegg.compound:C04536,none,1
kegg.compound:C05702,O-Phosphorylhomoserine,C05702,12693,MNXM1334,FXDNYOANAXWZHG-VKHMYHEASA-L,o-phosphorylhomoserine,C4H8NO6P,C | H | N | O | P,contains_N,metabolism,kegg.compound:C01102,id,2
kegg.compound:C21217,Geranylgeranyl bacteriochlorophyllide a,C21217,91131,MNXM731878,HBYYRBWSVSZZHE-FVVSHTJESA-M,geranylgeranyl bacteriochlorophyllide a,C55H68MgN4O6,C | H | Mg | N | O,contains_N,metabolism,kegg.compound:C21217,none,1
kegg.compound:C21435,Geranylgeranyl bacteriochlorophyllide b,C21435,,MNXM164796,DNNWQFPEQNQDGN-REDGTFATSA-M,geranylgeranyl bacteriochlorophyllide b,C55H66MgN4O6,C | H | Mg | N | O,contains_N,metabolism,kegg.compound:C21435,none,1
kegg.compound:C11829,13(1)-Hydroxy-magnesium-protoporphyrin IX 13-monomethyl ester,C11829,10835,MNXM60922,MVCDIAGKFJFPBB-JXBSUKTBSA-L,13(1)-hydroxy-magnesium-protoporphyrin ix 13-monomethyl ester,C35H33MgN4O5,C | H | Mg | N | O,contains_N,metabolism,kegg.compound:C11829,none,1
kegg.compound:C11830,13(1)-Oxo-magnesium-protoporphyrin IX 13-monomethyl ester,C11830,10872,MNXM1352,IOQIILLGNAOXJE-JXBSUKTBSA-K,13(1)-oxo-magnesium-protoporphyrin ix 13-monomethyl ester,C35H31MgN4O5,C | H | Mg | N | O,contains_N,metabolism,kegg.compound:C11830,none,1
kegg.compound:C05306,Chlorophyll a,C05306,13974,MNXM1108239,ATNHDLDRLWWWCB-AENOIHSZSA-M,chlorophyll a,C55H72MgN4O5,C | H | Mg | N | O,contains_N,metabolism,kegg.compound:C05306,none,1
kegg.compound:C05307,Chlorophyll b,C05307,,MNXM1108242,NSMUHPMZFPKNMZ-IOBBVUIDSA-M,chlorophyll b,C55H70MgN4O6,C | H | Mg | N | O,contains_N,metabolism,kegg.compound:C05307,none,1
kegg.compound:C05786,(3Z)-Phycocyanobilin,C05786,,MNXM733826,INPDFIMLLXXDOQ-AIKFXVFZSA-N,(3z)-phycocyanobilin,C33H38N4O6,C | H | N | O,contains_N,metabolism | metabolomics,kegg.compound:C05786,none,1
kegg.compound:C11242,Bacteriochlorophyll a,C11242,22685,MNXM730196,DSJXIQQMORJERS-AGGZHOMASA-M,bacteriochlorophyll a,C55H74MgN4O6,C | H | Mg | N | O,contains_N,metabolism,kegg.compound:C11242,none,1
kegg.compound:C11243,Bacteriochlorophyll b,C11243,2975,MNXM731679,IOOQHEFLQLMYPZ-GNQFORKWSA-M,bacteriochlorophyll b,C55H72MgN4O6,C | H | Mg | N | O,contains_N,metabolism,kegg.compound:C11243,none,1
kegg.compound:C11521,UDP-6-sulfoquinovose,C11521,13452,MNXM3379,FQANCGQCBCUSMI-JZMIEXBBSA-K,udp-6-sulfoquinovose,C15H21N2O19P2S,C | H | N | O | P | S,contains_N,metabolism,kegg.compound:C11521,none,1
kegg.compound:C16238,Lipoyl-AMP,C16238,83091,MNXM732889,QWEGOCJRZOKSOE-ADUAKINBSA-M,lipoyl-amp,C18H25N5O8PS2,C | H | N | O | P | S,contains_N,metabolism,kegg.compound:C16238,none,1
kegg.compound:C16541,Chlorophyllide b,C16541,38209,MNXM1108545,QPDWBRHRBKXUNS-IEEIVXFASA-L,chlorophyllide b,C35H32MgN4O6,C | H | Mg | N | O,contains_N,metabolism,kegg.compound:C16541,none,1
kegg.compound:C18155,Bacteriochlorophyllide a,C18155,,MNXM726543,PSDHRHYLLJOFOB-UJPFUILDSA-L,bacteriochlorophyllide a,C35H36MgN4O6,C | H | Mg | N | O,contains_N,metabolism,kegg.compound:C18155,none,1
kegg.compound:C18156,Bacteriochlorophyllide b,C18156,81547,MNXM726546,PHSJREAVLQHRMS-QKPRITNQSA-L,bacteriochlorophyllide b,C35H34MgN4O6,C | H | Mg | N | O,contains_N,metabolism,kegg.compound:C18156,none,1
kegg.compound:C02067,Pseudouridine,C02067,14964,MNXM1094063,PTJWIQPHWPFNBW-GBNDHIKLSA-N,pseudouridine,C9H12N2O6,C | H | N | O,contains_N,metabolism | transport,kegg.compound:C02067,none,1
kegg.compound:C18237,Molybdoenzyme molybdenum cofactor,C18237,71302,MNXM1104368,RVADHZKSUZKIRJ-BKZHXLINSA-J,molybdoenzyme molybdenum cofactor,C10H10MoN5O9PS2,C | H | Mo | N | O | P | S,contains_N,metabolism,kegg.compound:C18237,none,1
kegg.compound:C05924,Molybdopterin,C05924,44067,MNXM1365590,HPEUEJRPDGMIMY-IFQPEPLCSA-K,molybdopterin,C10H11N5O6PS2,C | H | N | O | P | S,contains_N,metabolism,kegg.compound:C05924,none,1
kegg.compound:C21310,"(8S)-3^,8-Cyclo-7,8-dihydroguanosine 5^-triphosphate",C21310,131766,MNXM1100966,HRBCPXBJAWPPIC-FLISOKMQSA-J,"(8s)-3^,8-cyclo-7,8-dihydroguanosine 5^-triphosphate",C10H12N5O14P3,C | H | N | O | P,contains_N,metabolism,kegg.compound:C21310,none,1
kegg.compound:C19848,Adenylated molybdopterin,C19848,62727,MNXM1369016,XJXFAXLUOKQPAQ-YPRLVJTJSA-K,adenylated molybdopterin,C20H23N10O12P2S2,C | H | N | O | P | S,contains_N,metabolism,kegg.compound:C19848,none,1
kegg.compound:C01168,Pseudouridine 5^-phosphate,C01168,14965,MNXM2276,MOBMOJGXNHLLIR-GBNDHIKLSA-L,pseudouridine 5^-phosphate,C9H11N2O9P,C | H | N | O | P,contains_N,metabolism,kegg.compound:C01168,none,1
kegg.compound:C16488,Fructoselysine,C16488,24109,MNXM1742,BFSYFTQDGRDJNV-AYHFEMFVSA-O,fructoselysine,C12H25N2O7,C | H | N | O,contains_N,transport,kegg.compound:C16488,none,1
kegg.compound:C19871,Guanylyl molybdenum cofactor,C19871,71310,MNXM11740,CNPFNNZEOHNPEQ-HXAHJUJRSA-J,guanylyl molybdenum cofactor,C20H22MoN10O16P2S2,C | H | Mo | N | O | P | S,contains_N,metabolism,kegg.compound:C19871,none,1
kegg.compound:C05828,Methylimidazoleacetic acid,C05828,132918,MNXM91418,ZHCKPJGJQOPTLB-UHFFFAOYSA-N,methylimidazoleacetic acid,C6H8N2O2,C | H | N | O,contains_N,metabolism,kegg.compound:C05828,none,1
kegg.compound:C07646,Carboxyphosphamide,C07646,3410,MNXM5656,QLAKAJLYYGOZQL-UHFFFAOYSA-N,carboxyphosphamide,C7H15Cl2N2O4P,C | Cl | H | N | O | P,contains_N,metabolism,kegg.compound:C07646,none,1
kegg.compound:C16591,3-Carbamoyl-2-phenylpropionic acid,C16591,80589,MNXM6085,AYRIVCKWIAUVOO-UHFFFAOYSA-N,3-carbamoyl-2-phenylpropionic acid,C10H11NO4,C | H | N | O,contains_N,metabolism,kegg.compound:C16591,none,1
chebi:15101,a sphingomyelin,,15101,MNXM1364429,,a sphingomyelin,C24H48N2O6P*,C | H | N | O | P,contains_N,transport,chebi:15101,none,1
chebi:75283,miltefosine,,75283,MNXM1368732,PQLXHQMOHUQAKB-UHFFFAOYSA-N,miltefosine,C21H46NO4P,C | H | N | O | P,contains_N,transport,chebi:75283,none,1
kegg.compound:C06241,N-Acetylneuraminate 9-phosphate,C06241,21618,MNXM1104151,SQMNIXJSBCSNCI-PFQGKNLYSA-K,n-acetylneuraminate 9-phosphate,C11H17NO12P,C | H | N | O | P,contains_N,metabolism,kegg.compound:C06241,none,1
kegg.compound:C00325,GDP-L-fucose,C00325,13332,MNXM1364176,LQEBEXMHBLQMDB-JGQUBWHWSA-L,gdp-l-fucose,C16H23N5O15P2,C | H | N | O | P,contains_N,metabolism,kegg.compound:C00325,none,1
kegg.compound:C01879,5-Oxoproline,C01879,12153,MNXM722719,ODHCTXKNWHHXJC-VKHMYHEASA-M,5-oxoproline,C5H6NO3,C | H | N | O,contains_N,metabolism | transport | metabolomics,kegg.compound:C01879,none,1
kegg.compound:C16432,5-Hydroxyectoine,C16432,49432,MNXM10316,KIIBBJKLKFTNQO-WHFBIAKZSA-N,5-hydroxyectoine,C6H10N2O3,C | H | N | O,contains_N,metabolism | transport,kegg.compound:C16432,none,1
kegg.compound:C05464,Glycodeoxycholate,C05464,1686,MNXM1108524,WVULKSPCQVQLCU-BUXLTGKBSA-M,glycodeoxycholate,C26H42NO5,C | H | N | O,contains_N,metabolism | transport,kegg.compound:C05464,none,1
chebi:31696,indocyanine green,,31696,MNXM57325,MOFVSTNWEDAEEK-UHFFFAOYSA-M,indocyanine green,C43H47N2NaO6S2,C | H | N | Na | O | S,contains_N,transport,chebi:31696,none,1
chebi:45453,sinefungin,,45453,MNXM82154,LMXOHSDXUQEUSF-YECHIGJVSA-N,sinefungin,C15H23N7O5,C | H | N | O,contains_N,transport,chebi:45453,none,1
kegg.compound:C11630,"15,16-Dihydrobiliverdin",C11630,11325,MNXM3138,ZQHDSLZHMAUUQK-ZTYGKHTCSA-L,"15,16-dihydrobiliverdin",C33H34N4O6,C | H | N | O,contains_N,metabolism,kegg.compound:C11630,none,1
kegg.compound:C03283,"L-2,4-Diaminobutanoate",C03283,13044,MNXM840,OGNSCSPNOLGXSM-VKHMYHEASA-O,"l-2,4-diaminobutanoate",C4H11N2O2,C | H | N | O,contains_N,metabolism,kegg.compound:C03283,none,1
kegg.compound:C01170,UDP-N-acetyl-D-mannosamine,C01170,13457,MNXM1101258,LFTYTUAZOPRMMI-ZYQOOJPVSA-L,udp-n-acetyl-d-mannosamine,C17H25N3O17P2,C | H | N | O | P,contains_N,metabolism,kegg.compound:C01170,none,1
kegg.compound:C03410,N-Glycoloyl-neuraminate,C03410,146193,MNXM1106131,FDJKUWYYUZCUJX-PGIATKPXSA-M,n-glycoloyl-neuraminate,C11H18NO10,C | H | N | O,contains_N,metabolism,kegg.compound:C03410,none,1
kegg.compound:C03691,CMP-N-glycoloylneuraminate,C03691,13278,MNXM1104124,HOEWKBQADMRCLO-UIUGZIMDSA-L,cmp-n-glycoloylneuraminate,C20H29N4O17P,C | H | N | O | P,contains_N,metabolism,kegg.compound:C03691,none,1
kegg.compound:C05912,(3Z)-Phycoerythrobilin,C05912,,MNXM733864,IGJXAXFFKKRFKU-ISRBKNAYSA-N,(3z)-phycoerythrobilin,C33H38N4O6,C | H | N | O,contains_N,metabolism,kegg.compound:C05912,none,1
kegg.compound:C00355,"3,4-Dihydroxy-L-phenylalanine",C00355,11693,MNXM279,WTDRDQBEARUVNC-LURJTMIESA-N,"3,4-dihydroxy-l-phenylalanine",C9H11NO4,C | H | N | O,contains_N,metabolism | transport,kegg.compound:C00355,none,1
kegg.compound:C00045,Amino acid,C00045,,MNXM735845,,amino acid,C2H4NO2*,C | H | N | O,contains_N,metabolism,chebi:13815,name_soft,2
kegg.compound:C02512,3-Cyano-L-alanine,C02512,11772,MNXM1105116,BXRLWGXPSRYJDZ-VKHMYHEASA-N,3-cyano-l-alanine,C4H6N2O2,C | H | N | O,contains_N,metabolism,kegg.compound:C02512,none,1
kegg.compound:C03193,(5-L-Glutamyl)-peptide,C03193,,MNXM741391,,(5-l-glutamyl)-peptide,C9H13N3O6*2,C | H | N | O,contains_N,metabolism,kegg.compound:C03193,none,1
kegg.compound:C03363,5-L-Glutamyl amino acid,C03363,12099,MNXM2091,,5-l-glutamyl amino acid,C7H10N2O5*,C | H | N | O,contains_N,metabolism,kegg.compound:C03363,none,1
kegg.compound:C03740,(5-L-Glutamyl)-L-amino acid,C03740,71304,MNXM730664,,(5-l-glutamyl)-l-amino acid,C7H10N2O5*,C | H | N | O,contains_N,metabolism,kegg.compound:C03740,none,1
kegg.compound:C05670,3-Aminopropiononitrile,C05670,10351,MNXM4482,AGSPXMVUFBBBMO-UHFFFAOYSA-N,3-aminopropiononitrile,C3H6N2,C | H | N,contains_N,metabolism,kegg.compound:C05670,none,1
kegg.compound:C05695,gamma-Glutamyl-Se-methylselenocysteine,C05695,,MNXM737599,IEFQLTYCECVOLL-ZBHICJROSA-N,gamma-glutamyl-se-methylselenocysteine,C9H16N2O5Se,C | H | N | O | Se,contains_N,metabolism,kegg.compound:C05695,none,1
kegg.compound:C05711,gamma-Glutamyl-beta-cyanoalanine,C05711,10565,MNXM11629,QUAADUAOVLZBJM-WDSKDSINSA-N,gamma-glutamyl-beta-cyanoalanine,C9H13N3O5,C | H | N | O,contains_N,metabolism,kegg.compound:C05711,none,1
kegg.compound:C05844,5-L-Glutamyl-taurine,C05844,140298,MNXM38125,WGXUDTHMEITUBO-YFKPBYRVSA-N,5-l-glutamyl-taurine,C7H14N2O6S,C | H | N | O | S,contains_N,metabolism,kegg.compound:C05844,none,1
kegg.compound:C05951,Leukotriene D4,C05951,25026,MNXM162546,YEESKJGWJFYOOK-IJHYULJSSA-M,leukotriene d4,C25H39N2O6S,C | H | N | O | S,contains_N,metabolism,kegg.compound:C05951,none,1
kegg.compound:C06114,gamma-Glutamyl-beta-aminopropiononitrile,C06114,10564,MNXM1104882,VQPVVWAFTIFKDD-LURJTMIESA-N,gamma-glutamyl-beta-aminopropiononitrile,C8H13N3O3,C | H | N | O,contains_N,metabolism,kegg.compound:C06114,none,1
kegg.compound:C04121,CMP-3-deoxy-D-manno-octulosonate,C04121,41566,MNXM1364525,YWWJKULNWGRYAS-UOVSKDHASA-L,cmp-3-deoxy-d-manno-octulosonate,C17H24N3O15P,C | H | N | O | P,contains_N,metabolism,kegg.compound:C04121,none,1
kegg.compound:C01219,CDP-4-dehydro-6-deoxy-D-glucose,C01219,13262,MNXM1370,PUBYMNIINUUJLL-JPHISPRKSA-L,cdp-4-dehydro-6-deoxy-d-glucose,C15H21N3O15P2,C | H | N | O | P,contains_N,metabolism,kegg.compound:C01219,none,1
kegg.compound:C21333,"8-Amino-3,8-dideoxy-D-manno-octulosonate",C21333,190394,MNXM146993,GOPKKCUKKPELKY-HXUQBWEZSA-N,"8-amino-3,8-dideoxy-d-manno-octulosonate",C8H15NO7,C | H | N | O,contains_N,metabolism,kegg.compound:C21333,none,1
kegg.compound:C21334,"CMP-8-amino-3,8-dideoxy-beta-D-manno-octulosonate",C21334,176918,MNXM167459,DRAKZHNWGXXUTP-UOVSKDHASA-N,"cmp-8-amino-3,8-dideoxy-beta-d-manno-octulosonate",C17H27N4O14P,C | H | N | O | P,contains_N,metabolism,kegg.compound:C21334,none,1
kegg.compound:C06683,Ceftriaxone,C06683,23059,MNXM1107846,VAAUVRVFOQPIGI-SPQHTLEESA-N,ceftriaxone,C18H18N8O7S3,C | H | N | O | S,contains_N,transport,kegg.compound:C06683,none,1
kegg.compound:C02505,2-Phenylacetamide,C02505,11647,MNXM2073,LSBDFXRDZJMBSC-UHFFFAOYSA-N,2-phenylacetamide,C8H9NO,C | H | N | O,contains_N,metabolism,kegg.compound:C02505,none,1
kegg.compound:C03688,Apo-[acyl-carrier protein],C03688,13845,MNXM91491,,apo-[acyl-carrier protein],H5N*,H | N,contains_N,metabolism,kegg.compound:C03688,id,2
kegg.compound:C01190,Glucosylceramide,C01190,,MNXM1371167,,glucosylceramide,C25H46NO8*,C | H | N | O,contains_N,metabolism,kegg.compound:C01190,none,1
kegg.compound:C03284,L-3-Aminoisobutanoate,C03284,11043,MNXM732376,QCHPKSFMDHPSNR-VKHMYHEASA-N,l-3-aminoisobutanoate,C4H9NO2,C | H | N | O,contains_N,metabolism | transport,kegg.compound:C03284,none,1
kegg.compound:C00405,D-Amino acid,C00405,12909,MNXM774,,d-amino acid,C2H4NO2*,C | H | N | O,contains_N,metabolism | transport,kegg.compound:C00405,none,1
chebi:14002,citrulline,,14002,MNXM732470,RHGKLRLOHDJJDR-UHFFFAOYSA-N,citrulline,C6H13N3O3,C | H | N | O,contains_N,transport,chebi:14002,none,1
chebi:21803,1-methylguanine,,21803,MNXM150072,RFLVMTUMFYRZCB-UHFFFAOYSA-N,1-methylguanine,C6H7N5O,C | H | N | O,contains_N,transport,chebi:21803,none,1
chebi:26386,a purine nucleobase,,26386,MNXM79744,,a purine nucleobase,C5H3N4*2,C | H | N,contains_N,transport,chebi:26386,none,1
chebi:78235,N(6)-hydroxyadenine,,78235,MNXM1100606,CBCQWVQNMGNYEO-UHFFFAOYSA-N,n(6)-hydroxyadenine,C5H5N5O,C | H | N | O,contains_N,transport,chebi:78235,none,1
kegg.compound:C04297,"CDP-4-dehydro-3,6-dideoxy-D-glucose",C04297,70783,MNXM736332,DATWFRMXXZBEPM-SNAICPSHSA-L,"cdp-4-dehydro-3,6-dideoxy-d-glucose",C15H21N3O14P2,C | H | N | O | P,contains_N,metabolism,kegg.compound:C04297,none,1
kegg.compound:C04282,1-Pyrroline-4-hydroxy-2-carboxylate,C04282,11296,MNXM1992,AOMLMYXPXUTBQH-UHFFFAOYSA-M,1-pyrroline-4-hydroxy-2-carboxylate,C5H6NO3,C | H | N | O,contains_N,metabolism,kegg.compound:C04282,none,1
kegg.compound:C03440,cis-4-Hydroxy-D-proline,C03440,10479,MNXM2813,PMMYEEVYMWASQN-QWWZWVQMSA-N,cis-4-hydroxy-d-proline,C5H9NO3,C | H | N | O,contains_N,metabolism,kegg.compound:C03440,none,1
kegg.compound:C00329,D-Glucosamine,C00329,10396,MNXM1105684,MSWZFWKMSRAUBD-QZABAPFNSA-N,d-glucosamine,C6H13NO5,C | H | N | O,contains_N,metabolism | transport | metabolomics,kegg.compound:C00329,none,1
chebi:21757,N-methyl-L-methionine,,21757,MNXM63849,YAXAFCHJCYILRU-YFKPBYRVSA-N,n-methyl-l-methionine,C6H13NO2S,C | H | N | O | S,contains_N,transport,chebi:21757,none,1
chebi:78154,2-dimethylammonioethyl chloride,,78154,MNXM150523,WQMAANNAZKNUDL-UHFFFAOYSA-O,2-dimethylammonioethyl chloride,C4H11ClN,C | Cl | H | N,contains_N,transport,chebi:78154,none,1
kegg.compound:C00740,D-Serine,C00740,13019,MNXM694,MTCFGRXMJLQNBG-UWTATZPHSA-N,d-serine,C3H7NO3,C | H | N | O,contains_N,transport,kegg.compound:C00740,none,1
kegg.compound:C01924,Homoarginine,C01924,143006,MNXM56604,QUOGESRFPZDMMT-YFKPBYRVSA-O,homoarginine,C7H17N4O2,C | H | N | O,contains_N,transport,kegg.compound:C01924,none,1
kegg.compound:C03172,S-Methyl-L-methionine,C03172,12772,MNXM681265,YDBYJHTYSHBBAU-YFKPBYRVSA-O,s-methyl-l-methionine,C6H14NO2S,C | H | N | O | S,contains_N,transport,kegg.compound:C03172,none,1
kegg.compound:C08057,Cycloserine,C08057,40009,MNXM59345,DYDCUQKUCUHJBH-UWTATZPHSA-O,cycloserine,C3H7N2O2,C | H | N | O,contains_N,transport,kegg.compound:C08057,none,1
kegg.compound:C21616,Psicoselysine,C21616,61403,MNXM6409,BFSYFTQDGRDJNV-CDEVMZEPSA-O,psicoselysine,C12H25N2O7,C | H | N | O,contains_N,transport,kegg.compound:C21616,none,1
kegg.compound:C01659,Acrylamide,C01659,22215,MNXM3208,HRPVXLWXLXDGHG-UHFFFAOYSA-N,acrylamide,C3H5NO,C | H | N | O,contains_N,metabolism | transport,kegg.compound:C01659,none,1
kegg.compound:C01031,S-Formylglutathione,C01031,12746,MNXM741595,FHXAGOICBFGEBF-BQBZGAKWSA-M,s-formylglutathione,C11H16N3O7S,C | H | N | O | S,contains_N,metabolism,kegg.compound:C01031,none,1
kegg.compound:C00213,Sarcosine,C00213,10876,MNXM300,FSYKKLYZXJSNPZ-UHFFFAOYSA-N,sarcosine,C3H7NO2,C | H | N | O,contains_N,metabolism | transport | metabolomics,kegg.compound:C00213,none,1
kegg.compound:C14180,S-(Hydroxymethyl)glutathione,C14180,34963,MNXM726277,PIUSLWSYOYFRFR-BQBZGAKWSA-M,s-(hydroxymethyl)glutathione,C11H18N3O7S,C | H | N | O | S,contains_N,metabolism,kegg.compound:C14180,none,1
kegg.compound:C00763,D-Proline,C00763,13008,MNXM162989,ONIBWKKTOPOVIA-SCSAIBSYSA-N,d-proline,C5H9NO2,C | H | N | O,contains_N,metabolism,kegg.compound:C00763,none,1
kegg.compound:C03564,1-Pyrroline-2-carboxylate,C03564,10540,MNXM957,RHTAIKJZSXNELN-UHFFFAOYSA-N,1-pyrroline-2-carboxylate,C5H7NO2,C | H | N | O,contains_N,metabolism,kegg.compound:C03564,none,1
kegg.compound:C00632,3-Hydroxyanthranilate,C00632,11800,MNXM1108156,WJXSWCUQABXPFS-UHFFFAOYSA-M,3-hydroxyanthranilate,C7H6NO3,C | H | N | O,contains_N,metabolism,kegg.compound:C00632,none,1
kegg.compound:C01035,4-Guanidinobutanoate,C01035,11991,MNXM1312,TUHVEAJXIMEOSA-UHFFFAOYSA-N,4-guanidinobutanoate,C5H11N3O2,C | H | N | O,contains_N,metabolism,kegg.compound:C01035,none,1
kegg.compound:C03539,S-Ribosyl-L-homocysteine,C03539,12750,MNXM1371358,IQFWYNFDWRYSRA-BLELIYKESA-N,s-ribosyl-l-homocysteine,C9H17NO6S,C | H | N | O | S,contains_N,metabolism,kegg.compound:C03539,none,1
kegg.compound:C02693,(Indol-3-yl)acetamide,C02693,14446,MNXM2239,ZOAMBXDOGPRZLP-UHFFFAOYSA-N,(indol-3-yl)acetamide,C10H10N2O,C | H | N | O,contains_N,metabolism,kegg.compound:C02693,none,1
kegg.compound:C09815,Benzamide,C09815,22701,MNXM1092627,KXDAEFPNCMNJSK-UHFFFAOYSA-N,benzamide,C7H7NO,C | H | N | O,contains_N,metabolism,kegg.compound:C09815,none,1
kegg.compound:C03620,Monocarboxylic acid amide,C03620,,MNXM731273,,monocarboxylic acid amide,CH2NO*,C | H | N | O,contains_N,metabolism,kegg.compound:C03620,none,1
kegg.compound:C02380,6-Mercaptopurine,C02380,2208,MNXM1156,GLVAUDGFNGKCSF-UHFFFAOYSA-N,6-mercaptopurine,C5H4N4S,C | H | N | S,contains_N,metabolism,kegg.compound:C01756,id,2
kegg.compound:C16614,6-Methylmercaptopurine,C16614,26973,MNXM1413,UIJIQXGRFSPYQW-UHFFFAOYSA-N,6-methylmercaptopurine,C6H6N4S,C | H | N | S,contains_N,metabolism,kegg.compound:C16614,none,1
kegg.compound:C16615,6-Methylthiopurine 5^-monophosphate ribonucleotide,C16615,80609,MNXM6953,BMYFUCYXRGTQQL-IOSLPCCCSA-N,6-methylthiopurine 5^-monophosphate ribonucleotide,C11H15N4O7PS,C | H | N | O | P | S,contains_N,metabolism,kegg.compound:C16615,none,1
kegg.compound:C02938,3-Indoleacetonitrile,C02938,11841,MNXM1746,DMCPFOBLJMLSNX-UHFFFAOYSA-N,3-indoleacetonitrile,C10H8N2,C | H | N,contains_N,metabolism,kegg.compound:C02938,none,1
kegg.compound:C09814,Benzonitrile,C09814,22725,MNXM3919,JFDZBHWFFUWGJE-UHFFFAOYSA-N,benzonitrile,C7H5N,C | H | N,contains_N,metabolism,kegg.compound:C09814,none,1
kegg.compound:C16074,Phenylacetonitrile,C16074,25979,MNXM2709,SUSQOBVLVYHIEX-UHFFFAOYSA-N,phenylacetonitrile,C8H7N,C | H | N,contains_N,metabolism,kegg.compound:C16074,none,1
kegg.compound:C00726,Nitrile,C00726,,MNXM728772,,nitrile,CN*,C | N,contains_N,metabolism,kegg.compound:C00726,none,1
kegg.compound:C00017,Protein,C00017,,MNXM733321,,protein,C4H6N2O3*2,C | H | N | O,contains_N,metabolism,chebi:13677,name_soft,2
kegg.compound:C00916,Cephalosporin C,C00916,13953,MNXM1321,HOKIDJSKDBPKTQ-GLXFQSAKSA-M,cephalosporin c,C16H20N3O8S,C | H | N | O | S,contains_N,metabolism,kegg.compound:C00916,none,1
kegg.compound:C02429,L-Leucyl-protein,C02429,,MNXM738611,,l-leucyl-protein,C10H17N3O4*2,C | H | N | O,contains_N,metabolism,kegg.compound:C02429,none,1
kegg.compound:C04712,(7R)-7-(5-Carboxy-5-oxopentanoyl)aminocephalosporinate,C04712,12248,MNXM2752,UKRMDFPJXIVYCZ-BXUZGUMPSA-L,(7r)-7-(5-carboxy-5-oxopentanoyl)aminocephalosporinate,C16H16N2O9S,C | H | N | O | S,contains_N,metabolism,kegg.compound:C04712,none,1
kegg.compound:C16739,L-Arginyl-protein,C16739,13078,MNXM73312,,l-arginyl-protein,C10H18N6O4*2,C | H | N | O,contains_N,metabolism,kegg.compound:C16739,none,1
kegg.compound:C21386,L-Leucyl-L-arginyl-protein,C21386,,MNXM730731,,l-leucyl-l-arginyl-protein,C16H29N7O5*2,C | H | N | O,contains_N,metabolism,kegg.compound:C21386,none,1
kegg.compound:C21387,L-Leucyl-L-lysyl-protein,C21387,,MNXM730733,,l-leucyl-l-lysyl-protein,C16H29N5O5*2,C | H | N | O,contains_N,metabolism,kegg.compound:C21387,none,1
kegg.compound:C21388,L-Lysyl-protein,C21388,,MNXM726372,,l-lysyl-protein,C10H18N4O4*2,C | H | N | O,contains_N,metabolism,kegg.compound:C21388,none,1
kegg.compound:C00483,Tyramine,C00483,15276,MNXM603,DZGWFCGJZKJUFP-UHFFFAOYSA-O,tyramine,C8H12NO,C | H | N | O,contains_N,metabolism | transport,kegg.compound:C00483,none,1
kegg.compound:C00488,Formamide,C00488,14275,MNXM1231,ZHNUHDYFZUAESO-UHFFFAOYSA-N,formamide,CH3NO,C | H | N | O,contains_N,metabolism | transport,kegg.compound:C00488,none,1
kegg.compound:C03752,2-Amino-2-deoxy-D-gluconate,C03752,11503,MNXM2469,UFYKDFXCZBTLOO-TXICZTDVSA-N,2-amino-2-deoxy-d-gluconate,C6H13NO6,C | H | N | O,contains_N,metabolism | transport,kegg.compound:C03752,none,1
chebi:14412,hyaluronic acid,,14412,MNXM738292,,hyaluronic acid,C14H21NO12*2,C | H | N | O,contains_N,transport,chebi:14412,none,1
chebi:21055,aldehydo-D-mannosamine,,21055,MNXM40578,FZHXIRIBWMQPQF-KVTDHHQDSA-N,aldehydo-d-mannosamine,C6H13NO5,C | H | N | O,contains_N,transport,chebi:21055,none,1
chebi:25096,D-lysyl group,,25096,MNXM48547,,d-lysyl group,C6H13N2O*,C | H | N | O,contains_N,transport,chebi:25096,none,1
chebi:47571,N-acetyl-alpha-D-muramic acid,,47571,MNXM19572,MNLRQHMNZILYPY-MDMHTWEWSA-N,n-acetyl-alpha-d-muramic acid,C11H19NO8,C | H | N | O,contains_N,transport,chebi:47571,none,1
chebi:47966,aldehydo-N-acetylmuramic acid,,47966,MNXM40593,SOARVSUSWULNDI-TVVSKHENSA-N,aldehydo-n-acetylmuramic acid,C11H19NO8,C | H | N | O,contains_N,transport,chebi:47966,none,1
kegg.compound:C02262,D-Galactosamine,C02262,144817,MNXM1105683,MSWZFWKMSRAUBD-GASJEMHNSA-O,d-galactosamine,C6H14NO5,C | H | N | O,contains_N,transport,kegg.compound:C02262,none,1
kegg.compound:C11754,Cephaloridine,C11754,235235,MNXM45946,CZTQZXZIADLWOZ-CRAIPNDOSA-N,cephaloridine,C19H17N3O4S2,C | H | N | O | S,contains_N,transport,kegg.compound:C11754,none,1
kegg.compound:C00136,Butanoyl-CoA,C00136,13926,MNXM1104300,CRFNGMNYKDXRTN-CITAKDKDSA-J,butanoyl-coa,C25H38N7O17P3S,C | H | N | O | P | S,contains_N,metabolism,kegg.compound:C00136,none,1
kegg.compound:C04153,rRNA containing N2-methylguanine,C04153,10638,MNXM148506,,rrna containing n2-methylguanine,C21H32N5O20P3*2,C | H | N | O | P,contains_N,metabolism,kegg.compound:C04153,none,1
kegg.compound:C05640,Cinnavalininate,C05640,140728,MNXM7176,FSBKJYLVDRVPTK-UHFFFAOYSA-N,cinnavalininate,C14H8N2O6,C | H | N | O,contains_N,metabolism,kegg.compound:C05640,none,1
kegg.compound:C05512,Deoxyinosine,C05512,19248,MNXM935,VGONTNSXDCQUGY-RRKCRQDMSA-N,deoxyinosine,C10H12N4O4,C | H | N | O,contains_N,metabolism,kegg.compound:C05512,none,1
kegg.compound:C00436,N-Carbamoylputrescine,C00436,12497,MNXM1243,YANFYYGANIYHGI-UHFFFAOYSA-O,n-carbamoylputrescine,C5H14N3O,C | H | N | O,contains_N,metabolism,kegg.compound:C00436,none,1
kegg.compound:C03078,4-Guanidinobutanamide,C03078,11990,MNXM2617,YHVFECVVGNXFKO-UHFFFAOYSA-O,4-guanidinobutanamide,C5H13N4O,C | H | N | O,contains_N,metabolism,kegg.compound:C03078,none,1
kegg.compound:C00856,DNA cytosine,C00856,,MNXM726892,,dna cytosine,C19H30N3O17P3*2,C | H | N | O | P,contains_N,metabolism,kegg.compound:C00856,none,1
kegg.compound:C02967,5-Methylcytosine in DNA,C02967,,MNXM729219,,5-methylcytosine in dna,C20H32N3O17P3*2,C | H | N | O | P,contains_N,metabolism,kegg.compound:C02967,none,1
kegg.compound:C02714,N-Acetylputrescine,C02714,12473,MNXM1153,KLZGKIDSEJWEDW-UHFFFAOYSA-O,n-acetylputrescine,C6H15N2O,C | H | N | O,contains_N,metabolism,kegg.compound:C02714,none,1
kegg.compound:C12739,5^-Deoxy-5-fluorouridine,C12739,31521,MNXM6908,ZWAOHEXOSAUJHY-ZIYNGMLESA-N,5^-deoxy-5-fluorouridine,C9H11FN2O5,C | F | H | N | O,contains_N,metabolism,kegg.compound:C12739,none,1
kegg.compound:C04242,5-Fluorodeoxyuridine monophosphate,C04242,2129,MNXM38120,HFEKDTCAMMOLQP-RRKCRQDMSA-N,5-fluorodeoxyuridine monophosphate,C9H12FN2O8P,C | F | H | N | O | P,contains_N,metabolism,kegg.compound:C04242,none,1
kegg.compound:C16635,5^-Deoxy-5-fluorocytidine,C16635,80627,MNXM6115,YSNABXSEHNLERR-ZIYNGMLESA-N,5^-deoxy-5-fluorocytidine,C9H12FN3O4,C | F | H | N | O,contains_N,metabolism,kegg.compound:C16635,none,1
kegg.compound:C00153,Nicotinamide,C00153,14645,MNXM216,DFPAKSUCGFBDDF-UHFFFAOYSA-N,nicotinamide,C6H6N2O,C | H | N | O,contains_N,metabolism | transport,kegg.compound:C00153,none,1
kegg.compound:C05714,alpha-Aminopropiononitrile,C05714,10212,MNXM5613,UAMZETBJZRERCQ-UHFFFAOYSA-N,alpha-aminopropiononitrile,C3H6N2,C | H | N,contains_N,metabolism,kegg.compound:C05714,none,1
kegg.compound:C05715,gamma-Amino-gamma-cyanobutanoate,C05715,10558,MNXM6272,DXWQLTOXWVWMOH-UHFFFAOYSA-N,gamma-amino-gamma-cyanobutanoate,C5H8N2O2,C | H | N | O,contains_N,metabolism,kegg.compound:C05715,none,1
kegg.compound:C16620,6-Methylthioguanosine monophosphate,C16620,80614,MNXM10372,QJRQZGPABIMRAZ-KQYNXXCUSA-N,6-methylthioguanosine monophosphate,C11H16N5O7PS,C | H | N | O | P | S,contains_N,metabolism,kegg.compound:C16620,none,1
kegg.compound:C20267,4-Amino-5-aminomethyl-2-methylpyrimidine,C20267,44549,MNXM4998,OZOHTVFCSKFMLL-UHFFFAOYSA-O,4-amino-5-aminomethyl-2-methylpyrimidine,C6H11N4,C | H | N,contains_N,metabolism | metabolomics,kegg.compound:C20267,none,1
kegg.compound:C00576,Betaine aldehyde,C00576,13896,MNXM457,SXKNCCSPZDCRFD-UHFFFAOYSA-N,betaine aldehyde,C5H12NO,C | H | N | O,contains_N,metabolism,kegg.compound:C00576,none,1
kegg.compound:C00356,(S)-3-Hydroxy-3-methylglutaryl-CoA,C00356,11045,MNXM1104235,CABVTRNMFUVUDM-VRHQGPGLSA-I,(s)-3-hydroxy-3-methylglutaryl-coa,C27H39N7O20P3S,C | H | N | O | P | S,contains_N,metabolism,kegg.compound:C00356,none,1
kegg.compound:C16391,Trinitrotoluene,C16391,19337,MNXM1094296,SPSSULHKWOKEEL-UHFFFAOYSA-N,trinitrotoluene,C7H5N3O6,C | H | N | O,contains_N,metabolism,kegg.compound:C16391,none,1
kegg.compound:C16392,"4-Hydroxylamino-2,6-dinitrotoluene",C16392,20408,MNXM1803,HTTDEAQRSCMCQS-UHFFFAOYSA-N,"4-hydroxylamino-2,6-dinitrotoluene",C7H7N3O5,C | H | N | O,contains_N,metabolism,kegg.compound:C16392,none,1
kegg.compound:C16393,"2-Hydroxylamino-4,6-dinitrotoluene",C16393,19644,MNXM2475,KONVLHWTMAMGAA-UHFFFAOYSA-N,"2-hydroxylamino-4,6-dinitrotoluene",C7H7N3O5,C | H | N | O,contains_N,metabolism,kegg.compound:C16393,none,1
kegg.compound:C00402,D-Aspartate,C00402,12918,MNXM1364496,CKLJMWTZIZZHCS-UWTATZPHSA-M,d-aspartate,C4H6NO4,C | H | N | O,contains_N,metabolism | transport,kegg.compound:C00402,none,1
kegg.compound:C05360,Diimine,C05360,30094,MNXM739757,RAABOESOVLLHRU-UHFFFAOYSA-O,diimine,H3N2,H | N,contains_N,metabolism,kegg.compound:C05360,none,1
kegg.compound:C21754,Isonicotinoyl radical,C21754,181409,MNXM1100922,RYAGVHNWJVQVSI-UHFFFAOYSA-N,isonicotinoyl radical,C6H4NO,C | H | N | O,contains_N,metabolism,kegg.compound:C21754,none,1
kegg.compound:C05938,L-4-Hydroxyglutamate semialdehyde,C05938,21213,MNXM2687,XCXUZPXOFFRGGP-DMTCNVIQSA-N,l-4-hydroxyglutamate semialdehyde,C5H9NO4,C | H | N | O,contains_N,metabolism,kegg.compound:C05938,none,1
chebi:87174,"(+)-(1S,2S)-norcoronamic acid",,87174,MNXM149220,WCSASARZTXJEJS-UCORVYFPSA-N,"(+)-(1s,2s)-norcoronamic acid",C5H9NO2,C | H | N | O,contains_N,transport,chebi:87174,none,1
kegg.compound:C01933,L-Norleucine,C01933,13055,MNXM3290,LRQKBLKVPFOOQJ-YFKPBYRVSA-N,l-norleucine,C6H13NO2,C | H | N | O,contains_N,transport,kegg.compound:C01933,none,1
kegg.compound:C02926,Homoserine lactone,C02926,1017,MNXM1834,QJPWUUJVYOJNMH-VKHMYHEASA-O,homoserine lactone,C4H8NO2,C | H | N | O,contains_N,transport,kegg.compound:C02926,none,1
kegg.compound:C06417,D-Valine,C06417,21112,MNXM8512,KZSNJWFQEVHDMF-SCSAIBSYSA-N,d-valine,C5H11NO2,C | H | N | O,contains_N,transport,kegg.compound:C06417,none,1
kegg.compound:C16514,Amyloid beta protein 40,C16514,64646,MNXM43760,FEWOUVRMGWFWIH-ILZZQXMPSA-N,amyloid beta protein 40,C194H295N53O58S,C | H | N | O | S,contains_N,transport,kegg.compound:C16514,none,1
kegg.compound:C19194,Azaserine,C19194,74846,MNXM1364501,MZZGOOYMKKIOOX-VKHMYHEASA-N,azaserine,C5H7N3O4,C | H | N | O,contains_N,transport,kegg.compound:C19194,none,1
kegg.compound:C00877,Crotonoyl-CoA,C00877,14031,MNXM1363936,KFWWCMJSYSSPSK-PAXLJYGASA-J,crotonoyl-coa,C25H36N7O17P3S,C | H | N | O | P | S,contains_N,metabolism,kegg.compound:C00877,none,1
kegg.compound:C00332,Acetoacetyl-CoA,C00332,11756,MNXM1103802,OJFDKHTZOUZBOS-CITAKDKDSA-J,acetoacetyl-coa,C25H36N7O18P3S,C | H | N | O | P | S,contains_N,metabolism,kegg.compound:C00332,none,1
kegg.compound:C15975,[Dihydrolipoyllysine-residue (2-methylpropanoyl)transferase] S-(3-methylbutanoyl)dihydrolipoyllysine,C15975,,MNXM730791,,[dihydrolipoyllysine-residue (2-methylpropanoyl)transferase] s-(3-methylbutanoyl)dihydrolipoyllysine,C13H24NO2S2*,C | H | N | O | S,contains_N,metabolism,kegg.compound:C15975,none,1
kegg.compound:C15977,[Dihydrolipoyllysine-residue (2-methylpropanoyl)transferase] S-(2-methylpropanoyl)dihydrolipoyllysine,C15977,,MNXM737324,,[dihydrolipoyllysine-residue (2-methylpropanoyl)transferase] s-(2-methylpropanoyl)dihydrolipoyllysine,C12H22NO2S2*,C | H | N | O | S,contains_N,metabolism,kegg.compound:C15977,none,1
kegg.compound:C15979,[Dihydrolipoyllysine-residue (2-methylpropanoyl)transferase] S-(2-methylbutanoyl)dihydrolipoyllysine,C15979,,MNXM738206,,[dihydrolipoyllysine-residue (2-methylpropanoyl)transferase] s-(2-methylbutanoyl)dihydrolipoyllysine,C13H24NO2S2*,C | H | N | O | S,contains_N,metabolism,kegg.compound:C15979,none,1
kegg.compound:C21018,Enzyme N6-(S-propyldihydrolipoyl)lysine,C21018,,MNXM164758,,enzyme n6-(s-propyldihydrolipoyl)lysine,C11H20NO2S2*,C | H | N | O | S,contains_N,metabolism,kegg.compound:C21018,none,1
kegg.compound:C03561,(R)-3-Hydroxybutanoyl-CoA,C03561,10879,MNXM1364140,QHHKKMYHDBRONY-WZZMXTMRSA-J,(r)-3-hydroxybutanoyl-coa,C25H38N7O18P3S,C | H | N | O | P | S,contains_N,metabolism,kegg.compound:C03561,none,1
kegg.compound:C00531,Itaconyl-CoA,C00531,14485,MNXM1104182,NFVGYLGSSJPRKW-CITAKDKDSA-I,itaconyl-coa,C26H35N7O19P3S,C | H | N | O | P | S,contains_N,metabolism,kegg.compound:C00531,none,1
kegg.compound:C15974,3-Methyl-1-hydroxybutyl-ThPP,C15974,80220,MNXM739428,OZAWOYZVNPQFFO-UHFFFAOYSA-O,3-methyl-1-hydroxybutyl-thpp,C17H29N4O8P2S,C | H | N | O | P | S,contains_N,metabolism,kegg.compound:C15974,none,1
kegg.compound:C15976,2-Methyl-1-hydroxypropyl-ThPP,C15976,29142,MNXM739354,SSYCSHKTIOHFEZ-UHFFFAOYSA-O,2-methyl-1-hydroxypropyl-thpp,C16H27N4O8P2S,C | H | N | O | P | S,contains_N,metabolism,kegg.compound:C15976,none,1
kegg.compound:C15978,2-Methyl-1-hydroxybutyl-ThPP,C15978,80223,MNXM739352,CUBSXOWPMAOFDG-MYHCZTBNSA-O,2-methyl-1-hydroxybutyl-thpp,C17H29N4O8P2S,C | H | N | O | P | S,contains_N,metabolism,kegg.compound:C15978,none,1
kegg.compound:C21017,2-(alpha-Hydroxypropyl)thiamine diphosphate,C21017,190398,MNXM164098,JICPENPXPGFLJB-UHFFFAOYSA-O,2-(alpha-hydroxypropyl)thiamine diphosphate,C15H25N4O8P2S,C | H | N | O | P | S,contains_N,metabolism,kegg.compound:C21017,none,1
kegg.compound:C01233,sn-Glycero-3-phosphoethanolamine,C01233,143890,MNXM734941,JZNWSCPGTDBMEW-RXMQYKEDSA-N,sn-glycero-3-phosphoethanolamine,C5H14NO6P,C | H | N | O | P,contains_N,metabolism,kegg.compound:C01233,none,1
kegg.compound:C01637,tRNA(Asn),C01637,10674,MNXM90665,,trna(asn),C28H34N11O21P3*,C | H | N | O | P,contains_N,metabolism,kegg.compound:C01637,none,1
kegg.compound:C04294,5-(2-Hydroxyethyl)-4-methylthiazole,C04294,12021,MNXM962,BKAWJIRCKVUVED-UHFFFAOYSA-N,5-(2-hydroxyethyl)-4-methylthiazole,C6H9NOS,C | H | N | O | S,contains_N,metabolism,kegg.compound:C04294,none,1
kegg.compound:C00328,L-Kynurenine,C00328,13129,MNXM733142,YGPSJZOEDVAXAB-QMMMGPOBSA-N,l-kynurenine,C10H12N2O3,C | H | N | O,contains_N,metabolism | metabolomics,kegg.compound:C00328,none,1
kegg.compound:C03069,3-Methylcrotonyl-CoA,C03069,11853,MNXM1363971,BXIPALATIYNHJN-ZMHDXICWSA-J,3-methylcrotonyl-coa,C26H38N7O17P3S,C | H | N | O | P | S,contains_N,metabolism,kegg.compound:C03069,none,1
kegg.compound:C05271,trans-Hex-2-enoyl-CoA,C05271,10726,MNXM1104717,OINXHIBNZUUIMR-IXUYQXAASA-J,trans-hex-2-enoyl-coa,C27H40N7O17P3S,C | H | N | O | P | S,contains_N,metabolism,kegg.compound:C05271,none,1
kegg.compound:C03345,2-Methylbut-2-enoyl-CoA,C03345,10949,MNXM1364002,PMWATMXOQQZNBX-DKBZLLMOSA-J,2-methylbut-2-enoyl-coa,C26H38N7O17P3S,C | H | N | O | P | S,contains_N,metabolism,kegg.compound:C03345,none,1
kegg.compound:C03460,2-Methylprop-2-enoyl-CoA,C03460,1208,MNXM1104781,NPALUEYCDZWBOV-NDZSKPAWSA-J,2-methylprop-2-enoyl-coa,C25H36N7O17P3S,C | H | N | O | P | S,contains_N,metabolism,kegg.compound:C03460,none,1
kegg.compound:C03221,2-trans-Dodecenoyl-CoA,C03221,11489,MNXM1104661,IRFYVBULXZMEDE-DEEZISNZSA-J,2-trans-dodecenoyl-coa,C33H52N7O17P3S,C | H | N | O | P | S,contains_N,metabolism,kegg.compound:C03221,none,1
kegg.compound:C05272,trans-Hexadec-2-enoyl-CoA,C05272,10728,MNXM1104633,JUPAQFRKPHPXLD-MSHHSVQMSA-J,trans-hexadec-2-enoyl-coa,C37H60N7O17P3S,C | H | N | O | P | S,contains_N,metabolism,kegg.compound:C05272,none,1
kegg.compound:C05273,trans-Tetradec-2-enoyl-CoA,C05273,10734,MNXM1104173,MBCVYCOKMMMWLX-YYMFEJJQSA-J,trans-tetradec-2-enoyl-coa,C35H56N7O17P3S,C | H | N | O | P | S,contains_N,metabolism,kegg.compound:C05273,none,1
kegg.compound:C05275,trans-Dec-2-enoyl-CoA,C05275,10723,MNXM1104631,MGNBGCRQQFMNBM-YJHHLLFWSA-J,trans-dec-2-enoyl-coa,C31H48N7O17P3S,C | H | N | O | P | S,contains_N,metabolism,kegg.compound:C05275,none,1
kegg.compound:C05276,trans-Oct-2-enoyl-CoA,C05276,10732,MNXM1106007,CPSDNAXXKWVYIY-NTLMCJQISA-J,trans-oct-2-enoyl-coa,C29H44N7O17P3S,C | H | N | O | P | S,contains_N,metabolism,kegg.compound:C05276,none,1
kegg.compound:C05270,Hexanoyl-CoA,C05270,24575,MNXM1103616,OEXFMSFODMQEPE-HDRQGHTBSA-J,hexanoyl-coa,C27H42N7O17P3S,C | H | N | O | P | S,contains_N,metabolism,kegg.compound:C05270,none,1
kegg.compound:C00894,Propenoyl-CoA,C00894,13722,MNXM1364005,POODSGUMUCVRTR-IEXPHMLFSA-J,propenoyl-coa,C24H34N7O17P3S,C | H | N | O | P | S,contains_N,metabolism,kegg.compound:C00894,none,1
kegg.compound:C05269,3-Oxohexanoyl-CoA,C05269,1641,MNXM1104699,NFOYYXQAVVYWKV-HDRQGHTBSA-J,3-oxohexanoyl-coa,C27H40N7O18P3S,C | H | N | O | P | S,contains_N,metabolism,kegg.compound:C05269,none,1
kegg.compound:C01832,Lauroyl-CoA,C01832,14188,MNXM1092909,YMCXGHLSVALICC-GMHMEAMDSA-J,lauroyl-coa,C33H54N7O17P3S,C | H | N | O | P | S,contains_N,metabolism,kegg.compound:C01832,none,1
kegg.compound:C01944,Octanoyl-CoA,C01944,14681,MNXM1093479,KQMZYOXOBSXMII-CECATXLMSA-J,octanoyl-coa,C29H46N7O17P3S,C | H | N | O | P | S,contains_N,metabolism,kegg.compound:C01944,none,1
kegg.compound:C02593,Tetradecanoyl-CoA,C02593,14637,MNXM1104283,DUAFKXOFBZQTQE-QSGBVPJFSA-J,tetradecanoyl-coa,C35H58N7O17P3S,C | H | N | O | P | S,contains_N,metabolism,kegg.compound:C02593,none,1
kegg.compound:C05274,Decanoyl-CoA,C05274,23575,MNXM1092836,CNKJPHSEFDPYDB-HSJNEKGZSA-J,decanoyl-coa,C31H50N7O17P3S,C | H | N | O | P | S,contains_N,metabolism,kegg.compound:C05274,none,1
kegg.compound:C00630,2-Methylpropanoyl-CoA,C00630,11629,MNXM1104531,AEWHYWSPVRZHCT-NDZSKPAWSA-J,2-methylpropanoyl-coa,C25H38N7O17P3S,C | H | N | O | P | S,contains_N,metabolism,kegg.compound:C00630,none,1
kegg.compound:C15980,(S)-2-Methylbutanoyl-CoA,C15980,11616,MNXM1364163,LYNVNYDEQMMNMZ-JRQZLUQRSA-J,(s)-2-methylbutanoyl-coa,C26H40N7O17P3S,C | H | N | O | P | S,contains_N,metabolism,kegg.compound:C15980,none,1
kegg.compound:C02939,3-Methylbutanoyl-CoA,C02939,11856,MNXM1363975,UYVZIWWBJMYRCD-ZMHDXICWSA-J,3-methylbutanoyl-coa,C26H40N7O17P3S,C | H | N | O | P | S,contains_N,metabolism,kegg.compound:C02939,none,1
kegg.compound:C01144,(S)-3-Hydroxybutanoyl-CoA,C01144,11048,MNXM1105912,QHHKKMYHDBRONY-VKBDFPRVSA-J,(s)-3-hydroxybutanoyl-coa,C25H38N7O18P3S,C | H | N | O | P | S,contains_N,metabolism,kegg.compound:C01144,none,1
kegg.compound:C05259,3-Oxopalmitoyl-CoA,C05259,11875,MNXM1104713,NQMPLXPCRJOSHL-BBECNAHFSA-J,3-oxopalmitoyl-coa,C37H60N7O18P3S,C | H | N | O | P | S,contains_N,metabolism,kegg.compound:C05259,none,1
kegg.compound:C05261,3-Oxotetradecanoyl-CoA,C05261,1654,MNXM1103776,IQNFBGHLIVBNOU-QSGBVPJFSA-J,3-oxotetradecanoyl-coa,C35H56N7O18P3S,C | H | N | O | P | S,contains_N,metabolism,kegg.compound:C05261,none,1
kegg.compound:C05263,3-Oxododecanoyl-CoA,C05263,1636,MNXM1364016,HQANBZHVWIDNQZ-GMHMEAMDSA-J,3-oxododecanoyl-coa,C33H52N7O18P3S,C | H | N | O | P | S,contains_N,metabolism,kegg.compound:C05263,none,1
kegg.compound:C05267,3-Oxooctanoyl-CoA,C05267,1645,MNXM1093448,WPIVBCGRGVNDDT-CECATXLMSA-J,3-oxooctanoyl-coa,C29H44N7O18P3S,C | H | N | O | P | S,contains_N,metabolism,kegg.compound:C05267,none,1
kegg.compound:C06715,3-Oxopimeloyl-CoA,C06715,11876,MNXM2941,KJXFOFKTZDJLMQ-UYRKPTJQSA-I,3-oxopimeloyl-coa,C28H39N7O20P3S,C | H | N | O | P | S,contains_N,metabolism,kegg.compound:C06715,none,1
kegg.compound:C05258,(S)-3-Hydroxyhexadecanoyl-CoA,C05258,18752,MNXM1364270,DEHLMTDDPWDRDR-BCIKBWLNSA-J,(s)-3-hydroxyhexadecanoyl-coa,C37H62N7O18P3S,C | H | N | O | P | S,contains_N,metabolism,kegg.compound:C05258,none,1
kegg.compound:C05260,(S)-3-Hydroxytetradecanoyl-CoA,C05260,18754,MNXM1104726,OXBHKMHNDGRDCZ-STLSENOWSA-J,(s)-3-hydroxytetradecanoyl-coa,C35H58N7O18P3S,C | H | N | O | P | S,contains_N,metabolism,kegg.compound:C05260,none,1
kegg.compound:C05262,(S)-3-Hydroxydodecanoyl-CoA,C05262,18751,MNXM1104711,IJFLXRCJWPKGKJ-LXIXEQKWSA-J,(s)-3-hydroxydodecanoyl-coa,C33H54N7O18P3S,C | H | N | O | P | S,contains_N,metabolism,kegg.compound:C05262,none,1
kegg.compound:C05264,(S)-Hydroxydecanoyl-CoA,C05264,18779,MNXM1104681,HIVSMYZAMUNFKZ-PNPVFPMQSA-J,(s)-hydroxydecanoyl-coa,C31H50N7O18P3S,C | H | N | O | P | S,contains_N,metabolism,kegg.compound:C05264,none,1
kegg.compound:C05266,(S)-3-Hydroxyoctanoyl-CoA,C05266,18750,MNXM1104724,ATVGTMKWKDUCMS-OTOYJEMWSA-J,(s)-3-hydroxyoctanoyl-coa,C29H46N7O18P3S,C | H | N | O | P | S,contains_N,metabolism,kegg.compound:C05266,none,1
kegg.compound:C05268,(S)-Hydroxyhexanoyl-CoA,C05268,18780,MNXM1104721,VAAHKRMGOFIORX-IKTBLOROSA-J,(s)-hydroxyhexanoyl-coa,C27H42N7O18P3S,C | H | N | O | P | S,contains_N,metabolism,kegg.compound:C05268,none,1
kegg.compound:C02232,3-Oxoadipyl-CoA,C02232,11872,MNXM1105939,VKKKAAPGXHWXOO-BIEWRJSYSA-I,3-oxoadipyl-coa,C27H37N7O20P3S,C | H | N | O | P | S,contains_N,metabolism,kegg.compound:C02232,none,1
kegg.compound:C14144,5-Carboxy-2-pentenoyl-CoA,C14144,195329,MNXM739674,ZFXICKRXPZTFPB-KCQRSJHASA-I,5-carboxy-2-pentenoyl-coa,C27H37N7O19P3S,C | H | N | O | P | S,contains_N,metabolism,kegg.compound:C14144,none,1
kegg.compound:C00527,Glutaryl-CoA,C00527,14326,MNXM1104451,SYKWLIJQEHRDNH-CKRMAKSASA-I,glutaryl-coa,C26H37N7O19P3S,C | H | N | O | P | S,contains_N,metabolism,kegg.compound:C00527,none,1
kegg.compound:C14145,(3S)-3-Hydroxyadipyl-CoA,C14145,132183,MNXM1363951,OTEACGAEDCIMBS-NOTSHUFBSA-I,(3s)-3-hydroxyadipyl-coa,C27H39N7O20P3S,C | H | N | O | P | S,contains_N,metabolism,kegg.compound:C14145,none,1
kegg.compound:C03344,2-Methylacetoacetyl-CoA,C03344,11613,MNXM1104585,NHNODHRSCRALBF-NQNBQJKNSA-J,2-methylacetoacetyl-coa,C26H38N7O18P3S,C | H | N | O | P | S,contains_N,metabolism,kegg.compound:C03344,none,1
kegg.compound:C16471,5-Methyl-3-oxo-4-hexenoyl-CoA,C16471,,MNXM738151,ZFKZVSUJTDSJEY-SVHODSNWSA-N,5-methyl-3-oxo-4-hexenoyl-coa,C28H44N7O18P3S,C | H | N | O | P | S,contains_N,metabolism,kegg.compound:C16471,none,1
kegg.compound:C04405,"(2S,3S)-3-Hydroxy-2-methylbutanoyl-CoA",C04405,10871,MNXM1364015,PEKYNTFSOBAABV-LQUDNSJZSA-J,"(2s,3s)-3-hydroxy-2-methylbutanoyl-coa",C26H40N7O18P3S,C | H | N | O | P | S,contains_N,metabolism,kegg.compound:C04405,none,1
kegg.compound:C05668,3-Hydroxypropionyl-CoA,C05668,1554,MNXM1363894,BERBFZCUSMQABM-IEXPHMLFSA-J,3-hydroxypropionyl-coa,C24H36N7O18P3S,C | H | N | O | P | S,contains_N,metabolism,kegg.compound:C05668,none,1
kegg.compound:C05998,3-Hydroxyisovaleryl-CoA,C05998,1545,MNXM1104561,PEVZKILCBDEOBT-CITAKDKDSA-J,3-hydroxyisovaleryl-coa,C26H40N7O18P3S,C | H | N | O | P | S,contains_N,metabolism,kegg.compound:C05998,none,1
kegg.compound:C06000,(S)-3-Hydroxyisobutyryl-CoA,C06000,18753,MNXM1364136,WWEOGFZEFHPUAM-UQCJFRAESA-J,(s)-3-hydroxyisobutyryl-coa,C25H38N7O18P3S,C | H | N | O | P | S,contains_N,metabolism,kegg.compound:C06000,none,1
kegg.compound:C11945,"trans-2-Methyl-5-isopropylhexa-2,5-dienoyl-CoA",C11945,,MNXM1363897,MPYXOYHSKAAPLW-AVJOVGNRSA-N,"trans-2-methyl-5-isopropylhexa-2,5-dienoyl-coa",C31H50N7O17P3S,C | H | N | O | P | S,contains_N,metabolism,kegg.compound:C11945,none,1
kegg.compound:C11946,"cis-2-Methyl-5-isopropylhexa-2,5-dienoyl-CoA",C11946,,MNXM1363887,MPYXOYHSKAAPLW-NXIRUBHOSA-N,"cis-2-methyl-5-isopropylhexa-2,5-dienoyl-coa",C31H50N7O17P3S,C | H | N | O | P | S,contains_N,metabolism,kegg.compound:C11946,none,1
kegg.compound:C11947,"3-Hydroxy-2,6-dimethyl-5-methylene-heptanoyl-CoA",C11947,,MNXM1104611,LQMGDAUBYDSVAK-VEQIRKQXSA-N,"3-hydroxy-2,6-dimethyl-5-methylene-heptanoyl-coa",C31H52N7O18P3S,C | H | N | O | P | S,contains_N,metabolism,kegg.compound:C11947,none,1
kegg.compound:C16468,"(2E)-5-Methylhexa-2,4-dienoyl-CoA",C16468,,MNXM1371910,IFMYVRQEHQTINS-MEOYLLPMSA-N,"(2e)-5-methylhexa-2,4-dienoyl-coa",C28H44N7O17P3S,C | H | N | O | P | S,contains_N,metabolism,kegg.compound:C16468,none,1
kegg.compound:C16469,3-Hydroxy-5-methylhex-4-enoyl-CoA,C16469,,MNXM738112,OLZYNLSKRKFUJC-FPVIQYCMSA-N,3-hydroxy-5-methylhex-4-enoyl-coa,C28H46N7O18P3S,C | H | N | O | P | S,contains_N,metabolism,kegg.compound:C16469,none,1
kegg.compound:C03231,3-Methylglutaconyl-CoA,C03231,11860,MNXM1364678,GXKSHRDAHFLWPN-RKYLSHMCSA-I,3-methylglutaconyl-coa,C27H37N7O19P3S,C | H | N | O | P | S,contains_N,metabolism,kegg.compound:C03231,none,1
kegg.compound:C16466,7-Methyl-3-oxo-6-octenoyl-CoA,C16466,52043,MNXM733979,LPMIXVANMSEERY-FUEUKBNZSA-J,7-methyl-3-oxo-6-octenoyl-coa,C30H44N7O18P3S,C | H | N | O | P | S,contains_N,metabolism,kegg.compound:C16466,none,1
kegg.compound:C05265,3-Oxodecanoyl-CoA,C05265,1633,MNXM1104685,AZCVXMAPLHSIKY-HSJNEKGZSA-J,3-oxodecanoyl-coa,C31H48N7O18P3S,C | H | N | O | P | S,contains_N,metabolism,kegg.compound:C05265,none,1
kegg.compound:C06714,3-Hydroxypimeloyl-CoA,C06714,11834,MNXM732602,VGEBXBQECGWCRH-JXUSAFQPSA-I,3-hydroxypimeloyl-coa,C28H41N7O20P3S,C | H | N | O | P | S,contains_N,metabolism,kegg.compound:C06714,none,1
kegg.compound:C00512,Benzoyl-CoA,C00512,13882,MNXM1363941,VEVJTUNLALKRNO-TYHXJLICSA-J,benzoyl-coa,C28H36N7O17P3S,C | H | N | O | P | S,contains_N,metabolism,kegg.compound:C00512,none,1
kegg.compound:C04644,"3alpha,7alpha-Dihydroxy-5beta-cholestanoyl-CoA",C04644,11903,MNXM1104095,SBYLHTNKEWSLBA-NOMRFMDASA-J,"3alpha,7alpha-dihydroxy-5beta-cholestanoyl-coa",C48H76N7O19P3S,C | H | N | O | P | S,contains_N,metabolism,kegg.compound:C04644,id,2
kegg.compound:C05337,Chenodeoxycholoyl-CoA,C05337,23095,MNXM1103837,IIWDDMINEZBCTG-RUAADODMSA-J,chenodeoxycholoyl-coa,C45H70N7O19P3S,C | H | N | O | P | S,contains_N,metabolism,kegg.compound:C05337,none,1
kegg.compound:C07118,Benzoylacetyl-CoA,C07118,22732,MNXM735308,NHDPIYICCBKNNJ-FUEUKBNZSA-N,benzoylacetyl-coa,C30H42N7O18P3S,C | H | N | O | P | S,contains_N,metabolism,kegg.compound:C07118,none,1
kegg.compound:C16330,3-Oxo-OPC8-CoA,C16330,,MNXM731117,YYCCMACTOAJGGW-OZVHGMPNSA-N,3-oxo-opc8-coa,C39H62N7O19P3S,C | H | N | O | P | S,contains_N,metabolism,kegg.compound:C16330,none,1
kegg.compound:C16331,OPC6-CoA,C16331,138431,MNXM738499,VWFUYQVGVAEVNH-WZGLBKMISA-J,opc6-coa,C37H56N7O18P3S,C | H | N | O | P | S,contains_N,metabolism,kegg.compound:C16331,none,1
kegg.compound:C16334,3-Oxo-OPC6-CoA,C16334,,MNXM731112,ADGIRVMSHGGGHU-AZVXSVFWSA-N,3-oxo-opc6-coa,C37H58N7O19P3S,C | H | N | O | P | S,contains_N,metabolism,kegg.compound:C16334,none,1
kegg.compound:C16335,OPC4-CoA,C16335,,MNXM738494,YYUZYSVPFVOYLB-RGUWMICCSA-N,opc4-coa,C35H56N7O18P3S,C | H | N | O | P | S,contains_N,metabolism,kegg.compound:C16335,none,1
kegg.compound:C16338,3-Oxo-OPC4-CoA,C16338,,MNXM731107,QGJLCXXJEFRWHP-JQUKJZMASA-N,3-oxo-opc4-coa,C35H54N7O19P3S,C | H | N | O | P | S,contains_N,metabolism,kegg.compound:C16338,none,1
kegg.compound:C16339,(+)-7-Isojasmonic acid CoA,C16339,,MNXM731086,WQKKCPPNDKSAIU-CBGYDUJUSA-N,(+)-7-isojasmonic acid coa,C33H52N7O18P3S,C | H | N | O | P | S,contains_N,metabolism,kegg.compound:C16339,none,1
kegg.compound:C16470,5-Methylhex-4-enoyl-CoA,C16470,,MNXM738155,BEYYLHUMFMWPLH-SVHODSNWSA-N,5-methylhex-4-enoyl-coa,C28H46N7O17P3S,C | H | N | O | P | S,contains_N,metabolism,kegg.compound:C16470,none,1
kegg.compound:C06157,[Dihydrolipoyllysine-residue succinyltransferase] S-glutaryldihydrolipoyllysine,C06157,,MNXM740465,,[dihydrolipoyllysine-residue succinyltransferase] s-glutaryldihydrolipoyllysine,C13H22NO4S2*,C | H | N | O | S,contains_N,metabolism,kegg.compound:C06157,none,1
kegg.compound:C16254,[Dihydrolipoyllysine-residue succinyltransferase] S-succinyldihydrolipoyllysine,C16254,,MNXM738208,,[dihydrolipoyllysine-residue succinyltransferase] s-succinyldihydrolipoyllysine,C12H20NO4S2*,C | H | N | O | S,contains_N,metabolism,kegg.compound:C16254,none,1
kegg.compound:C04348,L-Malyl-CoA,C04348,10886,MNXM730062,HJQWLHMLMCDAEL-ZTGLTYRUSA-I,l-malyl-coa,C25H35N7O20P3S,C | H | N | O | P | S,contains_N,metabolism,kegg.compound:C04348,none,1
kegg.compound:C00461,Chitin,C00461,,MNXM727699,,chitin,C8H13NO5*2,C | H | N | O,contains_N,metabolism,chebi:13962,name_soft,2
kegg.compound:C05381,3-Carboxy-1-hydroxypropyl-ThPP,C05381,1463,MNXM3480,ZWUKRGPVMMTMAF-UHFFFAOYSA-O,3-carboxy-1-hydroxypropyl-thpp,C16H25N4O10P2S,C | H | N | O | P | S,contains_N,metabolism,kegg.compound:C05381,none,1
kegg.compound:C21455,L-Leucyl-L-glutamyl-protein,C21455,,MNXM168144,,l-leucyl-l-glutamyl-protein,C15H24N4O7*2,C | H | N | O,contains_N,metabolism,kegg.compound:C21455,none,1
kegg.compound:C21456,L-Glutamyl-protein,C21456,,MNXM729808,,l-glutamyl-protein,C9H13N3O6*2,C | H | N | O,contains_N,metabolism,kegg.compound:C21456,none,1
kegg.compound:C21457,L-Leucyl-L-aspartyl-protein,C21457,,MNXM168143,,l-leucyl-l-aspartyl-protein,C14H22N4O7*2,C | H | N | O,contains_N,metabolism,kegg.compound:C21457,none,1
kegg.compound:C21458,L-Aspartyl-protein,C21458,,MNXM729806,,l-aspartyl-protein,C8H11N3O6*2,C | H | N | O,contains_N,metabolism,kegg.compound:C21458,none,1
kegg.compound:C00819,D-Glutamine,C00819,12980,MNXM1819,ZDXPYRJPNDTMRX-GSVOUGTGSA-N,d-glutamine,C5H10N2O3,C | H | N | O,contains_N,metabolism | metabolomics,kegg.compound:C00819,none,1
kegg.compound:C19843,L-Asp(4-L-Arg),C19843,137991,MNXM8339,QCGCETFHYOEVAI-WDSKDSINSA-N,l-asp(4-l-arg),C10H19N5O5,C | H | N | O,contains_N,metabolism | transport,kegg.compound:C19843,none,1
chebi:5044,ferrioxamine B,,5044,MNXM730517,,ferrioxamine b,C25H45FeN6O8,C | Fe | H | N | O,contains_N,transport,chebi:5044,none,1
kegg.compound:C00326,Glycoprotein,C00326,14349,MNXM39799,LUNCCTMWZWBSKQ-QHFAZAOBSA-N,glycoprotein,C28H47N5O18,C | H | N | O,contains_N,transport,kegg.compound:C00326,none,1
kegg.compound:C02737,Phosphatidylserine,C02737,,MNXM1108036,,phosphatidylserine,C8H12NO10P*2,C | H | N | O | P,contains_N,metabolism,kegg.compound:C02737,none,1
kegg.compound:C00439,N-Formimino-L-glutamate,C00439,12502,MNXM496,NRXIKWMTVXPVEF-BYPYZUCNSA-M,n-formimino-l-glutamate,C6H9N2O4,C | H | N | O,contains_N,metabolism,kegg.compound:C00439,none,1
kegg.compound:C06025,KDO2-lipid IVA,C06025,23657,MNXM1104740,XAOLJGCZESYRFT-VHSKNIDJSA-H,kdo2-lipid iva,C84H148N2O37P2,C | H | N | O | P,contains_N,metabolism,kegg.compound:C06025,none,1
kegg.compound:C00785,Urocanate,C00785,15298,MNXM1108290,LOIYMIARKYCTBW-OWOJBTEDSA-M,urocanate,C6H5N2O2,C | H | N | O,contains_N,metabolism,kegg.compound:C00785,none,1
kegg.compound:C02350,(S)-Allantoin,C02350,11024,MNXM91795,POJWUDADGALRAB-SFOWXEAESA-N,(s)-allantoin,C4H6N4O3,C | H | N | O,contains_N,metabolism,kegg.compound:C02350,none,1
kegg.compound:C04919,"2,3,2^3^-Tetrakis(3-hydroxytetradecanoyl)-D-glucosaminyl-1,6-beta-D-glucosamine 1,4^-bisphosphate",C04919,11407,MNXM731760,KVJWZTLXIROHIL-QDORLFPLSA-J,"2,3,2^3^-tetrakis(3-hydroxytetradecanoyl)-d-glucosaminyl-1,6-beta-d-glucosamine 1,4^-bisphosphate",C68H126N2O23P2,C | H | N | O | P,contains_N,metabolism,kegg.compound:C04919,none,1
kegg.compound:C03680,4-Imidazolone-5-propanoate,C03680,11730,MNXM1372141,HEXMLHKQVUFYME-UHFFFAOYSA-N,4-imidazolone-5-propanoate,C6H8N2O3,C | H | N | O,contains_N,metabolism,kegg.compound:C03680,none,1
kegg.compound:C16374,"(2E,6Z,9Z,12Z,15Z,18Z,21Z)-Tetracosaheptaenoyl-CoA",C16374,65139,MNXM739454,NVOWZIBKQIWTDG-ADUCOSNASA-J,"(2e,6z,9z,12z,15z,18z,21z)-tetracosaheptaenoyl-coa",C45H64N7O17P3S,C | H | N | O | P | S,contains_N,metabolism,kegg.compound:C16374,none,1
kegg.compound:C16375,"(3R,6Z,9Z,12Z,15Z,18Z,21Z)-3-Hydroxytetracosahexaenoyl-CoA",C16375,229700,MNXM1103305,JJCGUWRDULVWQG-DNZWJRPLSA-J,"(3r,6z,9z,12z,15z,18z,21z)-3-hydroxytetracosahexaenoyl-coa",C45H66N7O18P3S,C | H | N | O | P | S,contains_N,metabolism,kegg.compound:C16375,none,1
kegg.compound:C16387,"(2E,6Z,9Z,12Z,15Z,18Z)-Tetracosahexaenoyl-CoA",C16387,76364,MNXM1103767,UYOKHWFEUAJFMG-UIYHDVLFSA-J,"(2e,6z,9z,12z,15z,18z)-tetracosahexaenoyl-coa",C45H66N7O17P3S,C | H | N | O | P | S,contains_N,metabolism,kegg.compound:C16387,none,1
kegg.compound:C16388,"(3R,6Z,9Z,12Z,15Z,18Z)-3-Hydroxytetracosapentaenoyl-CoA",C16388,233764,MNXM730603,NNEPPYNERZEJEE-ZPBXYDCSSA-J,"(3r,6z,9z,12z,15z,18z)-3-hydroxytetracosapentaenoyl-coa",C45H68N7O18P3S,C | H | N | O | P | S,contains_N,metabolism,kegg.compound:C16388,none,1
kegg.compound:C06024,3-Deoxy-D-manno-octulosonyl-lipid IV(A),C06024,1496,MNXM1101307,GPNCBCJEDRRCDW-ACUQGRCXSA-I,3-deoxy-d-manno-octulosonyl-lipid iv(a),C76H137N2O30P2,C | H | N | O | P,contains_N,metabolism,kegg.compound:C06024,none,1
kegg.compound:C00272,Tetrahydrobiopterin,C00272,59560,MNXM1364259,FNKQXYHWGSIFBK-RPDRRWSUSA-N,tetrahydrobiopterin,C9H15N5O3,C | H | N | O,contains_N,metabolism,kegg.compound:C00272,none,1
kegg.compound:C20675,Short-chain acyl-CoA,C20675,,MNXM729260,,short-chain acyl-coa,C24H39N7O17P3S*,C | H | N | O | P | S,contains_N,metabolism,kegg.compound:C20675,none,1
kegg.compound:C20676,"Short-chain trans-2,3-dehydroacyl-CoA",C20676,,MNXM728529,,"short-chain trans-2,3-dehydroacyl-coa",C24H37N7O17P3S*,C | H | N | O | P | S,contains_N,metabolism,kegg.compound:C20676,none,1
kegg.compound:C02265,D-Phenylalanine,C02265,13007,MNXM2365,COLNVLDHVKWLRT-MRVPVSSYSA-N,d-phenylalanine,C9H11NO2,C | H | N | O,contains_N,metabolism,kegg.compound:C02265,none,1
kegg.compound:C15700,gamma-Glutamyl-gamma-aminobutyraldehyde,C15700,61508,MNXM1378,JZNLEPLZUABCSQ-ZETCQYMHSA-N,gamma-glutamyl-gamma-aminobutyraldehyde,C9H16N2O4,C | H | N | O,contains_N,metabolism,kegg.compound:C15700,none,1
kegg.compound:C15699,gamma-L-Glutamylputrescine,C15699,48005,MNXM731265,WKGTVHGVLRCTCF-ZETCQYMHSA-O,gamma-l-glutamylputrescine,C9H20N3O3,C | H | N | O,contains_N,metabolism,kegg.compound:C15699,none,1
kegg.compound:C00615,Protein histidine,C00615,,MNXM3704,,protein histidine,C7H8N4O2*2,C | H | N | O,contains_N,metabolism,kegg.compound:C00615,none,1
kegg.compound:C04261,Protein N(pi)-phospho-L-histidine,C04261,,MNXM90093,,protein n(pi)-phospho-l-histidine,C7H9N4O5P*2,C | H | N | O | P,contains_N,metabolism,kegg.compound:C04261,none,1
kegg.compound:C04675,3-Hydroxy-3-(4-methylpent-3-en-1-yl)glutaryl-CoA,C04675,11810,MNXM2078,ATTJZXQHBIJXLV-AWVQIHIZSA-I,3-hydroxy-3-(4-methylpent-3-en-1-yl)glutaryl-coa,C32H47N7O20P3S,C | H | N | O | P | S,contains_N,metabolism,kegg.compound:C04675,none,1
kegg.compound:C06251,Lauroyl-KDO2-lipid IV(A),C06251,25015,MNXM731017,JVUUYJGQIVCMIU-ZODGSCPMSA-H,lauroyl-kdo2-lipid iv(a),C96H170N2O38P2,C | H | N | O | P,contains_N,metabolism,kegg.compound:C06251,none,1
kegg.compound:C00748,Siroheme,C00748,26690,MNXM1104857,DLKSSIHHLYNIKN-QIISWYHFSA-D,siroheme,C42H36FeN4O16,C | Fe | H | N | O,contains_N,metabolism,kegg.compound:C00748,none,1
kegg.compound:C00398,Tryptamine,C00398,15274,MNXM806,APJYDQYYACXCRM-UHFFFAOYSA-O,tryptamine,C10H13N2,C | H | N,contains_N,metabolism | metabolomics,kegg.compound:C00398,none,1
kegg.compound:C00157,Phosphatidylcholine,C00157,14802,MNXM726687,,phosphatidylcholine,C10H19NO8P*2,C | H | N | O | P,contains_N,metabolism | transport,kegg.compound:C00157,none,1
kegg.compound:C02686,Galactosylceramide,C02686,,MNXM1105960,,galactosylceramide,C25H46NO8*,C | H | N | O,contains_N,metabolism,kegg.compound:C02686,none,1
kegg.compound:C20895,"(2S,3S)-3-Methylphenylalanine",C20895,76864,MNXM146324,IRZQDMYEJPNDEN-CBAPKCEASA-N,"(2s,3s)-3-methylphenylalanine",C10H13NO2,C | H | N | O,contains_N,metabolism,kegg.compound:C20895,none,1
kegg.compound:C01640,tRNA(Gln),C01640,10679,MNXM71,,trna(gln),C28H34N11O21P3*,C | H | N | O | P,contains_N,metabolism,kegg.compound:C01640,none,1
kegg.compound:C03187,dTDP-6-deoxy-beta-L-talose,C03187,68576,MNXM737509,ZOSQFDVXNQFKBY-ONRKHWABSA-L,dtdp-6-deoxy-beta-l-talose,C16H24N2O15P2,C | H | N | O | P,contains_N,metabolism,kegg.compound:C03187,none,1
kegg.compound:C11821,5-Hydroxyisourate,C11821,12137,MNXM1137,LTQYPAVLAYVKTK-YFKPBYRVSA-N,5-hydroxyisourate,C5H4N4O4,C | H | N | O,contains_N,metabolism,kegg.compound:C11821,none,1
kegg.compound:C19875,alpha-Kdo-(2->8)-alpha-Kdo-(2->4)-alpha-Kdo-(2->6)-lipid IVA,C19875,86234,MNXM4884,CYXUODONHIAJMC-SGONGESZSA-G,alpha-kdo-(2->8)-alpha-kdo-(2->4)-alpha-kdo-(2->6)-lipid iva,C92H159N2O44P2,C | H | N | O | P,contains_N,metabolism,kegg.compound:C19875,none,1
kegg.compound:C02953,"7,8-Dihydrobiopterin",C02953,43011,MNXM723641,FEMXZDUTFRTWPE-DZSWIPIPSA-N,"7,8-dihydrobiopterin",C9H13N5O3,C | H | N | O,contains_N,metabolism,kegg.compound:C02953,none,1
kegg.compound:C04728,tRNA containing 5-[(methylamino)methyl]-2-thiouridylate,C04728,,MNXM1104921,,trna containing 5-[(methylamino)methyl]-2-thiouridylate,C21H34N3O20P3S*2,C | H | N | O | P | S,contains_N,metabolism,kegg.compound:C04728,none,1
kegg.compound:C05279,"trans,cis-Lauro-2,6-dienoyl-CoA",C05279,10697,MNXM1104257,BNPQDIKRZDRREL-GQUYLXGASA-N,"trans,cis-lauro-2,6-dienoyl-coa",C33H54N7O17P3S,C | H | N | O | P | S,contains_N,metabolism,kegg.compound:C05279,none,1
kegg.compound:C05280,"cis,cis-3,6-Dodecadienoyl-CoA",C05280,10450,MNXM1106027,KEPSPLQXVPROMK-ASJCJLDXSA-N,"cis,cis-3,6-dodecadienoyl-coa",C33H54N7O17P3S,C | H | N | O | P | S,contains_N,metabolism,kegg.compound:C05280,none,1
kegg.compound:C11478,tRNA containing 5-(aminomethyl)-2-thiouridine,C11478,10656,MNXM740277,,trna containing 5-(aminomethyl)-2-thiouridine,C20H32N3O20P3S*2,C | H | N | O | P | S,contains_N,metabolism,kegg.compound:C11478,none,1
kegg.compound:C12491,Pyrrolnitrin,C12491,32079,MNXM21422,QJBZDBLBQWFTPZ-UHFFFAOYSA-N,pyrrolnitrin,C10H6Cl2N2O2,C | Cl | H | N | O,contains_N,metabolism,kegg.compound:C12491,none,1
kegg.compound:C19823,"UDP-2-acetamido-2,6-dideoxy-beta-L-arabino-hexos-4-ulose",C19823,52225,MNXM1784,XBILTLYIKDPORV-QEEJMIEASA-L,"udp-2-acetamido-2,6-dideoxy-beta-l-arabino-hexos-4-ulose",C17H23N3O16P2,C | H | N | O | P,contains_N,metabolism,kegg.compound:C19823,none,1
kegg.compound:C21109,Aminopyrrolnitrin,C21109,85786,MNXM10692,RWAXAHFFXZKMPA-UHFFFAOYSA-N,aminopyrrolnitrin,C10H8Cl2N2,C | Cl | H | N,contains_N,metabolism,kegg.compound:C21109,none,1
chebi:26633,selenocystine,,26633,MNXM727880,JULROCUWKLNBSN-UHFFFAOYSA-N,selenocystine,C6H12N2O4Se2,C | H | N | O | Se,contains_N,transport,chebi:26633,none,1
chebi:404903,ertapenem(1-),,404903,MNXM155774,JUZNIMUFDBIJCM-ANEDZVCMSA-M,ertapenem(1-),C22H24N3O7S,C | H | N | O | S,contains_N,transport,chebi:404903,none,1
kegg.compound:C11199,Cefpirome,C11199,3503,MNXM45994,DKOQGJHPHLTOJR-WHRDSVKCSA-N,cefpirome,C22H22N6O5S2,C | H | N | O | S,contains_N,transport,kegg.compound:C11199,none,1
kegg.compound:C12019,2-(Biaryl)carbapenems,C12019,29470,MNXM34707,ANDVEUKOOBWYKC-UHFFFAOYSA-N,2-(biaryl)carbapenems,C21H19NO4,C | H | N | O,contains_N,transport,kegg.compound:C12019,none,1
kegg.compound:C05116,3-Hydroxybutanoyl-CoA,C05116,1541,MNXM1364141,QHHKKMYHDBRONY-RMNRSTNRSA-J,3-hydroxybutanoyl-coa,C25H38N7O18P3S,C | H | N | O | P | S,contains_N,metabolism,kegg.compound:C05116,none,1
kegg.compound:C05932,N-Succinyl-L-glutamate 5-semialdehyde,C05932,21820,MNXM1763,XTOKIEIBKARFSZ-LURJTMIESA-L,n-succinyl-l-glutamate 5-semialdehyde,C9H11NO6,C | H | N | O,contains_N,metabolism,kegg.compound:C05932,none,1
kegg.compound:C05931,N-Succinyl-L-glutamate,C05931,21821,MNXM1757,JCNBNOQGFSXOML-YFKPBYRVSA-K,n-succinyl-l-glutamate,C9H10NO7,C | H | N | O,contains_N,metabolism,kegg.compound:C05931,none,1
kegg.compound:C02091,(S)-Ureidoglycine,C02091,15294,MNXM729985,VTFWFHCECSOPSX-SFOWXEAESA-N,(s)-ureidoglycine,C3H7N3O3,C | H | N | O,contains_N,metabolism,kegg.compound:C02091,none,1
kegg.compound:C03296,N2-Succinyl-L-arginine,C03296,12637,MNXM1756,UMOXFSXIFQOWTD-LURJTMIESA-M,n2-succinyl-l-arginine,C10H17N4O5,C | H | N | O,contains_N,metabolism,kegg.compound:C03296,none,1
kegg.compound:C03415,N2-Succinyl-L-ornithine,C03415,21822,MNXM1152,VWXQFHJBQHTHMK-LURJTMIESA-M,n2-succinyl-l-ornithine,C9H15N2O5,C | H | N | O,contains_N,metabolism,kegg.compound:C03415,none,1
kegg.compound:C02700,L-Formylkynurenine,C02700,12505,MNXM727853,BYHJHXPTQMMKCA-QMMMGPOBSA-N,l-formylkynurenine,C11H12N2O4,C | H | N | O,contains_N,metabolism,kegg.compound:C02700,none,1
kegg.compound:C12248,"5-Hydroxy-2-oxo-4-ureido-2,5-dihydro-1H-imidazole-5-carboxylate",C12248,31132,MNXM1805,WHKYNCPIXMNTRQ-YFKPBYRVSA-M,"5-hydroxy-2-oxo-4-ureido-2,5-dihydro-1h-imidazole-5-carboxylate",C5H5N4O5,C | H | N | O,contains_N,metabolism,kegg.compound:C12248,none,1
kegg.compound:C01010,Urea-1-carboxylate,C01010,15293,MNXM1122,AVWRKZWQTYIKIY-UHFFFAOYSA-M,urea-1-carboxylate,C2H3N2O3,C | H | N | O,contains_N,metabolism,kegg.compound:C01010,none,1
kegg.compound:C00449,"N6-(L-1,3-Dicarboxypropyl)-L-lysine",C00449,12660,MNXM735171,ZDGJAHTZVHVLOT-YUMQZZPRSA-M,"n6-(l-1,3-dicarboxypropyl)-l-lysine",C11H19N2O6,C | H | N | O,contains_N,metabolism,kegg.compound:C00449,none,1
kegg.compound:C02949,4-Hydroxybenzoyl-CoA,C02949,12004,MNXM1104715,LTVXPVBFJBTNIJ-TYHXJLICSA-J,4-hydroxybenzoyl-coa,C28H36N7O18P3S,C | H | N | O | P | S,contains_N,metabolism,kegg.compound:C02949,none,1
kegg.compound:C02954,6-Aminopenicillanate,C02954,12207,MNXM2495,NGHVIOIJCVXTGV-ALEPSDHESA-N,6-aminopenicillanate,C8H12N2O3S,C | H | N | O | S,contains_N,metabolism,kegg.compound:C02954,none,1
kegg.compound:C00195,N-Acylsphingosine,C00195,,MNXM1105908,,n-acylsphingosine,C19H36NO3*,C | H | N | O,contains_N,metabolism,kegg.compound:C00195,none,1
kegg.compound:C05653,Formylanthranilate,C05653,12508,MNXM2265,LLLPDUXGHXIXIW-UHFFFAOYSA-M,formylanthranilate,C8H6NO3,C | H | N | O,contains_N,metabolism,kegg.compound:C05653,none,1
kegg.compound:C00541,Cob(II)alamin,C00541,14005,MNXM1104738,XHIOQVZCIGODFK-HSZGVAHJSA-K,cob(ii)alamin,C62H87CoN13O14P,C | Co | H | N | O | P,contains_N,metabolism,kegg.compound:C00541,none,1
kegg.compound:C00992,Aquacob(III)alamin,C00992,,MNXM1104282,YOZNUFWCRFCGIH-UVKKECPRSA-L,aquacob(iii)alamin,C62H90CoN13O15P,C | Co | H | N | O | P,contains_N,metabolism,kegg.compound:C00992,id,2
kegg.compound:C04152,rRNA containing N1-methylguanine,C04152,10637,MNXM32859,,rrna containing n1-methylguanine,C21H32N5O20P3*2,C | H | N | O | P,contains_N,metabolism,kegg.compound:C04152,none,1
kegg.compound:C11827,[GlcNAc-(1->4)-Mur2Ac(oyl-L-Ala-g-D-Glu-A2pm-D-Ala-D-Ala)]n-diphosphoundecaprenol,C11827,10151,MNXM741043,YCEYFMFATQTSRQ-SKRGZLQOSA-N,[glcnac-(1->4)-mur2ac(oyl-l-ala-g-d-glu-a2pm-d-ala-d-ala)]n-diphosphoundecaprenol,C135H220N16O49P2,C | H | N | O | P,contains_N,metabolism,kegg.compound:C11827,none,1
kegg.compound:C21007,"5,6,7,8-Tetrahydromonapterin",C21007,71177,MNXM1102193,XHIXPVCTDRNTTC-YQVKZWHSSA-N,"5,6,7,8-tetrahydromonapterin",C9H15N5O4,C | H | N | O,contains_N,metabolism,kegg.compound:C21007,none,1
kegg.compound:C03227,3-Hydroxy-L-kynurenine,C03227,11823,MNXM728564,VCKPUUFAIGNJHC-LURJTMIESA-N,3-hydroxy-l-kynurenine,C10H12N2O4,C | H | N | O,contains_N,metabolism,kegg.compound:C02794,id,2
kegg.compound:C04756,O-1-Alk-1-enyl-2-acyl-sn-glycero-3-phosphoethanolamine,C04756,,MNXM728258,,o-1-alk-1-enyl-2-acyl-sn-glycero-3-phosphoethanolamine,C8H14NO7P*2,C | H | N | O | P,contains_N,metabolism,kegg.compound:C04756,none,1
kegg.compound:C21113,NMNH,C21113,74452,MNXM7593,XQHMUSRSLNRVGA-TURQNECASA-L,nmnh,C11H15N2O8P,C | H | N | O | P,contains_N,metabolism,kegg.compound:C21113,none,1
chebi:51903,calcein,,51903,MNXM45203,DEGAKNSWVGKMLS-UHFFFAOYSA-N,calcein,C30H26N2O13,C | H | N | O,contains_N,transport,chebi:51903,none,1
kegg.compound:C18172,Carboxyspermidine,C18172,65072,MNXM741438,ICLFWLHIBPQMFT-ZETCQYMHSA-P,carboxyspermidine,C8H21N3O2,C | H | N | O,contains_N,metabolism,kegg.compound:C18172,none,1
kegg.compound:C18174,Carboxynorspermidine,C18174,65070,MNXM6202,KFJYMJZJSUORBX-LURJTMIESA-P,carboxynorspermidine,C7H19N3O2,C | H | N | O,contains_N,metabolism,kegg.compound:C18174,none,1
kegg.compound:C20424,"2,4-Diacetamido-2,4,6-trideoxy-D-mannopyranose",C20424,68645,MNXM9761,NRXWTRNYICXMBF-UBUKNDCTSA-N,"2,4-diacetamido-2,4,6-trideoxy-d-mannopyranose",C10H18N2O5,C | H | N | O,contains_N,metabolism,kegg.compound:C20424,none,1
kegg.compound:C06026,KDO2-lipid A,C06026,23656,MNXM730505,DIXUKJUHGLIZGU-OIPVZEHTSA-H,kdo2-lipid a,C110H196N2O39P2,C | H | N | O | P,contains_N,metabolism,kegg.compound:C06026,none,1
kegg.compound:C00935,UDP-L-arabinose,C00935,13491,MNXM1108369,DQQDLYVHOTZLOR-IAZOVDBXSA-L,udp-l-arabinose,C14H20N2O16P2,C | H | N | O | P,contains_N,metabolism,kegg.compound:C00935,none,1
kegg.compound:C02218,Dehydroalanine,C02218,1013,MNXM734499,UQBOJOOOTLPNST-UHFFFAOYSA-N,dehydroalanine,C3H5NO2,C | H | N | O,contains_N,metabolism,kegg.compound:C02218,none,1
kegg.compound:C21461,KDO2-lipid A 1-(2-aminoethyl diphosphate),C21461,,MNXM164859,ZELNIHVJJGXTEH-RQBQWGHISA-N,kdo2-lipid a 1-(2-aminoethyl diphosphate),C112H208N3O42P3,C | H | N | O | P,contains_N,metabolism,kegg.compound:C21461,none,1
kegg.compound:C21462,KDO2-lipid A 4^-(2-aminoethyl diphosphate),C21462,,MNXM168050,FMMDUIKMCIIMII-RQBQWGHISA-N,kdo2-lipid a 4^-(2-aminoethyl diphosphate),C112H208N3O42P3,C | H | N | O | P,contains_N,metabolism,kegg.compound:C21462,none,1
kegg.compound:C21463,"KDO2-lipid A 1,4^-bis(2-aminoethyl diphosphate)",C21463,,MNXM168049,LQVFBTLCXJKWQT-ZORMGUNWSA-N,"kdo2-lipid a 1,4^-bis(2-aminoethyl diphosphate)",C114H214N4O45P4,C | H | N | O | P,contains_N,metabolism,kegg.compound:C21463,none,1
kegg.compound:C00734,Chitosan,C00734,13964,MNXM732456,MSWZFWKMSRAUBD-QZABAPFNSA-N,chitosan,C6H13NO5,C | H | N | O,contains_N,metabolism,kegg.compound:C00734,none,1
kegg.compound:C21485,Cytidylyl molybdenum cofactor,C21485,71308,MNXM1103700,ZOPFRBWJOPZGAV-MQPNXHJTSA-J,cytidylyl molybdenum cofactor,C19H22MoN8O16P2S2,C | H | Mo | N | O | P | S,contains_N,metabolism,kegg.compound:C21485,none,1
kegg.compound:C00739,D-Lysine,C00739,12994,MNXM1364269,KDXKERNSBIXSRK-RXMQYKEDSA-O,d-lysine,C6H15N2O2,C | H | N | O,contains_N,metabolism,kegg.compound:C00739,none,1
kegg.compound:C01234,1-Aminocyclopropane-1-carboxylate,C01234,11251,MNXM1128,PAJPWUMXBYXFCZ-UHFFFAOYSA-N,1-aminocyclopropane-1-carboxylate,C4H7NO2,C | H | N | O,contains_N,metabolism,kegg.compound:C01234,none,1
kegg.compound:C03239,6-Amino-2-oxohexanoate,C03239,12205,MNXM916,GWENQMVPLJAMAE-UHFFFAOYSA-N,6-amino-2-oxohexanoate,C6H11NO3,C | H | N | O,contains_N,metabolism,kegg.compound:C03239,none,1
kegg.compound:C03375,Norspermidine,C03375,13912,MNXM2217,OTBHHUPVCYLGQO-UHFFFAOYSA-Q,norspermidine,C6H20N3,C | H | N,contains_N,metabolism,kegg.compound:C03375,none,1
kegg.compound:C05925,Dihydroneopterin phosphate,C05925,23756,MNXM1364433,PLSQMGZYOGSOCE-XINAWCOVSA-L,dihydroneopterin phosphate,C9H12N5O7P,C | H | N | O | P,contains_N,metabolism,kegg.compound:C05925,none,1
kegg.compound:C19877,4-O-Phospho-alpha-Kdo-(2->6)-lipid IVA,C19877,61589,MNXM5005,IAPZNWXPUSJMBU-ACUQGRCXSA-G,4-o-phospho-alpha-kdo-(2->6)-lipid iva,C76H136N2O33P3,C | H | N | O | P,contains_N,metabolism,kegg.compound:C19877,none,1
kegg.compound:C21094,"7,8-Dihydromonapterin 3^-triphosphate",C21094,193162,MNXM1371934,DGGUVLXVLHAAGT-NJGYIYPDSA-J,"7,8-dihydromonapterin 3^-triphosphate",C9H12N5O13P3,C | H | N | O | P,contains_N,metabolism,kegg.compound:C21094,none,1
kegg.compound:C00565,Trimethylamine,C00565,15261,MNXM1094294,GETQZCLCWQTVFV-UHFFFAOYSA-O,trimethylamine,C3H10N,C | H | N,contains_N,metabolism | transport,kegg.compound:C00565,none,1
kegg.compound:C18625,4-Nitrobenzoate,C18625,142863,MNXM8152,OTLNPYWUJOZPPA-UHFFFAOYSA-M,4-nitrobenzoate,C7H4NO4,C | H | N | O,contains_N,transport,kegg.compound:C18625,none,1
kegg.compound:C19687,7-Chloro-L-tryptophan,C19687,47356,MNXM2206,DMQFGLHRDFQKNR-VIFPVBQESA-N,7-chloro-l-tryptophan,C11H11ClN2O2,C | Cl | H | N | O,contains_N,metabolism,kegg.compound:C19687,none,1
kegg.compound:C00582,Phenylacetyl-CoA,C00582,14780,MNXM1104563,ZIGIFDRJFZYEEQ-CECATXLMSA-J,phenylacetyl-coa,C29H38N7O17P3S,C | H | N | O | P | S,contains_N,metabolism,kegg.compound:C00582,none,1
kegg.compound:C20062,"2-(1,2-Epoxy-1,2-dihydrophenyl)acetyl-CoA",C20062,63458,MNXM2919,ZTMHVINYLDVBNO-FOGVYBFTSA-J,"2-(1,2-epoxy-1,2-dihydrophenyl)acetyl-coa",C29H38N7O18P3S,C | H | N | O | P | S,contains_N,metabolism,kegg.compound:C20062,none,1
kegg.compound:C05332,Phenethylamine,C05332,14782,MNXM660,BHHGXPLMPWCGHP-UHFFFAOYSA-O,phenethylamine,C8H12N,C | H | N,contains_N,metabolism,kegg.compound:C05332,none,1
kegg.compound:C05638,5-Hydroxykynurenamine,C05638,20589,MNXM3508,JANBBPTXDKFOQR-UHFFFAOYSA-O,5-hydroxykynurenamine,C9H13N2O2,C | H | N | O,contains_N,metabolism,kegg.compound:C05638,none,1
kegg.compound:C00793,D-Cysteine,C00793,12919,MNXM2112,XUJNEKJLAYXESH-UWTATZPHSA-N,d-cysteine,C3H7NO2S,C | H | N | O | S,contains_N,metabolism,kegg.compound:C00793,none,1
kegg.compound:C05973,2-Acyl-sn-glycero-3-phosphoethanolamine,C05973,12702,MNXM101606,,2-acyl-sn-glycero-3-phosphoethanolamine,C6H13NO7P*,C | H | N | O | P,contains_N,metabolism,kegg.compound:C05973,none,1
kegg.compound:C04154,rRNA containing N6-methyladenine,C04154,10639,MNXM5920,,rrna containing n6-methyladenine,C21H32N5O19P3*2,C | H | N | O | P,contains_N,metabolism,kegg.compound:C04154,none,1
kegg.compound:C04230,1-Acyl-sn-glycero-3-phosphocholine,C04230,,MNXM1107998,,1-acyl-sn-glycero-3-phosphocholine,C9H20NO7P*,C | H | N | O | P,contains_N,metabolism,kegg.compound:C04230,none,1
kegg.compound:C04233,2-Acyl-sn-glycero-3-phosphocholine,C04233,,MNXM1108088,,2-acyl-sn-glycero-3-phosphocholine,C9H20NO7P*,C | H | N | O | P,contains_N,metabolism,kegg.compound:C04233,none,1
kegg.compound:C04317,1-Organyl-2-lyso-sn-glycero-3-phosphocholine,C04317,11242,MNXM727572,,1-organyl-2-lyso-sn-glycero-3-phosphocholine,C8H19NO6P*,C | H | N | O | P,contains_N,metabolism,kegg.compound:C04317,none,1
kegg.compound:C04438,1-Acyl-sn-glycero-3-phosphoethanolamine,C04438,,MNXM1107785,,1-acyl-sn-glycero-3-phosphoethanolamine,C6H13NO7P*,C | H | N | O | P,contains_N,metabolism,kegg.compound:C04438,none,1
kegg.compound:C04635,1-(1-Alkenyl)-sn-glycero-3-phosphoethanolamine,C04635,,MNXM730299,,1-(1-alkenyl)-sn-glycero-3-phosphoethanolamine,C7H15NO6P*,C | H | N | O | P,contains_N,metabolism,kegg.compound:C04635,none,1
kegg.compound:C05212,1-Radyl-2-acyl-sn-glycero-3-phosphocholine,C05212,,MNXM1105954,,1-radyl-2-acyl-sn-glycero-3-phosphocholine,C9H19NO7P*2,C | H | N | O | P,contains_N,metabolism,kegg.compound:C05212,none,1
kegg.compound:C05974,2-Acyl-sn-glycero-3-phosphoserine,C05974,,MNXM1107731,,2-acyl-sn-glycero-3-phosphoserine,C7H13NO9P*,C | H | N | O | P,contains_N,metabolism,kegg.compound:C05974,none,1
chebi:136181,L-isoleucine-(+)-12-hydroxy-7-isojasmonate,,136181,MNXM13561,TXHIPUZLOILIIU-RAJZRIHCSA-M,l-isoleucine-(+)-12-hydroxy-7-isojasmonate,C18H28NO5,C | H | N | O,contains_N,transport,chebi:136181,none,1
chebi:5404,glucoerucin,,5404,MNXM1371280,GKUMMDFLKGFCKH-AHMUMSBHSA-M,glucoerucin,C12H22NO9S3,C | H | N | O | S,contains_N,transport,chebi:5404,none,1
kegg.compound:C00386,Carnosine,C00386,13948,MNXM726951,CQOVPNPJLQNMDC-ZETCQYMHSA-N,carnosine,C9H14N4O3,C | H | N | O,contains_N,transport,kegg.compound:C00386,none,1
kegg.compound:C07210,Zidovudine,C07210,10110,MNXM89353,HBOMLICNUCNMMY-XLPZGREQSA-N,zidovudine,C10H13N5O4,C | H | N | O,contains_N,transport,kegg.compound:C07210,none,1
kegg.compound:C07756,7-Aminocephalosporanic acid,C07756,2255,MNXM4186,HSHGZXNAXBPPDL-HZGVNTEJSA-N,7-aminocephalosporanic acid,C10H12N2O5S,C | H | N | O | S,contains_N,transport,kegg.compound:C07756,none,1
kegg.compound:C20253,Aminoacrylate,C20253,59893,MNXM162288,YTLYLLTVENPWFT-UPHRSURJSA-M,aminoacrylate,C3H4NO2,C | H | N | O,contains_N,metabolism,kegg.compound:C20253,none,1
kegg.compound:C00501,CDP-glucose,C00501,13264,MNXM731662,CGPHZDRCVSLMCF-JZMIEXBBSA-L,cdp-glucose,C15H23N3O16P2,C | H | N | O | P,contains_N,metabolism,kegg.compound:C00501,none,1
kegg.compound:C01290,Lactosylceramide,C01290,,MNXM1108012,,lactosylceramide,C31H56NO13*,C | H | N | O,contains_N,metabolism,kegg.compound:C01290,none,1
kegg.compound:C01142,"(3S)-3,6-Diaminohexanoate",C01142,10885,MNXM1865,QKEWQOJCHPFEAF-YFKPBYRVSA-O,"(3s)-3,6-diaminohexanoate",C6H15N2O2,C | H | N | O,contains_N,metabolism,kegg.compound:C01142,none,1
kegg.compound:C20357,"UDP-N,N^-diacetylbacillosamine",C20357,67134,MNXM97026,KCAODEOZHCZEBC-TUHJILAWSA-L,"udp-n,n^-diacetylbacillosamine",C19H28N4O16P2,C | H | N | O | P,contains_N,metabolism,kegg.compound:C20357,none,1
chebi:144635,"D-2,4-diaminobutyric acid",,144635,MNXM468682,OGNSCSPNOLGXSM-GSVOUGTGSA-N,"d-2,4-diaminobutyric acid",C4H10N2O2,C | H | N | O,contains_N,transport,chebi:144635,none,1
chebi:182011,N-(4-aminobenzoyl)-L-glutamate,,182011,MNXM7553,GADGMZDHLQLZRI-VIFPVBQESA-L,n-(4-aminobenzoyl)-l-glutamate,C12H12N2O5,C | H | N | O,contains_N,transport,chebi:182011,none,1
kegg.compound:C00241,Amide,C00241,22473,MNXM94421,,amide,CH2NO*,C | H | N | O,contains_N,transport,kegg.compound:C00241,none,1
kegg.compound:C04227,Octopamine,C04227,11191,MNXM3679,QHGUCRYDKWKLMG-QMMMGPOBSA-O,octopamine,C8H12NO2,C | H | N | O,contains_N,transport,kegg.compound:C04227,none,1
kegg.compound:C20231,(Z)-3-Ureidoacrylate peracid,C20231,59889,MNXM2304,AJFKXWQDHFYKFK-UPHRSURJSA-N,(z)-3-ureidoacrylate peracid,C4H6N2O4,C | H | N | O,contains_N,metabolism,kegg.compound:C20231,none,1
kegg.compound:C00543,Dimethylamine,C00543,14170,MNXM796,ROSDSFDQCJNGOL-UHFFFAOYSA-O,dimethylamine,C2H8N,C | H | N,contains_N,metabolism | transport,kegg.compound:C00543,none,1
kegg.compound:C20249,(Z)-3-Peroxyaminoacrylate,C20249,59892,MNXM3415,WQKGFGLGYOHJOG-UPHRSURJSA-N,(z)-3-peroxyaminoacrylate,C3H5NO3,C | H | N | O,contains_N,metabolism,kegg.compound:C20249,none,1
kegg.compound:C20418,"N,N^-Diacetyllegionaminate",C20418,68669,MNXM12095,ZJOSXOOPEBJBMC-DAJNMGJPSA-M,"n,n^-diacetyllegionaminate",C13H21N2O8,C | H | N | O,contains_N,metabolism,kegg.compound:C20418,none,1
kegg.compound:C01888,Aminoacetone,C01888,13767,MNXM1106,BCDGQXUMWHRQCB-UHFFFAOYSA-O,aminoacetone,C3H8NO,C | H | N | O,contains_N,metabolism,kegg.compound:C01888,none,1
kegg.compound:C00788,L-Adrenaline,C00788,1942,MNXM31772,UCTWMZQNUQWSLP-VIFPVBQESA-O,l-adrenaline,C9H14NO3,C | H | N | O,contains_N,metabolism,kegg.compound:C00788,none,1
kegg.compound:C05127,N-Methylhistamine,C05127,12679,MNXM733449,FHQDWPCFSJMNCT-UHFFFAOYSA-O,n-methylhistamine,C6H12N3,C | H | N,contains_N,metabolism,kegg.compound:C05127,none,1
kegg.compound:C05587,3-Methoxytyramine,C05587,1582,MNXM3848,DIVQKHQLANKJQO-UHFFFAOYSA-O,3-methoxytyramine,C9H14NO2,C | H | N | O,contains_N,metabolism,kegg.compound:C05587,none,1
kegg.compound:C05588,L-Metanephrine,C05588,189646,MNXM734904,JWJCTZKFYGDABJ-VIFPVBQESA-O,l-metanephrine,C10H16NO3,C | H | N | O,contains_N,metabolism,kegg.compound:C05588,none,1
kegg.compound:C05589,L-Normetanephrine,C05589,189645,MNXM734923,YNYAYWLBAHXHLL-QMMMGPOBSA-O,l-normetanephrine,C9H14NO3,C | H | N | O,contains_N,metabolism,kegg.compound:C05589,none,1
kegg.compound:C05636,3-Hydroxykynurenamine,C05636,1546,MNXM36534,ODOPEICAGBYCFH-UHFFFAOYSA-N,3-hydroxykynurenamine,C9H12N2O2,C | H | N | O,contains_N,metabolism,kegg.compound:C05636,none,1
kegg.compound:C05637,"4,8-Dihydroxyquinoline",C05637,1759,MNXM9073,PYELIMVFIITPER-UHFFFAOYSA-N,"4,8-dihydroxyquinoline",C9H7NO2,C | H | N | O,contains_N,metabolism,kegg.compound:C05637,none,1
kegg.compound:C05639,"4,6-Dihydroxyquinoline",C05639,1755,MNXM9072,XFALURCRIGINGT-UHFFFAOYSA-N,"4,6-dihydroxyquinoline",C9H7NO2,C | H | N | O,contains_N,metabolism,kegg.compound:C05639,none,1
kegg.compound:C07572,Citalopram,C07572,77397,MNXM146538,WSEQXVZVJXJVFP-UHFFFAOYSA-N,citalopram,C20H21FN2O,C | F | H | N | O,contains_N,metabolism,kegg.compound:C07572,none,1
kegg.compound:C16608,Demethylcitalopram,C16608,80603,MNXM5122,PTJADDMMFYXMMG-UHFFFAOYSA-N,demethylcitalopram,C19H19FN2O,C | F | H | N | O,contains_N,metabolism,kegg.compound:C16608,none,1
kegg.compound:C16609,Didemethylcitalopram,C16609,80604,MNXM7300,RKUKMUWCRLRPEJ-UHFFFAOYSA-N,didemethylcitalopram,C18H17FN2O,C | F | H | N | O,contains_N,metabolism,kegg.compound:C16609,none,1
kegg.compound:C16612,Citalopram aldehyde,C16612,80607,MNXM3565,BBYAFETUIKMLSF-UHFFFAOYSA-N,citalopram aldehyde,C18H14FNO2,C | F | H | N | O,contains_N,metabolism,kegg.compound:C16612,none,1
kegg.compound:C21299,RCH2NHR^,C21299,50981,MNXM731502,,rch2nhr^,CH4N*2,C | H | N,contains_N,metabolism,kegg.compound:C21299,none,1
kegg.compound:C21300,R^NH2,C21300,,MNXM168966,,r^nh2,H5N*,H | N,contains_N,metabolism,kegg.compound:C21300,none,1
kegg.compound:C20254,Ureidoacrylate,C20254,59890,MNXM4213,JDSSVQWHYUVDDF-UPHRSURJSA-M,ureidoacrylate,C4H5N2O3,C | H | N | O,contains_N,metabolism,kegg.compound:C20254,none,1
kegg.compound:C07420,Pentamidine,C07420,45077,MNXM159523,XDRYMKDFEDOLFX-UHFFFAOYSA-N,pentamidine,C19H24N4O2,C | H | N | O,contains_N,transport,kegg.compound:C07420,none,1
kegg.compound:C08001,Melarsoprol,C08001,6729,MNXM61332,JCYZMTMYPZHVBF-UHFFFAOYSA-N,melarsoprol,C12H15AsN6OS2,As | C | H | N | O | S,contains_N,transport,kegg.compound:C08001,none,1
kegg.compound:C16396,"2,4-Diamino-6-nitrotoluene",C16396,19342,MNXM2914,DFZSBQYOXAUYCB-UHFFFAOYSA-N,"2,4-diamino-6-nitrotoluene",C7H9N3O2,C | H | N | O,contains_N,metabolism,kegg.compound:C16396,none,1
kegg.compound:C16399,"2,4-Diamino-6-hydroxylaminotoluene",C16399,19341,MNXM6678,DAAYGLKRMDTNSS-UHFFFAOYSA-N,"2,4-diamino-6-hydroxylaminotoluene",C7H11N3O,C | H | N | O,contains_N,metabolism,kegg.compound:C16399,none,1
chebi:62896,dimethylallyl-UTP,,62896,MNXM50977,QVWOXIZAUXHYLD-OJAKKHQRSA-N,dimethylallyl-utp,C14H23N2O15P3,C | H | N | O | P,contains_N,transport,chebi:62896,none,1
kegg.compound:C02642,3-Ureidopropionate,C02642,11892,MNXM802,JSJWCHRYRHKBBW-UHFFFAOYSA-M,3-ureidopropionate,C4H7N2O3,C | H | N | O,contains_N,metabolism,kegg.compound:C02642,none,1
kegg.compound:C21029,(R)-3-Ureidoisobutyrate,C21029,1670,MNXM1363399,PHENTZNALBMCQD-GSVOUGTGSA-N,(r)-3-ureidoisobutyrate,C5H10N2O3,C | H | N | O,contains_N,metabolism,kegg.compound:C21029,none,1
kegg.compound:C01205,(R)-3-Amino-2-methylpropanoate,C01205,10981,MNXM162802,QCHPKSFMDHPSNR-GSVOUGTGSA-N,(r)-3-amino-2-methylpropanoate,C4H9NO2,C | H | N | O,contains_N,metabolism,kegg.compound:C01205,none,1
kegg.compound:C04573,UDP-N-acetyl-2-amino-2-deoxy-D-glucuronate,C04573,13454,MNXM740283,DZOGQXKQLXAPND-HHKCBAECSA-K,udp-n-acetyl-2-amino-2-deoxy-d-glucuronate,C17H22N3O18P2,C | H | N | O | P,contains_N,metabolism,kegg.compound:C04573,none,1
kegg.compound:C00203,UDP-N-acetyl-D-galactosamine,C00203,13455,MNXM1100890,LFTYTUAZOPRMMI-NESSUJCYSA-L,udp-n-acetyl-d-galactosamine,C17H25N3O17P2,C | H | N | O | P,contains_N,metabolism,kegg.compound:C00203,none,1
kegg.compound:C06126,Digalactosylceramide,C06126,143595,MNXM1104230,,digalactosylceramide,C31H56NO13*,C | H | N | O,contains_N,metabolism,kegg.compound:C06126,none,1
kegg.compound:C13952,UDP-N-acetyl-D-galactosaminuronic acid,C13952,231899,MNXM114385,DZOGQXKQLXAPND-ALERELDYSA-K,udp-n-acetyl-d-galactosaminuronic acid,C17H22N3O18P2,C | H | N | O | P,contains_N,metabolism,kegg.compound:C13952,none,1
kegg.compound:C20627,"CDP-2,3-bis-(O-phytanyl)-sn-glycerol",C20627,74004,MNXM728574,JXITWCJAPKTFER-DDEUYAGPSA-L,"cdp-2,3-bis-(o-phytanyl)-sn-glycerol",C52H99N3O13P2,C | H | N | O | P,contains_N,metabolism,kegg.compound:C20627,none,1
kegg.compound:C20957,L-Alanyl-D-glutamate,C20957,61395,MNXM3630,VYZAGTDAHUIRQA-CRCLSJGQSA-M,l-alanyl-d-glutamate,C8H13N2O5,C | H | N | O,contains_N,metabolism,kegg.compound:C20957,none,1
kegg.compound:C20958,L-Alanyl-L-glutamate,C20958,61396,MNXM4026,VYZAGTDAHUIRQA-WHFBIAKZSA-M,l-alanyl-l-glutamate,C8H13N2O5,C | H | N | O,contains_N,metabolism,kegg.compound:C20958,none,1
kegg.compound:C04905,1-(4-Amino-2-methylpyrimid-5-ylmethyl)-3-(beta-hydroxyethyl)-2-methylpyridinium bromide,C04905,11188,MNXM4224,GUWSQVZFXHIGLN-UHFFFAOYSA-M,1-(4-amino-2-methylpyrimid-5-ylmethyl)-3-(beta-hydroxyethyl)-2-methylpyridinium bromide,C14H19BrN4O,Br | C | H | N | O,contains_N,transport,kegg.compound:C04905,none,1
kegg.compound:C01998,Acrylonitrile,C01998,22217,MNXM4430,NLHHRLWOUZZQLW-UHFFFAOYSA-N,acrylonitrile,C3H3N,C | H | N,contains_N,metabolism,kegg.compound:C01998,none,1
kegg.compound:C18091,Ethylnitronate,C18091,55327,MNXM1364199,YERBBVNYIKLXDM-UHFFFAOYSA-N,ethylnitronate,C2H4NO2,C | H | N | O,contains_N,metabolism,kegg.compound:C18091,none,1
kegg.compound:C00406,Feruloyl-CoA,C00406,12881,MNXM1369395,GBXZVJQQDAJGSO-NBXNMEGSSA-J,feruloyl-coa,C31H40N7O19P3S,C | H | N | O | P | S,contains_N,metabolism,kegg.compound:C00406,none,1
kegg.compound:C00845,2-Furoyl-CoA,C00845,1102,MNXM2321,IIKOXWXMCPEVLL-DJVIHCHSSA-J,2-furoyl-coa,C26H34N7O18P3S,C | H | N | O | P | S,contains_N,metabolism,kegg.compound:C00845,none,1
kegg.compound:C03724,S-(5-Hydroxy-2-furoyl)-CoA,C03724,12736,MNXM727180,IDJHMFITFRNMIE-CITAKDKDSA-I,s-(5-hydroxy-2-furoyl)-coa,C26H33N7O19P3S,C | H | N | O | P | S,contains_N,metabolism,kegg.compound:C03724,none,1
kegg.compound:C06125,Sulfatide,C06125,,MNXM727408,,sulfatide,C25H46NO11S*,C | H | N | O | S,contains_N,metabolism,kegg.compound:C06125,none,1
kegg.compound:C20761,"alpha-D-Man-(1->2)-alpha-D-Man-(1->2)-[alpha-D-Man-(1->3)-alpha-D-Man-(1->3)-alpha-D-Man-(1->2)-alpha-D-Man-(1->2)]n-alpha-D-Man-(1->3)-alpha-D-Man-(1->3)-alpha-D-Man-(1->3)-alpha-D-GlcNAc-diphospho-ditrans,octacis-undecaprenol",C20761,74010,MNXM728942,FNFMEIMQEWXCJM-UMFFJOTFSA-L,"alpha-d-man-(1->2)-alpha-d-man-(1->2)-[alpha-d-man-(1->3)-alpha-d-man-(1->3)-alpha-d-man-(1->2)-alpha-d-man-(1->2)]n-alpha-d-man-(1->3)-alpha-d-man-(1->3)-alpha-d-man-(1->3)-alpha-d-glcnac-diphospho-ditrans,octacis-undecaprenol",C117H193NO57P2,C | H | N | O | P,contains_N,metabolism,kegg.compound:C20761,none,1
kegg.compound:C20762,"3-O-Phospho-alpha-D-Man-(1->2)-alpha-D-Man-(1->2)-[alpha-D-Man-(1->3)-alpha-D-Man-(1->3)-alpha-D-Man-(1->2)-alpha-D-Man-(1->2)]n-alpha-D-Man-(1->3)-alpha-D-Man-(1->3)-alpha-D-Man-(1->3)-alpha-D-GlcNAc-diphospho-ditrans,octacis-undecaprenol",C20762,74008,MNXM728672,YDGHPCXLHFPDCK-MDKSVYSISA-J,"3-o-phospho-alpha-d-man-(1->2)-alpha-d-man-(1->2)-[alpha-d-man-(1->3)-alpha-d-man-(1->3)-alpha-d-man-(1->2)-alpha-d-man-(1->2)]n-alpha-d-man-(1->3)-alpha-d-man-(1->3)-alpha-d-man-(1->3)-alpha-d-glcnac-diphospho-ditrans,octacis-undecaprenol",C117H192NO60P3,C | H | N | O | P,contains_N,metabolism,kegg.compound:C20762,none,1
kegg.compound:C20763,"3-O-Methylphospho-alpha-D-Man-(1->2)-alpha-D-Man-(1->2)-[alpha-D-Man-(1->3)-alpha-D-Man-(1->3)-alpha-D-Man-(1->2)-alpha-D-Man-(1->2)]n-alpha-D-Man-(1->3)-alpha-D-Man-(1->3)-alpha-D-Man-(1->3)-alpha-D-GlcNAc-diphospho-ditrans,octacis-undecaprenol",C20763,74009,MNXM728922,FFOYMTZHPZCAFR-GGWOGHCCSA-K,"3-o-methylphospho-alpha-d-man-(1->2)-alpha-d-man-(1->2)-[alpha-d-man-(1->3)-alpha-d-man-(1->3)-alpha-d-man-(1->2)-alpha-d-man-(1->2)]n-alpha-d-man-(1->3)-alpha-d-man-(1->3)-alpha-d-man-(1->3)-alpha-d-glcnac-diphospho-ditrans,octacis-undecaprenol",C118H195NO60P3,C | H | N | O | P,contains_N,metabolism,kegg.compound:C20763,none,1
chebi:188725,telbivudine,,188725,MNXM83506,IQFYYKKMVGJFEH-CSMHCCOUSA-N,telbivudine,C10H14N2O5,C | H | N | O,contains_N,transport,chebi:188725,none,1
chebi:19065,1-methylinosine,,19065,MNXM32864,WJNGQIYEQLPJMN-IOSLPCCCSA-N,1-methylinosine,C11H14N4O5,C | H | N | O,contains_N,transport,chebi:19065,none,1
chebi:2601,allopurinol,,2601,MNXM726418,OFCNXPDARWKPPY-UHFFFAOYSA-N,allopurinol,C5H4N4O,C | H | N | O,contains_N,transport,chebi:2601,none,1
chebi:42452,formycin A,,42452,MNXM737902,KBHMEHLJSZMEMI-KSYZLYKTSA-N,formycin a,C10H13N5O4,C | H | N | O,contains_N,transport,chebi:42452,none,1
chebi:68558,ticagrelor,,68558,MNXM87207,OEKWJQXRCDYSHL-FNOIDJSQSA-N,ticagrelor,C23H28F2N6O4S,C | F | H | N | O | S,contains_N,transport,chebi:68558,none,1
chebi:74553,Lys-Arg,,74553,MNXM127549,NPBGTPKLVJEOBE-IUCAKERBSA-N,lys-arg,C12H26N6O3,C | H | N | O,contains_N,transport,chebi:74553,none,1
chebi:88246,2^-deoxytubercidin,,88246,MNXM468492,NIJSNUNKSPLDTO-DJLDLDEBSA-N,2^-deoxytubercidin,C11H14N4O3,C | H | N | O,contains_N,transport,chebi:88246,none,1
kegg.compound:C01678,Cysteamine,C01678,14060,MNXM1226,UFULAYFCSOUIOV-UHFFFAOYSA-O,cysteamine,C2H8NS,C | H | N | S,contains_N,transport,kegg.compound:C01678,none,1
kegg.compound:C08431,Cordycepin,C08431,19841,MNXM47644,OFEZSBMBBKLLBJ-BAJZRUMYSA-N,cordycepin,C10H13N5O3,C | H | N | O,contains_N,transport,kegg.compound:C08431,none,1
kegg.compound:C18388,Diminazene,C18388,81724,MNXM155437,XNYZHCFCZNMTFY-UHFFFAOYSA-N,diminazene,C14H15N7,C | H | N,contains_N,transport,kegg.compound:C18388,none,1
kegg.compound:C22361,Glycyl-AMP,C22361,42626,MNXM18249,HROXHMRQKGGIFT-JJNLEZRASA-N,glycyl-amp,C12H17N6O8P,C | H | N | O | P,contains_N,transport,kegg.compound:C22361,none,1
kegg.compound:C01043,N-Carbamoylsarcosine,C01043,12498,MNXM1760,SREKYKXYSQMOIB-UHFFFAOYSA-M,n-carbamoylsarcosine,C4H7N2O3,C | H | N | O,contains_N,metabolism,kegg.compound:C01043,none,1
kegg.compound:C05519,L-Allothreonine,C05519,21221,MNXM2125,AYFVYJQAPQTCCC-HRFVKAFMSA-N,l-allothreonine,C4H9NO3,C | H | N | O,contains_N,metabolism,kegg.compound:C05519,none,1
kegg.compound:C00956,L-2-Aminoadipate,C00956,13051,MNXM1368894,OYIFNHCXNCRBQI-BYPYZUCNSA-M,l-2-aminoadipate,C6H10NO4,C | H | N | O,contains_N,metabolism,kegg.compound:C00956,none,1
kegg.compound:C05651,5-Hydroxykynurenine,C05651,20575,MNXM166598,OTDQYOVYQQZAJL-QMMMGPOBSA-N,5-hydroxykynurenine,C10H12N2O4,C | H | N | O,contains_N,metabolism,kegg.compound:C05651,none,1
kegg.compound:C02411,Glutaconyl-1-CoA,C02411,11969,MNXM725881,URTLOTISFJPPOU-DEGQQWIJSA-I,glutaconyl-1-coa,C26H35N7O19P3S,C | H | N | O | P | S,contains_N,metabolism,kegg.compound:C02411,none,1
kegg.compound:C03733,UDP-alpha-D-galactofuranose,C03733,66915,MNXM1102185,ZQLQOXLUCGXKHS-SIAUPFDVSA-L,udp-alpha-d-galactofuranose,C15H22N2O17P2,C | H | N | O | P,contains_N,metabolism,kegg.compound:C03733,none,1
kegg.compound:C18094,UDP-L-arabinofuranose,C18094,61460,MNXM731135,QGNZSCRNMXQWNR-IAZOVDBXSA-L,udp-l-arabinofuranose,C14H20N2O16P2,C | H | N | O | P,contains_N,metabolism,kegg.compound:C18094,none,1
kegg.compound:C00643,5-Hydroxy-L-tryptophan,C00643,12133,MNXM730546,LDCYZAJDBXYCGN-VIFPVBQESA-N,5-hydroxy-l-tryptophan,C11H12N2O3,C | H | N | O,contains_N,metabolism,kegg.compound:C00643,none,1
kegg.compound:C16244,Cobalt-precorrin 7,C16244,52490,MNXM47444,GPKQHTAVLDBECX-HDPLZVLRSA-F,cobalt-precorrin 7,C44H50CoN4O14,C | Co | H | N | O,contains_N,metabolism,kegg.compound:C16244,none,1
kegg.compound:C20395,UDP-2-acetamido-2-deoxy-alpha-D-ribo-hex-3-uluronate,C20395,62250,MNXM1100299,FQYJGWJSECSVLP-AZKAKUJRSA-K,udp-2-acetamido-2-deoxy-alpha-d-ribo-hex-3-uluronate,C17H20N3O18P2,C | H | N | O | P,contains_N,metabolism,kegg.compound:C20395,none,1
chebi:12146,5-methyltetrahydrofolic acid,,12146,MNXM1363962,ZNOVTXRBGFNYRX-ABLWVSNPSA-N,5-methyltetrahydrofolic acid,C20H25N7O6,C | H | N | O,contains_N,transport,chebi:12146,none,1
chebi:22526,4-aminofolic acid,,22526,MNXM37337,TVZGACDUOSZQKY-LBPRGKRZSA-N,4-aminofolic acid,C19H20N8O5,C | H | N | O,contains_N,transport,chebi:22526,none,1
kegg.compound:C06313,Biopterin,C06313,13904,MNXM1363669,LHQIJBMDNUYRAM-DZSWIPIPSA-N,biopterin,C9H11N5O3,C | H | N | O,contains_N,transport,kegg.compound:C06313,none,1
kegg.compound:C19945,"3-Oxo-5,6-dehydrosuberyl-CoA",C19945,63253,MNXM735195,IFFFDKYRRUVOFP-NOQDIWQESA-I,"3-oxo-5,6-dehydrosuberyl-coa",C29H39N7O20P3S,C | H | N | O | P | S,contains_N,metabolism,kegg.compound:C19945,none,1
kegg.compound:C01920,Geranoyl-CoA,C01920,14298,MNXM1371415,FWLPCGPDGSQPGT-WJGFBNMQSA-J,geranoyl-coa,C31H46N7O17P3S,C | H | N | O | P | S,contains_N,metabolism,kegg.compound:C01920,none,1
kegg.compound:C01291,3-(4-Methylpent-3-en-1-yl)pent-2-enedioyl-CoA,C01291,11728,MNXM1371391,BVEJAKPMABGOEE-JQQGIELXSA-I,3-(4-methylpent-3-en-1-yl)pent-2-enedioyl-coa,C32H45N7O19P3S,C | H | N | O | P | S,contains_N,metabolism,kegg.compound:C01291,none,1
kegg.compound:C19975,2-Oxepin-2(3H)-ylideneacetyl-CoA,C19975,63251,MNXM1371492,ZQZCWPBSHHYCMM-BETJHJQZSA-J,2-oxepin-2(3h)-ylideneacetyl-coa,C29H38N7O18P3S,C | H | N | O | P | S,contains_N,metabolism,kegg.compound:C19975,none,1
kegg.compound:C01213,(R)-Methylmalonyl-CoA,C01213,10976,MNXM738783,MZFOKIKEPGUZEN-AGCMQPJKSA-I,(r)-methylmalonyl-coa,C25H35N7O19P3S,C | H | N | O | P | S,contains_N,metabolism,kegg.compound:C01213,none,1
kegg.compound:C21027,N-Acetylmuramic acid alpha-1-phosphate,C21027,137594,MNXM63569,DTSXRQWOCZUNPL-YVNCZSHWSA-K,n-acetylmuramic acid alpha-1-phosphate,C11H17NO11P,C | H | N | O | P,contains_N,metabolism,kegg.compound:C21027,none,1
kegg.compound:C03114,Dimethylbenzimidazole,C03114,14172,MNXM1531,LJUQGASMPRMWIW-UHFFFAOYSA-N,dimethylbenzimidazole,C9H10N2,C | H | N,contains_N,metabolism,kegg.compound:C03114,none,1
kegg.compound:C03955,N6-Acetyl-N6-hydroxy-L-lysine,C03955,12663,MNXM2135,YXKGOSZASIKYPU-ZETCQYMHSA-N,n6-acetyl-n6-hydroxy-l-lysine,C8H16N2O4,C | H | N | O,contains_N,metabolism,kegg.compound:C03955,none,1
kegg.compound:C05197,Protein glycine,C05197,10174,MNXM729439,,protein glycine,C3H4N2O2*2,C | H | N | O,contains_N,metabolism,kegg.compound:C05197,none,1
kegg.compound:C05312,Protein glycin-2-yl radical,C05312,10175,MNXM726264,,protein glycin-2-yl radical,C3H3N2O2*2,C | H | N | O,contains_N,metabolism,kegg.compound:C05312,none,1
kegg.compound:C15586,N-D-Ribosylpurine,C15586,14969,MNXM733458,MRWXACSTFXYYMV-FDDDBJFASA-N,n-d-ribosylpurine,C10H12N4O4,C | H | N | O,contains_N,metabolism,kegg.compound:C01736,id,2
kegg.compound:C15767,4-(L-gamma-Glutamylamino)butanoate,C15767,178402,MNXM1406,MKYPKZSGLSOGLL-LURJTMIESA-M,4-(l-gamma-glutamylamino)butanoate,C9H15N2O5,C | H | N | O,contains_N,metabolism,kegg.compound:C15767,none,1
kegg.compound:C20419,"CMP-N,N^-diacetyllegionaminate",C20419,68670,MNXM16758,XTZJKGIMUFZFBV-QBAABWDMSA-L,"cmp-n,n^-diacetyllegionaminate",C22H32N5O15P,C | H | N | O | P,contains_N,metabolism,kegg.compound:C20419,none,1
kegg.compound:C20463,Purine deoxyribonucleoside,C20463,72810,MNXM21394,WJBNIBFTNGZFBW-DJLDLDEBSA-N,purine deoxyribonucleoside,C10H12N4O3,C | H | N | O,contains_N,metabolism,kegg.compound:C20463,none,1
kegg.compound:C00513,CDP-glycerol,C00513,132202,MNXM740148,HHPOUCCVONEPRK-JBSYKWBFSA-L,cdp-glycerol,C12H19N3O13P2,C | H | N | O | P,contains_N,metabolism,kegg.compound:C00513,none,1
kegg.compound:C03824,2-Aminomuconate semialdehyde,C03824,1022,MNXM1371250,QCGTZPZKJPTAEP-REDYYMJGSA-N,2-aminomuconate semialdehyde,C6H7NO3,C | H | N | O,contains_N,metabolism,kegg.compound:C03824,none,1
kegg.compound:C00264,3-Oxoacyl-CoA,C00264,,MNXM728005,,3-oxoacyl-coa,C24H37N7O18P3S*,C | H | N | O | P | S,contains_N,metabolism,kegg.compound:C00264,none,1
kegg.compound:C00323,Caffeoyl-CoA,C00323,87136,MNXM1369521,QHRGJMIMHCLHRG-ZSELIEHESA-J,caffeoyl-coa,C30H38N7O19P3S,C | H | N | O | P | S,contains_N,metabolism,kegg.compound:C00323,none,1
kegg.compound:C00411,Sinapoyl-CoA,C00411,15087,MNXM953,RBFUWESMWRUGFY-GSNIOFLCSA-J,sinapoyl-coa,C32H42N7O20P3S,C | H | N | O | P | S,contains_N,metabolism,kegg.compound:C00411,none,1
kegg.compound:C01086,(3R)-3-Hydroxyacyl-CoA,C01086,,MNXM731621,,(3r)-3-hydroxyacyl-coa,C24H39N7O18P3S*,C | H | N | O | P | S,contains_N,metabolism,kegg.compound:C01086,none,1
kegg.compound:C06240,UDP-N-acetyl-D-mannosaminouronate,C06240,22117,MNXM1105744,DZOGQXKQLXAPND-XHUKORKBSA-K,udp-n-acetyl-d-mannosaminouronate,C17H22N3O18P2,C | H | N | O | P,contains_N,metabolism,kegg.compound:C06240,none,1
kegg.compound:C06397,ADP-D-glycero-beta-D-manno-heptose,C06397,59966,MNXM1107947,KMSFWBYFWSKGGR-FQBROAFUSA-L,adp-d-glycero-beta-d-manno-heptose,C17H25N5O16P2,C | H | N | O | P,contains_N,metabolism,kegg.compound:C06397,none,1
kegg.compound:C12203,5-Hydroxyferuloyl-CoA,C12203,156249,MNXM1369071,ILSPFIPSQSFPCN-VYBUCKLUSA-N,5-hydroxyferuloyl-coa,C31H44N7O20P3S,C | H | N | O | P | S,contains_N,metabolism,kegg.compound:C12203,none,1
kegg.compound:C16463,"3^,5^-Cyclic diGMP",C16463,47036,MNXM731193,PKFDLKSEZWEFGL-MHARETSRSA-L,"3^,5^-cyclic digmp",C20H22N10O14P2,C | H | N | O | P,contains_N,metabolism,kegg.compound:C16463,none,1
kegg.compound:C17758,"4,5-seco-Dopa",C17758,11937,MNXM1368750,FNEGJFDTWWXQES-QTWONPPNSA-M,"4,5-seco-dopa",C9H10NO6,C | H | N | O,contains_N,metabolism,kegg.compound:C17758,none,1
kegg.compound:C19946,"3-Oxo-5,6-dehydrosuberyl-CoA semialdehyde",C19946,63256,MNXM733565,XYGQIZWAZKPGNV-CECATXLMSA-J,"3-oxo-5,6-dehydrosuberyl-coa semialdehyde",C29H40N7O19P3S,C | H | N | O | P | S,contains_N,metabolism,kegg.compound:C19946,none,1
kegg.compound:C20638,"GDP-4-amino-4,6-dideoxy-alpha-D-mannose",C20638,73996,MNXM18025,PMFIPWCEUCAMAY-YVXBHLEUSA-M,"gdp-4-amino-4,6-dideoxy-alpha-d-mannose",C16H25N6O14P2,C | H | N | O | P,contains_N,metabolism,kegg.compound:C20638,none,1
chebi:64243,monosodium L-glutamate,,64243,MNXM158123,LPUQAYUQRXPFSQ-DFWYDOINSA-M,monosodium l-glutamate,C5H8NNaO4,C | H | N | Na | O,contains_N,transport,chebi:64243,none,1
kegg.compound:C00429,"5,6-Dihydrouracil",C00429,12078,MNXM506,OIVLITBTBDPEFK-UHFFFAOYSA-N,"5,6-dihydrouracil",C4H6N2O2,C | H | N | O,contains_N,metabolism,kegg.compound:C00429,none,1
kegg.compound:C15532,N-Acetyl-L-citrulline,C15532,133540,MNXM1369110,WMQMIOYQXNRROC-LURJTMIESA-M,n-acetyl-l-citrulline,C8H14N3O4,C | H | N | O,contains_N,metabolism,kegg.compound:C15532,none,1
kegg.compound:C21028,"(R)-5,6-Dihydrothymine",C21028,176874,MNXM1372218,NBAKTGXDIBVZOO-GSVOUGTGSA-N,"(r)-5,6-dihydrothymine",C5H8N2O2,C | H | N | O,contains_N,metabolism,kegg.compound:C21028,none,1
kegg.compound:C00603,(S)-Ureidoglycolate,C00603,10783,MNXM733673,NWZYYCVIOKVTII-SFOWXEAESA-M,(s)-ureidoglycolate,C3H5N2O4,C | H | N | O,contains_N,metabolism,kegg.compound:C00603,none,1
kegg.compound:C00906,"5,6-Dihydrothymine",C00906,1998,MNXM1372219,NBAKTGXDIBVZOO-UHFFFAOYSA-N,"5,6-dihydrothymine",C5H8N2O2,C | H | N | O,contains_N,metabolism,kegg.compound:C00906,none,1
kegg.compound:C06735,Aminoacetaldehyde,C06735,13766,MNXM2212,LYIIBVSRGJSHAV-UHFFFAOYSA-O,aminoacetaldehyde,C2H6NO,C | H | N | O,contains_N,metabolism,kegg.compound:C06735,none,1
kegg.compound:C06813,Nitrobenzene,C06813,116696,MNXM5853,LQNUZADURLCDLV-UHFFFAOYSA-N,nitrobenzene,C6H5NO2,C | H | N | O,contains_N,metabolism,kegg.compound:C06813,none,1
kegg.compound:C11006,"2,4-Dinitrotoluene",C11006,920,MNXM5441,RMBFBMJGBANMMK-UHFFFAOYSA-N,"2,4-dinitrotoluene",C7H6N2O4,C | H | N | O,contains_N,metabolism,kegg.compound:C11006,none,1
kegg.compound:C18315,4-Methyl-5-nitrocatechol,C18315,81666,MNXM6897,WLLRAKCRHPMKNA-UHFFFAOYSA-N,4-methyl-5-nitrocatechol,C7H7NO4,C | H | N | O,contains_N,metabolism,kegg.compound:C18315,none,1
kegg.compound:C01020,6-Hydroxynicotinate,C01020,12219,MNXM773,BLHCMGRVFXRYRN-UHFFFAOYSA-M,6-hydroxynicotinate,C6H4NO3,C | H | N | O,contains_N,metabolism,kegg.compound:C01020,none,1
kegg.compound:C01367,3^-AMP,C01367,1333,MNXM1102173,LNQVTSROQXJCDD-KQYNXXCUSA-L,3^-amp,C10H12N5O7P,C | H | N | O | P,contains_N,metabolism,kegg.compound:C01367,none,1
kegg.compound:C01368,3^-UMP,C01368,1361,MNXM1102189,FOGRQMPFHUHIGU-XVFCMESISA-L,3^-ump,C9H11N2O9P,C | H | N | O | P,contains_N,metabolism,kegg.compound:C01368,none,1
kegg.compound:C02353,"2^,3^-Cyclic AMP",C02353,175195,MNXM2598,KMYWVDDIPVNLME-KQYNXXCUSA-M,"2^,3^-cyclic amp",C10H11N5O6P,C | H | N | O | P,contains_N,metabolism,kegg.compound:C02353,none,1
kegg.compound:C02354,"2^,3^-Cyclic CMP",C02354,181564,MNXM3148,NMPZCCZXCOMSDQ-XVFCMESISA-M,"2^,3^-cyclic cmp",C9H11N3O7P,C | H | N | O | P,contains_N,metabolism,kegg.compound:C02354,none,1
kegg.compound:C02355,"2^,3^-Cyclic UMP",C02355,19215,MNXM3150,HWDMHJDYMFRXOX-XVFCMESISA-M,"2^,3^-cyclic ump",C9H10N2O8P,C | H | N | O | P,contains_N,metabolism,kegg.compound:C02355,none,1
kegg.compound:C05822,3^-CMP,C05822,1335,MNXM2182,UOOOPKANIPLQPU-XVFCMESISA-L,3^-cmp,C9H12N3O8P,C | H | N | O | P,contains_N,metabolism,kegg.compound:C05822,none,1
kegg.compound:C06193,Guanosine 3^-phosphate,C06193,24447,MNXM2183,ZDPUTNZENXVHJC-UUOKFMHZSA-L,guanosine 3^-phosphate,C10H12N5O8P,C | H | N | O | P,contains_N,metabolism,kegg.compound:C06193,none,1
kegg.compound:C06194,"2^,3^-Cyclic GMP",C06194,19214,MNXM733912,UASRYODFRYWBRC-UUOKFMHZSA-M,"2^,3^-cyclic gmp",C10H11N5O7P,C | H | N | O | P,contains_N,metabolism,kegg.compound:C06194,none,1
kegg.compound:C20333,N2-Citryl-N6-acetyl-N6-hydroxy-L-lysine,C20333,63796,MNXM62890,HPOPJZNNZCIWFX-CUVJYRNJSA-K,n2-citryl-n6-acetyl-n6-hydroxy-l-lysine,C14H19N2O10,C | H | N | O,contains_N,metabolism,kegg.compound:C20333,none,1
kegg.compound:C01028,N6-Hydroxy-L-lysine,C01028,12670,MNXM2258,FZQOIMPLZAYIKU-YFKPBYRVSA-N,n6-hydroxy-l-lysine,C6H14N2O3,C | H | N | O,contains_N,metabolism,kegg.compound:C01028,none,1
kegg.compound:C02220,2-Aminomuconate,C02220,189698,MNXM726804,ZRHONLCTYUYMIQ-HSFFGMMNSA-N,2-aminomuconate,C6H7NO4,C | H | N | O,contains_N,metabolism,kegg.compound:C02220,none,1
kegg.compound:C02647,4-Guanidinobutanal,C02647,11989,MNXM1895,VCOFTLCIPLEZKE-UHFFFAOYSA-O,4-guanidinobutanal,C5H12N3O,C | H | N | O,contains_N,metabolism,kegg.compound:C02647,none,1
kegg.compound:C04650,L-Phosphinothricin,C04650,142851,MNXM734991,IAJOBQBIJHVGMQ-BYPYZUCNSA-M,l-phosphinothricin,C5H11NO4P,C | H | N | O | P,contains_N,metabolism,kegg.compound:C04650,none,1
kegg.compound:C16464,Citronellyl-CoA,C16464,,MNXM737410,VDDADDVBKMQECN-OUDFDEKCSA-N,citronellyl-coa,C31H52N7O17P3S,C | H | N | O | P | S,contains_N,metabolism,kegg.compound:C16464,none,1
kegg.compound:C17949,N-Acetyldemethylphosphinothricin,C17949,81405,MNXM4699,VMEBCHDZEJWXIU-YFKPBYRVSA-L,n-acetyldemethylphosphinothricin,C6H10NO5P,C | H | N | O | P,contains_N,metabolism,kegg.compound:C17949,none,1
kegg.compound:C17952,N-Acetylphosphinothricin,C17952,131436,MNXM2844,VZVQOWUYAAWBCP-LURJTMIESA-L,n-acetylphosphinothricin,C7H12NO5P,C | H | N | O | P,contains_N,metabolism,kegg.compound:C17952,none,1
kegg.compound:C17962,Demethylphosphinothricin,C17962,81414,MNXM6234,IDBRULKICVRMNG-VKHMYHEASA-N,demethylphosphinothricin,C4H10NO4P,C | H | N | O | P,contains_N,metabolism,kegg.compound:C17962,none,1
kegg.compound:C20082,Pseudaminic acid,C20082,63281,MNXM3087,ZJOSXOOPEBJBMC-LJRWBPDUSA-M,pseudaminic acid,C13H21N2O8,C | H | N | O,contains_N,metabolism,kegg.compound:C20082,none,1
kegg.compound:C00588,Choline phosphate,C00588,12720,MNXM229,YHHSONZFOIEMCP-UHFFFAOYSA-M,choline phosphate,C5H13NO4P,C | H | N | O | P,contains_N,metabolism | transport,kegg.compound:C00588,none,1
kegg.compound:C01921,Glycocholate,C01921,11894,MNXM1371202,RFDAIACWWDREDC-FRVQLJSFSA-M,glycocholate,C26H42NO6,C | H | N | O,contains_N,metabolism | transport,kegg.compound:C01921,none,1
kegg.compound:C05463,Taurodeoxycholate,C05463,181392,MNXM9132,AWDRATDZQPNJFN-VAYUFCLWSA-M,taurodeoxycholate,C26H44NO6S,C | H | N | O | S,contains_N,metabolism,kegg.compound:C05463,none,1
kegg.compound:C05465,Taurochenodeoxycholate,C05465,13961,MNXM731821,BHTRKEVKTKCXOH-BJLOMENOSA-M,taurochenodeoxycholate,C26H44NO6S,C | H | N | O | S,contains_N,metabolism,kegg.compound:C05465,none,1
kegg.compound:C05466,Glycochenodeoxycholate,C05466,3591,MNXM732862,GHCZAUBVMUEKKP-GYPHWSFCSA-M,glycochenodeoxycholate,C26H42NO5,C | H | N | O,contains_N,metabolism,kegg.compound:C05466,none,1
kegg.compound:C05554,Aerobactin,C05554,13745,MNXM1101938,KDHHWXGBNUCREU-HOTGVXAUSA-K,aerobactin,C22H33N4O13,C | H | N | O,contains_N,metabolism,kegg.compound:C05554,none,1
kegg.compound:C05678,(2-Amino-1-hydroxyethyl)phosphonate,C05678,141612,MNXM6613,RTTXIBKRJFIBBG-UWTATZPHSA-N,(2-amino-1-hydroxyethyl)phosphonate,C2H8NO4P,C | H | N | O | P,contains_N,metabolism,kegg.compound:C05678,none,1
kegg.compound:C05824,S-Sulfo-L-cysteine,C05824,22075,MNXM732924,NOKPBJYHPHHWAN-REOHCLBHSA-M,s-sulfo-l-cysteine,C3H6NO5S2,C | H | N | O | S,contains_N,metabolism,kegg.compound:C05824,none,1
kegg.compound:C06128,GM4,C06128,21625,MNXM729037,,gm4,C36H62N2O16*,C | H | N | O,contains_N,metabolism,kegg.compound:C06128,none,1
kegg.compound:C11519,N-Cyclohexylformamide,C11519,12595,MNXM3667,SWGXDLRCJNEEGZ-UHFFFAOYSA-N,n-cyclohexylformamide,C7H13NO,C | H | N | O,contains_N,metabolism,kegg.compound:C11519,none,1
kegg.compound:C11520,Cyclohexyl isocyanide,C11520,14053,MNXM1108181,XYZMOVWWVXBHDP-UHFFFAOYSA-N,cyclohexyl isocyanide,C7H11N,C | H | N,contains_N,metabolism,kegg.compound:C11520,none,1
kegg.compound:C16630,"5,6-Dihydro-5-fluorouracil",C16630,80624,MNXM6119,RAIRJKWTBBDDAR-UHFFFAOYSA-N,"5,6-dihydro-5-fluorouracil",C4H5FN2O2,C | F | H | N | O,contains_N,metabolism,kegg.compound:C16630,none,1
kegg.compound:C16631,alpha-Fluoro-beta-ureidopropionic acid,C16631,80625,MNXM7058,FKTHAKABFGARQH-UHFFFAOYSA-N,alpha-fluoro-beta-ureidopropionic acid,C4H7FN2O3,C | F | H | N | O,contains_N,metabolism,kegg.compound:C16631,none,1
kegg.compound:C19972,"2,4-Bis(acetamido)-2,4,6-trideoxy-beta-L-altropyranose",C19972,63283,MNXM2913,NRXWTRNYICXMBF-SGZWNVLDSA-N,"2,4-bis(acetamido)-2,4,6-trideoxy-beta-l-altropyranose",C10H18N2O5,C | H | N | O,contains_N,metabolism,kegg.compound:C19972,none,1
kegg.compound:C21312,6-Methylsalicylyl-CoA,C21312,,MNXM164375,BWYSRXKHDWKFHM-SVHODSNWSA-N,6-methylsalicylyl-coa,C29H42N7O18P3S,C | H | N | O | P | S,contains_N,metabolism,kegg.compound:C21312,none,1
kegg.compound:C21313,"3,6-Dimethylsalicylyl-CoA",C21313,,MNXM166108,XXHQJSKGFLPFBX-NOQDIWQESA-N,"3,6-dimethylsalicylyl-coa",C30H44N7O18P3S,C | H | N | O | P | S,contains_N,metabolism,kegg.compound:C21313,none,1
kegg.compound:C06470,Muramic acid,C06470,7027,MNXM734576,MSFSPUZXLOGKHJ-PGYHGBPZSA-N,muramic acid,C9H17NO7,C | H | N | O,contains_N,metabolomics,kegg.compound:C06470,none,1
kegg.compound:C08230,Hydroxocobalamin,C08230,,MNXM1104282,YOZNUFWCRFCGIH-UVKKECPRSA-L,hydroxocobalamin,C62H90CoN13O15P,C | Co | H | N | O | P,contains_N,metabolomics,kegg.compound:C00992,id,2
kegg.compound:C00533,Nitric oxide,C00533,14657,MNXM1107902,MWUXSHHQAYIFBG-UHFFFAOYSA-N,nitric oxide,NO,N | O,contains_N,metabolism,kegg.compound:C00533,none,1
kegg.compound:C20870,3-(Methylthio)propanoyl-CoA,C20870,82815,MNXM10065,SIEFLYWJLBNLAM-CITAKDKDSA-J,3-(methylthio)propanoyl-coa,C25H38N7O17P3S2,C | H | N | O | P | S,contains_N,metabolism,kegg.compound:C20870,none,1
kegg.compound:C00683,(S)-Methylmalonyl-CoA,C00683,11038,MNXM1107904,MZFOKIKEPGUZEN-IBNUZSNCSA-I,(s)-methylmalonyl-coa,C25H35N7O19P3S,C | H | N | O | P | S,contains_N,metabolism,kegg.compound:C00683,none,1
kegg.compound:C01011,(3S)-Citramalyl-CoA,C01011,10890,MNXM163785,XYGOWHUIVNMEIA-XBVYHAPZSA-I,(3s)-citramalyl-coa,C26H37N7O20P3S,C | H | N | O | P | S,contains_N,metabolism,kegg.compound:C01011,none,1
kegg.compound:C01045,N-Formyl-L-glutamate,C01045,12504,MNXM1287,ADZLWSMFHHHOBV-BYPYZUCNSA-L,n-formyl-l-glutamate,C6H7NO5,C | H | N | O,contains_N,metabolism,kegg.compound:C01045,none,1
kegg.compound:C04178,Bromoxynil,C04178,11706,MNXM2933,UPMXNNIRAGDFEH-UHFFFAOYSA-M,bromoxynil,C7H2Br2NO,Br | C | H | N | O,contains_N,metabolism,kegg.compound:C04178,none,1
kegg.compound:C16246,"3,5-Dibromo-4-hydroxybenzamide",C16246,19896,MNXM36095,GJLXTZOZEHWWTD-UHFFFAOYSA-N,"3,5-dibromo-4-hydroxybenzamide",C7H5Br2NO2,Br | C | H | N | O,contains_N,metabolism,kegg.compound:C16246,none,1
kegg.compound:C19929,"N(alpha)-Acetyl-L-2,4-diaminobutyrate",C19929,77583,MNXM7567,SUUKRBBXVBJLSS-YFKPBYRVSA-N,"n(alpha)-acetyl-l-2,4-diaminobutyrate",C6H12N2O3,C | H | N | O,contains_N,metabolism,kegg.compound:C19929,none,1
kegg.compound:C20748,(E)-4-(Trimethylammonio)but-2-enoyl-CoA,C20748,60933,MNXM732837,WAUPBDVHJXXZGW-HXPULJKESA-K,(e)-4-(trimethylammonio)but-2-enoyl-coa,C28H44N8O17P3S,C | H | N | O | P | S,contains_N,metabolism,kegg.compound:C20748,none,1
kegg.compound:C20750,L-Carnitinyl-CoA,C20750,41482,MNXM728470,BBRISSLDTUHWKG-PVMHLSDZSA-K,l-carnitinyl-coa,C28H46N8O18P3S,C | H | N | O | P | S,contains_N,metabolism,kegg.compound:C20750,none,1
kegg.compound:C20955,3-(Methylthio)acryloyl-CoA,C20955,84994,MNXM12264,ZGBNNHAIMKRDOC-CABWFRLRSA-J,3-(methylthio)acryloyl-coa,C25H36N7O17P3S2,C | H | N | O | P | S,contains_N,metabolism,kegg.compound:C20955,none,1
kegg.compound:C00192,Hydroxylamine,C00192,10793,MNXM730229,AVXURJPOCDRRFD-UHFFFAOYSA-N,hydroxylamine,H3NO,H | N | O,contains_N,metabolism | transport,kegg.compound:C00192,none,1
kegg.compound:C00924,Ferrocytochrome,C00924,14248,MNXM5750,LNEIIVOIUZFFJS-BYQKXEAKSA-L,ferrocytochrome,C33H32FeN4O4,C | Fe | H | N | O,contains_N,metabolism,kegg.compound:C00924,none,1
kegg.compound:C01586,Hippurate,C01586,12492,MNXM1577,QIAFMBKCNZACKA-UHFFFAOYSA-M,hippurate,C9H8NO3,C | H | N | O,contains_N,metabolism,kegg.compound:C01586,none,1
kegg.compound:C01596,Maleamate,C01596,14557,MNXM902,FSQQTNAZHBEJLS-UPHRSURJSA-M,maleamate,C4H4NO3,C | H | N | O,contains_N,metabolism,kegg.compound:C01596,none,1
kegg.compound:C02189,[Protein]-L-serine,C02189,,MNXM728740,,[protein]-l-serine,C4H6N2O3*2,C | H | N | O,contains_N,metabolism,kegg.compound:C02189,none,1
kegg.compound:C02863,3-O-(alpha-D-Mannosyl)-L-serinyl-[protein],C02863,,MNXM7606,,3-o-(alpha-d-mannosyl)-l-serinyl-[protein],C10H16N2O8*2,C | H | N | O,contains_N,metabolism,kegg.compound:C02863,none,1
kegg.compound:C12213,Kanosamine 6-phosphate,C12213,31748,MNXM5802,FNLHPZUNSZDBLN-AIECOIEWSA-N,kanosamine 6-phosphate,C6H14NO8P,C | H | N | O | P,contains_N,metabolism,kegg.compound:C12213,none,1
kegg.compound:C18026,(2S)-Ethylmalonyl-CoA,C18026,60907,MNXM1104259,VUGZQVCBBBEZQE-UQCJFRAESA-I,(2s)-ethylmalonyl-coa,C26H37N7O19P3S,C | H | N | O | P | S,contains_N,metabolism,kegg.compound:C18026,none,1
kegg.compound:C19803,[Protein]-L-threonine,C19803,,MNXM729163,,[protein]-l-threonine,C5H8N2O3*2,C | H | N | O,contains_N,metabolism,kegg.compound:C19803,none,1
kegg.compound:C20238,(2R)-Ethylmalonyl-CoA,C20238,85316,MNXM91032,VUGZQVCBBBEZQE-XGVFZYDCSA-I,(2r)-ethylmalonyl-coa,C26H37N7O19P3S,C | H | N | O | P | S,contains_N,metabolism,kegg.compound:C20238,none,1
kegg.compound:C20722,3-O-(alpha-D-Mannosyl)-L-threonyl-[protein],C20722,,MNXM148645,,3-o-(alpha-d-mannosyl)-l-threonyl-[protein],C11H18N2O8*2,C | H | N | O,contains_N,metabolism,kegg.compound:C20722,none,1
kegg.compound:C00331,Indolepyruvate,C00331,11113,MNXM315,RSTKLPZEZYGQPY-UHFFFAOYSA-M,indolepyruvate,C11H8NO3,C | H | N | O,contains_N,metabolism,kegg.compound:C00331,none,1
kegg.compound:C00346,Ethanolamine phosphate,C00346,12694,MNXM187,SUHOOTKUPISOBE-UHFFFAOYSA-M,ethanolamine phosphate,C2H7NO4P,C | H | N | O | P,contains_N,metabolism,kegg.compound:C00346,none,1
kegg.compound:C00408,L-Pipecolate,C00408,13153,MNXM684,HXEACLLIILLPRG-YFKPBYRVSA-N,l-pipecolate,C6H11NO2,C | H | N | O,contains_N,metabolism,kegg.compound:C00408,none,1
kegg.compound:C00431,5-Aminopentanoate,C00431,12111,MNXM792,JJMDCOVWQOJGCB-UHFFFAOYSA-N,5-aminopentanoate,C5H11NO2,C | H | N | O,contains_N,metabolism,kegg.compound:C00431,none,1
kegg.compound:C00729,Tropine,C00729,,MNXM733340,CYHOMWAPJJPNMW-UHFFFAOYSA-N,tropine,C8H15NO,C | H | N | O,contains_N,metabolism,kegg.compound:C00729,none,1
kegg.compound:C00783,Tropinone,C00783,15270,MNXM1595,QQXLDOJGLXJCSE-KNVOCYPGSA-O,tropinone,C8H14NO,C | H | N | O,contains_N,metabolism,kegg.compound:C00783,none,1
kegg.compound:C01080,Reduced coenzyme F420,C01080,15020,MNXM1370084,IXPYGZIWHPPILV-NALJQGANSA-N,reduced coenzyme f420,C29H38N5O18P,C | H | N | O | P,contains_N,metabolism,kegg.compound:C01080,none,1
kegg.compound:C01241,Phosphatidyl-N-methylethanolamine,C01241,14799,MNXM741386,,phosphatidyl-n-methylethanolamine,C8H14NO8P*2,C | H | N | O | P,contains_N,metabolism,kegg.compound:C01241,none,1
kegg.compound:C02348,(R)(-)-Allantoin,C02348,10962,MNXM1092555,POJWUDADGALRAB-PVQJCKRUSA-N,(r)(-)-allantoin,C4H6N4O3,C | H | N | O,contains_N,metabolism,kegg.compound:C02348,none,1
kegg.compound:C02977,GDP-6-deoxy-D-talose,C02977,13331,MNXM2232,LQEBEXMHBLQMDB-UUZHTGJLSA-L,gdp-6-deoxy-d-talose,C16H23N5O15P2,C | H | N | O | P,contains_N,metabolism,kegg.compound:C02977,none,1
kegg.compound:C04092,Delta1-Piperideine-2-carboxylate,C04092,10539,MNXM911,GEJXSVNGWOSZPC-UHFFFAOYSA-N,delta1-piperideine-2-carboxylate,C6H9NO2,C | H | N | O,contains_N,metabolism,kegg.compound:C04092,none,1
kegg.compound:C04308,Phosphatidyl-N-dimethylethanolamine,C04308,14798,MNXM739987,,phosphatidyl-n-dimethylethanolamine,C9H16NO8P*2,C | H | N | O | P,contains_N,metabolism,kegg.compound:C04308,none,1
kegg.compound:C04409,2-Amino-3-carboxymuconate semialdehyde,C04409,77612,MNXM1364153,KACPVQQHDVBVFC-OIFXTYEKSA-M,2-amino-3-carboxymuconate semialdehyde,C7H6NO5,C | H | N | O,contains_N,metabolism,kegg.compound:C04409,none,1
kegg.compound:C05648,5-Hydroxy-N-formylkynurenine,C05648,20578,MNXM5015,LSTOUSIIVKMJBU-QMMMGPOBSA-N,5-hydroxy-n-formylkynurenine,C11H12N2O5,C | H | N | O,contains_N,metabolism,kegg.compound:C05648,none,1
kegg.compound:C07303,4-Hydroxy-3-methoxyphenyl-beta-hydroxypropanoyl-CoA,C07303,11996,MNXM2077,SDNPOBCYTJKZSD-XWQDBIPASA-J,4-hydroxy-3-methoxyphenyl-beta-hydroxypropanoyl-coa,C31H42N7O20P3S,C | H | N | O | P | S,contains_N,metabolism,kegg.compound:C07303,none,1
kegg.compound:C12323,L-4-Hydroxyphenylglycine,C12323,234480,MNXM12045,LJCWONGJFPCTTL-ZETCQYMHSA-N,l-4-hydroxyphenylglycine,C8H9NO3,C | H | N | O,contains_N,metabolism,kegg.compound:C12323,none,1
kegg.compound:C16152,Blue pigment,C16152,64998,MNXM1372589,JUTQRXXDIORLET-ONEGZZNKSA-L,blue pigment,C10H4N2O6,C | H | N | O,contains_N,metabolism,kegg.compound:C16152,none,1
kegg.compound:C17355,Nocardicin G,C17355,131919,MNXM64827,SAVAPYNOQXYBJS-ARFHVFGLSA-N,nocardicin g,C19H19N3O6,C | H | N | O,contains_N,metabolism,kegg.compound:C17355,none,1
kegg.compound:C19709,[L-Asp(4-L-Arg)]n,C19709,,MNXM739684,QCGCETFHYOEVAI-GDVGLLTNSA-N,[l-asp(4-l-arg)]n,C10H19N5O5,C | H | N | O,contains_N,metabolism,kegg.compound:C19709,none,1
kegg.compound:C19713,[L-Asp(4-L-Arg)]n+1,C19713,,MNXM726271,SXOIPUPAVHJORB-YECOWLKZSA-N,[l-asp(4-l-arg)]n+1,C20H36N10O9,C | H | N | O,contains_N,metabolism,kegg.compound:C19713,none,1
kegg.compound:C20381,"3,3^-Bipyridine-2,2^,5,5^,6,6^-hexol",C20381,64999,MNXM97073,NBIHFUSWKJIAKM-UHFFFAOYSA-N,"3,3^-bipyridine-2,2^,5,5^,6,6^-hexol",C10H8N2O6,C | H | N | O,contains_N,metabolism,kegg.compound:C20381,none,1
kegg.compound:C20752,2-Methylthio-N6-L-threonylcarbamoyladenine in tRNA,C20752,,MNXM147735,,2-methylthio-n6-l-threonylcarbamoyladenine in trna,C26H39N6O23P3S*2,C | H | N | O | P | S,contains_N,metabolism,kegg.compound:C20752,none,1
kegg.compound:C20838,"3-[(3aS,4S,7aS)-7a-Methyl-1,5-dioxo-octahydro-1H-inden-4-yl]propanoyl-CoA",C20838,78357,MNXM9983,IWNWMTZIJPUDPV-MDQHZGBLSA-J,"3-[(3as,4s,7as)-7a-methyl-1,5-dioxo-octahydro-1h-inden-4-yl]propanoyl-coa",C34H48N7O19P3S,C | H | N | O | P | S,contains_N,metabolism,kegg.compound:C20838,none,1
kegg.compound:C20910,L-4-Hydroxyphenylglycyl-L-arginine,C20910,138878,MNXM149095,YGJWDZHQJBXRDU-QWRGUYRKSA-N,l-4-hydroxyphenylglycyl-l-arginine,C14H21N5O4,C | H | N | O,contains_N,metabolism,kegg.compound:C20910,none,1
kegg.compound:C21110,Monodechloroaminopyrrolnitrin,C21110,85785,MNXM12280,VLWKKIHFPGKVHZ-UHFFFAOYSA-N,monodechloroaminopyrrolnitrin,C10H9ClN2,C | Cl | H | N,contains_N,metabolism,kegg.compound:C21110,none,1
kegg.compound:C21559,N-[(2S)-2-Amino-2-carboxyethyl]-L-glutamate,C21559,134610,MNXM163461,XYQHCOGLGSNTNV-WHFBIAKZSA-L,n-[(2s)-2-amino-2-carboxyethyl]-l-glutamate,C8H12N2O6,C | H | N | O,contains_N,metabolism,kegg.compound:C21559,none,1
chebi:12947,a beta-D-galactosyl-(1<->1^)-N-acylsphing-4-enine,,12947,MNXM1364157,,a beta-d-galactosyl-(1<->1^)-n-acylsphing-4-enine,C25H46NO8*,C | H | N | O,contains_N,transport,chebi:12947,none,1
kegg.compound:C00211,Collagen,C00211,3815,MNXM738903,,collagen,C11H15N4O5*3,C | H | N | O,contains_N,transport,kegg.compound:C00211,none,1
kegg.compound:C00319,Sphingosine,C00319,15102,MNXM1364421,WWUZIQQURGPMPG-KRWOKUGFSA-O,sphingosine,C18H38NO2,C | H | N | O,contains_N,transport,kegg.compound:C00319,none,1
kegg.compound:C00525,D-Tryptophan,C00525,13028,MNXM1373,QIVBCDIJIAJPQS-SECBINFHSA-N,d-tryptophan,C11H12N2O2,C | H | N | O,contains_N,metabolomics,kegg.compound:C00525,none,1
kegg.compound:C01693,L-Dopachrome,C01693,13099,MNXM726109,VJNCICVKUHKIIV-LURJTMIESA-M,l-dopachrome,C9H6NO4,C | H | N | O,contains_N,transport,kegg.compound:C01693,none,1
kegg.compound:C01817,L-Homocystine,C01817,140613,MNXM734834,ZTVZLYBCZNMWCF-WDSKDSINSA-N,l-homocystine,C8H16N2O4S2,C | H | N | O | S,contains_N,metabolomics,kegg.compound:C01817,none,1
kegg.compound:C02200,UDP-glucosamine,C02200,13497,MNXM1104814,CYKLRRKFBPBYEI-NQQHDEILSA-M,udp-glucosamine,C15H24N3O16P2,C | H | N | O | P,contains_N,metabolomics,kegg.compound:C02200,none,1
kegg.compound:C02727,N6-Acetyl-L-lysine,C02727,12665,MNXM1574,DTERQYGMUDWYAZ-ZETCQYMHSA-N,n6-acetyl-l-lysine,C8H16N2O3,C | H | N | O,contains_N,metabolomics,kegg.compound:C02727,none,1
kegg.compound:C04185,"5,6-Dihydroxyindole-2-carboxylate",C04185,12081,MNXM726107,YFTGOBNOJKXZJC-UHFFFAOYSA-M,"5,6-dihydroxyindole-2-carboxylate",C9H6NO4,C | H | N | O,contains_N,transport,kegg.compound:C04185,none,1
kegg.compound:C14592,N-Methyl-N^-nitro-N-nitrosoguanidine,C14592,21759,MNXM63854,VZUNGTLZRAYYDE-UHFFFAOYSA-N,n-methyl-n^-nitro-n-nitrosoguanidine,C2H5N5O3,C | H | N | O,contains_N,transport,kegg.compound:C14592,none,1
mnx:MNXM1565340,Arginine hydrochloride,,,MNXM1565340,KWTQSFXGGICVPE-WCCKRBBISA-N,arginine hydrochloride,C6H15ClN4O2,C | Cl | H | N | O,contains_N,metabolomics,mnx:MNXM1565340,none,1
kegg.compound:C06020,Methyl-Co(III) corrinoid protein,C06020,25292,MNXM5822,,methyl-co(iii) corrinoid protein,C20H3CoN4*21,C | Co | H | N,contains_N,metabolism,kegg.compound:C06020,none,1
kegg.compound:C01046,N-Methyl-L-glutamate,C01046,12517,MNXM2141,XLBVNMSMFQMKEY-BYPYZUCNSA-M,n-methyl-l-glutamate,C6H10NO4,C | H | N | O,contains_N,metabolism,kegg.compound:C01046,none,1
kegg.compound:C09823,Cyclohexane-1-carbonyl-CoA,C09823,23474,MNXM5111,QRSKGVRHSLILFG-TYHXJLICSA-J,cyclohexane-1-carbonyl-coa,C28H42N7O17P3S,C | H | N | O | P | S,contains_N,metabolism,kegg.compound:C09823,none,1
kegg.compound:C00976,GDP-D-mannuronate,C00976,84886,MNXM732694,DNBSDUDYNPJVCN-ZXTXFPBHSA-K,gdp-d-mannuronate,C16H20N5O17P2,C | H | N | O | P,contains_N,metabolism,kegg.compound:C00976,none,1
kegg.compound:C01059,"2,5-Dihydroxypyridine",C01059,11453,MNXM888,CHGPEDOMXOLANF-UHFFFAOYSA-N,"2,5-dihydroxypyridine",C5H5NO2,C | H | N | O,contains_N,metabolism,kegg.compound:C01059,none,1
kegg.compound:C06027,L-erythro-3-Methylmalyl-CoA,C06027,,MNXM738689,OTENCPQKSBPYCM-GQCNFOOOSA-N,l-erythro-3-methylmalyl-coa,C26H42N7O20P3S,C | H | N | O | P | S,contains_N,metabolism,kegg.compound:C06027,none,1
kegg.compound:C15987,4-Methylaminobutyrate,C15987,20441,MNXM6103,AOKCDAVWJLOAHG-UHFFFAOYSA-N,4-methylaminobutyrate,C5H11NO2,C | H | N | O,contains_N,metabolism,kegg.compound:C15987,none,1
kegg.compound:C18232,N-Formylmaleamic acid,C18232,59911,MNXM2024,HSKSAKBZUITULZ-UPHRSURJSA-M,n-formylmaleamic acid,C5H4NO4,C | H | N | O,contains_N,metabolism,kegg.compound:C18232,none,1
kegg.compound:C19684,"2,3-Epoxy-2,3-dihydrobenzoyl-CoA",C19684,88118,MNXM730922,LPLMOOBQLPTXLP-XOADNVFSSA-J,"2,3-epoxy-2,3-dihydrobenzoyl-coa",C28H36N7O18P3S,C | H | N | O | P | S,contains_N,metabolism,kegg.compound:C19684,none,1
kegg.compound:C00113,PQQ,C00113,14986,MNXM601,MMXZSJMASHPLLR-UHFFFAOYSA-K,pqq,C14H3N2O8,C | H | N | O,contains_N,metabolism,kegg.compound:C00113,none,1
kegg.compound:C01359,PQQH2,C01359,15030,MNXM765,QZMUBZJJJKIXKV-UHFFFAOYSA-J,pqqh2,C14H4N2O8,C | H | N | O,contains_N,metabolism,kegg.compound:C01359,none,1
kegg.compound:C02247,Anthraniloyl-CoA,C02247,11521,MNXM1182,XLURBJBQJZCJHJ-TYHXJLICSA-J,anthraniloyl-coa,C28H37N8O17P3S,C | H | N | O | P | S,contains_N,metabolism,kegg.compound:C02247,none,1
kegg.compound:C04226,"6-Oxo-1,4,5,6-tetrahydronicotinate",C04226,11168,MNXM2168,SDKCWSUZEUBWLP-UHFFFAOYSA-M,"6-oxo-1,4,5,6-tetrahydronicotinate",C6H6NO3,C | H | N | O,contains_N,metabolism,kegg.compound:C04226,none,1
kegg.compound:C05787,Bilirubin beta-diglucuronide,C05787,13899,MNXM1104084,SCJLWMXOOYZBTH-SDXZDYKGSA-L,bilirubin beta-diglucuronide,C45H50N4O18,C | H | N | O,contains_N,metabolism,kegg.compound:C05787,none,1
kegg.compound:C05791,D-Urobilinogen,C05791,4260,MNXM3249,KSQFFJKKJAEKTB-UHFFFAOYSA-N,d-urobilinogen,C33H42N4O6,C | H | N | O,contains_N,metabolism,kegg.compound:C05791,none,1
kegg.compound:C06028,2-Methylfumaryl-CoA,C06028,25201,MNXM1102866,LVBVWNJPMXCQJE-CBBDEUQJSA-I,2-methylfumaryl-coa,C26H35N7O19P3S,C | H | N | O | P | S,contains_N,metabolism,kegg.compound:C06028,none,1
kegg.compound:C06442,N(gamma)-Acetyldiaminobutyrate,C06442,58929,MNXM2023,YLZRFVZUZIJABA-YFKPBYRVSA-N,n(gamma)-acetyldiaminobutyrate,C6H12N2O3,C | H | N | O,contains_N,metabolism,kegg.compound:C06442,none,1
kegg.compound:C09811,Cyclohex-1-ene-1-carbonyl-CoA,C09811,23461,MNXM3956,YTTZSBMCHSFQSJ-TYHXJLICSA-J,cyclohex-1-ene-1-carbonyl-coa,C28H40N7O17P3S,C | H | N | O | P | S,contains_N,metabolism,kegg.compound:C09811,none,1
kegg.compound:C11173,SN-38,C11173,8988,MNXM735019,FJHBVJOVLFPMQE-QFIPXVFZSA-N,sn-38,C22H20N2O5,C | H | N | O,contains_N,metabolism,kegg.compound:C11173,none,1
kegg.compound:C11376,SN38 glucuronide,C11376,149482,MNXM7773,SSJQVDUAKDRWTA-CAYKMONMSA-M,sn38 glucuronide,C28H27N2O11,C | H | N | O,contains_N,metabolism,kegg.compound:C11376,none,1
kegg.compound:C16999,Futalosine,C16999,51310,MNXM3596,VEDWXCWBMDQNCV-SCFUHWHPSA-M,futalosine,C19H17N4O7,C | H | N | O,contains_N,metabolism,kegg.compound:C16999,none,1
kegg.compound:C18049,N-Acyl-L-homoserine lactone,C18049,55474,MNXM4056,,n-acyl-l-homoserine lactone,C5H6NO3*,C | H | N | O,contains_N,metabolism,kegg.compound:C18049,none,1
kegg.compound:C18324,(2S)-Methylsuccinyl-CoA,C18324,81672,MNXM1105876,OUFHQHVVFSERRI-VKBDFPRVSA-I,(2s)-methylsuccinyl-coa,C26H37N7O19P3S,C | H | N | O | P | S,contains_N,metabolism,kegg.compound:C18324,none,1
kegg.compound:C19787,5^-S-Methyl-5^-thioinosine,C19787,48595,MNXM2620,GXYLOXCSJFJFKA-IOSLPCCCSA-N,5^-s-methyl-5^-thioinosine,C11H14N4O4S,C | H | N | O | S,contains_N,metabolism,kegg.compound:C19787,none,1
kegg.compound:C19885,alpha-Aminoadipate carrier protein LysW,C19885,,MNXM10647,,alpha-aminoadipate carrier protein lysw,C5H8NO4*,C | H | N | O,contains_N,metabolism,kegg.compound:C19885,none,1
kegg.compound:C19886,LysW-gamma-L-alpha-aminoadipate,C19886,78503,MNXM12152,,lysw-gamma-l-alpha-aminoadipate,C11H14N2O7*,C | H | N | O,contains_N,metabolism,kegg.compound:C19886,none,1
kegg.compound:C19887,LysW-gamma-L-alpha-aminoadipyl 6-phosphate,C19887,78499,MNXM12154,,lysw-gamma-l-alpha-aminoadipyl 6-phosphate,C11H14N2O10P*,C | H | N | O | P,contains_N,metabolism,kegg.compound:C19887,none,1
kegg.compound:C20773,6-Amino-6-deoxyfutalosine,C20773,64260,MNXM41844,JSTYUEOJPRFLHR-SCFUHWHPSA-M,6-amino-6-deoxyfutalosine,C19H18N5O6,C | H | N | O,contains_N,metabolism,kegg.compound:C20773,none,1
kegg.compound:C20949,LysW-L-glutamyl 5-phosphate,C20949,136717,MNXM148056,,lysw-l-glutamyl 5-phosphate,C10H12N2O10P*,C | H | N | O | P,contains_N,metabolism,kegg.compound:C20949,none,1
kegg.compound:C00223,p-Coumaroyl-CoA,C00223,85008,MNXM1363816,DMZOKBALNZWDKI-MATMFAIHSA-J,p-coumaroyl-coa,C30H38N7O18P3S,C | H | N | O | P | S,contains_N,metabolism,kegg.compound:C00223,none,1
kegg.compound:C00450,"(S)-2,3,4,5-Tetrahydropyridine-2-carboxylate",C00450,11409,MNXM748,CSDPVAKVEWETFG-YFKPBYRVSA-M,"(s)-2,3,4,5-tetrahydropyridine-2-carboxylate",C6H8NO2,C | H | N | O,contains_N,metabolism,kegg.compound:C00450,none,1
kegg.compound:C00486,Bilirubin,C00486,13898,MNXM1371811,BPYKTIZUTYGOLE-IFADSCNNSA-L,bilirubin,C33H34N4O6,C | H | N | O,contains_N,metabolism | transport,kegg.compound:C00486,none,1
kegg.compound:C00540,Cinnamoyl-CoA,C00540,10956,MNXM1372622,JVNVHNHITFVWIX-KZKUDURGSA-J,cinnamoyl-coa,C30H38N7O17P3S,C | H | N | O | P | S,contains_N,metabolism,kegg.compound:C00540,none,1
kegg.compound:C00550,Sphingomyelin,C00550,,MNXM1107929,,sphingomyelin,C24H49N2O6P*,C | H | N | O | P,contains_N,metabolism,kegg.compound:C00550,none,1
kegg.compound:C00581,Guanidinoacetate,C00581,131444,MNXM730869,BPMFZUMJYQTVII-UHFFFAOYSA-N,guanidinoacetate,C3H7N3O2,C | H | N | O,contains_N,metabolism,kegg.compound:C00581,none,1
kegg.compound:C00697,Nitrogen,C00697,13388,MNXM51036,IJGRMHOSHXDMSA-UHFFFAOYSA-N,nitrogen,N2,N,contains_N,metabolism,kegg.compound:C00697,none,1
kegg.compound:C00822,Dopaquinone,C00822,14204,MNXM729106,AHMIDUVKSGCHAU-LURJTMIESA-N,dopaquinone,C9H9NO4,C | H | N | O,contains_N,metabolism,kegg.compound:C00822,none,1
kegg.compound:C00836,Sphinganine,C00836,15099,MNXM733692,OTKJDMGTUTTYMP-ZWKOTPCHSA-O,sphinganine,C18H40NO2,C | H | N | O,contains_N,metabolism,kegg.compound:C00836,none,1
kegg.compound:C00870,4-Nitrophenol,C00870,12034,MNXM526,BTJIUGUIPKRLHP-UHFFFAOYSA-M,4-nitrophenol,C6H4NO3,C | H | N | O,contains_N,metabolism,kegg.compound:C00870,none,1
kegg.compound:C00940,2-Oxoglutaramate,C00940,11637,MNXM1091725,COJBGNAUUSNXHX-UHFFFAOYSA-M,2-oxoglutaramate,C5H6NO4,C | H | N | O,contains_N,metabolism,kegg.compound:C00940,none,1
kegg.compound:C01007,Reduced riboflavin,C01007,17607,MNXM727499,SGSVWAYHEWEQET-SCRDCRAPSA-N,reduced riboflavin,C17H22N4O6,C | H | N | O,contains_N,metabolism,kegg.compound:C01007,none,1
kegg.compound:C01326,Hydrogen cyanide,C01326,13362,MNXM727657,LELOWRISYMNNSU-UHFFFAOYSA-N,hydrogen cyanide,CHN,C | H | N,contains_N,metabolism,kegg.compound:C01326,none,1
kegg.compound:C01918,Gentamicin C,C01918,75616,MNXM739922,,gentamicin c,C19H42N5O7*2,C | H | N | O,contains_N,metabolism,kegg.compound:C01918,none,1
kegg.compound:C02362,2-Oxosuccinamate,C02362,11646,MNXM1091726,ONGPAWNLFDCRJE-UHFFFAOYSA-M,2-oxosuccinamate,C4H4NO4,C | H | N | O,contains_N,metabolism,kegg.compound:C02362,none,1
kegg.compound:C02934,3-Dehydrosphinganine,C02934,11776,MNXM559,KBUNOSOGGAARKZ-KRWDZBQOSA-O,3-dehydrosphinganine,C18H38NO2,C | H | N | O,contains_N,metabolism,kegg.compound:C02934,none,1
kegg.compound:C03117,GDP-6-deoxy-D-mannose,C03117,13330,MNXM1829,LQEBEXMHBLQMDB-GDJBGNAASA-L,gdp-6-deoxy-d-mannose,C16H23N5O15P2,C | H | N | O | P,contains_N,metabolism,kegg.compound:C03117,none,1
kegg.compound:C03145,N-Formylmethionine,C03145,12506,MNXM734252,PYUSHNKNPOHWEZ-YFKPBYRVSA-M,n-formylmethionine,C6H10NO3S,C | H | N | O | S,contains_N,metabolism,kegg.compound:C03145,none,1
kegg.compound:C03360,4-Nitrophenyl phosphate,C03360,12035,MNXM3867,XZKIHKMTEMTJQX-UHFFFAOYSA-L,4-nitrophenyl phosphate,C6H4NO6P,C | H | N | O | P,contains_N,metabolism,kegg.compound:C03360,none,1
kegg.compound:C03371,[Protein]-S-(long-chain-acyl)-L-cysteine,C03371,,MNXM10583,,[protein]-s-(long-chain-acyl)-l-cysteine,C7H9N2O3S*3,C | H | N | O | S,contains_N,metabolism,kegg.compound:C03371,none,1
kegg.compound:C03598,"CDP-3,6-dideoxy-D-glucose",C03598,70785,MNXM726906,JHEDABDMLBOYRG-VZRUIPTFSA-L,"cdp-3,6-dideoxy-d-glucose",C15H23N3O14P2,C | H | N | O | P,contains_N,metabolism,kegg.compound:C03598,none,1
kegg.compound:C03599,"CDP-3,6-dideoxy-D-mannose",C03599,88041,MNXM739596,JHEDABDMLBOYRG-LLWSESFUSA-L,"cdp-3,6-dideoxy-d-mannose",C15H23N3O14P2,C | H | N | O | P,contains_N,metabolism,kegg.compound:C03599,none,1
kegg.compound:C03656,(S)-5-Amino-3-oxohexanoic acid,C03656,11054,MNXM2894,FAASBXNEOGMQHS-BYPYZUCNSA-N,(s)-5-amino-3-oxohexanoic acid,C6H11NO3,C | H | N | O,contains_N,metabolism,kegg.compound:C03656,none,1
kegg.compound:C03871,L-2-Amino-6-oxoheptanedioate,C03871,13050,MNXM1873,UKCSFKLWNHUBDY-BYPYZUCNSA-M,l-2-amino-6-oxoheptanedioate,C7H10NO5,C | H | N | O,contains_N,metabolism,kegg.compound:C03871,none,1
kegg.compound:C04076,L-2-Aminoadipate 6-semialdehyde,C04076,13052,MNXM1364547,GFXYTQPNNXGICT-YFKPBYRVSA-N,l-2-aminoadipate 6-semialdehyde,C6H11NO3,C | H | N | O,contains_N,metabolism,kegg.compound:C04076,none,1
kegg.compound:C04260,O-D-Alanyl-poly(ribitol phosphate),C04260,,MNXM740067,,o-d-alanyl-poly(ribitol phosphate),C8H16NO8P*2,C | H | N | O | P,contains_N,metabolism,kegg.compound:C04260,none,1
kegg.compound:C04268,"dTDP-4-amino-4,6-dideoxy-D-glucose",C04268,10508,MNXM114266,UIVJXHWSIFBBCY-LPGAPTBISA-M,"dtdp-4-amino-4,6-dideoxy-d-glucose",C16H26N3O14P2,C | H | N | O | P,contains_N,metabolism,kegg.compound:C04268,none,1
kegg.compound:C05165,2-Amino-5-oxocyclohex-1-enecarbonyl-CoA,C05165,1009,MNXM732203,CNGNJOBQFRZLRY-TYHXJLICSA-J,2-amino-5-oxocyclohex-1-enecarbonyl-coa,C28H39N8O18P3S,C | H | N | O | P | S,contains_N,metabolism,kegg.compound:C05165,none,1
kegg.compound:C05176,(S)-N-Methylcoclaurine,C05176,11056,MNXM934,BOKVLBSSPUTWLV-INIZCTEOSA-O,(s)-n-methylcoclaurine,C18H22NO3,C | H | N | O,contains_N,metabolism,kegg.compound:C05176,none,1
kegg.compound:C05202,3^-Hydroxy-N-methyl-(S)-coclaurine,C05202,11040,MNXM1452,DAUPWJBRVZCBQB-AWEZNQCLSA-O,3^-hydroxy-n-methyl-(s)-coclaurine,C18H22NO4,C | H | N | O,contains_N,metabolism,kegg.compound:C05202,none,1
kegg.compound:C05231,L-3-Aminobutyryl-CoA,C05231,13060,MNXM734854,CCSDHAPTHIKZLY-VKBDFPRVSA-K,l-3-aminobutyryl-coa,C25H40N8O17P3S,C | H | N | O | P | S,contains_N,metabolism,kegg.compound:C05231,none,1
kegg.compound:C05556,delta-(L-2-Aminoadipyl)-L-cysteinyl-D-valine,C05556,10536,MNXM1758,BYEIJZFKOAXBBV-ATZCPNFKSA-M,delta-(l-2-aminoadipyl)-l-cysteinyl-d-valine,C14H24N3O6S,C | H | N | O | S,contains_N,metabolism,kegg.compound:C05556,none,1
kegg.compound:C05575,Hercynine,C05575,12673,MNXM2541,GPPYTCRVKHULJH-QMMMGPOBSA-N,hercynine,C9H15N3O2,C | H | N | O,contains_N,metabolism,kegg.compound:C05575,none,1
kegg.compound:C05578,"5,6-Dihydroxyindole",C05578,2002,MNXM730705,SGNZYJXNUURYCH-UHFFFAOYSA-N,"5,6-dihydroxyindole",C8H7NO2,C | H | N | O,contains_N,metabolism,kegg.compound:C05578,none,1
kegg.compound:C05579,"Indole-5,6-quinone",C05579,24819,MNXM5183,IGGVVGHJSQSLFO-UHFFFAOYSA-N,"indole-5,6-quinone",C8H5NO2,C | H | N | O,contains_N,metabolism,kegg.compound:C05579,none,1
kegg.compound:C06376,N-Acetyl-D-galactosamine 6-phosphate,C06376,12451,MNXM1107574,BRGMHAYQAZFZDJ-KEWYIRBNSA-L,n-acetyl-d-galactosamine 6-phosphate,C8H14NO9P,C | H | N | O | P,contains_N,metabolism,kegg.compound:C06376,none,1
kegg.compound:C06398,ADP-L-glycero-beta-D-manno-heptose,C06398,61506,MNXM1108522,KMSFWBYFWSKGGR-DTBZDYEHSA-L,adp-l-glycero-beta-d-manno-heptose,C17H25N5O16P2,C | H | N | O | P,contains_N,metabolism,kegg.compound:C06398,none,1
kegg.compound:C06482,L-Selenocysteinyl-tRNA(Sec),C06482,,MNXM741408,,l-selenocysteinyl-trna(sec),C18H30NO17P2Se*3,C | H | N | O | P | Se,contains_N,metabolism,kegg.compound:C06482,none,1
kegg.compound:C06717,Mycothiol,C06717,14626,MNXM726899,MQBCDKMPXVYCGO-FQBKTPCVSA-N,mycothiol,C17H30N2O12S,C | H | N | O | S,contains_N,metabolism,kegg.compound:C06717,none,1
kegg.compound:C06718,S-Formylmycothiol,C06718,12765,MNXM1854,JFPVMCRFDBEEHF-QFVXKRNMSA-N,s-formylmycothiol,C18H30N2O13S,C | H | N | O | S,contains_N,metabolism,kegg.compound:C06718,none,1
kegg.compound:C08062,"2-Hydroxy-6-oxo-(2^-aminophenyl)-hexa-2,4-dienoate",C08062,,MNXM1369205,AFPIGEHQFVBSJA-TZFLZTJBSA-N,"2-hydroxy-6-oxo-(2^-aminophenyl)-hexa-2,4-dienoate",C12H11NO4,C | H | N | O,contains_N,metabolism,kegg.compound:C08062,none,1
kegg.compound:C09813,2-Oxocyclohexane-1-carbonyl-CoA,C09813,1181,MNXM1371924,BGLNPJARTQOCKR-OXXAVVHVSA-N,2-oxocyclohexane-1-carbonyl-coa,C28H44N7O18P3S,C | H | N | O | P | S,contains_N,metabolism,kegg.compound:C09813,none,1
kegg.compound:C11848,2-Heptyl-3-hydroxy-quinolone,C11848,29472,MNXM14242,CEIUIHOQDSVZJQ-UHFFFAOYSA-N,2-heptyl-3-hydroxy-quinolone,C16H21NO2,C | H | N | O,contains_N,metabolism,kegg.compound:C11848,none,1
kegg.compound:C11915,"dTDP-3-methyl-4-oxo-2,6-dideoxy-L-allose",C11915,10515,MNXM5144,JOZTVKXGCLUNKC-DHBRWODKSA-N,"dtdp-3-methyl-4-oxo-2,6-dideoxy-l-allose",C17H26N2O14P2,C | H | N | O | P,contains_N,metabolism,kegg.compound:C11915,none,1
kegg.compound:C11916,dTDP-L-mycarose,C11916,10525,MNXM735421,WILFWCJMOXHLEQ-ORWDRJNOSA-L,dtdp-l-mycarose,C17H26N2O14P2,C | H | N | O | P,contains_N,metabolism,kegg.compound:C11916,none,1
kegg.compound:C11919,dTDP-L-megosamine,C11919,29730,MNXM6262,XPIWJCQKSXFPJI-AUZYSZHDSA-N,dtdp-l-megosamine,C18H31N3O13P2,C | H | N | O | P,contains_N,metabolism,kegg.compound:C11919,none,1
kegg.compound:C11921,dTDP-L-oleandrose,C11921,29732,MNXM1082,KXTSABXLDGUXAE-BNESJGNISA-N,dtdp-l-oleandrose,C17H28N2O14P2,C | H | N | O | P,contains_N,metabolism,kegg.compound:C11921,none,1
kegg.compound:C12318,"dTDP-3-amino-2,3,6-trideoxy-4-keto-D-glucose",C12318,32332,MNXM7328,IVWGOICUSBJICO-OJEZURLMSA-N,"dtdp-3-amino-2,3,6-trideoxy-4-keto-d-glucose",C16H25N3O13P2,C | H | N | O | P,contains_N,metabolism,kegg.compound:C12318,none,1
kegg.compound:C12319,"dTDP-3-amino-2,3,6-trideoxy-C-methyl-D-erythro-hexopyranos-4-ulose",C12319,32331,MNXM7327,LXNLHPYBLNFMEH-XXXNSVIPSA-N,"dtdp-3-amino-2,3,6-trideoxy-c-methyl-d-erythro-hexopyranos-4-ulose",C17H27N3O13P2,C | H | N | O | P,contains_N,metabolism,kegg.compound:C12319,none,1
kegg.compound:C12320,dTDP-L-4-oxovancosamine,C12320,32334,MNXM5731,LXNLHPYBLNFMEH-VRLCQRPESA-N,dtdp-l-4-oxovancosamine,C17H27N3O13P2,C | H | N | O | P,contains_N,metabolism,kegg.compound:C12320,none,1
kegg.compound:C12321,dTDP-L-epivancosamine,C12321,32335,MNXM11463,HRODALWRJULFHW-FMVYZHRWSA-M,dtdp-l-epivancosamine,C17H28N3O13P2,C | H | N | O | P,contains_N,metabolism,kegg.compound:C12321,none,1
kegg.compound:C12483,Pyrrole-2-carbonyl-[pcp],C12483,,MNXM7724,,pyrrole-2-carbonyl-[pcp],C5H4NOS*,C | H | N | O | S,contains_N,metabolism,kegg.compound:C12483,none,1
kegg.compound:C14801,"1-Nitro-5,6-dihydroxy-dihydronaphthalene",C14801,34099,MNXM9633,VNMNNCGXMBPWIX-UHFFFAOYSA-N,"1-nitro-5,6-dihydroxy-dihydronaphthalene",C10H9NO4,C | H | N | O,contains_N,metabolism,kegg.compound:C14801,none,1
kegg.compound:C15613,"(25R)-3alpha,7alpha,12alpha-Trihydroxy-5beta-cholestan-26-oyl-CoA",C15613,37642,MNXM1103601,MNYDLIUNNOCPHG-FJWDCHQMSA-J,"(25r)-3alpha,7alpha,12alpha-trihydroxy-5beta-cholestan-26-oyl-coa",C48H76N7O20P3S,C | H | N | O | P | S,contains_N,metabolism,kegg.compound:C15613,none,1
kegg.compound:C16218,(2E)-Octadecenoyl-CoA,C16218,50570,MNXM1104783,NBCCUIHOHUKBMK-ZDDAFBBHSA-J,(2e)-octadecenoyl-coa,C39H64N7O17P3S,C | H | N | O | P | S,contains_N,metabolism,kegg.compound:C16218,none,1
kegg.compound:C16265,N-Acetylgalactosamine 4-sulfate,C16265,80408,MNXM63542,WHCJUIFHMJFEFZ-IYWGXSQHSA-N,n-acetylgalactosamine 4-sulfate,C8H15NO9S,C | H | N | O | S,contains_N,metabolism,kegg.compound:C16265,none,1
kegg.compound:C16361,"1,3,7-Trimethyluric acid",C16361,691622,MNXM1368925,BYXCFUMGEBZDDI-UHFFFAOYSA-N,"1,3,7-trimethyluric acid",C8H10N4O3,C | H | N | O,contains_N,metabolism,kegg.compound:C16361,none,1
kegg.compound:C16362,"3,6,8-Trimethylallantoin",C16362,80471,MNXM6778,SUPBSHBVIKDGQN-BYPYZUCNSA-N,"3,6,8-trimethylallantoin",C7H12N4O3,C | H | N | O,contains_N,metabolism,kegg.compound:C16362,none,1
kegg.compound:C17343,"(25S)-3alpha,7alpha,12alpha-Trihydroxy-5beta-cholestan-26-oyl-CoA",C17343,37643,MNXM1103883,MNYDLIUNNOCPHG-SEGQUPMDSA-J,"(25s)-3alpha,7alpha,12alpha-trihydroxy-5beta-cholestan-26-oyl-coa",C48H76N7O20P3S,C | H | N | O | P | S,contains_N,metabolism,kegg.compound:C17343,none,1
kegg.compound:C17345,"(25R)-3alpha,7alpha-Dihydroxy-5beta-cholestanoyl-CoA",C17345,11903,MNXM1104095,SBYLHTNKEWSLBA-NOMRFMDASA-J,"(25r)-3alpha,7alpha-dihydroxy-5beta-cholestanoyl-coa",C48H76N7O19P3S,C | H | N | O | P | S,contains_N,metabolism,kegg.compound:C04644,id,2
kegg.compound:C17346,"(25S)-3alpha,7alpha-Dihydroxy-5beta-cholestanoyl-CoA",C17346,,MNXM737886,SBYLHTNKEWSLBA-WKKPLVHGSA-N,"(25s)-3alpha,7alpha-dihydroxy-5beta-cholestanoyl-coa",C48H80N7O19P3S,C | H | N | O | P | S,contains_N,metabolism,kegg.compound:C17346,none,1
kegg.compound:C17366,"(2S,5S)-trans-Carboxymethylproline",C17366,45757,MNXM9430,LIZWYFXJOOUDNV-WHFBIAKZSA-M,"(2s,5s)-trans-carboxymethylproline",C7H10NO4,C | H | N | O,contains_N,metabolism,kegg.compound:C17366,none,1
kegg.compound:C17367,"(3S,5S)-Carbapenam-3-carboxylic acid",C17367,73939,MNXM7927,RJPDELAUUYAFTQ-WHFBIAKZSA-M,"(3s,5s)-carbapenam-3-carboxylic acid",C7H8NO3,C | H | N | O,contains_N,metabolism,kegg.compound:C17367,none,1
kegg.compound:C18059,"CDP-2,3-bis-(O-geranylgeranyl)-sn-glycerol",C18059,50726,MNXM2005,DCAZOLWWPLSROK-DXHGDTBASA-L,"cdp-2,3-bis-(o-geranylgeranyl)-sn-glycerol",C52H83N3O13P2,C | H | N | O | P,contains_N,metabolism,kegg.compound:C18059,none,1
kegg.compound:C18076,5^-Phosphoguanylyl(3^->5^)guanosine,C18076,48622,MNXM4772,ZEHOHLFQOXAZHX-MHARETSRSA-K,5^-phosphoguanylyl(3^->5^)guanosine,C20H23N10O15P2,C | H | N | O | P,contains_N,metabolism,kegg.compound:C18076,none,1
kegg.compound:C18235,S-(Hydroxymethyl)mycothiol,C18235,61586,MNXM2726,QHDGYCVBKYWETJ-QFVXKRNMSA-N,s-(hydroxymethyl)mycothiol,C18H32N2O13S,C | H | N | O | S,contains_N,metabolism,kegg.compound:C18235,none,1
kegg.compound:C18323,3-Methylfumaryl-CoA,C18323,75636,MNXM12237,UQKJYLOHHMRSFE-CBBDEUQJSA-I,3-methylfumaryl-coa,C26H35N7O19P3S,C | H | N | O | P | S,contains_N,metabolism,kegg.compound:C18323,none,1
kegg.compound:C19151,Coenzyme F420-3,C19151,59537,MNXM1364264,YHDAXCLOUDHUAA-LROHGRLLSA-N,coenzyme f420-3,C34H43N6O21P,C | H | N | O | P,contains_N,metabolism,kegg.compound:C19151,none,1
kegg.compound:C19672,Reduced amicyanin,C19672,,MNXM21526,,reduced amicyanin,H2CuN2S*3,Cu | H | N | S,contains_N,metabolism,kegg.compound:C19672,none,1
kegg.compound:C19683,"3,4-Didehydroadipyl-CoA semialdehyde",C19683,49180,MNXM2507,HTYJHFRYROLBDM-YINSCCIPSA-J,"3,4-didehydroadipyl-coa semialdehyde",C27H38N7O18P3S,C | H | N | O | P | S,contains_N,metabolism,kegg.compound:C19683,none,1
kegg.compound:C19725,"UDP-2,3-diacetamido-2,3-dideoxy-alpha-D-glucuronate",C19725,48402,MNXM5974,GZLIMKLKXDFTJR-LTMKHLKMSA-K,"udp-2,3-diacetamido-2,3-dideoxy-alpha-d-glucuronate",C19H25N4O18P2,C | H | N | O | P,contains_N,metabolism,kegg.compound:C19725,none,1
kegg.compound:C19794,CDP-1L-myo-inositol,C19794,62566,MNXM2648,FWZKVMBRYZSGFS-WRUQXNMMSA-L,cdp-1l-myo-inositol,C15H23N3O16P2,C | H | N | O | P,contains_N,metabolism,kegg.compound:C19794,none,1
kegg.compound:C19881,GDP-D-glycero-alpha-D-manno-heptose,C19881,59969,MNXM5166,HRUXIQZFNLQZQA-LNASZZQASA-L,gdp-d-glycero-alpha-d-manno-heptose,C17H25N5O17P2,C | H | N | O | P,contains_N,metabolism,kegg.compound:C19881,none,1
kegg.compound:C19888,LysW-gamma-L-alpha-aminoadipate 6-semialdehyde,C19888,78501,MNXM12153,,lysw-gamma-l-alpha-aminoadipate 6-semialdehyde,C11H15N2O6*,C | H | N | O,contains_N,metabolism,kegg.compound:C19888,none,1
kegg.compound:C19889,LysW-gamma-L-lysine,C19889,78526,MNXM12155,,lysw-gamma-l-lysine,C11H19N3O5*,C | H | N | O,contains_N,metabolism,kegg.compound:C19889,none,1
kegg.compound:C19961,"UDP-4-amino-4,6-dideoxy-N-acetyl-beta-L-altrosamine",C19961,63389,MNXM4126,FUUMLYWEEZBCQR-NAGKVERXSA-M,"udp-4-amino-4,6-dideoxy-n-acetyl-beta-l-altrosamine",C17H27N4O15P2,C | H | N | O | P,contains_N,metabolism,kegg.compound:C19961,none,1
kegg.compound:C19971,"UDP-2,4-bis(acetamido)-2,4,6-trideoxy-beta-L-altropyranose",C19971,63417,MNXM4860,KCAODEOZHCZEBC-SXTUWYCGSA-L,"udp-2,4-bis(acetamido)-2,4,6-trideoxy-beta-l-altropyranose",C19H28N4O16P2,C | H | N | O | P,contains_N,metabolism,kegg.compound:C19971,none,1
kegg.compound:C20083,CMP-pseudaminic acid,C20083,63680,MNXM5683,XTZJKGIMUFZFBV-STPXTTIVSA-L,cmp-pseudaminic acid,C22H32N5O15P,C | H | N | O | P,contains_N,metabolism,kegg.compound:C20083,none,1
kegg.compound:C20359,"UDP-2-acetamido-3-amino-2,3-dideoxy-alpha-D-glucuronate",C20359,62245,MNXM1100297,RRAQYLXLCYIZBB-HHKCBAECSA-L,"udp-2-acetamido-3-amino-2,3-dideoxy-alpha-d-glucuronate",C17H24N4O17P2,C | H | N | O | P,contains_N,metabolism,kegg.compound:C20359,none,1
kegg.compound:C20421,"N,N^-Diacetyl-alpha-D-bacillosaminyldiphospho-tritrans,heptacis-undecaprenol",C20421,,MNXM1372582,IUPUBECBZWCNJL-DBXODTDNSA-N,"n,n^-diacetyl-alpha-d-bacillosaminyldiphospho-tritrans,heptacis-undecaprenol",C65H108N2O11P2,C | H | N | O | P,contains_N,metabolism,kegg.compound:C20421,none,1
kegg.compound:C20522,Dihydrourocanate,C20522,72991,MNXM1100312,ZCKYOWGFRHAZIQ-UHFFFAOYSA-M,dihydrourocanate,C6H7N2O2,C | H | N | O,contains_N,metabolism,kegg.compound:C20522,none,1
kegg.compound:C20559,4-(beta-D-Ribofuranosyl)aniline 5^-phosphate,C20559,72778,MNXM114455,UKBUHWIOGWAJEO-DBIOUOCHSA-L,4-(beta-d-ribofuranosyl)aniline 5^-phosphate,C11H14NO7P,C | H | N | O | P,contains_N,metabolism,kegg.compound:C20559,none,1
kegg.compound:C20562,"N-[(7,8-Dihydropterin-6-yl)methyl]-4-(beta-D-ribofuranosyl)aniline 5^-phosphate",C20562,72951,MNXM128396,VNLUYZYZRAWLHI-NGFQHRJXSA-L,"n-[(7,8-dihydropterin-6-yl)methyl]-4-(beta-d-ribofuranosyl)aniline 5^-phosphate",C18H21N6O8P,C | H | N | O | P,contains_N,metabolism,kegg.compound:C20562,none,1
kegg.compound:C20643,2-Heptyl-4(1H)-quinolone,C20643,62219,MNXM1364574,UYRHHBXYXSYGHA-UHFFFAOYSA-N,2-heptyl-4(1h)-quinolone,C16H21NO,C | H | N | O,contains_N,metabolism,kegg.compound:C20643,none,1
kegg.compound:C20878,Very-long-chain (3R)-3-hydroxyacyl-CoA,C20878,,MNXM163603,,very-long-chain (3r)-3-hydroxyacyl-coa,C26H43N7O18P3S*,C | H | N | O | P | S,contains_N,metabolism,kegg.compound:C20878,none,1
kegg.compound:C20879,"Very-long-chain trans-2,3-dehydroacyl-CoA",C20879,,MNXM163004,,"very-long-chain trans-2,3-dehydroacyl-coa",C26H41N7O17P3S*,C | H | N | O | P | S,contains_N,metabolism,kegg.compound:C20879,none,1
kegg.compound:C20933,(9Z)-Hexadec-9-enoyl-KDO2-lipid IV(A),C20933,61520,MNXM5385,GUGOELZTMNFFOJ-MHGVWHNGSA-H,(9z)-hexadec-9-enoyl-kdo2-lipid iv(a),C100H176N2O38P2,C | H | N | O | P,contains_N,metabolism,kegg.compound:C20933,none,1
kegg.compound:C20948,LysW-L-glutamate,C20948,136714,MNXM147039,,lysw-l-glutamate,C10H12N2O7*,C | H | N | O,contains_N,metabolism,kegg.compound:C20948,none,1
kegg.compound:C20950,LysW-L-glutamate 5-semialdehyde,C20950,136761,MNXM147040,,lysw-l-glutamate 5-semialdehyde,C10H13N2O6*,C | H | N | O,contains_N,metabolism,kegg.compound:C20950,none,1
kegg.compound:C20951,LysW-L-ornithine,C20951,136763,MNXM147041,,lysw-l-ornithine,C10H17N3O5*,C | H | N | O,contains_N,metabolism,kegg.compound:C20951,none,1
kegg.compound:C20995,gamma-L-Glutamyl-S-(hercyn-2-yl)-L-cysteine S-oxide,C20995,82703,MNXM1100921,SJHLSLUUWIBQNS-TYLCEOGASA-M,gamma-l-glutamyl-s-(hercyn-2-yl)-l-cysteine s-oxide,C17H26N5O8S,C | H | N | O | S,contains_N,metabolism,kegg.compound:C20995,none,1
kegg.compound:C21071,"dTDP-3-O-methyl-4-oxo-2,6-dideoxy-L-mannose",C21071,,MNXM164743,CYUJCYJTTJIBPM-QEHJDLSMSA-N,"dtdp-3-o-methyl-4-oxo-2,6-dideoxy-l-mannose",C17H26N2O14P2,C | H | N | O | P,contains_N,metabolism,kegg.compound:C21071,none,1
kegg.compound:C21074,"dTDP-3-N,N-dimethylamino-4-oxo-2,3,6-trideoxy-L-allose",C21074,,MNXM1100561,JFYPCDSRMOHQMH-XWSJDDSLSA-N,"dtdp-3-n,n-dimethylamino-4-oxo-2,3,6-trideoxy-l-allose",C18H29N3O13P2,C | H | N | O | P,contains_N,metabolism,kegg.compound:C21074,none,1
kegg.compound:C21157,KDO2-lipid A 1-diphosphate,C21157,85271,MNXM146578,FEIRMQZKCHCJCZ-OIPVZEHTSA-G,kdo2-lipid a 1-diphosphate,C110H196N2O42P3,C | H | N | O | P,contains_N,metabolism,kegg.compound:C21157,none,1
kegg.compound:C21240,Gentamicin C 2^^-phosphate,C21240,,MNXM167797,,gentamicin c 2^^-phosphate,C19H38N5O10P*2,C | H | N | O | P,contains_N,metabolism,kegg.compound:C21240,none,1
kegg.compound:C21351,dTDP-4-oxo-alpha-D-xylose,C21351,,MNXM163798,DTUATVJUXNRSJO-RIBVFJTNSA-N,dtdp-4-oxo-alpha-d-xylose,C15H22N2O15P2,C | H | N | O | P,contains_N,metabolism,kegg.compound:C21351,none,1
kegg.compound:C21362,dTDP-3-methyl-4-oxo-alpha-D-ribopyranose,C21362,,MNXM164742,PSRRUWGFSBENKQ-QIEGIPOWSA-N,dtdp-3-methyl-4-oxo-alpha-d-ribopyranose,C16H24N2O15P2,C | H | N | O | P,contains_N,metabolism,kegg.compound:C21362,none,1
kegg.compound:C21403,2-Acetamidoethylphosphonate,C21403,142479,MNXM163614,ACVGHZIZZPJLSQ-UHFFFAOYSA-M,2-acetamidoethylphosphonate,C4H9NO4P,C | H | N | O | P,contains_N,metabolism,kegg.compound:C21403,none,1
kegg.compound:C21567,Pyrrolyl-2-carboxyl-S-[acyl-carrier protein],C21567,,MNXM1089632,,pyrrolyl-2-carboxyl-s-[acyl-carrier protein],C5H4NOS*,C | H | N | O | S,contains_N,metabolism,kegg.compound:C21567,none,1
chebi:45825,tetrabutylammonium,,45825,MNXM83764,DZLFLBLQUQXARW-UHFFFAOYSA-N,tetrabutylammonium,C16H36N,C | H | N,contains_N,transport,chebi:45825,none,1
kegg.compound:C05146,Hydantoin,C05146,24625,MNXM11836,WJRBRSLFGCUECM-UHFFFAOYSA-N,hydantoin,C3H4N2O2,C | H | N | O,contains_N,transport,kegg.compound:C05146,none,1
kegg.compound:C06244,Acetamide,C06244,22159,MNXM4428,DLFVBJFMPXGRIB-UHFFFAOYSA-N,acetamide,C2H5NO,C | H | N | O,contains_N,transport,kegg.compound:C06244,none,1
kegg.compound:C06850,Bethanechol,C06850,3084,MNXM44208,NZUPCNDJBJXXRF-UHFFFAOYSA-O,bethanechol,C7H17N2O2,C | H | N | O,contains_N,transport,kegg.compound:C06850,none,1
kegg.compound:C11489,NMF,C11489,105684,MNXM63867,ATHHXGZTWNVVOU-UHFFFAOYSA-N,nmf,C2H5NO,C | H | N | O,contains_N,transport,kegg.compound:C11489,none,1
kegg.compound:C16363,N-Methylurea,C16363,44383,MNXM12405,XGEGHDBEHXKFPX-UHFFFAOYSA-N,n-methylurea,C2H6N2O,C | H | N | O,contains_N,transport,kegg.compound:C16363,none,1
kegg.compound:C16364,"N,N^-Dimethylurea",C16364,80472,MNXM12327,MGJKQDOBUOMPEZ-UHFFFAOYSA-N,"n,n^-dimethylurea",C3H8N2O,C | H | N | O,contains_N,transport,kegg.compound:C16364,none,1
mnx:MNXM1565343,Cysteine hydrochloride,,,MNXM1565343,IFQSXNOEEPCSLW-UHFFFAOYSA-N,cysteine hydrochloride,C3H8ClNO2S,C | Cl | H | N | O | S,contains_N,metabolomics,mnx:MNXM1565343,none,1
chebi:135946,sincalide,,135946,MNXM82152,IZTQOLKUZKXIRV-YRVFCXMDSA-N,sincalide,C49H62N10O16S3,C | H | N | O | S,contains_N,transport,chebi:135946,none,1
chebi:14426,hygromycin B,,14426,MNXM732868,GRRNUXAQVGOGFE-NZSRVPFOSA-Q,hygromycin b,C20H40N3O13,C | H | N | O,contains_N,transport,chebi:14426,none,1
chebi:30865,(R)-dihydroorotic acid,,30865,MNXM726835,UFIVEPVSAGBUSI-UWTATZPHSA-N,(r)-dihydroorotic acid,C5H6N2O4,C | H | N | O,contains_N,transport,chebi:30865,none,1
chebi:37024,D-2-aminoadipic acid,,37024,MNXM1368893,OYIFNHCXNCRBQI-SCSAIBSYSA-N,d-2-aminoadipic acid,C6H11NO4,C | H | N | O,contains_N,transport,chebi:37024,none,1
chebi:45422,propanamide,,45422,MNXM12762,QLNJFJADRCOGBJ-UHFFFAOYSA-N,propanamide,C3H7NO,C | H | N | O,contains_N,transport,chebi:45422,none,1
chebi:48377,imidate,,48377,MNXM57172,,imidate,CNO*3,C | N | O,contains_N,transport,chebi:48377,none,1
chebi:51240,propidium iodide,,51240,MNXM160535,XJMOSONTPMZWPB-UHFFFAOYSA-M,propidium iodide,C27H34I2N4,C | H | I | N,contains_N,transport,chebi:51240,none,1
chebi:61377,5-methyl-UDP,,61377,MNXM83408,CYDYNVMCEGXBEM-JXOAFFINSA-K,5-methyl-udp,C10H13N2O12P2,C | H | N | O | P,contains_N,transport,chebi:61377,none,1
chebi:77845,7-aminocholesterol,,77845,MNXM151538,WLHQSAYHIOPMMJ-UOQFGJKXSA-N,7-aminocholesterol,C27H47NO,C | H | N | O,contains_N,transport,chebi:77845,none,1
chebi:8885,rocuronium bromide,,8885,MNXM160877,OYTJKRAYGYRUJK-FMCCZJBLSA-M,rocuronium bromide,C32H53BrN2O4,Br | C | H | N | O,contains_N,transport,chebi:8885,none,1
chebi:9753,troglitazone,,9753,MNXM1107521,GXPHKUHSUJUWKP-UHFFFAOYSA-N,troglitazone,C24H27NO5S,C | H | N | O | S,contains_N,transport,chebi:9753,none,1
chebi:9927,valsartan,,9927,MNXM1137727,ACWBQPMHZXGDFX-QFIPXVFZSA-N,valsartan,C24H29N5O3,C | H | N | O,contains_N,transport,chebi:9927,none,1
kegg.compound:C00820,D-Threonine,C00820,13027,MNXM2514,AYFVYJQAPQTCCC-STHAYSLISA-N,d-threonine,C4H9NO3,C | H | N | O,contains_N,transport,kegg.compound:C00820,none,1
kegg.compound:C01598,Melatonin,C01598,14577,MNXM726720,DRLFMBDRBRZALE-UHFFFAOYSA-N,melatonin,C13H16N2O2,C | H | N | O,contains_N,transport,kegg.compound:C01598,none,1
kegg.compound:C01905,D-Asparagine,C01905,20918,MNXM7235,DCXYFEDJOCDNAF-UWTATZPHSA-N,d-asparagine,C4H8N2O3,C | H | N | O,contains_N,transport,kegg.compound:C01905,none,1
kegg.compound:C04663,Acadesine,C04663,125449,MNXM39971,RTRQQBHATOEIAF-UUOKFMHZSA-N,acadesine,C9H14N4O5,C | H | N | O,contains_N,transport,kegg.compound:C04663,none,1
kegg.compound:C06604,Parathion,C06604,25857,MNXM2552,LCCNCVORNKJIRZ-UHFFFAOYSA-N,parathion,C10H14NO5PS,C | H | N | O | P | S,contains_N,transport,kegg.compound:C06604,none,1
kegg.compound:C06834,Atorvastatin,C06834,2910,MNXM1368377,XUKUURHRXDUEBC-KAYWLYCHSA-N,atorvastatin,C33H35FN2O5,C | F | H | N | O,contains_N,transport,kegg.compound:C06834,none,1
kegg.compound:C07966,Cerivastatin,C07966,3558,MNXM1368396,SEERZIQQUAZTOL-ANMDKAQQSA-N,cerivastatin,C26H34FNO5,C | F | H | N | O,contains_N,transport,kegg.compound:C07966,none,1
kegg.compound:C10128,Arecaidine,C10128,2813,MNXM42541,DNJFTXKSFAMXQF-UHFFFAOYSA-N,arecaidine,C7H11NO2,C | H | N | O,contains_N,transport,kegg.compound:C10128,none,1
kegg.compound:C10149,Guvacine,C10149,5576,MNXM55783,QTDZOWFRBNTPQR-UHFFFAOYSA-N,guvacine,C6H9NO2,C | H | N | O,contains_N,transport,kegg.compound:C10149,none,1
kegg.compound:C10164,Picolinic acid,C10164,26128,MNXM12691,SIOXPEMLGUPBBT-UHFFFAOYSA-M,picolinic acid,C6H4NO2,C | H | N | O,contains_N,transport,kegg.compound:C10164,none,1
kegg.compound:C11016,Diphenylamine,C11016,4640,MNXM17317,DMBHHRLKUKUOEG-UHFFFAOYSA-N,diphenylamine,C12H11N,C | H | N,contains_N,transport,kegg.compound:C11016,none,1
kegg.compound:C11684,MET-enkephalin,C11684,189868,MNXM12239,YFGBQHOOROIVKG-FKBYEOEOSA-N,met-enkephalin,C27H35N5O7S,C | H | N | O | S,contains_N,transport,kegg.compound:C11684,none,1
kegg.compound:C13694,Isoguvacine,C13694,34799,MNXM57968,KRVDMABBKYMBHG-UHFFFAOYSA-N,isoguvacine,C6H9NO2,C | H | N | O,contains_N,transport,kegg.compound:C13694,none,1
kegg.compound:C15485,2^-Deoxymugineic acid,C15485,19274,MNXM727132,CUZKLRTTYZOCSD-CIUDSAMLSA-M,2^-deoxymugineic acid,C12H19N2O7,C | H | N | O,contains_N,transport,kegg.compound:C15485,none,1
kegg.compound:C00028,Acceptor,C00028,,MNXM8975,,acceptor,,,no_formula,metabolism,kegg.compound:C00028,none,1
kegg.compound:C00030,Reduced acceptor,C00030,,MNXM1102419,,reduced acceptor,,,no_formula,metabolism,kegg.compound:C00030,none,1
chebi:10004,vitamin (role),,10004,MNXM1095050,,vitamin (role),,,no_formula,transport,chebi:10004,none,1
chebi:10074,xenobiotic,,10074,MNXM1095136,,xenobiotic,,,no_formula,transport,chebi:10074,none,1
chebi:10081,xyloglucan,,10081,MNXM737857,,xyloglucan,,,no_formula,transport,chebi:10081,none,1
chebi:10085,xylose,,10085,MNXM113989,,xylose,,,no_formula,transport,chebi:10085,none,1
chebi:108917,miconazole,,108917,MNXM157969,,miconazole,,,no_formula,transport,chebi:108917,none,1
chebi:11169,maltooligosaccharide,,11169,MNXM61031,,maltooligosaccharide,,,no_formula,transport,chebi:11169,none,1
chebi:12923,D-fructose,,12923,MNXM729621,,d-fructose,,,no_formula,transport,chebi:12923,none,1
chebi:12975,D-glucuronate,,12975,MNXM1102441,,d-glucuronate,,,no_formula,transport,chebi:12975,none,1
chebi:13011,D-ribose,,13011,MNXM732919,,d-ribose,,,no_formula,transport,chebi:13011,none,1
chebi:132950,tartrate,,132950,MNXM83355,,tartrate,,,no_formula,transport,chebi:132950,none,1
chebi:133008,Epclusa,,133008,MNXM511779,,epclusa,,,no_formula,transport,chebi:133008,none,1
chebi:134179,volatile organic compound,,134179,MNXM722523,,volatile organic compound,,,no_formula,transport,chebi:134179,none,1
chebi:134400,cationic peptidyl group,,134400,MNXM497033,,cationic peptidyl group,,,no_formula,transport,chebi:134400,none,1
chebi:13677,protein,,13677,MNXM733328,,protein,,,no_formula,transport,chebi:13677,name_soft,2
chebi:13678,purines,,13678,MNXM79770,,purines,,,no_formula,transport,chebi:13678,none,1
chebi:13800,acid,,13800,MNXM1095196,,acid,,,no_formula,transport,chebi:13800,none,1
chebi:13814,amine,,13814,MNXM735859,,amine,,,no_formula,transport,chebi:13814,none,1
chebi:13815,amino acid,,13815,MNXM735850,,amino acid,,,no_formula,transport,chebi:13815,name_soft,2
chebi:138159,chemokine ligand 24,,138159,MNXM1094558,,chemokine ligand 24,,,no_formula,transport,chebi:138159,none,1
chebi:14311,glucaric acid,,14311,MNXM55106,,glucaric acid,,,no_formula,transport,chebi:14311,none,1
chebi:14386,heme,,14386,MNXM526203,,heme,,,no_formula,transport,chebi:14386,name_soft,2
chebi:14399,hexose,,14399,MNXM56479,,hexose,,,no_formula,transport,chebi:14399,none,1
chebi:14520,lipopolysaccharide,,14520,MNXM738756,,lipopolysaccharide,,,no_formula,transport,chebi:14520,none,1
chebi:14575,mannose,,14575,MNXM731379,,mannose,,,no_formula,transport,chebi:14575,none,1
chebi:14816,a phospholipid derivative,,14816,MNXM162702,,a phospholipid derivative,,,no_formula,transport,chebi:14816,none,1
chebi:15093,glucitol,,15093,MNXM736686,,glucitol,,,no_formula,transport,chebi:15093,none,1
chebi:15131,a carbohydrate,,15131,MNXM45545,,a carbohydrate,,,no_formula,transport,chebi:15131,none,1
chebi:15132,phospho sugar,,15132,MNXM5936,,phospho sugar,,,no_formula,transport,chebi:15132,none,1
chebi:16541,a protein,,16541,MNXM733327,,a protein,,,no_formula,transport,chebi:16541,none,1
chebi:21376,rhamnonic acid,,21376,MNXM681130,,rhamnonic acid,,,no_formula,transport,chebi:21376,none,1
chebi:21600,N-acetylgalactosamine,,21600,MNXM727417,,n-acetylgalactosamine,,,no_formula,transport,chebi:21600,none,1
chebi:22153,acaricide,,22153,MNXM1094962,,acaricide,,,no_formula,transport,chebi:22153,none,1
chebi:22315,alkaloid,,22315,MNXM40736,,alkaloid,,,no_formula,transport,chebi:22315,none,1
chebi:22479,amino cyclitol glycoside,,22479,MNXM41797,,amino cyclitol glycoside,,,no_formula,transport,chebi:22479,none,1
chebi:22563,anion,,22563,MNXM42146,,anion,,,no_formula,transport,chebi:22563,none,1
chebi:22573,anthracycline antibiotic,,22573,MNXM42220,,anthracycline antibiotic,,,no_formula,transport,chebi:22573,none,1
chebi:22582,antimicrobial agent,,22582,MNXM1095057,,antimicrobial agent,,,no_formula,transport,chebi:22582,none,1
chebi:22586,antioxidant,,22586,MNXM1094971,,antioxidant,,,no_formula,transport,chebi:22586,none,1
chebi:22587,antiviral agent,,22587,MNXM1094972,,antiviral agent,,,no_formula,transport,chebi:22587,none,1
chebi:22599,arabinose,,22599,MNXM735564,,arabinose,,,no_formula,transport,chebi:22599,none,1
chebi:22600,arabinose phosphate,,22600,MNXM42479,,arabinose phosphate,,,no_formula,transport,chebi:22600,none,1
chebi:22601,arabinoside,,22601,MNXM42480,,arabinoside,,,no_formula,transport,chebi:22601,none,1
chebi:22605,arabinitol,,22605,MNXM42468,,arabinitol,,,no_formula,transport,chebi:22605,none,1
chebi:22676,auxin,,22676,MNXM1094973,,auxin,,,no_formula,transport,chebi:22676,none,1
chebi:22918,branched-chain amino acid,,22918,MNXM44662,,branched-chain amino acid,,,no_formula,transport,chebi:22918,none,1
chebi:23058,cation,,23058,MNXM45842,,cation,,,no_formula,transport,chebi:23058,none,1
chebi:23219,bile acid taurine conjugate,,23219,MNXM44286,,bile acid taurine conjugate,,,no_formula,transport,chebi:23219,none,1
chebi:23378,Cu cation,,23378,MNXM47857,,cu cation,,,no_formula,transport,chebi:23378,none,1
chebi:23403,coumarins,,23403,MNXM47748,,coumarins,,,no_formula,transport,chebi:23403,none,1
chebi:23447,cyclic nucleotide,,23447,MNXM48014,,cyclic nucleotide,,,no_formula,transport,chebi:23447,none,1
chebi:23456,cyclodextrin,,23456,MNXM48103,,cyclodextrin,,,no_formula,transport,chebi:23456,none,1
chebi:23530,cytokinin,,23530,MNXM1094985,,cytokinin,,,no_formula,transport,chebi:23530,none,1
chebi:23636,deoxyribonucleoside,,23636,MNXM49119,,deoxyribonucleoside,,,no_formula,transport,chebi:23636,none,1
chebi:23648,detergent,,23648,MNXM1095045,,detergent,,,no_formula,transport,chebi:23648,none,1
chebi:23765,quinolone,,23765,MNXM80489,,quinolone,,,no_formula,transport,chebi:23765,none,1
chebi:23835,dipeptide,,23835,MNXM729071,,dipeptide,,,no_formula,transport,chebi:23835,none,1
chebi:23856,monoatomic dication,,23856,MNXM51352,,monoatomic dication,,,no_formula,transport,chebi:23856,none,1
chebi:23888,drug,,23888,MNXM1094987,,drug,,,no_formula,transport,chebi:23888,none,1
chebi:24104,fructose,,24104,MNXM729624,,fructose,,,no_formula,transport,chebi:24104,none,1
chebi:24118,fucose,,24118,MNXM53947,,fucose,,,no_formula,transport,chebi:24118,none,1
chebi:24127,fungicide,,24127,MNXM1094993,,fungicide,,,no_formula,transport,chebi:24127,none,1
chebi:24134,galactan,,24134,MNXM737963,,galactan,,,no_formula,transport,chebi:24134,none,1
chebi:24151,galactooligosaccharide,,24151,MNXM54143,,galactooligosaccharide,,,no_formula,transport,chebi:24151,none,1
chebi:24162,galactose,,24162,MNXM54155,,galactose,,,no_formula,transport,chebi:24162,none,1
chebi:24163,galactoside,,24163,MNXM737973,,galactoside,,,no_formula,transport,chebi:24163,none,1
chebi:24175,galacturonate,,24175,MNXM1106182,,galacturonate,,,no_formula,transport,chebi:24175,none,1
chebi:24255,glucan,,24255,MNXM55103,,glucan,,,no_formula,transport,chebi:24255,none,1
chebi:24278,glucoside,,24278,MNXM55183,,glucoside,,,no_formula,transport,chebi:24278,none,1
chebi:24335,glutathione conjugate,,24335,MNXM55252,,glutathione conjugate,,,no_formula,transport,chebi:24335,none,1
chebi:24337,glutathione derivative,,24337,MNXM55253,,glutathione derivative,,,no_formula,transport,chebi:24337,none,1
chebi:24347,glycerates,,24347,MNXM55297,,glycerates,,,no_formula,transport,chebi:24347,none,1
chebi:24403,a glycosyl group,,24403,MNXM55420,,a glycosyl group,,,no_formula,transport,chebi:24403,none,1
chebi:24527,herbicide,,24527,MNXM1094997,,herbicide,,,no_formula,transport,chebi:24527,none,1
chebi:24583,hexitol,,24583,MNXM56461,,hexitol,,,no_formula,transport,chebi:24583,none,1
chebi:24834,inorganic anion,,24834,MNXM57409,,inorganic anion,,,no_formula,transport,chebi:24834,none,1
chebi:24838,inorganic phosphate,,24838,MNXM57425,,inorganic phosphate,,,no_formula,transport,chebi:24838,none,1
chebi:24852,insecticide,,24852,MNXM1095001,,insecticide,,,no_formula,transport,chebi:24852,none,1
chebi:24870,ion,,24870,MNXM57633,,ion,,,no_formula,transport,chebi:24870,none,1
chebi:24875,Fe cation,,24875,MNXM53147,,fe cation,,,no_formula,transport,chebi:24875,none,1
chebi:24898,isoleucine,,24898,MNXM728338,,isoleucine,,,no_formula,transport,chebi:24898,none,1
chebi:24998,rac-lactic acid,,24998,MNXM733759,,rac-lactic acid,,,no_formula,transport,chebi:24998,none,1
chebi:25029,leukotriene,,25029,MNXM59978,,leukotriene,,,no_formula,transport,chebi:25029,none,1
chebi:25051,lipid As,,25051,MNXM60203,,lipid as,,,no_formula,transport,chebi:25051,none,1
chebi:25105,macrolide antibiotic,,25105,MNXM60892,,macrolide antibiotic,,,no_formula,transport,chebi:25105,none,1
chebi:25106,macrolide,,25106,MNXM60890,,macrolide,,,no_formula,transport,chebi:25106,none,1
chebi:25169,mannoside,,25169,MNXM61130,,mannoside,,,no_formula,transport,chebi:25169,none,1
chebi:25212,metabolite,,25212,MNXM1095009,,metabolite,,,no_formula,transport,chebi:25212,none,1
chebi:25213,a metal cation,,25213,MNXM61534,,a metal cation,,,no_formula,transport,chebi:25213,none,1
chebi:25367,molecule,,25367,MNXM62290,,molecule,,,no_formula,transport,chebi:25367,none,1
chebi:25375,monoamine molecular messenger,,25375,MNXM731504,,monoamine molecular messenger,,,no_formula,transport,chebi:25375,none,1
chebi:25384,monocarboxylic acid,,25384,MNXM739624,,monocarboxylic acid,,,no_formula,transport,chebi:25384,none,1
chebi:25407,monosaccharide,,25407,MNXM19454,,monosaccharide,,,no_formula,transport,chebi:25407,none,1
chebi:25414,monoatomic monocation,,25414,MNXM62501,,monoatomic monocation,,,no_formula,transport,chebi:25414,none,1
chebi:25435,mutagen,,25435,MNXM1095011,,mutagen,,,no_formula,transport,chebi:25435,none,1
chebi:25436,mycolate,,25436,MNXM62714,,mycolate,,,no_formula,transport,chebi:25436,none,1
chebi:25442,mycotoxin,,25442,MNXM1095012,,mycotoxin,,,no_formula,transport,chebi:25442,none,1
chebi:25512,neurotransmitter,,25512,MNXM1095014,,neurotransmitter,,,no_formula,transport,chebi:25512,none,1
chebi:25609,nucleotide-sugar,,25609,MNXM65040,,nucleotide-sugar,,,no_formula,transport,chebi:25609,none,1
chebi:25679,oligosaccharide,,25679,MNXM727750,,oligosaccharide,,,no_formula,transport,chebi:25679,none,1
chebi:25696,organic anion,,25696,MNXM1943,,organic anion,,,no_formula,transport,chebi:25696,none,1
chebi:25697,organic cation,,25697,MNXM65636,,organic cation,,,no_formula,transport,chebi:25697,none,1
chebi:25728,osmolyte,,25728,MNXM1095018,,osmolyte,,,no_formula,transport,chebi:25728,none,1
chebi:26004,phenylpropanoid,,26004,MNXM75020,,phenylpropanoid,,,no_formula,transport,chebi:26004,none,1
chebi:26040,glycerophosphoinositol,,26040,MNXM55317,,glycerophosphoinositol,,,no_formula,transport,chebi:26040,none,1
chebi:26115,phytoalexin,,26115,MNXM1095028,,phytoalexin,,,no_formula,transport,chebi:26115,none,1
chebi:26130,biological pigment,,26130,MNXM1095029,,biological pigment,,,no_formula,transport,chebi:26130,none,1
chebi:26158,plant hormone,,26158,MNXM1095202,,plant hormone,,,no_formula,transport,chebi:26158,none,1
chebi:26188,polyketide,,26188,MNXM77700,,polyketide,,,no_formula,transport,chebi:26188,none,1
chebi:26191,polyol,,26191,MNXM77718,,polyol,,,no_formula,transport,chebi:26191,none,1
chebi:26413,pyrethroid insecticide,,26413,MNXM1095034,,pyrethroid insecticide,,,no_formula,transport,chebi:26413,none,1
chebi:26468,quaternary ammonium salt,,26468,MNXM80082,,quaternary ammonium salt,,,no_formula,transport,chebi:26468,none,1
chebi:26537,retinoid,,26537,MNXM80730,,retinoid,,,no_formula,transport,chebi:26537,none,1
chebi:26546,rhamnose,,26546,MNXM733625,,rhamnose,,,no_formula,transport,chebi:26546,none,1
chebi:26570,ribulose,,26570,MNXM735692,,ribulose,,,no_formula,transport,chebi:26570,none,1
chebi:26580,rifamycins,,26580,MNXM727865,,rifamycins,,,no_formula,transport,chebi:26580,none,1
chebi:26658,sesquiterpenoid,,26658,MNXM81936,,sesquiterpenoid,,,no_formula,transport,chebi:26658,none,1
chebi:26672,siderophore,,26672,MNXM1095037,,siderophore,,,no_formula,transport,chebi:26672,none,1
chebi:26764,steroid hormone,,26764,MNXM82755,,steroid hormone,,,no_formula,transport,chebi:26764,none,1
chebi:27026,toxin,,27026,MNXM1095040,,toxin,,,no_formula,transport,chebi:27026,none,1
chebi:27027,micronutrient,,27027,MNXM1095041,,micronutrient,,,no_formula,transport,chebi:27027,none,1
chebi:27150,trisaccharide,,27150,MNXM88168,,trisaccharide,,,no_formula,transport,chebi:27150,none,1
chebi:27272,vanadium oxoanion,,27272,MNXM88699,,vanadium oxoanion,,,no_formula,transport,chebi:27272,none,1
chebi:27288,vinca alkaloid,,27288,MNXM88877,,vinca alkaloid,,,no_formula,transport,chebi:27288,none,1
chebi:27365,zinc ion,,27365,MNXM89371,,zinc ion,,,no_formula,transport,chebi:27365,none,1
chebi:29681,surfactin,,29681,MNXM109112,,surfactin,,,no_formula,transport,chebi:29681,none,1
chebi:30304,antimony(0),,30304,MNXM491525,,antimony(0),,,no_formula,transport,chebi:30304,none,1
chebi:30411,cobalamin,,30411,MNXM736801,,cobalamin,,,no_formula,transport,chebi:30411,none,1
chebi:33655,aromatic compound,,33655,MNXM42608,,aromatic compound,,,no_formula,transport,chebi:33655,none,1
chebi:33699,mRNA,,33699,MNXM61508,,mrna,,,no_formula,transport,chebi:33699,none,1
chebi:33836,benzenoid aromatic compound,,33836,MNXM43517,,benzenoid aromatic compound,,,no_formula,transport,chebi:33836,none,1
chebi:33839,macromolecule,,33839,MNXM60895,,macromolecule,,,no_formula,transport,chebi:33839,none,1
chebi:33848,polycyclic arene,,33848,MNXM729316,,polycyclic arene,,,no_formula,transport,chebi:33848,none,1
chebi:33958,halide salt,,33958,MNXM55847,,halide salt,,,no_formula,transport,chebi:33958,none,1
chebi:35142,aldotriose phosphate,,35142,MNXM40636,,aldotriose phosphate,,,no_formula,transport,chebi:35142,none,1
chebi:35186,terpene,,35186,MNXM83662,,terpene,,,no_formula,transport,chebi:35186,none,1
chebi:35190,diterpene,,35190,MNXM51309,,diterpene,,,no_formula,transport,chebi:35190,none,1
chebi:35191,triterpene,,35191,MNXM88180,,triterpene,,,no_formula,transport,chebi:35191,none,1
chebi:35195,surfactant,,35195,MNXM1095070,,surfactant,,,no_formula,transport,chebi:35195,none,1
chebi:35218,anthocyanin cation,,35218,MNXM42194,,anthocyanin cation,,,no_formula,transport,chebi:35218,none,1
chebi:35274,ammonium ion derivative,,35274,MNXM41913,,ammonium ion derivative,,,no_formula,transport,chebi:35274,none,1
chebi:35469,antidepressant,,35469,MNXM1095096,,antidepressant,,,no_formula,transport,chebi:35469,none,1
chebi:35475,non-steroidal anti-inflammatory drug,,35475,MNXM1095102,,non-steroidal anti-inflammatory drug,,,no_formula,transport,chebi:35475,none,1
chebi:35584,purine,,35584,MNXM1102328,,purine,,,no_formula,transport,chebi:35584,name_soft,2
chebi:35610,antineoplastic agent,,35610,MNXM1095123,,antineoplastic agent,,,no_formula,transport,chebi:35610,none,1
chebi:35718,antifungal agent,,35718,MNXM1095139,,antifungal agent,,,no_formula,transport,chebi:35718,none,1
chebi:36255,bile acid glycine conjugate,,36255,MNXM44284,,bile acid glycine conjugate,,,no_formula,transport,chebi:36255,none,1
chebi:36277,bile acid salt,,36277,MNXM44285,,bile acid salt,,,no_formula,transport,chebi:36277,none,1
chebi:36565,cadmium coordination entity,,36565,MNXM45164,,cadmium coordination entity,,,no_formula,transport,chebi:36565,none,1
chebi:36915,inorganic cation,,36915,MNXM57411,,inorganic cation,,,no_formula,transport,chebi:36915,none,1
chebi:37957,histaminergic drug,,37957,MNXM1095209,,histaminergic drug,,,no_formula,transport,chebi:37957,none,1
chebi:37958,dye,,37958,MNXM1095210,,dye,,,no_formula,transport,chebi:37958,none,1
chebi:38224,fumonisin,,38224,MNXM53995,,fumonisin,,,no_formula,transport,chebi:38224,none,1
chebi:39124,calcium ion,,39124,MNXM45228,,calcium ion,,,no_formula,transport,chebi:39124,none,1
chebi:39214,abamectin,,39214,MNXM39865,,abamectin,,,no_formula,transport,chebi:39214,none,1
chebi:39352,dinitrophenol,,39352,MNXM51039,,dinitrophenol,,,no_formula,transport,chebi:39352,none,1
chebi:46634,carbapenemcarboxylic acid,,46634,MNXM45502,,carbapenemcarboxylic acid,,,no_formula,transport,chebi:46634,none,1
chebi:4705,dsDNA,,4705,MNXM732076,,dsdna,,,no_formula,transport,chebi:4705,none,1
chebi:47519,ketoconazole,,47519,MNXM47004,,ketoconazole,,,no_formula,transport,chebi:47519,none,1
chebi:47878,hexose phosphate,,47878,MNXM56483,,hexose phosphate,,,no_formula,transport,chebi:47878,none,1
chebi:48081,bacteriocin,,48081,MNXM43251,,bacteriocin,,,no_formula,transport,chebi:48081,none,1
chebi:48103,dinucleotide analogue,,48103,MNXM51064,,dinucleotide analogue,,,no_formula,transport,chebi:48103,none,1
chebi:48120,anthracycline,,48120,MNXM42219,,anthracycline,,,no_formula,transport,chebi:48120,none,1
chebi:48132,tetracenomycin,,48132,MNXM83782,,tetracenomycin,,,no_formula,transport,chebi:48132,none,1
chebi:48219,disinfectant,,48219,MNXM1095301,,disinfectant,,,no_formula,transport,chebi:48219,none,1
chebi:50112,sex hormone,,50112,MNXM1095347,,sex hormone,,,no_formula,transport,chebi:50112,none,1
chebi:50744,citrate salt,,50744,MNXM47045,,citrate salt,,,no_formula,transport,chebi:50744,none,1
chebi:50753,isoflavonoid,,50753,MNXM57944,,isoflavonoid,,,no_formula,transport,chebi:50753,none,1
chebi:50919,antiemetic,,50919,MNXM1095446,,antiemetic,,,no_formula,transport,chebi:50919,none,1
chebi:53002,amyloid-beta,,53002,MNXM43759,,amyloid-beta,,,no_formula,transport,chebi:53002,none,1
chebi:53183,apo carotenoid,,53183,MNXM42416,,apo carotenoid,,,no_formula,transport,chebi:53183,none,1
chebi:53720,poly(sulfide) macromolecule,,53720,MNXM77501,,poly(sulfide) macromolecule,,,no_formula,transport,chebi:53720,none,1
chebi:5417,glucosamine,,5417,MNXM735658,,glucosamine,,,no_formula,transport,chebi:5417,none,1
chebi:59062,polymyxin,,59062,MNXM77710,,polymyxin,,,no_formula,transport,chebi:59062,none,1
chebi:59375,glycopeptidolipid,,59375,MNXM55399,,glycopeptidolipid,,,no_formula,transport,chebi:59375,none,1
chebi:59542,O-polysaccharide,,59542,MNXM65199,,o-polysaccharide,,,no_formula,transport,chebi:59542,none,1
chebi:59941,amphiphile,,59941,MNXM1095539,,amphiphile,,,no_formula,transport,chebi:59941,none,1
chebi:60311,thyroid hormone,,60311,MNXM1095545,,thyroid hormone,,,no_formula,transport,chebi:60311,none,1
chebi:60486,trehalose monomycolate,,60486,MNXM87662,,trehalose monomycolate,,,no_formula,transport,chebi:60486,none,1
chebi:60783,nucleoside analogue,,60783,MNXM65020,,nucleoside analogue,,,no_formula,transport,chebi:60783,none,1
chebi:60979,alpha-glucoside,,60979,MNXM41305,,alpha-glucoside,,,no_formula,transport,chebi:60979,none,1
chebi:60980,beta-glucoside,,60980,MNXM44111,,beta-glucoside,,,no_formula,transport,chebi:60980,none,1
chebi:6104,kanamycin,,6104,MNXM58921,,kanamycin,,,no_formula,transport,chebi:6104,none,1
chebi:61082,lipid-linked peptidoglycan,,61082,MNXM60210,,lipid-linked peptidoglycan,,,no_formula,transport,chebi:61082,none,1
chebi:61996,maltopentaose pentasaccharide,,61996,MNXM61033,,maltopentaose pentasaccharide,,,no_formula,transport,chebi:61996,none,1
chebi:62009,maltoheptaose heptasaccharide,,62009,MNXM61027,,maltoheptaose heptasaccharide,,,no_formula,transport,chebi:62009,none,1
chebi:62488,signalling molecule,,62488,MNXM1095577,,signalling molecule,,,no_formula,transport,chebi:62488,none,1
chebi:62545,"acyl alpha,alpha-trehalose",,62545,MNXM40218,,"acyl alpha,alpha-trehalose",,,no_formula,transport,chebi:62545,none,1
chebi:62563,cellooligosaccharide,,62563,MNXM16625,,cellooligosaccharide,,,no_formula,transport,chebi:62563,none,1
chebi:63609,mefloquine,,63609,MNXM157771,,mefloquine,,,no_formula,transport,chebi:63609,none,1
chebi:64477,monolignol,,64477,MNXM1095651,,monolignol,,,no_formula,transport,chebi:64477,none,1
chebi:64608,GDP-fucose,,64608,MNXM54806,,gdp-fucose,,,no_formula,transport,chebi:64608,none,1
chebi:64611,ether lipid,,64611,MNXM52698,,ether lipid,,,no_formula,transport,chebi:64611,none,1
chebi:64627,microcin,,64627,MNXM62103,,microcin,,,no_formula,transport,chebi:64627,none,1
chebi:68452,azole,,68452,MNXM102944,,azole,,,no_formula,transport,chebi:68452,none,1
chebi:68487,strigolactone,,68487,MNXM109059,,strigolactone,,,no_formula,transport,chebi:68487,none,1
chebi:71644,lantibiotic,,71644,MNXM106060,,lantibiotic,,,no_formula,transport,chebi:71644,none,1
chebi:72316,virulence factor,,72316,MNXM1095782,,virulence factor,,,no_formula,transport,chebi:72316,none,1
chebi:72813,exopolysaccharide,,72813,MNXM125599,,exopolysaccharide,,,no_formula,transport,chebi:72813,none,1
chebi:73702,wax,,73702,MNXM162148,,wax,,,no_formula,transport,chebi:73702,none,1
chebi:73913,antifolate,,73913,MNXM1095828,,antifolate,,,no_formula,transport,chebi:73913,none,1
chebi:74266,N-acylurea,,74266,MNXM158472,,n-acylurea,,,no_formula,transport,chebi:74266,none,1
chebi:7507,neomycin,,7507,MNXM64387,,neomycin,,,no_formula,transport,chebi:7507,none,1
chebi:75980,single-stranded DNA polynucleotide,,75980,MNXM161069,,single-stranded dna polynucleotide,,,no_formula,transport,chebi:75980,none,1
chebi:8005,peptidoglycan,,8005,MNXM732318,,peptidoglycan,,,no_formula,transport,chebi:8005,none,1
chebi:82802,agrocinopine,,82802,MNXM151832,,agrocinopine,,,no_formula,transport,chebi:82802,none,1
chebi:82863,fenticonazole,,82863,MNXM156031,,fenticonazole,,,no_formula,transport,chebi:82863,none,1
chebi:83164,non-polar lipid,,83164,MNXM158760,,non-polar lipid,,,no_formula,transport,chebi:83164,none,1
chebi:83947,diazaborine derivative,,83947,MNXM155290,,diazaborine derivative,,,no_formula,transport,chebi:83947,none,1
chebi:84046,pyoverdine,,84046,MNXM160669,,pyoverdine,,,no_formula,transport,chebi:84046,none,1
chebi:84688,Fe(III)-complexed hydroxamate siderophore,,84688,MNXM156008,,fe(iii)-complexed hydroxamate siderophore,,,no_formula,transport,chebi:84688,none,1
chebi:84734,Fe(III)-complexed siderophore,,84734,MNXM156009,,fe(iii)-complexed siderophore,,,no_formula,transport,chebi:84734,none,1
chebi:85274,pristinamycin,,85274,MNXM160490,,pristinamycin,,,no_formula,transport,chebi:85274,none,1
chebi:86494,botanical anti-fungal agent,,86494,MNXM152888,,botanical anti-fungal agent,,,no_formula,transport,chebi:86494,none,1
chebi:87208,anilinopyrimidine fungicide,,87208,MNXM152273,,anilinopyrimidine fungicide,,,no_formula,transport,chebi:87208,none,1
chebi:87211,fluoroquinolone antibiotic,,87211,MNXM156111,,fluoroquinolone antibiotic,,,no_formula,transport,chebi:87211,none,1
chebi:87631,statin,,87631,MNXM161285,,statin,,,no_formula,transport,chebi:87631,none,1
chebi:2580,unsaturated fatty acid anion,,2580,MNXM88531,,unsaturated fatty acid anion,,,no_formula,transport,chebi:2580,none,1
chebi:60270,caesium ion,,60270,MNXM45179,,caesium ion,,,no_formula,transport,chebi:60270,none,1
chebi:63248,oxidising agent,,63248,MNXM1095605,,oxidising agent,,,no_formula,transport,chebi:63248,none,1
chebi:10800,"(1,4-beta-D-glucosyl)n",,10800,MNXM733730,,"(1,4-beta-d-glucosyl)n",,,no_formula,transport,chebi:10800,none,1
chebi:27092,tricarboxylic acid trianion,,27092,MNXM87795,,tricarboxylic acid trianion,,,no_formula,transport,chebi:27092,none,1
chebi:38083,malonate ester,,38083,MNXM61007,,malonate ester,,,no_formula,transport,chebi:38083,none,1
chebi:46990,4-amino-4-deoxy-L-arabinose,,46990,MNXM735041,,4-amino-4-deoxy-l-arabinose,,,no_formula,transport,chebi:46990,none,1
chebi:53463,heptasaccharide,,53463,MNXM56152,,heptasaccharide,,,no_formula,transport,chebi:53463,none,1
chebi:12936,D-galactose,,12936,MNXM735266,,d-galactose,,,no_formula,transport,chebi:12936,none,1
chebi:27350,xyloside,,27350,MNXM89226,,xyloside,,,no_formula,transport,chebi:27350,none,1
chebi:35312,pentoside,,35312,MNXM73259,,pentoside,,,no_formula,transport,chebi:35312,none,1
chebi:59640,N-acetylglucosamine,,59640,MNXM63553,,n-acetylglucosamine,,,no_formula,transport,chebi:59640,none,1
chebi:74035,small nuclear RNA,,74035,MNXM161080,,small nuclear rna,,,no_formula,transport,chebi:74035,none,1
chebi:14407,cytochrome c,,14407,MNXM731977,,cytochrome c,,,no_formula,transport,chebi:14407,none,1
chebi:23844,disaccharide,,23844,MNXM51234,,disaccharide,,,no_formula,transport,chebi:23844,none,1
chebi:25155,manganese cation,,25155,MNXM61087,,manganese cation,,,no_formula,transport,chebi:25155,none,1
chebi:60963,colanic acid,,60963,MNXM11146,,colanic acid,,,no_formula,transport,chebi:60963,none,1
chebi:22921,brassinosteroid,,22921,MNXM44674,,brassinosteroid,,,no_formula,transport,chebi:22921,none,1
chebi:22632,arsenic molecular entity,,22632,MNXM42642,,arsenic molecular entity,,,no_formula,transport,chebi:22632,none,1
chebi:24402,glycosphingolipid,,24402,MNXM738137,,glycosphingolipid,,,no_formula,transport,chebi:24402,none,1
chebi:60971,aminophospholipid,,60971,MNXM1076,,aminophospholipid,,,no_formula,transport,chebi:60971,none,1
kegg.compound:C02745,Reduced flavodoxin,C02745,,MNXM727503,,reduced flavodoxin,,,no_formula,metabolism,kegg.compound:C02745,none,1
kegg.compound:C02869,Oxidized flavodoxin,C02869,,MNXM727219,,oxidized flavodoxin,,,no_formula,metabolism,kegg.compound:C02869,none,1
kegg.compound:C05359,e-,C05359,10545,MNXM861,,e-,,,no_formula,metabolism | transport,kegg.compound:C05359,none,1
kegg.compound:C00505,Gentamicin,C00505,14293,MNXM7374,,gentamicin,,,no_formula,transport,kegg.compound:C00505,none,1
kegg.compound:C01356,Lipid,C01356,14517,MNXM12117,,lipid,,,no_formula,transport,kegg.compound:C01356,none,1
kegg.compound:C01579,Flavonoid,C01579,13638,MNXM11588,,flavonoid,,,no_formula,transport,kegg.compound:C01579,none,1
kegg.compound:C01667,Bacitracin,C01667,22684,MNXM10768,,bacitracin,,,no_formula,transport,kegg.compound:C01667,none,1
kegg.compound:C05005,Glycolipid,C05005,24393,MNXM4601,,glycolipid,,,no_formula,transport,kegg.compound:C05005,none,1
kegg.compound:C05799,Bacteriochlorophylls,C05799,22687,MNXM43246,,bacteriochlorophylls,,,no_formula,transport,kegg.compound:C05799,none,1
kegg.compound:C05996,Branched chain fatty acid,C05996,22919,MNXM5646,,branched chain fatty acid,,,no_formula,transport,kegg.compound:C05996,none,1
kegg.compound:C06084,Hopanoid,C06084,24620,MNXM11831,,hopanoid,,,no_formula,transport,kegg.compound:C06084,none,1
kegg.compound:C06702,Polyamine,C06702,26176,MNXM77597,,polyamine,,,no_formula,transport,kegg.compound:C06702,none,1
kegg.compound:C06706,Lipo-oligosaccharide,C06706,25053,MNXM60215,,lipo-oligosaccharide,,,no_formula,transport,kegg.compound:C06706,none,1
kegg.compound:C06707,Teichoic acid,C06707,26866,MNXM83488,,teichoic acid,,,no_formula,transport,kegg.compound:C06707,none,1
kegg.compound:C00996,Ferricytochrome b5,C00996,,MNXM726598,,ferricytochrome b5,,,no_formula,metabolism,kegg.compound:C00996,none,1
kegg.compound:C00999,Ferrocytochrome b5,C00999,,MNXM726616,,ferrocytochrome b5,,,no_formula,metabolism,kegg.compound:C00999,none,1
kegg.compound:C15602,Quinone,C15602,,MNXM1776,,quinone,,,no_formula,metabolism,kegg.compound:C15602,none,1
kegg.compound:C17023,Sulfur donor,C17023,80867,MNXM4111,,sulfur donor,,,no_formula,metabolism,kegg.compound:C17023,none,1
kegg.compound:C22150,Reduced [2Fe-2S] ferredoxin,C22150,,MNXM1096341,,reduced [2fe-2s] ferredoxin,,,no_formula,metabolism,kegg.compound:C22150,none,1
kegg.compound:C22151,Oxidized [2Fe-2S] ferredoxin,C22151,,MNXM1096342,,oxidized [2fe-2s] ferredoxin,,,no_formula,metabolism,kegg.compound:C22151,none,1
kegg.compound:C22154,[Fe-S] cluster scaffold protein carrying a [4Fe-4S]2+ cluster,C22154,,MNXM1096343,,[fe-s] cluster scaffold protein carrying a [4fe-4s]2+ cluster,,,no_formula,metabolism,kegg.compound:C22154,none,1
kegg.compound:C22155,[Fe-S] cluster scaffold protein,C22155,,MNXM1096344,,[fe-s] cluster scaffold protein,,,no_formula,metabolism,kegg.compound:C22155,none,1
kegg.compound:C00001,H2O,C00001,10743,WATER,XLYOFNOQVPJJNP-UHFFFAOYSA-N,h2o,H2O,H | O,no_N,metabolism | transport,kegg.compound:C00001,none,1
kegg.compound:C00080,H+,C00080,10744,MNXM1,GPRLSGONYQIRFK-UHFFFAOYSA-N,h+,H,H,no_N,metabolism | transport,kegg.compound:C00080,none,1
kegg.compound:C00013,Diphosphate,C00013,13420,MNXM11,XPPKVPWEQAFLFU-UHFFFAOYSA-K,diphosphate,HO7P2,H | O | P,no_N,metabolism | transport,kegg.compound:C00013,none,1
kegg.compound:C00009,Orthophosphate,C00009,14791,MNXM9,NBIIXXVUZAFLBC-UHFFFAOYSA-L,orthophosphate,HO4P,H | O | P,no_N,metabolism | transport,kegg.compound:C00009,none,1
kegg.compound:C00011,CO2,C00011,13282,MNXM13,CURLTUGMZLYLDI-UHFFFAOYSA-N,co2,CO2,C | O,no_N,metabolism | transport,kegg.compound:C00011,none,1
kegg.compound:C00007,Oxygen,C00007,10745,MNXM735438,MYMOFIZGZYHOMD-UHFFFAOYSA-N,oxygen,O2,O,no_N,metabolism | transport,kegg.compound:C00007,none,1
kegg.compound:C00022,Pyruvate,C00022,14987,MNXM23,LCTONWCANYUPML-UHFFFAOYSA-M,pyruvate,C3H3O3,C | H | O,no_N,metabolism | transport,kegg.compound:C00022,none,1
kegg.compound:C00026,2-Oxoglutarate,C00026,11638,MNXM1368744,KPGXRSRHYNQIFN-UHFFFAOYSA-L,2-oxoglutarate,C5H4O5,C | H | O,no_N,metabolism | transport | metabolomics,kegg.compound:C00026,none,1
kegg.compound:C00118,D-Glyceraldehyde 3-phosphate,C00118,12983,MNXM1372045,LXJXRIRHZLFYRP-VKHMYHEASA-L,d-glyceraldehyde 3-phosphate,C3H5O6P,C | H | O | P,no_N,metabolism,kegg.compound:C00118,none,1
kegg.compound:C00033,Acetate,C00033,13704,MNXM26,QTBSBXVTEAMEQO-UHFFFAOYSA-M,acetate,C2H3O2,C | H | O,no_N,metabolism | transport,kegg.compound:C00033,none,1
kegg.compound:C00039,DNA,C00039,13302,MNXM634,,dna,C15H25O13P2*3,C | H | O | P,no_N,metabolism | transport,kegg.compound:C00039,none,1
kegg.compound:C00119,5-Phospho-alpha-D-ribose 1-diphosphate,C00119,12159,MNXM1104453,PQGCEDQWHSBAJP-TXICZTDVSA-I,5-phospho-alpha-d-ribose 1-diphosphate,C5H8O14P3,C | H | O | P,no_N,metabolism,kegg.compound:C00119,none,1
kegg.compound:C00109,2-Oxobutanoate,C00109,11636,MNXM159,TYEYBOSBBBHJIV-UHFFFAOYSA-M,2-oxobutanoate,C4H5O3,C | H | O,no_N,metabolism | transport,kegg.compound:C00109,none,1
kegg.compound:C00138,Reduced ferredoxin,C00138,15024,MNXM169,,reduced ferredoxin,Fe2S2*8,Fe | S,no_N,metabolism,kegg.compound:C00138,none,1
kegg.compound:C00139,Oxidized ferredoxin,C00139,14717,MNXM178,,oxidized ferredoxin,Fe2S2*8,Fe | S,no_N,metabolism,kegg.compound:C00139,none,1
kegg.compound:C00027,Hydrogen peroxide,C00027,13354,MNXM732620,MHAJPDPJQMAIIY-UHFFFAOYSA-N,hydrogen peroxide,H2O2,H | O,no_N,metabolism | transport,kegg.compound:C00027,none,1
kegg.compound:C00074,Phosphoenolpyruvate,C00074,14812,MNXM73,DTBNBXWJWCWCIK-UHFFFAOYSA-K,phosphoenolpyruvate,C3H2O6P,C | H | O | P,no_N,metabolism | transport | metabolomics,kegg.compound:C00074,none,1
kegg.compound:C00058,Formate,C00058,14276,MNXM39,BDAGIHXWWSANSR-UHFFFAOYSA-M,formate,CHO2,C | H | O,no_N,metabolism | transport,kegg.compound:C00058,none,1
kegg.compound:C00042,Succinate,C00042,132287,MNXM25,KDYFGRWQOYBRFD-UHFFFAOYSA-L,succinate,C4H4O4,C | H | O,no_N,metabolism | transport | metabolomics,kegg.compound:C00042,none,1
kegg.compound:C00117,D-Ribose 5-phosphate,C00117,10270,MNXM1363910,KTVPXOYAKDPRHY-AIHAYLRMSA-N,d-ribose 5-phosphate,C5H11O8P,C | H | O | P,no_N,metabolism | metabolomics,kegg.compound:C00117,none,1
kegg.compound:C00084,Acetaldehyde,C00084,13703,MNXM75,IKHGUXGNUITLKF-UHFFFAOYSA-N,acetaldehyde,C2H4O,C | H | O,no_N,metabolism,kegg.compound:C00084,none,1
kegg.compound:C00094,Sulfite,C00094,13367,MNXM726339,LSNNMFCWUKXFEE-UHFFFAOYSA-L,sulfite,O3S,O | S,no_N,metabolism | transport,kegg.compound:C00094,none,1
kegg.compound:C00036,Oxaloacetate,C00036,12820,MNXM46,KHPXUQMNIQBQEV-UHFFFAOYSA-L,oxaloacetate,C4H2O5,C | H | O,no_N,metabolism | transport,kegg.compound:C00036,none,1
kegg.compound:C00085,D-Fructose 6-phosphate,C00085,10375,MNXM1107898,BGWGXPAPYGQALX-ARQDHWQXSA-L,d-fructose 6-phosphate,C6H11O9P,C | H | O | P,no_N,metabolism | metabolomics,kegg.compound:C00085,none,1
kegg.compound:C00103,D-Glucose 1-phosphate,C00103,10246,MNXM1364214,HXXFSFRBOHSIMQ-VFUOTHLCSA-L,d-glucose 1-phosphate,C6H11O9P,C | H | O | P,no_N,metabolism | metabolomics,kegg.compound:C00103,none,1
kegg.compound:C00031,D-Glucose,C00031,4167,MNXM1364061,WQZGKKKJIJFFOK-GASJEMHNSA-N,d-glucose,C6H12O6,C | H | O,no_N,metabolism | transport,kegg.compound:C00031,none,1
kegg.compound:C00122,Fumarate,C00122,14284,MNXM737340,VZCYOOQTPOCHFL-OWOJBTEDSA-L,fumarate,C4H2O4,C | H | O,no_N,metabolism | transport | metabolomics,kegg.compound:C00122,none,1
kegg.compound:C00048,Glyoxylate,C00048,14368,MNXM69,HHLFWLYXYJOTON-UHFFFAOYSA-M,glyoxylate,C2HO3,C | H | O,no_N,metabolism | transport,kegg.compound:C00048,none,1
kegg.compound:C00141,3-Methyl-2-oxobutanoic acid,C00141,11851,MNXM732866,QHKABHOOEWYVLI-UHFFFAOYSA-M,3-methyl-2-oxobutanoic acid,C5H7O3,C | H | O,no_N,metabolism | transport | metabolomics,kegg.compound:C00141,none,1
kegg.compound:C00093,sn-Glycerol 3-phosphate,C00093,10648,MNXM66,AWUCVROLDVIAJX-GSVOUGTGSA-L,sn-glycerol 3-phosphate,C3H7O6P,C | H | O | P,no_N,metabolism | transport | metabolomics,kegg.compound:C00093,none,1
kegg.compound:C00046,RNA,C00046,11126,MNXM90337,,rna,C15H26O19P3*3,C | H | O | P,no_N,metabolism | transport,kegg.compound:C00046,none,1
kegg.compound:C00095,D-Fructose,C00095,37721,MNXM1363862,RFSUNEUAIZKAJO-VRPWFDPXSA-N,d-fructose,C6H12O6,C | H | O,no_N,metabolism,kegg.compound:C00095,none,1
kegg.compound:C00166,Phenylpyruvate,C00166,12821,MNXM730221,BTNMPGBKDVTSJY-UHFFFAOYSA-M,phenylpyruvate,C9H7O3,C | H | O,no_N,metabolism,kegg.compound:C00166,none,1
kegg.compound:C00111,Glycerone phosphate,C00111,14341,MNXM77,GNGACRATGGDKBX-UHFFFAOYSA-L,glycerone phosphate,C3H5O6P,C | H | O | P,no_N,metabolism | metabolomics,kegg.compound:C00111,none,1
kegg.compound:C00092,D-Glucose 6-phosphate,C00092,14314,MNXM1364111,NBSCHQHZLSJFNQ-GASJEMHNSA-L,d-glucose 6-phosphate,C6H11O9P,C | H | O | P,no_N,metabolism | transport | metabolomics,kegg.compound:C00092,none,1
kegg.compound:C00129,Isopentenyl diphosphate,C00129,128769,MNXM83,NUHSROFQTUXZQQ-UHFFFAOYSA-K,isopentenyl diphosphate,C5H9O7P2,C | H | O | P,no_N,metabolism,kegg.compound:C00129,none,1
kegg.compound:C00071,Aldehyde,C00071,13432,MNXM277,,aldehyde,CHO*,C | H | O,no_N,metabolism,kegg.compound:C00071,none,1
kegg.compound:C00160,Glycolate,C00160,14348,MNXM222,AEMRFAOFKBGASW-UHFFFAOYSA-M,glycolate,C2H3O3,C | H | O,no_N,metabolism | transport,kegg.compound:C00160,none,1
kegg.compound:C00149,(S)-Malate,C00149,11066,MNXM1107192,BJEPYKJPYRNKOW-REOHCLBHSA-L,(s)-malate,C4H4O5,C | H | O,no_N,metabolism | transport | metabolomics,kegg.compound:C00149,none,1
kegg.compound:C00156,4-Hydroxybenzoate,C00156,12003,MNXM164,FJKROLUGYXJWQN-UHFFFAOYSA-M,4-hydroxybenzoate,C7H5O3,C | H | O,no_N,metabolism | transport | metabolomics,kegg.compound:C00156,none,1
kegg.compound:C00059,Sulfate,C00059,15135,MNXM58,QAOWNCQODCNURD-UHFFFAOYSA-L,sulfate,O4S,O | S,no_N,metabolism | transport,kegg.compound:C00059,none,1
kegg.compound:C00158,Citrate,C00158,132362,MNXM1107752,KRKNYBCHXYNGOX-UHFFFAOYSA-K,citrate,C6H5O7,C | H | O,no_N,metabolism | metabolomics,kegg.compound:C00158,none,1
kegg.compound:C00089,Sucrose,C00089,15128,MNXM1104180,CZMRCDWAGMRECN-UGDNZRGBSA-N,sucrose,C12H22O11,C | H | O,no_N,metabolism | transport | metabolomics,kegg.compound:C00089,none,1
kegg.compound:C00163,Propanoate,C00163,14903,MNXM1094052,XBDQKXXYIPTUBI-UHFFFAOYSA-M,propanoate,C3H5O2,C | H | O,no_N,metabolism | transport,kegg.compound:C00163,none,1
kegg.compound:C00137,myo-Inositol,C00137,10601,MNXM1105941,CDAISMWEOUEBRE-GPIVLXJGSA-N,myo-inositol,C6H12O6,C | H | O,no_N,metabolism | transport,kegg.compound:C00137,none,1
kegg.compound:C00164,Acetoacetate,C00164,13705,MNXM729595,WDJHALXBUFZDSR-UHFFFAOYSA-M,acetoacetate,C4H5O3,C | H | O,no_N,metabolism | transport,kegg.compound:C00164,none,1
kegg.compound:C00116,Glycerol,C00116,131422,MNXM89612,PEDCQBHIVMGVHV-UHFFFAOYSA-N,glycerol,C3H8O3,C | H | O,no_N,metabolism | transport,kegg.compound:C00116,none,1
kegg.compound:C00124,D-Galactose,C00124,4139,MNXM1108176,WQZGKKKJIJFFOK-SVZMEOIVSA-N,d-galactose,C6H12O6,C | H | O,no_N,metabolism | transport,kegg.compound:C00124,none,1
kegg.compound:C00121,D-Ribose,C00121,4233,MNXM1108051,HMFHBZSHGGEWLO-SOOFDHNKSA-N,d-ribose,C5H10O5,C | H | O,no_N,metabolism | transport,kegg.compound:C00121,none,1
kegg.compound:C00159,D-Mannose,C00159,4208,MNXM1364107,WQZGKKKJIJFFOK-QTVWNMPRSA-N,d-mannose,C6H12O6,C | H | O,no_N,metabolism | transport,kegg.compound:C00159,none,1
chebi:10022,deoxynivalenol,,10022,MNXM1108435,LINOMUASTDIRTM-QGRHZQQGSA-N,deoxynivalenol,C15H20O6,C | H | O,no_N,transport,chebi:10022,none,1
chebi:10077,Xylan,,10077,MNXM9242,,xylan,C10H15O8*5,C | H | O,no_N,transport,chebi:10077,none,1
chebi:10809,"(1,4-alpha-D-glucosyl)n",,10809,MNXM727731,WQZGKKKJIJFFOK-DVKNGEFBSA-N,"(1,4-alpha-d-glucosyl)n",C6H12O6,C | H | O,no_N,transport,chebi:10809,none,1
chebi:11097,poly[(1->4)-beta-D-mannuronic acid],,11097,MNXM728652,AEMOLEFTQBMNLQ-SYJWYVCOSA-N,poly[(1->4)-beta-d-mannuronic acid],C6H10O7,C | H | O,no_N,transport,chebi:11097,none,1
chebi:11685,resveratrol,,11685,MNXM727882,LUKBXSAWLPMMSZ-UHFFFAOYSA-N,resveratrol,C14H12O3,C | H | O,no_N,transport,chebi:11685,none,1
chebi:11978,4-coumarate,,11978,MNXM1370020,NGSWKAQJJWESNS-UHFFFAOYSA-M,4-coumarate,C9H7O3,C | H | O,no_N,transport,chebi:11978,none,1
chebi:12926,keto-D-fructose 6-phosphate,,12926,MNXM89629,GSXOAOHZAIYLCY-HSUXUTPPSA-L,keto-d-fructose 6-phosphate,C6H11O9P,C | H | O | P,no_N,transport,chebi:12926,none,1
chebi:12967,D-glucopyranose 1-phosphate,,12967,MNXM1364212,HXXFSFRBOHSIMQ-GASJEMHNSA-L,d-glucopyranose 1-phosphate,C6H11O9P,C | H | O | P,no_N,transport,chebi:12967,none,1
chebi:13004,D-mannuronate,,13004,MNXM726851,IAJILQKETJEXLJ-MBMOQRBOSA-M,d-mannuronate,C6H9O7,C | H | O,no_N,transport,chebi:13004,none,1
chebi:13014,a ribonucleoside,,13014,MNXM730837,,a ribonucleoside,C5H9O4*,C | H | O,no_N,transport,chebi:13014,none,1
chebi:13033,aldehydo-D-xylose,,13033,MNXM734573,PYMYPHUHKUWMLA-VPENINKCSA-N,aldehydo-d-xylose,C5H10O5,C | H | O,no_N,transport,chebi:13033,none,1
chebi:131461,3-bromo-2-oxopropanoic acid,,131461,MNXM36352,PRRZDZJYSJLDBS-UHFFFAOYSA-N,3-bromo-2-oxopropanoic acid,C3H3BrO3,Br | C | H | O,no_N,transport,chebi:131461,none,1
chebi:13160,L-rhamnose,,13160,MNXM733619,PNNNRSAQSRJVSB-BXKVDMCESA-N,l-rhamnose,C6H12O5,C | H | O,no_N,transport,chebi:13160,none,1
chebi:133291,a dicarboxylate,,133291,MNXM735802,,a dicarboxylate,C2O4*,C | O,no_N,transport,chebi:133291,none,1
chebi:13633,fatty acid,,13633,MNXM739613,,fatty acid,CHO2*,C | H | O,no_N,transport,chebi:13633,none,1
chebi:13655,long-chain fatty acid,,13655,MNXM726855,,long-chain fatty acid,CHO2*,C | H | O,no_N,transport,chebi:13655,none,1
chebi:13657,a monocarboxylate,,13657,MNXM739614,,a monocarboxylate,CO2*,C | O,no_N,transport,chebi:13657,none,1
chebi:13661,a nucleoside,,13661,MNXM730838,,a nucleoside,C5H8O3*2,C | H | O,no_N,transport,chebi:13661,none,1
chebi:13687,a steroid,,13687,MNXM739430,,a steroid,C19H31*,C | H,no_N,transport,chebi:13687,none,1
chebi:13688,a sterol,,13688,MNXM740643,,a sterol,C19H31O*,C | H | O,no_N,transport,chebi:13688,none,1
chebi:13755,an aldose,,13755,MNXM733549,MNQZXJOMYWMBOU-UHFFFAOYSA-N,an aldose,C3H6O3,C | H | O,no_N,transport,chebi:13755,none,1
chebi:13817,an aromatic carboxylate,,13817,MNXM96125,,an aromatic carboxylate,CO2*,C | O,no_N,transport,chebi:13817,none,1
chebi:13819,an aromatic aldehyde,,13819,MNXM5058,,an aromatic aldehyde,CHO*,C | H | O,no_N,transport,chebi:13819,none,1
chebi:13967,chlorate,,13967,MNXM1108150,TYJXBNGPLHOYOB-UHFFFAOYSA-N,chlorate,ClO3,Cl | O,no_N,transport,chebi:13967,none,1
chebi:13983,a cholesterol ester,,13983,MNXM1108465,,a cholesterol ester,C28H45O2*,C | H | O,no_N,transport,chebi:13983,none,1
chebi:14313,glucose,,14313,MNXM7381,WQZGKKKJIJFFOK-UWWPDOAWSA-N,glucose,C6H12O6,C | H | O,no_N,transport,chebi:14313,none,1
chebi:14582,a menaquinone,,14582,MNXM166,ABSPRNADVQNDOU-UHFFFAOYSA-N,a menaquinone,C16H16O2,C | H | O,no_N,transport,chebi:14582,none,1
chebi:146017,cercosporin,,146017,MNXM1107359,DGAZLNHJYDOWLG-GHMZBOCLSA-N,cercosporin,C29H26O10,C | H | O,no_N,transport,chebi:146017,none,1
chebi:15255,a triacylglycerol,,15255,MNXM732992,,a triacylglycerol,C6H5O6*3,C | H | O,no_N,transport,chebi:15255,none,1
chebi:176584,arsenic atom,,176584,MNXM42640,RQNWIZPPADIBDY-UHFFFAOYSA-N,arsenic atom,As,As,no_N,transport,chebi:176584,none,1
chebi:176600,aluminium(3+),,176600,MNXM729497,REDXJYDRNCIFBQ-UHFFFAOYSA-N,aluminium(3+),Al,Al,no_N,transport,chebi:176600,none,1
chebi:176629,Cd(2+),,176629,MNXM733186,WLZRMCYVCSSEQC-UHFFFAOYSA-N,cd(2+),Cd,Cd,no_N,transport,chebi:176629,none,1
chebi:177275,hydratropic acid,,177275,MNXM18580,YPGCWEMNNLXISK-UHFFFAOYSA-N,hydratropic acid,C9H10O2,C | H | O,no_N,transport,chebi:177275,none,1
chebi:19556,aldehydo-2-deoxy-D-ribose,,19556,MNXM1371288,ASJSAQIRZKANQN-CRCLSJGQSA-N,aldehydo-2-deoxy-d-ribose,C5H10O4,C | H | O,no_N,transport,chebi:19556,none,1
chebi:23489,alpha-cyclodextrin,,23489,MNXM740657,HFHDHCJBZVLPGP-LBNUIUJVSA-N,alpha-cyclodextrin,C36H60O30,C | H | O,no_N,transport,chebi:23489,none,1
chebi:24280,alpha-D-glucosyl group,,24280,MNXM41172,,alpha-d-glucosyl group,C6H11O5*,C | H | O,no_N,transport,chebi:24280,none,1
chebi:24846,an inositol phosphate,,24846,MNXM57445,INAPMGSXUVUWAF-UHFFFAOYSA-L,an inositol phosphate,C6H11O9P,C | H | O | P,no_N,transport,chebi:24846,none,1
chebi:24848,inositol,,24848,MNXM727692,CDAISMWEOUEBRE-UHFFFAOYSA-N,inositol,C6H12O6,C | H | O,no_N,transport,chebi:24848,none,1
chebi:25145,maltotetraose,,25145,MNXM738268,UYQJCPNSAVWAFU-KVXMBEGHSA-N,maltotetraose,C24H42O21,C | H | O,no_N,transport,chebi:25145,none,1
chebi:25368,molybdate,,25368,MNXM726092,MEFBJEMVZONFCJ-UHFFFAOYSA-N,molybdate,MoO4,Mo | O,no_N,transport,chebi:25368,none,1
chebi:25675,oligomycin,,25675,MNXM65487,,oligomycin,C43H64O10*5,C | H | O,no_N,transport,chebi:25675,none,1
chebi:25940,a peroxide,,25940,MNXM732619,,a peroxide,O2*2,O,no_N,transport,chebi:25940,none,1
chebi:26666,a short-chain fatty acid,,26666,MNXM81996,,a short-chain fatty acid,CO2*,C | O,no_N,transport,chebi:26666,none,1
chebi:26708,sodium atom,,26708,MNXM82334,KEAYESYHFKHZAL-UHFFFAOYSA-N,sodium atom,Na,Na,no_N,transport,chebi:26708,none,1
chebi:27315,a fatty acid ester,,27315,MNXM1107661,,a fatty acid ester,CO2*2,C | O,no_N,transport,chebi:27315,none,1
chebi:29197,phosphite(3-),,29197,MNXM731420,AQSJGOWTSHOLKH-UHFFFAOYSA-N,phosphite(3-),O3P,O | P,no_N,transport,chebi:29197,none,1
chebi:29214,sulfonic acid,,29214,MNXM726340,BDHFUVZGWQCTTF-UHFFFAOYSA-N,sulfonic acid,H2O3S,H | O | S,no_N,transport,chebi:29214,none,1
chebi:30051,Ag(+),,30051,MNXM727888,FOIXSVOLVBLSDH-UHFFFAOYSA-N,ag(+),Ag,Ag,no_N,transport,chebi:30051,none,1
chebi:30143,Li(+),,30143,MNXM2690,HBBGRARXTFLTSG-UHFFFAOYSA-N,li(+),Li,Li,no_N,transport,chebi:30143,none,1
chebi:30295,antimonate(3-),,30295,MNXM735889,RBGMCBHGBSZGGM-UHFFFAOYSA-N,antimonate(3-),O4Sb,O | Sb,no_N,transport,chebi:30295,none,1
chebi:30297,antimonite,,30297,MNXM735892,JXYAODGLKNBUTA-UHFFFAOYSA-N,antimonite,O3Sb,O | Sb,no_N,transport,chebi:30297,none,1
chebi:30452,tellurium atom,,30452,MNXM83526,PORWMNRCUJJQNO-UHFFFAOYSA-N,tellurium atom,Te,Te,no_N,transport,chebi:30452,none,1
chebi:30465,tellurite,,30465,MNXM1094276,SITVSCPRJNYAGV-UHFFFAOYSA-L,tellurite,O3Te,O | Te,no_N,transport,chebi:30465,none,1
chebi:30518,tungstate,,30518,MNXM741004,PBYZMCDFOULPGH-UHFFFAOYSA-N,tungstate,O4W,O | W,no_N,transport,chebi:30518,none,1
chebi:320061,methyl alpha-D-glucopyranoside,,320061,MNXM730507,HOVAGTYPODGVJG-ZFYZTMLRSA-N,methyl alpha-d-glucopyranoside,C7H14O6,C | H | O,no_N,transport,chebi:320061,none,1
chebi:33126,Cs(+),,33126,MNXM154954,NCMHKCKGHRPLCM-UHFFFAOYSA-N,cs(+),Cs,Cs,no_N,transport,chebi:33126,none,1
chebi:33927,L-allopyranose,,33927,MNXM59282,WQZGKKKJIJFFOK-HOWGCPQDSA-N,l-allopyranose,C6H12O6,C | H | O,no_N,transport,chebi:33927,none,1
chebi:35461,alpha-lactose,,35461,MNXM1104434,GUBGYTABKSRVRQ-XLOQQCSPSA-N,alpha-lactose,C12H22O11,C | H | O,no_N,transport,chebi:35461,none,1
chebi:35673,abietane,,35673,MNXM39875,STIVVCHBLMGYSL-ZYNAIFEFSA-N,abietane,C20H36,C | H,no_N,transport,chebi:35673,none,1
chebi:36064,taxane,,36064,MNXM83389,DKPFODGZWDEEBT-QFIAKTPHSA-N,taxane,C20H36,C | H,no_N,transport,chebi:36064,none,1
chebi:36614,grayanotoxane,,36614,MNXM55670,OPCBUBFCCPXFES-NPMIKPEISA-N,grayanotoxane,C20H34,C | H,no_N,transport,chebi:36614,none,1
chebi:36924,antimonate(2-),,36924,MNXM735891,RYAGSZIYMKBMMC-UHFFFAOYSA-M,antimonate(2-),HO4Sb,H | O | Sb,no_N,transport,chebi:36924,none,1
chebi:37511,"phosphorothioic O,O,O-acid",,37511,MNXM75189,RYYWUUFWQRZTIU-UHFFFAOYSA-N,"phosphorothioic o,o,o-acid",H3O3PS,H | O | P | S,no_N,transport,chebi:37511,none,1
chebi:39099,calcium(1+),,39099,MNXM45245,JDMNMMCDWTVNSP-UHFFFAOYSA-N,calcium(1+),Ca,Ca,no_N,transport,chebi:39099,none,1
chebi:39149,4-oxopentanoate,,39149,MNXM37702,JOOXCMJARBKPKM-UHFFFAOYSA-M,4-oxopentanoate,C5H7O3,C | H | O,no_N,transport,chebi:39149,none,1
chebi:40944,"2,3,5-triiodobenzoic acid",,40944,MNXM150341,ZMZGFLUUZLELNE-UHFFFAOYSA-N,"2,3,5-triiodobenzoic acid",C7H3I3O2,C | H | I | O,no_N,transport,chebi:40944,none,1
chebi:42630,propylbenzene,,42630,MNXM78247,ODLMAHJVESYWTB-UHFFFAOYSA-N,propylbenzene,C9H12,C | H,no_N,transport,chebi:42630,none,1
chebi:43601,isopropyl beta-D-thiogalactopyranoside,,43601,MNXM58144,BPHPUYQFMNQIOC-NXRLNHOXSA-N,isopropyl beta-d-thiogalactopyranoside,C9H18O5S,C | H | O | S,no_N,transport,chebi:43601,none,1
chebi:46241,ubiquinone-10,,46241,MNXM1364539,ACTIUHUUMQJHFO-UPTCCGCDSA-N,ubiquinone-10,C59H90O4,C | H | O,no_N,transport,chebi:46241,none,1
chebi:46477,methyl vanillate,,46477,MNXM61813,BVWTXUYLKBHMOX-UHFFFAOYSA-N,methyl vanillate,C9H10O4,C | H | O,no_N,transport,chebi:46477,none,1
chebi:46953,an alpha-D-galactoside,,46953,MNXM41032,,an alpha-d-galactoside,C6H11O6*,C | H | O,no_N,transport,chebi:46953,none,1
chebi:48080,brefeldin A,,48080,MNXM1369539,KQNZDYYTLMIZCT-KQPMLPITSA-N,brefeldin a,C16H24O4,C | H | O,no_N,transport,chebi:48080,none,1
chebi:51340,"2,6,10,14-tetramethylpentadecanoate",,51340,MNXM3342,PAHGJZDQXIOYTH-UHFFFAOYSA-M,"2,6,10,14-tetramethylpentadecanoate",C19H37O2,C | H | O,no_N,transport,chebi:51340,none,1
chebi:52053,eosin YS dye,,52053,MNXM155735,SEACYXSIPDVVMV-UHFFFAOYSA-L,eosin ys dye,C20H6Br4Na2O5,Br | C | H | Na | O,no_N,transport,chebi:52053,none,1
chebi:52474,sulfonate ester,,52474,MNXM83054,,sulfonate ester,H4O3S*,H | O | S,no_N,transport,chebi:52474,none,1
chebi:52646,leptomycin B,,52646,MNXM59905,YACHGFWEQXFSBS-XYERBDPFSA-N,leptomycin b,C33H48O6,C | H | O,no_N,transport,chebi:52646,none,1
chebi:53423,polysorbate 40,,53423,MNXM77770,DVRFSZFBSOKHQW-VLVMVUJHSA-N,polysorbate 40,C30H58O10,C | H | O,no_N,transport,chebi:53423,none,1
chebi:55491,glycerol 1-phosphodiester,,55491,MNXM730709,,glycerol 1-phosphodiester,C3H8O6P*,C | H | O | P,no_N,transport,chebi:55491,none,1
chebi:55517,trichothecene,,55517,MNXM87857,,trichothecene,C15H17O2*5,C | H | O,no_N,transport,chebi:55517,none,1
chebi:60523,a phosphatidylglycerol,,60523,MNXM1107654,,a phosphatidylglycerol,C8H12O10P*2,C | H | O | P,no_N,transport,chebi:60523,none,1
chebi:6078,ivermectin,,6078,MNXM738465,,ivermectin,C47H71O14*,C | H | O,no_N,transport,chebi:6078,none,1
chebi:62898,isopentenyl alcohol,,62898,MNXM58111,CPJRRXSHAYUTGL-UHFFFAOYSA-N,isopentenyl alcohol,C5H10O,C | H | O,no_N,transport,chebi:62898,none,1
chebi:63940,sodium tungstate,,63940,MNXM161228,XMVONEAAOPAGAO-UHFFFAOYSA-N,sodium tungstate,Na2O4W,Na | O | W,no_N,transport,chebi:63940,none,1
chebi:73918,3-O-methyl-D-glucose,,73918,MNXM1108157,RMTFNDVZYPHUEF-XZBKPIIZSA-N,3-o-methyl-d-glucose,C7H14O6,C | H | O,no_N,transport,chebi:73918,none,1
chebi:7912,panose,,7912,MNXM1104683,ZCLAHGAZPPEVDX-MQHGYYCBSA-N,panose,C18H32O16,C | H | O,no_N,transport,chebi:7912,none,1
chebi:84043,gallium(3+),,84043,MNXM156250,CKHJYUSOUQDYEN-UHFFFAOYSA-N,gallium(3+),Ga,Ga,no_N,transport,chebi:84043,none,1
chebi:86471,pyrite,,86471,MNXM160698,NIFIFKQPDTWWGU-UHFFFAOYSA-N,pyrite,FeS2,Fe | S,no_N,transport,chebi:86471,none,1
chebi:91033,1-O-(D-glucosyl)glycerol,,91033,MNXM413500,NHJUPBDCSOGIKX-QMWFWAMKSA-N,1-o-(d-glucosyl)glycerol,C9H18O8,C | H | O,no_N,transport | metabolomics,chebi:91033,none,1
chebi:9160,a single stranded DNA,,9160,MNXM82158,,a single stranded dna,C15H21O19P4*5,C | H | O | P,no_N,transport,chebi:9160,none,1
kegg.compound:C00023,Iron,C00023,13322,MNXM726710,XEEYBQQBJWHFJM-UHFFFAOYSA-N,iron,Fe,Fe,no_N,transport,kegg.compound:C00023,none,1
kegg.compound:C00038,Zinc cation,C00038,10113,MNXM729215,PTFCDOFLOPIGGS-UHFFFAOYSA-N,zinc cation,Zn,Zn,no_N,transport,kegg.compound:C00038,none,1
kegg.compound:C00070,Copper,C00070,23376,MNXM731165,RYGMFSIKBFXOCR-UHFFFAOYSA-N,copper,Cu,Cu,no_N,transport,kegg.compound:C00070,none,1
kegg.compound:C00076,Calcium cation,C00076,176609,MNXM128,BHPQYMZQTOCNFJ-UHFFFAOYSA-N,calcium cation,Ca,Ca,no_N,transport,kegg.compound:C00076,none,1
kegg.compound:C00162,Fatty acid,C00162,,MNXM739606,,fatty acid,CHO2*,C | H | O,no_N,metabolism,kegg.compound:C00162,none,1
kegg.compound:C00132,Methanol,C00132,14588,MNXM729799,OKKJLVBELUTLKV-UHFFFAOYSA-N,methanol,CH4O,C | H | O,no_N,metabolism,kegg.compound:C00132,none,1
kegg.compound:C00168,Hydroxypyruvate,C00168,11837,MNXM392,HHDDCCUIIUWNGJ-UHFFFAOYSA-M,hydroxypyruvate,C3H3O4,C | H | O,no_N,metabolism,kegg.compound:C00168,none,1
chebi:23037,cardiolipin,,23037,MNXM731148,,cardiolipin,C13H18O17P2*4,C | H | O | P,no_N,transport,chebi:23037,none,1
chebi:24364,glyceryl group,,24364,MNXM55325,,glyceryl group,C3H5*3,C | H,no_N,transport,chebi:24364,none,1
kegg.compound:C00066,tRNA,C00066,10652,MNXM91319,,trna,C15H25O16P2*3,C | H | O | P,no_N,transport,kegg.compound:C00066,none,1
chebi:75323,lactitol,,75323,MNXM1371212,VQHSOMBJVWLPSR-JVCRWLNRSA-N,lactitol,C12H24O11,C | H | O,no_N,transport,chebi:75323,none,1
kegg.compound:C00110,Dolichyl phosphate,C00110,14200,MNXM1107957,GYBNOAFGEKAZTA-QOLULZROSA-N,dolichyl phosphate,C25H45O4P,C | H | O | P,no_N,metabolism,kegg.compound:C00110,none,1
chebi:22908,borate,,22908,MNXM730890,BTBUEUYNUDRHOZ-UHFFFAOYSA-N,borate,BO3,B | O,no_N,transport,chebi:22908,none,1
chebi:11227,1-acyl-sn-glycerol 3-phosphate,,11227,MNXM728509,,1-acyl-sn-glycerol 3-phosphate,C4H8O7P*,C | H | O | P,no_N,transport,chebi:11227,none,1
chebi:14795,phosphatidic acid,,14795,MNXM1364414,,phosphatidic acid,C5H7O8P*2,C | H | O | P,no_N,transport,chebi:14795,none,1
chebi:75342,1-(9Z-octadecenoyl)-glycerol,,75342,MNXM1370565,RZRNAYUHWVFMIP-KTKRTIGZSA-N,1-(9z-octadecenoyl)-glycerol,C21H40O4,C | H | O,no_N,transport,chebi:75342,none,1
chebi:23231,chromate,,23231,MNXM736620,ZCDOYSPFYFSLEW-UHFFFAOYSA-N,chromate,CrO4,Cr | O,no_N,transport,chebi:23231,none,1
chebi:176566,Ca,,176566,MNXM45217,OYPRJOBELJOOCE-UHFFFAOYSA-N,ca,Ca,Ca,no_N,transport,chebi:176566,none,1
chebi:24362,a phosphoglyceride,,24362,MNXM55319,,a phosphoglyceride,C5H5O8P*3,C | H | O | P,no_N,transport,chebi:24362,none,1
chebi:24400,Glycosides,,24400,MNXM55409,LPMXVESGRSUGHW-NZMIQZKWSA-N,glycosides,C29H44O12,C | H | O,no_N,transport,chebi:24400,none,1
chebi:26216,potassium atom,,26216,MNXM77881,ZLMJMSJWJFRBEC-UHFFFAOYSA-N,potassium atom,K,K,no_N,transport,chebi:26216,none,1
chebi:29412,H3O(+),,29412,MNXM03,XLYOFNOQVPJJNP-UHFFFAOYSA-O,h3o(+),H3O,H | O,no_N,transport,chebi:29412,none,1
kegg.compound:C00229,Acyl-carrier protein,C00229,,MNXM740694,,acyl-carrier protein,H4S*,H | S,no_N,metabolism,kegg.compound:C00229,none,1
kegg.compound:C00288,HCO3-,C00288,13351,MNXM1094693,BVKZGUZCCUSVTD-UHFFFAOYSA-M,hco3-,CHO3,C | H | O,no_N,metabolism | transport,kegg.compound:C00288,none,1
kegg.compound:C00283,Hydrogen sulfide,C00283,13356,MNXM1366460,RWSOTUBLDIXVET-UHFFFAOYSA-M,hydrogen sulfide,HS,H | S,no_N,metabolism | transport,kegg.compound:C00283,none,1
kegg.compound:C05345,beta-D-Fructose 6-phosphate,C05345,10375,MNXM1107898,BGWGXPAPYGQALX-ARQDHWQXSA-L,beta-d-fructose 6-phosphate,C6H11O9P,C | H | O | P,no_N,metabolism,kegg.compound:C05345,none,1
kegg.compound:C00251,Chorismate,C00251,13993,MNXM337,WTFXTQVDAKGDEY-HTQZYQBOSA-L,chorismate,C10H8O6,C | H | O,no_N,metabolism,kegg.compound:C00251,none,1
kegg.compound:C00197,3-Phospho-D-glycerate,C00197,11879,MNXM727604,OSJPPGNTCRNQQC-UWTATZPHSA-K,3-phospho-d-glycerate,C3H4O7P,C | H | O | P,no_N,metabolism | transport | metabolomics,kegg.compound:C00197,none,1
kegg.compound:C01528,Hydrogen selenide,C01528,16503,MNXM1368697,SPVXKVOXSXTJOY-UHFFFAOYSA-M,hydrogen selenide,HSe,H | Se,no_N,metabolism | transport,kegg.compound:C01528,none,1
kegg.compound:C05223,Dodecanoyl-[acyl-carrier protein],C05223,,MNXM726234,,dodecanoyl-[acyl-carrier protein],C12H23OS*,C | H | O | S,no_N,metabolism,kegg.compound:C05223,none,1
kegg.compound:C00199,D-Ribulose 5-phosphate,C00199,13018,MNXM145,FNZLKVNUWIIPSJ-UHNVWZDZSA-L,d-ribulose 5-phosphate,C5H9O8P,C | H | O | P,no_N,metabolism | transport,kegg.compound:C00199,none,1
kegg.compound:C00279,D-Erythrose 4-phosphate,C00279,12921,MNXM258,NGHMDNPXVRFFGS-IUYQGCFVSA-L,d-erythrose 4-phosphate,C4H7O7P,C | H | O | P,no_N,metabolism,kegg.compound:C00279,none,1
kegg.compound:C01327,Hydrochloric acid,C01327,13291,MNXM735978,VEXZGXHMUGYJMC-UHFFFAOYSA-M,hydrochloric acid,Cl,Cl,no_N,metabolism,kegg.compound:C01327,none,1
kegg.compound:C04688,(3R)-3-Hydroxytetradecanoyl-[acyl-carrier protein],C04688,,MNXM728567,,(3r)-3-hydroxytetradecanoyl-[acyl-carrier protein],C14H27O2S*,C | H | O | S,no_N,metabolism,kegg.compound:C04688,none,1
kegg.compound:C00173,Acyl-[acyl-carrier protein],C00173,,MNXM729094,,acyl-[acyl-carrier protein],C3H4OS*2,C | H | O | S,no_N,metabolism,kegg.compound:C00173,none,1
kegg.compound:C00320,Thiosulfate,C00320,15242,MNXM1094289,DHCDFWKWKRSZHF-UHFFFAOYSA-M,thiosulfate,HO3S2,H | O | S,no_N,metabolism | transport,kegg.compound:C00320,none,1
kegg.compound:C06002,(S)-Methylmalonate semialdehyde,C06002,18789,MNXM1105058,VOKUMXABRRXHAR-VKHMYHEASA-M,(s)-methylmalonate semialdehyde,C4H5O3,C | H | O,no_N,metabolism,kegg.compound:C06002,none,1
kegg.compound:C05744,Acetoacetyl-[acp],C05744,2393,MNXM727386,,acetoacetyl-[acp],C4H5O2S*,C | H | O | S,no_N,metabolism,kegg.compound:C05744,none,1
kegg.compound:C01209,Malonyl-[acyl-carrier protein],C01209,14566,MNXM731937,,malonyl-[acyl-carrier protein],C3H3O3S*,C | H | O | S,no_N,metabolism,kegg.compound:C01209,none,1
kegg.compound:C11437,1-Deoxy-D-xylulose 5-phosphate,C11437,11254,MNXM622,AJPADPZSRRUGHI-RFZPGFLSSA-L,1-deoxy-d-xylulose 5-phosphate,C5H9O7P,C | H | O | P,no_N,metabolism,kegg.compound:C11437,none,1
kegg.compound:C00221,beta-D-Glucose,C00221,10397,MNXM1364060,WQZGKKKJIJFFOK-VFUOTHLCSA-N,beta-d-glucose,C6H12O6,C | H | O,no_N,metabolism,kegg.compound:C00221,none,1
kegg.compound:C01172,beta-D-Glucose 6-phosphate,C01172,10399,MNXM1105856,NBSCHQHZLSJFNQ-VFUOTHLCSA-L,beta-d-glucose 6-phosphate,C6H11O9P,C | H | O | P,no_N,metabolism | transport,kegg.compound:C01172,none,1
kegg.compound:C00267,alpha-D-Glucose,C00267,10242,MNXM1105027,WQZGKKKJIJFFOK-DVKNGEFBSA-N,alpha-d-glucose,C6H12O6,C | H | O,no_N,metabolism,kegg.compound:C00267,none,1
kegg.compound:C00681,1-Acyl-sn-glycerol 3-phosphate,C00681,57970,MNXM728506,,1-acyl-sn-glycerol 3-phosphate,C4H6O7P*,C | H | O | P,no_N,metabolism,kegg.compound:C00681,none,1
kegg.compound:C00668,alpha-D-Glucose 6-phosphate,C00668,10245,MNXM1105855,NBSCHQHZLSJFNQ-DVKNGEFBSA-L,alpha-d-glucose 6-phosphate,C6H11O9P,C | H | O | P,no_N,metabolism | transport,kegg.compound:C00668,none,1
kegg.compound:C00416,Phosphatidate,C00416,,MNXM1107826,,phosphatidate,C5H7O8P*2,C | H | O | P,no_N,metabolism,kegg.compound:C00416,none,1
kegg.compound:C00536,Triphosphate,C00536,18036,MNXM332,UNXRWKVEANCORM-UHFFFAOYSA-I,triphosphate,O10P3,O | P,no_N,metabolism | transport,kegg.compound:C00536,none,1
kegg.compound:C05382,Sedoheptulose 7-phosphate,C05382,15073,MNXM733314,JDTUMPKOJBQPKX-GBNDHIKLSA-L,sedoheptulose 7-phosphate,C7H13O10P,C | H | O | P,no_N,metabolism,kegg.compound:C05382,none,1
kegg.compound:C00231,D-Xylulose 5-phosphate,C00231,13036,MNXM186,FNZLKVNUWIIPSJ-RFZPGFLSSA-L,d-xylulose 5-phosphate,C5H9O8P,C | H | O | P,no_N,metabolism | transport,kegg.compound:C00231,none,1
kegg.compound:C00311,Isocitrate,C00311,14465,MNXM89661,ODBLHEXUDAPZAU-UHFFFAOYSA-K,isocitrate,C6H5O7,C | H | O,no_N,metabolism | transport,kegg.compound:C00311,none,1
kegg.compound:C06613,trans-3-Chloroallyl aldehyde,C06613,1473,MNXM5312,ZSOPPQGHWJVKJB-OWOJBTEDSA-N,trans-3-chloroallyl aldehyde,C3H3ClO,C | Cl | H | O,no_N,metabolism,kegg.compound:C06613,none,1
kegg.compound:C00353,Geranylgeranyl diphosphate,C00353,19786,MNXM728266,OINNEUNVOZHBOX-QIRCYJPOSA-K,geranylgeranyl diphosphate,C20H33O7P2,C | H | O | P,no_N,metabolism,kegg.compound:C00353,none,1
kegg.compound:C00671,(S)-3-Methyl-2-oxopentanoic acid,C00671,10888,MNXM1363845,JVQYSWDUAOAHFM-BYPYZUCNSA-M,(s)-3-methyl-2-oxopentanoic acid,C6H9O3,C | H | O,no_N,metabolism | metabolomics,kegg.compound:C00671,none,1
kegg.compound:C06010,(S)-2-Acetolactate,C06010,11033,MNXM1103847,NMDWGEGFJUBKLB-YFKPBYRVSA-M,(s)-2-acetolactate,C5H7O4,C | H | O,no_N,metabolism,kegg.compound:C06010,none,1
kegg.compound:C00236,3-Phospho-D-glyceroyl phosphate,C00236,11881,MNXM1364464,LJQLQCAXBUHEAZ-UWTATZPHSA-J,3-phospho-d-glyceroyl phosphate,C3H4O10P2,C | H | O | P,no_N,metabolism,kegg.compound:C00236,none,1
kegg.compound:C01179,3-(4-Hydroxyphenyl)pyruvate,C01179,11725,MNXM153,KKADPXVIOXHVKN-UHFFFAOYSA-M,3-(4-hydroxyphenyl)pyruvate,C9H7O4,C | H | O,no_N,metabolism,kegg.compound:C01179,none,1
kegg.compound:C00448,"trans,trans-Farnesyl diphosphate",C00448,10700,MNXM1363833,VWFJDQUYCIWHTN-YFVJMOTDSA-K,"trans,trans-farnesyl diphosphate",C15H25O7P2,C | H | O | P,no_N,metabolism,kegg.compound:C00448,none,1
kegg.compound:C00900,2-Acetolactate,C00900,11033,MNXM1103847,NMDWGEGFJUBKLB-YFKPBYRVSA-M,2-acetolactate,C5H7O4,C | H | O,no_N,metabolism,kegg.compound:C00900,none,1
kegg.compound:C06006,(S)-2-Aceto-2-hydroxybutanoate,C06006,18730,MNXM726902,VUQLHQFKACOHNZ-LURJTMIESA-M,(s)-2-aceto-2-hydroxybutanoate,C6H9O4,C | H | O,no_N,metabolism,kegg.compound:C06006,none,1
kegg.compound:C00233,4-Methyl-2-oxopentanoate,C00233,12020,MNXM404,BKAJNAXTPSGJCU-UHFFFAOYSA-M,4-methyl-2-oxopentanoate,C6H9O3,C | H | O,no_N,metabolism | transport | metabolomics,kegg.compound:C00233,none,1
kegg.compound:C05752,Octanoyl-[acp],C05752,7725,MNXM728538,,octanoyl-[acp],C8H15OS*,C | H | O | S,no_N,metabolism,kegg.compound:C05752,none,1
kegg.compound:C00546,Methylglyoxal,C00546,11643,MNXM310,AIJULSRZWUXGPQ-UHFFFAOYSA-N,methylglyoxal,C3H4O2,C | H | O,no_N,metabolism | transport,kegg.compound:C00546,none,1
kegg.compound:C04618,(3R)-3-Hydroxybutanoyl-[acyl-carrier protein],C04618,,MNXM728726,,(3r)-3-hydroxybutanoyl-[acyl-carrier protein],C4H7O2S*,C | H | O | S,no_N,metabolism,kegg.compound:C04618,none,1
kegg.compound:C04619,(3R)-3-Hydroxydecanoyl-[acyl-carrier protein],C04619,137447,MNXM728728,,(3r)-3-hydroxydecanoyl-[acyl-carrier protein],C10H19O2S*,C | H | O | S,no_N,metabolism,kegg.compound:C04619,none,1
kegg.compound:C04620,(3R)-3-Hydroxyoctanoyl-[acyl-carrier protein],C04620,,MNXM725897,,(3r)-3-hydroxyoctanoyl-[acyl-carrier protein],C8H15O2S*,C | H | O | S,no_N,metabolism,kegg.compound:C04620,none,1
kegg.compound:C04633,(3R)-3-Hydroxypalmitoyl-[acyl-carrier protein],C04633,,MNXM733097,,(3r)-3-hydroxypalmitoyl-[acyl-carrier protein],C16H31O2S*,C | H | O | S,no_N,metabolism,kegg.compound:C04633,none,1
kegg.compound:C05747,(3R)-3-Hydroxyhexanoyl-[acyl-carrier protein],C05747,326,MNXM733049,,(3r)-3-hydroxyhexanoyl-[acyl-carrier protein],C6H11O2S*,C | H | O | S,no_N,metabolism,kegg.compound:C05747,none,1
kegg.compound:C05757,(3R)-3-Hydroxydodecanoyl-[acyl-carrier protein],C05757,325,MNXM733305,,(3r)-3-hydroxydodecanoyl-[acyl-carrier protein],C12H23O2S*,C | H | O | S,no_N,metabolism,kegg.compound:C05757,none,1
kegg.compound:C02504,alpha-Isopropylmalate,C02504,1115,MNXM730929,BITYXLXUCSKTJS-ZETCQYMHSA-L,alpha-isopropylmalate,C7H10O5,C | H | O,no_N,metabolism,kegg.compound:C02504,none,1
kegg.compound:C00235,Dimethylallyl diphosphate,C00235,12280,MNXM132,CBIDRCWHNCKSTO-UHFFFAOYSA-K,dimethylallyl diphosphate,C5H9O7P2,C | H | O | P,no_N,metabolism,kegg.compound:C00235,none,1
kegg.compound:C00256,(R)-Lactate,C00256,11001,MNXM1371362,JVTAAEKCZFNVCJ-UWTATZPHSA-M,(r)-lactate,C3H5O3,C | H | O,no_N,metabolism,kegg.compound:C00256,none,1
kegg.compound:C00577,D-Glyceraldehyde,C00577,12982,MNXM435,MNQZXJOMYWMBOU-VKHMYHEASA-N,d-glyceraldehyde,C3H6O3,C | H | O,no_N,metabolism,kegg.compound:C00577,none,1
kegg.compound:C04411,"(2R,3S)-3-Isopropylmalate",C04411,1565,MNXM741109,RNQHMTFBUSSBJQ-CRCLSJGQSA-L,"(2r,3s)-3-isopropylmalate",C7H10O5,C | H | O,no_N,metabolism,kegg.compound:C04411,none,1
kegg.compound:C06032,D-erythro-3-Methylmalate,C06032,20924,MNXM725944,NPYQJIHHTGFBLN-STHAYSLISA-L,d-erythro-3-methylmalate,C5H6O5,C | H | O,no_N,metabolism,kegg.compound:C06032,none,1
kegg.compound:C04574,"di-trans,poly-cis-Undecaprenyl diphosphate",C04574,,MNXM1364682,NTXGVHCCXVHYCL-NTDVEAECSA-N,"di-trans,poly-cis-undecaprenyl diphosphate",C55H92O7P2,C | H | O | P,no_N,metabolism,kegg.compound:C04574,none,1
kegg.compound:C05577,"3,4-Dihydroxymandelaldehyde",C05577,1382,MNXM1633,YUGMCLJIWGEKCK-QMMMGPOBSA-N,"3,4-dihydroxymandelaldehyde",C8H8O4,C | H | O,no_N,metabolism,kegg.compound:C05577,none,1
kegg.compound:C05703,Methaneselenol,C05703,64685,MNXM1093360,APKHDKJWSHYLEU-UHFFFAOYSA-N,methaneselenol,CH4Se,C | H | Se,no_N,metabolism,kegg.compound:C05703,none,1
kegg.compound:C00354,"D-Fructose 1,6-bisphosphate",C00354,10374,MNXM1364229,RNBGYGVWRKECFJ-ARQDHWQXSA-J,"d-fructose 1,6-bisphosphate",C6H10O12P2,C | H | O | P,no_N,metabolism,kegg.compound:C00354,none,1
kegg.compound:C05378,"beta-D-Fructose 1,6-bisphosphate",C05378,10374,MNXM1364229,RNBGYGVWRKECFJ-ARQDHWQXSA-J,"beta-d-fructose 1,6-bisphosphate",C6H10O12P2,C | H | O | P,no_N,metabolism,kegg.compound:C05378,none,1
kegg.compound:C05445,"3alpha,7alpha-Dihydroxy-5beta-cholestan-26-al",C05445,1706,MNXM1174,YWGOKHMOJTZGBN-WKNWCLFJSA-N,"3alpha,7alpha-dihydroxy-5beta-cholestan-26-al",C27H46O3,C | H | O,no_N,metabolism,kegg.compound:C05445,none,1
kegg.compound:C00469,Ethanol,C00469,14222,MNXM1108092,LFQSCWFLJHTTHZ-UHFFFAOYSA-N,ethanol,C2H6O,C | H | O,no_N,metabolism | transport,kegg.compound:C00469,none,1
kegg.compound:C00275,D-Mannose 6-phosphate,C00275,12328,MNXM1364108,NBSCHQHZLSJFNQ-PQMKYFCFSA-L,d-mannose 6-phosphate,C6H11O9P,C | H | O | P,no_N,metabolism,kegg.compound:C00275,none,1
kegg.compound:C00636,D-Mannose 1-phosphate,C00636,10261,MNXM1106057,HXXFSFRBOHSIMQ-RWOPYEJCSA-L,d-mannose 1-phosphate,C6H11O9P,C | H | O | P,no_N,metabolism,kegg.compound:C00636,none,1
kegg.compound:C02128,5^-Phospho-DNA,C02128,,MNXM92991,,5^-phospho-dna,C15H26O16P3*3,C | H | O | P,no_N,metabolism,kegg.compound:C02128,none,1
kegg.compound:C05761,Tetradecanoyl-[acp],C05761,50651,MNXM728548,,tetradecanoyl-[acp],C14H27OS*,C | H | O | S,no_N,metabolism,kegg.compound:C05761,none,1
kegg.compound:C05745,Butyryl-[acp],C05745,3247,MNXM728732,,butyryl-[acp],C4H7OS*,C | H | O | S,no_N,metabolism,kegg.compound:C05745,none,1
kegg.compound:C05749,Hexanoyl-[acp],C05749,5704,MNXM728619,,hexanoyl-[acp],C6H11OS*,C | H | O | S,no_N,metabolism,kegg.compound:C05749,none,1
kegg.compound:C05755,Decanoyl-[acp],C05755,4349,MNXM728616,,decanoyl-[acp],C10H19OS*,C | H | O | S,no_N,metabolism,kegg.compound:C05755,none,1
kegg.compound:C05764,Hexadecanoyl-[acp],C05764,5697,MNXM728536,,hexadecanoyl-[acp],C16H31OS*,C | H | O | S,no_N,metabolism,kegg.compound:C05764,none,1
kegg.compound:C00208,Maltose,C00208,14568,MNXM1106000,GUBGYTABKSRVRQ-PICCSMPSSA-N,maltose,C12H22O11,C | H | O,no_N,metabolism | transport,kegg.compound:C00208,none,1
kegg.compound:C00254,Prephenate,C00254,14884,MNXM737312,FPWMCUPFBRFMLH-XGAOUMNUSA-L,prephenate,C10H8O6,C | H | O,no_N,metabolism,kegg.compound:C00254,none,1
kegg.compound:C04691,2-Dehydro-3-deoxy-D-arabino-heptonate 7-phosphate,C04691,1053,MNXM1219,PJWIPEXIFFQAQZ-PUFIMZNGSA-K,2-dehydro-3-deoxy-d-arabino-heptonate 7-phosphate,C7H10O10P,C | H | O | P,no_N,metabolism,kegg.compound:C04691,none,1
kegg.compound:C05809,3-Octaprenyl-4-hydroxybenzoate,C05809,,MNXM1368758,UTIBHEBNILDQKX-LQOKPSQISA-N,3-octaprenyl-4-hydroxybenzoate,C47H70O3,C | H | O,no_N,metabolism,kegg.compound:C05809,none,1
kegg.compound:C05848,4-Hydroxy-3-polyprenylbenzoate,C05848,,MNXM5000,HKIMBCGCVPYUTJ-NTUHNPAUSA-N,4-hydroxy-3-polyprenylbenzoate,C17H22O3,C | H | O,no_N,metabolism,kegg.compound:C05848,none,1
kegg.compound:C00376,Retinal,C00376,12776,MNXM1364167,NCYCYZXNIZJOKI-OVSJKPMPSA-N,retinal,C20H28O,C | H | O,no_N,metabolism | transport | metabolomics,kegg.compound:C00376,none,1
kegg.compound:C04246,But-2-enoyl-[acyl-carrier protein],C04246,132146,MNXM728706,,but-2-enoyl-[acyl-carrier protein],C4H5OS*,C | H | O | S,no_N,metabolism,kegg.compound:C04246,none,1
kegg.compound:C05748,trans-Hex-2-enoyl-[acp],C05748,10727,MNXM728714,,trans-hex-2-enoyl-[acp],C6H9OS*,C | H | O | S,no_N,metabolism,kegg.compound:C05748,none,1
kegg.compound:C05751,trans-Oct-2-enoyl-[acp],C05751,,MNXM728590,,trans-oct-2-enoyl-[acp],C8H13OS*,C | H | O | S,no_N,metabolism,kegg.compound:C05751,none,1
kegg.compound:C05754,trans-Dec-2-enoyl-[acp],C05754,10724,MNXM733433,,trans-dec-2-enoyl-[acp],C10H17OS*,C | H | O | S,no_N,metabolism,kegg.compound:C05754,none,1
kegg.compound:C05758,trans-Dodec-2-enoyl-[acp],C05758,10725,MNXM728708,,trans-dodec-2-enoyl-[acp],C12H21OS*,C | H | O | S,no_N,metabolism,kegg.compound:C05758,none,1
kegg.compound:C05760,trans-Tetradec-2-enoyl-[acp],C05760,10735,MNXM728722,,trans-tetradec-2-enoyl-[acp],C14H25OS*,C | H | O | S,no_N,metabolism,kegg.compound:C05760,none,1
kegg.compound:C05763,trans-Hexadec-2-enoyl-[acp],C05763,10729,MNXM728711,,trans-hexadec-2-enoyl-[acp],C16H29OS*,C | H | O | S,no_N,metabolism,kegg.compound:C05763,none,1
kegg.compound:C00631,2-Phospho-D-glycerate,C00631,11651,MNXM275,GXIURPTVHJPJLF-UWTATZPHSA-K,2-phospho-d-glycerate,C3H4O7P,C | H | O | P,no_N,metabolism,kegg.compound:C00631,none,1
kegg.compound:C02637,3-Dehydroshikimate,C02637,11782,MNXM611,SLWWJZMPHJJOPH-PHDIDXHHSA-M,3-dehydroshikimate,C7H7O5,C | H | O,no_N,metabolism,kegg.compound:C02637,none,1
kegg.compound:C04442,2-Dehydro-3-deoxy-6-phospho-D-gluconate,C04442,1051,MNXM649,OVPRPPOVAXRCED-WVZVXSGGSA-K,2-dehydro-3-deoxy-6-phospho-d-gluconate,C6H8O9P,C | H | O | P,no_N,metabolism,kegg.compound:C04442,none,1
kegg.compound:C05684,Selenite,C05684,15077,MNXM1157,MCAHWIHFGHIESP-UHFFFAOYSA-L,selenite,O3Se,O | Se,no_N,metabolism | transport,kegg.compound:C05684,none,1
kegg.compound:C00493,Shikimate,C00493,132329,MNXM602,JXOHGGNKMLTUBP-HSUXUTPPSA-M,shikimate,C7H9O5,C | H | O,no_N,metabolism | transport,kegg.compound:C00493,none,1
kegg.compound:C03232,3-Phosphonooxypyruvate,C03232,11883,MNXM541,LFLUCDOSQPJJBE-UHFFFAOYSA-K,3-phosphonooxypyruvate,C3H2O7P,C | H | O | P,no_N,metabolism,kegg.compound:C03232,none,1
kegg.compound:C07086,Phenylacetic acid,C07086,14779,MNXM737265,WLJVXDMOQOGPHL-UHFFFAOYSA-M,phenylacetic acid,C8H7O2,C | H | O,no_N,metabolism | transport,kegg.compound:C07086,none,1
kegg.compound:C00185,Cellobiose,C00185,13952,MNXM726888,GUBGYTABKSRVRQ-CUHNMECISA-N,cellobiose,C12H22O11,C | H | O,no_N,metabolism | transport,kegg.compound:C00185,none,1
kegg.compound:C00944,3-Dehydroquinate,C00944,11781,MNXM736874,WVMWZWGZRAXUBK-SYTVJDICSA-M,3-dehydroquinate,C7H9O6,C | H | O,no_N,metabolism,kegg.compound:C00944,none,1
kegg.compound:C11453,"2-C-Methyl-D-erythritol 2,4-cyclodiphosphate",C11453,1029,MNXM1168,SFRQRNJMIIUYDI-UHNVWZDZSA-L,"2-c-methyl-d-erythritol 2,4-cyclodiphosphate",C5H10O9P2,C | H | O | P,no_N,metabolism,kegg.compound:C11453,none,1
kegg.compound:C01898,Cellodextrin,C01898,23062,MNXM46032,,cellodextrin,C24H40O19*2,C | H | O,no_N,metabolism | transport,kegg.compound:C01898,none,1
kegg.compound:C06755,Chloroacetic acid,C06755,23123,MNXM1468,FOCAUTSVDIKZOP-UHFFFAOYSA-M,chloroacetic acid,C2H2ClO2,C | Cl | H | O,no_N,metabolism | transport,kegg.compound:C06755,none,1
kegg.compound:C03175,Shikimate 3-phosphate,C03175,11886,MNXM1265,QYOJSKGCWNAKGW-PBXRRBTRSA-K,shikimate 3-phosphate,C7H8O8P,C | H | O | P,no_N,metabolism,kegg.compound:C03175,none,1
kegg.compound:C01269,5-O-(1-Carboxyvinyl)-3-phosphoshikimate,C01269,12094,MNXM1365,QUTYKIXIUDQOLK-PRJMDXOYSA-J,5-o-(1-carboxyvinyl)-3-phosphoshikimate,C10H9O10P,C | H | O | P,no_N,metabolism,kegg.compound:C01269,none,1
kegg.compound:C04039,"2,3-Dihydroxy-3-methylbutanoate",C04039,10966,MNXM734,JTEYKUFKXGDTEU-VKHMYHEASA-M,"2,3-dihydroxy-3-methylbutanoate",C5H9O4,C | H | O,no_N,metabolism,kegg.compound:C04039,none,1
kegg.compound:C04272,"(R)-2,3-Dihydroxy-3-methylbutanoate",C04272,10966,MNXM734,JTEYKUFKXGDTEU-VKHMYHEASA-M,"(r)-2,3-dihydroxy-3-methylbutanoate",C5H9O4,C | H | O,no_N,metabolism,kegg.compound:C04272,none,1
kegg.compound:C06007,"(R)-2,3-Dihydroxy-3-methylpentanoate",C06007,18646,MNXM1202,PDGXJDXVGMHUIR-UJURSFKZSA-M,"(r)-2,3-dihydroxy-3-methylpentanoate",C6H11O4,C | H | O,no_N,metabolism,kegg.compound:C06007,none,1
kegg.compound:C02226,2-Methylmaleate,C02226,11623,MNXM1371056,HNEGQIOMVPPMNR-IHWYPQMZSA-L,2-methylmaleate,C5H4O4,C | H | O,no_N,metabolism,kegg.compound:C02226,none,1
kegg.compound:C02612,(R)-2-Methylmalate,C02612,10977,MNXM1107724,XFTRTWQBIOMVPK-RXMQYKEDSA-L,(r)-2-methylmalate,C5H6O5,C | H | O,no_N,metabolism,kegg.compound:C02612,none,1
kegg.compound:C02631,2-Isopropylmaleate,C02631,11604,MNXM1368661,NJMGRJLQRLFQQX-HYXAFXHYSA-L,2-isopropylmaleate,C7H8O4,C | H | O,no_N,metabolism,kegg.compound:C02631,none,1
kegg.compound:C00305,Magnesium cation,C00305,13379,MNXM653,JLVVSXFLKOJNIY-UHFFFAOYSA-N,magnesium cation,Mg,Mg,no_N,metabolism | transport,kegg.compound:C00305,none,1
kegg.compound:C00957,Mercaptopyruvate,C00957,11847,MNXM1214,OJOLFAIGOXZBCI-UHFFFAOYSA-M,mercaptopyruvate,C3H3O3S,C | H | O | S,no_N,metabolism,kegg.compound:C00957,none,1
kegg.compound:C04146,all-trans-Octaprenyl diphosphate,C04146,10194,MNXM1372305,IKKLDISSULFFQO-DJMILUHSSA-K,all-trans-octaprenyl diphosphate,C40H65O7P2,C | H | O | P,no_N,metabolism,kegg.compound:C04146,none,1
kegg.compound:C11434,2-C-Methyl-D-erythritol 4-phosphate,C11434,1030,MNXM730435,XMWHRVNVKDKBRG-UHNVWZDZSA-L,2-c-methyl-d-erythritol 4-phosphate,C5H11O7P,C | H | O | P,no_N,metabolism,kegg.compound:C11434,none,1
kegg.compound:C00447,"Sedoheptulose 1,7-bisphosphate",C00447,15072,MNXM507505,OKHXOUGRECCASI-SHUUEZRQSA-J,"sedoheptulose 1,7-bisphosphate",C7H12O13P2,C | H | O | P,no_N,metabolism,kegg.compound:C00447,none,1
kegg.compound:C04006,1D-myo-Inositol 3-phosphate,C04006,11365,MNXM1364686,INAPMGSXUVUWAF-PTQMNWPWSA-L,1d-myo-inositol 3-phosphate,C6H11O9P,C | H | O | P,no_N,metabolism,kegg.compound:C04006,none,1
kegg.compound:C01083,"alpha,alpha-Trehalose",C01083,10202,MNXM1364185,HDTRYLNUVZCQOY-LIZSDCNHSA-N,"alpha,alpha-trehalose",C12H22O11,C | H | O,no_N,metabolism | transport,kegg.compound:C01083,none,1
kegg.compound:C00417,cis-Aconitate,C00417,10482,MNXM1092518,GTZCVFVGUGFEME-IWQZZHSRSA-K,cis-aconitate,C6H3O6,C | H | O,no_N,metabolism | transport | metabolomics,kegg.compound:C00417,none,1
kegg.compound:C01177,Inositol 1-phosphate,C01177,11220,MNXM1364687,INAPMGSXUVUWAF-UOTPTPDRSA-L,inositol 1-phosphate,C6H11O9P,C | H | O | P,no_N,metabolism,kegg.compound:C01177,none,1
kegg.compound:C05819,Menaquinol,C05819,,MNXM736184,CZHYZLLLSCZMRL-NTCAYCPXSA-N,menaquinol,C21H26O2,C | H | O,no_N,metabolism,kegg.compound:C05819,none,1
kegg.compound:C00473,Retinol,C00473,12783,MNXM1363773,FPIPGXGPPPQFEQ-OVSJKPMPSA-N,retinol,C20H30O,C | H | O,no_N,metabolism | transport,kegg.compound:C00473,none,1
kegg.compound:C03546,myo-Inositol 4-phosphate,C03546,10602,MNXM2063,INAPMGSXUVUWAF-CNWJWELYSA-L,myo-inositol 4-phosphate,C6H11O9P,C | H | O | P,no_N,metabolism,kegg.compound:C03546,none,1
kegg.compound:C00180,Benzoate,C00180,13879,MNXM217,WPYMKLBDIGXBTP-UHFFFAOYSA-M,benzoate,C7H5O2,C | H | O,no_N,metabolism | transport,kegg.compound:C00180,none,1
kegg.compound:C05847,all-trans-Polyprenyl diphosphate,C05847,55337,MNXM729010,GVVPGTZRZFNKDS-JXMROGBWSA-N,all-trans-polyprenyl diphosphate,C10H20O7P2,C | H | O | P,no_N,metabolism,kegg.compound:C05847,none,1
kegg.compound:C05528,3-Sulfopyruvate,C05528,11891,MNXM594,BUTHMSUEBYPMKJ-UHFFFAOYSA-L,3-sulfopyruvate,C3H2O6S,C | H | O | S,no_N,metabolism,kegg.compound:C05528,none,1
kegg.compound:C05697,Selenate,C05697,15075,MNXM2282,QYHFIVBSNOWOCQ-UHFFFAOYSA-L,selenate,O4Se,O | Se,no_N,metabolism | transport,kegg.compound:C05697,none,1
kegg.compound:C05946,(4R)-4-Hydroxy-2-oxoglutarate,C05946,4083,MNXM1106168,WXSKVKPSMAHCSG-UWTATZPHSA-L,(4r)-4-hydroxy-2-oxoglutarate,C5H4O6,C | H | O,no_N,metabolism,kegg.compound:C05946,none,1
kegg.compound:C00175,Cobalt ion,C00175,176615,MNXM90960,XLJKHNWPARRRJB-UHFFFAOYSA-N,cobalt ion,Co,Co,no_N,metabolism | transport,kegg.compound:C00175,none,1
kegg.compound:C01127,4-Hydroxy-2-oxoglutarate,C01127,11993,MNXM894,WXSKVKPSMAHCSG-UHFFFAOYSA-L,4-hydroxy-2-oxoglutarate,C5H4O6,C | H | O,no_N,metabolism,kegg.compound:C01127,none,1
kegg.compound:C02061,Plastoquinone,C02061,14845,MNXM145579,VBFJJMPOYIKNHB-UHFFFAOYSA-N,plastoquinone,C13H16O2,C | H | O,no_N,metabolism | transport,kegg.compound:C02061,none,1
kegg.compound:C00698,Cl-,C00698,13291,MNXM735978,VEXZGXHMUGYJMC-UHFFFAOYSA-M,cl-,Cl,Cl,no_N,metabolism | transport,kegg.compound:C00698,none,1
kegg.compound:C05527,3-Sulfinylpyruvate,C05527,140699,MNXM2484,JXYLQEMXCAAMOL-UHFFFAOYSA-L,3-sulfinylpyruvate,C3H2O5S,C | H | O | S,no_N,metabolism,kegg.compound:C05527,none,1
kegg.compound:C04181,3-Hydroxy-3-methyl-2-oxobutanoic acid,C04181,11812,MNXM1638,DNOPJXBPONYBLB-UHFFFAOYSA-M,3-hydroxy-3-methyl-2-oxobutanoic acid,C5H7O4,C | H | O,no_N,metabolism,kegg.compound:C04181,none,1
kegg.compound:C04236,(2S)-2-Isopropyl-3-oxosuccinate,C04236,11765,MNXM1602,HIIZAGQWABAMRR-BYPYZUCNSA-L,(2s)-2-isopropyl-3-oxosuccinate,C7H8O5,C | H | O,no_N,metabolism,kegg.compound:C04236,none,1
kegg.compound:C01801,Deoxyribose,C01801,90761,MNXM1371289,PDWIQYODPROSQH-PYHARJCCSA-N,deoxyribose,C5H10O4,C | H | O,no_N,metabolism | transport,kegg.compound:C01801,none,1
kegg.compound:C00282,Hydrogen,C00282,13350,MNXM1108018,UFHFLCQGNIYNRP-UHFFFAOYSA-N,hydrogen,H2,H,no_N,metabolism | transport,kegg.compound:C00282,none,1
kegg.compound:C00492,Raffinose,C00492,15015,MNXM1108339,MUPFEKGTMRGPLJ-ZQSKZDJDSA-N,raffinose,C18H32O16,C | H | O,no_N,metabolism | transport,kegg.compound:C00492,none,1
kegg.compound:C01613,Stachyose,C01613,15105,MNXM729340,UQZIYBXSHAGNOE-XNSRJBNMSA-N,stachyose,C24H42O21,C | H | O,no_N,metabolism | transport,kegg.compound:C01613,none,1
kegg.compound:C05402,Melibiose,C05402,20943,MNXM1103965,DLRVVLDZNNYCBX-ABXHMFFYSA-N,melibiose,C12H22O11,C | H | O,no_N,metabolism | transport,kegg.compound:C05402,none,1
kegg.compound:C01161,"3,4-Dihydroxyphenylacetate",C01161,11696,MNXM645,CFFZDZCDUFSOFZ-UHFFFAOYSA-M,"3,4-dihydroxyphenylacetate",C8H7O4,C | H | O,no_N,metabolism | transport,kegg.compound:C01161,none,1
kegg.compound:C00642,4-Hydroxyphenylacetate,C00642,12014,MNXM735208,XQXPVVBIMDBYFF-UHFFFAOYSA-M,4-hydroxyphenylacetate,C8H7O3,C | H | O,no_N,metabolism | transport,kegg.compound:C00642,none,1
kegg.compound:C00446,alpha-D-Galactose 1-phosphate,C00446,10232,MNXM1364213,HXXFSFRBOHSIMQ-FPRJBGLDSA-L,alpha-d-galactose 1-phosphate,C6H11O9P,C | H | O | P,no_N,metabolism | transport,kegg.compound:C00446,none,1
kegg.compound:C00257,D-Gluconic acid,C00257,12955,MNXM341,RGHNJXZEOKUKBD-SQOUGZDYSA-M,d-gluconic acid,C6H11O7,C | H | O,no_N,metabolism | transport,kegg.compound:C00257,none,1
kegg.compound:C00418,(R)-Mevalonate,C00418,11005,MNXM1105057,KJTLQQUUPVSXIM-ZCFIWIBFSA-M,(r)-mevalonate,C6H11O4,C | H | O,no_N,metabolism | transport,kegg.compound:C00418,none,1
kegg.compound:C01089,(R)-3-Hydroxybutanoate,C01089,10983,MNXM1104965,WHBMMWSBFZVSSR-GSVOUGTGSA-M,(r)-3-hydroxybutanoate,C4H7O3,C | H | O,no_N,metabolism | transport,kegg.compound:C01089,none,1
kegg.compound:C00392,Mannitol,C00392,12996,MNXM1104590,FBPFZTCFMRRESA-KVTDHHQDSA-N,mannitol,C6H14O6,C | H | O,no_N,metabolism | transport,kegg.compound:C00392,none,1
kegg.compound:C00470,Pectate,C00470,62533,MNXM739247,LCLHHZYHLXDRQG-MKJFYJHKSA-N,pectate,C18H26O19,C | H | O,no_N,metabolism | transport,kegg.compound:C00470,none,1
kegg.compound:C00243,Lactose,C00243,10296,MNXM1104432,GUBGYTABKSRVRQ-QKKXKWKRSA-N,lactose,C12H22O11,C | H | O,no_N,metabolism | transport,kegg.compound:C00243,none,1
kegg.compound:C00259,L-Arabinose,C00259,17535,MNXM1369602,SRBFZHDQGSBBOR-HWQSCIPKSA-N,l-arabinose,C5H10O5,C | H | O,no_N,metabolism | transport,kegg.compound:C00259,none,1
kegg.compound:C01455,Toluene,C01455,15248,MNXM889,YXFVVABEGXRONW-UHFFFAOYSA-N,toluene,C7H8,C | H,no_N,metabolism | transport,kegg.compound:C01455,none,1
kegg.compound:C01204,Phytic acid,C01204,10603,MNXM1364235,IMQLKJBTEOYOSI-GPIVLXJGSA-B,phytic acid,C6H6O24P6,C | H | O | P,no_N,metabolism | transport,kegg.compound:C01204,none,1
kegg.compound:C00379,Xylitol,C00379,10078,MNXM737068,HEBKCHPVOIAQTA-SCDXWVJYSA-N,xylitol,C5H12O5,C | H | O,no_N,metabolism | transport,kegg.compound:C00379,none,1
kegg.compound:C00805,Salicylate,C00805,15061,MNXM730078,YGSDEFSMJLZEOE-UHFFFAOYSA-M,salicylate,C7H5O3,C | H | O,no_N,metabolism | transport,kegg.compound:C00805,none,1
kegg.compound:C00219,Arachidonate,C00219,137828,MNXM1107770,YZXBAPSDXZZRGB-DOFZRALJSA-M,arachidonate,C20H31O2,C | H | O,no_N,metabolism | transport,kegg.compound:C00219,none,1
kegg.compound:C00880,D-Galactonate,C00880,12931,MNXM1734,RGHNJXZEOKUKBD-MGCNEYSASA-M,d-galactonate,C6H11O7,C | H | O,no_N,metabolism | transport,kegg.compound:C00880,none,1
kegg.compound:C06153,scyllo-Inositol,C06153,10642,MNXM1371100,CDAISMWEOUEBRE-CDRYSYESSA-N,scyllo-inositol,C6H12O6,C | H | O,no_N,metabolism | transport,kegg.compound:C06153,none,1
kegg.compound:C01454,Toluate,C01454,20481,MNXM3331,LPNBBFKOUUSUDB-UHFFFAOYSA-M,toluate,C8H7O2,C | H | O,no_N,metabolism | transport,kegg.compound:C01454,none,1
kegg.compound:C00628,"2,5-Dihydroxybenzoate",C00628,11451,MNXM850,WXTMDXOMEHJXQO-UHFFFAOYSA-M,"2,5-dihydroxybenzoate",C7H5O4,C | H | O,no_N,metabolism | transport,kegg.compound:C00628,none,1
kegg.compound:C02538,Estrone 3-sulfate,C02538,14221,MNXM727399,JKKFKPJIXZFSSB-CBZIJGRNSA-M,estrone 3-sulfate,C18H21O5S,C | H | O | S,no_N,metabolism | transport,kegg.compound:C02538,none,1
kegg.compound:C06672,Vanillate,C06672,15301,MNXM982,WKOLLVMJNQIZCI-UHFFFAOYSA-M,vanillate,C8H7O4,C | H | O,no_N,metabolism | transport,kegg.compound:C06672,none,1
kegg.compound:C07083,Styrene,C07083,26796,MNXM732935,PPBRXRYQALVLMV-UHFFFAOYSA-N,styrene,C8H8,C | H,no_N,metabolism | transport,kegg.compound:C07083,none,1
kegg.compound:C07111,Ethylbenzene,C07111,14229,MNXM2120,YNQLUTRBYVCPMQ-UHFFFAOYSA-N,ethylbenzene,C8H10,C | H,no_N,metabolism | transport,kegg.compound:C07111,none,1
kegg.compound:C02476,alpha-L-Rhamnose,C02476,10293,MNXM3536,SHZGCJCMOBCMKK-HGVZOGFYSA-N,alpha-l-rhamnose,C6H12O5,C | H | O,no_N,metabolism | transport,kegg.compound:C02476,none,1
kegg.compound:C02480,"cis,cis-Muconate",C02480,10451,MNXM1371012,TXXHDPDFNKHHGW-CCAGOZQPSA-L,"cis,cis-muconate",C6H4O4,C | H | O,no_N,metabolism | transport,kegg.compound:C02480,none,1
kegg.compound:C00530,Hydroquinone,C00530,14416,MNXM376,QIGBRXMKCJKVMJ-UHFFFAOYSA-N,hydroquinone,C6H6O2,C | H | O,no_N,metabolism | transport,kegg.compound:C00530,none,1
kegg.compound:C00556,Benzyl alcohol,C00556,13888,MNXM562,WVDDGKGOMKODPV-UHFFFAOYSA-N,benzyl alcohol,C7H8O,C | H | O,no_N,metabolism | transport,kegg.compound:C00556,none,1
kegg.compound:C00695,Cholic acid,C00695,11895,MNXM1371683,BHQCQFFYRZLCQQ-OELDTZBJSA-M,cholic acid,C24H39O5,C | H | O,no_N,metabolism | transport,kegg.compound:C00695,none,1
kegg.compound:C03203,1-Hydroxy-2-naphthoate,C03203,11261,MNXM1091677,SJJCQDRGABAVBB-UHFFFAOYSA-M,1-hydroxy-2-naphthoate,C11H7O3,C | H | O,no_N,metabolism | transport,kegg.compound:C03203,none,1
kegg.compound:C04483,Deoxycholic acid,C04483,1687,MNXM738432,KXGVEGMKQFWNSR-LLQZFEROSA-M,deoxycholic acid,C24H39O4,C | H | O,no_N,metabolism | transport,kegg.compound:C04483,none,1
kegg.compound:C04559,4-Methylmuconolactone,C04559,11971,MNXM3182,FIKLRROSHXQNFN-UHFFFAOYSA-M,4-methylmuconolactone,C7H7O4,C | H | O,no_N,metabolism | transport,kegg.compound:C04559,none,1
kegg.compound:C00209,Oxalate,C00209,132952,MNXM291,MUBZPKHOEPUJKR-UHFFFAOYSA-L,oxalate,C2O4,C | O,no_N,metabolism | transport,kegg.compound:C00209,none,1
kegg.compound:C00296,Quinate,C00296,15000,MNXM736788,AAWZDTNXLSGCEK-WYWMIBKRSA-M,quinate,C7H11O6,C | H | O,no_N,metabolism | transport,kegg.compound:C00296,none,1
kegg.compound:C00879,D-Galactarate,C00879,12929,MNXM1107694,DSLZVSRJTYRBFB-DUHBMQHGSA-L,d-galactarate,C6H8O8,C | H | O,no_N,metabolism | transport,kegg.compound:C00879,none,1
kegg.compound:C00989,4-Hydroxybutanoic acid,C00989,12006,MNXM728793,SJZRECIVHVDYJC-UHFFFAOYSA-M,4-hydroxybutanoic acid,C4H7O3,C | H | O,no_N,metabolism | transport,kegg.compound:C00989,none,1
kegg.compound:C04022,"S,S-Dimethyl-beta-propiothetin",C04022,12752,MNXM2864,DFPOZTRSOAQFIK-UHFFFAOYSA-N,"s,s-dimethyl-beta-propiothetin",C5H10O2S,C | H | O | S,no_N,metabolism | transport | metabolomics,kegg.compound:C04022,none,1
kegg.compound:C00472,p-Benzoquinone,C00472,12837,MNXM740100,AZQWKYJCGOJGHM-UHFFFAOYSA-N,p-benzoquinone,C6H4O2,C | H | O,no_N,metabolism | transport,kegg.compound:C00472,none,1
kegg.compound:C05984,2-Hydroxybutanoic acid,C05984,50613,MNXM1363881,AFENDNXGAFYKQO-VKHMYHEASA-M,2-hydroxybutanoic acid,C4H7O3,C | H | O,no_N,metabolism | transport,kegg.compound:C05984,none,1
kegg.compound:C06040,Diglucosyldiacylglycerol,C06040,76264,MNXM732841,,diglucosyldiacylglycerol,C17H26O15*2,C | H | O,no_N,metabolism | transport,kegg.compound:C06040,none,1
kegg.compound:C06310,Diploptene,C06310,4648,MNXM736510,HHXYJYBYNZMZKX-PYQRSULMSA-N,diploptene,C30H50,C | H,no_N,metabolism | transport,kegg.compound:C06310,none,1
kegg.compound:C07208,m-Xylene,C07208,10590,MNXM3300,IVSZLXZYQVIEFR-UHFFFAOYSA-N,m-xylene,C8H10,C | H,no_N,metabolism | transport,kegg.compound:C07208,none,1
kegg.compound:C08353,beta-D-Ribopyranose,C08353,10410,MNXM732914,SRBFZHDQGSBBOR-TXICZTDVSA-N,beta-d-ribopyranose,C5H10O5,C | H | O,no_N,metabolism | transport,kegg.compound:C08353,none,1
kegg.compound:C08601,Lutein,C08601,27324,MNXM1371524,KBPHJBAIARWVSC-RGZFRNHPSA-N,lutein,C40H56O2,C | H | O,no_N,metabolism | transport,kegg.compound:C08601,none,1
kegg.compound:C00187,Cholesterol,C00187,13982,MNXM726122,HVYWMOMLDIMFJA-DPAQBDIFSA-N,cholesterol,C27H46O,C | H | O,no_N,transport,kegg.compound:C00187,none,1
kegg.compound:C00238,Potassium cation,C00238,176608,MNXM95,NPYPAHLBTDXSSS-UHFFFAOYSA-N,potassium cation,K,K,no_N,transport,kegg.compound:C00238,none,1
kegg.compound:C00246,Butanoic acid,C00246,113450,MNXM458,FERIUCNNQQJTOY-UHFFFAOYSA-M,butanoic acid,C4H7O2,C | H | O,no_N,transport,kegg.compound:C00246,none,1
kegg.compound:C00252,Isomaltose,C00252,24901,MNXM1107787,DLRVVLDZNNYCBX-RTPHMHGBSA-N,isomaltose,C12H22O11,C | H | O,no_N,transport,kegg.compound:C00252,none,1
kegg.compound:C00389,Quercetin,C00389,11704,MNXM620,REFJWTPEDVJJIY-UHFFFAOYSA-M,quercetin,C15H9O7,C | H | O,no_N,transport,kegg.compound:C00389,none,1
kegg.compound:C00410,Progesterone,C00410,14896,MNXM730474,RJKFOVLPORLFTN-LEKSSAKUSA-N,progesterone,C21H30O2,C | H | O,no_N,transport,kegg.compound:C00410,none,1
kegg.compound:C00420,Polysaccharide,C00420,14864,MNXM77759,FYGDTMLNYKFZSV-UHFFFAOYSA-N,polysaccharide,C18H32O16,C | H | O,no_N,transport,kegg.compound:C00420,none,1
kegg.compound:C00466,Acetoin,C00466,11831,MNXM1092472,ROWKJAVDOGWPAT-UHFFFAOYSA-N,acetoin,C4H8O2,C | H | O,no_N,transport,kegg.compound:C00466,none,1
kegg.compound:C00474,Ribitol,C00474,15043,MNXM1820,HEBKCHPVOIAQTA-ZXFHETKHSA-N,ribitol,C5H12O5,C | H | O,no_N,transport,kegg.compound:C00474,none,1
kegg.compound:C00503,Erythritol,C00503,14215,MNXM1371602,UNXHWFMMPAWVPI-ZXZARUISSA-N,erythritol,C4H10O4,C | H | O,no_N,transport,kegg.compound:C00503,none,1
kegg.compound:C00535,Testosterone,C00535,15214,MNXM1363892,MUMGGOZAMZWBJJ-DYKIIFRCSA-N,testosterone,C19H28O2,C | H | O,no_N,transport,kegg.compound:C00535,none,1
kegg.compound:C00551,beta-D-Glucan,C00551,10394,MNXM10798,FYGDTMLNYKFZSV-URKRLVJHSA-N,beta-d-glucan,C18H32O16,C | H | O,no_N,transport,kegg.compound:C00551,none,1
kegg.compound:C00584,Prostaglandin E2,C00584,10910,MNXM661,XEYBRNLFEZDVAW-ARSRFYASSA-M,prostaglandin e2,C20H31O5,C | H | O,no_N,transport,kegg.compound:C00584,none,1
kegg.compound:C00586,2-Deoxy-D-glucose,C00586,1078,MNXM1364319,PMMURAAUARKVCB-KAZBKCHUSA-N,2-deoxy-d-glucose,C6H12O5,C | H | O,no_N,transport,kegg.compound:C00586,none,1
kegg.compound:C00661,Glyceraldehyde 3-phosphate,C00661,14333,MNXM1372044,LXJXRIRHZLFYRP-UHFFFAOYSA-N,glyceraldehyde 3-phosphate,C3H7O6P,C | H | O | P,no_N,transport,kegg.compound:C00661,none,1
kegg.compound:C00703,Mercury(2+),C00703,13370,MNXM1562,BQPIGGFYSBELGY-UHFFFAOYSA-N,mercury(2+),Hg,Hg,no_N,transport,kegg.compound:C00703,none,1
kegg.compound:C00708,Iodide,C00708,14460,MNXM1371248,XMBWDFGMSWQBCA-UHFFFAOYSA-M,iodide,I,I,no_N,transport,kegg.compound:C00708,none,1
kegg.compound:C00712,(9Z)-Octadecenoic acid,C00712,104361,MNXM1364393,ZQPPMHVWECSIRJ-KTKRTIGZSA-M,(9z)-octadecenoic acid,C18H33O2,C | H | O,no_N,transport,kegg.compound:C00712,none,1
kegg.compound:C00742,Fluoride,C00742,14271,MNXM1092965,KRHYYFGTRYWZRS-UHFFFAOYSA-M,fluoride,F,F,no_N,transport,kegg.compound:C00742,none,1
kegg.compound:C00951,Estradiol-17beta,C00951,14219,MNXM733896,VOXZDWNPVJITMN-ZBRFXRBCSA-N,estradiol-17beta,C18H24O2,C | H | O,no_N,transport,kegg.compound:C00951,none,1
kegg.compound:C01018,6-Deoxy-D-galactose,C01018,2179,MNXM1364540,SHZGCJCMOBCMKK-SVZMEOIVSA-N,6-deoxy-d-galactose,C6H12O5,C | H | O,no_N,transport,kegg.compound:C01018,none,1
kegg.compound:C01019,L-Fucose,C01019,2181,MNXM1364298,SHZGCJCMOBCMKK-SXUWKVJYSA-N,l-fucose,C6H12O5,C | H | O,no_N,transport,kegg.compound:C01019,none,1
kegg.compound:C01324,Bromide,C01324,13918,MNXM740736,CPELXLSAUQHCOX-UHFFFAOYSA-M,bromide,Br,Br,no_N,transport,kegg.compound:C01324,none,1
kegg.compound:C01330,Sodium cation,C01330,176598,MNXM27,FKNQFGJONOIPTF-UHFFFAOYSA-N,sodium cation,Na,Na,no_N,transport,kegg.compound:C01330,none,1
kegg.compound:C01405,Aspirin,C01405,13719,MNXM3526,BSYNRYMUTXBXSQ-UHFFFAOYSA-M,aspirin,C9H7O4,C | H | O,no_N,transport,kegg.compound:C01405,none,1
kegg.compound:C01432,Lactate,C01432,24996,MNXM733758,JVTAAEKCZFNVCJ-UHFFFAOYSA-M,lactate,C3H5O3,C | H | O,no_N,transport,kegg.compound:C01432,none,1
kegg.compound:C01471,Acrolein,C01471,13720,MNXM2345,HGINCPLSRVDWNT-UHFFFAOYSA-N,acrolein,C3H4O,C | H | O,no_N,transport,kegg.compound:C01471,none,1
kegg.compound:C01478,Arsenic acid,C01478,13856,MNXM1137656,DJHGAFSJWGLOIV-UHFFFAOYSA-L,arsenic acid,HAsO4,As | H | O,no_N,transport,kegg.compound:C01478,none,1
kegg.compound:C01514,Luteolin,C01514,12082,MNXM1086,IQPNAANSBPBGFQ-UHFFFAOYSA-M,luteolin,C15H9O6,C | H | O,no_N,transport,kegg.compound:C01514,none,1
kegg.compound:C01529,Selenium,C01529,176573,MNXM1368696,BUGBHKTXTAQXES-UHFFFAOYSA-N,selenium,Se,Se,no_N,transport,kegg.compound:C01529,none,1
kegg.compound:C01558,Bile salt,C01558,22868,MNXM44289,BHQCQFFYRZLCQQ-UMZBRFQRSA-N,bile salt,C24H40O5,C | H | O,no_N,transport,kegg.compound:C01558,none,1
kegg.compound:C01576,Etoposide,C01576,4911,MNXM731656,VJJPUSNTGOMMGY-MRVIYFEKSA-N,etoposide,C29H32O13,C | H | O,no_N,transport,kegg.compound:C01576,none,1
kegg.compound:C01606,Phthalate,C01606,14831,MNXM1245,XNGIFLGASWRNHJ-UHFFFAOYSA-L,phthalate,C8H4O4,C | H | O,no_N,transport,kegg.compound:C01606,none,1
kegg.compound:C01630,Xylobiose,C01630,10080,MNXM741543,LGQKSQQRKHFMLI-WSNPFVOISA-N,xylobiose,C10H18O9,C | H | O,no_N,transport,kegg.compound:C01630,none,1
kegg.compound:C01694,Ergosterol,C01694,14214,MNXM741449,DNVPQKQSNYMLRS-APGDWVJJSA-N,ergosterol,C28H44O,C | H | O,no_N,transport,kegg.compound:C01694,none,1
kegg.compound:C01729,(+)-Medicarpin,C01729,6714,MNXM7908,NSRJSISNDPOJOP-CZUORRHYSA-N,(+)-medicarpin,C16H14O4,C | H | O,no_N,transport,kegg.compound:C01729,none,1
kegg.compound:C01742,Palatinose,C01742,12197,MNXM731238,PVXPPJIGRGXGCY-IPFGBZKGSA-N,palatinose,C12H22O11,C | H | O,no_N,transport,kegg.compound:C01742,none,1
kegg.compound:C01751,Resorcinol,C01751,26532,MNXM4101,GHMLBKRAJCXXBS-UHFFFAOYSA-N,resorcinol,C6H6O2,C | H | O,no_N,transport,kegg.compound:C01751,none,1
kegg.compound:C01835,Maltotriose,C01835,140999,MNXM1104527,FYGDTMLNYKFZSV-PXXRMHSHSA-N,maltotriose,C18H32O16,C | H | O,no_N,transport,kegg.compound:C01835,none,1
kegg.compound:C01844,Pravastatin,C01844,63618,MNXM680760,TUZYXOIXSAXUGO-PZAWKZKUSA-M,pravastatin,C23H35O7,C | H | O,no_N,transport,kegg.compound:C01844,none,1
kegg.compound:C01904,D-Arabitol,C01904,12912,MNXM1018,HEBKCHPVOIAQTA-QWWZWVQMSA-N,d-arabitol,C5H12O5,C | H | O,no_N,transport,kegg.compound:C01904,none,1
kegg.compound:C02103,(S)-2-Haloacid,C02103,11030,MNXM96149,,(s)-2-haloacid,C2HO2*2,C | H | O,no_N,transport,kegg.compound:C02103,none,1
kegg.compound:C02160,Isomaltotriose,C02160,24902,MNXM1106015,FBJQEBRMDXPWNX-FYHZSNTMSA-N,isomaltotriose,C18H32O16,C | H | O,no_N,transport,kegg.compound:C02160,none,1
kegg.compound:C02181,Phenoxyacetate,C02181,38846,MNXM20415,LCPDWSOZIOUXRV-UHFFFAOYSA-N,phenoxyacetate,C8H8O3,C | H | O,no_N,transport,kegg.compound:C02181,none,1
kegg.compound:C02273,Digalacturonate,C02273,141004,MNXM50671,IGSYEZFZPOZFNC-MMGXBETBSA-L,digalacturonate,C12H16O13,C | H | O,no_N,transport,kegg.compound:C02273,none,1
kegg.compound:C02588,Retinyl palmitate,C02588,12784,MNXM1137721,VYGQUTWHTHXGQB-FFHKNEKCSA-N,retinyl palmitate,C36H60O2,C | H | O,no_N,transport,kegg.compound:C02588,none,1
kegg.compound:C02679,Dodecanoic acid,C02679,14187,MNXM402,POULHZVOKOAJMA-UHFFFAOYSA-M,dodecanoic acid,C12H23O2,C | H | O,no_N,transport,kegg.compound:C02679,none,1
kegg.compound:C02781,2-Deoxy-D-galactose,C02781,90759,MNXM734612,PMMURAAUARKVCB-DUVQVXGLSA-N,2-deoxy-d-galactose,C6H12O5,C | H | O,no_N,transport,kegg.compound:C02781,none,1
kegg.compound:C03156,O-Feruloylgalactarate,C03156,52785,MNXM1363923,JZRAOXRUPYISEN-MOEPPVLCSA-L,o-feruloylgalactarate,C16H16O11,C | H | O,no_N,transport,kegg.compound:C03156,none,1
kegg.compound:C03189,DL-Glycerol 1-phosphate,C03189,14336,MNXM727061,AWUCVROLDVIAJX-UHFFFAOYSA-L,dl-glycerol 1-phosphate,C3H7O6P,C | H | O | P,no_N,transport,kegg.compound:C03189,none,1
kegg.compound:C03392,Dimethylsulfonioacetate,C03392,14176,MNXM4190,PSBDWGZCVUAZQS-UHFFFAOYSA-N,dimethylsulfonioacetate,C4H8O2S,C | H | O | S,no_N,transport,kegg.compound:C03392,none,1
kegg.compound:C03465,3-Methyl-2-oxopentanoate,C03465,1585,MNXM1363844,JVQYSWDUAOAHFM-UHFFFAOYSA-M,3-methyl-2-oxopentanoate,C6H9O3,C | H | O,no_N,transport,kegg.compound:C03465,none,1
kegg.compound:C03619,Methyl beta-D-galactoside,C03619,14593,MNXM3304,HOVAGTYPODGVJG-VOQCIKJUSA-N,methyl beta-d-galactoside,C7H14O6,C | H | O,no_N,transport,kegg.compound:C03619,none,1
kegg.compound:C03664,"2,4-Dichlorophenoxyacetate",C03664,19351,MNXM5364,OVSKIKFHRZPJSS-UHFFFAOYSA-M,"2,4-dichlorophenoxyacetate",C8H5Cl2O3,C | Cl | H | O,no_N,transport,kegg.compound:C03664,none,1
kegg.compound:C04555,Dehydroepiandrosterone sulfate,C04555,11912,MNXM736990,CZWCKYRVOZZJNM-USOAJAOKSA-M,dehydroepiandrosterone sulfate,C19H27O5S,C | H | O | S,no_N,transport,kegg.compound:C04555,none,1
kegg.compound:C04623,DDT,C04623,11129,MNXM2659,YVGGHNCTFXOJCH-UHFFFAOYSA-N,ddt,C14H9Cl5,C | Cl | H,no_N,transport,kegg.compound:C04623,none,1
kegg.compound:C04741,Alprostadil,C04741,10820,MNXM730388,GMVPRGQOIOIIMI-DWKJAMRDSA-M,alprostadil,C20H33O5,C | H | O,no_N,transport,kegg.compound:C04741,none,1
kegg.compound:C05339,Phosphinate,C05339,26042,MNXM1371845,ACVYVLVWPXVTIT-UHFFFAOYSA-N,phosphinate,H3O2P,H | O | P,no_N,transport,kegg.compound:C05339,none,1
kegg.compound:C05422,Dehydroascorbate,C05422,14108,MNXM1108062,SBJKKFFYIZUCET-JLAZNSOCSA-N,dehydroascorbate,C6H6O6,C | H | O,no_N,transport,kegg.compound:C05422,none,1
kegg.compound:C05585,Gentisate aldehyde,C05585,24217,MNXM4270,CLFRCXCBWIQVRN-UHFFFAOYSA-N,gentisate aldehyde,C7H6O3,C | H | O,no_N,transport,kegg.compound:C05585,none,1
kegg.compound:C05682,Phosphonoacetate,C05682,14824,MNXM3034,XUYJLQHKOGNDPB-UHFFFAOYSA-L,phosphonoacetate,C2H3O5P,C | H | O | P,no_N,transport,kegg.compound:C05682,none,1
kegg.compound:C05953,Prostaglandin A2,C05953,133370,MNXM7702,MYHXHCUNDDAEOZ-FOSBLDSVSA-M,prostaglandin a2,C20H29O4,C | H | O,no_N,transport,kegg.compound:C05953,none,1
kegg.compound:C06078,Limonene,C06078,14506,MNXM741618,XMGQYMWWDOXHJM-UHFFFAOYSA-N,limonene,C10H16,C | H,no_N,transport,kegg.compound:C06078,none,1
kegg.compound:C06082,Abscisate,C06082,158341,MNXM725931,JLIDBLDQVAYHNE-YKALOCIXSA-M,abscisate,C15H19O4,C | H | O,no_N,transport,kegg.compound:C06082,none,1
kegg.compound:C06152,muco-Inositol,C06152,10600,MNXM62601,CDAISMWEOUEBRE-GNIYUCBRSA-N,muco-inositol,C6H12O6,C | H | O,no_N,transport,kegg.compound:C06152,none,1
kegg.compound:C06219,Cellotriose,C06219,3528,MNXM5664,FYGDTMLNYKFZSV-ZWSAEMDYSA-N,cellotriose,C18H32O16,C | H | O,no_N,transport,kegg.compound:C06219,none,1
kegg.compound:C06254,Lysophospholipid,C06254,14542,MNXM62358,,lysophospholipid,C4H7O7P*2,C | H | O | P,no_N,transport,kegg.compound:C06254,none,1
kegg.compound:C06255,2-Oxopentanoic acid,C06255,1257,MNXM4302,KDVFRMMRZOCFLS-UHFFFAOYSA-M,2-oxopentanoic acid,C5H7O3,C | H | O,no_N,transport,kegg.compound:C06255,none,1
kegg.compound:C06428,"(5Z,8Z,11Z,14Z,17Z)-Icosapentaenoic acid",C06428,190750,MNXM727959,JAZBEHYOTPTENJ-JLNKQSITSA-M,"(5z,8z,11z,14z,17z)-icosapentaenoic acid",C20H29O2,C | H | O,no_N,transport,kegg.compound:C06428,none,1
kegg.compound:C06454,Fosfomycin,C06454,24100,MNXM3733,YMDXZJFXQJVXBF-STHAYSLISA-M,fosfomycin,C3H6O4P,C | H | O | P,no_N,transport | metabolomics,kegg.compound:C06454,none,1
kegg.compound:C06677,Toluene-4-sulfonate,C06677,27023,MNXM1371313,JOXIMZWYDAKGHI-UHFFFAOYSA-M,toluene-4-sulfonate,C7H7O3S,C | H | O | S,no_N,transport,kegg.compound:C06677,none,1
kegg.compound:C06691,Actinorhodin,C06691,2448,MNXM1371667,VTIKDEXOEJDMJP-WYUUTHIRSA-N,actinorhodin,C32H26O14,C | H | O,no_N,transport,kegg.compound:C06691,none,1
kegg.compound:C06694,Fusidic acid,C06694,24133,MNXM1106689,IECPWNUMDGFDKC-MZJAQBGESA-M,fusidic acid,C31H47O6,C | H | O,no_N,transport,kegg.compound:C06694,none,1
kegg.compound:C06696,Lead,C06696,30179,MNXM1363628,RVPVRDXYQKGNMQ-UHFFFAOYSA-N,lead,Pb,Pb,no_N,transport,kegg.compound:C06696,none,1
kegg.compound:C06697,Arsenite,C06697,13857,MNXM1092581,OWTFKEBRIAXSMO-UHFFFAOYSA-N,arsenite,AsO3,As | O,no_N,transport,kegg.compound:C06697,none,1
kegg.compound:C06701,Phosphonic acid,C06701,14820,MNXM1094019,ABLZXFCXXLZCGV-UHFFFAOYSA-L,phosphonic acid,HO3P,H | O | P,no_N,transport,kegg.compound:C06701,none,1
kegg.compound:C06956,Digoxin,C06956,41856,MNXM1137714,LTMHDMANZUZIPE-PUGKRICDSA-N,digoxin,C41H64O14,C | H | O,no_N,transport,kegg.compound:C06956,none,1
kegg.compound:C07075,Lindane,C07075,10567,MNXM738885,JLYXXMFPNIAWKQ-GNIYUCBRSA-N,lindane,C6H6Cl6,C | Cl | H,no_N,transport,kegg.compound:C07075,none,1
kegg.compound:C08252,Verbascose,C08252,10371,MNXM7880,FLUADVWHMHPUCG-SWPIJASHSA-N,verbascose,C30H52O26,C | H | O,no_N,transport,kegg.compound:C08252,none,1
kegg.compound:C08491,(-)-Jasmonic acid,C08491,14486,MNXM733252,ZNJFBWYDHIGLCU-HWKXXFMVSA-M,(-)-jasmonic acid,C12H17O3,C | H | O,no_N,transport,kegg.compound:C08491,none,1
kegg.compound:C09183,Sclareol,C09183,9053,MNXM736950,XVULBTBTFGYVRC-HHUCQEJWSA-N,sclareol,C20H36O2,C | H | O,no_N,transport,kegg.compound:C09183,none,1
kegg.compound:C09189,Stevioside,C09189,9271,MNXM727897,UEDUENGHJMELGK-HYDKPPNVSA-N,stevioside,C38H60O18,C | H | O,no_N,transport,kegg.compound:C09189,none,1
kegg.compound:C09264,Esculin,C09264,4853,MNXM1363624,XHCADAYNFIFUHF-TVKJYDDYSA-N,esculin,C15H16O9,C | H | O,no_N,transport,kegg.compound:C09264,none,1
kegg.compound:C09538,Qing Hau Sau,C09538,182769,MNXM1106895,BLUAFEHZUWYNDE-DCJAHCNHSA-N,qing hau sau,C15H22O5,C | H | O,no_N,transport,kegg.compound:C09538,none,1
kegg.compound:C09627,Capsidiol,C09627,23001,MNXM733415,BXXSHQYDJWZXPB-OKNSCYNVSA-N,capsidiol,C15H24O2,C | H | O,no_N,transport,kegg.compound:C09627,none,1
kegg.compound:C09741,Trichodermin,C09741,552470,MNXM740969,HNEGCRMUYSKRRR-NWHWRWDZSA-N,trichodermin,C17H24O4,C | H | O,no_N,transport,kegg.compound:C09741,none,1
kegg.compound:C09762,Liquiritigenin,C09762,25065,MNXM1370925,FURUXTVZLHCCNA-AWEZNQCLSA-N,liquiritigenin,C15H12O4,C | H | O,no_N,transport,kegg.compound:C09762,none,1
kegg.compound:C09844,"1,8-Cineole",C09844,18956,MNXM734504,WEEGYLXZBRQIMU-WAAGHKOSSA-N,"1,8-cineole",C10H18O,C | H | O,no_N,transport,kegg.compound:C09844,none,1
kegg.compound:C09880,alpha-Pinene,C09880,10326,MNXM1364660,GRWFGVWFFZKLTI-UHFFFAOYSA-N,alpha-pinene,C10H16,C | H,no_N,transport,kegg.compound:C09880,none,1
kegg.compound:C10043,Flavone,C10043,42486,MNXM727067,VHBFFQKBGNRLFZ-UHFFFAOYSA-N,flavone,C15H10O2,C | H | O,no_N,transport,kegg.compound:C10043,none,1
kegg.compound:C10906,D-Fructose,C10906,4119,MNXM1363863,BJHIKXHVCXFQLS-UYFOZJQFSA-N,d-fructose,C6H12O6,C | H | O,no_N,transport,kegg.compound:C10906,none,1
kegg.compound:C11149,Dichloroacetate,C11149,23694,MNXM5126,JXTHNDFMNIQAHM-UHFFFAOYSA-M,dichloroacetate,C2HCl2O2,C | Cl | H | O,no_N,transport,kegg.compound:C11149,none,1
kegg.compound:C11152,Tetraphenylphosphonium,C11152,44877,MNXM84011,USFPINLPPFWTJW-UHFFFAOYSA-N,tetraphenylphosphonium,C24H20P,C | H | P,no_N,transport,kegg.compound:C11152,none,1
kegg.compound:C11153,Teniposide,C11153,75988,MNXM173451,NRUKOCRGYNPUPR-QBPJDGROSA-N,teniposide,C32H32O13S,C | H | O | S,no_N,transport,kegg.compound:C11153,none,1
kegg.compound:C11166,SDS,C11166,8984,MNXM161137,DBMJMQXJHONAFJ-UHFFFAOYSA-M,sds,C12H25NaO4S,C | H | Na | O | S,no_N,transport,kegg.compound:C11166,none,1
kegg.compound:C11237,17beta-Estradiol 17-(beta-D-glucuronide),C11237,791,MNXM1107146,MTKNDAQYHASLID-QXYWQCSFSA-M,17beta-estradiol 17-(beta-d-glucuronide),C24H31O8,C | H | O,no_N,transport,kegg.compound:C11237,none,1
kegg.compound:C11422,Phenanthrene,C11422,25951,MNXM3689,YNPNZTXNASCQKK-UHFFFAOYSA-N,phenanthrene,C14H10,C | H,no_N,transport,kegg.compound:C11422,none,1
kegg.compound:C00718,Amylose,C00718,,MNXM727735,,amylose,C6H10O5*2,C | H | O,no_N,metabolism,kegg.compound:C00718,none,1
kegg.compound:C00369,Starch,C00369,,MNXM725902,,starch,C12H20O10*2,C | H | O,no_N,metabolism,kegg.compound:C00369,none,1
kegg.compound:C00258,D-Glycerate,C00258,10999,MNXM1136254,RBNPOMFGQQGHHO-UWTATZPHSA-M,d-glycerate,C3H5O4,C | H | O,no_N,metabolism | transport,kegg.compound:C00258,none,1
kegg.compound:C06611,trans-3-Chloro-2-propene-1-ol,C06611,10710,MNXM729378,HJGHXDNIPAWLLE-OWOJBTEDSA-N,trans-3-chloro-2-propene-1-ol,C3H5ClO,C | Cl | H | O,no_N,metabolism,kegg.compound:C06611,none,1
kegg.compound:C06612,cis-3-Chloro-2-propene-1-ol,C06612,10473,MNXM5676,HJGHXDNIPAWLLE-UPHRSURJSA-N,cis-3-chloro-2-propene-1-ol,C3H5ClO,C | Cl | H | O,no_N,metabolism,kegg.compound:C06612,none,1
kegg.compound:C00641,"1,2-Diacyl-sn-glycerol",C00641,,MNXM738570,,"1,2-diacyl-sn-glycerol",C5H6O5*2,C | H | O,no_N,metabolism,kegg.compound:C00641,none,1
kegg.compound:C00988,2-Phosphoglycolate,C00988,11652,MNXM2074,ASCFNMCAHFUBCO-UHFFFAOYSA-K,2-phosphoglycolate,C2H2O6P,C | H | O | P,no_N,metabolism,kegg.compound:C00988,none,1
kegg.compound:C00345,6-Phospho-D-gluconate,C00345,12232,MNXM734080,BIRSGZKFKXLSJQ-SQOUGZDYSA-K,6-phospho-d-gluconate,C6H10O10P,C | H | O | P,no_N,metabolism | metabolomics,kegg.compound:C00345,none,1
kegg.compound:C00237,CO,C00237,13281,MNXM726637,UGFAIRIUMAVXCW-UHFFFAOYSA-N,co,CO,C | O,no_N,metabolism,kegg.compound:C00237,none,1
kegg.compound:C06899,Chloral hydrate,C06899,23105,MNXM5666,RNFNDJAIBTYOQL-UHFFFAOYSA-N,chloral hydrate,C2H3Cl3O2,C | Cl | H | O,no_N,metabolism,kegg.compound:C06899,none,1
kegg.compound:C00226,Primary alcohol,C00226,,MNXM730356,,primary alcohol,CH3O*,C | H | O,no_N,metabolism,kegg.compound:C00226,none,1
kegg.compound:C02909,(2-Naphthyl)methanol,C02909,173,MNXM4910,MFGWMAAZYZSWMY-UHFFFAOYSA-N,(2-naphthyl)methanol,C11H10O,C | H | O,no_N,metabolism,kegg.compound:C02909,none,1
kegg.compound:C01236,"D-Glucono-1,5-lactone 6-phosphate",C01236,12233,MNXM1104491,IJOJIVNDFQSGAB-SQOUGZDYSA-L,"d-glucono-1,5-lactone 6-phosphate",C6H9O9P,C | H | O | P,no_N,metabolism,kegg.compound:C01236,none,1
kegg.compound:C05576,"3,4-Dihydroxyphenylethyleneglycol",C05576,1387,MNXM2931,MTVWFVDWRVYDOR-QMMMGPOBSA-N,"3,4-dihydroxyphenylethyleneglycol",C8H10O4,C | H | O,no_N,metabolism,kegg.compound:C05576,none,1
kegg.compound:C02094,beta-Carotene,C02094,10355,MNXM1108250,OENHQHLEOONYIE-JLTXGRSLSA-N,beta-carotene,C40H56,C | H,no_N,metabolism | transport,kegg.compound:C02094,none,1
kegg.compound:C00673,2-Deoxy-D-ribose 5-phosphate,C00673,142210,MNXM732594,KKZFLSZAWCYPOC-PYHARJCCSA-L,2-deoxy-d-ribose 5-phosphate,C5H9O7P,C | H | O | P,no_N,metabolism,kegg.compound:C00673,none,1
kegg.compound:C07490,Trichloroethanol,C07490,27098,MNXM3152,KPWDGTGXUYRARH-UHFFFAOYSA-N,trichloroethanol,C2H3Cl3O,C | Cl | H | O,no_N,metabolism,kegg.compound:C07490,none,1
kegg.compound:C00966,2-Dehydropantoate,C00966,1071,MNXM959,PKVVTUWHANFMQC-UHFFFAOYSA-M,2-dehydropantoate,C6H9O4,C | H | O,no_N,metabolism,kegg.compound:C00966,none,1
kegg.compound:C00522,(R)-Pantoate,C00522,11006,MNXM593,OTOIIPJYVQJATP-BYPYZUCNSA-M,(r)-pantoate,C6H11O4,C | H | O,no_N,metabolism,kegg.compound:C00522,none,1
kegg.compound:C02211,tRNA precursor,C02211,10668,MNXM5965,,trna precursor,C15H25O16P2*3,C | H | O | P,no_N,metabolism,kegg.compound:C02211,none,1
kegg.compound:C00620,alpha-D-Ribose 1-phosphate,C00620,10269,MNXM1103205,YXJDFQJKERBOBM-TXICZTDVSA-L,alpha-d-ribose 1-phosphate,C5H9O8P,C | H | O | P,no_N,metabolism,kegg.compound:C00620,none,1
kegg.compound:C01094,D-Fructose 1-phosphate,C01094,138881,MNXM1104787,RHKKZBWRNHGJEZ-ARQDHWQXSA-L,d-fructose 1-phosphate,C6H11O9P,C | H | O | P,no_N,metabolism,kegg.compound:C01094,none,1
kegg.compound:C05379,Oxalosuccinate,C05379,153066,MNXM1093495,UFSCUAXLTRFIDC-REOHCLBHSA-K,oxalosuccinate,C6H3O7,C | H | O,no_N,metabolism,kegg.compound:C05379,none,1
kegg.compound:C00704,Superoxide,C00704,15143,MNXM1107906,OUUQCZGPVNCOIJ-UHFFFAOYSA-M,superoxide,O2,O,no_N,metabolism | transport,kegg.compound:C00704,none,1
kegg.compound:C11537,(2R)-3-Sulfolactate,C11537,11890,MNXM530,CQQGIWJSICOUON-REOHCLBHSA-L,(2r)-3-sulfolactate,C3H4O6S,C | H | O | S,no_N,metabolism,kegg.compound:C11537,none,1
kegg.compound:C00266,Glycolaldehyde,C00266,14347,MNXM734590,WGCNASOHLSPBMP-UHFFFAOYSA-N,glycolaldehyde,C2H4O2,C | H | O,no_N,metabolism,kegg.compound:C00266,none,1
kegg.compound:C00583,"Propane-1,2-diol",C00583,14899,MNXM1364595,DNIAPMSPPWPWGF-UHFFFAOYSA-N,"propane-1,2-diol",C3H8O2,C | H | O,no_N,metabolism | transport,kegg.compound:C00583,none,1
kegg.compound:C11316,Tetraphenylarsonium,C11316,9501,MNXM84008,PJMJFVQKDBRMIP-UHFFFAOYSA-N,tetraphenylarsonium,C24H20As,As | C | H,no_N,transport,kegg.compound:C11316,none,1
kegg.compound:C02336,beta-D-Fructose,C02336,10373,MNXM1364098,RFSUNEUAIZKAJO-ARQDHWQXSA-N,beta-d-fructose,C6H12O6,C | H | O,no_N,metabolism,kegg.compound:C02336,none,1
kegg.compound:C01182,"D-Ribulose 1,5-bisphosphate",C01182,13017,MNXM1106709,YAHZABJORDUQGO-NQXXGFSBSA-J,"d-ribulose 1,5-bisphosphate",C5H8O11P2,C | H | O | P,no_N,metabolism | metabolomics,kegg.compound:C01182,none,1
kegg.compound:C05985,2-Propynal,C05985,1271,MNXM2716,IJNJLGFTSIAHEA-UHFFFAOYSA-N,2-propynal,C3H2O,C | H | O,no_N,metabolism,kegg.compound:C05985,none,1
kegg.compound:C06754,Chloroacetaldehyde,C06754,23122,MNXM1816,QSKPIOLLBIHNAC-UHFFFAOYSA-N,chloroacetaldehyde,C2H3ClO,C | Cl | H | O,no_N,metabolism,kegg.compound:C06754,none,1
kegg.compound:C00433,"2,5-Dioxopentanoate",C00433,11454,MNXM770,VHKNBDIQDAXGBL-UHFFFAOYSA-M,"2,5-dioxopentanoate",C5H5O4,C | H | O,no_N,metabolism,kegg.compound:C00433,none,1
kegg.compound:C02170,Methylmalonate,C02170,14603,MNXM1572,ZIYVHBGGAOATLY-UHFFFAOYSA-L,methylmalonate,C4H4O4,C | H | O,no_N,metabolism,kegg.compound:C02170,none,1
kegg.compound:C00818,D-Glucarate,C00818,12953,MNXM1107695,DSLZVSRJTYRBFB-LLEIAEIESA-L,d-glucarate,C6H8O8,C | H | O,no_N,metabolism,kegg.compound:C00818,none,1
kegg.compound:C00804,Propynoate,C00804,14908,MNXM2422,UORVCLMRJXCDCP-UHFFFAOYSA-M,propynoate,C3HO2,C | H | O,no_N,metabolism,kegg.compound:C00804,none,1
kegg.compound:C02576,Perillyl aldehyde,C02576,14773,MNXM2149,RUMOYJJNUMEFDD-SNVBAGLBSA-N,perillyl aldehyde,C10H14O,C | H | O,no_N,metabolism,kegg.compound:C02576,none,1
kegg.compound:C02670,D-Glucuronolactone,C02670,12976,MNXM1105901,UYUXSRADSPPKRZ-SKNVOMKLSA-N,d-glucuronolactone,C6H8O6,C | H | O,no_N,metabolism,kegg.compound:C02670,none,1
kegg.compound:C03461,"2-trans,6-trans-Farnesal",C03461,11486,MNXM1368735,YHRUHBBTQZKMEX-YFVJMOTDSA-N,"2-trans,6-trans-farnesal",C15H24O,C | H | O,no_N,metabolism,kegg.compound:C03461,none,1
kegg.compound:C04554,"3alpha,7alpha-Dihydroxy-5beta-cholestanate",C04554,,MNXM1107210,ITZYGDKGRKKBSN-SQZYAAIWSA-N,"3alpha,7alpha-dihydroxy-5beta-cholestanate",C27H46O4,C | H | O,no_N,metabolism,kegg.compound:C04554,none,1
kegg.compound:C06614,trans-3-Chloroacrylic acid,C06614,,MNXM738792,MHMUCYJKZUZMNJ-OWOJBTEDSA-N,trans-3-chloroacrylic acid,C3H3ClO2,C | Cl | H | O,no_N,metabolism,kegg.compound:C06614,none,1
kegg.compound:C06615,cis-3-Chloroacrylic acid,C06615,10474,MNXM46935,MHMUCYJKZUZMNJ-UPHRSURJSA-N,cis-3-chloroacrylic acid,C3H3ClO2,C | Cl | H | O,no_N,metabolism,kegg.compound:C06615,none,1
kegg.compound:C04225,"(Z)-But-2-ene-1,2,3-tricarboxylate",C04225,11084,MNXM1792,NUZLRKBHOBPTQV-ARJAWSKDSA-K,"(z)-but-2-ene-1,2,3-tricarboxylate",C7H5O6,C | H | O,no_N,metabolism,kegg.compound:C04225,none,1
kegg.compound:C04593,"(2S,3R)-3-Hydroxybutane-1,2,3-tricarboxylate",C04593,10869,MNXM1104204,HHKPKXCSHMJWCF-WVBDSBKLSA-K,"(2s,3r)-3-hydroxybutane-1,2,3-tricarboxylate",C7H7O7,C | H | O,no_N,metabolism,kegg.compound:C04593,none,1
kegg.compound:C06753,2-Chloroethanol,C06753,1044,MNXM2318,SZIFAVKTNFCBPC-UHFFFAOYSA-N,2-chloroethanol,C2H5ClO,C | Cl | H | O,no_N,metabolism,kegg.compound:C06753,none,1
kegg.compound:C05235,Hydroxyacetone,C05235,24666,MNXM1744,XLSMFKSTNGKWQX-UHFFFAOYSA-N,hydroxyacetone,C3H6O2,C | H | O,no_N,metabolism,kegg.compound:C05235,none,1
kegg.compound:C01384,Maleic acid,C01384,132951,MNXM1239,VZCYOOQTPOCHFL-UPHRSURJSA-L,maleic acid,C4H2O4,C | H | O,no_N,metabolism | transport,kegg.compound:C01384,none,1
kegg.compound:C03033,beta-D-Glucuronoside,C03033,10404,MNXM10548,,beta-d-glucuronoside,C6H8O7*,C | H | O,no_N,metabolism | transport,kegg.compound:C03033,none,1
kegg.compound:C05432,Lycopene,C05432,14541,MNXM1364638,OAIJSZIZWZSQBC-GYZMGTAESA-N,lycopene,C40H56,C | H,no_N,metabolism | transport,kegg.compound:C05432,none,1
kegg.compound:C00184,Glycerone,C00184,14340,MNXM460,RXKJFZQQPQGTFL-UHFFFAOYSA-N,glycerone,C3H6O3,C | H | O,no_N,metabolism | transport,kegg.compound:C00184,none,1
kegg.compound:C02084,Tetrathionate,C02084,15226,MNXM1781,HPQYKCJIWQFJMS-UHFFFAOYSA-L,tetrathionate,O6S4,O | S,no_N,metabolism | transport,kegg.compound:C02084,none,1
kegg.compound:C00808,(+)-Camphor,C00808,10758,MNXM732948,DSSYKIVIOFKYAU-XCBNKYQSSA-N,(+)-camphor,C10H16O,C | H | O,no_N,transport,kegg.compound:C00808,none,1
kegg.compound:C06429,"(4Z,7Z,10Z,13Z,16Z,19Z)-Docosahexaenoic acid",C06429,23857,MNXM7161,MBMBGCFOFBJSGT-KUBAVDMBSA-M,"(4z,7z,10z,13z,16z,19z)-docosahexaenoic acid",C22H31O2,C | H | O,no_N,transport,kegg.compound:C06429,none,1
kegg.compound:C01935,Maltodextrin,C01935,,MNXM727734,FYGDTMLNYKFZSV-DZOUCCHMSA-N,maltodextrin,C18H32O16,C | H | O,no_N,metabolism,kegg.compound:C01935,none,1
kegg.compound:C00310,D-Xylulose,C00310,144889,MNXM1371293,LQXVFWRQNMEDEE-WISUUJSJSA-N,d-xylulose,C5H10O5,C | H | O,no_N,metabolism,kegg.compound:C00310,none,1
kegg.compound:C05444,"3alpha,7alpha,26-Trihydroxy-5beta-cholestane",C05444,1702,MNXM1103845,OQIJRBFRXGIHMI-WKNWCLFJSA-N,"3alpha,7alpha,26-trihydroxy-5beta-cholestane",C27H48O3,C | H | O,no_N,metabolism,kegg.compound:C05444,none,1
kegg.compound:C05433,alpha-Carotene,C05433,10215,MNXM731660,ANVAOWXLWRTKGA-NTXLUARGSA-N,alpha-carotene,C40H56,C | H,no_N,metabolism | transport,kegg.compound:C05433,none,1
kegg.compound:C00201,Nucleoside triphosphate,C00201,,MNXM729016,,nucleoside triphosphate,C5H12O13P3*,C | H | O | P,no_N,metabolism,kegg.compound:C00201,none,1
kegg.compound:C00454,NDP,C00454,,MNXM735702,,ndp,C5H11O10P2*,C | H | O | P,no_N,metabolism,kegg.compound:C00454,none,1
kegg.compound:C06597,"1,3,4,6-Tetrachloro-1,4-cyclohexadiene",C06597,18904,MNXM733888,HKAJKOBDBFGGIU-AWFVSMACSA-N,"1,3,4,6-tetrachloro-1,4-cyclohexadiene",C6H4Cl4,C | Cl | H,no_N,metabolism,kegg.compound:C06597,none,1
kegg.compound:C06598,"2,4,5-Trichloro-2,5-cyclohexadiene-1-ol",C06598,19329,MNXM3439,KRQUJBMPSDPYMT-CVYQJGLWSA-N,"2,4,5-trichloro-2,5-cyclohexadiene-1-ol",C6H5Cl3O,C | Cl | H | O,no_N,metabolism,kegg.compound:C06598,none,1
kegg.compound:C06599,"2,5-Dichloro-2,5-cyclohexadiene-1,4-diol",C06599,19372,MNXM4960,CPXFTNFOQXXRBF-WDSKDSINSA-N,"2,5-dichloro-2,5-cyclohexadiene-1,4-diol",C6H6Cl2O2,C | Cl | H | O,no_N,metabolism,kegg.compound:C06599,none,1
kegg.compound:C06609,"trans-1,3-Dichloropropene",C06609,18624,MNXM9463,UOORRWUZONOOLO-OWOJBTEDSA-N,"trans-1,3-dichloropropene",C3H4Cl2,C | Cl | H,no_N,metabolism,kegg.compound:C06609,none,1
kegg.compound:C06610,"cis-1,3-Dichloropropene",C06610,18809,MNXM9511,UOORRWUZONOOLO-UPHRSURJSA-N,"cis-1,3-dichloropropene",C3H4Cl2,C | Cl | H,no_N,metabolism,kegg.compound:C06610,none,1
kegg.compound:C06752,"1,2-Dichloroethane",C06752,18881,MNXM3133,WSLDOOZREJYCGB-UHFFFAOYSA-N,"1,2-dichloroethane",C2H4Cl2,C | Cl | H,no_N,metabolism,kegg.compound:C06752,none,1
kegg.compound:C06988,"beta-1,2,3,4,5,6-Hexachlorocyclohexane",C06988,22757,MNXM738884,JLYXXMFPNIAWKQ-CDRYSYESSA-N,"beta-1,2,3,4,5,6-hexachlorocyclohexane",C6H6Cl6,C | Cl | H,no_N,metabolism,kegg.compound:C06988,none,1
kegg.compound:C00984,alpha-D-Galactose,C00984,10231,MNXM1364486,WQZGKKKJIJFFOK-PHYPRBDBSA-N,alpha-d-galactose,C6H12O6,C | H | O,no_N,metabolism,kegg.compound:C00984,none,1
kegg.compound:C03862,Dolichyl phosphate D-mannose,C03862,14192,MNXM733595,AGLXCEGQRIYVRV-DCNFWXCGSA-N,dolichyl phosphate d-mannose,C31H55O9P,C | H | O | P,no_N,metabolism,kegg.compound:C03862,none,1
kegg.compound:C00422,Triacylglycerol,C00422,,MNXM732989,,triacylglycerol,C6H5O6*3,C | H | O,no_N,metabolism,kegg.compound:C00422,none,1
kegg.compound:C01885,1-Acylglycerol,C01885,,MNXM733607,,1-acylglycerol,C4H7O4*,C | H | O,no_N,metabolism,kegg.compound:C01885,none,1
kegg.compound:C00424,(S)-Lactaldehyde,C00424,11064,MNXM732880,BSABBBMNWQWLLU-VKHMYHEASA-N,(s)-lactaldehyde,C3H6O2,C | H | O,no_N,metabolism,kegg.compound:C00424,none,1
kegg.compound:C03692,"1,2-Diacyl-3-beta-D-galactosyl-sn-glycerol",C03692,,MNXM741360,,"1,2-diacyl-3-beta-d-galactosyl-sn-glycerol",C11H16O10*2,C | H | O,no_N,metabolism,kegg.compound:C03692,none,1
kegg.compound:C05404,D-Gal alpha 1->6D-Gal alpha 1->6D-Glucose,C05404,155215,MNXM41030,FBJQEBRMDXPWNX-YOFXRGKYSA-N,d-gal alpha 1->6d-gal alpha 1->6d-glucose,C18H32O16,C | H | O,no_N,metabolism,kegg.compound:C05404,none,1
kegg.compound:C11516,2-(alpha-D-Mannosyl)-3-phosphoglycerate,C11516,11402,MNXM732039,RJDBNSZFZDWPFL-SAYMMRJXSA-K,2-(alpha-d-mannosyl)-3-phosphoglycerate,C9H14O12P,C | H | O | P,no_N,metabolism,kegg.compound:C11516,none,1
kegg.compound:C00222,3-Oxopropanoate,C00222,11877,MNXM1368841,OAKURXIZZOAYBC-UHFFFAOYSA-M,3-oxopropanoate,C3H3O3,C | H | O,no_N,metabolism,kegg.compound:C00222,none,1
kegg.compound:C00885,Isochorismate,C00885,14464,MNXM799,NTGWPRCCOQCMGE-YUMQZZPRSA-L,isochorismate,C10H8O6,C | H | O,no_N,metabolism,kegg.compound:C00885,none,1
kegg.compound:C03657,"1,4-Dihydroxy-2-naphthoate",C03657,11173,MNXM552,VOJUXHHACRXLTD-UHFFFAOYSA-M,"1,4-dihydroxy-2-naphthoate",C11H7O4,C | H | O,no_N,metabolism,kegg.compound:C03657,none,1
kegg.compound:C04188,S-Methyl-5-thio-D-ribose 1-phosphate,C04188,12767,MNXM1363840,JTFITTQBRJDSTL-KVTDHHQDSA-L,s-methyl-5-thio-d-ribose 1-phosphate,C6H11O7PS,C | H | O | P | S,no_N,metabolism,kegg.compound:C04188,none,1
kegg.compound:C00601,Phenylacetaldehyde,C00601,14778,MNXM473,DTUQWGWMVIHBKE-UHFFFAOYSA-N,phenylacetaldehyde,C8H8O,C | H | O,no_N,metabolism,kegg.compound:C00601,none,1
kegg.compound:C03765,4-Hydroxyphenylacetaldehyde,C03765,10899,MNXM479,IPRPPFIAVHPVJH-UHFFFAOYSA-N,4-hydroxyphenylacetaldehyde,C8H8O2,C | H | O,no_N,metabolism,kegg.compound:C03765,none,1
kegg.compound:C02730,2-Succinylbenzoate,C02730,1278,MNXM1212,YIVWQNVQRXFZJB-UHFFFAOYSA-L,2-succinylbenzoate,C11H8O5,C | H | O,no_N,metabolism,kegg.compound:C02730,none,1
kegg.compound:C05421,15-cis-Phytoene,C05421,10486,MNXM1370262,YVLPJIGOMTXXLP-BHLJUDRVSA-N,15-cis-phytoene,C40H64,C | H,no_N,metabolism,kegg.compound:C05421,none,1
kegg.compound:C05413,all-trans-Phytoene,C05413,8191,MNXM1370263,YVLPJIGOMTXXLP-KEKOKYSKSA-N,all-trans-phytoene,C40H64,C | H,no_N,metabolism,kegg.compound:C05413,none,1
kegg.compound:C05817,"(1R,6R)-6-Hydroxy-2-succinylcyclohexa-2,4-diene-1-carboxylate",C05817,39564,MNXM727528,QJYRAJSESKVEAE-PSASIEDQSA-L,"(1r,6r)-6-hydroxy-2-succinylcyclohexa-2,4-diene-1-carboxylate",C11H10O6,C | H | O,no_N,metabolism,kegg.compound:C05817,none,1
kegg.compound:C04043,"3,4-Dihydroxyphenylacetaldehyde",C04043,1385,MNXM1401,IADQVXRMSNIUEL-UHFFFAOYSA-N,"3,4-dihydroxyphenylacetaldehyde",C8H8O3,C | H | O,no_N,metabolism,kegg.compound:C04043,none,1
kegg.compound:C05581,3-Methoxy-4-hydroxyphenylacetaldehyde,C05581,1574,MNXM4183,GOQGGGANVKPMNH-UHFFFAOYSA-N,3-methoxy-4-hydroxyphenylacetaldehyde,C9H10O3,C | H | O,no_N,metabolism,kegg.compound:C05581,none,1
kegg.compound:C05583,3-Methoxy-4-hydroxyphenylglycolaldehyde,C05583,1577,MNXM730543,VISAJVAPYPFKCL-QMMMGPOBSA-N,3-methoxy-4-hydroxyphenylglycolaldehyde,C9H10O4,C | H | O,no_N,metabolism,kegg.compound:C05583,none,1
kegg.compound:C11536,(2R)-O-Phospho-3-sulfolactate,C11536,10859,MNXM1348,CABHHUMGNFUZCZ-REOHCLBHSA-J,(2r)-o-phospho-3-sulfolactate,C3H3O9PS,C | H | O | P | S,no_N,metabolism,kegg.compound:C11536,none,1
kegg.compound:C03427,Prephytoene diphosphate,C03427,17090,MNXM1363927,RVCNKTPCHZNAAO-UZDKSQMHSA-K,prephytoene diphosphate,C40H65O7P2,C | H | O | P,no_N,metabolism,kegg.compound:C03427,none,1
kegg.compound:C05431,all-trans-Neurosporene,C05431,14643,MNXM1370532,ATCICVFRSJQYDV-XILUKMICSA-N,all-trans-neurosporene,C40H58,C | H,no_N,metabolism,kegg.compound:C05431,none,1
kegg.compound:C05430,all-trans-zeta-Carotene,C05430,10737,MNXM726184,BIWLELKAFXRPDE-WTXAYMOSSA-N,all-trans-zeta-carotene,C40H60,C | H,no_N,metabolism,kegg.compound:C05430,none,1
kegg.compound:C05435,gamma-Carotene,C05435,10560,MNXM1048,HRQKOYFGHJYEFS-BXOLYSJBSA-N,gamma-carotene,C40H56,C | H,no_N,metabolism,kegg.compound:C05435,none,1
kegg.compound:C05414,all-trans-Phytofluene,C05414,28129,MNXM1364456,OVSVTCFNLSGAMM-OUOOUFEBSA-N,all-trans-phytofluene,C40H62,C | H,no_N,metabolism,kegg.compound:C05414,none,1
kegg.compound:C05172,Selenophosphoric acid,C05172,15078,MNXM1339,JRPHGDYSKGJTKZ-UHFFFAOYSA-K,selenophosphoric acid,O3PSe,O | P | Se,no_N,metabolism,kegg.compound:C05172,none,1
kegg.compound:C05427,Phytyl diphosphate,C05427,75434,MNXM741281,ITPLBNCCPZSWEU-PYDDKJGSSA-K,phytyl diphosphate,C20H39O7P2,C | H | O | P,no_N,metabolism,kegg.compound:C05427,none,1
kegg.compound:C04046,"3-D-Glucosyl-1,2-diacylglycerol",C04046,75799,MNXM726129,,"3-d-glucosyl-1,2-diacylglycerol",C11H16O10*2,C | H | O,no_N,metabolism,kegg.compound:C04046,none,1
kegg.compound:C02591,Sucrose 6^-phosphate,C02591,15129,MNXM725918,PJTTXANTBQDXME-UGDNZRGBSA-L,sucrose 6^-phosphate,C12H21O14P,C | H | O | P,no_N,metabolism,kegg.compound:C02591,none,1
kegg.compound:C05434,beta-Zeacarotene,C05434,10449,MNXM734701,MICBIPJWKDDGNL-FILYMEKXSA-N,beta-zeacarotene,C40H58,C | H,no_N,metabolism,kegg.compound:C05434,none,1
kegg.compound:C08586,delta-Carotene,C08586,10538,MNXM737154,WGIYGODPCLMGQH-GOXCNPTKSA-N,delta-carotene,C40H56,C | H,no_N,metabolism,kegg.compound:C08586,none,1
kegg.compound:C05580,"3,4-Dihydroxymandelate",C05580,1383,MNXM3473,RGHMISIYKIHAJW-SSDOTTSWSA-M,"3,4-dihydroxymandelate",C8H7O5,C | H | O,no_N,metabolism,kegg.compound:C05580,none,1
kegg.compound:C05582,Homovanillate,C05582,133744,MNXM3287,QRMZSPFSDQBLIX-UHFFFAOYSA-M,homovanillate,C9H9O4,C | H | O,no_N,metabolism,kegg.compound:C05582,none,1
kegg.compound:C05584,3-Methoxy-4-hydroxymandelate,C05584,1573,MNXM1371258,CGQCWMIAEPEHNQ-UHFFFAOYSA-N,3-methoxy-4-hydroxymandelate,C9H10O5,C | H | O,no_N,metabolism,kegg.compound:C05584,none,1
kegg.compound:C11150,Trichloroacetate,C11150,27094,MNXM3108,YNJBWRMUSHSURL-UHFFFAOYSA-M,trichloroacetate,C2Cl3O2,C | Cl | O,no_N,metabolism,kegg.compound:C11150,none,1
kegg.compound:C08589,Crocin,C08589,3919,MNXM1364604,SEBIKDIMAPSUBY-RTJKDTQDSA-N,crocin,C44H64O24,C | H | O,no_N,transport,kegg.compound:C08589,none,1
kegg.compound:C07090,Protoanemonin,C07090,20447,MNXM6408,RNYZJZKPGHQTJR-UHFFFAOYSA-N,protoanemonin,C5H4O2,C | H | O,no_N,metabolism,kegg.compound:C07090,none,1
kegg.compound:C02222,2-Maleylacetate,C02222,11607,MNXM1363849,SOXXPQLIZIPMIZ-UPHRSURJSA-L,2-maleylacetate,C6H4O5,C | H | O,no_N,metabolism,kegg.compound:C02222,none,1
kegg.compound:C04431,cis-4-Carboxymethylenebut-2-en-4-olide,C04431,10478,MNXM732407,AYFXPGXAZMFWNH-ONEGZZNKSA-N,cis-4-carboxymethylenebut-2-en-4-olide,C6H4O4,C | H | O,no_N,metabolism,kegg.compound:C04431,none,1
kegg.compound:C04706,"cis-2-Chloro-4-carboxymethylenebut-2-en-1,4-olide",C04706,10467,MNXM732937,ADSGHWJRPOXXTD-NSCUHMNNSA-M,"cis-2-chloro-4-carboxymethylenebut-2-en-1,4-olide",C6H2ClO4,C | Cl | H | O,no_N,metabolism,kegg.compound:C04706,none,1
kegg.compound:C06329,2-Chloromaleylacetate,C06329,1045,MNXM34930,QOHGUQUQCPIROQ-DAFODLJHSA-N,2-chloromaleylacetate,C6H5ClO5,C | Cl | H | O,no_N,metabolism,kegg.compound:C06329,none,1
kegg.compound:C07091,cis-Acetylacrylate,C07091,10481,MNXM11009,XGTKSWVCNVUVHG-IHWYPQMZSA-N,cis-acetylacrylate,C5H6O3,C | H | O,no_N,metabolism,kegg.compound:C07091,none,1
kegg.compound:C07836,D-glycero-beta-D-manno-Heptose 7-phosphate,C07836,60202,MNXM739659,SDADNVAZGVDAIM-ZUHYCWGWSA-L,d-glycero-beta-d-manno-heptose 7-phosphate,C7H13O10P,C | H | O | P,no_N,metabolism,kegg.compound:C07836,none,1
kegg.compound:C00663,beta-D-Glucose 1-phosphate,C00663,10398,MNXM1106066,HXXFSFRBOHSIMQ-DVKNGEFBSA-L,beta-d-glucose 1-phosphate,C6H11O9P,C | H | O | P,no_N,metabolism,kegg.compound:C00663,none,1
kegg.compound:C01251,"(R)-2-Hydroxybutane-1,2,4-tricarboxylate",C01251,52222,MNXM1363997,XKJVEVRQMLKSMO-SSDOTTSWSA-K,"(r)-2-hydroxybutane-1,2,4-tricarboxylate",C7H7O7,C | H | O,no_N,metabolism,kegg.compound:C01251,none,1
kegg.compound:C07838,D-glycero-beta-D-manno-Heptose 1-phosphate,C07838,61593,MNXM1107955,KMEJCSKJXSBBAN-QTNLNCNHSA-L,d-glycero-beta-d-manno-heptose 1-phosphate,C7H13O10P,C | H | O | P,no_N,metabolism,kegg.compound:C07838,none,1
kegg.compound:C11472,"D-glycero-beta-D-manno-Heptose 1,7-bisphosphate",C11472,60206,MNXM731697,LMTGTTLGDUACSJ-QTNLNCNHSA-J,"d-glycero-beta-d-manno-heptose 1,7-bisphosphate",C7H12O13P2,C | H | O | P,no_N,metabolism,kegg.compound:C11472,none,1
kegg.compound:C15603,Hydroquinone,C15603,,MNXM4100,,hydroquinone,C6H2O2*4,C | H | O,no_N,metabolism,kegg.compound:C15603,none,1
kegg.compound:C14818,Fe2+,C14818,13319,MNXM1370983,CWYNVVGOOAEACU-UHFFFAOYSA-N,fe2+,Fe,Fe,no_N,metabolism | transport,kegg.compound:C14818,none,1
kegg.compound:C16348,cis-3-Chloroallyl aldehyde,C16348,80465,MNXM6216,ZSOPPQGHWJVKJB-UPHRSURJSA-N,cis-3-chloroallyl aldehyde,C3H3ClO,C | Cl | H | O,no_N,metabolism,kegg.compound:C16348,none,1
kegg.compound:C17556,"di-trans,poly-cis-Undecaprenyl phosphate",C17556,,MNXM1372531,UFPHFKCTOZIAFY-NTDVEAECSA-N,"di-trans,poly-cis-undecaprenyl phosphate",C55H91O4P,C | H | O | P,no_N,metabolism,kegg.compound:C17556,none,1
kegg.compound:C16220,(3R)-3-Hydroxyoctadecanoyl-[acyl-carrier protein],C16220,,MNXM735182,,(3r)-3-hydroxyoctadecanoyl-[acyl-carrier protein],C18H35O2S*,C | H | O | S,no_N,metabolism,kegg.compound:C16220,none,1
kegg.compound:C20373,3-Hydroxyglutaryl-[acp] methyl ester,C20373,,MNXM741741,,3-hydroxyglutaryl-[acp] methyl ester,C6H9O4S*,C | H | O | S,no_N,metabolism,kegg.compound:C20373,none,1
kegg.compound:C20377,3-Hydroxypimeloyl-[acp] methyl ester,C20377,,MNXM725915,,3-hydroxypimeloyl-[acp] methyl ester,C8H13O4S*,C | H | O | S,no_N,metabolism,kegg.compound:C20377,none,1
kegg.compound:C19673,Malonyl-[acp] methyl ester,C19673,,MNXM728994,,malonyl-[acp] methyl ester,C4H5O3S*,C | H | O | S,no_N,metabolism,kegg.compound:C19673,none,1
kegg.compound:C20375,Glutaryl-[acp] methyl ester,C20375,,MNXM727158,,glutaryl-[acp] methyl ester,C6H9O3S*,C | H | O | S,no_N,metabolism,kegg.compound:C20375,none,1
kegg.compound:C15556,"L-3,4-Dihydroxybutan-2-one 4-phosphate",C15556,50606,MNXM1102294,OKYHYXLCTGGOLM-UHFFFAOYSA-N,"l-3,4-dihydroxybutan-2-one 4-phosphate",C4H9O6P,C | H | O | P,no_N,metabolism,kegg.compound:C15556,none,1
kegg.compound:C20969,Carboxyphosphate,C20969,86994,MNXM145844,LQQCGEGRINLHDP-UHFFFAOYSA-L,carboxyphosphate,CHO6P,C | H | O | P,no_N,metabolism,kegg.compound:C20969,none,1
kegg.compound:C19847,Demethylmenaquinol,C19847,,MNXM731616,WASWRHBQWJCLSQ-RVDMUPIBSA-N,demethylmenaquinol,C20H24O2,C | H | O,no_N,metabolism,kegg.compound:C19847,none,1
kegg.compound:C11811,1-Hydroxy-2-methyl-2-butenyl 4-diphosphate,C11811,10952,MNXM1370498,MDSIZRKJVDMQOQ-GORDUTHDSA-K,1-hydroxy-2-methyl-2-butenyl 4-diphosphate,C5H9O8P2,C | H | O | P,no_N,metabolism,kegg.compound:C11811,none,1
kegg.compound:C16221,(2E)-Octadecenoyl-[acp],C16221,80388,MNXM728718,,(2e)-octadecenoyl-[acp],C18H33OS*,C | H | O | S,no_N,metabolism,kegg.compound:C16221,none,1
kegg.compound:C20374,Enoylglutaryl-[acp] methyl ester,C20374,,MNXM727018,,enoylglutaryl-[acp] methyl ester,C6H7O3S*,C | H | O | S,no_N,metabolism,kegg.compound:C20374,none,1
kegg.compound:C20378,Enoylpimeloyl-[acp] methyl ester,C20378,,MNXM727023,,enoylpimeloyl-[acp] methyl ester,C8H11O3S*,C | H | O | S,no_N,metabolism,kegg.compound:C20378,none,1
kegg.compound:C19846,Pimeloyl-[acyl-carrier protein] methyl ester,C19846,,MNXM727682,,pimeloyl-[acyl-carrier protein] methyl ester,C8H13O3S*,C | H | O | S,no_N,metabolism,kegg.compound:C19846,none,1
kegg.compound:C18902,Methylselenic acid,C18902,77012,MNXM19347,UEQANLFPOFICBH-UHFFFAOYSA-N,methylselenic acid,CH4O2Se,C | H | O | Se,no_N,metabolism,kegg.compound:C18902,none,1
kegg.compound:C14463,(R)-3-Hydroxy-3-methyl-2-oxopentanoate,C14463,34008,MNXM1091755,YJVOWRAWFXRESP-ZCFIWIBFSA-M,(r)-3-hydroxy-3-methyl-2-oxopentanoate,C6H9O4,C | H | O,no_N,metabolism,kegg.compound:C14463,none,1
kegg.compound:C14819,Fe3+,C14819,13320,MNXM1370984,VTLYFUHAOXGGBS-UHFFFAOYSA-N,fe3+,Fe,Fe,no_N,metabolism | transport,kegg.compound:C14819,none,1
kegg.compound:C12059,Triclosan,C12059,164200,MNXM87879,XEFQLINVKFYRCS-UHFFFAOYSA-N,triclosan,C12H7Cl3O2,C | Cl | H | O,no_N,transport,kegg.compound:C12059,none,1
kegg.compound:C13881,Barium cation,C13881,32593,MNXM43229,XDFCIPNJCBUZJN-UHFFFAOYSA-N,barium cation,Ba,Ba,no_N,transport,kegg.compound:C13881,none,1
kegg.compound:C13884,Strontium cation,C13884,176626,MNXM82680,PWYYWQHXAPXYMF-UHFFFAOYSA-N,strontium cation,Sr,Sr,no_N,transport,kegg.compound:C13884,none,1
kegg.compound:C14179,Sulfoacetate,C14179,34987,MNXM1949,AGGIJOLULBJGTQ-UHFFFAOYSA-L,sulfoacetate,C2H2O5S,C | H | O | S,no_N,transport | metabolomics,kegg.compound:C14179,none,1
kegg.compound:C14388,Permethrin,C14388,34911,MNXM1108251,RLLPVAHGXHCWKJ-UHFFFAOYSA-N,permethrin,C21H20Cl2O3,C | Cl | H | O,no_N,transport,kegg.compound:C14388,none,1
kegg.compound:C14641,Cholesteryl oleate,C14641,34634,MNXM730830,RJECHNNFRHZQKU-RMUVNZEASA-N,cholesteryl oleate,C45H78O2,C | H | O,no_N,transport,kegg.compound:C14641,none,1
kegg.compound:C14828,"9,10-DHOME",C14828,72663,MNXM1371823,XEBKSQSGNGRGDW-YFHOEESVSA-M,"9,10-dhome",C18H33O4,C | H | O,no_N,transport,kegg.compound:C14828,none,1
kegg.compound:C15519,25-Hydroxycholesterol,C15519,37616,MNXM740834,INBGSXNNRGWLJU-ZHHJOTBYSA-N,25-hydroxycholesterol,C27H46O2,C | H | O,no_N,transport,kegg.compound:C15519,none,1
kegg.compound:C15844,Elaiophylin,C15844,77879,MNXM51895,OSERMIPXNLXAPD-MJMYBOKFSA-N,elaiophylin,C54H88O18,C | H | O,no_N,transport,kegg.compound:C15844,none,1
kegg.compound:C16069,3-Sulfolactate,C16069,38023,MNXM4995,CQQGIWJSICOUON-UHFFFAOYSA-N,3-sulfolactate,C3H6O6S,C | H | O | S,no_N,transport,kegg.compound:C16069,none,1
kegg.compound:C16421,AI-2,C16421,40646,MNXM40472,ACKRRKSNOOISSG-VPENINKCSA-N,ai-2,C5H10BO7,B | C | H | O,no_N,transport,kegg.compound:C16421,none,1
kegg.compound:C17061,Rubidium cation,C17061,176625,MNXM81157,NCCSSGKUIKYAJD-UHFFFAOYSA-N,rubidium cation,Rb,Rb,no_N,transport,kegg.compound:C17061,none,1
kegg.compound:C17073,Terpineol-4,C17073,132655,MNXM83676,WRYLYDPHFGVWKC-UHFFFAOYSA-N,terpineol-4,C10H18O,C | H | O,no_N,transport,kegg.compound:C17073,none,1
kegg.compound:C17414,Isobutylshikonin,C17414,81070,MNXM57841,BVRYLTBIGIAADD-MRXNPFEDSA-N,isobutylshikonin,C20H22O6,C | H | O,no_N,transport,kegg.compound:C17414,none,1
kegg.compound:C18129,Monolysocardiolipin,C18129,60430,MNXM733507,,monolysocardiolipin,C12H19O16P2*3,C | H | O | P,no_N,transport,kegg.compound:C18129,none,1
kegg.compound:C18822,Landomycin A,C18822,70064,MNXM738659,YMSZNAXJMXNNPT-OPAYXXSESA-N,landomycin a,C55H74O22,C | H | O,no_N,transport,kegg.compound:C18822,none,1
kegg.compound:C19164,Sulfur mustard,C19164,25434,MNXM44370,QKSKPIVNLNLAAV-UHFFFAOYSA-N,sulfur mustard,C4H8Cl2S,C | Cl | H | S,no_N,transport,kegg.compound:C19164,none,1
kegg.compound:C19425,Fluoranthene,C19425,33083,MNXM724677,GVEPBJHOBDJJJI-UHFFFAOYSA-N,fluoranthene,C16H10,C | H,no_N,transport,kegg.compound:C19425,none,1
kegg.compound:C19609,Nickel(2+),C19609,176617,MNXM731950,VEQPNABPJHWNSG-UHFFFAOYSA-N,nickel(2+),Ni,Ni,no_N,transport,kegg.compound:C19609,none,1
kegg.compound:C19610,Manganese(2+),C19610,176610,MNXM2255,WAEMQWOKJMHJLA-UHFFFAOYSA-N,manganese(2+),Mn,Mn,no_N,transport,kegg.compound:C19610,none,1
kegg.compound:C19806,"Propane-1,2,3-tricarboxylate",C19806,45969,MNXM4854,KQTIIICEAUMSDG-UHFFFAOYSA-K,"propane-1,2,3-tricarboxylate",C6H5O6,C | H | O,no_N,transport,kegg.compound:C19806,none,1
kegg.compound:C21185,4^-Demethylepipodophyllotoxin,C21185,74422,MNXM151038,YVCVYCSAAZQOJI-JHQYFNNDSA-N,4^-demethylepipodophyllotoxin,C21H20O8,C | H | O,no_N,transport,kegg.compound:C21185,none,1
kegg.compound:C22423,Cu+,C22423,23379,MNXM734750,VMQMZMRVKUZKQL-UHFFFAOYSA-N,cu+,Cu,Cu,no_N,transport,kegg.compound:C22423,none,1
kegg.compound:C22424,Cu2+,C22424,20882,MNXM731166,JPVYNHNXODAKFH-UHFFFAOYSA-N,cu2+,Cu,Cu,no_N,transport,kegg.compound:C22424,none,1
kegg.compound:C14089,1-Hydroxymethylnaphthalene,C14089,19054,MNXM6494,PBLNHHSDYFYZNC-UHFFFAOYSA-N,1-hydroxymethylnaphthalene,C11H10O,C | H | O,no_N,metabolism,kegg.compound:C14089,none,1
kegg.compound:C14090,1-Naphthaldehyde,C14090,19071,MNXM6043,SQAINHDHICKHLX-UHFFFAOYSA-N,1-naphthaldehyde,C11H8O,C | H | O,no_N,metabolism,kegg.compound:C14090,none,1
kegg.compound:C14099,2-Naphthaldehyde,C14099,19721,MNXM4972,PJKVFARRVXDXAD-UHFFFAOYSA-N,2-naphthaldehyde,C11H8O,C | H | O,no_N,metabolism,kegg.compound:C14099,none,1
kegg.compound:C19845,Pimeloyl-[acyl-carrier protein],C19845,,MNXM727686,,pimeloyl-[acyl-carrier protein],C7H11O3S*,C | H | O | S,no_N,metabolism,kegg.compound:C19845,none,1
kegg.compound:C17210,2-(2^-Methylthio)ethylmalic acid,C17210,50261,MNXM3441,FZNWJRXTACKOPU-UHFFFAOYSA-L,2-(2^-methylthio)ethylmalic acid,C7H10O5S,C | H | O | S,no_N,metabolism,kegg.compound:C17210,none,1
kegg.compound:C17212,3-(2^-Methylthio)ethylmalic acid,C17212,133497,MNXM5502,UZRMQJKPFRLIDG-UHFFFAOYSA-L,3-(2^-methylthio)ethylmalic acid,C7H10O5S,C | H | O | S,no_N,metabolism,kegg.compound:C17212,none,1
kegg.compound:C17214,2-(3^-Methylthio)propylmalic acid,C17214,50262,MNXM3443,WLOKFRZXOVZGIN-UHFFFAOYSA-L,2-(3^-methylthio)propylmalic acid,C8H12O5S,C | H | O | S,no_N,metabolism,kegg.compound:C17214,none,1
kegg.compound:C17215,3-(3^-Methylthio)propylmalic acid,C17215,133501,MNXM5503,SQXVIIOPMYSNCP-UHFFFAOYSA-L,3-(3^-methylthio)propylmalic acid,C8H12O5S,C | H | O | S,no_N,metabolism,kegg.compound:C17215,none,1
kegg.compound:C17218,2-(4^-Methylthio)butylmalic acid,C17218,80966,MNXM5447,MHYITDUVXNMMNZ-UHFFFAOYSA-N,2-(4^-methylthio)butylmalic acid,C9H16O5S,C | H | O | S,no_N,metabolism,kegg.compound:C17218,none,1
kegg.compound:C17219,3-(4^-Methylthio)butylmalic acid,C17219,80967,MNXM5505,ZIZLDVKLMYVMNX-UHFFFAOYSA-N,3-(4^-methylthio)butylmalic acid,C9H16O5S,C | H | O | S,no_N,metabolism,kegg.compound:C17219,none,1
kegg.compound:C17222,2-(5^-Methylthio)pentylmalic acid,C17222,80969,MNXM5448,OKIIWFXZWJTTLY-UHFFFAOYSA-N,2-(5^-methylthio)pentylmalic acid,C10H18O5S,C | H | O | S,no_N,metabolism,kegg.compound:C17222,none,1
kegg.compound:C17223,3-(5^-Methylthio)pentylmalic acid,C17223,80970,MNXM5506,YBISUHXEJDGADQ-UHFFFAOYSA-N,3-(5^-methylthio)pentylmalic acid,C10H18O5S,C | H | O | S,no_N,metabolism,kegg.compound:C17223,none,1
kegg.compound:C17226,2-(6^-Methylthio)hexylmalic acid,C17226,80972,MNXM5449,FEKMFSGDBKSRNR-UHFFFAOYSA-N,2-(6^-methylthio)hexylmalic acid,C11H20O5S,C | H | O | S,no_N,metabolism,kegg.compound:C17226,none,1
kegg.compound:C17227,3-(6^-Methylthio)hexylmalic acid,C17227,80973,MNXM5507,LQQZHLHCFSCJCU-UHFFFAOYSA-N,3-(6^-methylthio)hexylmalic acid,C11H20O5S,C | H | O | S,no_N,metabolism,kegg.compound:C17227,none,1
kegg.compound:C17230,2-(7^-Methylthio)heptylmalic acid,C17230,80975,MNXM5450,PWAKELUEEHWVFQ-UHFFFAOYSA-N,2-(7^-methylthio)heptylmalic acid,C12H22O5S,C | H | O | S,no_N,metabolism,kegg.compound:C17230,none,1
kegg.compound:C17231,3-(7^-Methylthio)heptylmalic acid,C17231,80976,MNXM5508,SXLJFGXGVBWOOB-UHFFFAOYSA-N,3-(7^-methylthio)heptylmalic acid,C12H22O5S,C | H | O | S,no_N,metabolism,kegg.compound:C17231,none,1
kegg.compound:C11924,Perillic acid,C11924,25936,MNXM2414,CDSMSBUVCWHORP-UHFFFAOYSA-M,perillic acid,C10H13O2,C | H | O,no_N,metabolism,kegg.compound:C11924,none,1
kegg.compound:C16502,Farnesoic acid,C16502,83276,MNXM735429,WJHFZYAELPOJIV-IJFRVEDASA-M,farnesoic acid,C15H23O2,C | H | O,no_N,metabolism,kegg.compound:C16502,none,1
kegg.compound:C16239,Lipoyl-[acp],C16239,,MNXM732086,,lipoyl-[acp],C8H13OS3*,C | H | O | S,no_N,metabolism,kegg.compound:C16239,none,1
kegg.compound:C11544,2-O-(alpha-D-Mannosyl)-D-glycerate,C11544,11403,MNXM730320,DDXCFDOPXBPUJC-SAYMMRJXSA-M,2-o-(alpha-d-mannosyl)-d-glycerate,C9H15O9,C | H | O,no_N,metabolism | transport,kegg.compound:C11544,none,1
kegg.compound:C20829,Sulfoquinovose,C20829,77132,MNXM1372426,QFBWOLBPVQLZEH-GASJEMHNSA-M,sulfoquinovose,C6H11O8S,C | H | O | S,no_N,transport,kegg.compound:C20829,none,1
kegg.compound:C16181,"beta-2,3,4,5,6-Pentachlorocyclohexanol",C16181,80364,MNXM5066,DOMHZVJNLCAZSA-CDRYSYESSA-N,"beta-2,3,4,5,6-pentachlorocyclohexanol",C6H7Cl5O,C | Cl | H | O,no_N,metabolism,kegg.compound:C16181,none,1
kegg.compound:C16182,"beta-2,3,5,6-Tetrachloro-1,4-cyclohexanediol",C16182,80365,MNXM8333,HEKABVPXDRPMAT-HYDKFDCNSA-N,"beta-2,3,5,6-tetrachloro-1,4-cyclohexanediol",C6H8Cl4O2,C | Cl | H | O,no_N,metabolism,kegg.compound:C16182,none,1
kegg.compound:C19776,"1,2-Diacyl-sn-glycerol 3-diphosphate",C19776,52643,MNXM733511,,"1,2-diacyl-sn-glycerol 3-diphosphate",C5H8O11P2*2,C | H | O | P,no_N,transport,kegg.compound:C19776,none,1
kegg.compound:C16695,Plastoquinol-9,C16695,26160,MNXM6387,IJBLJLREWPLEPB-IQSNHBBHSA-N,plastoquinol-9,C53H82O2,C | H | O,no_N,metabolism,kegg.compound:C16695,none,1
kegg.compound:C16693,Plastoquinol,C16693,62192,MNXM7678,WKFUDLTXRQQGHB-UHFFFAOYSA-N,plastoquinol,C13H18O2,C | H | O,no_N,metabolism,kegg.compound:C16693,none,1
kegg.compound:C16519,2-Succinyl-5-enolpyruvyl-6-hydroxy-3-cyclohexene-1-carboxylate,C16519,50271,MNXM730931,XYCATPIYKOARSZ-OAIFWDMCSA-K,2-succinyl-5-enolpyruvyl-6-hydroxy-3-cyclohexene-1-carboxylate,C14H13O9,C | H | O,no_N,metabolism,kegg.compound:C16519,none,1
kegg.compound:C15858,"7,9,7^,9^-tetracis-Lycopene",C15858,62466,MNXM1094326,OAIJSZIZWZSQBC-BYUNHUQQSA-N,"7,9,7^,9^-tetracis-lycopene",C40H56,C | H,no_N,metabolism,kegg.compound:C15858,none,1
kegg.compound:C15857,"9,9^-dicis-zeta-Carotene",C15857,48716,MNXM2796,BIWLELKAFXRPDE-ZURBLSRNSA-N,"9,9^-dicis-zeta-carotene",C40H60,C | H,no_N,metabolism,kegg.compound:C15857,none,1
kegg.compound:C15882,2-Methyl-6-phytylquinol,C15882,75920,MNXM1369058,GTWCNYRFOZKWTL-UOFXASEASA-N,2-methyl-6-phytylquinol,C27H46O2,C | H | O,no_N,metabolism,kegg.compound:C15882,none,1
kegg.compound:C20737,"6-Geranylgeranyl-2-methylbenzene-1,4-diol",C20737,75411,MNXM35262,DOWCCBNJUZOLRJ-MLAGYPMBSA-N,"6-geranylgeranyl-2-methylbenzene-1,4-diol",C27H40O2,C | H | O,no_N,metabolism,kegg.compound:C20737,none,1
kegg.compound:C15883,"2,3-Dimethyl-5-phytylquinol",C15883,75921,MNXM4266,SUFZKUBNOVDJRR-WGEODTKDSA-N,"2,3-dimethyl-5-phytylquinol",C28H48O2,C | H | O,no_N,metabolism,kegg.compound:C15883,none,1
kegg.compound:C20738,"6-Geranylgeranyl-2,3-dimethylbenzene-1,4-diol",C20738,75412,MNXM145747,QFMVWSPTQOCGTB-TUZVQDLTSA-N,"6-geranylgeranyl-2,3-dimethylbenzene-1,4-diol",C28H42O2,C | H | O,no_N,metabolism,kegg.compound:C20738,none,1
kegg.compound:C17570,"2-Methyl-6-solanyl-1,4-benzoquinol",C17570,,MNXM1370219,SWKACZQJGXABCN-JSGWLJPKSA-N,"2-methyl-6-solanyl-1,4-benzoquinol",C52H80O2,C | H | O,no_N,metabolism,kegg.compound:C17570,none,1
kegg.compound:C19764,"9,15,9^-tricis-zeta-Carotene",C19764,48717,MNXM1716,BIWLELKAFXRPDE-LMARSQGMSA-N,"9,15,9^-tricis-zeta-carotene",C40H60,C | H,no_N,metabolism,kegg.compound:C19764,none,1
kegg.compound:C19765,"15,9^-dicis-Phytofluene",C19765,61990,MNXM2594,OVSVTCFNLSGAMM-IQEMYQFOSA-N,"15,9^-dicis-phytofluene",C40H62,C | H,no_N,metabolism,kegg.compound:C19765,none,1
kegg.compound:C16241,(R)-Lipoate,C16241,14519,MNXM1371179,AGBQKNBQESQNJD-SSDOTTSWSA-M,(r)-lipoate,C8H13O2S2,C | H | O | S,no_N,metabolism,kegg.compound:C16241,none,1
kegg.compound:C17439,Dihydrogeranylgeranyl diphosphate,C17439,81090,MNXM5719,YJGANOFPASCZBK-WCNZLWBOSA-K,dihydrogeranylgeranyl diphosphate,C20H35O7P2,C | H | O | P,no_N,metabolism,kegg.compound:C17439,none,1
kegg.compound:C17440,Tetrahydrogeranylgeranyl diphosphate,C17440,81091,MNXM5946,VZBGWADXUJSBTI-PYDDKJGSSA-K,tetrahydrogeranylgeranyl diphosphate,C20H37O7P2,C | H | O | P,no_N,metabolism,kegg.compound:C17440,none,1
kegg.compound:C19759,"7,9,9^-tricis-Neurosporene",C19759,62463,MNXM1370533,ATCICVFRSJQYDV-IFJQPPEWSA-N,"7,9,9^-tricis-neurosporene",C40H58,C | H,no_N,metabolism,kegg.compound:C19759,none,1
kegg.compound:C16291,"7,8-Dihydro-beta-carotene",C16291,80427,MNXM10398,ZWHNFQQCBBBUHX-RQJQFHIYSA-N,"7,8-dihydro-beta-carotene",C40H58,C | H,no_N,metabolism,kegg.compound:C16291,none,1
kegg.compound:C19728,all-trans-8^-Apo-beta-carotenal,C19728,53154,MNXM736197,DFMMVLFMMAQXHZ-DOKBYWHISA-N,all-trans-8^-apo-beta-carotenal,C30H40O,C | H | O,no_N,metabolism,kegg.compound:C19728,none,1
kegg.compound:C19729,"(2E,4E,6E)-2,6-Dimethylocta-2,4,6-trienedial",C19729,53155,MNXM733926,PPJGVKZRXCHMCC-LNFQZQFXSA-N,"(2e,4e,6e)-2,6-dimethylocta-2,4,6-trienedial",C10H12O2,C | H | O,no_N,metabolism,kegg.compound:C19729,none,1
kegg.compound:C16688,Sucrose 6-phosphate,C16688,131603,MNXM725920,WQQSIXKPRAUZJL-UGDNZRGBSA-L,sucrose 6-phosphate,C12H21O14P,C | H | O | P,no_N,metabolism,kegg.compound:C16688,none,1
kegg.compound:C16476,4-Fluoromuconolactone,C16476,80518,MNXM6880,JWTRAEIUKUKVDW-UHFFFAOYSA-N,4-fluoromuconolactone,C6H5FO4,C | F | H | O,no_N,metabolism,kegg.compound:C16476,none,1
kegg.compound:C12834,"2,5-Dichloro-carboxymethylenebut-2-en-4-olide",C12834,31075,MNXM738002,XJQKWSUIZRECMR-ONEGZZNKSA-N,"2,5-dichloro-carboxymethylenebut-2-en-4-olide",C6H2Cl2O4,C | Cl | H | O,no_N,metabolism,kegg.compound:C12834,none,1
kegg.compound:C12835,"2,5-Dichloro-4-oxohex-2-enedioate",C12835,177587,MNXM734546,PLPVRWUZGSFJJB-OWOJBTEDSA-N,"2,5-dichloro-4-oxohex-2-enedioate",C6H4Cl2O5,C | Cl | H | O,no_N,metabolism,kegg.compound:C12835,none,1
kegg.compound:C12838,trans-4-Carboxymethylenebut-2-en-4-olide,C12838,27058,MNXM732408,AYFXPGXAZMFWNH-ARJAWSKDSA-N,trans-4-carboxymethylenebut-2-en-4-olide,C6H4O4,C | H | O,no_N,metabolism,kegg.compound:C12838,none,1
kegg.compound:C16477,5-Fluoromuconolactone,C16477,80519,MNXM5339,YVULEJQYAMRENW-NQXXGFSBSA-M,5-fluoromuconolactone,C6H4FO4,C | F | H | O,no_N,metabolism,kegg.compound:C16477,none,1
kegg.compound:C16487,Hydrofluoric acid,C16487,14271,MNXM1092965,KRHYYFGTRYWZRS-UHFFFAOYSA-M,hydrofluoric acid,F,F,no_N,metabolism,kegg.compound:C16487,none,1
kegg.compound:C18242,"2,3,5-Trichlorodienelactone",C18242,,MNXM734534,DDHLNXMDAUDTBS-ONEGZZNKSA-N,"2,3,5-trichlorodienelactone",C6HCl3O4,C | Cl | H | O,no_N,metabolism,kegg.compound:C18242,none,1
kegg.compound:C18243,"2,3,5-Trichloromaleylacetate",C18243,19297,MNXM8039,ADCWUQBAGPEBME-UPHRSURJSA-N,"2,3,5-trichloromaleylacetate",C6H3Cl3O5,C | Cl | H | O,no_N,metabolism,kegg.compound:C18243,none,1
kegg.compound:C18304,2-Chloro-5-methyl-cis-dienelactone,C18304,81655,MNXM6064,KPWMDCDICLSMLX-HWKANZROSA-N,2-chloro-5-methyl-cis-dienelactone,C7H5ClO4,C | Cl | H | O,no_N,metabolism,kegg.compound:C18304,none,1
kegg.compound:C18305,2-Chloro-5-methylmaleylacetate,C18305,81656,MNXM6697,KECVAQLNZFMLLN-DUXPYHPUSA-N,2-chloro-5-methylmaleylacetate,C7H7ClO5,C | Cl | H | O,no_N,metabolism,kegg.compound:C18305,none,1
kegg.compound:C18309,3-Chloro-2-methyldienelactone,C18309,81660,MNXM741551,OYEYSZZDZDSDCR-RQOWECAXSA-N,3-chloro-2-methyldienelactone,C7H5ClO4,C | Cl | H | O,no_N,metabolism,kegg.compound:C18309,none,1
kegg.compound:C18310,3-Chloro-2-methylmaleylacetate,C18310,81661,MNXM6788,YXWGPDFKFBYCFE-ZZXKWVIFSA-N,3-chloro-2-methylmaleylacetate,C7H7ClO5,C | Cl | H | O,no_N,metabolism,kegg.compound:C18310,none,1
kegg.compound:C14146,alpha-Zeacarotene,C14146,35063,MNXM738874,IGABZIVJSNQMPZ-DWQNOKSTSA-N,alpha-zeacarotene,C40H58,C | H,no_N,metabolism,kegg.compound:C14146,none,1
kegg.compound:C16276,epsilon-Carotene,C16276,32549,MNXM7341,QABFXOMOOYWZLZ-GDBZIMIPSA-N,epsilon-carotene,C40H56,C | H,no_N,metabolism,kegg.compound:C16276,none,1
kegg.compound:C19878,D-glycero-alpha-D-manno-Heptose 7-phosphate,C19878,43786,MNXM4551,SDADNVAZGVDAIM-QTNLNCNHSA-L,d-glycero-alpha-d-manno-heptose 7-phosphate,C7H13O10P,C | H | O | P,no_N,metabolism,kegg.compound:C19878,none,1
kegg.compound:C19882,D-glycero-D-manno-Heptose 7-phosphate,C19882,21032,MNXM739658,SDADNVAZGVDAIM-NNPWBXLPSA-N,d-glycero-d-manno-heptose 7-phosphate,C7H15O10P,C | H | O | P,no_N,metabolism,kegg.compound:C19882,none,1
kegg.compound:C19879,"D-glycero-alpha-D-manno-Heptose 1,7-bisphosphate",C19879,60205,MNXM2656,LMTGTTLGDUACSJ-ZUHYCWGWSA-J,"d-glycero-alpha-d-manno-heptose 1,7-bisphosphate",C7H12O13P2,C | H | O | P,no_N,metabolism,kegg.compound:C19879,none,1
kegg.compound:C19880,D-glycero-alpha-D-manno-Heptose 1-phosphate,C19880,61574,MNXM2657,KMEJCSKJXSBBAN-ZUHYCWGWSA-L,d-glycero-alpha-d-manno-heptose 1-phosphate,C7H13O10P,C | H | O | P,no_N,metabolism,kegg.compound:C19880,none,1
