system_id,locus_tag,gene_name,subunit_role,metabolite_id,metabolite_name,n_status,equiv_group,link_basis_group,substrate_depth,tcdb_family_id,tcdb_level_kind,is_lumping,evidence,tcdb_evidence_score,evidence_score,source_agreement,pfam_support,attachment_depth,transport_substrate_resolution,likely_transporter,domain_substrate_hint,can_use_window,linked_enzyme_loci_window,can_use_run,linked_enzyme_loci_run,match_basis,genome_enzyme_loci
sys_PMM0192,PMM0192,ddpD,atpase,chebi:134400,cationic peptidyl group,no_formula,chebi:134400,none,inherited,tcdb:3.A.1.5,tc_subfamily,False,family_inferred,0.8,0.8,both_sources,corroborated,most_specific,resolved,strong,"ABC transporter | Oligopeptide/dipeptide transporter, C-terminal region",no,,no,,none,
sys_PMM0192,PMM0192,ddpD,atpase,chebi:82802,agrocinopine,no_formula,chebi:82802,none,most_specific,tcdb:3.A.1.5,tc_subfamily,False,family_inferred,0.8,0.8,both_sources,corroborated,most_specific,resolved,strong,"ABC transporter | Oligopeptide/dipeptide transporter, C-terminal region",no,,no,,none,
sys_PMM0192,PMM0192,ddpD,atpase,chebi:60980,beta-glucoside,no_formula,chebi:60980,none,most_specific,tcdb:3.A.1.5,tc_subfamily,False,family_inferred,0.8,0.8,both_sources,corroborated,most_specific,resolved,strong,"ABC transporter | Oligopeptide/dipeptide transporter, C-terminal region",no,,no,,none,
sys_PMM0192,PMM0192,ddpD,atpase,chebi:62563,cellooligosaccharide,no_formula,chebi:62563,none,most_specific,tcdb:3.A.1.5,tc_subfamily,False,family_inferred,0.8,0.8,both_sources,corroborated,most_specific,resolved,strong,"ABC transporter | Oligopeptide/dipeptide transporter, C-terminal region",no,,no,,none,
sys_PMM0192,PMM0192,ddpD,atpase,chebi:23835,dipeptide,no_formula,chebi:23835,none,most_specific,tcdb:3.A.1.5,tc_subfamily,False,family_inferred,0.8,0.8,both_sources,corroborated,most_specific,resolved,strong,"ABC transporter | Oligopeptide/dipeptide transporter, C-terminal region",no,,no,,none,
sys_PMM0192,PMM0192,ddpD,atpase,chebi:24163,galactoside,no_formula,chebi:24163,none,most_specific,tcdb:3.A.1.5,tc_subfamily,False,family_inferred,0.8,0.8,both_sources,corroborated,most_specific,resolved,strong,"ABC transporter | Oligopeptide/dipeptide transporter, C-terminal region",no,,no,,none,
sys_PMM0192,PMM0192,ddpD,atpase,chebi:11169,maltooligosaccharide,no_formula,chebi:11169,none,most_specific,tcdb:3.A.1.5,tc_subfamily,False,family_inferred,0.8,0.8,both_sources,corroborated,most_specific,resolved,strong,"ABC transporter | Oligopeptide/dipeptide transporter, C-terminal region",no,,no,,none,
sys_PMM0192,PMM0192,ddpD,atpase,chebi:14575,mannose,no_formula,chebi:14575,none,most_specific,tcdb:3.A.1.5,tc_subfamily,False,family_inferred,0.8,0.8,both_sources,corroborated,most_specific,resolved,strong,"ABC transporter | Oligopeptide/dipeptide transporter, C-terminal region",no,,no,,none,
sys_PMM0192,PMM0192,ddpD,atpase,chebi:25169,mannoside,no_formula,chebi:25169,none,most_specific,tcdb:3.A.1.5,tc_subfamily,False,family_inferred,0.8,0.8,both_sources,corroborated,most_specific,resolved,strong,"ABC transporter | Oligopeptide/dipeptide transporter, C-terminal region",no,,no,,none,
sys_PMM0192,PMM0192,ddpD,atpase,chebi:26546,rhamnose,no_formula,chebi:26546,none,most_specific,tcdb:3.A.1.5,tc_subfamily,False,family_inferred,0.8,0.8,both_sources,corroborated,most_specific,resolved,strong,"ABC transporter | Oligopeptide/dipeptide transporter, C-terminal region",no,,no,,none,
sys_PMM0192,PMM0192,ddpD,atpase,chebi:10081,xyloglucan,no_formula,chebi:10081,none,most_specific,tcdb:3.A.1.5,tc_subfamily,False,family_inferred,0.8,0.8,both_sources,corroborated,most_specific,resolved,strong,"ABC transporter | Oligopeptide/dipeptide transporter, C-terminal region",no,,no,,none,
sys_PMM0192,PMM0421,dppC,permease,chebi:134400,cationic peptidyl group,no_formula,chebi:134400,none,inherited,tcdb:3.A.1.5,tc_subfamily,False,family_inferred,0.8,0.8,both_sources,corroborated,most_specific,resolved,strong,Binding-protein-dependent transport system inner membrane component,no,,no,,none,
sys_PMM0192,PMM0421,dppC,permease,chebi:82802,agrocinopine,no_formula,chebi:82802,none,most_specific,tcdb:3.A.1.5,tc_subfamily,False,family_inferred,0.8,0.8,both_sources,corroborated,most_specific,resolved,strong,Binding-protein-dependent transport system inner membrane component,no,,no,,none,
sys_PMM0192,PMM0421,dppC,permease,chebi:60980,beta-glucoside,no_formula,chebi:60980,none,most_specific,tcdb:3.A.1.5,tc_subfamily,False,family_inferred,0.8,0.8,both_sources,corroborated,most_specific,resolved,strong,Binding-protein-dependent transport system inner membrane component,no,,no,,none,
sys_PMM0192,PMM0421,dppC,permease,chebi:62563,cellooligosaccharide,no_formula,chebi:62563,none,most_specific,tcdb:3.A.1.5,tc_subfamily,False,family_inferred,0.8,0.8,both_sources,corroborated,most_specific,resolved,strong,Binding-protein-dependent transport system inner membrane component,no,,no,,none,
sys_PMM0192,PMM0421,dppC,permease,chebi:23835,dipeptide,no_formula,chebi:23835,none,most_specific,tcdb:3.A.1.5,tc_subfamily,False,family_inferred,0.8,0.8,both_sources,corroborated,most_specific,resolved,strong,Binding-protein-dependent transport system inner membrane component,no,,no,,none,
sys_PMM0192,PMM0421,dppC,permease,chebi:24163,galactoside,no_formula,chebi:24163,none,most_specific,tcdb:3.A.1.5,tc_subfamily,False,family_inferred,0.8,0.8,both_sources,corroborated,most_specific,resolved,strong,Binding-protein-dependent transport system inner membrane component,no,,no,,none,
sys_PMM0192,PMM0421,dppC,permease,chebi:11169,maltooligosaccharide,no_formula,chebi:11169,none,most_specific,tcdb:3.A.1.5,tc_subfamily,False,family_inferred,0.8,0.8,both_sources,corroborated,most_specific,resolved,strong,Binding-protein-dependent transport system inner membrane component,no,,no,,none,
sys_PMM0192,PMM0421,dppC,permease,chebi:14575,mannose,no_formula,chebi:14575,none,most_specific,tcdb:3.A.1.5,tc_subfamily,False,family_inferred,0.8,0.8,both_sources,corroborated,most_specific,resolved,strong,Binding-protein-dependent transport system inner membrane component,no,,no,,none,
sys_PMM0192,PMM0421,dppC,permease,chebi:25169,mannoside,no_formula,chebi:25169,none,most_specific,tcdb:3.A.1.5,tc_subfamily,False,family_inferred,0.8,0.8,both_sources,corroborated,most_specific,resolved,strong,Binding-protein-dependent transport system inner membrane component,no,,no,,none,
sys_PMM0192,PMM0421,dppC,permease,chebi:26546,rhamnose,no_formula,chebi:26546,none,most_specific,tcdb:3.A.1.5,tc_subfamily,False,family_inferred,0.8,0.8,both_sources,corroborated,most_specific,resolved,strong,Binding-protein-dependent transport system inner membrane component,no,,no,,none,
sys_PMM0192,PMM0421,dppC,permease,chebi:10081,xyloglucan,no_formula,chebi:10081,none,most_specific,tcdb:3.A.1.5,tc_subfamily,False,family_inferred,0.8,0.8,both_sources,corroborated,most_specific,resolved,strong,Binding-protein-dependent transport system inner membrane component,no,,no,,none,
sys_PMM0192,PMM1048,dppB,permease,chebi:134400,cationic peptidyl group,no_formula,chebi:134400,none,inherited,tcdb:3.A.1.5,tc_subfamily,False,family_inferred,0.8,0.8,both_sources,corroborated,most_specific,resolved,strong,"Binding-protein-dependent transport system inner membrane component | Binding-prot-dependent transport system membrane comp, N-term",no,,no,,none,
sys_PMM0192,PMM1048,dppB,permease,chebi:82802,agrocinopine,no_formula,chebi:82802,none,most_specific,tcdb:3.A.1.5,tc_subfamily,False,family_inferred,0.8,0.8,both_sources,corroborated,most_specific,resolved,strong,"Binding-protein-dependent transport system inner membrane component | Binding-prot-dependent transport system membrane comp, N-term",no,,no,,none,
sys_PMM0192,PMM1048,dppB,permease,chebi:60980,beta-glucoside,no_formula,chebi:60980,none,most_specific,tcdb:3.A.1.5,tc_subfamily,False,family_inferred,0.8,0.8,both_sources,corroborated,most_specific,resolved,strong,"Binding-protein-dependent transport system inner membrane component | Binding-prot-dependent transport system membrane comp, N-term",no,,no,,none,
sys_PMM0192,PMM1048,dppB,permease,chebi:62563,cellooligosaccharide,no_formula,chebi:62563,none,most_specific,tcdb:3.A.1.5,tc_subfamily,False,family_inferred,0.8,0.8,both_sources,corroborated,most_specific,resolved,strong,"Binding-protein-dependent transport system inner membrane component | Binding-prot-dependent transport system membrane comp, N-term",no,,no,,none,
sys_PMM0192,PMM1048,dppB,permease,chebi:23835,dipeptide,no_formula,chebi:23835,none,most_specific,tcdb:3.A.1.5,tc_subfamily,False,family_inferred,0.8,0.8,both_sources,corroborated,most_specific,resolved,strong,"Binding-protein-dependent transport system inner membrane component | Binding-prot-dependent transport system membrane comp, N-term",no,,no,,none,
sys_PMM0192,PMM1048,dppB,permease,chebi:24163,galactoside,no_formula,chebi:24163,none,most_specific,tcdb:3.A.1.5,tc_subfamily,False,family_inferred,0.8,0.8,both_sources,corroborated,most_specific,resolved,strong,"Binding-protein-dependent transport system inner membrane component | Binding-prot-dependent transport system membrane comp, N-term",no,,no,,none,
sys_PMM0192,PMM1048,dppB,permease,chebi:11169,maltooligosaccharide,no_formula,chebi:11169,none,most_specific,tcdb:3.A.1.5,tc_subfamily,False,family_inferred,0.8,0.8,both_sources,corroborated,most_specific,resolved,strong,"Binding-protein-dependent transport system inner membrane component | Binding-prot-dependent transport system membrane comp, N-term",no,,no,,none,
sys_PMM0192,PMM1048,dppB,permease,chebi:14575,mannose,no_formula,chebi:14575,none,most_specific,tcdb:3.A.1.5,tc_subfamily,False,family_inferred,0.8,0.8,both_sources,corroborated,most_specific,resolved,strong,"Binding-protein-dependent transport system inner membrane component | Binding-prot-dependent transport system membrane comp, N-term",no,,no,,none,
sys_PMM0192,PMM1048,dppB,permease,chebi:25169,mannoside,no_formula,chebi:25169,none,most_specific,tcdb:3.A.1.5,tc_subfamily,False,family_inferred,0.8,0.8,both_sources,corroborated,most_specific,resolved,strong,"Binding-protein-dependent transport system inner membrane component | Binding-prot-dependent transport system membrane comp, N-term",no,,no,,none,
sys_PMM0192,PMM1048,dppB,permease,chebi:26546,rhamnose,no_formula,chebi:26546,none,most_specific,tcdb:3.A.1.5,tc_subfamily,False,family_inferred,0.8,0.8,both_sources,corroborated,most_specific,resolved,strong,"Binding-protein-dependent transport system inner membrane component | Binding-prot-dependent transport system membrane comp, N-term",no,,no,,none,
sys_PMM0192,PMM1048,dppB,permease,chebi:10081,xyloglucan,no_formula,chebi:10081,none,most_specific,tcdb:3.A.1.5,tc_subfamily,False,family_inferred,0.8,0.8,both_sources,corroborated,most_specific,resolved,strong,"Binding-protein-dependent transport system inner membrane component | Binding-prot-dependent transport system membrane comp, N-term",no,,no,,none,
sys_PMM0192,PMM1049,dppA,substrate_binding,chebi:134400,cationic peptidyl group,no_formula,chebi:134400,none,inherited,tcdb:3.A.1.5,tc_subfamily,False,family_inferred,0.8,0.8,both_sources,corroborated,most_specific,resolved,strong,"Bacterial extracellular solute-binding proteins, family 5 Middle",no,,no,,none,
sys_PMM0192,PMM1049,dppA,substrate_binding,chebi:82802,agrocinopine,no_formula,chebi:82802,none,most_specific,tcdb:3.A.1.5,tc_subfamily,False,family_inferred,0.8,0.8,both_sources,corroborated,most_specific,resolved,strong,"Bacterial extracellular solute-binding proteins, family 5 Middle",no,,no,,none,
sys_PMM0192,PMM1049,dppA,substrate_binding,chebi:60980,beta-glucoside,no_formula,chebi:60980,none,most_specific,tcdb:3.A.1.5,tc_subfamily,False,family_inferred,0.8,0.8,both_sources,corroborated,most_specific,resolved,strong,"Bacterial extracellular solute-binding proteins, family 5 Middle",no,,no,,none,
sys_PMM0192,PMM1049,dppA,substrate_binding,chebi:62563,cellooligosaccharide,no_formula,chebi:62563,none,most_specific,tcdb:3.A.1.5,tc_subfamily,False,family_inferred,0.8,0.8,both_sources,corroborated,most_specific,resolved,strong,"Bacterial extracellular solute-binding proteins, family 5 Middle",no,,no,,none,
sys_PMM0192,PMM1049,dppA,substrate_binding,chebi:23835,dipeptide,no_formula,chebi:23835,none,most_specific,tcdb:3.A.1.5,tc_subfamily,False,family_inferred,0.8,0.8,both_sources,corroborated,most_specific,resolved,strong,"Bacterial extracellular solute-binding proteins, family 5 Middle",no,,no,,none,
sys_PMM0192,PMM1049,dppA,substrate_binding,chebi:24163,galactoside,no_formula,chebi:24163,none,most_specific,tcdb:3.A.1.5,tc_subfamily,False,family_inferred,0.8,0.8,both_sources,corroborated,most_specific,resolved,strong,"Bacterial extracellular solute-binding proteins, family 5 Middle",no,,no,,none,
sys_PMM0192,PMM1049,dppA,substrate_binding,chebi:11169,maltooligosaccharide,no_formula,chebi:11169,none,most_specific,tcdb:3.A.1.5,tc_subfamily,False,family_inferred,0.8,0.8,both_sources,corroborated,most_specific,resolved,strong,"Bacterial extracellular solute-binding proteins, family 5 Middle",no,,no,,none,
sys_PMM0192,PMM1049,dppA,substrate_binding,chebi:14575,mannose,no_formula,chebi:14575,none,most_specific,tcdb:3.A.1.5,tc_subfamily,False,family_inferred,0.8,0.8,both_sources,corroborated,most_specific,resolved,strong,"Bacterial extracellular solute-binding proteins, family 5 Middle",no,,no,,none,
sys_PMM0192,PMM1049,dppA,substrate_binding,chebi:25169,mannoside,no_formula,chebi:25169,none,most_specific,tcdb:3.A.1.5,tc_subfamily,False,family_inferred,0.8,0.8,both_sources,corroborated,most_specific,resolved,strong,"Bacterial extracellular solute-binding proteins, family 5 Middle",no,,no,,none,
sys_PMM0192,PMM1049,dppA,substrate_binding,chebi:26546,rhamnose,no_formula,chebi:26546,none,most_specific,tcdb:3.A.1.5,tc_subfamily,False,family_inferred,0.8,0.8,both_sources,corroborated,most_specific,resolved,strong,"Bacterial extracellular solute-binding proteins, family 5 Middle",no,,no,,none,
sys_PMM0192,PMM1049,dppA,substrate_binding,chebi:10081,xyloglucan,no_formula,chebi:10081,none,most_specific,tcdb:3.A.1.5,tc_subfamily,False,family_inferred,0.8,0.8,both_sources,corroborated,most_specific,resolved,strong,"Bacterial extracellular solute-binding proteins, family 5 Middle",no,,no,,none,
sys_PMM0263,PMM0263,amt1,single_carrier,chebi:35274,ammonium ion derivative,no_formula,chebi:35274,none,most_specific,tcdb:1.A.11,tc_family,False,homology,0.8,0.8,both_sources,corroborated,most_specific,resolved,strong,Ammonium Transporter Family,no,,no,,none,
sys_PMM0402,PMM0402,fadD,other,chebi:48958,"1,1^-azobis(N,N-dimethylformamide)",contains_N,chebi:48958,none,inherited,tcdb:2.A.1,tc_family,True,homology,0.0,0.0,single_source,uncorroborated,most_specific,resolved,tcdb_only,,no,,no,,none,
sys_PMM0402,PMM0402,fadD,other,chebi:55493,1-O-acylglycerophosphoethanolamine,contains_N,chebi:55493,none,inherited,tcdb:2.A.1,tc_family,True,homology,0.0,0.0,single_source,uncorroborated,most_specific,resolved,tcdb_only,,no,,no,,none,
sys_PMM0402,PMM0402,fadD,other,chebi:383703,"3,6-diamino-10-methylacridinium chloride",contains_N,chebi:383703,none,inherited,tcdb:2.A.1,tc_family,True,homology,0.0,0.0,single_source,uncorroborated,most_specific,resolved,tcdb_only,,no,,no,,none,
sys_PMM0402,PMM0402,fadD,other,chebi:86390,3-pyridylacetic acid,contains_N,chebi:86390,none,inherited,tcdb:2.A.1,tc_family,True,homology,0.0,0.0,single_source,uncorroborated,most_specific,resolved,tcdb_only,,no,,no,,none,
sys_PMM0402,PMM0402,fadD,other,kegg.compound:C04452,4-Nitrophenol-alpha-D-galactopyranoside,contains_N,kegg.compound:C04452,none,inherited,tcdb:2.A.1,tc_family,True,homology,0.0,0.0,single_source,uncorroborated,most_specific,resolved,tcdb_only,,no,,no,,none,
sys_PMM0402,PMM0402,fadD,other,kegg.compound:C03474,4-Nitroquinoline N-oxide,contains_N,kegg.compound:C03474,none,inherited,tcdb:2.A.1,tc_family,True,homology,0.0,0.0,single_source,uncorroborated,most_specific,resolved,tcdb_only,,no,,no,,none,
sys_PMM0402,PMM0402,fadD,other,chebi:546840,4-nitrophenyl alpha-D-galactoside,contains_N,chebi:546840,none,inherited,tcdb:2.A.1,tc_family,True,homology,0.0,0.0,single_source,uncorroborated,most_specific,resolved,tcdb_only,,no,,no,,none,
sys_PMM0402,PMM0402,fadD,other,kegg.compound:C16633,5-Fluorouridine,contains_N,kegg.compound:C16633,none,inherited,tcdb:2.A.1,tc_family,True,homology,0.0,0.0,single_source,uncorroborated,most_specific,resolved,tcdb_only,,elsewhere in genome,,elsewhere in genome,,exact,PMM0989
sys_PMM0402,PMM0402,fadD,other,kegg.compound:C00008,ADP,contains_N,kegg.compound:C00008,none,inherited,tcdb:2.A.1,tc_family,True,homology,0.0,0.0,single_source,uncorroborated,most_specific,resolved,tcdb_only,,elsewhere in genome,,elsewhere in genome,,exact,PMM0003|PMM0022|PMM0024|PMM0027|PMM0046|PMM0048|PMM0049|PMM0060|PMM0080|PMM0107|PMM0130|PMM0131|PMM0156|PMM0166|PMM0178|PMM0183|PMM0195|PMM0235|PMM0288|PMM0310|PMM0358|PMM0413|PMM0467|PMM0499|PMM0505|PMM0522|PMM0534|PMM0543|PMM0544|PMM0545|PMM0595|PMM0596|PMM0609|PMM0610|PMM0661|PMM0683|PMM0729|PMM0779|PMM0780|PMM0784|PMM0785|PMM0788|PMM0825|PMM0831|PMM0863|PMM0874|PMM0879|PMM0912|PMM0920|PMM0932|PMM0946|PMM0951|PMM0959|PMM0989|PMM1044|PMM1053|PMM1055|PMM1072|PMM1160|PMM1191|PMM1269|PMM1273|PMM1302|PMM1306|PMM1316|PMM1339|PMM1340|PMM1364|PMM1471|PMM1539|PMM1589|PMM1590|PMM1627|PMM1648|PMM1679|PMM1689
sys_PMM0402,PMM0402,fadD,other,kegg.compound:C00002,ATP,contains_N,kegg.compound:C00002,none,inherited,tcdb:2.A.1,tc_family,True,homology,0.0,0.0,single_source,uncorroborated,most_specific,resolved,tcdb_only,,elsewhere in genome,,elsewhere in genome,,exact,PMM0003|PMM0022|PMM0024|PMM0027|PMM0037|PMM0044|PMM0046|PMM0048|PMM0049|PMM0060|PMM0080|PMM0107|PMM0130|PMM0131|PMM0141|PMM0155|PMM0156|PMM0166|PMM0174|PMM0178|PMM0183|PMM0187|PMM0191|PMM0195|PMM0227|PMM0235|PMM0238|PMM0245|PMM0287|PMM0288|PMM0302|PMM0303|PMM0310|PMM0311|PMM0319|PMM0358|PMM0402|PMM0413|PMM0433|PMM0467|PMM0473|PMM0499|PMM0505|PMM0508|PMM0522|PMM0523|PMM0534|PMM0539|PMM0543|PMM0544|PMM0545|PMM0560|PMM0595|PMM0596|PMM0597|PMM0598|PMM0610|PMM0619|PMM0623|PMM0683|PMM0695|PMM0729|PMM0759|PMM0769|PMM0779|PMM0780|PMM0784|PMM0785|PMM0788|PMM0825|PMM0831|PMM0863|PMM0867|PMM0871|PMM0874|PMM0879|PMM0884|PMM0889|PMM0900|PMM0912|PMM0920|PMM0932|PMM0946|PMM0951|PMM0959|PMM0989|PMM1044|PMM1053|PMM1055|PMM1072|PMM1080|PMM1141|PMM1160|PMM1165|PMM1188|PMM1269|PMM1270|PMM1273|PMM1291|PMM1302|PMM1306|PMM1316|PMM1329|PMM1339|PMM1340|PMM1364|PMM1431|PMM1445|PMM1446|PMM1471|PMM1483|PMM1484|PMM1485|PMM1535|PMM1539|PMM1569|PMM1570|PMM1589|PMM1590|PMM1618|PMM1627|PMM1648|PMM1651|PMM1679|PMM1682|PMM1688|PMM1689|PMM1691|PMM1707
sys_PMM0402,PMM0402,fadD,other,kegg.compound:C00024,Acetyl-CoA,contains_N,kegg.compound:C00024,none,inherited,tcdb:2.A.1,tc_family,True,homology,0.0,0.0,single_source,uncorroborated,most_specific,resolved,tcdb_only,,co-located,PMM0405,elsewhere in genome,,exact,PMM0027|PMM0050|PMM0060|PMM0136|PMM0137|PMM0161|PMM0282|PMM0405|PMM0453|PMM0534|PMM0611|PMM0619|PMM0784|PMM0930|PMM1066|PMM1229|PMM1288|PMM1298|PMM1468|PMM1638
sys_PMM0402,PMM0402,fadD,other,kegg.compound:C01996,Acetylcholine,contains_N,kegg.compound:C01996,none,inherited,tcdb:2.A.1,tc_family,True,homology,0.0,0.0,single_source,uncorroborated,most_specific,resolved,tcdb_only,,no,,no,,none,
sys_PMM0402,PMM0402,fadD,other,kegg.compound:C00147,Adenine,contains_N,kegg.compound:C00147,none,inherited,tcdb:2.A.1,tc_family,True,homology,0.0,0.0,single_source,uncorroborated,most_specific,resolved,tcdb_only,,elsewhere in genome,,elsewhere in genome,,exact,PMM0301|PMM1122|PMM1379
sys_PMM0402,PMM0402,fadD,other,kegg.compound:C00212,Adenosine,contains_N,kegg.compound:C00212,none,inherited,tcdb:2.A.1,tc_family,True,homology,0.0,0.0,single_source,uncorroborated,most_specific,resolved,tcdb_only,,elsewhere in genome,,elsewhere in genome,,exact,PMM1271|PMM1625
sys_PMM0402,PMM0402,fadD,other,kegg.compound:C00499,Allantoate,contains_N,kegg.compound:C00499,none,inherited,tcdb:2.A.1,tc_family,True,homology,0.0,0.0,single_source,uncorroborated,most_specific,resolved,tcdb_only,,no,,no,,none,
sys_PMM0402,PMM0402,fadD,other,kegg.compound:C01551,Allantoin,contains_N,kegg.compound:C01551,none,inherited,tcdb:2.A.1,tc_family,True,homology,0.0,0.0,single_source,uncorroborated,most_specific,resolved,tcdb_only,,no,,no,,none,
sys_PMM0402,PMM0402,fadD,other,kegg.compound:C06821,Amiloride,contains_N,kegg.compound:C06821,none,inherited,tcdb:2.A.1,tc_family,True,homology,0.0,0.0,single_source,uncorroborated,most_specific,resolved,tcdb_only,,no,,no,,none,
sys_PMM0402,PMM0402,fadD,other,kegg.compound:C02385,Amino acid(Arg-),contains_N,kegg.compound:C02385,none,inherited,tcdb:2.A.1,tc_family,True,homology,0.0,0.0,single_source,uncorroborated,most_specific,resolved,tcdb_only,,no,,no,,none,
sys_PMM0402,PMM0402,fadD,other,kegg.compound:C11261,Amitrole,contains_N,kegg.compound:C11261,none,inherited,tcdb:2.A.1,tc_family,True,homology,0.0,0.0,single_source,uncorroborated,most_specific,resolved,tcdb_only,,no,,no,,none,
sys_PMM0402,PMM0402,fadD,other,kegg.compound:C06574,Ampicillin,contains_N,kegg.compound:C06574,none,inherited,tcdb:2.A.1,tc_family,True,homology,0.0,0.0,single_source,uncorroborated,most_specific,resolved,tcdb_only,,no,,no,,none,
sys_PMM0402,PMM0402,fadD,other,kegg.compound:C14531,Azomycin,contains_N,kegg.compound:C14531,none,inherited,tcdb:2.A.1,tc_family,True,homology,0.0,0.0,single_source,uncorroborated,most_specific,resolved,tcdb_only,,no,,no,,none,
sys_PMM0402,PMM0402,fadD,other,kegg.compound:C20942,Bacilysin,contains_N,kegg.compound:C20942,none,inherited,tcdb:2.A.1,tc_family,True,homology,0.0,0.0,single_source,uncorroborated,most_specific,resolved,tcdb_only,,no,,no,,none,
sys_PMM0402,PMM0402,fadD,other,kegg.compound:C05799,Bacteriochlorophylls,no_formula,kegg.compound:C05799,none,inherited,tcdb:2.A.1,tc_family,True,homology,0.0,0.0,single_source,uncorroborated,most_specific,resolved,tcdb_only,,no,,no,,none,
sys_PMM0402,PMM0402,fadD,other,kegg.compound:C10896,Benomyl,contains_N,kegg.compound:C10896,none,inherited,tcdb:2.A.1,tc_family,True,homology,0.0,0.0,single_source,uncorroborated,most_specific,resolved,tcdb_only,,no,,no,,none,
sys_PMM0402,PMM0402,fadD,other,kegg.compound:C08037,Benzalkonium chloride,contains_N,kegg.compound:C08037,none,inherited,tcdb:2.A.1,tc_family,True,homology,0.0,0.0,single_source,uncorroborated,most_specific,resolved,tcdb_only,,no,,no,,none,
sys_PMM0402,PMM0402,fadD,other,kegg.compound:C00915,Benzyl viologen,contains_N,kegg.compound:C00915,none,inherited,tcdb:2.A.1,tc_family,True,homology,0.0,0.0,single_source,uncorroborated,most_specific,resolved,tcdb_only,,no,,no,,none,
sys_PMM0402,PMM0402,fadD,other,kegg.compound:C00719,Betaine,contains_N,kegg.compound:C00719,none,inherited,tcdb:2.A.1,tc_family,True,homology,0.0,0.0,single_source,uncorroborated,most_specific,resolved,tcdb_only,,no,,no,,none,
sys_PMM0402,PMM0402,fadD,other,kegg.compound:C11259,Bicozamycin,contains_N,kegg.compound:C11259,none,inherited,tcdb:2.A.1,tc_family,True,homology,0.0,0.0,single_source,uncorroborated,most_specific,resolved,tcdb_only,,no,,no,,none,
sys_PMM0402,PMM0402,fadD,other,kegg.compound:C00120,Biotin,contains_N,kegg.compound:C00120,none,inherited,tcdb:2.A.1,tc_family,True,homology,0.0,0.0,single_source,uncorroborated,most_specific,resolved,tcdb_only,,elsewhere in genome,,elsewhere in genome,,exact,PMM0433|PMM1093
sys_PMM0402,PMM0402,fadD,other,kegg.compound:C06854,Bleomycin A2,contains_N,kegg.compound:C06854,none,inherited,tcdb:2.A.1,tc_family,True,homology,0.0,0.0,single_source,uncorroborated,most_specific,resolved,tcdb_only,,no,,no,,none,
sys_PMM0402,PMM0402,fadD,other,kegg.compound:C11164,CCCP,contains_N,kegg.compound:C11164,none,inherited,tcdb:2.A.1,tc_family,True,homology,0.0,0.0,single_source,uncorroborated,most_specific,resolved,tcdb_only,,no,,no,,none,
sys_PMM0402,PMM0402,fadD,other,kegg.compound:C01672,Cadaverine,contains_N,kegg.compound:C01672,none,inherited,tcdb:2.A.1,tc_family,True,homology,0.0,0.0,single_source,uncorroborated,most_specific,resolved,tcdb_only,,elsewhere in genome,,elsewhere in genome,,exact,PMM1084|PMM1685
sys_PMM0402,PMM0402,fadD,other,kegg.compound:C07481,Caffeine,contains_N,kegg.compound:C07481,none,inherited,tcdb:2.A.1,tc_family,True,homology,0.0,0.0,single_source,uncorroborated,most_specific,resolved,tcdb_only,,no,,no,,none,
sys_PMM0402,PMM0402,fadD,other,kegg.compound:C00487,Carnitine,contains_N,kegg.compound:C00487,none,inherited,tcdb:2.A.1,tc_family,True,homology,0.0,0.0,single_source,uncorroborated,most_specific,resolved,tcdb_only,,no,,no,,none,
sys_PMM0402,PMM0402,fadD,other,kegg.compound:C00918,Chloramphenicol,contains_N,kegg.compound:C00918,none,inherited,tcdb:2.A.1,tc_family,True,homology,0.0,0.0,single_source,uncorroborated,most_specific,resolved,tcdb_only,,no,,no,,none,
sys_PMM0402,PMM0402,fadD,other,kegg.compound:C06902,Chlorhexidine,contains_N,kegg.compound:C06902,none,inherited,tcdb:2.A.1,tc_family,True,homology,0.0,0.0,single_source,uncorroborated,most_specific,resolved,tcdb_only,,no,,no,,none,
sys_PMM0402,PMM0402,fadD,other,kegg.compound:C05349,Ciprofloxacin,contains_N,kegg.compound:C05349,none,inherited,tcdb:2.A.1,tc_family,True,homology,0.0,0.0,single_source,uncorroborated,most_specific,resolved,tcdb_only,,no,,no,,none,
sys_PMM0402,PMM0402,fadD,other,kegg.compound:C06922,Clotrimazole,contains_N,kegg.compound:C06922,none,inherited,tcdb:2.A.1,tc_family,True,homology,0.0,0.0,single_source,uncorroborated,most_specific,resolved,tcdb_only,,no,,no,,none,
sys_PMM0402,PMM0402,fadD,other,kegg.compound:C00010,CoA,contains_N,kegg.compound:C00010,none,inherited,tcdb:2.A.1,tc_family,True,homology,0.0,0.0,single_source,uncorroborated,most_specific,resolved,tcdb_only,,co-located,PMM0405,elsewhere in genome,,exact,PMM0049|PMM0050|PMM0135|PMM0136|PMM0137|PMM0138|PMM0161|PMM0173|PMM0174|PMM0402|PMM0405|PMM0611|PMM0619|PMM0643|PMM0930|PMM1066|PMM1108|PMM1229|PMM1288|PMM1298|PMM1327|PMM1468|PMM1638
sys_PMM0402,PMM0402,fadD,other,kegg.compound:C06685,Cycloheximide,contains_N,kegg.compound:C06685,none,inherited,tcdb:2.A.1,tc_family,True,homology,0.0,0.0,single_source,uncorroborated,most_specific,resolved,tcdb_only,,no,,no,,none,
sys_PMM0402,PMM0402,fadD,other,kegg.compound:C00736,Cysteine,contains_N,kegg.compound:C00736,none,inherited,tcdb:2.A.1,tc_family,True,homology,0.0,0.0,single_source,uncorroborated,most_specific,resolved,tcdb_only,,no,,no,,none,
sys_PMM0402,PMM0402,fadD,other,chebi:12975,D-glucuronate,no_formula,chebi:12975,none,inherited,tcdb:2.A.1,tc_family,True,homology,0.0,0.0,single_source,uncorroborated,most_specific,resolved,tcdb_only,,no,,no,,none,
sys_PMM0402,PMM0402,fadD,other,chebi:17964,D-pipecolate,contains_N,chebi:17964,none,inherited,tcdb:2.A.1,tc_family,True,homology,0.0,0.0,single_source,uncorroborated,most_specific,resolved,tcdb_only,,no,,no,,none,
sys_PMM0402,PMM0402,fadD,other,kegg.compound:C12013,Daptomycin,contains_N,kegg.compound:C12013,none,inherited,tcdb:2.A.1,tc_family,True,homology,0.0,0.0,single_source,uncorroborated,most_specific,resolved,tcdb_only,,no,,no,,none,
sys_PMM0402,PMM0402,fadD,other,kegg.compound:C01907,Daunorubicin,contains_N,kegg.compound:C01907,none,inherited,tcdb:2.A.1,tc_family,True,homology,0.0,0.0,single_source,uncorroborated,most_specific,resolved,tcdb_only,,no,,no,,none,
sys_PMM0402,PMM0402,fadD,other,kegg.compound:C00526,Deoxyuridine,contains_N,kegg.compound:C00526,none,inherited,tcdb:2.A.1,tc_family,True,homology,0.0,0.0,single_source,uncorroborated,most_specific,resolved,tcdb_only,,elsewhere in genome,,elsewhere in genome,,exact,PMM1271
sys_PMM0402,PMM0402,fadD,other,kegg.compound:C03758,Dopamine,contains_N,kegg.compound:C03758,none,inherited,tcdb:2.A.1,tc_family,True,homology,0.0,0.0,single_source,uncorroborated,most_specific,resolved,tcdb_only,,no,,no,,none,
sys_PMM0402,PMM0402,fadD,other,kegg.compound:C01661,Doxorubicin,contains_N,kegg.compound:C01661,none,inherited,tcdb:2.A.1,tc_family,True,homology,0.0,0.0,single_source,uncorroborated,most_specific,resolved,tcdb_only,,no,,no,,none,
sys_PMM0402,PMM0402,fadD,other,kegg.compound:C06973,Doxycycline,contains_N,kegg.compound:C06973,none,inherited,tcdb:2.A.1,tc_family,True,homology,0.0,0.0,single_source,uncorroborated,most_specific,resolved,tcdb_only,,no,,no,,none,
sys_PMM0402,PMM0402,fadD,other,kegg.compound:C18460,Echlomezole,contains_N,kegg.compound:C18460,none,inherited,tcdb:2.A.1,tc_family,True,homology,0.0,0.0,single_source,uncorroborated,most_specific,resolved,tcdb_only,,no,,no,,none,
sys_PMM0402,PMM0402,fadD,other,kegg.compound:C06231,Ectoine,contains_N,kegg.compound:C06231,none,inherited,tcdb:2.A.1,tc_family,True,homology,0.0,0.0,single_source,uncorroborated,most_specific,resolved,tcdb_only,,no,,no,,none,
sys_PMM0402,PMM0402,fadD,other,kegg.compound:C06979,Enoxacin,contains_N,kegg.compound:C06979,none,inherited,tcdb:2.A.1,tc_family,True,homology,0.0,0.0,single_source,uncorroborated,most_specific,resolved,tcdb_only,,no,,no,,none,
sys_PMM0402,PMM0402,fadD,other,kegg.compound:C01912,Erythromycin,contains_N,kegg.compound:C01912,none,inherited,tcdb:2.A.1,tc_family,True,homology,0.0,0.0,single_source,uncorroborated,most_specific,resolved,tcdb_only,,no,,no,,none,
sys_PMM0402,PMM0402,fadD,other,kegg.compound:C06984,Ethambutol,contains_N,kegg.compound:C06984,none,inherited,tcdb:2.A.1,tc_family,True,homology,0.0,0.0,single_source,uncorroborated,most_specific,resolved,tcdb_only,,no,,no,,none,
sys_PMM0402,PMM0402,fadD,other,kegg.compound:C11161,Ethidium bromide,contains_N,kegg.compound:C11161,none,inherited,tcdb:2.A.1,tc_family,True,homology,0.0,0.0,single_source,uncorroborated,most_specific,resolved,tcdb_only,,no,,no,,none,
sys_PMM0402,PMM0402,fadD,other,kegg.compound:C01579,Flavonoid,no_formula,kegg.compound:C01579,none,inherited,tcdb:2.A.1,tc_family,True,homology,0.0,0.0,single_source,uncorroborated,most_specific,resolved,tcdb_only,,no,,no,,none,
sys_PMM0402,PMM0402,fadD,other,kegg.compound:C07002,Fluconazole,contains_N,kegg.compound:C07002,none,inherited,tcdb:2.A.1,tc_family,True,homology,0.0,0.0,single_source,uncorroborated,most_specific,resolved,tcdb_only,,no,,no,,none,
sys_PMM0402,PMM0402,fadD,other,kegg.compound:C10146,Fusaric acid,contains_N,kegg.compound:C10146,none,inherited,tcdb:2.A.1,tc_family,True,homology,0.0,0.0,single_source,uncorroborated,most_specific,resolved,tcdb_only,,no,,no,,none,
sys_PMM0402,PMM0402,fadD,other,kegg.compound:C00044,GTP,contains_N,kegg.compound:C00044,none,inherited,tcdb:2.A.1,tc_family,True,homology,0.0,0.0,single_source,uncorroborated,most_specific,resolved,tcdb_only,,elsewhere in genome,,elsewhere in genome,,exact,PMM0046|PMM0152|PMM0155|PMM0191|PMM0279|PMM0506|PMM0536|PMM0729|PMM0863|PMM0893|PMM0912|PMM0989|PMM1196|PMM1216|PMM1431|PMM1483|PMM1484|PMM1485|PMM1535|PMM1679|PMM1684
sys_PMM0402,PMM0402,fadD,other,kegg.compound:C00302,Glutamate,contains_N,kegg.compound:C00302,none,inherited,tcdb:2.A.1,tc_family,True,homology,0.0,0.0,single_source,uncorroborated,most_specific,resolved,tcdb_only,,elsewhere in genome,,elsewhere in genome,,exact,PMM0674
sys_PMM0402,PMM0402,fadD,other,kegg.compound:C00528,Glycopeptide,contains_N,kegg.compound:C00528,none,inherited,tcdb:2.A.1,tc_family,True,homology,0.0,0.0,single_source,uncorroborated,most_specific,resolved,tcdb_only,,no,,no,,none,
sys_PMM0402,PMM0402,fadD,other,kegg.compound:C01705,Glyphosate,contains_N,kegg.compound:C01705,none,inherited,tcdb:2.A.1,tc_family,True,homology,0.0,0.0,single_source,uncorroborated,most_specific,resolved,tcdb_only,,no,,no,,none,
sys_PMM0402,PMM0402,fadD,other,kegg.compound:C00242,Guanine,contains_N,kegg.compound:C00242,none,inherited,tcdb:2.A.1,tc_family,True,homology,0.0,0.0,single_source,uncorroborated,most_specific,resolved,tcdb_only,,elsewhere in genome,,elsewhere in genome,,exact,PMM0271|PMM1122
sys_PMM0402,PMM0402,fadD,other,kegg.compound:C00387,Guanosine,contains_N,kegg.compound:C00387,none,inherited,tcdb:2.A.1,tc_family,True,homology,0.0,0.0,single_source,uncorroborated,most_specific,resolved,tcdb_only,,elsewhere in genome,,elsewhere in genome,,exact,PMM1271
sys_PMM0402,PMM0402,fadD,other,kegg.compound:C00388,Histamine,contains_N,kegg.compound:C00388,none,inherited,tcdb:2.A.1,tc_family,True,homology,0.0,0.0,single_source,uncorroborated,most_specific,resolved,tcdb_only,,elsewhere in genome,,elsewhere in genome,,exact,PMM0917
sys_PMM0402,PMM0402,fadD,other,kegg.compound:C11189,Hoechst 33342,contains_N,kegg.compound:C11189,none,inherited,tcdb:2.A.1,tc_family,True,homology,0.0,0.0,single_source,uncorroborated,most_specific,resolved,tcdb_only,,no,,no,,none,
sys_PMM0402,PMM0402,fadD,other,kegg.compound:C00262,Hypoxanthine,contains_N,kegg.compound:C00262,none,inherited,tcdb:2.A.1,tc_family,True,homology,0.0,0.0,single_source,uncorroborated,most_specific,resolved,tcdb_only,,no,,no,,none,
sys_PMM0402,PMM0402,fadD,other,kegg.compound:C00294,Inosine,contains_N,kegg.compound:C00294,none,inherited,tcdb:2.A.1,tc_family,True,homology,0.0,0.0,single_source,uncorroborated,most_specific,resolved,tcdb_only,,elsewhere in genome,,elsewhere in genome,,exact,PMM1271
sys_PMM0402,PMM0402,fadD,other,kegg.compound:C07054,Isoniazid,contains_N,kegg.compound:C07054,none,inherited,tcdb:2.A.1,tc_family,True,homology,0.0,0.0,single_source,uncorroborated,most_specific,resolved,tcdb_only,,no,,no,,none,
sys_PMM0402,PMM0402,fadD,other,kegg.compound:C05557,Isopenicillin N,contains_N,kegg.compound:C05557,none,inherited,tcdb:2.A.1,tc_family,True,homology,0.0,0.0,single_source,uncorroborated,most_specific,resolved,tcdb_only,,elsewhere in genome,,elsewhere in genome,,exact,PMM0415
sys_PMM0402,PMM0402,fadD,other,kegg.compound:C00062,L-Arginine,contains_N,kegg.compound:C00062,none,inherited,tcdb:2.A.1,tc_family,True,homology,0.0,0.0,single_source,uncorroborated,most_specific,resolved,tcdb_only,,elsewhere in genome,,elsewhere in genome,,exact,PMM0012|PMM0045|PMM0187
sys_PMM0402,PMM0402,fadD,other,kegg.compound:C00327,L-Citrulline,contains_N,kegg.compound:C00327,none,inherited,tcdb:2.A.1,tc_family,True,homology,0.0,0.0,single_source,uncorroborated,most_specific,resolved,tcdb_only,,elsewhere in genome,,elsewhere in genome,,exact,PMM1263|PMM1707
sys_PMM0402,PMM0402,fadD,other,kegg.compound:C00097,L-Cysteine,contains_N,kegg.compound:C00097,none,inherited,tcdb:2.A.1,tc_family,True,homology,0.0,0.0,single_source,uncorroborated,most_specific,resolved,tcdb_only,,co-located,PMM0407|PMM0408|PMM0409,elsewhere in genome,,exact,PMM0070|PMM0123|PMM0170|PMM0229|PMM0407|PMM0408|PMM0409|PMM0642|PMM0674|PMM0887|PMM0993|PMM1002|PMM1141|PMM1332|PMM1670
sys_PMM0402,PMM0402,fadD,other,kegg.compound:C00025,L-Glutamate,contains_N,kegg.compound:C00025,none,inherited,tcdb:2.A.1,tc_family,True,homology,0.0,0.0,single_source,uncorroborated,most_specific,resolved,tcdb_only,,elsewhere in genome,,elsewhere in genome,,exact,PMM0003|PMM0004|PMM0037|PMM0048|PMM0050|PMM0184|PMM0186|PMM0235|PMM0430|PMM0473|PMM0617|PMM0674|PMM0695|PMM0779|PMM0780|PMM0788|PMM0825|PMM0878|PMM0919|PMM0920|PMM0946|PMM0951|PMM1060|PMM1072|PMM1160|PMM1301|PMM1302|PMM1446|PMM1500|PMM1512|PMM1577|PMM1606|PMM1689|PMM1692
sys_PMM0402,PMM0402,fadD,other,kegg.compound:C00135,L-Histidine,contains_N,kegg.compound:C00135,none,inherited,tcdb:2.A.1,tc_family,True,homology,0.0,0.0,single_source,uncorroborated,most_specific,resolved,tcdb_only,,elsewhere in genome,,elsewhere in genome,,exact,PMM0623|PMM0917|PMM1488
sys_PMM0402,PMM0402,fadD,other,kegg.compound:C00047,L-Lysine,contains_N,kegg.compound:C00047,none,inherited,tcdb:2.A.1,tc_family,True,homology,0.0,0.0,single_source,uncorroborated,most_specific,resolved,tcdb_only,,elsewhere in genome,,elsewhere in genome,,exact,PMM1084|PMM1090|PMM1618|PMM1651
sys_PMM0402,PMM0402,fadD,other,kegg.compound:C00547,L-Noradrenaline,contains_N,kegg.compound:C00547,none,inherited,tcdb:2.A.1,tc_family,True,homology,0.0,0.0,single_source,uncorroborated,most_specific,resolved,tcdb_only,,no,,no,,none,
sys_PMM0402,PMM0402,fadD,other,kegg.compound:C00148,L-Proline,contains_N,kegg.compound:C00148,none,inherited,tcdb:2.A.1,tc_family,True,homology,0.0,0.0,single_source,uncorroborated,most_specific,resolved,tcdb_only,,co-located,PMM0396,elsewhere in genome,,exact,PMM0356|PMM0396|PMM0508
sys_PMM0402,PMM0402,fadD,other,kegg.compound:C06371,Lacto-N-tetraose,contains_N,kegg.compound:C06371,none,inherited,tcdb:2.A.1,tc_family,True,homology,0.0,0.0,single_source,uncorroborated,most_specific,resolved,tcdb_only,,no,,no,,none,
sys_PMM0402,PMM0402,fadD,other,kegg.compound:C06812,Lincomycin,contains_N,kegg.compound:C06812,none,inherited,tcdb:2.A.1,tc_family,True,homology,0.0,0.0,single_source,uncorroborated,most_specific,resolved,tcdb_only,,no,,no,,none,
sys_PMM0402,PMM0402,fadD,other,kegg.compound:C08146,Linezolid,contains_N,kegg.compound:C08146,none,inherited,tcdb:2.A.1,tc_family,True,homology,0.0,0.0,single_source,uncorroborated,most_specific,resolved,tcdb_only,,no,,no,,none,
sys_PMM0402,PMM0402,fadD,other,kegg.compound:C07177,Methicillin,contains_N,kegg.compound:C07177,none,inherited,tcdb:2.A.1,tc_family,True,homology,0.0,0.0,single_source,uncorroborated,most_specific,resolved,tcdb_only,,no,,no,,none,
sys_PMM0402,PMM0402,fadD,other,kegg.compound:C01937,Methotrexate,contains_N,kegg.compound:C01937,none,inherited,tcdb:2.A.1,tc_family,True,homology,0.0,0.0,single_source,uncorroborated,most_specific,resolved,tcdb_only,,no,,no,,none,
sys_PMM0402,PMM0402,fadD,other,kegg.compound:C07225,Minocycline,contains_N,kegg.compound:C07225,none,inherited,tcdb:2.A.1,tc_family,True,homology,0.0,0.0,single_source,uncorroborated,most_specific,resolved,tcdb_only,,no,,no,,none,
sys_PMM0402,PMM0402,fadD,other,kegg.compound:C06681,Mitomycin,contains_N,kegg.compound:C06681,none,inherited,tcdb:2.A.1,tc_family,True,homology,0.0,0.0,single_source,uncorroborated,most_specific,resolved,tcdb_only,,no,,no,,none,
sys_PMM0402,PMM0402,fadD,other,kegg.compound:C11279,Myristyltrimethylaminium bromide,contains_N,kegg.compound:C11279,none,inherited,tcdb:2.A.1,tc_family,True,homology,0.0,0.0,single_source,uncorroborated,most_specific,resolved,tcdb_only,,no,,no,,none,
sys_PMM0402,PMM0402,fadD,other,kegg.compound:C01026,"N,N-Dimethylglycine",contains_N,kegg.compound:C01026,none,inherited,tcdb:2.A.1,tc_family,True,homology,0.0,0.0,single_source,uncorroborated,most_specific,resolved,tcdb_only,,no,,no,,none,
sys_PMM0402,PMM0402,fadD,other,kegg.compound:C03878,N-Acetyl-beta-D-glucosamine,contains_N,kegg.compound:C03878,none,inherited,tcdb:2.A.1,tc_family,True,homology,0.0,0.0,single_source,uncorroborated,most_specific,resolved,tcdb_only,,no,,no,,none,
sys_PMM0402,PMM0402,fadD,other,kegg.compound:C19910,N-Acetyl-beta-neuraminate,contains_N,kegg.compound:C19910,none,inherited,tcdb:2.A.1,tc_family,True,homology,0.0,0.0,single_source,uncorroborated,most_specific,resolved,tcdb_only,,no,,no,,none,
sys_PMM0402,PMM0402,fadD,other,kegg.compound:C00438,N-Carbamoyl-L-aspartate,contains_N,kegg.compound:C00438,none,inherited,tcdb:2.A.1,tc_family,True,homology,0.0,0.0,single_source,uncorroborated,most_specific,resolved,tcdb_only,,elsewhere in genome,,elsewhere in genome,,exact,PMM0233|PMM0514|PMM0569
sys_PMM0402,PMM0402,fadD,other,chebi:21600,N-acetylgalactosamine,no_formula,chebi:21600,none,inherited,tcdb:2.A.1,tc_family,True,homology,0.0,0.0,single_source,uncorroborated,most_specific,resolved,tcdb_only,,no,,no,,none,
sys_PMM0402,PMM0402,fadD,other,kegg.compound:C05079,Nalidixic acid,contains_N,kegg.compound:C05079,none,inherited,tcdb:2.A.1,tc_family,True,homology,0.0,0.0,single_source,uncorroborated,most_specific,resolved,tcdb_only,,no,,no,,none,
sys_PMM0402,PMM0402,fadD,other,kegg.compound:C01736,Nebularine,contains_N,kegg.compound:C01736,id,inherited,tcdb:2.A.1,tc_family,True,homology,0.0,0.0,single_source,uncorroborated,most_specific,resolved,tcdb_only,,no,,no,,none,
sys_PMM0402,PMM0402,fadD,other,kegg.compound:C05324,Nicotianamine,contains_N,kegg.compound:C05324,none,inherited,tcdb:2.A.1,tc_family,True,homology,0.0,0.0,single_source,uncorroborated,most_specific,resolved,tcdb_only,,no,,no,,none,
sys_PMM0402,PMM0402,fadD,other,kegg.compound:C00253,Nicotinate,contains_N,kegg.compound:C00253,none,inherited,tcdb:2.A.1,tc_family,True,homology,0.0,0.0,single_source,uncorroborated,most_specific,resolved,tcdb_only,,no,,no,,none,
sys_PMM0402,PMM0402,fadD,other,kegg.compound:C07266,Nifedipine,contains_N,kegg.compound:C07266,none,inherited,tcdb:2.A.1,tc_family,True,homology,0.0,0.0,single_source,uncorroborated,most_specific,resolved,tcdb_only,,no,,no,,none,
sys_PMM0402,PMM0402,fadD,other,kegg.compound:C00244,Nitrate,contains_N,chebi:14654,name_soft,inherited,tcdb:2.A.1,tc_family,True,homology,0.0,0.0,single_source,uncorroborated,most_specific,resolved,tcdb_only,,no,,no,,none,
sys_PMM0402,PMM0402,fadD,other,kegg.compound:C06687,Norfloxacin,contains_N,kegg.compound:C06687,none,inherited,tcdb:2.A.1,tc_family,True,homology,0.0,0.0,single_source,uncorroborated,most_specific,resolved,tcdb_only,,no,,no,,none,
sys_PMM0402,PMM0402,fadD,other,kegg.compound:C05080,Novobiocin,contains_N,kegg.compound:C05080,none,inherited,tcdb:2.A.1,tc_family,True,homology,0.0,0.0,single_source,uncorroborated,most_specific,resolved,tcdb_only,,no,,no,,none,
sys_PMM0402,PMM0402,fadD,other,kegg.compound:C07334,Oxacillin,contains_N,kegg.compound:C07334,none,inherited,tcdb:2.A.1,tc_family,True,homology,0.0,0.0,single_source,uncorroborated,most_specific,resolved,tcdb_only,,no,,no,,none,
sys_PMM0402,PMM0402,fadD,other,kegg.compound:C00802,Oxalureate,contains_N,kegg.compound:C00802,none,inherited,tcdb:2.A.1,tc_family,True,homology,0.0,0.0,single_source,uncorroborated,most_specific,resolved,tcdb_only,,no,,no,,none,
sys_PMM0402,PMM0402,fadD,other,kegg.compound:C06624,Oxytetracycline,contains_N,kegg.compound:C06624,none,inherited,tcdb:2.A.1,tc_family,True,homology,0.0,0.0,single_source,uncorroborated,most_specific,resolved,tcdb_only,,no,,no,,none,
sys_PMM0402,PMM0402,fadD,other,kegg.compound:C14701,Paraquat,contains_N,kegg.compound:C14701,none,inherited,tcdb:2.A.1,tc_family,True,homology,0.0,0.0,single_source,uncorroborated,most_specific,resolved,tcdb_only,,no,,no,,none,
sys_PMM0402,PMM0402,fadD,other,kegg.compound:C06564,Penicillin N,contains_N,kegg.compound:C06564,none,inherited,tcdb:2.A.1,tc_family,True,homology,0.0,0.0,single_source,uncorroborated,most_specific,resolved,tcdb_only,,elsewhere in genome,,elsewhere in genome,,exact,PMM0415
sys_PMM0402,PMM0402,fadD,other,kegg.compound:C21476,Phenazine,contains_N,kegg.compound:C21476,none,inherited,tcdb:2.A.1,tc_family,True,homology,0.0,0.0,single_source,uncorroborated,most_specific,resolved,tcdb_only,,no,,no,,none,
sys_PMM0402,PMM0402,fadD,other,kegg.compound:C06702,Polyamine,no_formula,kegg.compound:C06702,none,inherited,tcdb:2.A.1,tc_family,True,homology,0.0,0.0,single_source,uncorroborated,most_specific,resolved,tcdb_only,,no,,no,,none,
sys_PMM0402,PMM0402,fadD,other,kegg.compound:C11615,Pristinamycin IA,contains_N,kegg.compound:C11615,none,inherited,tcdb:2.A.1,tc_family,True,homology,0.0,0.0,single_source,uncorroborated,most_specific,resolved,tcdb_only,,no,,no,,none,
sys_PMM0402,PMM0402,fadD,other,kegg.compound:C15587,Purine,contains_N,chebi:35584,name_soft,inherited,tcdb:2.A.1,tc_family,True,homology,0.0,0.0,single_source,uncorroborated,most_specific,resolved,tcdb_only,,no,,no,,none,
sys_PMM0402,PMM0402,fadD,other,kegg.compound:C01610,Puromycin,contains_N,kegg.compound:C01610,none,inherited,tcdb:2.A.1,tc_family,True,homology,0.0,0.0,single_source,uncorroborated,most_specific,resolved,tcdb_only,,no,,no,,none,
sys_PMM0402,PMM0402,fadD,other,kegg.compound:C00134,Putrescine,contains_N,kegg.compound:C00134,none,inherited,tcdb:2.A.1,tc_family,True,homology,0.0,0.0,single_source,uncorroborated,most_specific,resolved,tcdb_only,,elsewhere in genome,,elsewhere in genome,,exact,PMM1685|PMM1686
sys_PMM0402,PMM0402,fadD,other,kegg.compound:C00250,Pyridoxal,contains_N,kegg.compound:C00250,none,inherited,tcdb:2.A.1,tc_family,True,homology,0.0,0.0,single_source,uncorroborated,most_specific,resolved,tcdb_only,,elsewhere in genome,,elsewhere in genome,,exact,PMM0052|PMM1358
sys_PMM0402,PMM0402,fadD,other,kegg.compound:C00314,Pyridoxine,contains_N,kegg.compound:C00314,none,inherited,tcdb:2.A.1,tc_family,True,homology,0.0,0.0,single_source,uncorroborated,most_specific,resolved,tcdb_only,,elsewhere in genome,,elsewhere in genome,,exact,PMM0052|PMM1358
sys_PMM0402,PMM0402,fadD,other,kegg.compound:C19907,Pyrrole,contains_N,kegg.compound:C19907,none,inherited,tcdb:2.A.1,tc_family,True,homology,0.0,0.0,single_source,uncorroborated,most_specific,resolved,tcdb_only,,no,,no,,none,
sys_PMM0402,PMM0402,fadD,other,kegg.compound:C06527,Quinidine,contains_N,kegg.compound:C06527,none,inherited,tcdb:2.A.1,tc_family,True,homology,0.0,0.0,single_source,uncorroborated,most_specific,resolved,tcdb_only,,no,,no,,none,
sys_PMM0402,PMM0402,fadD,other,kegg.compound:C11177,Rhodamine 6G,contains_N,kegg.compound:C11177,none,inherited,tcdb:2.A.1,tc_family,True,homology,0.0,0.0,single_source,uncorroborated,most_specific,resolved,tcdb_only,,no,,no,,none,
sys_PMM0402,PMM0402,fadD,other,kegg.compound:C00255,Riboflavin,contains_N,kegg.compound:C00255,none,inherited,tcdb:2.A.1,tc_family,True,homology,0.0,0.0,single_source,uncorroborated,most_specific,resolved,tcdb_only,,elsewhere in genome,,elsewhere in genome,,exact,PMM0442|PMM1273
sys_PMM0402,PMM0402,fadD,other,kegg.compound:C06688,Rifampicin,contains_N,kegg.compound:C06688,none,inherited,tcdb:2.A.1,tc_family,True,homology,0.0,0.0,single_source,uncorroborated,most_specific,resolved,tcdb_only,,no,,no,,none,
sys_PMM0402,PMM0402,fadD,other,kegg.compound:C12044,Rifamycin,contains_N,kegg.compound:C12044,none,inherited,tcdb:2.A.1,tc_family,True,homology,0.0,0.0,single_source,uncorroborated,most_specific,resolved,tcdb_only,,no,,no,,none,
sys_PMM0402,PMM0402,fadD,other,kegg.compound:C00780,Serotonin,contains_N,kegg.compound:C00780,none,inherited,tcdb:2.A.1,tc_family,True,homology,0.0,0.0,single_source,uncorroborated,most_specific,resolved,tcdb_only,,no,,no,,none,
sys_PMM0402,PMM0402,fadD,other,kegg.compound:C07662,Sparfloxacin,contains_N,kegg.compound:C07662,none,inherited,tcdb:2.A.1,tc_family,True,homology,0.0,0.0,single_source,uncorroborated,most_specific,resolved,tcdb_only,,no,,no,,none,
sys_PMM0402,PMM0402,fadD,other,kegg.compound:C02078,Spectinomycin,contains_N,kegg.compound:C02078,none,inherited,tcdb:2.A.1,tc_family,True,homology,0.0,0.0,single_source,uncorroborated,most_specific,resolved,tcdb_only,,no,,no,,none,
sys_PMM0402,PMM0402,fadD,other,kegg.compound:C00315,Spermidine,contains_N,kegg.compound:C00315,none,inherited,tcdb:2.A.1,tc_family,True,homology,0.0,0.0,single_source,uncorroborated,most_specific,resolved,tcdb_only,,elsewhere in genome,,elsewhere in genome,,exact,PMM1685
sys_PMM0402,PMM0402,fadD,other,kegg.compound:C00750,Spermine,contains_N,kegg.compound:C00750,none,inherited,tcdb:2.A.1,tc_family,True,homology,0.0,0.0,single_source,uncorroborated,most_specific,resolved,tcdb_only,,elsewhere in genome,,elsewhere in genome,,exact,PMM1685
sys_PMM0402,PMM0402,fadD,other,kegg.compound:C10172,Stachydrine,contains_N,kegg.compound:C10172,none,inherited,tcdb:2.A.1,tc_family,True,homology,0.0,0.0,single_source,uncorroborated,most_specific,resolved,tcdb_only,,no,,no,,none,
sys_PMM0402,PMM0402,fadD,other,kegg.compound:C22102,Staphyloferrin A,contains_N,kegg.compound:C22102,none,inherited,tcdb:2.A.1,tc_family,True,homology,0.0,0.0,single_source,uncorroborated,most_specific,resolved,tcdb_only,,no,,no,,none,
sys_PMM0402,PMM0402,fadD,other,kegg.compound:C00413,Streptomycin,contains_N,kegg.compound:C00413,none,inherited,tcdb:2.A.1,tc_family,True,homology,0.0,0.0,single_source,uncorroborated,most_specific,resolved,tcdb_only,,no,,no,,none,
sys_PMM0402,PMM0402,fadD,other,kegg.compound:C07658,Sulfadiazine,contains_N,kegg.compound:C07658,none,inherited,tcdb:2.A.1,tc_family,True,homology,0.0,0.0,single_source,uncorroborated,most_specific,resolved,tcdb_only,,no,,no,,none,
sys_PMM0402,PMM0402,fadD,other,kegg.compound:C07315,Sulfamethoxazole,contains_N,kegg.compound:C07315,none,inherited,tcdb:2.A.1,tc_family,True,homology,0.0,0.0,single_source,uncorroborated,most_specific,resolved,tcdb_only,,no,,no,,none,
sys_PMM0402,PMM0402,fadD,other,kegg.compound:C11169,Sulfathiazole,contains_N,kegg.compound:C11169,none,inherited,tcdb:2.A.1,tc_family,True,homology,0.0,0.0,single_source,uncorroborated,most_specific,resolved,tcdb_only,,no,,no,,none,
sys_PMM0402,PMM0402,fadD,other,kegg.compound:C00245,Taurine,contains_N,kegg.compound:C00245,none,inherited,tcdb:2.A.1,tc_family,True,homology,0.0,0.0,single_source,uncorroborated,most_specific,resolved,tcdb_only,,no,,no,,none,
sys_PMM0402,PMM0402,fadD,other,kegg.compound:C08511,Tenuazonic acid,contains_N,kegg.compound:C08511,none,inherited,tcdb:2.A.1,tc_family,True,homology,0.0,0.0,single_source,uncorroborated,most_specific,resolved,tcdb_only,,no,,no,,none,
sys_PMM0402,PMM0402,fadD,other,kegg.compound:C06570,Tetracycline,contains_N,kegg.compound:C06570,none,inherited,tcdb:2.A.1,tc_family,True,homology,0.0,0.0,single_source,uncorroborated,most_specific,resolved,tcdb_only,,no,,no,,none,
sys_PMM0402,PMM0402,fadD,other,kegg.compound:C00378,Thiamine,contains_N,kegg.compound:C00378,none,inherited,tcdb:2.A.1,tc_family,True,homology,0.0,0.0,single_source,uncorroborated,most_specific,resolved,tcdb_only,,elsewhere in genome,,elsewhere in genome,,exact,PMM0019|PMM0357|PMM0708|PMM1624
sys_PMM0402,PMM0402,fadD,other,kegg.compound:C12853,Thiamphenicol,contains_N,kegg.compound:C12853,none,inherited,tcdb:2.A.1,tc_family,True,homology,0.0,0.0,single_source,uncorroborated,most_specific,resolved,tcdb_only,,no,,no,,none,
sys_PMM0402,PMM0402,fadD,other,kegg.compound:C07648,Thioguanine,contains_N,kegg.compound:C07648,none,inherited,tcdb:2.A.1,tc_family,True,homology,0.0,0.0,single_source,uncorroborated,most_specific,resolved,tcdb_only,,no,,no,,none,
sys_PMM0402,PMM0402,fadD,other,kegg.compound:C01756,Thiopurine,contains_N,kegg.compound:C01756,id,inherited,tcdb:2.A.1,tc_family,True,homology,0.0,0.0,single_source,uncorroborated,most_specific,resolved,tcdb_only,,no,,no,,none,
sys_PMM0402,PMM0402,fadD,other,kegg.compound:C01965,Trimethoprim,contains_N,kegg.compound:C01965,none,inherited,tcdb:2.A.1,tc_family,True,homology,0.0,0.0,single_source,uncorroborated,most_specific,resolved,tcdb_only,,no,,no,,none,
sys_PMM0402,PMM0402,fadD,other,chebi:60987,Tyr-Tyr,contains_N,chebi:60987,none,inherited,tcdb:2.A.1,tc_family,True,homology,0.0,0.0,single_source,uncorroborated,most_specific,resolved,tcdb_only,,no,,no,,none,
sys_PMM0402,PMM0402,fadD,other,kegg.compound:C01009,UDP-2-deoxyglucose,contains_N,kegg.compound:C01009,none,inherited,tcdb:2.A.1,tc_family,True,homology,0.0,0.0,single_source,uncorroborated,most_specific,resolved,tcdb_only,,no,,no,,none,
sys_PMM0402,PMM0402,fadD,other,kegg.compound:C05227,UDP-sugar,contains_N,kegg.compound:C05227,none,inherited,tcdb:2.A.1,tc_family,True,homology,0.0,0.0,single_source,uncorroborated,most_specific,resolved,tcdb_only,,no,,no,,none,
sys_PMM0402,PMM0402,fadD,other,kegg.compound:C00366,Urate,contains_N,kegg.compound:C00366,none,inherited,tcdb:2.A.1,tc_family,True,homology,0.0,0.0,single_source,uncorroborated,most_specific,resolved,tcdb_only,,no,,no,,none,
sys_PMM0402,PMM0402,fadD,other,kegg.compound:C00299,Uridine,contains_N,kegg.compound:C00299,none,inherited,tcdb:2.A.1,tc_family,True,homology,0.0,0.0,single_source,uncorroborated,most_specific,resolved,tcdb_only,,elsewhere in genome,,elsewhere in genome,,exact,PMM0989|PMM1271
sys_PMM0402,PMM0402,fadD,other,kegg.compound:C12112,Validamycin A,contains_N,kegg.compound:C12112,none,inherited,tcdb:2.A.1,tc_family,True,homology,0.0,0.0,single_source,uncorroborated,most_specific,resolved,tcdb_only,,no,,no,,none,
sys_PMM0402,PMM0402,fadD,other,kegg.compound:C07188,Verapamil,contains_N,kegg.compound:C07188,none,inherited,tcdb:2.A.1,tc_family,True,homology,0.0,0.0,single_source,uncorroborated,most_specific,resolved,tcdb_only,,no,,no,,none,
sys_PMM0402,PMM0402,fadD,other,kegg.compound:C11299,Virginiamycin M1,contains_N,kegg.compound:C11299,none,inherited,tcdb:2.A.1,tc_family,True,homology,0.0,0.0,single_source,uncorroborated,most_specific,resolved,tcdb_only,,no,,no,,none,
sys_PMM0402,PMM0402,fadD,other,chebi:14816,a phospholipid derivative,no_formula,chebi:14816,none,inherited,tcdb:2.A.1,tc_family,True,homology,0.0,0.0,single_source,uncorroborated,most_specific,resolved,tcdb_only,,no,,no,,none,
sys_PMM0402,PMM0402,fadD,other,chebi:61346,achromobactin,contains_N,chebi:61346,none,inherited,tcdb:2.A.1,tc_family,True,homology,0.0,0.0,single_source,uncorroborated,most_specific,resolved,tcdb_only,,no,,no,,none,
sys_PMM0402,PMM0402,fadD,other,chebi:13800,acid,no_formula,chebi:13800,none,inherited,tcdb:2.A.1,tc_family,True,homology,0.0,0.0,single_source,uncorroborated,most_specific,resolved,tcdb_only,,no,,no,,none,
sys_PMM0402,PMM0402,fadD,other,chebi:22218,actinomycin D,contains_N,chebi:22218,none,inherited,tcdb:2.A.1,tc_family,True,homology,0.0,0.0,single_source,uncorroborated,most_specific,resolved,tcdb_only,,no,,no,,none,
sys_PMM0402,PMM0402,fadD,other,chebi:50434,alcaligin,contains_N,chebi:50434,none,inherited,tcdb:2.A.1,tc_family,True,homology,0.0,0.0,single_source,uncorroborated,most_specific,resolved,tcdb_only,,no,,no,,none,
sys_PMM0402,PMM0402,fadD,other,chebi:60979,alpha-glucoside,no_formula,chebi:60979,none,inherited,tcdb:2.A.1,tc_family,True,homology,0.0,0.0,single_source,uncorroborated,most_specific,resolved,tcdb_only,,no,,no,,none,
sys_PMM0402,PMM0402,fadD,other,chebi:13814,amine,no_formula,chebi:13814,none,inherited,tcdb:2.A.1,tc_family,True,homology,0.0,0.0,single_source,uncorroborated,most_specific,resolved,tcdb_only,,no,,no,,none,
sys_PMM0402,PMM0402,fadD,other,chebi:22563,anion,no_formula,chebi:22563,none,inherited,tcdb:2.A.1,tc_family,True,homology,0.0,0.0,single_source,uncorroborated,most_specific,resolved,tcdb_only,,no,,no,,none,
sys_PMM0402,PMM0402,fadD,other,chebi:35218,anthocyanin cation,no_formula,chebi:35218,none,inherited,tcdb:2.A.1,tc_family,True,homology,0.0,0.0,single_source,uncorroborated,most_specific,resolved,tcdb_only,,no,,no,,none,
sys_PMM0402,PMM0402,fadD,other,chebi:35718,antifungal agent,no_formula,chebi:35718,none,inherited,tcdb:2.A.1,tc_family,True,homology,0.0,0.0,single_source,uncorroborated,most_specific,resolved,tcdb_only,,no,,no,,none,
sys_PMM0402,PMM0402,fadD,other,chebi:22582,antimicrobial agent,no_formula,chebi:22582,none,inherited,tcdb:2.A.1,tc_family,True,homology,0.0,0.0,single_source,uncorroborated,most_specific,resolved,tcdb_only,,no,,no,,none,
sys_PMM0402,PMM0402,fadD,other,chebi:22599,arabinose,no_formula,chebi:22599,none,inherited,tcdb:2.A.1,tc_family,True,homology,0.0,0.0,single_source,uncorroborated,most_specific,resolved,tcdb_only,,no,,no,,none,
sys_PMM0402,PMM0402,fadD,other,chebi:33655,aromatic compound,no_formula,chebi:33655,none,inherited,tcdb:2.A.1,tc_family,True,homology,0.0,0.0,single_source,uncorroborated,most_specific,resolved,tcdb_only,,no,,no,,none,
sys_PMM0402,PMM0402,fadD,other,chebi:68452,azole,no_formula,chebi:68452,none,inherited,tcdb:2.A.1,tc_family,True,homology,0.0,0.0,single_source,uncorroborated,most_specific,resolved,tcdb_only,,no,,no,,none,
sys_PMM0402,PMM0402,fadD,other,kegg.compound:C03438,beta-Lactam antibiotics,contains_N,kegg.compound:C03438,none,inherited,tcdb:2.A.1,tc_family,True,homology,0.0,0.0,single_source,uncorroborated,most_specific,resolved,tcdb_only,,no,,no,,none,
sys_PMM0402,PMM0402,fadD,other,chebi:26130,biological pigment,no_formula,chebi:26130,none,inherited,tcdb:2.A.1,tc_family,True,homology,0.0,0.0,single_source,uncorroborated,most_specific,resolved,tcdb_only,,no,,no,,none,
sys_PMM0402,PMM0402,fadD,other,chebi:134400,cationic peptidyl group,no_formula,chebi:134400,none,inherited,tcdb:2.A.1,tc_family,True,homology,0.0,0.0,single_source,uncorroborated,most_specific,resolved,tcdb_only,,no,,no,,none,
sys_PMM0402,PMM0402,fadD,other,chebi:55429,cephamycin,contains_N,chebi:55429,none,inherited,tcdb:2.A.1,tc_family,True,homology,0.0,0.0,single_source,uncorroborated,most_specific,resolved,tcdb_only,,no,,no,,none,
sys_PMM0402,PMM0402,fadD,other,chebi:23314,cisplatin,contains_N,chebi:23314,none,inherited,tcdb:2.A.1,tc_family,True,homology,0.0,0.0,single_source,uncorroborated,most_specific,resolved,tcdb_only,,no,,no,,none,
sys_PMM0402,PMM0402,fadD,other,chebi:50744,citrate salt,no_formula,chebi:50744,none,inherited,tcdb:2.A.1,tc_family,True,homology,0.0,0.0,single_source,uncorroborated,most_specific,resolved,tcdb_only,,no,,no,,none,
sys_PMM0402,PMM0402,fadD,other,chebi:355347,clofazimine,contains_N,chebi:355347,none,inherited,tcdb:2.A.1,tc_family,True,homology,0.0,0.0,single_source,uncorroborated,most_specific,resolved,tcdb_only,,no,,no,,none,
sys_PMM0402,PMM0402,fadD,other,chebi:34651,colistin,contains_N,chebi:34651,none,inherited,tcdb:2.A.1,tc_family,True,homology,0.0,0.0,single_source,uncorroborated,most_specific,resolved,tcdb_only,,no,,no,,none,
sys_PMM0402,PMM0402,fadD,other,chebi:3933,crystal violet,contains_N,chebi:3933,none,inherited,tcdb:2.A.1,tc_family,True,homology,0.0,0.0,single_source,uncorroborated,most_specific,resolved,tcdb_only,,no,,no,,none,
sys_PMM0402,PMM0402,fadD,other,chebi:41872,dequalinium,contains_N,chebi:41872,none,inherited,tcdb:2.A.1,tc_family,True,homology,0.0,0.0,single_source,uncorroborated,most_specific,resolved,tcdb_only,,no,,no,,none,
sys_PMM0402,PMM0402,fadD,other,chebi:23648,detergent,no_formula,chebi:23648,none,inherited,tcdb:2.A.1,tc_family,True,homology,0.0,0.0,single_source,uncorroborated,most_specific,resolved,tcdb_only,,no,,no,,none,
sys_PMM0402,PMM0402,fadD,other,chebi:23835,dipeptide,no_formula,chebi:23835,none,inherited,tcdb:2.A.1,tc_family,True,homology,0.0,0.0,single_source,uncorroborated,most_specific,resolved,tcdb_only,,no,,no,,none,
sys_PMM0402,PMM0402,fadD,other,chebi:48219,disinfectant,no_formula,chebi:48219,none,inherited,tcdb:2.A.1,tc_family,True,homology,0.0,0.0,single_source,uncorroborated,most_specific,resolved,tcdb_only,,no,,no,,none,
sys_PMM0402,PMM0402,fadD,other,chebi:35190,diterpene,no_formula,chebi:35190,none,inherited,tcdb:2.A.1,tc_family,True,homology,0.0,0.0,single_source,uncorroborated,most_specific,resolved,tcdb_only,,no,,no,,none,
sys_PMM0402,PMM0402,fadD,other,chebi:50607,dityrosine,contains_N,chebi:50607,none,inherited,tcdb:2.A.1,tc_family,True,homology,0.0,0.0,single_source,uncorroborated,most_specific,resolved,tcdb_only,,no,,no,,none,
sys_PMM0402,PMM0402,fadD,other,chebi:23888,drug,no_formula,chebi:23888,none,inherited,tcdb:2.A.1,tc_family,True,homology,0.0,0.0,single_source,uncorroborated,most_specific,resolved,tcdb_only,,no,,no,,none,
sys_PMM0402,PMM0402,fadD,other,chebi:37958,dye,no_formula,chebi:37958,none,inherited,tcdb:2.A.1,tc_family,True,homology,0.0,0.0,single_source,uncorroborated,most_specific,resolved,tcdb_only,,no,,no,,none,
sys_PMM0402,PMM0402,fadD,other,chebi:42478,ethidium,contains_N,chebi:42478,none,inherited,tcdb:2.A.1,tc_family,True,homology,0.0,0.0,single_source,uncorroborated,most_specific,resolved,tcdb_only,,no,,no,,none,
sys_PMM0402,PMM0402,fadD,other,chebi:82863,fenticonazole,no_formula,chebi:82863,none,inherited,tcdb:2.A.1,tc_family,True,homology,0.0,0.0,single_source,uncorroborated,most_specific,resolved,tcdb_only,,no,,no,,none,
sys_PMM0402,PMM0402,fadD,other,chebi:87185,florfenicol,contains_N,chebi:87185,none,inherited,tcdb:2.A.1,tc_family,True,homology,0.0,0.0,single_source,uncorroborated,most_specific,resolved,tcdb_only,,no,,no,,none,
sys_PMM0402,PMM0402,fadD,other,chebi:31616,fludarabine phosphate,contains_N,chebi:31616,none,inherited,tcdb:2.A.1,tc_family,True,homology,0.0,0.0,single_source,uncorroborated,most_specific,resolved,tcdb_only,,no,,no,,none,
sys_PMM0402,PMM0402,fadD,other,chebi:87211,fluoroquinolone antibiotic,no_formula,chebi:87211,none,inherited,tcdb:2.A.1,tc_family,True,homology,0.0,0.0,single_source,uncorroborated,most_specific,resolved,tcdb_only,,no,,no,,none,
sys_PMM0402,PMM0402,fadD,other,chebi:42526,fosmidomycin,contains_N,chebi:42526,none,inherited,tcdb:2.A.1,tc_family,True,homology,0.0,0.0,single_source,uncorroborated,most_specific,resolved,tcdb_only,,no,,no,,none,
sys_PMM0402,PMM0402,fadD,other,chebi:24104,fructose,no_formula,chebi:24104,none,inherited,tcdb:2.A.1,tc_family,True,homology,0.0,0.0,single_source,uncorroborated,most_specific,resolved,tcdb_only,,no,,no,,none,
sys_PMM0402,PMM0402,fadD,other,chebi:24118,fucose,no_formula,chebi:24118,none,inherited,tcdb:2.A.1,tc_family,True,homology,0.0,0.0,single_source,uncorroborated,most_specific,resolved,tcdb_only,,no,,no,,none,
sys_PMM0402,PMM0402,fadD,other,chebi:24127,fungicide,no_formula,chebi:24127,none,inherited,tcdb:2.A.1,tc_family,True,homology,0.0,0.0,single_source,uncorroborated,most_specific,resolved,tcdb_only,,no,,no,,none,
sys_PMM0402,PMM0402,fadD,other,chebi:24162,galactose,no_formula,chebi:24162,none,inherited,tcdb:2.A.1,tc_family,True,homology,0.0,0.0,single_source,uncorroborated,most_specific,resolved,tcdb_only,,no,,no,,none,
sys_PMM0402,PMM0402,fadD,other,chebi:24163,galactoside,no_formula,chebi:24163,none,inherited,tcdb:2.A.1,tc_family,True,homology,0.0,0.0,single_source,uncorroborated,most_specific,resolved,tcdb_only,,no,,no,,none,
sys_PMM0402,PMM0402,fadD,other,chebi:24175,galacturonate,no_formula,chebi:24175,none,inherited,tcdb:2.A.1,tc_family,True,homology,0.0,0.0,single_source,uncorroborated,most_specific,resolved,tcdb_only,,no,,no,,none,
sys_PMM0402,PMM0402,fadD,other,chebi:14311,glucaric acid,no_formula,chebi:14311,none,inherited,tcdb:2.A.1,tc_family,True,homology,0.0,0.0,single_source,uncorroborated,most_specific,resolved,tcdb_only,,no,,no,,none,
sys_PMM0402,PMM0402,fadD,other,chebi:15093,glucitol,no_formula,chebi:15093,none,inherited,tcdb:2.A.1,tc_family,True,homology,0.0,0.0,single_source,uncorroborated,most_specific,resolved,tcdb_only,,no,,no,,none,
sys_PMM0402,PMM0402,fadD,other,chebi:5417,glucosamine,no_formula,chebi:5417,none,inherited,tcdb:2.A.1,tc_family,True,homology,0.0,0.0,single_source,uncorroborated,most_specific,resolved,tcdb_only,,no,,no,,none,
sys_PMM0402,PMM0402,fadD,other,chebi:24278,glucoside,no_formula,chebi:24278,none,inherited,tcdb:2.A.1,tc_family,True,homology,0.0,0.0,single_source,uncorroborated,most_specific,resolved,tcdb_only,,no,,no,,none,
sys_PMM0402,PMM0402,fadD,other,chebi:24279,glucosinolate,contains_N,chebi:24279,none,inherited,tcdb:2.A.1,tc_family,True,homology,0.0,0.0,single_source,uncorroborated,most_specific,resolved,tcdb_only,,no,,no,,none,
sys_PMM0402,PMM0402,fadD,other,chebi:24347,glycerates,no_formula,chebi:24347,none,inherited,tcdb:2.A.1,tc_family,True,homology,0.0,0.0,single_source,uncorroborated,most_specific,resolved,tcdb_only,,no,,no,,none,
sys_PMM0402,PMM0402,fadD,other,chebi:14399,hexose,no_formula,chebi:14399,none,inherited,tcdb:2.A.1,tc_family,True,homology,0.0,0.0,single_source,uncorroborated,most_specific,resolved,tcdb_only,,no,,no,,none,
sys_PMM0402,PMM0402,fadD,other,chebi:47878,hexose phosphate,no_formula,chebi:47878,none,inherited,tcdb:2.A.1,tc_family,True,homology,0.0,0.0,single_source,uncorroborated,most_specific,resolved,tcdb_only,,no,,no,,none,
sys_PMM0402,PMM0402,fadD,other,chebi:6104,kanamycin,no_formula,chebi:6104,none,inherited,tcdb:2.A.1,tc_family,True,homology,0.0,0.0,single_source,uncorroborated,most_specific,resolved,tcdb_only,,no,,no,,none,
sys_PMM0402,PMM0402,fadD,other,chebi:47519,ketoconazole,no_formula,chebi:47519,none,inherited,tcdb:2.A.1,tc_family,True,homology,0.0,0.0,single_source,uncorroborated,most_specific,resolved,tcdb_only,,no,,no,,none,
sys_PMM0402,PMM0402,fadD,other,chebi:25106,macrolide,no_formula,chebi:25106,none,inherited,tcdb:2.A.1,tc_family,True,homology,0.0,0.0,single_source,uncorroborated,most_specific,resolved,tcdb_only,,no,,no,,none,
sys_PMM0402,PMM0402,fadD,other,chebi:44107,malachite green cation,contains_N,chebi:44107,none,inherited,tcdb:2.A.1,tc_family,True,homology,0.0,0.0,single_source,uncorroborated,most_specific,resolved,tcdb_only,,no,,no,,none,
sys_PMM0402,PMM0402,fadD,other,chebi:14575,mannose,no_formula,chebi:14575,none,inherited,tcdb:2.A.1,tc_family,True,homology,0.0,0.0,single_source,uncorroborated,most_specific,resolved,tcdb_only,,no,,no,,none,
sys_PMM0402,PMM0402,fadD,other,chebi:25212,metabolite,no_formula,chebi:25212,none,inherited,tcdb:2.A.1,tc_family,True,homology,0.0,0.0,single_source,uncorroborated,most_specific,resolved,tcdb_only,,no,,no,,none,
sys_PMM0402,PMM0402,fadD,other,chebi:108917,miconazole,no_formula,chebi:108917,none,inherited,tcdb:2.A.1,tc_family,True,homology,0.0,0.0,single_source,uncorroborated,most_specific,resolved,tcdb_only,,no,,no,,none,
sys_PMM0402,PMM0402,fadD,other,chebi:43996,mitoguazone,contains_N,chebi:43996,none,inherited,tcdb:2.A.1,tc_family,True,homology,0.0,0.0,single_source,uncorroborated,most_specific,resolved,tcdb_only,,no,,no,,none,
sys_PMM0402,PMM0402,fadD,other,chebi:25375,monoamine molecular messenger,no_formula,chebi:25375,none,inherited,tcdb:2.A.1,tc_family,True,homology,0.0,0.0,single_source,uncorroborated,most_specific,resolved,tcdb_only,,no,,no,,none,
sys_PMM0402,PMM0402,fadD,other,chebi:23856,monoatomic dication,no_formula,chebi:23856,none,inherited,tcdb:2.A.1,tc_family,True,homology,0.0,0.0,single_source,uncorroborated,most_specific,resolved,tcdb_only,,no,,no,,none,
sys_PMM0402,PMM0402,fadD,other,chebi:25414,monoatomic monocation,no_formula,chebi:25414,none,inherited,tcdb:2.A.1,tc_family,True,homology,0.0,0.0,single_source,uncorroborated,most_specific,resolved,tcdb_only,,no,,no,,none,
sys_PMM0402,PMM0402,fadD,other,chebi:25407,monosaccharide,no_formula,chebi:25407,none,inherited,tcdb:2.A.1,tc_family,True,homology,0.0,0.0,single_source,uncorroborated,most_specific,resolved,tcdb_only,,no,,no,,none,
sys_PMM0402,PMM0402,fadD,other,chebi:63611,moxifloxacin,contains_N,chebi:63611,none,inherited,tcdb:2.A.1,tc_family,True,homology,0.0,0.0,single_source,uncorroborated,most_specific,resolved,tcdb_only,,no,,no,,none,
sys_PMM0402,PMM0402,fadD,other,chebi:25442,mycotoxin,no_formula,chebi:25442,none,inherited,tcdb:2.A.1,tc_family,True,homology,0.0,0.0,single_source,uncorroborated,most_specific,resolved,tcdb_only,,no,,no,,none,
sys_PMM0402,PMM0402,fadD,other,chebi:25679,oligosaccharide,no_formula,chebi:25679,none,inherited,tcdb:2.A.1,tc_family,True,homology,0.0,0.0,single_source,uncorroborated,most_specific,resolved,tcdb_only,,no,,no,,none,
sys_PMM0402,PMM0402,fadD,other,chebi:14753,peptide,contains_N,chebi:14753,name_soft,inherited,tcdb:2.A.1,tc_family,True,homology,0.0,0.0,single_source,uncorroborated,most_specific,resolved,tcdb_only,,elsewhere in genome,,elsewhere in genome,,name_soft,PMM0356
sys_PMM0402,PMM0402,fadD,other,chebi:8005,peptidoglycan,no_formula,chebi:8005,none,inherited,tcdb:2.A.1,tc_family,True,homology,0.0,0.0,single_source,uncorroborated,most_specific,resolved,tcdb_only,,no,,no,,none,
sys_PMM0402,PMM0402,fadD,other,chebi:15132,phospho sugar,no_formula,chebi:15132,none,inherited,tcdb:2.A.1,tc_family,True,homology,0.0,0.0,single_source,uncorroborated,most_specific,resolved,tcdb_only,,no,,no,,none,
sys_PMM0402,PMM0402,fadD,other,chebi:26115,phytoalexin,no_formula,chebi:26115,none,inherited,tcdb:2.A.1,tc_family,True,homology,0.0,0.0,single_source,uncorroborated,most_specific,resolved,tcdb_only,,no,,no,,none,
sys_PMM0402,PMM0402,fadD,other,chebi:8309,polymyxin B1,contains_N,chebi:8309,none,inherited,tcdb:2.A.1,tc_family,True,homology,0.0,0.0,single_source,uncorroborated,most_specific,resolved,tcdb_only,,no,,no,,none,
sys_PMM0402,PMM0402,fadD,other,chebi:13678,purines,no_formula,chebi:13678,none,inherited,tcdb:2.A.1,tc_family,True,homology,0.0,0.0,single_source,uncorroborated,most_specific,resolved,tcdb_only,,no,,no,,none,
sys_PMM0402,PMM0402,fadD,other,chebi:90405,pyronin B,contains_N,chebi:90405,none,inherited,tcdb:2.A.1,tc_family,True,homology,0.0,0.0,single_source,uncorroborated,most_specific,resolved,tcdb_only,,no,,no,,none,
sys_PMM0402,PMM0402,fadD,other,chebi:26468,quaternary ammonium salt,no_formula,chebi:26468,none,inherited,tcdb:2.A.1,tc_family,True,homology,0.0,0.0,single_source,uncorroborated,most_specific,resolved,tcdb_only,,no,,no,,none,
sys_PMM0402,PMM0402,fadD,other,chebi:23765,quinolone,no_formula,chebi:23765,none,inherited,tcdb:2.A.1,tc_family,True,homology,0.0,0.0,single_source,uncorroborated,most_specific,resolved,tcdb_only,,no,,no,,none,
sys_PMM0402,PMM0402,fadD,other,chebi:24998,rac-lactic acid,no_formula,chebi:24998,none,inherited,tcdb:2.A.1,tc_family,True,homology,0.0,0.0,single_source,uncorroborated,most_specific,resolved,tcdb_only,,no,,no,,none,
sys_PMM0402,PMM0402,fadD,other,chebi:21376,rhamnonic acid,no_formula,chebi:21376,none,inherited,tcdb:2.A.1,tc_family,True,homology,0.0,0.0,single_source,uncorroborated,most_specific,resolved,tcdb_only,,no,,no,,none,
sys_PMM0402,PMM0402,fadD,other,chebi:26570,ribulose,no_formula,chebi:26570,none,inherited,tcdb:2.A.1,tc_family,True,homology,0.0,0.0,single_source,uncorroborated,most_specific,resolved,tcdb_only,,no,,no,,none,
sys_PMM0402,PMM0402,fadD,other,chebi:26580,rifamycins,no_formula,chebi:26580,none,inherited,tcdb:2.A.1,tc_family,True,homology,0.0,0.0,single_source,uncorroborated,most_specific,resolved,tcdb_only,,no,,no,,none,
sys_PMM0402,PMM0402,fadD,other,chebi:26672,siderophore,no_formula,chebi:26672,none,inherited,tcdb:2.A.1,tc_family,True,homology,0.0,0.0,single_source,uncorroborated,most_specific,resolved,tcdb_only,,no,,no,,none,
sys_PMM0402,PMM0402,fadD,other,chebi:62488,signalling molecule,no_formula,chebi:62488,none,inherited,tcdb:2.A.1,tc_family,True,homology,0.0,0.0,single_source,uncorroborated,most_specific,resolved,tcdb_only,,no,,no,,none,
sys_PMM0402,PMM0402,fadD,other,chebi:35358,sulfonamide,contains_N,chebi:35358,none,inherited,tcdb:2.A.1,tc_family,True,homology,0.0,0.0,single_source,uncorroborated,most_specific,resolved,tcdb_only,,no,,no,,none,
sys_PMM0402,PMM0402,fadD,other,chebi:29681,surfactin,no_formula,chebi:29681,none,inherited,tcdb:2.A.1,tc_family,True,homology,0.0,0.0,single_source,uncorroborated,most_specific,resolved,tcdb_only,,no,,no,,none,
sys_PMM0402,PMM0402,fadD,other,chebi:132950,tartrate,no_formula,chebi:132950,none,inherited,tcdb:2.A.1,tc_family,True,homology,0.0,0.0,single_source,uncorroborated,most_specific,resolved,tcdb_only,,no,,no,,none,
sys_PMM0402,PMM0402,fadD,other,chebi:48132,tetracenomycin,no_formula,chebi:48132,none,inherited,tcdb:2.A.1,tc_family,True,homology,0.0,0.0,single_source,uncorroborated,most_specific,resolved,tcdb_only,,no,,no,,none,
sys_PMM0402,PMM0402,fadD,other,chebi:30637,thiazole,contains_N,chebi:30637,none,inherited,tcdb:2.A.1,tc_family,True,homology,0.0,0.0,single_source,uncorroborated,most_specific,resolved,tcdb_only,,no,,no,,none,
sys_PMM0402,PMM0402,fadD,other,chebi:27150,trisaccharide,no_formula,chebi:27150,none,inherited,tcdb:2.A.1,tc_family,True,homology,0.0,0.0,single_source,uncorroborated,most_specific,resolved,tcdb_only,,no,,no,,none,
sys_PMM0402,PMM0402,fadD,other,chebi:27269,valinomycin,contains_N,chebi:27269,none,inherited,tcdb:2.A.1,tc_family,True,homology,0.0,0.0,single_source,uncorroborated,most_specific,resolved,tcdb_only,,no,,no,,none,
sys_PMM0402,PMM0402,fadD,other,chebi:10074,xenobiotic,no_formula,chebi:10074,none,inherited,tcdb:2.A.1,tc_family,True,homology,0.0,0.0,single_source,uncorroborated,most_specific,resolved,tcdb_only,,no,,no,,none,
sys_PMM0402,PMM0402,fadD,other,chebi:10085,xylose,no_formula,chebi:10085,none,inherited,tcdb:2.A.1,tc_family,True,homology,0.0,0.0,single_source,uncorroborated,most_specific,resolved,tcdb_only,,no,,no,,none,
sys_PMM0402,PMM0402,fadD,other,kegg.compound:C11310,1-Methyl-4-phenylpyridinium,contains_N,kegg.compound:C11310,none,most_specific,tcdb:2.A.1,tc_family,True,homology,0.0,0.0,single_source,uncorroborated,most_specific,resolved,tcdb_only,,no,,no,,none,
sys_PMM0402,PMM0402,fadD,other,kegg.compound:C02918,1-Methylnicotinamide,contains_N,kegg.compound:C02918,none,most_specific,tcdb:2.A.1,tc_family,True,homology,0.0,0.0,single_source,uncorroborated,most_specific,resolved,tcdb_only,,no,,no,,none,
sys_PMM0402,PMM0402,fadD,other,chebi:1365,"3,3^,5^-triiodothyronine",contains_N,chebi:1365,none,most_specific,tcdb:2.A.1,tc_family,True,homology,0.0,0.0,single_source,uncorroborated,most_specific,resolved,tcdb_only,,no,,no,,none,
sys_PMM0402,PMM0402,fadD,other,chebi:35430,"3,3^-diiodothyronine",contains_N,chebi:35430,none,most_specific,tcdb:2.A.1,tc_family,True,homology,0.0,0.0,single_source,uncorroborated,most_specific,resolved,tcdb_only,,no,,no,,none,
sys_PMM0402,PMM0402,fadD,other,kegg.compound:C11736,5-Fluorodeoxyuridine,contains_N,kegg.compound:C11736,none,most_specific,tcdb:2.A.1,tc_family,True,homology,0.0,0.0,single_source,uncorroborated,most_specific,resolved,tcdb_only,,no,,no,,none,
sys_PMM0402,PMM0402,fadD,other,kegg.compound:C06810,Aciclovir,contains_N,kegg.compound:C06810,none,most_specific,tcdb:2.A.1,tc_family,True,homology,0.0,0.0,single_source,uncorroborated,most_specific,resolved,tcdb_only,,no,,no,,none,
sys_PMM0402,PMM0402,fadD,other,kegg.compound:C11277,Adefovir,contains_N,kegg.compound:C11277,none,most_specific,tcdb:2.A.1,tc_family,True,homology,0.0,0.0,single_source,uncorroborated,most_specific,resolved,tcdb_only,,no,,no,,none,
sys_PMM0402,PMM0402,fadD,other,kegg.compound:C06897,Cephradine,contains_N,kegg.compound:C06897,none,most_specific,tcdb:2.A.1,tc_family,True,homology,0.0,0.0,single_source,uncorroborated,most_specific,resolved,tcdb_only,,no,,no,,none,
sys_PMM0402,PMM0402,fadD,other,kegg.compound:C06952,Cimetidine,contains_N,kegg.compound:C06952,none,most_specific,tcdb:2.A.1,tc_family,True,homology,0.0,0.0,single_source,uncorroborated,most_specific,resolved,tcdb_only,,no,,no,,none,
sys_PMM0402,PMM0402,fadD,other,kegg.compound:C12219,Corynebactin,contains_N,kegg.compound:C12219,none,most_specific,tcdb:2.A.1,tc_family,True,homology,0.0,0.0,single_source,uncorroborated,most_specific,resolved,tcdb_only,,no,,no,,none,
sys_PMM0402,PMM0402,fadD,other,kegg.compound:C00475,Cytidine,contains_N,kegg.compound:C00475,none,most_specific,tcdb:2.A.1,tc_family,True,homology,0.0,0.0,single_source,uncorroborated,most_specific,resolved,tcdb_only,,elsewhere in genome,,elsewhere in genome,,exact,PMM0989|PMM1271
sys_PMM0402,PMM0402,fadD,other,kegg.compound:C00133,D-Alanine,contains_N,kegg.compound:C00133,none,most_specific,tcdb:2.A.1,tc_family,True,homology,0.0,0.0,single_source,uncorroborated,most_specific,resolved,tcdb_only,,elsewhere in genome,,elsewhere in genome,,exact,PMM1306|PMM1527
sys_PMM0402,PMM0402,fadD,other,kegg.compound:C05821,Enterochelin,contains_N,kegg.compound:C05821,none,most_specific,tcdb:2.A.1,tc_family,True,homology,0.0,0.0,single_source,uncorroborated,most_specific,resolved,tcdb_only,,no,,no,,none,
sys_PMM0402,PMM0402,fadD,other,kegg.compound:C05570,Ergothioneine,contains_N,kegg.compound:C05570,none,most_specific,tcdb:2.A.1,tc_family,True,homology,0.0,0.0,single_source,uncorroborated,most_specific,resolved,tcdb_only,,no,,no,,none,
sys_PMM0402,PMM0402,fadD,other,chebi:84688,Fe(III)-complexed hydroxamate siderophore,no_formula,chebi:84688,none,most_specific,tcdb:2.A.1,tc_family,True,homology,0.0,0.0,single_source,uncorroborated,most_specific,resolved,tcdb_only,,no,,no,,none,
sys_PMM0402,PMM0402,fadD,other,chebi:84734,Fe(III)-complexed siderophore,no_formula,chebi:84734,none,most_specific,tcdb:2.A.1,tc_family,True,homology,0.0,0.0,single_source,uncorroborated,most_specific,resolved,tcdb_only,,no,,no,,none,
sys_PMM0402,PMM0402,fadD,other,kegg.compound:C06230,Fe-enterobactin,contains_N,kegg.compound:C06230,none,most_specific,tcdb:2.A.1,tc_family,True,homology,0.0,0.0,single_source,uncorroborated,most_specific,resolved,tcdb_only,,no,,no,,none,
sys_PMM0402,PMM0402,fadD,other,kegg.compound:C06228,Ferrichrome,contains_N,kegg.compound:C06228,none,most_specific,tcdb:2.A.1,tc_family,True,homology,0.0,0.0,single_source,uncorroborated,most_specific,resolved,tcdb_only,,no,,no,,none,
sys_PMM0402,PMM0402,fadD,other,kegg.compound:C00504,Folate,contains_N,kegg.compound:C00504,none,most_specific,tcdb:2.A.1,tc_family,True,homology,0.0,0.0,single_source,uncorroborated,most_specific,resolved,tcdb_only,,no,,no,,none,
sys_PMM0402,PMM0402,fadD,other,kegg.compound:C07017,Furosemide,contains_N,kegg.compound:C07017,none,most_specific,tcdb:2.A.1,tc_family,True,homology,0.0,0.0,single_source,uncorroborated,most_specific,resolved,tcdb_only,,no,,no,,none,
sys_PMM0402,PMM0402,fadD,other,kegg.compound:C00051,Glutathione,contains_N,kegg.compound:C00051,none,most_specific,tcdb:2.A.1,tc_family,True,homology,0.0,0.0,single_source,uncorroborated,most_specific,resolved,tcdb_only,,elsewhere in genome,,elsewhere in genome,,exact,PMM0110|PMM0178|PMM0559|PMM0566|PMM0567|PMM0630|PMM0653|PMM1006
sys_PMM0402,PMM0402,fadD,other,kegg.compound:C00032,Heme,contains_N,chebi:14386,name_soft,most_specific,tcdb:2.A.1,tc_family,True,homology,0.0,0.0,single_source,uncorroborated,most_specific,resolved,tcdb_only,,elsewhere in genome,,elsewhere in genome,,exact,PMM0448|PMM0525|PMM1594
sys_PMM0402,PMM0402,fadD,other,kegg.compound:C07044,Hydroxyurea,contains_N,kegg.compound:C07044,none,most_specific,tcdb:2.A.1,tc_family,True,homology,0.0,0.0,single_source,uncorroborated,most_specific,resolved,tcdb_only,,no,,no,,none,
sys_PMM0402,PMM0402,fadD,other,kegg.compound:C01926,Indomethacin,contains_N,kegg.compound:C01926,none,most_specific,tcdb:2.A.1,tc_family,True,homology,0.0,0.0,single_source,uncorroborated,most_specific,resolved,tcdb_only,,no,,no,,none,
sys_PMM0402,PMM0402,fadD,other,kegg.compound:C00318,L-Carnitine,contains_N,kegg.compound:C00318,none,most_specific,tcdb:2.A.1,tc_family,True,homology,0.0,0.0,single_source,uncorroborated,most_specific,resolved,tcdb_only,,no,,no,,none,
sys_PMM0402,PMM0402,fadD,other,kegg.compound:C00407,L-Isoleucine,contains_N,kegg.compound:C00407,none,most_specific,tcdb:2.A.1,tc_family,True,homology,0.0,0.0,single_source,uncorroborated,most_specific,resolved,tcdb_only,,elsewhere in genome,,elsewhere in genome,,exact,PMM0238|PMM0878
sys_PMM0402,PMM0402,fadD,other,kegg.compound:C00123,L-Leucine,contains_N,kegg.compound:C00123,none,most_specific,tcdb:2.A.1,tc_family,True,homology,0.0,0.0,single_source,uncorroborated,most_specific,resolved,tcdb_only,,elsewhere in genome,,elsewhere in genome,,exact,PMM0878|PMM0889
sys_PMM0402,PMM0402,fadD,other,kegg.compound:C00079,L-Phenylalanine,contains_N,kegg.compound:C00079,none,most_specific,tcdb:2.A.1,tc_family,True,homology,0.0,0.0,single_source,uncorroborated,most_specific,resolved,tcdb_only,,elsewhere in genome,,elsewhere in genome,,exact,PMM0186|PMM0674|PMM0871|PMM1270|PMM1504
sys_PMM0402,PMM0402,fadD,other,kegg.compound:C00188,L-Threonine,contains_N,kegg.compound:C00188,none,most_specific,tcdb:2.A.1,tc_family,True,homology,0.0,0.0,single_source,uncorroborated,most_specific,resolved,tcdb_only,,elsewhere in genome,,elsewhere in genome,,exact,PMM0319|PMM0504|PMM0597|PMM0908|PMM1716
sys_PMM0402,PMM0402,fadD,other,kegg.compound:C00183,L-Valine,contains_N,kegg.compound:C00183,none,most_specific,tcdb:2.A.1,tc_family,True,homology,0.0,0.0,single_source,uncorroborated,most_specific,resolved,tcdb_only,,elsewhere in genome,,elsewhere in genome,,exact,PMM0878|PMM1682
sys_PMM0402,PMM0402,fadD,other,chebi:62084,N-glycoloyl-beta-neuraminic acid,contains_N,chebi:62084,none,most_specific,tcdb:2.A.1,tc_family,True,homology,0.0,0.0,single_source,uncorroborated,most_specific,resolved,tcdb_only,,no,,no,,none,
sys_PMM0402,PMM0402,fadD,other,kegg.compound:C00003,NAD+,contains_N,kegg.compound:C00003,none,most_specific,tcdb:2.A.1,tc_family,True,homology,0.0,0.0,single_source,uncorroborated,most_specific,resolved,tcdb_only,,co-located,PMM0396|PMM0405,elsewhere in genome,,exact,PMM0021|PMM0023|PMM0028|PMM0035|PMM0145|PMM0149|PMM0150|PMM0153|PMM0156|PMM0157|PMM0158|PMM0159|PMM0160|PMM0172|PMM0282|PMM0292|PMM0293|PMM0294|PMM0331|PMM0391|PMM0396|PMM0405|PMM0435|PMM0503|PMM0567|PMM0570|PMM0594|PMM0659|PMM0713|PMM0729|PMM0770|PMM0786|PMM0832|PMM0930|PMM1051|PMM1062|PMM1074|PMM1087|PMM1145|PMM1146|PMM1147|PMM1202|PMM1205|PMM1229|PMM1234|PMM1261|PMM1269|PMM1288|PMM1298|PMM1354|PMM1445|PMM1446|PMM1488|PMM1559|PMM1668|PMM1669|PMM1679|PMM1687
sys_PMM0402,PMM0402,fadD,other,kegg.compound:C02571,O-Acetylcarnitine,contains_N,kegg.compound:C02571,none,most_specific,tcdb:2.A.1,tc_family,True,homology,0.0,0.0,single_source,uncorroborated,most_specific,resolved,tcdb_only,,no,,no,,none,
sys_PMM0402,PMM0402,fadD,other,kegg.compound:C02862,O-Butanoylcarnitine,contains_N,kegg.compound:C02862,none,most_specific,tcdb:2.A.1,tc_family,True,homology,0.0,0.0,single_source,uncorroborated,most_specific,resolved,tcdb_only,,no,,no,,none,
sys_PMM0402,PMM0402,fadD,other,chebi:73024,O-acetyl-D-carnitine,contains_N,chebi:73024,none,most_specific,tcdb:2.A.1,tc_family,True,homology,0.0,0.0,single_source,uncorroborated,most_specific,resolved,tcdb_only,,no,,no,,none,
sys_PMM0402,PMM0402,fadD,other,kegg.compound:C09955,Ochratoxin A,contains_N,kegg.compound:C09955,none,most_specific,tcdb:2.A.1,tc_family,True,homology,0.0,0.0,single_source,uncorroborated,most_specific,resolved,tcdb_only,,no,,no,,none,
sys_PMM0402,PMM0402,fadD,other,kegg.compound:C00295,Orotate,contains_N,kegg.compound:C00295,none,most_specific,tcdb:2.A.1,tc_family,True,homology,0.0,0.0,single_source,uncorroborated,most_specific,resolved,tcdb_only,,elsewhere in genome,,elsewhere in genome,,exact,PMM0199|PMM0275
sys_PMM0402,PMM0402,fadD,other,chebi:31941,Oxaliplatin,contains_N,chebi:31941,none,most_specific,tcdb:2.A.1,tc_family,True,homology,0.0,0.0,single_source,uncorroborated,most_specific,resolved,tcdb_only,,no,,no,,none,
sys_PMM0402,PMM0402,fadD,other,kegg.compound:C05551,Penicillin G,contains_N,kegg.compound:C05551,none,most_specific,tcdb:2.A.1,tc_family,True,homology,0.0,0.0,single_source,uncorroborated,most_specific,resolved,tcdb_only,,no,,no,,none,
sys_PMM0402,PMM0402,fadD,other,kegg.compound:C14310,Picloram,contains_N,kegg.compound:C14310,none,most_specific,tcdb:2.A.1,tc_family,True,homology,0.0,0.0,single_source,uncorroborated,most_specific,resolved,tcdb_only,,no,,no,,none,
sys_PMM0402,PMM0402,fadD,other,kegg.compound:C07372,Probenecid,contains_N,kegg.compound:C07372,none,most_specific,tcdb:2.A.1,tc_family,True,homology,0.0,0.0,single_source,uncorroborated,most_specific,resolved,tcdb_only,,no,,no,,none,
sys_PMM0402,PMM0402,fadD,other,kegg.compound:C00396,Pyrimidine,contains_N,kegg.compound:C00396,none,most_specific,tcdb:2.A.1,tc_family,True,homology,0.0,0.0,single_source,uncorroborated,most_specific,resolved,tcdb_only,,no,,no,,none,
sys_PMM0402,PMM0402,fadD,other,kegg.compound:C00019,S-Adenosyl-L-methionine,contains_N,kegg.compound:C00019,none,most_specific,tcdb:2.A.1,tc_family,True,homology,0.0,0.0,single_source,uncorroborated,most_specific,resolved,tcdb_only,,elsewhere in genome,,elsewhere in genome,,exact,PMM0036|PMM0102|PMM0113|PMM0168|PMM0311|PMM0318|PMM0389|PMM0431|PMM0459|PMM0933|PMM1093|PMM1096|PMM1268|PMM1280|PMM1305|PMM1470|PMM1472|PMM1505|PMM1514|PMM1525|PMM1572|PMM1611|PMM1694
sys_PMM0402,PMM0402,fadD,other,kegg.compound:C01120,Sphinganine 1-phosphate,contains_N,kegg.compound:C01120,none,most_specific,tcdb:2.A.1,tc_family,True,homology,0.0,0.0,single_source,uncorroborated,most_specific,resolved,tcdb_only,,no,,no,,none,
sys_PMM0402,PMM0402,fadD,other,kegg.compound:C06124,Sphingosine 1-phosphate,contains_N,kegg.compound:C06124,none,most_specific,tcdb:2.A.1,tc_family,True,homology,0.0,0.0,single_source,uncorroborated,most_specific,resolved,tcdb_only,,no,,no,,none,
sys_PMM0402,PMM0402,fadD,other,kegg.compound:C07512,Tetraethylammonium,contains_N,kegg.compound:C07512,none,most_specific,tcdb:2.A.1,tc_family,True,homology,0.0,0.0,single_source,uncorroborated,most_specific,resolved,tcdb_only,,no,,no,,none,
sys_PMM0402,PMM0402,fadD,other,kegg.compound:C20292,Tetramethylammonium,contains_N,kegg.compound:C20292,none,most_specific,tcdb:2.A.1,tc_family,True,homology,0.0,0.0,single_source,uncorroborated,most_specific,resolved,tcdb_only,,no,,no,,none,
sys_PMM0402,PMM0402,fadD,other,kegg.compound:C00214,Thymidine,contains_N,kegg.compound:C00214,none,most_specific,tcdb:2.A.1,tc_family,True,homology,0.0,0.0,single_source,uncorroborated,most_specific,resolved,tcdb_only,,elsewhere in genome,,elsewhere in genome,,exact,PMM1271
sys_PMM0402,PMM0402,fadD,other,kegg.compound:C01829,Thyroxine,contains_N,kegg.compound:C01829,none,most_specific,tcdb:2.A.1,tc_family,True,homology,0.0,0.0,single_source,uncorroborated,most_specific,resolved,tcdb_only,,no,,no,,none,
sys_PMM0402,PMM0402,fadD,other,kegg.compound:C14691,Triethylamine,contains_N,kegg.compound:C14691,none,most_specific,tcdb:2.A.1,tc_family,True,homology,0.0,0.0,single_source,uncorroborated,most_specific,resolved,tcdb_only,,no,,no,,none,
sys_PMM0402,PMM0402,fadD,other,kegg.compound:C02465,Triiodothyronine,contains_N,kegg.compound:C02465,none,most_specific,tcdb:2.A.1,tc_family,True,homology,0.0,0.0,single_source,uncorroborated,most_specific,resolved,tcdb_only,,no,,no,,none,
sys_PMM0402,PMM0402,fadD,other,kegg.compound:C01762,Xanthosine,contains_N,kegg.compound:C01762,none,most_specific,tcdb:2.A.1,tc_family,True,homology,0.0,0.0,single_source,uncorroborated,most_specific,resolved,tcdb_only,,elsewhere in genome,,elsewhere in genome,,exact,PMM1271
sys_PMM0402,PMM0402,fadD,other,chebi:13815,amino acid,no_formula,chebi:13815,name_soft,most_specific,tcdb:2.A.1,tc_family,True,homology,0.0,0.0,single_source,uncorroborated,most_specific,resolved,tcdb_only,,no,,no,,none,
sys_PMM0402,PMM0402,fadD,other,chebi:183101,an isothiocyanate,contains_N,chebi:183101,none,most_specific,tcdb:2.A.1,tc_family,True,homology,0.0,0.0,single_source,uncorroborated,most_specific,resolved,tcdb_only,,no,,no,,none,
sys_PMM0402,PMM0402,fadD,other,chebi:22586,antioxidant,no_formula,chebi:22586,none,most_specific,tcdb:2.A.1,tc_family,True,homology,0.0,0.0,single_source,uncorroborated,most_specific,resolved,tcdb_only,,no,,no,,none,
sys_PMM0402,PMM0402,fadD,other,chebi:22587,antiviral agent,no_formula,chebi:22587,none,most_specific,tcdb:2.A.1,tc_family,True,homology,0.0,0.0,single_source,uncorroborated,most_specific,resolved,tcdb_only,,no,,no,,none,
sys_PMM0402,PMM0402,fadD,other,chebi:86494,botanical anti-fungal agent,no_formula,chebi:86494,none,most_specific,tcdb:2.A.1,tc_family,True,homology,0.0,0.0,single_source,uncorroborated,most_specific,resolved,tcdb_only,,no,,no,,none,
sys_PMM0402,PMM0402,fadD,other,chebi:3371,capreomycin,contains_N,chebi:3371,none,most_specific,tcdb:2.A.1,tc_family,True,homology,0.0,0.0,single_source,uncorroborated,most_specific,resolved,tcdb_only,,no,,no,,none,
sys_PMM0402,PMM0402,fadD,other,chebi:23058,cation,no_formula,chebi:23058,none,most_specific,tcdb:2.A.1,tc_family,True,homology,0.0,0.0,single_source,uncorroborated,most_specific,resolved,tcdb_only,,no,,no,,none,
sys_PMM0402,PMM0402,fadD,other,chebi:23447,cyclic nucleotide,no_formula,chebi:23447,none,most_specific,tcdb:2.A.1,tc_family,True,homology,0.0,0.0,single_source,uncorroborated,most_specific,resolved,tcdb_only,,no,,no,,none,
sys_PMM0402,PMM0402,fadD,other,chebi:63112,fingolimod hydrochloride,contains_N,chebi:63112,none,most_specific,tcdb:2.A.1,tc_family,True,homology,0.0,0.0,single_source,uncorroborated,most_specific,resolved,tcdb_only,,no,,no,,none,
sys_PMM0402,PMM0402,fadD,other,chebi:26040,glycerophosphoinositol,no_formula,chebi:26040,none,most_specific,tcdb:2.A.1,tc_family,True,homology,0.0,0.0,single_source,uncorroborated,most_specific,resolved,tcdb_only,,no,,no,,none,
sys_PMM0402,PMM0402,fadD,other,chebi:24838,inorganic phosphate,no_formula,chebi:24838,none,most_specific,tcdb:2.A.1,tc_family,True,homology,0.0,0.0,single_source,uncorroborated,most_specific,resolved,tcdb_only,,no,,no,,none,
sys_PMM0402,PMM0402,fadD,other,chebi:21131,iron(III) hydroxamate,contains_N,chebi:21131,none,most_specific,tcdb:2.A.1,tc_family,True,homology,0.0,0.0,single_source,uncorroborated,most_specific,resolved,tcdb_only,,no,,no,,none,
sys_PMM0402,PMM0402,fadD,other,chebi:6076,itraconazole,contains_N,chebi:6076,none,most_specific,tcdb:2.A.1,tc_family,True,homology,0.0,0.0,single_source,uncorroborated,most_specific,resolved,tcdb_only,,no,,no,,none,
sys_PMM0402,PMM0402,fadD,other,chebi:25384,monocarboxylic acid,no_formula,chebi:25384,none,most_specific,tcdb:2.A.1,tc_family,True,homology,0.0,0.0,single_source,uncorroborated,most_specific,resolved,tcdb_only,,no,,no,,none,
sys_PMM0402,PMM0402,fadD,other,chebi:25512,neurotransmitter,no_formula,chebi:25512,none,most_specific,tcdb:2.A.1,tc_family,True,homology,0.0,0.0,single_source,uncorroborated,most_specific,resolved,tcdb_only,,no,,no,,none,
sys_PMM0402,PMM0402,fadD,other,chebi:25696,organic anion,no_formula,chebi:25696,none,most_specific,tcdb:2.A.1,tc_family,True,homology,0.0,0.0,single_source,uncorroborated,most_specific,resolved,tcdb_only,,no,,no,,none,
sys_PMM0402,PMM0402,fadD,other,chebi:25697,organic cation,no_formula,chebi:25697,none,most_specific,tcdb:2.A.1,tc_family,True,homology,0.0,0.0,single_source,uncorroborated,most_specific,resolved,tcdb_only,,no,,no,,none,
sys_PMM0402,PMM0402,fadD,other,chebi:25728,osmolyte,no_formula,chebi:25728,none,most_specific,tcdb:2.A.1,tc_family,True,homology,0.0,0.0,single_source,uncorroborated,most_specific,resolved,tcdb_only,,no,,no,,none,
sys_PMM0402,PMM0402,fadD,other,chebi:135560,prajmalium,contains_N,chebi:135560,none,most_specific,tcdb:2.A.1,tc_family,True,homology,0.0,0.0,single_source,uncorroborated,most_specific,resolved,tcdb_only,,no,,no,,none,
sys_PMM0402,PMM0402,fadD,other,chebi:35817,roxarsone,contains_N,chebi:35817,none,most_specific,tcdb:2.A.1,tc_family,True,homology,0.0,0.0,single_source,uncorroborated,most_specific,resolved,tcdb_only,,no,,no,,none,
sys_PMM0402,PMM0402,fadD,other,chebi:32130,silver(1+) nitrate,contains_N,chebi:32130,none,most_specific,tcdb:2.A.1,tc_family,True,homology,0.0,0.0,single_source,uncorroborated,most_specific,resolved,tcdb_only,,no,,no,,none,
sys_PMM0402,PMM0402,fadD,other,kegg.compound:C00670,sn-Glycero-3-phosphocholine,contains_N,kegg.compound:C00670,none,most_specific,tcdb:2.A.1,tc_family,True,homology,0.0,0.0,single_source,uncorroborated,most_specific,resolved,tcdb_only,,no,,no,,none,
sys_PMM0402,PMM0402,fadD,other,chebi:60311,thyroid hormone,no_formula,chebi:60311,none,most_specific,tcdb:2.A.1,tc_family,True,homology,0.0,0.0,single_source,uncorroborated,most_specific,resolved,tcdb_only,,no,,no,,none,
sys_PMM0402,PMM0402,fadD,other,chebi:30661,thyronine,contains_N,chebi:30661,none,most_specific,tcdb:2.A.1,tc_family,True,homology,0.0,0.0,single_source,uncorroborated,most_specific,resolved,tcdb_only,,no,,no,,none,
sys_PMM0402,PMM0402,fadD,other,chebi:10004,vitamin (role),no_formula,chebi:10004,none,most_specific,tcdb:2.A.1,tc_family,True,homology,0.0,0.0,single_source,uncorroborated,most_specific,resolved,tcdb_only,,no,,no,,none,
sys_PMM0913,PMM0913,salY,permease,kegg.compound:C04114,(E)-4-(Trimethylammonio)but-2-enoate,contains_N,kegg.compound:C04114,none,inherited,tcdb:3.A.1,tc_family,True,homology,0.8,0.8,both_sources,corroborated,most_specific,family_inferred,strong,FtsX-like permease C-terminal | MacB-like periplasmic core domain,no,,no,,none,
sys_PMM0913,PMM0913,salY,permease,kegg.compound:C03557,2-Aminoethylphosphonate,contains_N,kegg.compound:C03557,none,inherited,tcdb:3.A.1,tc_family,True,homology,0.8,0.8,both_sources,corroborated,most_specific,family_inferred,strong,FtsX-like permease C-terminal | MacB-like periplasmic core domain,no,,no,,none,
sys_PMM0913,PMM0913,salY,permease,kegg.compound:C00334,4-Aminobutanoate,contains_N,kegg.compound:C00334,none,inherited,tcdb:3.A.1,tc_family,True,homology,0.8,0.8,both_sources,corroborated,most_specific,family_inferred,strong,FtsX-like permease C-terminal | MacB-like periplasmic core domain,elsewhere in genome,,elsewhere in genome,,exact,PMM0331
sys_PMM0913,PMM0913,salY,permease,kegg.compound:C01181,4-Trimethylammoniobutanoate,contains_N,kegg.compound:C01181,none,inherited,tcdb:3.A.1,tc_family,True,homology,0.8,0.8,both_sources,corroborated,most_specific,family_inferred,strong,FtsX-like permease C-terminal | MacB-like periplasmic core domain,elsewhere in genome,,elsewhere in genome,,exact,PMM0331
sys_PMM0913,PMM0913,salY,permease,kegg.compound:C00430,5-Aminolevulinate,contains_N,kegg.compound:C00430,none,inherited,tcdb:3.A.1,tc_family,True,homology,0.8,0.8,both_sources,corroborated,most_specific,family_inferred,strong,FtsX-like permease C-terminal | MacB-like periplasmic core domain,elsewhere in genome,,elsewhere in genome,,exact,PMM0215|PMM0483
sys_PMM0913,PMM0913,salY,permease,kegg.compound:C00170,5^-Methylthioadenosine,contains_N,kegg.compound:C00170,none,inherited,tcdb:3.A.1,tc_family,True,homology,0.8,0.8,both_sources,corroborated,most_specific,family_inferred,strong,FtsX-like permease C-terminal | MacB-like periplasmic core domain,elsewhere in genome,,elsewhere in genome,,exact,PMM0301|PMM1685
sys_PMM0913,PMM0913,salY,permease,kegg.compound:C01037,"7,8-Diaminononanoate",contains_N,kegg.compound:C01037,none,inherited,tcdb:3.A.1,tc_family,True,homology,0.8,0.8,both_sources,corroborated,most_specific,family_inferred,strong,FtsX-like permease C-terminal | MacB-like periplasmic core domain,elsewhere in genome,,elsewhere in genome,,exact,PMM1471|PMM1472
sys_PMM0913,PMM0913,salY,permease,kegg.compound:C01996,Acetylcholine,contains_N,kegg.compound:C01996,none,inherited,tcdb:3.A.1,tc_family,True,homology,0.8,0.8,both_sources,corroborated,most_specific,family_inferred,strong,FtsX-like permease C-terminal | MacB-like periplasmic core domain,no,,no,,none,
sys_PMM0913,PMM0913,salY,permease,kegg.compound:C00212,Adenosine,contains_N,kegg.compound:C00212,none,inherited,tcdb:3.A.1,tc_family,True,homology,0.8,0.8,both_sources,corroborated,most_specific,family_inferred,strong,FtsX-like permease C-terminal | MacB-like periplasmic core domain,elsewhere in genome,,elsewhere in genome,,exact,PMM1271|PMM1625
sys_PMM0913,PMM0913,salY,permease,kegg.compound:C01401,Alanine,contains_N,kegg.compound:C01401,none,inherited,tcdb:3.A.1,tc_family,True,homology,0.8,0.8,both_sources,corroborated,most_specific,family_inferred,strong,FtsX-like permease C-terminal | MacB-like periplasmic core domain,no,,no,,none,
sys_PMM0913,PMM0913,salY,permease,kegg.compound:C02385,Amino acid(Arg-),contains_N,kegg.compound:C02385,none,inherited,tcdb:3.A.1,tc_family,True,homology,0.8,0.8,both_sources,corroborated,most_specific,family_inferred,strong,FtsX-like permease C-terminal | MacB-like periplasmic core domain,no,,no,,none,
sys_PMM0913,PMM0913,salY,permease,kegg.compound:C06574,Ampicillin,contains_N,kegg.compound:C06574,none,inherited,tcdb:3.A.1,tc_family,True,homology,0.8,0.8,both_sources,corroborated,most_specific,family_inferred,strong,FtsX-like permease C-terminal | MacB-like periplasmic core domain,no,,no,,none,
sys_PMM0913,PMM0913,salY,permease,kegg.compound:C02248,Apocytochrome c,contains_N,kegg.compound:C02248,none,inherited,tcdb:3.A.1,tc_family,True,homology,0.8,0.8,both_sources,corroborated,most_specific,family_inferred,strong,FtsX-like permease C-terminal | MacB-like periplasmic core domain,no,,no,,none,
sys_PMM0913,PMM0913,salY,permease,kegg.compound:C15686,Arthrofactin,contains_N,kegg.compound:C15686,none,inherited,tcdb:3.A.1,tc_family,True,homology,0.8,0.8,both_sources,corroborated,most_specific,family_inferred,strong,FtsX-like permease C-terminal | MacB-like periplasmic core domain,no,,no,,none,
sys_PMM0913,PMM0913,salY,permease,kegg.compound:C16438,Asparagine,contains_N,kegg.compound:C16438,none,inherited,tcdb:3.A.1,tc_family,True,homology,0.8,0.8,both_sources,corroborated,most_specific,family_inferred,strong,FtsX-like permease C-terminal | MacB-like periplasmic core domain,no,,no,,none,
sys_PMM0913,PMM0913,salY,permease,kegg.compound:C16433,Aspartate,contains_N,kegg.compound:C16433,none,inherited,tcdb:3.A.1,tc_family,True,homology,0.8,0.8,both_sources,corroborated,most_specific,family_inferred,strong,FtsX-like permease C-terminal | MacB-like periplasmic core domain,no,,no,,none,
sys_PMM0913,PMM0913,salY,permease,kegg.compound:C00915,Benzyl viologen,contains_N,kegg.compound:C00915,none,inherited,tcdb:3.A.1,tc_family,True,homology,0.8,0.8,both_sources,corroborated,most_specific,family_inferred,strong,FtsX-like permease C-terminal | MacB-like periplasmic core domain,no,,no,,none,
sys_PMM0913,PMM0913,salY,permease,kegg.compound:C00719,Betaine,contains_N,kegg.compound:C00719,none,inherited,tcdb:3.A.1,tc_family,True,homology,0.8,0.8,both_sources,corroborated,most_specific,family_inferred,strong,FtsX-like permease C-terminal | MacB-like periplasmic core domain,no,,no,,none,
sys_PMM0913,PMM0913,salY,permease,kegg.compound:C00120,Biotin,contains_N,kegg.compound:C00120,none,inherited,tcdb:3.A.1,tc_family,True,homology,0.8,0.8,both_sources,corroborated,most_specific,family_inferred,strong,FtsX-like permease C-terminal | MacB-like periplasmic core domain,elsewhere in genome,,elsewhere in genome,,exact,PMM0433|PMM1093
sys_PMM0913,PMM0913,salY,permease,kegg.compound:C06854,Bleomycin A2,contains_N,kegg.compound:C06854,none,inherited,tcdb:3.A.1,tc_family,True,homology,0.8,0.8,both_sources,corroborated,most_specific,family_inferred,strong,FtsX-like permease C-terminal | MacB-like periplasmic core domain,no,,no,,none,
sys_PMM0913,PMM0913,salY,permease,kegg.compound:C00306,Bradykinin,contains_N,kegg.compound:C00306,none,inherited,tcdb:3.A.1,tc_family,True,homology,0.8,0.8,both_sources,corroborated,most_specific,family_inferred,strong,FtsX-like permease C-terminal | MacB-like periplasmic core domain,no,,no,,none,
sys_PMM0913,PMM0913,salY,permease,kegg.compound:C05996,Branched chain fatty acid,no_formula,kegg.compound:C05996,none,inherited,tcdb:3.A.1,tc_family,True,homology,0.8,0.8,both_sources,corroborated,most_specific,family_inferred,strong,FtsX-like permease C-terminal | MacB-like periplasmic core domain,no,,no,,none,
sys_PMM0913,PMM0913,salY,permease,kegg.compound:C00487,Carnitine,contains_N,kegg.compound:C00487,none,inherited,tcdb:3.A.1,tc_family,True,homology,0.8,0.8,both_sources,corroborated,most_specific,family_inferred,strong,FtsX-like permease C-terminal | MacB-like periplasmic core domain,no,,no,,none,
sys_PMM0913,PMM0913,salY,permease,kegg.compound:C01674,Chitobiose,contains_N,kegg.compound:C01674,none,inherited,tcdb:3.A.1,tc_family,True,homology,0.8,0.8,both_sources,corroborated,most_specific,family_inferred,strong,FtsX-like permease C-terminal | MacB-like periplasmic core domain,no,,no,,none,
sys_PMM0913,PMM0913,salY,permease,kegg.compound:C00918,Chloramphenicol,contains_N,kegg.compound:C00918,none,inherited,tcdb:3.A.1,tc_family,True,homology,0.8,0.8,both_sources,corroborated,most_specific,family_inferred,strong,FtsX-like permease C-terminal | MacB-like periplasmic core domain,no,,no,,none,
sys_PMM0913,PMM0913,salY,permease,kegg.compound:C00114,Choline,contains_N,kegg.compound:C00114,none,inherited,tcdb:3.A.1,tc_family,True,homology,0.8,0.8,both_sources,corroborated,most_specific,family_inferred,strong,FtsX-like permease C-terminal | MacB-like periplasmic core domain,no,,no,,none,
sys_PMM0913,PMM0913,salY,permease,kegg.compound:C05349,Ciprofloxacin,contains_N,kegg.compound:C05349,none,inherited,tcdb:3.A.1,tc_family,True,homology,0.8,0.8,both_sources,corroborated,most_specific,family_inferred,strong,FtsX-like permease C-terminal | MacB-like periplasmic core domain,no,,no,,none,
sys_PMM0913,PMM0913,salY,permease,kegg.compound:C06912,Clarithromycin,contains_N,kegg.compound:C06912,none,inherited,tcdb:3.A.1,tc_family,True,homology,0.8,0.8,both_sources,corroborated,most_specific,family_inferred,strong,FtsX-like permease C-terminal | MacB-like periplasmic core domain,no,,no,,none,
sys_PMM0913,PMM0913,salY,permease,kegg.compound:C06021,Co(I) corrinoid protein,contains_N,kegg.compound:C06021,none,inherited,tcdb:3.A.1,tc_family,True,homology,0.8,0.8,both_sources,corroborated,most_specific,family_inferred,strong,FtsX-like permease C-terminal | MacB-like periplasmic core domain,no,,no,,none,
sys_PMM0913,PMM0913,salY,permease,kegg.compound:C15719,Coelichelin,contains_N,kegg.compound:C15719,none,inherited,tcdb:3.A.1,tc_family,True,homology,0.8,0.8,both_sources,corroborated,most_specific,family_inferred,strong,FtsX-like permease C-terminal | MacB-like periplasmic core domain,no,,no,,none,
sys_PMM0913,PMM0913,salY,permease,kegg.compound:C12219,Corynebactin,contains_N,kegg.compound:C12219,none,inherited,tcdb:3.A.1,tc_family,True,homology,0.8,0.8,both_sources,corroborated,most_specific,family_inferred,strong,FtsX-like permease C-terminal | MacB-like periplasmic core domain,no,,no,,none,
sys_PMM0913,PMM0913,salY,permease,kegg.compound:C02823,Cyanocobalamin,contains_N,kegg.compound:C02823,none,inherited,tcdb:3.A.1,tc_family,True,homology,0.8,0.8,both_sources,corroborated,most_specific,family_inferred,strong,FtsX-like permease C-terminal | MacB-like periplasmic core domain,no,,no,,none,
sys_PMM0913,PMM0913,salY,permease,kegg.compound:C00542,Cystathionine,contains_N,kegg.compound:C00542,none,inherited,tcdb:3.A.1,tc_family,True,homology,0.8,0.8,both_sources,corroborated,most_specific,family_inferred,strong,FtsX-like permease C-terminal | MacB-like periplasmic core domain,elsewhere in genome,,elsewhere in genome,,exact,PMM0408|PMM0409
sys_PMM0913,PMM0913,salY,permease,kegg.compound:C00736,Cysteine,contains_N,kegg.compound:C00736,none,inherited,tcdb:3.A.1,tc_family,True,homology,0.8,0.8,both_sources,corroborated,most_specific,family_inferred,strong,FtsX-like permease C-terminal | MacB-like periplasmic core domain,no,,no,,none,
sys_PMM0913,PMM0913,salY,permease,chebi:12923,D-fructose,no_formula,chebi:12923,none,inherited,tcdb:3.A.1,tc_family,True,homology,0.8,0.8,both_sources,corroborated,most_specific,family_inferred,strong,FtsX-like permease C-terminal | MacB-like periplasmic core domain,no,,no,,none,
sys_PMM0913,PMM0913,salY,permease,chebi:13011,D-ribose,no_formula,chebi:13011,none,inherited,tcdb:3.A.1,tc_family,True,homology,0.8,0.8,both_sources,corroborated,most_specific,family_inferred,strong,FtsX-like permease C-terminal | MacB-like periplasmic core domain,no,,no,,none,
sys_PMM0913,PMM0913,salY,permease,kegg.compound:C01907,Daunorubicin,contains_N,kegg.compound:C01907,none,inherited,tcdb:3.A.1,tc_family,True,homology,0.8,0.8,both_sources,corroborated,most_specific,family_inferred,strong,FtsX-like permease C-terminal | MacB-like periplasmic core domain,no,,no,,none,
sys_PMM0913,PMM0913,salY,permease,kegg.compound:C06940,Deferoxamine,contains_N,kegg.compound:C06940,none,inherited,tcdb:3.A.1,tc_family,True,homology,0.8,0.8,both_sources,corroborated,most_specific,family_inferred,strong,FtsX-like permease C-terminal | MacB-like periplasmic core domain,no,,no,,none,
sys_PMM0913,PMM0913,salY,permease,kegg.compound:C00330,Deoxyguanosine,contains_N,kegg.compound:C00330,none,inherited,tcdb:3.A.1,tc_family,True,homology,0.8,0.8,both_sources,corroborated,most_specific,family_inferred,strong,FtsX-like permease C-terminal | MacB-like periplasmic core domain,elsewhere in genome,,elsewhere in genome,,exact,PMM1271
sys_PMM0913,PMM0913,salY,permease,kegg.compound:C01661,Doxorubicin,contains_N,kegg.compound:C01661,none,inherited,tcdb:3.A.1,tc_family,True,homology,0.8,0.8,both_sources,corroborated,most_specific,family_inferred,strong,FtsX-like permease C-terminal | MacB-like periplasmic core domain,no,,no,,none,
sys_PMM0913,PMM0913,salY,permease,kegg.compound:C00284,EDTA,contains_N,kegg.compound:C00284,none,inherited,tcdb:3.A.1,tc_family,True,homology,0.8,0.8,both_sources,corroborated,most_specific,family_inferred,strong,FtsX-like permease C-terminal | MacB-like periplasmic core domain,no,,no,,none,
sys_PMM0913,PMM0913,salY,permease,kegg.compound:C06231,Ectoine,contains_N,kegg.compound:C06231,none,inherited,tcdb:3.A.1,tc_family,True,homology,0.8,0.8,both_sources,corroborated,most_specific,family_inferred,strong,FtsX-like permease C-terminal | MacB-like periplasmic core domain,no,,no,,none,
sys_PMM0913,PMM0913,salY,permease,kegg.compound:C05821,Enterochelin,contains_N,kegg.compound:C05821,none,inherited,tcdb:3.A.1,tc_family,True,homology,0.8,0.8,both_sources,corroborated,most_specific,family_inferred,strong,FtsX-like permease C-terminal | MacB-like periplasmic core domain,no,,no,,none,
sys_PMM0913,PMM0913,salY,permease,kegg.compound:C05570,Ergothioneine,contains_N,kegg.compound:C05570,none,inherited,tcdb:3.A.1,tc_family,True,homology,0.8,0.8,both_sources,corroborated,most_specific,family_inferred,strong,FtsX-like permease C-terminal | MacB-like periplasmic core domain,no,,no,,none,
sys_PMM0913,PMM0913,salY,permease,kegg.compound:C01912,Erythromycin,contains_N,kegg.compound:C01912,none,inherited,tcdb:3.A.1,tc_family,True,homology,0.8,0.8,both_sources,corroborated,most_specific,family_inferred,strong,FtsX-like permease C-terminal | MacB-like periplasmic core domain,no,,no,,none,
sys_PMM0913,PMM0913,salY,permease,kegg.compound:C00016,FAD,contains_N,kegg.compound:C00016,none,inherited,tcdb:3.A.1,tc_family,True,homology,0.8,0.8,both_sources,corroborated,most_specific,family_inferred,strong,FtsX-like permease C-terminal | MacB-like periplasmic core domain,elsewhere in genome,,elsewhere in genome,,exact,PMM0419|PMM1273
sys_PMM0913,PMM0913,salY,permease,kegg.compound:C00061,FMN,contains_N,kegg.compound:C00061,none,inherited,tcdb:3.A.1,tc_family,True,homology,0.8,0.8,both_sources,corroborated,most_specific,family_inferred,strong,FtsX-like permease C-terminal | MacB-like periplasmic core domain,elsewhere in genome,,elsewhere in genome,,exact,PMM1273
sys_PMM0913,PMM0913,salY,permease,chebi:84688,Fe(III)-complexed hydroxamate siderophore,no_formula,chebi:84688,none,inherited,tcdb:3.A.1,tc_family,True,homology,0.8,0.8,both_sources,corroborated,most_specific,family_inferred,strong,FtsX-like permease C-terminal | MacB-like periplasmic core domain,no,,no,,none,
sys_PMM0913,PMM0913,salY,permease,chebi:84734,Fe(III)-complexed siderophore,no_formula,chebi:84734,none,inherited,tcdb:3.A.1,tc_family,True,homology,0.8,0.8,both_sources,corroborated,most_specific,family_inferred,strong,FtsX-like permease C-terminal | MacB-like periplasmic core domain,no,,no,,none,
sys_PMM0913,PMM0913,salY,permease,kegg.compound:C06230,Fe-enterobactin,contains_N,kegg.compound:C06230,none,inherited,tcdb:3.A.1,tc_family,True,homology,0.8,0.8,both_sources,corroborated,most_specific,family_inferred,strong,FtsX-like permease C-terminal | MacB-like periplasmic core domain,no,,no,,none,
sys_PMM0913,PMM0913,salY,permease,kegg.compound:C00504,Folate,contains_N,kegg.compound:C00504,none,inherited,tcdb:3.A.1,tc_family,True,homology,0.8,0.8,both_sources,corroborated,most_specific,family_inferred,strong,FtsX-like permease C-terminal | MacB-like periplasmic core domain,no,,no,,none,
sys_PMM0913,PMM0913,salY,permease,kegg.compound:C00505,Gentamicin,no_formula,kegg.compound:C00505,none,inherited,tcdb:3.A.1,tc_family,True,homology,0.8,0.8,both_sources,corroborated,most_specific,family_inferred,strong,FtsX-like permease C-terminal | MacB-like periplasmic core domain,no,,no,,none,
sys_PMM0913,PMM0913,salY,permease,kegg.compound:C00302,Glutamate,contains_N,kegg.compound:C00302,none,inherited,tcdb:3.A.1,tc_family,True,homology,0.8,0.8,both_sources,corroborated,most_specific,family_inferred,strong,FtsX-like permease C-terminal | MacB-like periplasmic core domain,elsewhere in genome,,elsewhere in genome,,exact,PMM0674
sys_PMM0913,PMM0913,salY,permease,kegg.compound:C00051,Glutathione,contains_N,kegg.compound:C00051,none,inherited,tcdb:3.A.1,tc_family,True,homology,0.8,0.8,both_sources,corroborated,most_specific,family_inferred,strong,FtsX-like permease C-terminal | MacB-like periplasmic core domain,elsewhere in genome,,elsewhere in genome,,exact,PMM0110|PMM0178|PMM0559|PMM0566|PMM0567|PMM0630|PMM0653|PMM1006
sys_PMM0913,PMM0913,salY,permease,kegg.compound:C00037,Glycine,contains_N,kegg.compound:C00037,none,inherited,tcdb:3.A.1,tc_family,True,homology,0.8,0.8,both_sources,corroborated,most_specific,family_inferred,strong,FtsX-like permease C-terminal | MacB-like periplasmic core domain,co-located,PMM0919,elsewhere in genome,,exact,PMM0047|PMM0178|PMM0189|PMM0258|PMM0759|PMM0919|PMM0993|PMM1002|PMM1165|PMM1298|PMM1332|PMM1340|PMM1468|PMM1668|PMM1669|PMM1675|PMM1687|PMM1703
sys_PMM0913,PMM0913,salY,permease,kegg.compound:C05005,Glycolipid,no_formula,kegg.compound:C05005,none,inherited,tcdb:3.A.1,tc_family,True,homology,0.8,0.8,both_sources,corroborated,most_specific,family_inferred,strong,FtsX-like permease C-terminal | MacB-like periplasmic core domain,no,,no,,none,
sys_PMM0913,PMM0913,salY,permease,kegg.compound:C00387,Guanosine,contains_N,kegg.compound:C00387,none,inherited,tcdb:3.A.1,tc_family,True,homology,0.8,0.8,both_sources,corroborated,most_specific,family_inferred,strong,FtsX-like permease C-terminal | MacB-like periplasmic core domain,elsewhere in genome,,elsewhere in genome,,exact,PMM1271
sys_PMM0913,PMM0913,salY,permease,kegg.compound:C00032,Heme,contains_N,chebi:14386,name_soft,inherited,tcdb:3.A.1,tc_family,True,homology,0.8,0.8,both_sources,corroborated,most_specific,family_inferred,strong,FtsX-like permease C-terminal | MacB-like periplasmic core domain,elsewhere in genome,,elsewhere in genome,,exact,PMM0448|PMM0525|PMM1594
sys_PMM0913,PMM0913,salY,permease,kegg.compound:C06767,Hemine,contains_N,kegg.compound:C06767,none,inherited,tcdb:3.A.1,tc_family,True,homology,0.8,0.8,both_sources,corroborated,most_specific,family_inferred,strong,FtsX-like permease C-terminal | MacB-like periplasmic core domain,no,,no,,none,
sys_PMM0913,PMM0913,salY,permease,kegg.compound:C11189,Hoechst 33342,contains_N,kegg.compound:C11189,none,inherited,tcdb:3.A.1,tc_family,True,homology,0.8,0.8,both_sources,corroborated,most_specific,family_inferred,strong,FtsX-like permease C-terminal | MacB-like periplasmic core domain,no,,no,,none,
sys_PMM0913,PMM0913,salY,permease,kegg.compound:C01157,Hydroxyproline,contains_N,kegg.compound:C01157,none,inherited,tcdb:3.A.1,tc_family,True,homology,0.8,0.8,both_sources,corroborated,most_specific,family_inferred,strong,FtsX-like permease C-terminal | MacB-like periplasmic core domain,elsewhere in genome,,elsewhere in genome,,exact,PMM0396
sys_PMM0913,PMM0913,salY,permease,kegg.compound:C07044,Hydroxyurea,contains_N,kegg.compound:C07044,none,inherited,tcdb:3.A.1,tc_family,True,homology,0.8,0.8,both_sources,corroborated,most_specific,family_inferred,strong,FtsX-like permease C-terminal | MacB-like periplasmic core domain,no,,no,,none,
sys_PMM0913,PMM0913,salY,permease,kegg.compound:C11284,Indolebutyric acid,contains_N,kegg.compound:C11284,none,inherited,tcdb:3.A.1,tc_family,True,homology,0.8,0.8,both_sources,corroborated,most_specific,family_inferred,strong,FtsX-like permease C-terminal | MacB-like periplasmic core domain,no,,no,,none,
sys_PMM0913,PMM0913,salY,permease,kegg.compound:C00294,Inosine,contains_N,kegg.compound:C00294,none,inherited,tcdb:3.A.1,tc_family,True,homology,0.8,0.8,both_sources,corroborated,most_specific,family_inferred,strong,FtsX-like permease C-terminal | MacB-like periplasmic core domain,elsewhere in genome,,elsewhere in genome,,exact,PMM1271
sys_PMM0913,PMM0913,salY,permease,kegg.compound:C00097,L-Cysteine,contains_N,kegg.compound:C00097,none,inherited,tcdb:3.A.1,tc_family,True,homology,0.8,0.8,both_sources,corroborated,most_specific,family_inferred,strong,FtsX-like permease C-terminal | MacB-like periplasmic core domain,elsewhere in genome,,elsewhere in genome,,exact,PMM0070|PMM0123|PMM0170|PMM0229|PMM0407|PMM0408|PMM0409|PMM0642|PMM0674|PMM0887|PMM0993|PMM1002|PMM1141|PMM1332|PMM1670
sys_PMM0913,PMM0913,salY,permease,kegg.compound:C00491,L-Cystine,contains_N,kegg.compound:C00491,none,inherited,tcdb:3.A.1,tc_family,True,homology,0.8,0.8,both_sources,corroborated,most_specific,family_inferred,strong,FtsX-like permease C-terminal | MacB-like periplasmic core domain,elsewhere in genome,,elsewhere in genome,,exact,PMM0409|PMM1670
sys_PMM0913,PMM0913,salY,permease,kegg.compound:C08275,L-Djenkolic acid,contains_N,kegg.compound:C08275,none,inherited,tcdb:3.A.1,tc_family,True,homology,0.8,0.8,both_sources,corroborated,most_specific,family_inferred,strong,FtsX-like permease C-terminal | MacB-like periplasmic core domain,no,,no,,none,
sys_PMM0913,PMM0913,salY,permease,kegg.compound:C00064,L-Glutamine,contains_N,kegg.compound:C00064,none,inherited,tcdb:3.A.1,tc_family,True,homology,0.8,0.8,both_sources,corroborated,most_specific,family_inferred,strong,FtsX-like permease C-terminal | MacB-like periplasmic core domain,co-located,PMM0920,elsewhere in genome,,exact,PMM0003|PMM0004|PMM0037|PMM0048|PMM0184|PMM0235|PMM0430|PMM0695|PMM0779|PMM0780|PMM0825|PMM0920|PMM0946|PMM0951|PMM1060|PMM1072|PMM1160|PMM1446|PMM1512|PMM1577|PMM1606|PMM1689|PMM1692
sys_PMM0913,PMM0913,salY,permease,kegg.compound:C00135,L-Histidine,contains_N,kegg.compound:C00135,none,inherited,tcdb:3.A.1,tc_family,True,homology,0.8,0.8,both_sources,corroborated,most_specific,family_inferred,strong,FtsX-like permease C-terminal | MacB-like periplasmic core domain,co-located,PMM0917,elsewhere in genome,,exact,PMM0623|PMM0917|PMM1488
sys_PMM0913,PMM0913,salY,permease,kegg.compound:C00407,L-Isoleucine,contains_N,kegg.compound:C00407,none,inherited,tcdb:3.A.1,tc_family,True,homology,0.8,0.8,both_sources,corroborated,most_specific,family_inferred,strong,FtsX-like permease C-terminal | MacB-like periplasmic core domain,elsewhere in genome,,elsewhere in genome,,exact,PMM0238|PMM0878
sys_PMM0913,PMM0913,salY,permease,kegg.compound:C00123,L-Leucine,contains_N,kegg.compound:C00123,none,inherited,tcdb:3.A.1,tc_family,True,homology,0.8,0.8,both_sources,corroborated,most_specific,family_inferred,strong,FtsX-like permease C-terminal | MacB-like periplasmic core domain,elsewhere in genome,,elsewhere in genome,,exact,PMM0878|PMM0889
sys_PMM0913,PMM0913,salY,permease,kegg.compound:C00047,L-Lysine,contains_N,kegg.compound:C00047,none,inherited,tcdb:3.A.1,tc_family,True,homology,0.8,0.8,both_sources,corroborated,most_specific,family_inferred,strong,FtsX-like permease C-terminal | MacB-like periplasmic core domain,elsewhere in genome,,elsewhere in genome,,exact,PMM1084|PMM1090|PMM1618|PMM1651
sys_PMM0913,PMM0913,salY,permease,kegg.compound:C00073,L-Methionine,contains_N,kegg.compound:C00073,none,inherited,tcdb:3.A.1,tc_family,True,homology,0.8,0.8,both_sources,corroborated,most_specific,family_inferred,strong,FtsX-like permease C-terminal | MacB-like periplasmic core domain,elsewhere in genome,,elsewhere in genome,,exact,PMM0102|PMM0311|PMM0867|PMM0877|PMM1093|PMM1096|PMM1305|PMM1514|PMM1611
sys_PMM0913,PMM0913,salY,permease,kegg.compound:C00148,L-Proline,contains_N,kegg.compound:C00148,none,inherited,tcdb:3.A.1,tc_family,True,homology,0.8,0.8,both_sources,corroborated,most_specific,family_inferred,strong,FtsX-like permease C-terminal | MacB-like periplasmic core domain,elsewhere in genome,,elsewhere in genome,,exact,PMM0356|PMM0396|PMM0508
sys_PMM0913,PMM0913,salY,permease,kegg.compound:C00188,L-Threonine,contains_N,kegg.compound:C00188,none,inherited,tcdb:3.A.1,tc_family,True,homology,0.8,0.8,both_sources,corroborated,most_specific,family_inferred,strong,FtsX-like permease C-terminal | MacB-like periplasmic core domain,co-located,PMM0908,co-located,PMM0908,exact,PMM0319|PMM0504|PMM0597|PMM0908|PMM1716
sys_PMM0913,PMM0913,salY,permease,kegg.compound:C00082,L-Tyrosine,contains_N,kegg.compound:C00082,none,inherited,tcdb:3.A.1,tc_family,True,homology,0.8,0.8,both_sources,corroborated,most_specific,family_inferred,strong,FtsX-like permease C-terminal | MacB-like periplasmic core domain,elsewhere in genome,,elsewhere in genome,,exact,PMM0186|PMM0674|PMM1329|PMM1565
sys_PMM0913,PMM0913,salY,permease,kegg.compound:C00183,L-Valine,contains_N,kegg.compound:C00183,none,inherited,tcdb:3.A.1,tc_family,True,homology,0.8,0.8,both_sources,corroborated,most_specific,family_inferred,strong,FtsX-like permease C-terminal | MacB-like periplasmic core domain,elsewhere in genome,,elsewhere in genome,,exact,PMM0878|PMM1682
sys_PMM0913,PMM0913,salY,permease,chebi:45761,L-methionine (R)-S-oxide residue,contains_N,chebi:45761,none,inherited,tcdb:3.A.1,tc_family,True,homology,0.8,0.8,both_sources,corroborated,most_specific,family_inferred,strong,FtsX-like permease C-terminal | MacB-like periplasmic core domain,no,,no,,none,
sys_PMM0913,PMM0913,salY,permease,chebi:89981,LPS with O-antigen,contains_N,chebi:89981,none,inherited,tcdb:3.A.1,tc_family,True,homology,0.8,0.8,both_sources,corroborated,most_specific,family_inferred,strong,FtsX-like permease C-terminal | MacB-like periplasmic core domain,no,,no,,none,
sys_PMM0913,PMM0913,salY,permease,kegg.compound:C06372,Lacto-N-biose,contains_N,kegg.compound:C06372,none,inherited,tcdb:3.A.1,tc_family,True,homology,0.8,0.8,both_sources,corroborated,most_specific,family_inferred,strong,FtsX-like permease C-terminal | MacB-like periplasmic core domain,no,,no,,none,
sys_PMM0913,PMM0913,salY,permease,kegg.compound:C01356,Lipid,no_formula,kegg.compound:C01356,none,inherited,tcdb:3.A.1,tc_family,True,homology,0.8,0.8,both_sources,corroborated,most_specific,family_inferred,strong,FtsX-like permease C-terminal | MacB-like periplasmic core domain,no,,no,,none,
sys_PMM0913,PMM0913,salY,permease,kegg.compound:C01834,Lipoprotein,contains_N,kegg.compound:C01834,none,inherited,tcdb:3.A.1,tc_family,True,homology,0.8,0.8,both_sources,corroborated,most_specific,family_inferred,strong,FtsX-like permease C-terminal | MacB-like periplasmic core domain,no,,no,,none,
sys_PMM0913,PMM0913,salY,permease,kegg.compound:C02843,Long-chain acyl-CoA,contains_N,kegg.compound:C02843,none,inherited,tcdb:3.A.1,tc_family,True,homology,0.8,0.8,both_sources,corroborated,most_specific,family_inferred,strong,FtsX-like permease C-terminal | MacB-like periplasmic core domain,no,,no,,none,
sys_PMM0913,PMM0913,salY,permease,kegg.compound:C16692,Mannopine,contains_N,kegg.compound:C16692,none,inherited,tcdb:3.A.1,tc_family,True,homology,0.8,0.8,both_sources,corroborated,most_specific,family_inferred,strong,FtsX-like permease C-terminal | MacB-like periplasmic core domain,no,,no,,none,
sys_PMM0913,PMM0913,salY,permease,kegg.compound:C01733,Methionine,contains_N,kegg.compound:C01733,none,inherited,tcdb:3.A.1,tc_family,True,homology,0.8,0.8,both_sources,corroborated,most_specific,family_inferred,strong,FtsX-like permease C-terminal | MacB-like periplasmic core domain,no,,no,,none,
sys_PMM0913,PMM0913,salY,permease,kegg.compound:C00225,Methyl viologen,contains_N,kegg.compound:C00225,none,inherited,tcdb:3.A.1,tc_family,True,homology,0.8,0.8,both_sources,corroborated,most_specific,family_inferred,strong,FtsX-like permease C-terminal | MacB-like periplasmic core domain,no,,no,,none,
sys_PMM0913,PMM0913,salY,permease,kegg.compound:C00624,N-Acetyl-L-glutamate,contains_N,kegg.compound:C00624,none,inherited,tcdb:3.A.1,tc_family,True,homology,0.8,0.8,both_sources,corroborated,most_specific,family_inferred,strong,FtsX-like permease C-terminal | MacB-like periplasmic core domain,elsewhere in genome,,elsewhere in genome,,exact,PMM0050|PMM0499
sys_PMM0913,PMM0913,salY,permease,kegg.compound:C03878,N-Acetyl-beta-D-glucosamine,contains_N,kegg.compound:C03878,none,inherited,tcdb:3.A.1,tc_family,True,homology,0.8,0.8,both_sources,corroborated,most_specific,family_inferred,strong,FtsX-like permease C-terminal | MacB-like periplasmic core domain,no,,no,,none,
sys_PMM0913,PMM0913,salY,permease,chebi:50668,N-acetyl-beta-D-glucosaminyl-(1->4)-N-acetyl-aldehydo-D-glucosamine,contains_N,chebi:50668,none,inherited,tcdb:3.A.1,tc_family,True,homology,0.8,0.8,both_sources,corroborated,most_specific,family_inferred,strong,FtsX-like permease C-terminal | MacB-like periplasmic core domain,no,,no,,none,
sys_PMM0913,PMM0913,salY,permease,kegg.compound:C07266,Nifedipine,contains_N,kegg.compound:C07266,none,inherited,tcdb:3.A.1,tc_family,True,homology,0.8,0.8,both_sources,corroborated,most_specific,family_inferred,strong,FtsX-like permease C-terminal | MacB-like periplasmic core domain,no,,no,,none,
sys_PMM0913,PMM0913,salY,permease,kegg.compound:C01682,Nopaline,contains_N,kegg.compound:C01682,none,inherited,tcdb:3.A.1,tc_family,True,homology,0.8,0.8,both_sources,corroborated,most_specific,family_inferred,strong,FtsX-like permease C-terminal | MacB-like periplasmic core domain,no,,no,,none,
sys_PMM0913,PMM0913,salY,permease,kegg.compound:C06687,Norfloxacin,contains_N,kegg.compound:C06687,none,inherited,tcdb:3.A.1,tc_family,True,homology,0.8,0.8,both_sources,corroborated,most_specific,family_inferred,strong,FtsX-like permease C-terminal | MacB-like periplasmic core domain,no,,no,,none,
sys_PMM0913,PMM0913,salY,permease,chebi:59542,O-polysaccharide,no_formula,chebi:59542,none,inherited,tcdb:3.A.1,tc_family,True,homology,0.8,0.8,both_sources,corroborated,most_specific,family_inferred,strong,FtsX-like permease C-terminal | MacB-like periplasmic core domain,no,,no,,none,
sys_PMM0913,PMM0913,salY,permease,kegg.compound:C04137,Octopine,contains_N,kegg.compound:C04137,none,inherited,tcdb:3.A.1,tc_family,True,homology,0.8,0.8,both_sources,corroborated,most_specific,family_inferred,strong,FtsX-like permease C-terminal | MacB-like periplasmic core domain,no,,no,,none,
sys_PMM0913,PMM0913,salY,permease,kegg.compound:C01946,Oleandomycin,contains_N,kegg.compound:C01946,none,inherited,tcdb:3.A.1,tc_family,True,homology,0.8,0.8,both_sources,corroborated,most_specific,family_inferred,strong,FtsX-like permease C-terminal | MacB-like periplasmic core domain,no,,no,,none,
sys_PMM0913,PMM0913,salY,permease,kegg.compound:C00098,Oligopeptide,contains_N,kegg.compound:C00098,none,inherited,tcdb:3.A.1,tc_family,True,homology,0.8,0.8,both_sources,corroborated,most_specific,family_inferred,strong,FtsX-like permease C-terminal | MacB-like periplasmic core domain,no,,no,,none,
sys_PMM0913,PMM0913,salY,permease,kegg.compound:C01602,Ornithine,contains_N,kegg.compound:C01602,none,inherited,tcdb:3.A.1,tc_family,True,homology,0.8,0.8,both_sources,corroborated,most_specific,family_inferred,strong,FtsX-like permease C-terminal | MacB-like periplasmic core domain,no,,no,,none,
sys_PMM0913,PMM0913,salY,permease,kegg.compound:C02057,Phenylalanine,contains_N,kegg.compound:C02057,none,inherited,tcdb:3.A.1,tc_family,True,homology,0.8,0.8,both_sources,corroborated,most_specific,family_inferred,strong,FtsX-like permease C-terminal | MacB-like periplasmic core domain,no,,no,,none,
sys_PMM0913,PMM0913,salY,permease,kegg.compound:C06702,Polyamine,no_formula,kegg.compound:C06702,none,inherited,tcdb:3.A.1,tc_family,True,homology,0.8,0.8,both_sources,corroborated,most_specific,family_inferred,strong,FtsX-like permease C-terminal | MacB-like periplasmic core domain,no,,no,,none,
sys_PMM0913,PMM0913,salY,permease,kegg.compound:C00134,Putrescine,contains_N,kegg.compound:C00134,none,inherited,tcdb:3.A.1,tc_family,True,homology,0.8,0.8,both_sources,corroborated,most_specific,family_inferred,strong,FtsX-like permease C-terminal | MacB-like periplasmic core domain,elsewhere in genome,,elsewhere in genome,,exact,PMM1685|PMM1686
sys_PMM0913,PMM0913,salY,permease,kegg.compound:C00396,Pyrimidine,contains_N,kegg.compound:C00396,none,inherited,tcdb:3.A.1,tc_family,True,homology,0.8,0.8,both_sources,corroborated,most_specific,family_inferred,strong,FtsX-like permease C-terminal | MacB-like periplasmic core domain,no,,no,,none,
sys_PMM0913,PMM0913,salY,permease,kegg.compound:C00255,Riboflavin,contains_N,kegg.compound:C00255,none,inherited,tcdb:3.A.1,tc_family,True,homology,0.8,0.8,both_sources,corroborated,most_specific,family_inferred,strong,FtsX-like permease C-terminal | MacB-like periplasmic core domain,elsewhere in genome,,elsewhere in genome,,exact,PMM0442|PMM1273
sys_PMM0913,PMM0913,salY,permease,kegg.compound:C21647,Roseoflavin,contains_N,kegg.compound:C21647,none,inherited,tcdb:3.A.1,tc_family,True,homology,0.8,0.8,both_sources,corroborated,most_specific,family_inferred,strong,FtsX-like permease C-terminal | MacB-like periplasmic core domain,no,,no,,none,
sys_PMM0913,PMM0913,salY,permease,kegg.compound:C22040,S-Methyl-L-cysteine,contains_N,kegg.compound:C22040,none,inherited,tcdb:3.A.1,tc_family,True,homology,0.8,0.8,both_sources,corroborated,most_specific,family_inferred,strong,FtsX-like permease C-terminal | MacB-like periplasmic core domain,no,,no,,none,
sys_PMM0913,PMM0913,salY,permease,kegg.compound:C00716,Serine,contains_N,kegg.compound:C00716,none,inherited,tcdb:3.A.1,tc_family,True,homology,0.8,0.8,both_sources,corroborated,most_specific,family_inferred,strong,FtsX-like permease C-terminal | MacB-like periplasmic core domain,no,,no,,none,
sys_PMM0913,PMM0913,salY,permease,kegg.compound:C00315,Spermidine,contains_N,kegg.compound:C00315,none,inherited,tcdb:3.A.1,tc_family,True,homology,0.8,0.8,both_sources,corroborated,most_specific,family_inferred,strong,FtsX-like permease C-terminal | MacB-like periplasmic core domain,elsewhere in genome,,elsewhere in genome,,exact,PMM1685
sys_PMM0913,PMM0913,salY,permease,kegg.compound:C00750,Spermine,contains_N,kegg.compound:C00750,none,inherited,tcdb:3.A.1,tc_family,True,homology,0.8,0.8,both_sources,corroborated,most_specific,family_inferred,strong,FtsX-like permease C-terminal | MacB-like periplasmic core domain,elsewhere in genome,,elsewhere in genome,,exact,PMM1685
sys_PMM0913,PMM0913,salY,permease,kegg.compound:C10172,Stachydrine,contains_N,kegg.compound:C10172,none,inherited,tcdb:3.A.1,tc_family,True,homology,0.8,0.8,both_sources,corroborated,most_specific,family_inferred,strong,FtsX-like permease C-terminal | MacB-like periplasmic core domain,no,,no,,none,
sys_PMM0913,PMM0913,salY,permease,kegg.compound:C00413,Streptomycin,contains_N,kegg.compound:C00413,none,inherited,tcdb:3.A.1,tc_family,True,homology,0.8,0.8,both_sources,corroborated,most_specific,family_inferred,strong,FtsX-like permease C-terminal | MacB-like periplasmic core domain,no,,no,,none,
sys_PMM0913,PMM0913,salY,permease,kegg.compound:C12268,Syringomycin,contains_N,kegg.compound:C12268,none,inherited,tcdb:3.A.1,tc_family,True,homology,0.8,0.8,both_sources,corroborated,most_specific,family_inferred,strong,FtsX-like permease C-terminal | MacB-like periplasmic core domain,no,,no,,none,
sys_PMM0913,PMM0913,salY,permease,kegg.compound:C00245,Taurine,contains_N,kegg.compound:C00245,none,inherited,tcdb:3.A.1,tc_family,True,homology,0.8,0.8,both_sources,corroborated,most_specific,family_inferred,strong,FtsX-like permease C-terminal | MacB-like periplasmic core domain,no,,no,,none,
sys_PMM0913,PMM0913,salY,permease,kegg.compound:C06570,Tetracycline,contains_N,kegg.compound:C06570,none,inherited,tcdb:3.A.1,tc_family,True,homology,0.8,0.8,both_sources,corroborated,most_specific,family_inferred,strong,FtsX-like permease C-terminal | MacB-like periplasmic core domain,no,,no,,none,
sys_PMM0913,PMM0913,salY,permease,kegg.compound:C00068,Thiamin diphosphate,contains_N,kegg.compound:C00068,none,inherited,tcdb:3.A.1,tc_family,True,homology,0.8,0.8,both_sources,corroborated,most_specific,family_inferred,strong,FtsX-like permease C-terminal | MacB-like periplasmic core domain,elsewhere in genome,,elsewhere in genome,,exact,PMM0019|PMM0024|PMM0526|PMM0930|PMM1154|PMM1229|PMM1230|PMM1288|PMM1539
sys_PMM0913,PMM0913,salY,permease,kegg.compound:C01081,Thiamin monophosphate,contains_N,kegg.compound:C01081,none,inherited,tcdb:3.A.1,tc_family,True,homology,0.8,0.8,both_sources,corroborated,most_specific,family_inferred,strong,FtsX-like permease C-terminal | MacB-like periplasmic core domain,elsewhere in genome,,elsewhere in genome,,exact,PMM0019|PMM0024|PMM0708|PMM1274|PMM1624
sys_PMM0913,PMM0913,salY,permease,kegg.compound:C00378,Thiamine,contains_N,kegg.compound:C00378,none,inherited,tcdb:3.A.1,tc_family,True,homology,0.8,0.8,both_sources,corroborated,most_specific,family_inferred,strong,FtsX-like permease C-terminal | MacB-like periplasmic core domain,elsewhere in genome,,elsewhere in genome,,exact,PMM0019|PMM0357|PMM0708|PMM1624
sys_PMM0913,PMM0913,salY,permease,kegg.compound:C14415,Thiourea,contains_N,kegg.compound:C14415,none,inherited,tcdb:3.A.1,tc_family,True,homology,0.8,0.8,both_sources,corroborated,most_specific,family_inferred,strong,FtsX-like permease C-terminal | MacB-like periplasmic core domain,no,,no,,none,
sys_PMM0913,PMM0913,salY,permease,kegg.compound:C00397,Tobramycin,contains_N,kegg.compound:C00397,none,inherited,tcdb:3.A.1,tc_family,True,homology,0.8,0.8,both_sources,corroborated,most_specific,family_inferred,strong,FtsX-like permease C-terminal | MacB-like periplasmic core domain,no,,no,,none,
sys_PMM0913,PMM0913,salY,permease,kegg.compound:C01457,Tylosin,contains_N,kegg.compound:C01457,none,inherited,tcdb:3.A.1,tc_family,True,homology,0.8,0.8,both_sources,corroborated,most_specific,family_inferred,strong,FtsX-like permease C-terminal | MacB-like periplasmic core domain,no,,no,,none,
sys_PMM0913,PMM0913,salY,permease,kegg.compound:C05227,UDP-sugar,contains_N,kegg.compound:C05227,none,inherited,tcdb:3.A.1,tc_family,True,homology,0.8,0.8,both_sources,corroborated,most_specific,family_inferred,strong,FtsX-like permease C-terminal | MacB-like periplasmic core domain,no,,no,,none,
sys_PMM0913,PMM0913,salY,permease,kegg.compound:C06689,Vancomycin,contains_N,kegg.compound:C06689,none,inherited,tcdb:3.A.1,tc_family,True,homology,0.8,0.8,both_sources,corroborated,most_specific,family_inferred,strong,FtsX-like permease C-terminal | MacB-like periplasmic core domain,no,,no,,none,
sys_PMM0913,PMM0913,salY,permease,kegg.compound:C07188,Verapamil,contains_N,kegg.compound:C07188,none,inherited,tcdb:3.A.1,tc_family,True,homology,0.8,0.8,both_sources,corroborated,most_specific,family_inferred,strong,FtsX-like permease C-terminal | MacB-like periplasmic core domain,no,,no,,none,
sys_PMM0913,PMM0913,salY,permease,kegg.compound:C07201,Vinblastine,contains_N,kegg.compound:C07201,none,inherited,tcdb:3.A.1,tc_family,True,homology,0.8,0.8,both_sources,corroborated,most_specific,family_inferred,strong,FtsX-like permease C-terminal | MacB-like periplasmic core domain,no,,no,,none,
sys_PMM0913,PMM0913,salY,permease,kegg.compound:C01762,Xanthosine,contains_N,kegg.compound:C01762,none,inherited,tcdb:3.A.1,tc_family,True,homology,0.8,0.8,both_sources,corroborated,most_specific,family_inferred,strong,FtsX-like permease C-terminal | MacB-like periplasmic core domain,elsewhere in genome,,elsewhere in genome,,exact,PMM1271
sys_PMM0913,PMM0913,salY,permease,kegg.compound:C12038,Yersiniabactin,contains_N,kegg.compound:C12038,none,inherited,tcdb:3.A.1,tc_family,True,homology,0.8,0.8,both_sources,corroborated,most_specific,family_inferred,strong,FtsX-like permease C-terminal | MacB-like periplasmic core domain,no,,no,,none,
sys_PMM0913,PMM0913,salY,permease,chebi:61650,"[3)-beta-D-galactopyranuronosyl-(1->3)-2-acetamido-4-amino-2,4,6-trideoxy-alpha-D-glucopyranosyl-(1->4)-beta-D-galactopyranurosyl-(1->]n",contains_N,chebi:61650,none,inherited,tcdb:3.A.1,tc_family,True,homology,0.8,0.8,both_sources,corroborated,most_specific,family_inferred,strong,FtsX-like permease C-terminal | MacB-like periplasmic core domain,no,,no,,none,
sys_PMM0913,PMM0913,salY,permease,chebi:15131,a carbohydrate,no_formula,chebi:15131,none,inherited,tcdb:3.A.1,tc_family,True,homology,0.8,0.8,both_sources,corroborated,most_specific,family_inferred,strong,FtsX-like permease C-terminal | MacB-like periplasmic core domain,no,,no,,none,
sys_PMM0913,PMM0913,salY,permease,chebi:14816,a phospholipid derivative,no_formula,chebi:14816,none,inherited,tcdb:3.A.1,tc_family,True,homology,0.8,0.8,both_sources,corroborated,most_specific,family_inferred,strong,FtsX-like permease C-terminal | MacB-like periplasmic core domain,no,,no,,none,
sys_PMM0913,PMM0913,salY,permease,chebi:16541,a protein,no_formula,chebi:16541,none,inherited,tcdb:3.A.1,tc_family,True,homology,0.8,0.8,both_sources,corroborated,most_specific,family_inferred,strong,FtsX-like permease C-terminal | MacB-like periplasmic core domain,no,,no,,none,
sys_PMM0913,PMM0913,salY,permease,chebi:39214,abamectin,no_formula,chebi:39214,none,inherited,tcdb:3.A.1,tc_family,True,homology,0.8,0.8,both_sources,corroborated,most_specific,family_inferred,strong,FtsX-like permease C-terminal | MacB-like periplasmic core domain,no,,no,,none,
sys_PMM0913,PMM0913,salY,permease,chebi:82802,agrocinopine,no_formula,chebi:82802,none,inherited,tcdb:3.A.1,tc_family,True,homology,0.8,0.8,both_sources,corroborated,most_specific,family_inferred,strong,FtsX-like permease C-terminal | MacB-like periplasmic core domain,no,,no,,none,
sys_PMM0913,PMM0913,salY,permease,chebi:60979,alpha-glucoside,no_formula,chebi:60979,none,inherited,tcdb:3.A.1,tc_family,True,homology,0.8,0.8,both_sources,corroborated,most_specific,family_inferred,strong,FtsX-like permease C-terminal | MacB-like periplasmic core domain,no,,no,,none,
sys_PMM0913,PMM0913,salY,permease,chebi:78608,an alpha-amino acid,contains_N,chebi:78608,none,inherited,tcdb:3.A.1,tc_family,True,homology,0.8,0.8,both_sources,corroborated,most_specific,family_inferred,strong,FtsX-like permease C-terminal | MacB-like periplasmic core domain,no,,no,,none,
sys_PMM0913,PMM0913,salY,permease,chebi:22582,antimicrobial agent,no_formula,chebi:22582,none,inherited,tcdb:3.A.1,tc_family,True,homology,0.8,0.8,both_sources,corroborated,most_specific,family_inferred,strong,FtsX-like permease C-terminal | MacB-like periplasmic core domain,no,,no,,none,
sys_PMM0913,PMM0913,salY,permease,chebi:22605,arabinitol,no_formula,chebi:22605,none,inherited,tcdb:3.A.1,tc_family,True,homology,0.8,0.8,both_sources,corroborated,most_specific,family_inferred,strong,FtsX-like permease C-terminal | MacB-like periplasmic core domain,no,,no,,none,
sys_PMM0913,PMM0913,salY,permease,chebi:22599,arabinose,no_formula,chebi:22599,none,inherited,tcdb:3.A.1,tc_family,True,homology,0.8,0.8,both_sources,corroborated,most_specific,family_inferred,strong,FtsX-like permease C-terminal | MacB-like periplasmic core domain,no,,no,,none,
sys_PMM0913,PMM0913,salY,permease,chebi:22601,arabinoside,no_formula,chebi:22601,none,inherited,tcdb:3.A.1,tc_family,True,homology,0.8,0.8,both_sources,corroborated,most_specific,family_inferred,strong,FtsX-like permease C-terminal | MacB-like periplasmic core domain,no,,no,,none,
sys_PMM0913,PMM0913,salY,permease,chebi:48081,bacteriocin,no_formula,chebi:48081,none,inherited,tcdb:3.A.1,tc_family,True,homology,0.8,0.8,both_sources,corroborated,most_specific,family_inferred,strong,FtsX-like permease C-terminal | MacB-like periplasmic core domain,no,,no,,none,
sys_PMM0913,PMM0913,salY,permease,kegg.compound:C08263,beta-Alaninebetaine,contains_N,kegg.compound:C08263,none,inherited,tcdb:3.A.1,tc_family,True,homology,0.8,0.8,both_sources,corroborated,most_specific,family_inferred,strong,FtsX-like permease C-terminal | MacB-like periplasmic core domain,no,,no,,none,
sys_PMM0913,PMM0913,salY,permease,chebi:60980,beta-glucoside,no_formula,chebi:60980,none,inherited,tcdb:3.A.1,tc_family,True,homology,0.8,0.8,both_sources,corroborated,most_specific,family_inferred,strong,FtsX-like permease C-terminal | MacB-like periplasmic core domain,no,,no,,none,
sys_PMM0913,PMM0913,salY,permease,chebi:22918,branched-chain amino acid,no_formula,chebi:22918,none,inherited,tcdb:3.A.1,tc_family,True,homology,0.8,0.8,both_sources,corroborated,most_specific,family_inferred,strong,FtsX-like permease C-terminal | MacB-like periplasmic core domain,no,,no,,none,
sys_PMM0913,PMM0913,salY,permease,chebi:62579,carboxymycobactin,contains_N,chebi:62579,none,inherited,tcdb:3.A.1,tc_family,True,homology,0.8,0.8,both_sources,corroborated,most_specific,family_inferred,strong,FtsX-like permease C-terminal | MacB-like periplasmic core domain,no,,no,,none,
sys_PMM0913,PMM0913,salY,permease,chebi:23058,cation,no_formula,chebi:23058,none,inherited,tcdb:3.A.1,tc_family,True,homology,0.8,0.8,both_sources,corroborated,most_specific,family_inferred,strong,FtsX-like permease C-terminal | MacB-like periplasmic core domain,no,,no,,none,
sys_PMM0913,PMM0913,salY,permease,chebi:134400,cationic peptidyl group,no_formula,chebi:134400,none,inherited,tcdb:3.A.1,tc_family,True,homology,0.8,0.8,both_sources,corroborated,most_specific,family_inferred,strong,FtsX-like permease C-terminal | MacB-like periplasmic core domain,no,,no,,none,
sys_PMM0913,PMM0913,salY,permease,chebi:62563,cellooligosaccharide,no_formula,chebi:62563,none,inherited,tcdb:3.A.1,tc_family,True,homology,0.8,0.8,both_sources,corroborated,most_specific,family_inferred,strong,FtsX-like permease C-terminal | MacB-like periplasmic core domain,no,,no,,none,
sys_PMM0913,PMM0913,salY,permease,chebi:138159,chemokine ligand 24,no_formula,chebi:138159,none,inherited,tcdb:3.A.1,tc_family,True,homology,0.8,0.8,both_sources,corroborated,most_specific,family_inferred,strong,FtsX-like permease C-terminal | MacB-like periplasmic core domain,no,,no,,none,
sys_PMM0913,PMM0913,salY,permease,chebi:61345,chrysobactin,contains_N,chebi:61345,none,inherited,tcdb:3.A.1,tc_family,True,homology,0.8,0.8,both_sources,corroborated,most_specific,family_inferred,strong,FtsX-like permease C-terminal | MacB-like periplasmic core domain,no,,no,,none,
sys_PMM0913,PMM0913,salY,permease,chebi:83079,chrysopine,contains_N,chebi:83079,none,inherited,tcdb:3.A.1,tc_family,True,homology,0.8,0.8,both_sources,corroborated,most_specific,family_inferred,strong,FtsX-like permease C-terminal | MacB-like periplasmic core domain,no,,no,,none,
sys_PMM0913,PMM0913,salY,permease,chebi:30411,cobalamin,no_formula,chebi:30411,none,inherited,tcdb:3.A.1,tc_family,True,homology,0.8,0.8,both_sources,corroborated,most_specific,family_inferred,strong,FtsX-like permease C-terminal | MacB-like periplasmic core domain,no,,no,,none,
sys_PMM0913,PMM0913,salY,permease,chebi:23456,cyclodextrin,no_formula,chebi:23456,none,inherited,tcdb:3.A.1,tc_family,True,homology,0.8,0.8,both_sources,corroborated,most_specific,family_inferred,strong,FtsX-like permease C-terminal | MacB-like periplasmic core domain,no,,no,,none,
sys_PMM0913,PMM0913,salY,permease,chebi:23636,deoxyribonucleoside,no_formula,chebi:23636,none,inherited,tcdb:3.A.1,tc_family,True,homology,0.8,0.8,both_sources,corroborated,most_specific,family_inferred,strong,FtsX-like permease C-terminal | MacB-like periplasmic core domain,no,,no,,none,
sys_PMM0913,PMM0913,salY,permease,chebi:31460,desferrioxamine B mesylate,contains_N,chebi:31460,none,inherited,tcdb:3.A.1,tc_family,True,homology,0.8,0.8,both_sources,corroborated,most_specific,family_inferred,strong,FtsX-like permease C-terminal | MacB-like periplasmic core domain,no,,no,,none,
sys_PMM0913,PMM0913,salY,permease,chebi:23835,dipeptide,no_formula,chebi:23835,none,inherited,tcdb:3.A.1,tc_family,True,homology,0.8,0.8,both_sources,corroborated,most_specific,family_inferred,strong,FtsX-like permease C-terminal | MacB-like periplasmic core domain,no,,no,,none,
sys_PMM0913,PMM0913,salY,permease,chebi:23888,drug,no_formula,chebi:23888,none,inherited,tcdb:3.A.1,tc_family,True,homology,0.8,0.8,both_sources,corroborated,most_specific,family_inferred,strong,FtsX-like permease C-terminal | MacB-like periplasmic core domain,no,,no,,none,
sys_PMM0913,PMM0913,salY,permease,chebi:4705,dsDNA,no_formula,chebi:4705,none,inherited,tcdb:3.A.1,tc_family,True,homology,0.8,0.8,both_sources,corroborated,most_specific,family_inferred,strong,FtsX-like permease C-terminal | MacB-like periplasmic core domain,no,,no,,none,
sys_PMM0913,PMM0913,salY,permease,chebi:42478,ethidium,contains_N,chebi:42478,none,inherited,tcdb:3.A.1,tc_family,True,homology,0.8,0.8,both_sources,corroborated,most_specific,family_inferred,strong,FtsX-like permease C-terminal | MacB-like periplasmic core domain,no,,no,,none,
sys_PMM0913,PMM0913,salY,permease,chebi:72813,exopolysaccharide,no_formula,chebi:72813,none,inherited,tcdb:3.A.1,tc_family,True,homology,0.8,0.8,both_sources,corroborated,most_specific,family_inferred,strong,FtsX-like permease C-terminal | MacB-like periplasmic core domain,no,,no,,none,
sys_PMM0913,PMM0913,salY,permease,chebi:24025,fatty acyl-CoA,contains_N,chebi:24025,none,inherited,tcdb:3.A.1,tc_family,True,homology,0.8,0.8,both_sources,corroborated,most_specific,family_inferred,strong,FtsX-like permease C-terminal | MacB-like periplasmic core domain,no,,no,,none,
sys_PMM0913,PMM0913,salY,permease,chebi:24104,fructose,no_formula,chebi:24104,none,inherited,tcdb:3.A.1,tc_family,True,homology,0.8,0.8,both_sources,corroborated,most_specific,family_inferred,strong,FtsX-like permease C-terminal | MacB-like periplasmic core domain,no,,no,,none,
sys_PMM0913,PMM0913,salY,permease,chebi:24118,fucose,no_formula,chebi:24118,none,inherited,tcdb:3.A.1,tc_family,True,homology,0.8,0.8,both_sources,corroborated,most_specific,family_inferred,strong,FtsX-like permease C-terminal | MacB-like periplasmic core domain,no,,no,,none,
sys_PMM0913,PMM0913,salY,permease,chebi:24134,galactan,no_formula,chebi:24134,none,inherited,tcdb:3.A.1,tc_family,True,homology,0.8,0.8,both_sources,corroborated,most_specific,family_inferred,strong,FtsX-like permease C-terminal | MacB-like periplasmic core domain,no,,no,,none,
sys_PMM0913,PMM0913,salY,permease,chebi:24151,galactooligosaccharide,no_formula,chebi:24151,none,inherited,tcdb:3.A.1,tc_family,True,homology,0.8,0.8,both_sources,corroborated,most_specific,family_inferred,strong,FtsX-like permease C-terminal | MacB-like periplasmic core domain,no,,no,,none,
sys_PMM0913,PMM0913,salY,permease,chebi:24162,galactose,no_formula,chebi:24162,none,inherited,tcdb:3.A.1,tc_family,True,homology,0.8,0.8,both_sources,corroborated,most_specific,family_inferred,strong,FtsX-like permease C-terminal | MacB-like periplasmic core domain,no,,no,,none,
sys_PMM0913,PMM0913,salY,permease,chebi:24163,galactoside,no_formula,chebi:24163,none,inherited,tcdb:3.A.1,tc_family,True,homology,0.8,0.8,both_sources,corroborated,most_specific,family_inferred,strong,FtsX-like permease C-terminal | MacB-like periplasmic core domain,no,,no,,none,
sys_PMM0913,PMM0913,salY,permease,chebi:15093,glucitol,no_formula,chebi:15093,none,inherited,tcdb:3.A.1,tc_family,True,homology,0.8,0.8,both_sources,corroborated,most_specific,family_inferred,strong,FtsX-like permease C-terminal | MacB-like periplasmic core domain,no,,no,,none,
sys_PMM0913,PMM0913,salY,permease,chebi:24278,glucoside,no_formula,chebi:24278,none,inherited,tcdb:3.A.1,tc_family,True,homology,0.8,0.8,both_sources,corroborated,most_specific,family_inferred,strong,FtsX-like permease C-terminal | MacB-like periplasmic core domain,no,,no,,none,
sys_PMM0913,PMM0913,salY,permease,chebi:14386,heme,no_formula,chebi:14386,name_soft,inherited,tcdb:3.A.1,tc_family,True,homology,0.8,0.8,both_sources,corroborated,most_specific,family_inferred,strong,FtsX-like permease C-terminal | MacB-like periplasmic core domain,elsewhere in genome,,elsewhere in genome,,name_soft,PMM0448|PMM0525|PMM1594
sys_PMM0913,PMM0913,salY,permease,chebi:24583,hexitol,no_formula,chebi:24583,none,inherited,tcdb:3.A.1,tc_family,True,homology,0.8,0.8,both_sources,corroborated,most_specific,family_inferred,strong,FtsX-like permease C-terminal | MacB-like periplasmic core domain,no,,no,,none,
sys_PMM0913,PMM0913,salY,permease,chebi:47878,hexose phosphate,no_formula,chebi:47878,none,inherited,tcdb:3.A.1,tc_family,True,homology,0.8,0.8,both_sources,corroborated,most_specific,family_inferred,strong,FtsX-like permease C-terminal | MacB-like periplasmic core domain,no,,no,,none,
sys_PMM0913,PMM0913,salY,permease,chebi:24852,insecticide,no_formula,chebi:24852,none,inherited,tcdb:3.A.1,tc_family,True,homology,0.8,0.8,both_sources,corroborated,most_specific,family_inferred,strong,FtsX-like permease C-terminal | MacB-like periplasmic core domain,no,,no,,none,
sys_PMM0913,PMM0913,salY,permease,chebi:21131,iron(III) hydroxamate,contains_N,chebi:21131,none,inherited,tcdb:3.A.1,tc_family,True,homology,0.8,0.8,both_sources,corroborated,most_specific,family_inferred,strong,FtsX-like permease C-terminal | MacB-like periplasmic core domain,no,,no,,none,
sys_PMM0913,PMM0913,salY,permease,chebi:84633,iron(III) vibrioferrin,contains_N,chebi:84633,none,inherited,tcdb:3.A.1,tc_family,True,homology,0.8,0.8,both_sources,corroborated,most_specific,family_inferred,strong,FtsX-like permease C-terminal | MacB-like periplasmic core domain,no,,no,,none,
sys_PMM0913,PMM0913,salY,permease,chebi:24898,isoleucine,no_formula,chebi:24898,none,inherited,tcdb:3.A.1,tc_family,True,homology,0.8,0.8,both_sources,corroborated,most_specific,family_inferred,strong,FtsX-like permease C-terminal | MacB-like periplasmic core domain,no,,no,,none,
sys_PMM0913,PMM0913,salY,permease,chebi:71644,lantibiotic,no_formula,chebi:71644,none,inherited,tcdb:3.A.1,tc_family,True,homology,0.8,0.8,both_sources,corroborated,most_specific,family_inferred,strong,FtsX-like permease C-terminal | MacB-like periplasmic core domain,no,,no,,none,
sys_PMM0913,PMM0913,salY,permease,chebi:25051,lipid As,no_formula,chebi:25051,none,inherited,tcdb:3.A.1,tc_family,True,homology,0.8,0.8,both_sources,corroborated,most_specific,family_inferred,strong,FtsX-like permease C-terminal | MacB-like periplasmic core domain,no,,no,,none,
sys_PMM0913,PMM0913,salY,permease,chebi:14520,lipopolysaccharide,no_formula,chebi:14520,none,inherited,tcdb:3.A.1,tc_family,True,homology,0.8,0.8,both_sources,corroborated,most_specific,family_inferred,strong,FtsX-like permease C-terminal | MacB-like periplasmic core domain,no,,no,,none,
sys_PMM0913,PMM0913,salY,permease,chebi:25106,macrolide,no_formula,chebi:25106,none,inherited,tcdb:3.A.1,tc_family,True,homology,0.8,0.8,both_sources,corroborated,most_specific,family_inferred,strong,FtsX-like permease C-terminal | MacB-like periplasmic core domain,no,,no,,none,
sys_PMM0913,PMM0913,salY,permease,chebi:25105,macrolide antibiotic,no_formula,chebi:25105,none,inherited,tcdb:3.A.1,tc_family,True,homology,0.8,0.8,both_sources,corroborated,most_specific,family_inferred,strong,FtsX-like permease C-terminal | MacB-like periplasmic core domain,no,,no,,none,
sys_PMM0913,PMM0913,salY,permease,chebi:33839,macromolecule,no_formula,chebi:33839,none,inherited,tcdb:3.A.1,tc_family,True,homology,0.8,0.8,both_sources,corroborated,most_specific,family_inferred,strong,FtsX-like permease C-terminal | MacB-like periplasmic core domain,no,,no,,none,
sys_PMM0913,PMM0913,salY,permease,chebi:62009,maltoheptaose heptasaccharide,no_formula,chebi:62009,none,inherited,tcdb:3.A.1,tc_family,True,homology,0.8,0.8,both_sources,corroborated,most_specific,family_inferred,strong,FtsX-like permease C-terminal | MacB-like periplasmic core domain,no,,no,,none,
sys_PMM0913,PMM0913,salY,permease,chebi:11169,maltooligosaccharide,no_formula,chebi:11169,none,inherited,tcdb:3.A.1,tc_family,True,homology,0.8,0.8,both_sources,corroborated,most_specific,family_inferred,strong,FtsX-like permease C-terminal | MacB-like periplasmic core domain,no,,no,,none,
sys_PMM0913,PMM0913,salY,permease,chebi:61996,maltopentaose pentasaccharide,no_formula,chebi:61996,none,inherited,tcdb:3.A.1,tc_family,True,homology,0.8,0.8,both_sources,corroborated,most_specific,family_inferred,strong,FtsX-like permease C-terminal | MacB-like periplasmic core domain,no,,no,,none,
sys_PMM0913,PMM0913,salY,permease,chebi:14575,mannose,no_formula,chebi:14575,none,inherited,tcdb:3.A.1,tc_family,True,homology,0.8,0.8,both_sources,corroborated,most_specific,family_inferred,strong,FtsX-like permease C-terminal | MacB-like periplasmic core domain,no,,no,,none,
sys_PMM0913,PMM0913,salY,permease,chebi:25169,mannoside,no_formula,chebi:25169,none,inherited,tcdb:3.A.1,tc_family,True,homology,0.8,0.8,both_sources,corroborated,most_specific,family_inferred,strong,FtsX-like permease C-terminal | MacB-like periplasmic core domain,no,,no,,none,
sys_PMM0913,PMM0913,salY,permease,chebi:64627,microcin,no_formula,chebi:64627,none,inherited,tcdb:3.A.1,tc_family,True,homology,0.8,0.8,both_sources,corroborated,most_specific,family_inferred,strong,FtsX-like permease C-terminal | MacB-like periplasmic core domain,no,,no,,none,
sys_PMM0913,PMM0913,salY,permease,chebi:82754,microcin c,contains_N,chebi:82754,none,inherited,tcdb:3.A.1,tc_family,True,homology,0.8,0.8,both_sources,corroborated,most_specific,family_inferred,strong,FtsX-like permease C-terminal | MacB-like periplasmic core domain,no,,no,,none,
sys_PMM0913,PMM0913,salY,permease,chebi:27027,micronutrient,no_formula,chebi:27027,none,inherited,tcdb:3.A.1,tc_family,True,homology,0.8,0.8,both_sources,corroborated,most_specific,family_inferred,strong,FtsX-like permease C-terminal | MacB-like periplasmic core domain,no,,no,,none,
sys_PMM0913,PMM0913,salY,permease,chebi:25436,mycolate,no_formula,chebi:25436,none,inherited,tcdb:3.A.1,tc_family,True,homology,0.8,0.8,both_sources,corroborated,most_specific,family_inferred,strong,FtsX-like permease C-terminal | MacB-like periplasmic core domain,no,,no,,none,
sys_PMM0913,PMM0913,salY,permease,chebi:25679,oligosaccharide,no_formula,chebi:25679,none,inherited,tcdb:3.A.1,tc_family,True,homology,0.8,0.8,both_sources,corroborated,most_specific,family_inferred,strong,FtsX-like permease C-terminal | MacB-like periplasmic core domain,no,,no,,none,
sys_PMM0913,PMM0913,salY,permease,chebi:25728,osmolyte,no_formula,chebi:25728,none,inherited,tcdb:3.A.1,tc_family,True,homology,0.8,0.8,both_sources,corroborated,most_specific,family_inferred,strong,FtsX-like permease C-terminal | MacB-like periplasmic core domain,no,,no,,none,
sys_PMM0913,PMM0913,salY,permease,chebi:26188,polyketide,no_formula,chebi:26188,none,inherited,tcdb:3.A.1,tc_family,True,homology,0.8,0.8,both_sources,corroborated,most_specific,family_inferred,strong,FtsX-like permease C-terminal | MacB-like periplasmic core domain,no,,no,,none,
sys_PMM0913,PMM0913,salY,permease,chebi:59062,polymyxin,no_formula,chebi:59062,none,inherited,tcdb:3.A.1,tc_family,True,homology,0.8,0.8,both_sources,corroborated,most_specific,family_inferred,strong,FtsX-like permease C-terminal | MacB-like periplasmic core domain,no,,no,,none,
sys_PMM0913,PMM0913,salY,permease,chebi:13677,protein,no_formula,chebi:13677,name_soft,inherited,tcdb:3.A.1,tc_family,True,homology,0.8,0.8,both_sources,corroborated,most_specific,family_inferred,strong,FtsX-like permease C-terminal | MacB-like periplasmic core domain,no,,no,,none,
sys_PMM0913,PMM0913,salY,permease,chebi:35584,purine,no_formula,chebi:35584,name_soft,inherited,tcdb:3.A.1,tc_family,True,homology,0.8,0.8,both_sources,corroborated,most_specific,family_inferred,strong,FtsX-like permease C-terminal | MacB-like periplasmic core domain,no,,no,,none,
sys_PMM0913,PMM0913,salY,permease,chebi:84046,pyoverdine,no_formula,chebi:84046,none,inherited,tcdb:3.A.1,tc_family,True,homology,0.8,0.8,both_sources,corroborated,most_specific,family_inferred,strong,FtsX-like permease C-terminal | MacB-like periplasmic core domain,no,,no,,none,
sys_PMM0913,PMM0913,salY,permease,chebi:64299,queuosine residue,contains_N,chebi:64299,none,inherited,tcdb:3.A.1,tc_family,True,homology,0.8,0.8,both_sources,corroborated,most_specific,family_inferred,strong,FtsX-like permease C-terminal | MacB-like periplasmic core domain,no,,no,,none,
sys_PMM0913,PMM0913,salY,permease,chebi:26546,rhamnose,no_formula,chebi:26546,none,inherited,tcdb:3.A.1,tc_family,True,homology,0.8,0.8,both_sources,corroborated,most_specific,family_inferred,strong,FtsX-like permease C-terminal | MacB-like periplasmic core domain,no,,no,,none,
sys_PMM0913,PMM0913,salY,permease,chebi:26672,siderophore,no_formula,chebi:26672,none,inherited,tcdb:3.A.1,tc_family,True,homology,0.8,0.8,both_sources,corroborated,most_specific,family_inferred,strong,FtsX-like permease C-terminal | MacB-like periplasmic core domain,no,,no,,none,
sys_PMM0913,PMM0913,salY,permease,kegg.compound:C00670,sn-Glycero-3-phosphocholine,contains_N,kegg.compound:C00670,none,inherited,tcdb:3.A.1,tc_family,True,homology,0.8,0.8,both_sources,corroborated,most_specific,family_inferred,strong,FtsX-like permease C-terminal | MacB-like periplasmic core domain,no,,no,,none,
sys_PMM0913,PMM0913,salY,permease,kegg.compound:C06366,sym-Homospermidine,contains_N,kegg.compound:C06366,none,inherited,tcdb:3.A.1,tc_family,True,homology,0.8,0.8,both_sources,corroborated,most_specific,family_inferred,strong,FtsX-like permease C-terminal | MacB-like periplasmic core domain,no,,no,,none,
sys_PMM0913,PMM0913,salY,permease,chebi:39185,thiamethoxam,contains_N,chebi:39185,none,inherited,tcdb:3.A.1,tc_family,True,homology,0.8,0.8,both_sources,corroborated,most_specific,family_inferred,strong,FtsX-like permease C-terminal | MacB-like periplasmic core domain,no,,no,,none,
sys_PMM0913,PMM0913,salY,permease,chebi:27138,tripeptide,contains_N,chebi:27138,none,inherited,tcdb:3.A.1,tc_family,True,homology,0.8,0.8,both_sources,corroborated,most_specific,family_inferred,strong,FtsX-like permease C-terminal | MacB-like periplasmic core domain,no,,no,,none,
sys_PMM0913,PMM0913,salY,permease,chebi:35191,triterpene,no_formula,chebi:35191,none,inherited,tcdb:3.A.1,tc_family,True,homology,0.8,0.8,both_sources,corroborated,most_specific,family_inferred,strong,FtsX-like permease C-terminal | MacB-like periplasmic core domain,no,,no,,none,
sys_PMM0913,PMM0913,salY,permease,chebi:27272,vanadium oxoanion,no_formula,chebi:27272,none,inherited,tcdb:3.A.1,tc_family,True,homology,0.8,0.8,both_sources,corroborated,most_specific,family_inferred,strong,FtsX-like permease C-terminal | MacB-like periplasmic core domain,no,,no,,none,
sys_PMM0913,PMM0913,salY,permease,chebi:72316,virulence factor,no_formula,chebi:72316,none,inherited,tcdb:3.A.1,tc_family,True,homology,0.8,0.8,both_sources,corroborated,most_specific,family_inferred,strong,FtsX-like permease C-terminal | MacB-like periplasmic core domain,no,,no,,none,
sys_PMM0913,PMM0913,salY,permease,chebi:10004,vitamin (role),no_formula,chebi:10004,none,inherited,tcdb:3.A.1,tc_family,True,homology,0.8,0.8,both_sources,corroborated,most_specific,family_inferred,strong,FtsX-like permease C-terminal | MacB-like periplasmic core domain,no,,no,,none,
sys_PMM0913,PMM0913,salY,permease,chebi:10081,xyloglucan,no_formula,chebi:10081,none,inherited,tcdb:3.A.1,tc_family,True,homology,0.8,0.8,both_sources,corroborated,most_specific,family_inferred,strong,FtsX-like permease C-terminal | MacB-like periplasmic core domain,no,,no,,none,
sys_PMM0913,PMM0913,salY,permease,chebi:10085,xylose,no_formula,chebi:10085,none,inherited,tcdb:3.A.1,tc_family,True,homology,0.8,0.8,both_sources,corroborated,most_specific,family_inferred,strong,FtsX-like permease C-terminal | MacB-like periplasmic core domain,no,,no,,none,
sys_PMM0913,PMM0913,salY,permease,chebi:27365,zinc ion,no_formula,chebi:27365,none,inherited,tcdb:3.A.1,tc_family,True,homology,0.8,0.8,both_sources,corroborated,most_specific,family_inferred,strong,FtsX-like permease C-terminal | MacB-like periplasmic core domain,no,,no,,none,
sys_PMM0913,PMM0913,salY,permease,chebi:11148,"1,2-diacyl-sn-glycero-3-phosphocholine(1+)",contains_N,chebi:11148,none,most_specific,tcdb:3.A.1,tc_family,True,homology,0.8,0.8,both_sources,corroborated,most_specific,family_inferred,strong,FtsX-like permease C-terminal | MacB-like periplasmic core domain,no,,no,,none,
sys_PMM0913,PMM0913,salY,permease,chebi:383703,"3,6-diamino-10-methylacridinium chloride",contains_N,chebi:383703,none,most_specific,tcdb:3.A.1,tc_family,True,homology,0.8,0.8,both_sources,corroborated,most_specific,family_inferred,strong,FtsX-like permease C-terminal | MacB-like periplasmic core domain,no,,no,,none,
sys_PMM0913,PMM0913,salY,permease,kegg.compound:C02794,3-Hydroxykynurenine,contains_N,kegg.compound:C02794,id,most_specific,tcdb:3.A.1,tc_family,True,homology,0.8,0.8,both_sources,corroborated,most_specific,family_inferred,strong,FtsX-like permease C-terminal | MacB-like periplasmic core domain,no,,no,,none,
sys_PMM0913,PMM0913,salY,permease,kegg.compound:C00575,"3^,5^-Cyclic AMP",contains_N,kegg.compound:C00575,none,most_specific,tcdb:3.A.1,tc_family,True,homology,0.8,0.8,both_sources,corroborated,most_specific,family_inferred,strong,FtsX-like permease C-terminal | MacB-like periplasmic core domain,elsewhere in genome,,elsewhere in genome,,exact,PMM0155
sys_PMM0913,PMM0913,salY,permease,kegg.compound:C00942,"3^,5^-Cyclic GMP",contains_N,kegg.compound:C00942,none,most_specific,tcdb:3.A.1,tc_family,True,homology,0.8,0.8,both_sources,corroborated,most_specific,family_inferred,strong,FtsX-like permease C-terminal | MacB-like periplasmic core domain,elsewhere in genome,,elsewhere in genome,,exact,PMM0155
sys_PMM0913,PMM0913,salY,permease,kegg.compound:C19453,"4,4^-Methylenediphenyl diisocyanate",contains_N,kegg.compound:C19453,none,most_specific,tcdb:3.A.1,tc_family,True,homology,0.8,0.8,both_sources,corroborated,most_specific,family_inferred,strong,FtsX-like permease C-terminal | MacB-like periplasmic core domain,no,,no,,none,
sys_PMM0913,PMM0913,salY,permease,chebi:104011,4-aminohippurate,contains_N,chebi:104011,none,most_specific,tcdb:3.A.1,tc_family,True,homology,0.8,0.8,both_sources,corroborated,most_specific,family_inferred,strong,FtsX-like permease C-terminal | MacB-like periplasmic core domain,no,,no,,none,
sys_PMM0913,PMM0913,salY,permease,chebi:82687,"5-(2-hydroxyethyl)-1,3-thiazole",contains_N,chebi:82687,none,most_specific,tcdb:3.A.1,tc_family,True,homology,0.8,0.8,both_sources,corroborated,most_specific,family_inferred,strong,FtsX-like permease C-terminal | MacB-like periplasmic core domain,no,,no,,none,
sys_PMM0913,PMM0913,salY,permease,kegg.compound:C11277,Adefovir,contains_N,kegg.compound:C11277,none,most_specific,tcdb:3.A.1,tc_family,True,homology,0.8,0.8,both_sources,corroborated,most_specific,family_inferred,strong,FtsX-like permease C-terminal | MacB-like periplasmic core domain,no,,no,,none,
sys_PMM0913,PMM0913,salY,permease,kegg.compound:C01667,Bacitracin,no_formula,kegg.compound:C01667,none,most_specific,tcdb:3.A.1,tc_family,True,homology,0.8,0.8,both_sources,corroborated,most_specific,family_inferred,strong,FtsX-like permease C-terminal | MacB-like periplasmic core domain,no,,no,,none,
sys_PMM0913,PMM0913,salY,permease,kegg.compound:C08037,Benzalkonium chloride,contains_N,kegg.compound:C08037,none,most_specific,tcdb:3.A.1,tc_family,True,homology,0.8,0.8,both_sources,corroborated,most_specific,family_inferred,strong,FtsX-like permease C-terminal | MacB-like periplasmic core domain,no,,no,,none,
sys_PMM0913,PMM0913,salY,permease,kegg.compound:C02009,Benzimidazole,contains_N,kegg.compound:C02009,none,most_specific,tcdb:3.A.1,tc_family,True,homology,0.8,0.8,both_sources,corroborated,most_specific,family_inferred,strong,FtsX-like permease C-terminal | MacB-like periplasmic core domain,no,,no,,none,
sys_PMM0913,PMM0913,salY,permease,kegg.compound:C03374,Bilirubin-glucuronoside,contains_N,kegg.compound:C03374,none,most_specific,tcdb:3.A.1,tc_family,True,homology,0.8,0.8,both_sources,corroborated,most_specific,family_inferred,strong,FtsX-like permease C-terminal | MacB-like periplasmic core domain,no,,no,,none,
sys_PMM0913,PMM0913,salY,permease,kegg.compound:C21721,Camalexin,contains_N,kegg.compound:C21721,none,most_specific,tcdb:3.A.1,tc_family,True,homology,0.8,0.8,both_sources,corroborated,most_specific,family_inferred,strong,FtsX-like permease C-terminal | MacB-like periplasmic core domain,no,,no,,none,
sys_PMM0913,PMM0913,salY,permease,kegg.compound:C01897,Camptothecin,contains_N,kegg.compound:C01897,none,most_specific,tcdb:3.A.1,tc_family,True,homology,0.8,0.8,both_sources,corroborated,most_specific,family_inferred,strong,FtsX-like permease C-terminal | MacB-like periplasmic core domain,no,,no,,none,
sys_PMM0913,PMM0913,salY,permease,kegg.compound:C12058,Cerulenin,contains_N,kegg.compound:C12058,none,most_specific,tcdb:3.A.1,tc_family,True,homology,0.8,0.8,both_sources,corroborated,most_specific,family_inferred,strong,FtsX-like permease C-terminal | MacB-like periplasmic core domain,no,,no,,none,
sys_PMM0913,PMM0913,salY,permease,kegg.compound:C07625,Chloroquine,contains_N,kegg.compound:C07625,none,most_specific,tcdb:3.A.1,tc_family,True,homology,0.8,0.8,both_sources,corroborated,most_specific,family_inferred,strong,FtsX-like permease C-terminal | MacB-like periplasmic core domain,no,,no,,none,
sys_PMM0913,PMM0913,salY,permease,kegg.compound:C14322,Chlorpyrifos,contains_N,kegg.compound:C14322,none,most_specific,tcdb:3.A.1,tc_family,True,homology,0.8,0.8,both_sources,corroborated,most_specific,family_inferred,strong,FtsX-like permease C-terminal | MacB-like periplasmic core domain,no,,no,,none,
sys_PMM0913,PMM0913,salY,permease,kegg.compound:C06685,Cycloheximide,contains_N,kegg.compound:C06685,none,most_specific,tcdb:3.A.1,tc_family,True,homology,0.8,0.8,both_sources,corroborated,most_specific,family_inferred,strong,FtsX-like permease C-terminal | MacB-like periplasmic core domain,no,,no,,none,
sys_PMM0913,PMM0913,salY,permease,kegg.compound:C12013,Daptomycin,contains_N,kegg.compound:C12013,none,most_specific,tcdb:3.A.1,tc_family,True,homology,0.8,0.8,both_sources,corroborated,most_specific,family_inferred,strong,FtsX-like permease C-terminal | MacB-like periplasmic core domain,no,,no,,none,
sys_PMM0913,PMM0913,salY,permease,kegg.compound:C02267,Deoxycoformycin,contains_N,kegg.compound:C02267,none,most_specific,tcdb:3.A.1,tc_family,True,homology,0.8,0.8,both_sources,corroborated,most_specific,family_inferred,strong,FtsX-like permease C-terminal | MacB-like periplasmic core domain,no,,no,,none,
sys_PMM0913,PMM0913,salY,permease,kegg.compound:C01690,Diclofenac,contains_N,kegg.compound:C01690,none,most_specific,tcdb:3.A.1,tc_family,True,homology,0.8,0.8,both_sources,corroborated,most_specific,family_inferred,strong,FtsX-like permease C-terminal | MacB-like periplasmic core domain,no,,no,,none,
sys_PMM0913,PMM0913,salY,permease,kegg.compound:C14397,Dinitrochlorobenzene,contains_N,kegg.compound:C14397,none,most_specific,tcdb:3.A.1,tc_family,True,homology,0.8,0.8,both_sources,corroborated,most_specific,family_inferred,strong,FtsX-like permease C-terminal | MacB-like periplasmic core domain,no,,no,,none,
sys_PMM0913,PMM0913,salY,permease,kegg.compound:C11231,Docetaxel anhydrous,contains_N,kegg.compound:C11231,none,most_specific,tcdb:3.A.1,tc_family,True,homology,0.8,0.8,both_sources,corroborated,most_specific,family_inferred,strong,FtsX-like permease C-terminal | MacB-like periplasmic core domain,no,,no,,none,
sys_PMM0913,PMM0913,salY,permease,kegg.compound:C06973,Doxycycline,contains_N,kegg.compound:C06973,none,most_specific,tcdb:3.A.1,tc_family,True,homology,0.8,0.8,both_sources,corroborated,most_specific,family_inferred,strong,FtsX-like permease C-terminal | MacB-like periplasmic core domain,no,,no,,none,
sys_PMM0913,PMM0913,salY,permease,chebi:133008,Epclusa,no_formula,chebi:133008,none,most_specific,tcdb:3.A.1,tc_family,True,homology,0.8,0.8,both_sources,corroborated,most_specific,family_inferred,strong,FtsX-like permease C-terminal | MacB-like periplasmic core domain,no,,no,,none,
sys_PMM0913,PMM0913,salY,permease,kegg.compound:C12154,Epothilone B,contains_N,kegg.compound:C12154,none,most_specific,tcdb:3.A.1,tc_family,True,homology,0.8,0.8,both_sources,corroborated,most_specific,family_inferred,strong,FtsX-like permease C-terminal | MacB-like periplasmic core domain,no,,no,,none,
sys_PMM0913,PMM0913,salY,permease,kegg.compound:C11161,Ethidium bromide,contains_N,kegg.compound:C11161,none,most_specific,tcdb:3.A.1,tc_family,True,homology,0.8,0.8,both_sources,corroborated,most_specific,family_inferred,strong,FtsX-like permease C-terminal | MacB-like periplasmic core domain,no,,no,,none,
sys_PMM0913,PMM0913,salY,permease,chebi:24875,Fe cation,no_formula,chebi:24875,none,most_specific,tcdb:3.A.1,tc_family,True,homology,0.8,0.8,both_sources,corroborated,most_specific,family_inferred,strong,FtsX-like permease C-terminal | MacB-like periplasmic core domain,no,,no,,none,
sys_PMM0913,PMM0913,salY,permease,kegg.compound:C01579,Flavonoid,no_formula,kegg.compound:C01579,none,most_specific,tcdb:3.A.1,tc_family,True,homology,0.8,0.8,both_sources,corroborated,most_specific,family_inferred,strong,FtsX-like permease C-terminal | MacB-like periplasmic core domain,no,,no,,none,
sys_PMM0913,PMM0913,salY,permease,kegg.compound:C07002,Fluconazole,contains_N,kegg.compound:C07002,none,most_specific,tcdb:3.A.1,tc_family,True,homology,0.8,0.8,both_sources,corroborated,most_specific,family_inferred,strong,FtsX-like permease C-terminal | MacB-like periplasmic core domain,no,,no,,none,
sys_PMM0913,PMM0913,salY,permease,kegg.compound:C07019,Ganciclovir,contains_N,kegg.compound:C07019,none,most_specific,tcdb:3.A.1,tc_family,True,homology,0.8,0.8,both_sources,corroborated,most_specific,family_inferred,strong,FtsX-like permease C-terminal | MacB-like periplasmic core domain,no,,no,,none,
sys_PMM0913,PMM0913,salY,permease,kegg.compound:C00127,Glutathione disulfide,contains_N,kegg.compound:C00127,none,most_specific,tcdb:3.A.1,tc_family,True,homology,0.8,0.8,both_sources,corroborated,most_specific,family_inferred,strong,FtsX-like permease C-terminal | MacB-like periplasmic core domain,elsewhere in genome,,elsewhere in genome,,exact,PMM0567|PMM1006
sys_PMM0913,PMM0913,salY,permease,kegg.compound:C00242,Guanine,contains_N,kegg.compound:C00242,none,most_specific,tcdb:3.A.1,tc_family,True,homology,0.8,0.8,both_sources,corroborated,most_specific,family_inferred,strong,FtsX-like permease C-terminal | MacB-like periplasmic core domain,elsewhere in genome,,elsewhere in genome,,exact,PMM0271|PMM1122
sys_PMM0913,PMM0913,salY,permease,kegg.compound:C11110,Imidacloprid,contains_N,kegg.compound:C11110,none,most_specific,tcdb:3.A.1,tc_family,True,homology,0.8,0.8,both_sources,corroborated,most_specific,family_inferred,strong,FtsX-like permease C-terminal | MacB-like periplasmic core domain,no,,no,,none,
sys_PMM0913,PMM0913,salY,permease,kegg.compound:C00078,L-Tryptophan,contains_N,kegg.compound:C00078,none,most_specific,tcdb:3.A.1,tc_family,True,homology,0.8,0.8,both_sources,corroborated,most_specific,family_inferred,strong,FtsX-like permease C-terminal | MacB-like periplasmic core domain,elsewhere in genome,,elsewhere in genome,,exact,PMM0164|PMM0572|PMM0598
sys_PMM0913,PMM0913,salY,permease,kegg.compound:C02166,Leukotriene C4,contains_N,kegg.compound:C02166,none,most_specific,tcdb:3.A.1,tc_family,True,homology,0.8,0.8,both_sources,corroborated,most_specific,family_inferred,strong,FtsX-like permease C-terminal | MacB-like periplasmic core domain,no,,no,,none,
sys_PMM0913,PMM0913,salY,permease,kegg.compound:C06812,Lincomycin,contains_N,kegg.compound:C06812,none,most_specific,tcdb:3.A.1,tc_family,True,homology,0.8,0.8,both_sources,corroborated,most_specific,family_inferred,strong,FtsX-like permease C-terminal | MacB-like periplasmic core domain,no,,no,,none,
sys_PMM0913,PMM0913,salY,permease,kegg.compound:C06706,Lipo-oligosaccharide,no_formula,kegg.compound:C06706,none,most_specific,tcdb:3.A.1,tc_family,True,homology,0.8,0.8,both_sources,corroborated,most_specific,family_inferred,strong,FtsX-like permease C-terminal | MacB-like periplasmic core domain,no,,no,,none,
sys_PMM0913,PMM0913,salY,permease,kegg.compound:C20348,Lissamine rhodamine B,contains_N,kegg.compound:C20348,none,most_specific,tcdb:3.A.1,tc_family,True,homology,0.8,0.8,both_sources,corroborated,most_specific,family_inferred,strong,FtsX-like permease C-terminal | MacB-like periplasmic core domain,no,,no,,none,
sys_PMM0913,PMM0913,salY,permease,kegg.compound:C12871,Lopinavir,contains_N,kegg.compound:C12871,none,most_specific,tcdb:3.A.1,tc_family,True,homology,0.8,0.8,both_sources,corroborated,most_specific,family_inferred,strong,FtsX-like permease C-terminal | MacB-like periplasmic core domain,no,,no,,none,
sys_PMM0913,PMM0913,salY,permease,chebi:64120,M-factor,contains_N,chebi:64120,none,most_specific,tcdb:3.A.1,tc_family,True,homology,0.8,0.8,both_sources,corroborated,most_specific,family_inferred,strong,FtsX-like permease C-terminal | MacB-like periplasmic core domain,no,,no,,none,
sys_PMM0913,PMM0913,salY,permease,kegg.compound:C01937,Methotrexate,contains_N,kegg.compound:C01937,none,most_specific,tcdb:3.A.1,tc_family,True,homology,0.8,0.8,both_sources,corroborated,most_specific,family_inferred,strong,FtsX-like permease C-terminal | MacB-like periplasmic core domain,no,,no,,none,
sys_PMM0913,PMM0913,salY,permease,kegg.compound:C11195,Mitoxantrone,contains_N,kegg.compound:C11195,none,most_specific,tcdb:3.A.1,tc_family,True,homology,0.8,0.8,both_sources,corroborated,most_specific,family_inferred,strong,FtsX-like permease C-terminal | MacB-like periplasmic core domain,no,,no,,none,
sys_PMM0913,PMM0913,salY,permease,kegg.compound:C12030,Mycosubtilin,contains_N,kegg.compound:C12030,none,most_specific,tcdb:3.A.1,tc_family,True,homology,0.8,0.8,both_sources,corroborated,most_specific,family_inferred,strong,FtsX-like permease C-terminal | MacB-like periplasmic core domain,no,,no,,none,
sys_PMM0913,PMM0913,salY,permease,kegg.compound:C07115,Nitrogen mustard,contains_N,kegg.compound:C07115,none,most_specific,tcdb:3.A.1,tc_family,True,homology,0.8,0.8,both_sources,corroborated,most_specific,family_inferred,strong,FtsX-like permease C-terminal | MacB-like periplasmic core domain,no,,no,,none,
sys_PMM0913,PMM0913,salY,permease,kegg.compound:C09955,Ochratoxin A,contains_N,kegg.compound:C09955,none,most_specific,tcdb:3.A.1,tc_family,True,homology,0.8,0.8,both_sources,corroborated,most_specific,family_inferred,strong,FtsX-like permease C-terminal | MacB-like periplasmic core domain,no,,no,,none,
sys_PMM0913,PMM0913,salY,permease,kegg.compound:C21543,Olmesartan,contains_N,kegg.compound:C21543,none,most_specific,tcdb:3.A.1,tc_family,True,homology,0.8,0.8,both_sources,corroborated,most_specific,family_inferred,strong,FtsX-like permease C-terminal | MacB-like periplasmic core domain,no,,no,,none,
sys_PMM0913,PMM0913,salY,permease,kegg.compound:C07334,Oxacillin,contains_N,kegg.compound:C07334,none,most_specific,tcdb:3.A.1,tc_family,True,homology,0.8,0.8,both_sources,corroborated,most_specific,family_inferred,strong,FtsX-like permease C-terminal | MacB-like periplasmic core domain,no,,no,,none,
sys_PMM0913,PMM0913,salY,permease,kegg.compound:C06624,Oxytetracycline,contains_N,kegg.compound:C06624,none,most_specific,tcdb:3.A.1,tc_family,True,homology,0.8,0.8,both_sources,corroborated,most_specific,family_inferred,strong,FtsX-like permease C-terminal | MacB-like periplasmic core domain,no,,no,,none,
sys_PMM0913,PMM0913,salY,permease,kegg.compound:C07394,Paclitaxel,contains_N,kegg.compound:C07394,none,most_specific,tcdb:3.A.1,tc_family,True,homology,0.8,0.8,both_sources,corroborated,most_specific,family_inferred,strong,FtsX-like permease C-terminal | MacB-like periplasmic core domain,no,,no,,none,
sys_PMM0913,PMM0913,salY,permease,kegg.compound:C14701,Paraquat,contains_N,kegg.compound:C14701,none,most_specific,tcdb:3.A.1,tc_family,True,homology,0.8,0.8,both_sources,corroborated,most_specific,family_inferred,strong,FtsX-like permease C-terminal | MacB-like periplasmic core domain,no,,no,,none,
sys_PMM0913,PMM0913,salY,permease,kegg.compound:C00395,Penicillin,contains_N,kegg.compound:C00395,none,most_specific,tcdb:3.A.1,tc_family,True,homology,0.8,0.8,both_sources,corroborated,most_specific,family_inferred,strong,FtsX-like permease C-terminal | MacB-like periplasmic core domain,no,,no,,none,
sys_PMM0913,PMM0913,salY,permease,kegg.compound:C18021,Pheophorbide a,contains_N,kegg.compound:C18021,none,most_specific,tcdb:3.A.1,tc_family,True,homology,0.8,0.8,both_sources,corroborated,most_specific,family_inferred,strong,FtsX-like permease C-terminal | MacB-like periplasmic core domain,no,,no,,none,
sys_PMM0913,PMM0913,salY,permease,kegg.compound:C00350,Phosphatidylethanolamine,contains_N,kegg.compound:C00350,none,most_specific,tcdb:3.A.1,tc_family,True,homology,0.8,0.8,both_sources,corroborated,most_specific,family_inferred,strong,FtsX-like permease C-terminal | MacB-like periplasmic core domain,no,,no,,none,
sys_PMM0913,PMM0913,salY,permease,kegg.compound:C05113,Porphyrin,contains_N,kegg.compound:C05113,none,most_specific,tcdb:3.A.1,tc_family,True,homology,0.8,0.8,both_sources,corroborated,most_specific,family_inferred,strong,FtsX-like permease C-terminal | MacB-like periplasmic core domain,no,,no,,none,
sys_PMM0913,PMM0913,salY,permease,kegg.compound:C07368,Prazosin,contains_N,kegg.compound:C07368,none,most_specific,tcdb:3.A.1,tc_family,True,homology,0.8,0.8,both_sources,corroborated,most_specific,family_inferred,strong,FtsX-like permease C-terminal | MacB-like periplasmic core domain,no,,no,,none,
sys_PMM0913,PMM0913,salY,permease,kegg.compound:C18239,Precursor Z,contains_N,kegg.compound:C18239,none,most_specific,tcdb:3.A.1,tc_family,True,homology,0.8,0.8,both_sources,corroborated,most_specific,family_inferred,strong,FtsX-like permease C-terminal | MacB-like periplasmic core domain,no,,no,,none,
sys_PMM0913,PMM0913,salY,permease,kegg.compound:C19907,Pyrrole,contains_N,kegg.compound:C19907,none,most_specific,tcdb:3.A.1,tc_family,True,homology,0.8,0.8,both_sources,corroborated,most_specific,family_inferred,strong,FtsX-like permease C-terminal | MacB-like periplasmic core domain,no,,no,,none,
sys_PMM0913,PMM0913,salY,permease,kegg.compound:C06526,Quinine,contains_N,kegg.compound:C06526,none,most_specific,tcdb:3.A.1,tc_family,True,homology,0.8,0.8,both_sources,corroborated,most_specific,family_inferred,strong,FtsX-like permease C-terminal | MacB-like periplasmic core domain,no,,no,,none,
sys_PMM0913,PMM0913,salY,permease,kegg.compound:C14338,Quintozene,contains_N,kegg.compound:C14338,none,most_specific,tcdb:3.A.1,tc_family,True,homology,0.8,0.8,both_sources,corroborated,most_specific,family_inferred,strong,FtsX-like permease C-terminal | MacB-like periplasmic core domain,no,,no,,none,
sys_PMM0913,PMM0913,salY,permease,kegg.compound:C11177,Rhodamine 6G,contains_N,kegg.compound:C11177,none,most_specific,tcdb:3.A.1,tc_family,True,homology,0.8,0.8,both_sources,corroborated,most_specific,family_inferred,strong,FtsX-like permease C-terminal | MacB-like periplasmic core domain,no,,no,,none,
sys_PMM0913,PMM0913,salY,permease,kegg.compound:C18870,Selenodiglutathione,contains_N,kegg.compound:C18870,none,most_specific,tcdb:3.A.1,tc_family,True,homology,0.8,0.8,both_sources,corroborated,most_specific,family_inferred,strong,FtsX-like permease C-terminal | MacB-like periplasmic core domain,no,,no,,none,
sys_PMM0913,PMM0913,salY,permease,kegg.compound:C06124,Sphingosine 1-phosphate,contains_N,kegg.compound:C06124,none,most_specific,tcdb:3.A.1,tc_family,True,homology,0.8,0.8,both_sources,corroborated,most_specific,family_inferred,strong,FtsX-like permease C-terminal | MacB-like periplasmic core domain,no,,no,,none,
sys_PMM0913,PMM0913,salY,permease,kegg.compound:C07108,Tamoxifen,contains_N,kegg.compound:C07108,none,most_specific,tcdb:3.A.1,tc_family,True,homology,0.8,0.8,both_sources,corroborated,most_specific,family_inferred,strong,FtsX-like permease C-terminal | MacB-like periplasmic core domain,no,,no,,none,
sys_PMM0913,PMM0913,salY,permease,kegg.compound:C05122,Taurocholate,contains_N,kegg.compound:C05122,none,most_specific,tcdb:3.A.1,tc_family,True,homology,0.8,0.8,both_sources,corroborated,most_specific,family_inferred,strong,FtsX-like permease C-terminal | MacB-like periplasmic core domain,no,,no,,none,
sys_PMM0913,PMM0913,salY,permease,kegg.compound:C03642,Taurolithocholate sulfate,contains_N,kegg.compound:C03642,none,most_specific,tcdb:3.A.1,tc_family,True,homology,0.8,0.8,both_sources,corroborated,most_specific,family_inferred,strong,FtsX-like permease C-terminal | MacB-like periplasmic core domain,no,,no,,none,
sys_PMM0913,PMM0913,salY,permease,kegg.compound:C06707,Teichoic acid,no_formula,kegg.compound:C06707,none,most_specific,tcdb:3.A.1,tc_family,True,homology,0.8,0.8,both_sources,corroborated,most_specific,family_inferred,strong,FtsX-like permease C-terminal | MacB-like periplasmic core domain,no,,no,,none,
sys_PMM0913,PMM0913,salY,permease,kegg.compound:C08079,Terbinafine,contains_N,kegg.compound:C08079,none,most_specific,tcdb:3.A.1,tc_family,True,homology,0.8,0.8,both_sources,corroborated,most_specific,family_inferred,strong,FtsX-like permease C-terminal | MacB-like periplasmic core domain,no,,no,,none,
sys_PMM0913,PMM0913,salY,permease,kegg.compound:C11622,Tetramethylrosamine,contains_N,kegg.compound:C11622,none,most_specific,tcdb:3.A.1,tc_family,True,homology,0.8,0.8,both_sources,corroborated,most_specific,family_inferred,strong,FtsX-like permease C-terminal | MacB-like periplasmic core domain,no,,no,,none,
sys_PMM0913,PMM0913,salY,permease,kegg.compound:C01756,Thiopurine,contains_N,kegg.compound:C01756,id,most_specific,tcdb:3.A.1,tc_family,True,homology,0.8,0.8,both_sources,corroborated,most_specific,family_inferred,strong,FtsX-like permease C-terminal | MacB-like periplasmic core domain,no,,no,,none,
sys_PMM0913,PMM0913,salY,permease,kegg.compound:C00029,UDP-glucose,contains_N,kegg.compound:C00029,none,most_specific,tcdb:3.A.1,tc_family,True,homology,0.8,0.8,both_sources,corroborated,most_specific,family_inferred,strong,FtsX-like permease C-terminal | MacB-like periplasmic core domain,elsewhere in genome,,elsewhere in genome,,exact,PMM0797|PMM1209|PMM1257|PMM1261|PMM1659|PMM1665|PMM1711
sys_PMM0913,PMM0913,salY,permease,kegg.compound:C00366,Urate,contains_N,kegg.compound:C00366,none,most_specific,tcdb:3.A.1,tc_family,True,homology,0.8,0.8,both_sources,corroborated,most_specific,family_inferred,strong,FtsX-like permease C-terminal | MacB-like periplasmic core domain,no,,no,,none,
sys_PMM0913,PMM0913,salY,permease,kegg.compound:C07204,Vincristine,contains_N,kegg.compound:C07204,none,most_specific,tcdb:3.A.1,tc_family,True,homology,0.8,0.8,both_sources,corroborated,most_specific,family_inferred,strong,FtsX-like permease C-terminal | MacB-like periplasmic core domain,no,,no,,none,
sys_PMM0913,PMM0913,salY,permease,kegg.compound:C07622,Voriconazole,contains_N,kegg.compound:C07622,none,most_specific,tcdb:3.A.1,tc_family,True,homology,0.8,0.8,both_sources,corroborated,most_specific,family_inferred,strong,FtsX-like permease C-terminal | MacB-like periplasmic core domain,no,,no,,none,
sys_PMM0913,PMM0913,salY,permease,kegg.compound:C07207,Zalcitabine,contains_N,kegg.compound:C07207,none,most_specific,tcdb:3.A.1,tc_family,True,homology,0.8,0.8,both_sources,corroborated,most_specific,family_inferred,strong,FtsX-like permease C-terminal | MacB-like periplasmic core domain,no,,no,,none,
sys_PMM0913,PMM0913,salY,permease,kegg.compound:C02471,[Glu(-Cys)]n-Gly,contains_N,kegg.compound:C02471,none,most_specific,tcdb:3.A.1,tc_family,True,homology,0.8,0.8,both_sources,corroborated,most_specific,family_inferred,strong,FtsX-like permease C-terminal | MacB-like periplasmic core domain,no,,no,,none,
sys_PMM0913,PMM0913,salY,permease,chebi:12487,a ceramide,contains_N,chebi:12487,none,most_specific,tcdb:3.A.1,tc_family,True,homology,0.8,0.8,both_sources,corroborated,most_specific,family_inferred,strong,FtsX-like permease C-terminal | MacB-like periplasmic core domain,no,,no,,none,
sys_PMM0913,PMM0913,salY,permease,chebi:25213,a metal cation,no_formula,chebi:25213,none,most_specific,tcdb:3.A.1,tc_family,True,homology,0.8,0.8,both_sources,corroborated,most_specific,family_inferred,strong,FtsX-like permease C-terminal | MacB-like periplasmic core domain,no,,no,,none,
sys_PMM0913,PMM0913,salY,permease,chebi:22153,acaricide,no_formula,chebi:22153,none,most_specific,tcdb:3.A.1,tc_family,True,homology,0.8,0.8,both_sources,corroborated,most_specific,family_inferred,strong,FtsX-like permease C-terminal | MacB-like periplasmic core domain,no,,no,,none,
sys_PMM0913,PMM0913,salY,permease,chebi:22218,actinomycin D,contains_N,chebi:22218,none,most_specific,tcdb:3.A.1,tc_family,True,homology,0.8,0.8,both_sources,corroborated,most_specific,family_inferred,strong,FtsX-like permease C-terminal | MacB-like periplasmic core domain,no,,no,,none,
sys_PMM0913,PMM0913,salY,permease,chebi:13727,acyl-CoA,contains_N,chebi:13727,name_soft,most_specific,tcdb:3.A.1,tc_family,True,homology,0.8,0.8,both_sources,corroborated,most_specific,family_inferred,strong,FtsX-like permease C-terminal | MacB-like periplasmic core domain,elsewhere in genome,,elsewhere in genome,,name_soft,PMM0135|PMM0138|PMM1108|PMM1327
sys_PMM0913,PMM0913,salY,permease,chebi:22315,alkaloid,no_formula,chebi:22315,none,most_specific,tcdb:3.A.1,tc_family,True,homology,0.8,0.8,both_sources,corroborated,most_specific,family_inferred,strong,FtsX-like permease C-terminal | MacB-like periplasmic core domain,no,,no,,none,
sys_PMM0913,PMM0913,salY,permease,chebi:47344,alvocidib,contains_N,chebi:47344,none,most_specific,tcdb:3.A.1,tc_family,True,homology,0.8,0.8,both_sources,corroborated,most_specific,family_inferred,strong,FtsX-like permease C-terminal | MacB-like periplasmic core domain,no,,no,,none,
sys_PMM0913,PMM0913,salY,permease,chebi:31779,amorolfine(1+),contains_N,chebi:31779,none,most_specific,tcdb:3.A.1,tc_family,True,homology,0.8,0.8,both_sources,corroborated,most_specific,family_inferred,strong,FtsX-like permease C-terminal | MacB-like periplasmic core domain,no,,no,,none,
sys_PMM0913,PMM0913,salY,permease,chebi:59941,amphiphile,no_formula,chebi:59941,none,most_specific,tcdb:3.A.1,tc_family,True,homology,0.8,0.8,both_sources,corroborated,most_specific,family_inferred,strong,FtsX-like permease C-terminal | MacB-like periplasmic core domain,no,,no,,none,
sys_PMM0913,PMM0913,salY,permease,chebi:53002,amyloid-beta,no_formula,chebi:53002,none,most_specific,tcdb:3.A.1,tc_family,True,homology,0.8,0.8,both_sources,corroborated,most_specific,family_inferred,strong,FtsX-like permease C-terminal | MacB-like periplasmic core domain,no,,no,,none,
sys_PMM0913,PMM0913,salY,permease,chebi:87208,anilinopyrimidine fungicide,no_formula,chebi:87208,none,most_specific,tcdb:3.A.1,tc_family,True,homology,0.8,0.8,both_sources,corroborated,most_specific,family_inferred,strong,FtsX-like permease C-terminal | MacB-like periplasmic core domain,no,,no,,none,
sys_PMM0913,PMM0913,salY,permease,chebi:22563,anion,no_formula,chebi:22563,none,most_specific,tcdb:3.A.1,tc_family,True,homology,0.8,0.8,both_sources,corroborated,most_specific,family_inferred,strong,FtsX-like permease C-terminal | MacB-like periplasmic core domain,no,,no,,none,
sys_PMM0913,PMM0913,salY,permease,chebi:35218,anthocyanin cation,no_formula,chebi:35218,none,most_specific,tcdb:3.A.1,tc_family,True,homology,0.8,0.8,both_sources,corroborated,most_specific,family_inferred,strong,FtsX-like permease C-terminal | MacB-like periplasmic core domain,no,,no,,none,
sys_PMM0913,PMM0913,salY,permease,chebi:48120,anthracycline,no_formula,chebi:48120,none,most_specific,tcdb:3.A.1,tc_family,True,homology,0.8,0.8,both_sources,corroborated,most_specific,family_inferred,strong,FtsX-like permease C-terminal | MacB-like periplasmic core domain,no,,no,,none,
sys_PMM0913,PMM0913,salY,permease,chebi:22573,anthracycline antibiotic,no_formula,chebi:22573,none,most_specific,tcdb:3.A.1,tc_family,True,homology,0.8,0.8,both_sources,corroborated,most_specific,family_inferred,strong,FtsX-like permease C-terminal | MacB-like periplasmic core domain,no,,no,,none,
sys_PMM0913,PMM0913,salY,permease,chebi:35469,antidepressant,no_formula,chebi:35469,none,most_specific,tcdb:3.A.1,tc_family,True,homology,0.8,0.8,both_sources,corroborated,most_specific,family_inferred,strong,FtsX-like permease C-terminal | MacB-like periplasmic core domain,no,,no,,none,
sys_PMM0913,PMM0913,salY,permease,chebi:50919,antiemetic,no_formula,chebi:50919,none,most_specific,tcdb:3.A.1,tc_family,True,homology,0.8,0.8,both_sources,corroborated,most_specific,family_inferred,strong,FtsX-like permease C-terminal | MacB-like periplasmic core domain,no,,no,,none,
sys_PMM0913,PMM0913,salY,permease,chebi:73913,antifolate,no_formula,chebi:73913,none,most_specific,tcdb:3.A.1,tc_family,True,homology,0.8,0.8,both_sources,corroborated,most_specific,family_inferred,strong,FtsX-like permease C-terminal | MacB-like periplasmic core domain,no,,no,,none,
sys_PMM0913,PMM0913,salY,permease,chebi:35718,antifungal agent,no_formula,chebi:35718,none,most_specific,tcdb:3.A.1,tc_family,True,homology,0.8,0.8,both_sources,corroborated,most_specific,family_inferred,strong,FtsX-like permease C-terminal | MacB-like periplasmic core domain,no,,no,,none,
sys_PMM0913,PMM0913,salY,permease,chebi:30304,antimony(0),no_formula,chebi:30304,none,most_specific,tcdb:3.A.1,tc_family,True,homology,0.8,0.8,both_sources,corroborated,most_specific,family_inferred,strong,FtsX-like permease C-terminal | MacB-like periplasmic core domain,no,,no,,none,
sys_PMM0913,PMM0913,salY,permease,chebi:35610,antineoplastic agent,no_formula,chebi:35610,none,most_specific,tcdb:3.A.1,tc_family,True,homology,0.8,0.8,both_sources,corroborated,most_specific,family_inferred,strong,FtsX-like permease C-terminal | MacB-like periplasmic core domain,no,,no,,none,
sys_PMM0913,PMM0913,salY,permease,chebi:22587,antiviral agent,no_formula,chebi:22587,none,most_specific,tcdb:3.A.1,tc_family,True,homology,0.8,0.8,both_sources,corroborated,most_specific,family_inferred,strong,FtsX-like permease C-terminal | MacB-like periplasmic core domain,no,,no,,none,
sys_PMM0913,PMM0913,salY,permease,chebi:53183,apo carotenoid,no_formula,chebi:53183,none,most_specific,tcdb:3.A.1,tc_family,True,homology,0.8,0.8,both_sources,corroborated,most_specific,family_inferred,strong,FtsX-like permease C-terminal | MacB-like periplasmic core domain,no,,no,,none,
sys_PMM0913,PMM0913,salY,permease,chebi:22676,auxin,no_formula,chebi:22676,none,most_specific,tcdb:3.A.1,tc_family,True,homology,0.8,0.8,both_sources,corroborated,most_specific,family_inferred,strong,FtsX-like permease C-terminal | MacB-like periplasmic core domain,no,,no,,none,
sys_PMM0913,PMM0913,salY,permease,chebi:68452,azole,no_formula,chebi:68452,none,most_specific,tcdb:3.A.1,tc_family,True,homology,0.8,0.8,both_sources,corroborated,most_specific,family_inferred,strong,FtsX-like permease C-terminal | MacB-like periplasmic core domain,no,,no,,none,
sys_PMM0913,PMM0913,salY,permease,chebi:33836,benzenoid aromatic compound,no_formula,chebi:33836,none,most_specific,tcdb:3.A.1,tc_family,True,homology,0.8,0.8,both_sources,corroborated,most_specific,family_inferred,strong,FtsX-like permease C-terminal | MacB-like periplasmic core domain,no,,no,,none,
sys_PMM0913,PMM0913,salY,permease,kegg.compound:C03438,beta-Lactam antibiotics,contains_N,kegg.compound:C03438,none,most_specific,tcdb:3.A.1,tc_family,True,homology,0.8,0.8,both_sources,corroborated,most_specific,family_inferred,strong,FtsX-like permease C-terminal | MacB-like periplasmic core domain,no,,no,,none,
sys_PMM0913,PMM0913,salY,permease,chebi:36255,bile acid glycine conjugate,no_formula,chebi:36255,none,most_specific,tcdb:3.A.1,tc_family,True,homology,0.8,0.8,both_sources,corroborated,most_specific,family_inferred,strong,FtsX-like permease C-terminal | MacB-like periplasmic core domain,no,,no,,none,
sys_PMM0913,PMM0913,salY,permease,chebi:36277,bile acid salt,no_formula,chebi:36277,none,most_specific,tcdb:3.A.1,tc_family,True,homology,0.8,0.8,both_sources,corroborated,most_specific,family_inferred,strong,FtsX-like permease C-terminal | MacB-like periplasmic core domain,no,,no,,none,
sys_PMM0913,PMM0913,salY,permease,chebi:23219,bile acid taurine conjugate,no_formula,chebi:23219,none,most_specific,tcdb:3.A.1,tc_family,True,homology,0.8,0.8,both_sources,corroborated,most_specific,family_inferred,strong,FtsX-like permease C-terminal | MacB-like periplasmic core domain,no,,no,,none,
sys_PMM0913,PMM0913,salY,permease,chebi:26130,biological pigment,no_formula,chebi:26130,none,most_specific,tcdb:3.A.1,tc_family,True,homology,0.8,0.8,both_sources,corroborated,most_specific,family_inferred,strong,FtsX-like permease C-terminal | MacB-like periplasmic core domain,no,,no,,none,
sys_PMM0913,PMM0913,salY,permease,chebi:36565,cadmium coordination entity,no_formula,chebi:36565,none,most_specific,tcdb:3.A.1,tc_family,True,homology,0.8,0.8,both_sources,corroborated,most_specific,family_inferred,strong,FtsX-like permease C-terminal | MacB-like periplasmic core domain,no,,no,,none,
sys_PMM0913,PMM0913,salY,permease,chebi:474180,caspofungin,contains_N,chebi:474180,none,most_specific,tcdb:3.A.1,tc_family,True,homology,0.8,0.8,both_sources,corroborated,most_specific,family_inferred,strong,FtsX-like permease C-terminal | MacB-like periplasmic core domain,no,,no,,none,
sys_PMM0913,PMM0913,salY,permease,chebi:315019,cilofungin,contains_N,chebi:315019,none,most_specific,tcdb:3.A.1,tc_family,True,homology,0.8,0.8,both_sources,corroborated,most_specific,family_inferred,strong,FtsX-like permease C-terminal | MacB-like periplasmic core domain,no,,no,,none,
sys_PMM0913,PMM0913,salY,permease,chebi:23403,coumarins,no_formula,chebi:23403,none,most_specific,tcdb:3.A.1,tc_family,True,homology,0.8,0.8,both_sources,corroborated,most_specific,family_inferred,strong,FtsX-like permease C-terminal | MacB-like periplasmic core domain,no,,no,,none,
sys_PMM0913,PMM0913,salY,permease,chebi:23447,cyclic nucleotide,no_formula,chebi:23447,none,most_specific,tcdb:3.A.1,tc_family,True,homology,0.8,0.8,both_sources,corroborated,most_specific,family_inferred,strong,FtsX-like permease C-terminal | MacB-like periplasmic core domain,no,,no,,none,
sys_PMM0913,PMM0913,salY,permease,chebi:23530,cytokinin,no_formula,chebi:23530,none,most_specific,tcdb:3.A.1,tc_family,True,homology,0.8,0.8,both_sources,corroborated,most_specific,family_inferred,strong,FtsX-like permease C-terminal | MacB-like periplasmic core domain,no,,no,,none,
sys_PMM0913,PMM0913,salY,permease,chebi:61152,desferriexochelin 772MS,contains_N,chebi:61152,none,most_specific,tcdb:3.A.1,tc_family,True,homology,0.8,0.8,both_sources,corroborated,most_specific,family_inferred,strong,FtsX-like permease C-terminal | MacB-like periplasmic core domain,no,,no,,none,
sys_PMM0913,PMM0913,salY,permease,chebi:83947,diazaborine derivative,no_formula,chebi:83947,none,most_specific,tcdb:3.A.1,tc_family,True,homology,0.8,0.8,both_sources,corroborated,most_specific,family_inferred,strong,FtsX-like permease C-terminal | MacB-like periplasmic core domain,no,,no,,none,
sys_PMM0913,PMM0913,salY,permease,chebi:35356,dicarboximide,contains_N,chebi:35356,none,most_specific,tcdb:3.A.1,tc_family,True,homology,0.8,0.8,both_sources,corroborated,most_specific,family_inferred,strong,FtsX-like permease C-terminal | MacB-like periplasmic core domain,no,,no,,none,
sys_PMM0913,PMM0913,salY,permease,chebi:39352,dinitrophenol,no_formula,chebi:39352,none,most_specific,tcdb:3.A.1,tc_family,True,homology,0.8,0.8,both_sources,corroborated,most_specific,family_inferred,strong,FtsX-like permease C-terminal | MacB-like periplasmic core domain,no,,no,,none,
sys_PMM0913,PMM0913,salY,permease,chebi:48103,dinucleotide analogue,no_formula,chebi:48103,none,most_specific,tcdb:3.A.1,tc_family,True,homology,0.8,0.8,both_sources,corroborated,most_specific,family_inferred,strong,FtsX-like permease C-terminal | MacB-like periplasmic core domain,no,,no,,none,
sys_PMM0913,PMM0913,salY,permease,chebi:35190,diterpene,no_formula,chebi:35190,none,most_specific,tcdb:3.A.1,tc_family,True,homology,0.8,0.8,both_sources,corroborated,most_specific,family_inferred,strong,FtsX-like permease C-terminal | MacB-like periplasmic core domain,no,,no,,none,
sys_PMM0913,PMM0913,salY,permease,chebi:59809,docetaxel trihydrate,contains_N,chebi:59809,none,most_specific,tcdb:3.A.1,tc_family,True,homology,0.8,0.8,both_sources,corroborated,most_specific,family_inferred,strong,FtsX-like permease C-terminal | MacB-like periplasmic core domain,no,,no,,none,
sys_PMM0913,PMM0913,salY,permease,chebi:64611,ether lipid,no_formula,chebi:64611,none,most_specific,tcdb:3.A.1,tc_family,True,homology,0.8,0.8,both_sources,corroborated,most_specific,family_inferred,strong,FtsX-like permease C-terminal | MacB-like periplasmic core domain,no,,no,,none,
sys_PMM0913,PMM0913,salY,permease,chebi:133462,firefly D-sulfoluciferin,contains_N,chebi:133462,none,most_specific,tcdb:3.A.1,tc_family,True,homology,0.8,0.8,both_sources,corroborated,most_specific,family_inferred,strong,FtsX-like permease C-terminal | MacB-like periplasmic core domain,no,,no,,none,
sys_PMM0913,PMM0913,salY,permease,chebi:87211,fluoroquinolone antibiotic,no_formula,chebi:87211,none,most_specific,tcdb:3.A.1,tc_family,True,homology,0.8,0.8,both_sources,corroborated,most_specific,family_inferred,strong,FtsX-like permease C-terminal | MacB-like periplasmic core domain,no,,no,,none,
sys_PMM0913,PMM0913,salY,permease,chebi:38224,fumonisin,no_formula,chebi:38224,none,most_specific,tcdb:3.A.1,tc_family,True,homology,0.8,0.8,both_sources,corroborated,most_specific,family_inferred,strong,FtsX-like permease C-terminal | MacB-like periplasmic core domain,no,,no,,none,
sys_PMM0913,PMM0913,salY,permease,chebi:24127,fungicide,no_formula,chebi:24127,none,most_specific,tcdb:3.A.1,tc_family,True,homology,0.8,0.8,both_sources,corroborated,most_specific,family_inferred,strong,FtsX-like permease C-terminal | MacB-like periplasmic core domain,no,,no,,none,
sys_PMM0913,PMM0913,salY,permease,chebi:24255,glucan,no_formula,chebi:24255,none,most_specific,tcdb:3.A.1,tc_family,True,homology,0.8,0.8,both_sources,corroborated,most_specific,family_inferred,strong,FtsX-like permease C-terminal | MacB-like periplasmic core domain,no,,no,,none,
sys_PMM0913,PMM0913,salY,permease,chebi:24279,glucosinolate,contains_N,chebi:24279,none,most_specific,tcdb:3.A.1,tc_family,True,homology,0.8,0.8,both_sources,corroborated,most_specific,family_inferred,strong,FtsX-like permease C-terminal | MacB-like periplasmic core domain,no,,no,,none,
sys_PMM0913,PMM0913,salY,permease,chebi:24335,glutathione conjugate,no_formula,chebi:24335,none,most_specific,tcdb:3.A.1,tc_family,True,homology,0.8,0.8,both_sources,corroborated,most_specific,family_inferred,strong,FtsX-like permease C-terminal | MacB-like periplasmic core domain,no,,no,,none,
sys_PMM0913,PMM0913,salY,permease,chebi:24337,glutathione derivative,no_formula,chebi:24337,none,most_specific,tcdb:3.A.1,tc_family,True,homology,0.8,0.8,both_sources,corroborated,most_specific,family_inferred,strong,FtsX-like permease C-terminal | MacB-like periplasmic core domain,no,,no,,none,
sys_PMM0913,PMM0913,salY,permease,chebi:24527,herbicide,no_formula,chebi:24527,none,most_specific,tcdb:3.A.1,tc_family,True,homology,0.8,0.8,both_sources,corroborated,most_specific,family_inferred,strong,FtsX-like permease C-terminal | MacB-like periplasmic core domain,no,,no,,none,
sys_PMM0913,PMM0913,salY,permease,chebi:37957,histaminergic drug,no_formula,chebi:37957,none,most_specific,tcdb:3.A.1,tc_family,True,homology,0.8,0.8,both_sources,corroborated,most_specific,family_inferred,strong,FtsX-like permease C-terminal | MacB-like periplasmic core domain,no,,no,,none,
sys_PMM0913,PMM0913,salY,permease,chebi:76612,ibrutinib,contains_N,chebi:76612,none,most_specific,tcdb:3.A.1,tc_family,True,homology,0.8,0.8,both_sources,corroborated,most_specific,family_inferred,strong,FtsX-like permease C-terminal | MacB-like periplasmic core domain,no,,no,,none,
sys_PMM0913,PMM0913,salY,permease,chebi:50753,isoflavonoid,no_formula,chebi:50753,none,most_specific,tcdb:3.A.1,tc_family,True,homology,0.8,0.8,both_sources,corroborated,most_specific,family_inferred,strong,FtsX-like permease C-terminal | MacB-like periplasmic core domain,no,,no,,none,
sys_PMM0913,PMM0913,salY,permease,chebi:6076,itraconazole,contains_N,chebi:6076,none,most_specific,tcdb:3.A.1,tc_family,True,homology,0.8,0.8,both_sources,corroborated,most_specific,family_inferred,strong,FtsX-like permease C-terminal | MacB-like periplasmic core domain,no,,no,,none,
sys_PMM0913,PMM0913,salY,permease,chebi:6104,kanamycin,no_formula,chebi:6104,none,most_specific,tcdb:3.A.1,tc_family,True,homology,0.8,0.8,both_sources,corroborated,most_specific,family_inferred,strong,FtsX-like permease C-terminal | MacB-like periplasmic core domain,no,,no,,none,
sys_PMM0913,PMM0913,salY,permease,chebi:25029,leukotriene,no_formula,chebi:25029,none,most_specific,tcdb:3.A.1,tc_family,True,homology,0.8,0.8,both_sources,corroborated,most_specific,family_inferred,strong,FtsX-like permease C-terminal | MacB-like periplasmic core domain,no,,no,,none,
sys_PMM0913,PMM0913,salY,permease,chebi:63609,mefloquine,no_formula,chebi:63609,none,most_specific,tcdb:3.A.1,tc_family,True,homology,0.8,0.8,both_sources,corroborated,most_specific,family_inferred,strong,FtsX-like permease C-terminal | MacB-like periplasmic core domain,no,,no,,none,
sys_PMM0913,PMM0913,salY,permease,chebi:71658,mersacidin,contains_N,chebi:71658,none,most_specific,tcdb:3.A.1,tc_family,True,homology,0.8,0.8,both_sources,corroborated,most_specific,family_inferred,strong,FtsX-like permease C-terminal | MacB-like periplasmic core domain,no,,no,,none,
sys_PMM0913,PMM0913,salY,permease,chebi:25212,metabolite,no_formula,chebi:25212,none,most_specific,tcdb:3.A.1,tc_family,True,homology,0.8,0.8,both_sources,corroborated,most_specific,family_inferred,strong,FtsX-like permease C-terminal | MacB-like periplasmic core domain,no,,no,,none,
sys_PMM0913,PMM0913,salY,permease,chebi:52155,mitoTracker Orange,contains_N,chebi:52155,none,most_specific,tcdb:3.A.1,tc_family,True,homology,0.8,0.8,both_sources,corroborated,most_specific,family_inferred,strong,FtsX-like permease C-terminal | MacB-like periplasmic core domain,no,,no,,none,
sys_PMM0913,PMM0913,salY,permease,chebi:25367,molecule,no_formula,chebi:25367,none,most_specific,tcdb:3.A.1,tc_family,True,homology,0.8,0.8,both_sources,corroborated,most_specific,family_inferred,strong,FtsX-like permease C-terminal | MacB-like periplasmic core domain,no,,no,,none,
sys_PMM0913,PMM0913,salY,permease,chebi:64477,monolignol,no_formula,chebi:64477,none,most_specific,tcdb:3.A.1,tc_family,True,homology,0.8,0.8,both_sources,corroborated,most_specific,family_inferred,strong,FtsX-like permease C-terminal | MacB-like periplasmic core domain,no,,no,,none,
sys_PMM0913,PMM0913,salY,permease,chebi:25435,mutagen,no_formula,chebi:25435,none,most_specific,tcdb:3.A.1,tc_family,True,homology,0.8,0.8,both_sources,corroborated,most_specific,family_inferred,strong,FtsX-like permease C-terminal | MacB-like periplasmic core domain,no,,no,,none,
sys_PMM0913,PMM0913,salY,permease,chebi:83164,non-polar lipid,no_formula,chebi:83164,none,most_specific,tcdb:3.A.1,tc_family,True,homology,0.8,0.8,both_sources,corroborated,most_specific,family_inferred,strong,FtsX-like permease C-terminal | MacB-like periplasmic core domain,no,,no,,none,
sys_PMM0913,PMM0913,salY,permease,chebi:35475,non-steroidal anti-inflammatory drug,no_formula,chebi:35475,none,most_specific,tcdb:3.A.1,tc_family,True,homology,0.8,0.8,both_sources,corroborated,most_specific,family_inferred,strong,FtsX-like permease C-terminal | MacB-like periplasmic core domain,no,,no,,none,
sys_PMM0913,PMM0913,salY,permease,chebi:60783,nucleoside analogue,no_formula,chebi:60783,none,most_specific,tcdb:3.A.1,tc_family,True,homology,0.8,0.8,both_sources,corroborated,most_specific,family_inferred,strong,FtsX-like permease C-terminal | MacB-like periplasmic core domain,no,,no,,none,
sys_PMM0913,PMM0913,salY,permease,chebi:25696,organic anion,no_formula,chebi:25696,none,most_specific,tcdb:3.A.1,tc_family,True,homology,0.8,0.8,both_sources,corroborated,most_specific,family_inferred,strong,FtsX-like permease C-terminal | MacB-like periplasmic core domain,no,,no,,none,
sys_PMM0913,PMM0913,salY,permease,chebi:25697,organic cation,no_formula,chebi:25697,none,most_specific,tcdb:3.A.1,tc_family,True,homology,0.8,0.8,both_sources,corroborated,most_specific,family_inferred,strong,FtsX-like permease C-terminal | MacB-like periplasmic core domain,no,,no,,none,
sys_PMM0913,PMM0913,salY,permease,chebi:14739,pantothenic acid,contains_N,chebi:14739,none,most_specific,tcdb:3.A.1,tc_family,True,homology,0.8,0.8,both_sources,corroborated,most_specific,family_inferred,strong,FtsX-like permease C-terminal | MacB-like periplasmic core domain,no,,no,,none,
sys_PMM0913,PMM0913,salY,permease,chebi:26004,phenylpropanoid,no_formula,chebi:26004,none,most_specific,tcdb:3.A.1,tc_family,True,homology,0.8,0.8,both_sources,corroborated,most_specific,family_inferred,strong,FtsX-like permease C-terminal | MacB-like periplasmic core domain,no,,no,,none,
sys_PMM0913,PMM0913,salY,permease,chebi:26115,phytoalexin,no_formula,chebi:26115,none,most_specific,tcdb:3.A.1,tc_family,True,homology,0.8,0.8,both_sources,corroborated,most_specific,family_inferred,strong,FtsX-like permease C-terminal | MacB-like periplasmic core domain,no,,no,,none,
sys_PMM0913,PMM0913,salY,permease,chebi:26158,plant hormone,no_formula,chebi:26158,none,most_specific,tcdb:3.A.1,tc_family,True,homology,0.8,0.8,both_sources,corroborated,most_specific,family_inferred,strong,FtsX-like permease C-terminal | MacB-like periplasmic core domain,no,,no,,none,
sys_PMM0913,PMM0913,salY,permease,chebi:53720,poly(sulfide) macromolecule,no_formula,chebi:53720,none,most_specific,tcdb:3.A.1,tc_family,True,homology,0.8,0.8,both_sources,corroborated,most_specific,family_inferred,strong,FtsX-like permease C-terminal | MacB-like periplasmic core domain,no,,no,,none,
sys_PMM0913,PMM0913,salY,permease,chebi:33848,polycyclic arene,no_formula,chebi:33848,none,most_specific,tcdb:3.A.1,tc_family,True,homology,0.8,0.8,both_sources,corroborated,most_specific,family_inferred,strong,FtsX-like permease C-terminal | MacB-like periplasmic core domain,no,,no,,none,
sys_PMM0913,PMM0913,salY,permease,chebi:85274,pristinamycin,no_formula,chebi:85274,none,most_specific,tcdb:3.A.1,tc_family,True,homology,0.8,0.8,both_sources,corroborated,most_specific,family_inferred,strong,FtsX-like permease C-terminal | MacB-like periplasmic core domain,no,,no,,none,
sys_PMM0913,PMM0913,salY,permease,chebi:26413,pyrethroid insecticide,no_formula,chebi:26413,none,most_specific,tcdb:3.A.1,tc_family,True,homology,0.8,0.8,both_sources,corroborated,most_specific,family_inferred,strong,FtsX-like permease C-terminal | MacB-like periplasmic core domain,no,,no,,none,
sys_PMM0913,PMM0913,salY,permease,chebi:23765,quinolone,no_formula,chebi:23765,none,most_specific,tcdb:3.A.1,tc_family,True,homology,0.8,0.8,both_sources,corroborated,most_specific,family_inferred,strong,FtsX-like permease C-terminal | MacB-like periplasmic core domain,no,,no,,none,
sys_PMM0913,PMM0913,salY,permease,chebi:58716,red chlorophyll catabolite,contains_N,chebi:58716,none,most_specific,tcdb:3.A.1,tc_family,True,homology,0.8,0.8,both_sources,corroborated,most_specific,family_inferred,strong,FtsX-like permease C-terminal | MacB-like periplasmic core domain,no,,no,,none,
sys_PMM0913,PMM0913,salY,permease,chebi:26537,retinoid,no_formula,chebi:26537,none,most_specific,tcdb:3.A.1,tc_family,True,homology,0.8,0.8,both_sources,corroborated,most_specific,family_inferred,strong,FtsX-like permease C-terminal | MacB-like periplasmic core domain,no,,no,,none,
sys_PMM0913,PMM0913,salY,permease,chebi:8828,rhodamine 123,contains_N,chebi:8828,none,most_specific,tcdb:3.A.1,tc_family,True,homology,0.8,0.8,both_sources,corroborated,most_specific,family_inferred,strong,FtsX-like permease C-terminal | MacB-like periplasmic core domain,no,,no,,none,
sys_PMM0913,PMM0913,salY,permease,chebi:38545,rosuvastatin,contains_N,chebi:38545,none,most_specific,tcdb:3.A.1,tc_family,True,homology,0.8,0.8,both_sources,corroborated,most_specific,family_inferred,strong,FtsX-like permease C-terminal | MacB-like periplasmic core domain,no,,no,,none,
sys_PMM0913,PMM0913,salY,permease,chebi:26658,sesquiterpenoid,no_formula,chebi:26658,none,most_specific,tcdb:3.A.1,tc_family,True,homology,0.8,0.8,both_sources,corroborated,most_specific,family_inferred,strong,FtsX-like permease C-terminal | MacB-like periplasmic core domain,no,,no,,none,
sys_PMM0913,PMM0913,salY,permease,chebi:50112,sex hormone,no_formula,chebi:50112,none,most_specific,tcdb:3.A.1,tc_family,True,homology,0.8,0.8,both_sources,corroborated,most_specific,family_inferred,strong,FtsX-like permease C-terminal | MacB-like periplasmic core domain,no,,no,,none,
sys_PMM0913,PMM0913,salY,permease,chebi:87631,statin,no_formula,chebi:87631,none,most_specific,tcdb:3.A.1,tc_family,True,homology,0.8,0.8,both_sources,corroborated,most_specific,family_inferred,strong,FtsX-like permease C-terminal | MacB-like periplasmic core domain,no,,no,,none,
sys_PMM0913,PMM0913,salY,permease,chebi:26764,steroid hormone,no_formula,chebi:26764,none,most_specific,tcdb:3.A.1,tc_family,True,homology,0.8,0.8,both_sources,corroborated,most_specific,family_inferred,strong,FtsX-like permease C-terminal | MacB-like periplasmic core domain,no,,no,,none,
sys_PMM0913,PMM0913,salY,permease,chebi:68487,strigolactone,no_formula,chebi:68487,none,most_specific,tcdb:3.A.1,tc_family,True,homology,0.8,0.8,both_sources,corroborated,most_specific,family_inferred,strong,FtsX-like permease C-terminal | MacB-like periplasmic core domain,no,,no,,none,
sys_PMM0913,PMM0913,salY,permease,chebi:35195,surfactant,no_formula,chebi:35195,none,most_specific,tcdb:3.A.1,tc_family,True,homology,0.8,0.8,both_sources,corroborated,most_specific,family_inferred,strong,FtsX-like permease C-terminal | MacB-like periplasmic core domain,no,,no,,none,
sys_PMM0913,PMM0913,salY,permease,chebi:35186,terpene,no_formula,chebi:35186,none,most_specific,tcdb:3.A.1,tc_family,True,homology,0.8,0.8,both_sources,corroborated,most_specific,family_inferred,strong,FtsX-like permease C-terminal | MacB-like periplasmic core domain,no,,no,,none,
sys_PMM0913,PMM0913,salY,permease,chebi:30637,thiazole,contains_N,chebi:30637,none,most_specific,tcdb:3.A.1,tc_family,True,homology,0.8,0.8,both_sources,corroborated,most_specific,family_inferred,strong,FtsX-like permease C-terminal | MacB-like periplasmic core domain,no,,no,,none,
sys_PMM0913,PMM0913,salY,permease,chebi:27026,toxin,no_formula,chebi:27026,none,most_specific,tcdb:3.A.1,tc_family,True,homology,0.8,0.8,both_sources,corroborated,most_specific,family_inferred,strong,FtsX-like permease C-terminal | MacB-like periplasmic core domain,no,,no,,none,
sys_PMM0913,PMM0913,salY,permease,chebi:29702,undecylprodigiosin,contains_N,chebi:29702,none,most_specific,tcdb:3.A.1,tc_family,True,homology,0.8,0.8,both_sources,corroborated,most_specific,family_inferred,strong,FtsX-like permease C-terminal | MacB-like periplasmic core domain,no,,no,,none,
sys_PMM0913,PMM0913,salY,permease,chebi:27288,vinca alkaloid,no_formula,chebi:27288,none,most_specific,tcdb:3.A.1,tc_family,True,homology,0.8,0.8,both_sources,corroborated,most_specific,family_inferred,strong,FtsX-like permease C-terminal | MacB-like periplasmic core domain,no,,no,,none,
sys_PMM0913,PMM0913,salY,permease,chebi:134179,volatile organic compound,no_formula,chebi:134179,none,most_specific,tcdb:3.A.1,tc_family,True,homology,0.8,0.8,both_sources,corroborated,most_specific,family_inferred,strong,FtsX-like permease C-terminal | MacB-like periplasmic core domain,no,,no,,none,
sys_PMM0913,PMM0913,salY,permease,chebi:73702,wax,no_formula,chebi:73702,none,most_specific,tcdb:3.A.1,tc_family,True,homology,0.8,0.8,both_sources,corroborated,most_specific,family_inferred,strong,FtsX-like permease C-terminal | MacB-like periplasmic core domain,no,,no,,none,
sys_PMM0913,PMM0913,salY,permease,chebi:10074,xenobiotic,no_formula,chebi:10074,none,most_specific,tcdb:3.A.1,tc_family,True,homology,0.8,0.8,both_sources,corroborated,most_specific,family_inferred,strong,FtsX-like permease C-terminal | MacB-like periplasmic core domain,no,,no,,none,
sys_PMM0970,PMM0974,urtE,atpase,chebi:14520,lipopolysaccharide,no_formula,chebi:14520,none,inherited,tcdb:1.B.42,tc_family,False,homology,0.0,0.0,single_source,uncorroborated,most_specific,resolved,strong,ABC transporter,no,,no,,none,
