locus_tag,log2fc,expression_status,timepoint
ACZ81_19860,5.87598133087158,significant_up,day 31
ACZ81_15955,5.2395035425822,significant_up,day 31
ACZ81_02460,4.84160772959391,significant_up,day 31
ACZ81_11930,4.81805578867595,significant_up,day 31
ACZ81_05030,4.80663522084554,significant_up,day 31
ACZ81_05070,4.75572935740153,significant_up,day 31
ACZ81_17395,4.63555876413981,significant_up,day 31
ACZ81_03785,4.6351302464803,significant_up,day 31
ACZ81_04190,4.63504632314046,significant_up,day 31
ACZ81_05530,4.62650330861408,significant_up,day 31
ACZ81_17190,-4.61417802174886,significant_down,day 31
ACZ81_12760,4.51179917653402,significant_up,day 31
ACZ81_18270,4.50348567962646,significant_up,day 31
ACZ81_10585,4.48564116160075,significant_up,day 31
ACZ81_18550,4.47350152333577,significant_up,day 31
ACZ81_13925,4.46899827321371,significant_up,day 31
ACZ81_08720,4.45464166005453,significant_up,day 31
ACZ81_01830,4.45361614227295,significant_up,day 31
ACZ81_03900,4.42990144093832,significant_up,day 31
ACZ81_14810,4.42374642690023,significant_up,day 31
ACZ81_13955,4.41903845469156,significant_up,day 31
ACZ81_05015,4.41190814971924,significant_up,day 31
ACZ81_11100,4.40796248118083,significant_up,day 31
ACZ81_03260,4.40776348114014,significant_up,day 31
ACZ81_12230,4.40446440378825,significant_up,day 31
ACZ81_15720,4.37633101145426,significant_up,day 31
ACZ81_16065,4.37618287404378,significant_up,day 31
ACZ81_17980,4.37600421905518,significant_up,day 31
ACZ81_00135,4.35396162668864,significant_up,day 31
ACZ81_02185,4.35302829742432,significant_up,day 31
ACZ81_05060,4.33706823984782,significant_up,day 31
ACZ81_03055,4.33349577585857,significant_up,day 31
ACZ81_11035,4.32082589467366,significant_up,day 31
ACZ81_11430,4.31885178883871,significant_up,day 31
ACZ81_16700,4.31867440541586,significant_up,day 31
ACZ81_01015,4.29369831085205,significant_up,day 31
ACZ81_03660,4.29020404815674,significant_up,day 31
ACZ81_16290,4.28633785247803,significant_up,day 31
ACZ81_02215,4.27679856618245,significant_up,day 31
ACZ81_18645,4.26814937591553,significant_up,day 31
ACZ81_01515,4.2524455388387,significant_up,day 31
ACZ81_15275,4.24727980295817,significant_up,day 31
ACZ81_00615,4.24177900950114,significant_up,day 31
ACZ81_18810,4.23487695058187,significant_up,day 31
ACZ81_19385,4.23356596628825,significant_up,day 31
ACZ81_15950,4.23212718963623,significant_up,day 31
ACZ81_05065,4.22892920176188,significant_up,day 31
ACZ81_08875,4.22292995452881,significant_up,day 31
ACZ81_06575,4.21570491790772,significant_up,day 31
ACZ81_16740,4.21536095937093,significant_up,day 31
ACZ81_03190,4.21384525299072,significant_up,day 31
ACZ81_14890,4.20824654897054,significant_up,day 31
ACZ81_05900,4.20610268910727,significant_up,day 31
ACZ81_00430,4.20117982228597,significant_up,day 31
ACZ81_07200,4.19585577646891,significant_up,day 31
ACZ81_09095,4.19285996754964,significant_up,day 31
ACZ81_15840,4.18985780080159,significant_up,day 31
ACZ81_05525,4.17860253651937,significant_up,day 31
ACZ81_02315,4.16620922088623,significant_up,day 31
ACZ81_10265,4.15783341725668,significant_up,day 31
ACZ81_16850,4.157333056132,significant_up,day 31
ACZ81_16150,4.15244579315186,significant_up,day 31
ACZ81_03850,4.14659786224365,significant_up,day 31
ACZ81_05035,4.14106973012288,significant_up,day 31
ACZ81_18625,4.12843163808187,significant_up,day 31
ACZ81_14595,4.1278486251831,significant_up,day 31
ACZ81_10220,4.12670358022054,significant_up,day 31
ACZ81_07975,4.12103176116943,significant_up,day 31
ACZ81_19950,4.10757223765055,significant_up,day 31
ACZ81_00265,-4.10255018870036,significant_down,day 31
ACZ81_01095,4.08133792877197,significant_up,day 31
ACZ81_04240,4.06660111745199,significant_up,day 31
ACZ81_05600,4.04182656606038,significant_up,day 31
ACZ81_07860,4.03766600290934,significant_up,day 31
ACZ81_00945,4.03358936309814,significant_up,day 31
ACZ81_14210,4.03306420644124,significant_up,day 31
ACZ81_16600,4.03142007191976,significant_up,day 31
ACZ81_19120,4.02838102976481,significant_up,day 31
ACZ81_16570,4.0246369043986,significant_up,day 31
ACZ81_11295,4.02145481109619,significant_up,day 31
ACZ81_19770,4.01583258310954,significant_up,day 31
ACZ81_18535,4.01284567515055,significant_up,day 31
ACZ81_17965,4.00063228607178,significant_up,day 31
ACZ81_17560,3.98381137847901,significant_up,day 31
ACZ81_03375,3.97757879892985,significant_up,day 31
ACZ81_17465,3.9607826868693,significant_up,day 31
ACZ81_18945,3.95717271169027,significant_up,day 31
ACZ81_08900,3.95466454823812,significant_up,day 31
ACZ81_09895,3.94242827097575,significant_up,day 31
ACZ81_08850,3.93017609914144,significant_up,day 31
ACZ81_00385,3.92870489756266,significant_up,day 31
ACZ81_12900,3.91128126780192,significant_up,day 31
ACZ81_09885,3.89651012420654,significant_up,day 31
ACZ81_08430,3.87935479482015,significant_up,day 31
ACZ81_15760,3.87275346120199,significant_up,day 31
ACZ81_11895,3.87249596913655,significant_up,day 31
ACZ81_01975,3.86953131357829,significant_up,day 31
ACZ81_09825,3.865340868632,significant_up,day 31
ACZ81_17875,3.85995133717855,significant_up,day 31
ACZ81_16090,3.85444227854411,significant_up,day 31
ACZ81_11210,3.84991296132405,significant_up,day 31
ACZ81_09005,3.84187857309977,significant_up,day 31
ACZ81_16035,3.81718858083089,significant_up,day 31
ACZ81_16805,3.81207370758057,significant_up,day 31
ACZ81_09295,3.80991649627685,significant_up,day 31
ACZ81_13885,3.79323927561442,significant_up,day 31
ACZ81_08330,3.7913293838501,significant_up,day 31
ACZ81_05370,3.78225485483805,significant_up,day 31
ACZ81_06545,3.77231693267822,significant_up,day 31
ACZ81_14680,3.7704668045044,significant_up,day 31
ACZ81_06510,3.75902016957601,significant_up,day 31
ACZ81_05915,3.75344562530518,significant_up,day 31
ACZ81_02740,3.74096075693767,significant_up,day 31
ACZ81_18785,3.73059813181559,significant_up,day 31
ACZ81_10795,3.716690381368,significant_up,day 31
ACZ81_13940,3.71237786610921,significant_up,day 31
ACZ81_05045,3.70861975351969,significant_up,day 31
ACZ81_16130,3.6937239964803,significant_up,day 31
ACZ81_16760,3.69173844655355,significant_up,day 31
ACZ81_18910,3.66452630360921,significant_up,day 31
ACZ81_14495,3.65647347768148,significant_up,day 31
ACZ81_01115,3.63621807098389,significant_up,day 31
ACZ81_00050,-3.59957408905029,significant_down,day 31
ACZ81_12890,3.58832963307699,significant_up,day 31
ACZ81_04230,3.58014583587646,significant_up,day 31
ACZ81_02470,3.57721614837646,significant_up,day 31
ACZ81_05025,3.57014497121175,significant_up,day 31
ACZ81_02945,3.55319499969482,significant_up,day 31
ACZ81_17270,-3.54327360788981,significant_down,day 31
ACZ81_01100,3.51609643300375,significant_up,day 31
ACZ81_16690,3.51495265960694,significant_up,day 31
ACZ81_18675,3.50978565216065,significant_up,day 31
ACZ81_15470,3.5075298945109,significant_up,day 31
ACZ81_09815,3.50367641448975,significant_up,day 31
ACZ81_16425,3.46664651234945,significant_up,day 31
ACZ81_09770,3.45038572947184,significant_up,day 31
ACZ81_18640,3.43716907501221,significant_up,day 31
ACZ81_00300,3.40301163991292,significant_up,day 31
ACZ81_15985,3.37934080759685,significant_up,day 31
ACZ81_03515,3.37267208099365,significant_up,day 31
ACZ81_03780,3.36204369862874,significant_up,day 31
ACZ81_06200,3.35702164967855,significant_up,day 31
ACZ81_19250,3.34194151560465,significant_up,day 31
ACZ81_03370,3.33744525909424,significant_up,day 31
ACZ81_10355,3.31044419606527,significant_up,day 31
ACZ81_07025,3.28330707550049,significant_up,day 31
ACZ81_17480,3.28204313913981,significant_up,day 31
ACZ81_05345,3.2819725672404,significant_up,day 31
ACZ81_03315,3.25028642018636,significant_up,day 31
ACZ81_01420,-3.23763370513916,significant_down,day 31
ACZ81_00260,3.23544088999431,significant_up,day 31
ACZ81_13400,3.23031330108642,significant_up,day 31
ACZ81_08220,3.18219470977783,significant_up,day 31
ACZ81_20150,3.17793496449789,significant_up,day 31
ACZ81_17320,-3.1619971593221,significant_down,day 31
ACZ81_04145,3.13987445831299,significant_up,day 31
ACZ81_00945,3.13886515299479,not_significant,day 18
ACZ81_18125,3.1365270614624,significant_up,day 31
ACZ81_08095,3.12889194488526,significant_up,day 31
ACZ81_01085,3.12411340077718,significant_up,day 31
ACZ81_00585,3.12335936228434,significant_up,day 31
ACZ81_16965,-3.11783695220947,significant_down,day 31
ACZ81_02245,3.11636765797933,significant_up,day 31
ACZ81_15525,3.10587406158447,significant_up,day 31
ACZ81_13855,3.09885183970133,significant_up,day 31
ACZ81_12120,3.09555912017822,significant_up,day 31
ACZ81_03285,-3.07495721181234,significant_down,day 31
ACZ81_18370,3.04882717132569,significant_up,day 31
ACZ81_16155,3.04418849945069,significant_up,day 31
ACZ81_11320,3.043319384257,significant_up,day 31
ACZ81_17100,3.04010041554769,significant_up,day 31
ACZ81_07920,3.03836345672608,significant_up,day 31
ACZ81_18955,3.03465302785237,significant_up,day 31
ACZ81_05550,3.03364022572835,significant_up,day 31
ACZ81_04495,3.03331025441488,significant_up,day 31
ACZ81_02410,3.02667140960693,significant_up,day 31
ACZ81_12595,3.02059586842855,significant_up,day 31
ACZ81_09830,3.0192969640096,significant_up,day 31
ACZ81_13975,3.00618203481038,significant_up,day 31
ACZ81_17285,-2.99928569793702,significant_down,day 31
ACZ81_13750,2.95564238230387,significant_up,day 31
ACZ81_12000,2.95146656036377,significant_up,day 31
ACZ81_14265,2.94865385691325,significant_up,day 31
ACZ81_04050,2.94698683420817,significant_up,day 31
ACZ81_19425,2.93706099192301,significant_up,day 31
ACZ81_01110,2.92319011688232,significant_up,day 31
ACZ81_07645,-2.91936270395914,significant_down,day 31
ACZ81_15655,2.90852324167887,significant_up,day 31
ACZ81_05435,2.90493806203206,significant_up,day 31
ACZ81_10695,2.89987659454346,significant_up,day 31
ACZ81_19630,2.89254856109619,significant_up,day 31
ACZ81_00865,2.88291390736898,significant_up,day 31
ACZ81_16870,2.8620506922404,significant_up,day 31
ACZ81_06015,2.84537347157796,significant_up,day 31
ACZ81_10350,2.83992799123128,significant_up,day 31
ACZ81_19450,2.82377465565999,significant_up,day 31
ACZ81_19000,2.82301553090414,significant_up,day 31
ACZ81_03175,2.80241807301839,significant_up,day 31
ACZ81_07205,2.79469712575277,significant_up,day 31
ACZ81_04970,2.79225953420003,significant_up,day 31
ACZ81_18010,-2.78817081451416,significant_down,day 31
ACZ81_03395,-2.78332360585531,significant_down,day 31
ACZ81_10390,2.77678140004476,significant_up,day 31
ACZ81_19145,2.7678861618042,significant_up,day 31
ACZ81_10550,-2.75917911529541,significant_down,day 31
ACZ81_12650,2.75786558787028,significant_up,day 31
ACZ81_17305,-2.75564543406168,significant_down,day 31
ACZ81_00930,2.74406973520915,significant_up,day 31
ACZ81_08545,-2.7403834660848,significant_down,day 31
ACZ81_03845,2.73946285247803,significant_up,day 31
ACZ81_18245,2.73823324839274,significant_up,day 31
ACZ81_01940,2.71720472971598,significant_up,day 31
ACZ81_04000,2.71346187591553,significant_up,day 31
ACZ81_08080,-2.70245393117269,significant_down,day 31
ACZ81_10200,2.69660218556722,significant_up,day 31
ACZ81_13175,2.69465668996175,significant_up,day 31
ACZ81_15640,-2.68668111165365,not_significant,day 18
ACZ81_01065,2.67962741851807,significant_up,day 31
ACZ81_09325,2.67563597361247,significant_up,day 31
ACZ81_16430,2.67110983530681,significant_up,day 31
ACZ81_15890,2.67028903961182,significant_up,day 31
ACZ81_06000,2.66974417368571,significant_up,day 31
ACZ81_19170,2.66827551523845,significant_up,day 31
ACZ81_01595,-2.66239706675212,significant_down,day 31
ACZ81_12940,2.66052850087484,significant_up,day 31
ACZ81_08470,2.65553569793701,significant_up,day 31
ACZ81_03670,-2.65493233998616,significant_down,day 31
ACZ81_17460,2.64859485626221,significant_up,day 31
ACZ81_11505,2.64522647857666,not_significant,day 31
ACZ81_16900,2.63705539703369,significant_up,day 31
ACZ81_05725,2.63535594940186,significant_up,day 31
ACZ81_16395,-2.60967667897543,significant_down,day 31
ACZ81_19865,2.59775765736897,significant_up,day 31
ACZ81_01270,-2.59355767567953,significant_down,day 31
ACZ81_06095,-2.58552265167236,significant_down,day 31
ACZ81_10705,2.58249759674073,significant_up,day 31
ACZ81_09210,-2.57913430531819,significant_down,day 31
ACZ81_11515,-2.57554403940836,significant_down,day 31
ACZ81_10005,-2.57036368052165,significant_down,day 31
ACZ81_02830,2.56779257456461,significant_up,day 31
ACZ81_07060,2.55862394968669,significant_up,day 31
ACZ81_15960,2.54259141286214,significant_up,day 31
ACZ81_14900,2.53417809804281,significant_up,day 31
ACZ81_04685,2.52735042572022,significant_up,day 31
ACZ81_06495,-2.52491982777913,significant_down,day 31
ACZ81_19850,-2.51991939544678,significant_down,day 31
ACZ81_17260,-2.51722685496013,significant_down,day 31
ACZ81_10330,-2.50905132293701,significant_down,day 31
ACZ81_03500,-2.5056250890096,significant_down,day 31
ACZ81_01695,-2.47360642751058,significant_down,day 31
ACZ81_07720,2.45660241444906,significant_up,day 31
ACZ81_05400,-2.45184739430745,significant_down,day 31
ACZ81_02780,2.44153308868408,significant_up,day 31
ACZ81_13870,2.43553002675374,significant_up,day 31
ACZ81_10270,-2.43274339040121,significant_down,day 31
ACZ81_11535,2.42667802174886,significant_up,day 31
ACZ81_15340,-2.42665831247966,significant_down,day 31
ACZ81_20295,-2.42486794789632,significant_down,day 31
ACZ81_12765,2.42161019643148,significant_up,day 31
ACZ81_15860,2.41776625315348,significant_up,day 31
ACZ81_11915,2.41528542836507,significant_up,day 31
ACZ81_16685,2.40608247121175,significant_up,day 31
ACZ81_13570,2.39779059092204,significant_up,day 31
ACZ81_07230,2.38547039031982,significant_up,day 31
ACZ81_19620,2.38190174102784,significant_up,day 31
ACZ81_07040,-2.38089974721273,significant_down,day 31
ACZ81_09510,-2.38020102183024,significant_down,day 31
ACZ81_03695,2.37981001536051,significant_up,day 31
ACZ81_05220,2.37910874684652,significant_up,day 31
ACZ81_04490,2.37902673085531,significant_up,day 31
ACZ81_04735,-2.3647305170695,significant_down,day 31
ACZ81_02780,2.35955174763997,not_significant,day 18
ACZ81_19610,2.34958648681641,not_significant,day 31
ACZ81_07125,-2.34738381703695,significant_down,day 31
ACZ81_16285,-2.34182580312093,significant_down,day 31
ACZ81_06850,2.33802318572998,significant_up,day 31
ACZ81_05050,2.3331397374471,significant_up,day 31
ACZ81_15705,2.32946872711181,significant_up,day 31
ACZ81_00985,2.32299327850342,significant_up,day 31
ACZ81_09070,-2.32186094919841,significant_down,day 31
ACZ81_07780,2.31389586130778,significant_up,day 31
ACZ81_08075,2.31317106882731,significant_up,day 31
ACZ81_19615,-2.31271457672119,significant_down,day 31
ACZ81_01385,2.31026299794515,significant_up,day 31
ACZ81_13270,2.29897403717041,significant_up,day 31
ACZ81_01430,-2.297194480896,significant_down,day 31
ACZ81_07280,-2.29661146799723,significant_down,day 31
ACZ81_05125,2.2949291865031,significant_up,day 31
ACZ81_10605,-2.28915691375733,significant_down,day 31
ACZ81_10860,-2.28795019785563,significant_down,day 31
ACZ81_07925,2.2874968846639,significant_up,day 31
ACZ81_15160,2.2863670984904,significant_up,day 31
ACZ81_14650,-2.28346474965414,significant_down,day 31
ACZ81_18800,-2.27715714772542,significant_down,day 31
ACZ81_17150,-2.2733990351359,significant_down,day 31
ACZ81_07300,2.26254749298096,significant_up,day 31
ACZ81_10425,2.25077342987061,significant_up,day 31
ACZ81_07375,2.2466147740682,significant_up,day 31
ACZ81_17015,2.23858992258708,significant_up,day 31
ACZ81_04225,2.2367156346639,significant_up,day 31
ACZ81_17510,-2.23410638173421,significant_down,day 31
ACZ81_08320,-2.23357550303141,significant_down,day 31
ACZ81_08785,-2.2333574295044,significant_down,day 31
ACZ81_16115,2.22672430674235,significant_up,day 31
ACZ81_19400,2.20658906300863,significant_up,day 31
ACZ81_15490,2.20220343271891,significant_up,day 31
ACZ81_15930,2.19797738393148,significant_up,day 31
ACZ81_14645,-2.19649918874105,significant_down,day 31
ACZ81_12865,2.19544188181559,significant_up,day 31
ACZ81_10335,-2.19482771555583,significant_down,day 31
ACZ81_03585,2.19465033213297,significant_up,day 31
ACZ81_07950,-2.1844695409139,significant_down,day 31
ACZ81_13205,2.18182150522868,significant_up,day 31
ACZ81_04275,2.17533461252848,significant_up,day 31
ACZ81_16800,2.17206160227458,significant_up,day 31
ACZ81_08070,-2.17113971710205,significant_down,day 31
ACZ81_20450,-2.16868877410889,significant_down,day 31
ACZ81_18475,-2.16582520802816,significant_down,day 31
ACZ81_03280,-2.15758228302002,significant_down,day 31
ACZ81_14965,-2.15677229563395,significant_down,day 31
ACZ81_12230,2.15428606669108,not_significant,day 18
ACZ81_05545,2.1509370803833,not_significant,day 31
ACZ81_07400,2.14959494272868,significant_up,day 31
ACZ81_01125,2.14164447784424,significant_up,day 31
ACZ81_20300,-2.13959280649821,significant_down,day 31
ACZ81_09250,2.13660589853922,significant_up,day 31
ACZ81_17290,-2.13501008351644,significant_down,day 31
ACZ81_14420,2.13267167409261,significant_up,day 31
ACZ81_17195,-2.13242562611898,significant_down,day 31
ACZ81_13815,2.12930774688721,significant_up,day 31
ACZ81_02485,2.12888749440511,significant_up,day 31
ACZ81_06085,-2.12196890513102,significant_down,day 31
ACZ81_18005,-2.11779944101969,significant_down,day 31
ACZ81_17685,-2.11493142445882,significant_down,day 31
ACZ81_10370,2.11056168874105,significant_up,day 31
ACZ81_04645,2.10773626963298,significant_up,day 31
ACZ81_10155,2.10392793019613,significant_up,day 31
ACZ81_19915,-2.09859561920166,not_significant,day 31
ACZ81_14030,-2.09830379486084,significant_down,day 31
ACZ81_13410,2.09657065073649,significant_up,day 31
ACZ81_14625,2.09383042653402,significant_up,day 31
ACZ81_08795,2.08192284901937,significant_up,day 31
ACZ81_11740,-2.08019669850667,significant_down,day 31
ACZ81_06755,-2.0763826370239302,significant_down,day 31
ACZ81_13220,2.07574367523194,significant_up,day 31
ACZ81_10780,-2.07399908701579,significant_down,day 31
ACZ81_13250,-2.06793308258057,significant_down,day 31
ACZ81_12910,-2.06793053944905,significant_down,day 31
ACZ81_03390,2.06624762217204,significant_up,day 31
ACZ81_03765,-2.06527678171794,significant_down,day 31
ACZ81_04450,-2.0615504582723,significant_down,day 31
ACZ81_03045,-2.06051540374756,significant_down,day 31
ACZ81_10705,2.05584462483725,not_significant,day 18
ACZ81_03695,2.05567995707194,not_significant,day 18
ACZ81_07285,-2.053053855896,significant_down,day 31
ACZ81_11545,-2.04836940765381,significant_down,day 31
ACZ81_08355,2.04107824961344,significant_up,day 31
ACZ81_11690,2.04101594289144,significant_up,day 31
ACZ81_08540,-2.03968524932861,significant_down,day 31
ACZ81_13225,2.03885618845622,significant_up,day 31
ACZ81_15265,-2.03571160634359,significant_down,day 31
ACZ81_01020,-2.03431351979573,significant_down,day 31
ACZ81_13830,-2.03311252593994,significant_down,day 31
ACZ81_11670,2.02931499481201,significant_up,day 31
ACZ81_11755,-2.02421220143636,significant_down,day 31
ACZ81_17410,2.02365144093831,significant_up,day 31
ACZ81_15965,2.02086607615153,significant_up,day 31
ACZ81_07415,-2.01716073354085,significant_down,day 31
ACZ81_16405,2.01682821909587,significant_up,day 31
ACZ81_03735,-2.01277383168538,significant_down,day 31
ACZ81_14590,-2.00779819488525,significant_down,day 31
ACZ81_08915,2.00532182057698,significant_up,day 31
ACZ81_02155,-2.0048983891805,significant_down,day 31
ACZ81_06080,-2.00346851348877,significant_down,day 31
ACZ81_05470,-2.00291093190511,significant_down,day 31
ACZ81_18555,2.00199286142985,significant_up,day 31
ACZ81_15050,-2.00155099232992,significant_down,day 31
ACZ81_01925,1.9990250269572,significant_up,day 31
ACZ81_11205,1.99792766571045,significant_up,day 31
ACZ81_13810,1.99785137176514,significant_up,day 31
ACZ81_16195,1.99489688873291,significant_up,day 31
ACZ81_01770,-1.99395783742269,significant_down,day 31
ACZ81_07595,-1.99129772186279,significant_down,day 31
ACZ81_17280,-1.98828601837159,significant_down,day 31
ACZ81_01565,1.98773161570231,significant_up,day 31
ACZ81_14065,1.98052247365316,significant_up,day 31
ACZ81_00910,-1.97811222076416,significant_down,day 31
ACZ81_00975,1.97685782114665,significant_up,day 31
ACZ81_04580,-1.97371196746826,significant_down,day 31
ACZ81_10110,1.97343667348226,significant_up,day 31
ACZ81_04670,1.9730749130249,significant_up,day 31
ACZ81_18755,-1.96238549550374,significant_down,day 31
ACZ81_15335,-1.95882193247477,significant_down,day 31
ACZ81_12715,-1.95840040842692,significant_down,day 31
ACZ81_11610,-1.95686308542888,significant_down,day 31
ACZ81_07420,-1.95631504058838,significant_down,day 31
ACZ81_00060,-1.94854068756104,significant_down,day 31
ACZ81_13550,-1.94817193349203,significant_down,day 31
ACZ81_19830,-1.94775613149007,significant_down,day 31
ACZ81_RS20500,1.94193077087402,not_significant,day 18
ACZ81_17790,-1.9390910466512,significant_down,day 31
ACZ81_03830,-1.9312416712443,significant_down,day 31
ACZ81_03380,-1.93038717905681,significant_down,day 31
ACZ81_11150,-1.92497030893962,significant_down,day 31
ACZ81_05955,-1.91987450917562,significant_down,day 31
ACZ81_13130,1.91427771250407,significant_up,day 31
ACZ81_09190,-1.90781180063884,significant_down,day 31
ACZ81_00100,-1.90645503997803,significant_down,day 31
ACZ81_15925,1.90454324086507,significant_up,day 31
ACZ81_19080,-1.90394115447998,significant_down,day 31
ACZ81_02115,-1.90310192108154,significant_down,day 31
ACZ81_09090,1.89905261993408,significant_up,day 31
ACZ81_18040,-1.89615472157796,significant_down,day 31
ACZ81_13695,-1.89537906646729,significant_down,day 31
ACZ81_14820,-1.89353148142497,significant_down,day 31
ACZ81_17350,-1.89131069183349,significant_down,day 31
ACZ81_03405,-1.88543160756429,significant_down,day 31
ACZ81_11125,-1.88290882110596,significant_down,day 31
ACZ81_14490,1.88188393910726,significant_up,day 31
ACZ81_17325,-1.88104788462321,significant_down,day 31
ACZ81_RS17170,-1.880446434021,significant_down,day 31
ACZ81_08520,-1.87972609202067,significant_down,day 31
ACZ81_06100,1.87840874989828,significant_up,day 31
ACZ81_07305,-1.8756144841512,significant_down,day 31
ACZ81_10455,-1.87407271067302,significant_down,day 31
ACZ81_13260,-1.87404918670654,significant_down,day 31
ACZ81_00800,1.87277062733968,significant_up,day 31
ACZ81_17475,1.8727388381958,significant_up,day 31
ACZ81_01710,-1.86800797780355,significant_down,day 31
ACZ81_11970,1.86621634165446,significant_up,day 31
ACZ81_14660,1.86405531565348,significant_up,day 31
ACZ81_14295,1.86394341786703,significant_up,day 31
ACZ81_09265,-1.86153443654378,significant_down,day 31
ACZ81_16680,-1.85574118296305,significant_down,day 31
ACZ81_02925,-1.85301049550374,significant_down,day 31
ACZ81_15210,-1.85164229075114,significant_down,day 31
ACZ81_14620,1.84996891021728,significant_up,day 31
ACZ81_12250,1.84925746917724,significant_up,day 31
ACZ81_17345,-1.84659163157145,significant_down,day 31
ACZ81_17440,1.84577592213948,significant_up,day 31
ACZ81_02685,-1.84456221262614,significant_down,day 31
ACZ81_06525,-1.84096050262451,significant_down,day 31
ACZ81_06350,1.83938630421956,significant_up,day 31
ACZ81_RS04395,1.83867931365967,significant_up,day 31
ACZ81_20375,1.83625761667887,significant_up,day 31
ACZ81_10750,-1.83597596486409,significant_down,day 31
ACZ81_10410,-1.83156490325928,significant_down,day 31
ACZ81_04790,-1.82552369435628,significant_down,day 31
ACZ81_13170,-1.82487964630127,significant_down,day 31
ACZ81_05520,-1.82486375172933,significant_down,day 31
ACZ81_17185,-1.8245890935262,significant_down,day 31
ACZ81_09800,-1.82133769989013,significant_down,day 31
ACZ81_15100,-1.81594053904216,significant_down,day 31
ACZ81_04760,-1.81491820017497,significant_down,day 31
ACZ81_12065,-1.81481329600017,significant_down,day 31
ACZ81_15060,-1.81480121612549,significant_down,day 31
ACZ81_00155,-1.81301148732504,significant_down,day 31
ACZ81_16020,1.80669498443604,significant_up,day 31
ACZ81_15595,1.80588754018148,significant_up,day 31
ACZ81_18135,1.80437119801839,significant_up,day 31
ACZ81_05590,1.79914824167888,significant_up,day 31
ACZ81_13155,-1.79823271433512,significant_down,day 31
ACZ81_17740,-1.79144636789958,significant_down,day 31
ACZ81_04875,1.78839906056722,significant_up,day 31
ACZ81_01715,-1.78810342152914,significant_down,day 31
ACZ81_13330,-1.78674284617106,significant_down,day 31
ACZ81_03725,-1.78600215911865,significant_down,day 31
ACZ81_14400,1.78400198618571,not_significant,day 31
ACZ81_10385,-1.78100872039795,significant_down,day 31
ACZ81_19005,-1.77711073557536,significant_down,day 31
ACZ81_12885,-1.77338186899821,significant_down,day 31
ACZ81_05930,-1.77013047536214,significant_down,day 31
ACZ81_19480,-1.76983674367269,significant_down,day 31
ACZ81_08790,1.76502768198649,significant_up,day 31
ACZ81_19240,1.76448408762613,significant_up,day 31
ACZ81_12670,1.76392396291097,significant_up,day 31
ACZ81_04245,-1.7607806523641,significant_down,day 31
ACZ81_14120,1.76003424326579,significant_up,day 31
ACZ81_14655,1.7594493230184,significant_up,day 31
ACZ81_02890,-1.75898392995199,significant_down,day 31
ACZ81_02325,-1.75623861948649,significant_down,day 31
ACZ81_18400,-1.75546169281006,significant_down,day 31
ACZ81_13020,-1.75060431162516,significant_down,day 31
ACZ81_03870,-1.74844964345296,significant_down,day 31
ACZ81_16310,-1.74576059977213,not_significant,day 18
ACZ81_08100,-1.74444929758708,significant_down,day 31
ACZ81_19275,-1.74416828155517,significant_down,day 31
ACZ81_05170,1.74281088511149,significant_up,day 31
ACZ81_08765,-1.74242369333903,significant_down,day 31
ACZ81_11970,1.73845354715983,not_significant,day 18
ACZ81_10740,-1.73754596710205,significant_down,day 31
ACZ81_14455,-1.73619174957275,significant_down,day 31
ACZ81_08575,-1.73016134897868,significant_down,day 31
ACZ81_10850,1.72517108917236,significant_up,day 31
ACZ81_16520,1.7245709101359,significant_up,day 31
ACZ81_RS21680,1.72143427530924,not_significant,day 18
ACZ81_10275,-1.72136720021566,significant_down,day 31
ACZ81_00280,-1.71695931752523,significant_down,day 31
ACZ81_11585,-1.70989195505778,significant_down,day 31
ACZ81_16465,1.70980421702067,significant_up,day 31
ACZ81_03320,-1.70790259043376,significant_down,day 31
ACZ81_18025,-1.70741685231527,significant_down,day 31
ACZ81_15540,-1.70594755808512,significant_down,day 31
ACZ81_15545,-1.70431359608968,significant_down,day 31
ACZ81_19225,-1.70407136281332,significant_down,day 31
ACZ81_18465,-1.70320733388265,significant_down,day 31
ACZ81_01365,-1.70314566294352,significant_down,day 31
ACZ81_08905,1.69641462961833,significant_up,day 31
ACZ81_05330,-1.69391981760661,significant_down,day 31
ACZ81_05315,-1.69224580128988,significant_down,day 31
ACZ81_09415,1.69161637624105,significant_up,day 31
ACZ81_17060,-1.69070466359457,significant_down,day 31
ACZ81_01640,-1.68983046213786,significant_down,day 31
ACZ81_02380,-1.6895538965861,significant_down,day 31
ACZ81_03435,-1.68741766611735,significant_down,day 31
ACZ81_09785,-1.68076737721761,significant_down,day 31
ACZ81_03155,-1.67898019154867,significant_down,day 31
ACZ81_08020,1.67889626820882,significant_up,day 31
ACZ81_00400,-1.67664305369059,significant_down,day 31
ACZ81_15400,-1.67661952972412,significant_down,day 31
ACZ81_08755,-1.67547575632731,not_significant,day 31
ACZ81_17315,-1.67509682973226,significant_down,day 31
ACZ81_07290,-1.67484633127848,significant_down,day 31
ACZ81_19350,-1.67381509145101,significant_down,day 31
ACZ81_09880,-1.67255942026774,significant_down,day 31
ACZ81_07675,1.66938940684001,significant_up,day 31
ACZ81_12105,-1.66589959462484,significant_down,day 31
ACZ81_11055,-1.66338888804118,significant_down,day 31
ACZ81_04840,-1.66183185577393,significant_down,day 31
ACZ81_02200,-1.66167163848877,significant_down,day 31
ACZ81_05665,1.65833504994711,significant_up,day 31
ACZ81_18350,-1.65765349070231,significant_down,day 31
ACZ81_19750,-1.6567710240682,significant_down,day 31
ACZ81_11600,-1.65617148081462,significant_down,day 31
ACZ81_01210,-1.65471108754476,significant_down,day 31
ACZ81_12730,-1.65432325998942,significant_down,day 31
ACZ81_01675,-1.64943981170655,significant_down,day 31
ACZ81_00555,1.64661439259847,significant_up,day 31
ACZ81_02690,-1.64080015818278,significant_down,day 31
ACZ81_17030,-1.63835493723552,significant_down,day 31
ACZ81_17515,-1.6381425857544,significant_down,day 31
ACZ81_01970,-1.63688055674235,significant_down,day 31
ACZ81_07960,-1.63681825002034,significant_down,day 31
ACZ81_16280,-1.63473224639892,significant_down,day 31
ACZ81_02300,-1.63349882761638,significant_down,day 31
ACZ81_06270,-1.63125642140707,significant_down,day 31
ACZ81_01670,-1.62861601511637,significant_down,day 31
ACZ81_08295,1.62534554799398,not_significant,day 31
ACZ81_15450,-1.62248961130778,significant_down,day 31
ACZ81_01225,-1.6223357518514,significant_down,day 31
ACZ81_16165,-1.62228043874105,significant_down,day 31
ACZ81_11145,-1.62170378367106,significant_down,day 31
ACZ81_10680,-1.61938444773356,significant_down,day 31
ACZ81_01680,-1.61892096201579,significant_down,day 31
ACZ81_10630,-1.61782932281494,significant_down,day 31
ACZ81_08215,1.61658382415772,significant_up,day 31
ACZ81_13485,-1.61597156524658,significant_down,day 31
ACZ81_05945,-1.6157611211141,significant_down,day 31
ACZ81_07750,-1.61524232228597,significant_down,day 31
ACZ81_18300,-1.61300754547119,significant_down,day 31
ACZ81_14000,-1.61242389678955,significant_down,day 31
ACZ81_02705,1.60986550649007,significant_up,day 31
ACZ81_06865,1.60935179392497,significant_up,day 31
ACZ81_11330,1.60914516448974,not_significant,day 31
ACZ81_17710,-1.6062421798706,significant_down,day 31
ACZ81_10815,-1.60524463653564,significant_down,day 31
ACZ81_03270,-1.60502783457438,significant_down,day 31
ACZ81_08160,-1.60030714670817,significant_down,day 31
ACZ81_03800,-1.60024229685466,significant_down,day 31
ACZ81_13740,-1.59980233510335,significant_down,day 31
ACZ81_07445,1.59789435068766,significant_up,day 31
ACZ81_19780,1.59728209177653,significant_up,day 31
ACZ81_04440,1.59695275624593,significant_up,day 31
ACZ81_17340,-1.59512233734131,significant_down,day 31
ACZ81_07980,-1.59499390920003,significant_down,day 31
ACZ81_18015,-1.5949805577596,significant_down,day 31
ACZ81_16605,1.5948527654012,significant_up,day 31
ACZ81_18020,-1.59410953521728,significant_down,day 31
ACZ81_20445,-1.59241898854574,significant_down,day 31
ACZ81_16805,1.59192212422689,not_significant,day 18
ACZ81_06505,1.59161535898844,not_significant,day 31
ACZ81_07085,-1.59121163686116,significant_down,day 31
ACZ81_05150,-1.59049574534098,significant_down,day 31
ACZ81_07855,1.58907985687256,significant_up,day 31
ACZ81_14175,1.58888975779215,significant_up,day 31
ACZ81_01175,-1.58463064829508,significant_down,day 31
ACZ81_08055,1.58441130320231,significant_up,day 31
ACZ81_09775,-1.58425426483154,significant_down,day 31
ACZ81_13765,1.58028761545817,significant_up,day 31
ACZ81_14425,-1.57870260874431,significant_down,day 31
ACZ81_18480,1.57773876190186,significant_up,day 31
ACZ81_02970,-1.57642205556233,significant_down,day 31
ACZ81_02435,-1.57628726959229,significant_down,day 31
ACZ81_08510,1.57464504241943,significant_up,day 31
ACZ81_09100,-1.57127412160238,significant_down,day 31
ACZ81_15370,1.56542046864828,significant_up,day 31
ACZ81_18450,-1.56414572397868,significant_down,day 31
ACZ81_03945,-1.56375662485758,significant_down,day 31
ACZ81_08105,-1.55885410308838,significant_down,day 31
ACZ81_05140,-1.55788898468017,significant_down,day 31
ACZ81_17525,-1.55753231048584,significant_down,day 31
ACZ81_17160,-1.55722204844157,significant_down,day 31
ACZ81_07945,-1.55580298105876,significant_down,day 31
ACZ81_02105,1.5551290512085,significant_up,day 31
ACZ81_15685,1.55178674062093,significant_up,day 31
ACZ81_17005,1.55153624216715,significant_up,day 31
ACZ81_17180,-1.54967721303304,significant_down,day 31
ACZ81_10590,-1.54689502716064,significant_down,day 31
ACZ81_19205,-1.546768506368,significant_down,day 31
ACZ81_07985,-1.54616896311442,significant_down,day 31
ACZ81_15870,-1.54389476776123,significant_down,day 31
ACZ81_19855,-1.5430981318156,significant_down,day 31
ACZ81_09380,-1.54219023386637,significant_down,day 31
ACZ81_02235,-1.5407075881958,significant_down,day 31
ACZ81_09790,-1.54028415679932,significant_down,day 31
ACZ81_RS17245,-1.53600978851318,not_significant,day 31
ACZ81_02835,-1.53111298878988,significant_down,day 31
ACZ81_01665,-1.5298261642456,significant_down,day 31
ACZ81_07810,-1.52525488535563,significant_down,day 31
ACZ81_07845,-1.52273464202881,significant_down,day 31
ACZ81_14640,-1.51855373382569,significant_down,day 31
ACZ81_04695,-1.51516056060791,significant_down,day 31
ACZ81_06530,1.51479434967041,significant_up,day 31
ACZ81_09120,-1.51376183827718,significant_down,day 31
ACZ81_15530,-1.51073296864828,significant_down,day 31
ACZ81_16705,-1.51046657562256,significant_down,day 31
ACZ81_14550,-1.50905768076579,significant_down,day 31
ACZ81_04850,-1.50896231333415,significant_down,day 31
ACZ81_09170,-1.50877094268799,significant_down,day 31
ACZ81_13025,-1.50718275705973,significant_down,day 31
ACZ81_18600,1.50373363494873,significant_up,day 31
ACZ81_18230,1.50037225087484,significant_up,day 31
ACZ81_01375,1.50028006235759,significant_up,day 31
ACZ81_07715,1.50009059906006,significant_up,day 31
ACZ81_13780,-1.49895604451497,not_significant,day 18
ACZ81_02385,1.49893220265706,significant_up,day 31
ACZ81_17770,-1.49575328826904,significant_down,day 31
ACZ81_09745,-1.49483776092529,significant_down,day 31
ACZ81_13480,1.49337037404378,significant_up,day 31
ACZ81_08975,1.4901164372762,significant_up,day 31
ACZ81_10160,-1.48867321014404,significant_down,day 31
ACZ81_02045,-1.48815822601318,significant_down,day 31
ACZ81_05825,-1.48802852630615,significant_down,day 31
ACZ81_07470,-1.48627503712972,significant_down,day 31
ACZ81_09105,-1.48552099863688,significant_down,day 31
ACZ81_17255,-1.48399511973063,significant_down,day 31
ACZ81_16050,-1.48380247751872,significant_down,day 31
ACZ81_17655,-1.4829371770223,significant_down,day 31
ACZ81_00535,-1.48274898529053,significant_down,day 31
ACZ81_19110,-1.48254934946696,significant_down,day 31
ACZ81_01685,-1.48126824696859,significant_down,day 31
ACZ81_08130,1.47933483123779,not_significant,day 31
ACZ81_16310,-1.47930240631104,not_significant,day 31
ACZ81_01870,1.47836526234945,significant_up,day 31
ACZ81_01915,-1.47813129425049,significant_down,day 31
ACZ81_19570,-1.47781658172607,significant_down,day 31
ACZ81_01660,1.47709433237712,not_significant,day 31
ACZ81_01785,1.4763282140096,significant_up,day 31
ACZ81_11425,-1.47483857472738,significant_down,day 31
ACZ81_13315,-1.47091770172119,significant_down,day 31
ACZ81_09385,-1.46760908762614,significant_down,day 31
ACZ81_01195,-1.46679592132569,significant_down,day 31
ACZ81_19115,-1.46522871653239,significant_down,day 31
ACZ81_05925,-1.46468766530355,significant_down,day 31
ACZ81_14735,1.46404616038004,significant_up,day 31
ACZ81_09970,-1.46399974822998,significant_down,day 31
ACZ81_08440,-1.46346124013265,significant_down,day 31
ACZ81_17050,-1.46288204193115,significant_down,day 31
ACZ81_05595,1.46063645680746,significant_up,day 31
ACZ81_02320,-1.46040185292562,significant_down,day 31
ACZ81_04990,-1.45824082692464,significant_down,day 31
ACZ81_00495,-1.45762793223063,significant_down,day 31
ACZ81_11725,-1.45738061269124,significant_down,day 31
ACZ81_20205,-1.45687580108643,not_significant,day 31
ACZ81_09020,1.45611031850179,significant_up,day 31
ACZ81_02695,-1.44966665903727,significant_down,day 31
ACZ81_03195,1.44836648305258,not_significant,day 31
ACZ81_16250,-1.44646867116292,significant_down,day 31
ACZ81_13890,-1.44565041859945,significant_down,day 31
ACZ81_00710,-1.44499174753825,significant_down,day 31
ACZ81_11335,-1.44012610117594,significant_down,day 31
ACZ81_19445,-1.43961874643962,significant_down,day 31
ACZ81_13415,-1.43900966644287,significant_down,day 31
ACZ81_15470,-1.43894068400065,not_significant,day 18
ACZ81_RS20500,1.43826007843017,not_significant,day 31
ACZ81_09275,-1.43504746754964,significant_down,day 31
ACZ81_03775,-1.43424129486084,significant_down,day 31
ACZ81_06260,-1.4284569422404,significant_down,day 31
ACZ81_18910,-1.42831993103027,not_significant,day 18
ACZ81_05505,-1.42611853281657,significant_down,day 31
ACZ81_11400,1.42561944325765,significant_up,day 31
ACZ81_13780,-1.42459646860758,significant_down,day 31
ACZ81_17310,-1.42108631134033,significant_down,day 31
ACZ81_03685,-1.42046387990316,significant_down,day 31
ACZ81_12090,1.42033227284749,significant_up,day 31
ACZ81_13605,-1.42012437184652,significant_down,day 31
ACZ81_02070,-1.41987641652425,significant_down,day 31
ACZ81_05465,-1.41805553436279,significant_down,day 31
ACZ81_04835,-1.416641553243,significant_down,day 31
ACZ81_08570,-1.41610558827718,significant_down,day 31
ACZ81_05895,-1.41555054982503,significant_down,day 31
ACZ81_07090,-1.41480795542399,significant_down,day 31
ACZ81_10120,-1.41478633880615,significant_down,day 31
ACZ81_07360,-1.41409269968668,significant_down,day 31
ACZ81_13210,1.41352303822835,significant_up,day 31
ACZ81_13325,-1.41305001576742,significant_down,day 31
ACZ81_17045,-1.41247272491455,significant_down,day 31
ACZ81_19795,1.41223176320394,significant_up,day 31
ACZ81_03345,-1.4102824529012,significant_down,day 31
ACZ81_00790,1.40996328989665,significant_up,day 31
ACZ81_07440,-1.40794150034587,significant_down,day 31
ACZ81_19760,1.40706666310628,significant_up,day 31
ACZ81_11230,-1.40480518341065,significant_down,day 31
ACZ81_00915,-1.40454641977946,significant_down,day 31
ACZ81_09410,1.40372180938721,significant_up,day 31
ACZ81_18035,-1.40319093068441,significant_down,day 31
ACZ81_04360,1.40259583791097,significant_up,day 31
ACZ81_13735,1.40132904052734,not_significant,day 18
ACZ81_10000,1.40120410919189,significant_up,day 31
ACZ81_03535,-1.40043385823568,not_significant,day 18
ACZ81_12180,-1.39961624145508,not_significant,day 18
ACZ81_05135,-1.39898522694905,significant_down,day 31
ACZ81_19050,1.39889939626058,significant_up,day 31
ACZ81_05500,-1.39790503184001,significant_down,day 31
ACZ81_15605,1.39769903818766,significant_up,day 31
ACZ81_03665,-1.39763482411702,significant_down,day 31
ACZ81_05480,-1.39661852518718,not_significant,day 18
ACZ81_02240,-1.39328797658284,significant_down,day 31
ACZ81_19360,-1.39088980356852,significant_down,day 31
ACZ81_12490,-1.39035828908284,not_significant,day 31
ACZ81_01130,-1.39020824432373,significant_down,day 31
ACZ81_03935,-1.38790480295817,significant_down,day 31
ACZ81_17275,-1.38687864939372,significant_down,day 31
ACZ81_06760,1.38603655497233,not_significant,day 18
ACZ81_04610,1.38521162668864,significant_up,day 31
ACZ81_11840,1.38466676076253,significant_up,day 31
ACZ81_17065,-1.38418865203857,significant_down,day 31
ACZ81_03340,-1.37998580932617,not_significant,day 31
ACZ81_19330,-1.37891737620036,significant_down,day 31
ACZ81_12695,-1.37890148162842,significant_down,day 31
ACZ81_04820,-1.37741120656331,significant_down,day 31
ACZ81_09205,-1.37452475229899,significant_down,day 31
ACZ81_07015,1.37407779693604,not_significant,day 31
ACZ81_16305,1.37260214487712,not_significant,day 31
ACZ81_13420,-1.36607456207276,significant_down,day 31
ACZ81_05350,-1.36491107940674,significant_down,day 31
ACZ81_05555,-1.36469682057699,significant_down,day 31
ACZ81_09700,-1.36351362864177,significant_down,day 31
ACZ81_07045,-1.36188284556071,significant_down,day 31
ACZ81_05395,-1.36180845896403,significant_down,day 31
ACZ81_04435,1.36016241709391,significant_up,day 31
ACZ81_18525,1.36012236277263,significant_up,day 31
ACZ81_08560,-1.35844771067302,significant_down,day 31
ACZ81_00435,1.35740598042806,not_significant,day 18
ACZ81_00285,-1.35685634613037,significant_down,day 31
ACZ81_11680,-1.35657405853271,significant_down,day 31
ACZ81_10305,1.35393492380778,significant_up,day 31
ACZ81_00760,-1.3515583674113,significant_down,day 31
ACZ81_05320,-1.35036245981852,significant_down,day 31
ACZ81_09375,-1.34937699635824,significant_down,day 31
ACZ81_03330,-1.34717146555582,significant_down,day 31
ACZ81_05810,-1.34703795115153,significant_down,day 31
ACZ81_20280,1.34690697987874,significant_up,day 31
ACZ81_12435,1.34681987762451,significant_up,day 31
ACZ81_15200,1.34681669871012,significant_up,day 31
ACZ81_01880,1.34384822845459,significant_up,day 31
ACZ81_03230,-1.34271399180094,significant_down,day 31
ACZ81_01805,1.34163570404053,significant_up,day 31
ACZ81_19075,-1.34121735890707,significant_down,day 31
ACZ81_10875,-1.34105777740479,significant_down,day 31
ACZ81_19210,1.33873844146729,significant_up,day 31
ACZ81_13615,-1.33601729075114,significant_down,day 31
ACZ81_19660,1.33580366770427,significant_up,day 31
ACZ81_04555,-1.33420085906983,significant_down,day 31
ACZ81_02050,-1.33408196767171,significant_down,day 31
ACZ81_07665,-1.33383337656657,significant_down,day 31
ACZ81_06860,1.33217652638753,significant_up,day 31
ACZ81_09255,-1.33132394154867,significant_down,day 31
ACZ81_06905,-1.32927354176839,significant_down,day 31
ACZ81_13390,-1.32844638824463,significant_down,day 31
ACZ81_14415,1.32638708750407,significant_up,day 31
ACZ81_18485,-1.32606919606527,significant_down,day 31
ACZ81_13970,-1.32448609670003,significant_down,day 31
ACZ81_19405,-1.3208220799764,significant_down,day 31
ACZ81_18795,-1.31942780812581,significant_down,day 31
ACZ81_08705,-1.31881427764893,significant_down,day 31
ACZ81_05480,-1.3175884882609,significant_down,day 31
ACZ81_06845,1.31577905019124,significant_up,day 31
ACZ81_00520,-1.31450049082438,significant_down,day 31
ACZ81_00095,-1.31421756744385,significant_down,day 31
ACZ81_08480,1.31413555145264,significant_up,day 31
ACZ81_07150,-1.31033102671305,significant_down,day 31
ACZ81_10835,-1.31032721201579,significant_down,day 31
ACZ81_01200,1.30953121185303,significant_up,day 31
ACZ81_14910,-1.30849615732829,significant_down,day 31
ACZ81_16780,1.3059097925822,significant_up,day 31
ACZ81_01825,-1.30571269989014,significant_down,day 31
ACZ81_03785,1.30480448404948,not_significant,day 18
ACZ81_00035,-1.30263614654541,significant_down,day 31
ACZ81_02920,-1.30246194203695,significant_down,day 31
ACZ81_13445,-1.30244223276774,not_significant,day 31
ACZ81_14815,-1.30208683013916,significant_down,day 31
ACZ81_05720,1.3004109064738,significant_up,day 31
ACZ81_12770,-1.29969120025635,significant_down,day 31
ACZ81_01150,-1.29731591542562,significant_down,day 31
ACZ81_11440,-1.29306252797445,significant_down,day 31
ACZ81_04480,-1.29305362701416,significant_down,day 31
ACZ81_19665,-1.2926861445109,significant_down,day 31
ACZ81_03285,-1.2920405069987,not_significant,day 18
ACZ81_04255,-1.29003874460856,not_significant,day 31
ACZ81_01230,-1.28965981801351,significant_down,day 31
ACZ81_14305,1.28809452056885,significant_up,day 31
ACZ81_10745,-1.28730169932048,significant_down,day 31
ACZ81_19840,-1.28718725840251,significant_down,day 31
ACZ81_18060,1.28678417205811,significant_up,day 31
ACZ81_00020,-1.28494993845622,significant_down,day 31
ACZ81_12160,-1.28492514292399,significant_down,day 31
ACZ81_15565,-1.28424231211344,significant_down,day 31
ACZ81_19880,-1.28231398264567,significant_down,day 31
ACZ81_05205,-1.27913570404053,significant_down,day 31
ACZ81_03960,-1.27826658884684,significant_down,day 31
ACZ81_16710,-1.27632617950439,significant_down,day 31
ACZ81_01080,1.27526823679606,not_significant,day 31
ACZ81_19430,-1.27515379587809,significant_down,day 31
ACZ81_08185,-1.27466615041097,significant_down,day 31
ACZ81_17240,-1.27292728424072,significant_down,day 31
ACZ81_07140,-1.27213001251221,significant_down,day 31
ACZ81_18445,-1.27201684315999,significant_down,day 31
ACZ81_14310,-1.26730060577393,significant_down,day 31
ACZ81_11425,-1.26724815368652,not_significant,day 18
ACZ81_RS17115,1.26604684193929,significant_up,day 31
ACZ81_03220,1.26516564687093,significant_up,day 31
ACZ81_01890,-1.26467800140381,significant_down,day 31
ACZ81_07115,-1.26239935557047,significant_down,day 31
ACZ81_06970,-1.26195430755615,significant_down,day 31
ACZ81_06245,-1.26184558868408,significant_down,day 31
ACZ81_09200,-1.26148064931234,significant_down,day 31
ACZ81_14385,1.26122124989828,significant_up,day 31
ACZ81_18055,-1.25964387257894,significant_down,day 31
ACZ81_01745,1.25935331980387,significant_up,day 31
ACZ81_13125,-1.25901317596435,significant_down,day 31
ACZ81_01025,-1.25887711842855,significant_down,day 31
ACZ81_03740,-1.25845432281494,significant_down,day 31
ACZ81_02750,-1.2575527826945,significant_down,day 31
ACZ81_10135,-1.2573397954305,significant_down,day 31
ACZ81_03245,-1.25655269622803,significant_down,day 31
ACZ81_04040,1.25653870900472,not_significant,day 31
ACZ81_01220,-1.25561555226644,significant_down,day 31
ACZ81_10660,-1.25476614634195,significant_down,day 31
ACZ81_20685,-1.25461292266846,significant_down,day 31
ACZ81_03840,-1.25376796722412,significant_down,day 31
ACZ81_15440,1.25370121002197,significant_up,day 31
ACZ81_17080,-1.25332164764404,significant_down,day 31
ACZ81_15900,1.25147151947021,significant_up,day 31
ACZ81_11235,-1.2504669825236,significant_down,day 31
ACZ81_11120,-1.24966271718343,significant_down,day 31
ACZ81_08640,1.24955526987712,significant_up,day 31
ACZ81_10270,-1.2488333384196,not_significant,day 18
ACZ81_04890,-1.24839496612549,significant_down,day 31
ACZ81_00145,-1.24695110321045,significant_down,day 31
ACZ81_08375,-1.24581623077393,significant_down,day 31
ACZ81_19785,-1.2451868057251,significant_down,day 31
ACZ81_04585,-1.2433245976766,significant_down,day 31
ACZ81_09780,-1.24186356862386,significant_down,day 31
ACZ81_14755,1.24035930633545,not_significant,day 31
ACZ81_16840,-1.23878383636475,significant_down,day 31
ACZ81_19920,-1.23854732513428,significant_down,day 31
ACZ81_01010,1.23796176910401,not_significant,day 31
ACZ81_18505,1.23778756459554,not_significant,day 31
ACZ81_12540,-1.23760954538981,significant_down,day 31
ACZ81_11750,-1.23655287424723,significant_down,day 31
ACZ81_00215,-1.23588021596273,significant_down,day 31
ACZ81_13135,-1.23551845550537,significant_down,day 31
ACZ81_04080,1.23488521575928,not_significant,day 31
ACZ81_01900,-1.22758388519287,significant_down,day 31
ACZ81_16165,1.22753206888835,not_significant,day 18
ACZ81_13375,-1.22503566741944,significant_down,day 31
ACZ81_08250,-1.2245823542277,significant_down,day 31
ACZ81_14850,-1.22366809844971,significant_down,day 31
ACZ81_10070,1.22348054250081,not_significant,day 31
ACZ81_03675,-1.2231772740682,significant_down,day 31
ACZ81_15805,1.22123940785726,significant_up,day 31
ACZ81_06835,-1.22108236948649,significant_down,day 31
ACZ81_18340,-1.22070471445719,significant_down,day 31
ACZ81_16970,-1.22056166330973,significant_down,day 31
ACZ81_20460,-1.22048409779867,significant_down,day 31
ACZ81_11185,1.2203582127889,not_significant,day 31
ACZ81_07275,-1.22022914886475,significant_down,day 31
ACZ81_15505,1.2195463180542,significant_up,day 31
ACZ81_08890,-1.21807193756104,significant_down,day 31
ACZ81_19595,-1.21788120269776,significant_down,day 31
ACZ81_00890,-1.21361764272054,significant_down,day 31
ACZ81_10110,1.21304766337077,not_significant,day 18
ACZ81_19195,-1.21228631337484,significant_down,day 31
ACZ81_04745,-1.21121374766032,significant_down,day 31
ACZ81_17370,-1.21035671234131,significant_down,day 31
ACZ81_06325,-1.20776653289795,significant_down,day 31
ACZ81_14720,-1.20768388112386,significant_down,day 31
ACZ81_12470,-1.20706017812093,not_significant,day 31
ACZ81_07895,-1.2055025100708,significant_down,day 31
ACZ81_09470,-1.20492585500081,significant_down,day 31
ACZ81_13010,-1.20222632090251,significant_down,day 31
ACZ81_06910,-1.20209598541259,significant_down,day 31
ACZ81_10760,-1.20114676157634,significant_down,day 31
ACZ81_16700,1.20103327433268,not_significant,day 18
ACZ81_07775,-1.20101451873779,not_significant,day 31
ACZ81_08205,-1.19982306162516,significant_down,day 31
ACZ81_13735,1.19942633310954,not_significant,day 31
ACZ81_11090,1.19939708709717,significant_up,day 31
ACZ81_15535,-1.19930299123128,significant_down,day 31
ACZ81_07095,-1.19844214121501,significant_down,day 31
ACZ81_06590,1.19762452443441,significant_up,day 31
ACZ81_18700,-1.19669437408447,significant_down,day 31
ACZ81_11990,-1.19632625579834,significant_down,day 31
ACZ81_04410,-1.19439538319906,significant_down,day 31
ACZ81_06840,-1.19412263234456,significant_down,day 31
ACZ81_04910,-1.19367694854737,significant_down,day 31
ACZ81_20050,-1.19337685902914,significant_down,day 31
ACZ81_06760,1.19294389088949,significant_up,day 31
ACZ81_17335,-1.19278049468994,significant_down,day 31
ACZ81_05820,1.19169966379801,significant_up,day 31
ACZ81_17545,-1.19075616200765,significant_down,day 31
ACZ81_05585,-1.18995126088461,significant_down,day 31
ACZ81_11815,-1.18975989023845,significant_down,day 31
ACZ81_04945,-1.18975162506104,significant_down,day 31
ACZ81_15480,1.18867588043213,significant_up,day 31
ACZ81_14200,1.18843873341878,significant_up,day 31
ACZ81_17330,-1.18737761179606,significant_down,day 31
ACZ81_12340,1.18289852142334,not_significant,day 31
ACZ81_11745,-1.18243948618571,significant_down,day 31
ACZ81_03430,1.1808557510376,significant_up,day 31
ACZ81_14500,1.18060779571533,significant_up,day 31
ACZ81_19045,-1.17950979868571,significant_down,day 31
ACZ81_16765,-1.17913341522217,significant_down,day 31
ACZ81_04485,-1.17839336395264,significant_down,day 31
ACZ81_07900,-1.17766666412353,significant_down,day 31
ACZ81_18705,1.17612425486247,significant_up,day 31
ACZ81_19000,-1.17454528808593,not_significant,day 18
ACZ81_16605,-1.17399342854818,not_significant,day 18
ACZ81_18840,-1.17383416493734,significant_down,day 31
ACZ81_13815,-1.1714776357015,not_significant,day 18
ACZ81_11360,1.17020638783773,significant_up,day 31
ACZ81_00895,-1.16654109954834,significant_down,day 31
ACZ81_01930,-1.16637643178304,significant_down,day 31
ACZ81_12355,1.16596126556396,significant_up,day 31
ACZ81_09150,-1.16558996836344,not_significant,day 31
ACZ81_15955,1.16277249654134,not_significant,day 18
ACZ81_03325,-1.16269715627034,significant_down,day 31
ACZ81_16360,1.16152795155844,not_significant,day 31
ACZ81_01590,-1.16079425811768,significant_down,day 31
ACZ81_05445,1.16071732838948,significant_up,day 31
ACZ81_16325,-1.15989844004314,significant_down,day 31
ACZ81_19885,-1.1593116124471,significant_down,day 31
ACZ81_13875,-1.15749136606852,significant_down,day 31
ACZ81_14435,-1.15469487508138,not_significant,day 18
ACZ81_15035,-1.15441417694092,significant_down,day 31
ACZ81_16435,1.15439955393473,significant_up,day 31
ACZ81_13545,1.15423933664958,not_significant,day 31
ACZ81_14610,-1.15398120880127,significant_down,day 31
ACZ81_05515,-1.15324687957763,significant_down,day 31
ACZ81_08470,-1.15323257446289,not_significant,day 18
ACZ81_12920,-1.15264542897542,significant_down,day 31
ACZ81_06690,-1.1520045598348,significant_down,day 31
ACZ81_08230,-1.15103816986084,significant_down,day 31
ACZ81_02350,-1.15094025929769,significant_down,day 31
ACZ81_11570,-1.14886252085368,significant_down,day 31
ACZ81_04665,-1.14744408925374,significant_down,day 31
ACZ81_11245,-1.14618492126465,not_significant,day 18
ACZ81_19845,-1.14616552988688,significant_down,day 31
ACZ81_15055,-1.14483165740967,significant_down,day 31
ACZ81_01270,-1.13942782084147,not_significant,day 18
ACZ81_17870,-1.13569927215576,significant_down,day 31
ACZ81_00735,-1.13389746348063,significant_down,day 31
ACZ81_16775,1.13370672861735,not_significant,day 31
ACZ81_07050,-1.13346767425538,significant_down,day 31
ACZ81_13790,-1.13306077321371,significant_down,day 31
ACZ81_00570,-1.12754726409912,significant_down,day 31
ACZ81_02275,-1.12660566965739,significant_down,day 31
ACZ81_01030,-1.12569681803386,not_significant,day 18
ACZ81_11280,1.12517770131429,significant_up,day 31
ACZ81_12180,-1.12259705861409,not_significant,day 31
ACZ81_16350,1.12182394663493,not_significant,day 31
ACZ81_06895,-1.12116845448812,significant_down,day 31
ACZ81_05430,-1.1202605565389,significant_down,day 31
ACZ81_18375,1.12012577056884,significant_up,day 31
ACZ81_15300,-1.12007236480713,significant_down,day 31
ACZ81_06705,-1.11670271555583,significant_down,day 31
ACZ81_12275,-1.11537901560466,significant_down,day 31
ACZ81_03865,-1.11531289418539,significant_down,day 31
ACZ81_18855,-1.11417039235433,significant_down,day 31
ACZ81_01700,-1.11358292897542,significant_down,day 31
ACZ81_12775,-1.1133508682251,significant_down,day 31
ACZ81_08760,-1.1101541519165,significant_down,day 31
ACZ81_18580,-1.10916169484456,significant_down,day 31
ACZ81_05570,1.10474427541097,significant_up,day 31
ACZ81_13460,-1.10439523061116,significant_down,day 31
ACZ81_06890,-1.10405127207438,significant_down,day 31
ACZ81_10690,-1.10296726226807,significant_down,day 31
ACZ81_08075,1.10031382242838,not_significant,day 18
ACZ81_11205,1.10010592142741,not_significant,day 18
ACZ81_13960,1.09979152679443,significant_up,day 31
ACZ81_14375,1.09640534718832,significant_up,day 31
ACZ81_19860,1.09610875447591,not_significant,day 18
ACZ81_13515,-1.09524313608805,significant_down,day 31
ACZ81_00965,-1.09511216481527,significant_down,day 31
ACZ81_03505,-1.0935951868693,significant_down,day 31
ACZ81_14810,1.0919443766276,not_significant,day 18
ACZ81_16880,1.09109973907471,significant_up,day 31
ACZ81_12245,1.0903476079305,not_significant,day 31
ACZ81_09725,1.08975823720296,not_significant,day 31
ACZ81_19925,1.08843390146891,significant_up,day 31
ACZ81_10195,-1.08544031778971,not_significant,day 18
ACZ81_14515,-1.08473428090414,significant_down,day 31
ACZ81_00065,-1.08436997731527,significant_down,day 31
ACZ81_12810,-1.08353837331136,not_significant,day 31
ACZ81_00030,-1.08341693878174,significant_down,day 31
ACZ81_08025,-1.08315245310465,significant_down,day 31
ACZ81_14865,1.08259487152099,not_significant,day 31
ACZ81_16930,-1.08246771494548,significant_down,day 31
ACZ81_17995,-1.08246771494548,significant_down,day 31
ACZ81_13610,-1.0824302037557,significant_down,day 31
ACZ81_07935,-1.0818764368693,significant_down,day 31
ACZ81_17895,1.08163293202718,significant_up,day 31
ACZ81_12710,-1.07997290293376,significant_down,day 31
ACZ81_03570,-1.07986736297607,significant_down,day 31
ACZ81_16685,1.07736841837565,not_significant,day 18
ACZ81_12510,1.07701333363851,not_significant,day 31
ACZ81_15855,1.07618427276611,significant_up,day 31
ACZ81_07330,-1.07594966888428,significant_down,day 31
ACZ81_12115,-1.07572714487712,significant_down,day 31
ACZ81_12665,1.07569408416748,significant_up,day 31
ACZ81_18820,-1.07553323109944,significant_down,day 31
ACZ81_10210,-1.07533995310465,significant_down,day 31
ACZ81_17765,-1.07373650868733,significant_down,day 31
ACZ81_RS21675,1.07326698303223,not_significant,day 18
ACZ81_18285,-1.06835333506266,significant_down,day 31
ACZ81_04560,-1.06825669606527,significant_down,day 31
ACZ81_02545,-1.0678186416626,not_significant,day 31
ACZ81_16170,-1.06771818796794,significant_down,day 31
ACZ81_04675,-1.06691201527913,significant_down,day 31
ACZ81_10145,-1.0657860438029,significant_down,day 31
ACZ81_01190,1.06549294789632,significant_up,day 31
ACZ81_11735,-1.06541220347087,significant_down,day 31
ACZ81_08220,1.06382433573405,not_significant,day 18
ACZ81_16810,1.06348133087158,not_significant,day 31
ACZ81_05460,1.06310304005941,significant_up,day 31
ACZ81_10025,1.06266371409098,not_significant,day 31
ACZ81_03950,-1.06199932098389,significant_down,day 31
ACZ81_18290,-1.06059805552165,significant_down,day 31
ACZ81_03595,1.05963325500488,not_significant,day 18
ACZ81_17155,-1.05924956003825,significant_down,day 31
ACZ81_12205,1.0571387608846,not_significant,day 31
ACZ81_13090,1.05687236785889,significant_up,day 31
ACZ81_04020,-1.05652077992757,significant_down,day 31
ACZ81_01905,-1.05624548594157,significant_down,day 31
ACZ81_05875,-1.0552323659261,not_significant,day 18
ACZ81_02280,-1.05478509267171,significant_down,day 31
ACZ81_13455,-1.05342960357666,significant_down,day 31
ACZ81_06560,1.05291525522868,significant_up,day 31
ACZ81_12355,1.05230840047201,not_significant,day 18
ACZ81_13305,-1.04931863149007,significant_down,day 31
ACZ81_07380,-1.04925696055094,significant_down,day 31
ACZ81_19295,1.04898738861084,significant_up,day 31
ACZ81_04510,-1.0489673614502,not_significant,day 18
ACZ81_01495,-1.04816150665283,significant_down,day 31
ACZ81_10910,-1.04687849680583,significant_down,day 31
ACZ81_04555,-1.04624112447103,not_significant,day 18
ACZ81_15430,1.04527950286865,not_significant,day 31
ACZ81_11140,-1.04501819610596,significant_down,day 31
ACZ81_18455,-1.04379812876383,significant_down,day 31
ACZ81_13575,1.04087479909261,significant_up,day 31
ACZ81_00280,-1.04067484537761,not_significant,day 18
ACZ81_09010,-1.03999042510986,significant_down,day 31
ACZ81_11275,1.03952439626058,significant_up,day 31
ACZ81_06625,-1.03907362620036,significant_down,day 31
ACZ81_15885,-1.03793780008952,not_significant,day 18
ACZ81_11695,-1.03763675689697,significant_down,day 31
ACZ81_13100,-1.03705374399821,significant_down,day 31
ACZ81_06360,1.03617191314697,not_significant,day 31
ACZ81_14015,-1.03411642710368,significant_down,day 31
ACZ81_05120,-1.03364594777425,significant_down,day 31
ACZ81_04925,1.03354040781657,significant_up,day 31
ACZ81_01935,-1.0312884648641,significant_down,day 31
ACZ81_09330,-1.03003533681234,significant_down,day 31
ACZ81_02290,-1.02917575836182,significant_down,day 31
ACZ81_18080,-1.02803071339925,significant_down,day 31
ACZ81_13630,1.02792263031006,significant_up,day 31
ACZ81_11225,1.02760410308837,significant_up,day 31
ACZ81_13510,-1.02740637461344,significant_down,day 31
ACZ81_10100,-1.02615451812744,significant_down,day 31
ACZ81_17500,-1.02457714080811,significant_down,day 31
ACZ81_19175,1.02451101938884,not_significant,day 31
ACZ81_03400,-1.02416451772054,significant_down,day 31
ACZ81_12325,-1.02320384979248,significant_down,day 31
ACZ81_06335,-1.02304935455323,significant_down,day 31
ACZ81_12990,-1.02257061004639,significant_down,day 31
ACZ81_15865,-1.02098433176676,significant_down,day 31
ACZ81_15950,1.02098083496094,not_significant,day 18
ACZ81_19805,-1.01942221323649,significant_down,day 31
ACZ81_13995,1.01731204986572,not_significant,day 31
ACZ81_00990,-1.0170914332072,significant_down,day 31
ACZ81_11030,1.01581350962321,not_significant,day 31
ACZ81_20675,-1.01547654469808,significant_down,day 31
ACZ81_13040,-1.01472886403402,significant_down,day 31
ACZ81_06285,-1.01293214162191,significant_down,day 31
ACZ81_13990,1.01201979319255,significant_up,day 31
ACZ81_09795,-1.00780709584554,significant_down,day 31
ACZ81_00330,-1.00741227467855,significant_down,day 31
ACZ81_05280,-1.00728829701742,significant_down,day 31
ACZ81_17855,1.00647322336833,significant_up,day 31
ACZ81_13725,1.00637276967366,significant_up,day 31
ACZ81_18000,-1.00624942779541,significant_down,day 31
ACZ81_16105,1.00612990061442,significant_up,day 31
ACZ81_11985,1.00453090667725,significant_up,day 31
ACZ81_06370,-1.00371519724528,significant_down,day 31
ACZ81_13675,-1.003449122111,not_significant,day 18
ACZ81_14585,-1.00225671132406,significant_down,day 31
ACZ81_05980,-1.00135612487793,not_significant,day 31
ACZ81_12130,-1.0008020401001,not_significant,day 31
ACZ81_09035,-1.00029214223226,significant_down,day 31
ACZ81_18325,-0.99874718983968,not_significant,day 31
ACZ81_00010,-0.99862957000732,not_significant,day 31
ACZ81_03845,0.99767812093099,not_significant,day 18
ACZ81_03360,0.99748388926188,not_significant,day 31
ACZ81_20520,0.996761322021484,not_significant,day 18
ACZ81_17830,0.996352831522623,not_significant,day 31
ACZ81_15815,-0.994861920674643,not_significant,day 31
ACZ81_13245,-0.992885907491046,not_significant,day 31
ACZ81_08355,-0.990276336669924,not_significant,day 18
ACZ81_17535,-0.990035692850748,not_significant,day 31
ACZ81_13945,-0.989499092102051,not_significant,day 31
ACZ81_15360,0.989225069681802,not_significant,day 31
ACZ81_11285,0.989212354024252,not_significant,day 31
ACZ81_14905,0.98765977223714,not_significant,day 31
ACZ81_06205,-0.987250963846843,not_significant,day 31
ACZ81_08650,0.987100283304855,not_significant,day 31
ACZ81_14680,0.985174814860027,not_significant,day 18
ACZ81_12545,0.983384768168132,not_significant,day 31
ACZ81_03000,0.982888221740721,not_significant,day 31
ACZ81_04765,-0.982441902160648,not_significant,day 31
ACZ81_10725,0.981396039326984,not_significant,day 31
ACZ81_05565,0.980902671813964,not_significant,day 31
ACZ81_11800,0.980575879414874,not_significant,day 31
ACZ81_10105,0.980519930521647,not_significant,day 31
ACZ81_04270,-0.980478604634604,not_significant,day 31
ACZ81_15610,-0.980012575785318,not_significant,day 31
ACZ81_05310,-0.979955991109213,not_significant,day 31
ACZ81_18110,0.976876894632977,not_significant,day 31
ACZ81_02060,-0.97646490732829,not_significant,day 31
ACZ81_04180,-0.975865364074708,not_significant,day 31
ACZ81_06050,-0.97523212432861,not_significant,day 31
ACZ81_09940,0.973823865254723,not_significant,day 31
ACZ81_17705,-0.973601341247554,not_significant,day 31
ACZ81_14095,-0.973572731018069,not_significant,day 31
ACZ81_02265,-0.972801526387532,not_significant,day 31
ACZ81_16885,0.972801526387531,not_significant,day 31
ACZ81_01705,-0.972784678141273,not_significant,day 18
ACZ81_20305,0.971434593200684,not_significant,day 31
ACZ81_19450,0.970767339070639,not_significant,day 18
ACZ81_04560,-0.970621109008783,not_significant,day 18
ACZ81_03480,0.970469792683917,not_significant,day 18
ACZ81_07135,-0.97041352589925,not_significant,day 31
ACZ81_02930,-0.970164934794109,not_significant,day 31
ACZ81_10620,-0.969770113627118,not_significant,day 31
ACZ81_19070,-0.969530423482261,not_significant,day 31
ACZ81_19335,-0.969077746073406,not_significant,day 31
ACZ81_04060,-0.967926979064942,not_significant,day 31
ACZ81_02055,-0.967143058776857,not_significant,day 31
ACZ81_08565,-0.966652234395343,not_significant,day 31
ACZ81_19610,0.966065088907878,not_significant,day 18
ACZ81_10300,0.966064135233556,not_significant,day 31
ACZ81_11930,0.965040206909181,not_significant,day 18
ACZ81_17775,0.964957237243651,not_significant,day 31
ACZ81_03250,0.96384843190511,not_significant,day 31
ACZ81_18105,-0.963653246561686,not_significant,day 31
ACZ81_06900,0.963579495747884,not_significant,day 31
ACZ81_10765,0.963362693786622,not_significant,day 31
ACZ81_08235,0.96274216969808,not_significant,day 31
ACZ81_07340,-0.962512652079263,not_significant,day 31
ACZ81_12330,0.962045351664227,not_significant,day 31
ACZ81_00050,-0.96121088663737,not_significant,day 18
ACZ81_05880,-0.961147626241049,not_significant,day 31
ACZ81_13670,-0.957863171895343,not_significant,day 31
ACZ81_13905,0.957536379496257,not_significant,day 31
ACZ81_09980,-0.957297325134277,not_significant,day 31
ACZ81_07730,0.956002235412598,not_significant,day 31
ACZ81_16265,-0.954332033793132,not_significant,day 31
ACZ81_10865,-0.953279177347816,not_significant,day 31
ACZ81_02990,-0.952971140543619,not_significant,day 18
ACZ81_00090,0.952862739562989,not_significant,day 31
ACZ81_18030,-0.952134768168136,not_significant,day 31
ACZ81_06925,-0.951913515726727,not_significant,day 31
ACZ81_11825,-0.95102596282959,not_significant,day 31
ACZ81_00980,0.94909699757894,not_significant,day 31
ACZ81_14750,-0.943854967753091,not_significant,day 31
ACZ81_09360,-0.943727811177573,not_significant,day 31
ACZ81_17805,-0.94371509552002,not_significant,day 31
ACZ81_01635,-0.943134625752769,not_significant,day 31
ACZ81_12590,-0.942905743916829,not_significant,day 31
ACZ81_02315,0.941920598347979,not_significant,day 18
ACZ81_05300,-0.941688855489093,not_significant,day 31
ACZ81_09875,-0.939894040425618,not_significant,day 31
ACZ81_12295,-0.938986778259277,not_significant,day 31
ACZ81_05965,-0.93756071726481,not_significant,day 31
ACZ81_14565,-0.935055732727056,not_significant,day 31
ACZ81_17445,-0.932355562845866,not_significant,day 31
ACZ81_12880,-0.932204882303874,not_significant,day 31
ACZ81_16600,0.930967330932619,not_significant,day 18
ACZ81_17660,-0.930666287740074,not_significant,day 31
ACZ81_09695,0.930488904317222,not_significant,day 31
ACZ81_09690,-0.929713884989421,not_significant,day 31
ACZ81_04240,0.929542541503909,not_significant,day 18
ACZ81_13120,-0.929026921590169,not_significant,day 18
ACZ81_16115,0.928821563720702,not_significant,day 18
ACZ81_12525,-0.928653399149576,not_significant,day 31
ACZ81_07800,0.928225517272947,not_significant,day 31
ACZ81_16860,-0.92717202504476,not_significant,day 31
ACZ81_02405,-0.92314116160075,not_significant,day 31
ACZ81_08875,0.92111968994141,not_significant,day 18
ACZ81_14435,-0.920781771341959,not_significant,day 31
ACZ81_08585,0.920042991638184,not_significant,day 31
ACZ81_04075,-0.919727007548016,not_significant,day 31
ACZ81_20140,-0.91925398508708,not_significant,day 31
ACZ81_16420,-0.918649991353352,not_significant,day 31
ACZ81_17075,-0.917571703592934,not_significant,day 31
ACZ81_03680,0.917247454325358,not_significant,day 31
ACZ81_04105,-0.917154630025224,not_significant,day 31
ACZ81_14170,0.916082064310713,not_significant,day 31
ACZ81_04265,-0.913977622985839,not_significant,day 31
ACZ81_00210,-0.913883527119954,not_significant,day 31
ACZ81_16000,-0.913453102111819,not_significant,day 31
ACZ81_14545,-0.913269360860191,not_significant,day 31
ACZ81_05380,-0.912225405375164,not_significant,day 31
ACZ81_08995,0.910684903462728,not_significant,day 31
ACZ81_18365,-0.909326871236164,not_significant,day 31
ACZ81_13555,-0.908404350280762,not_significant,day 31
ACZ81_15105,-0.908106803894045,not_significant,day 31
ACZ81_02370,0.908026059468587,not_significant,day 31
ACZ81_20305,0.907883961995444,not_significant,day 18
ACZ81_18565,0.907806078592937,not_significant,day 31
ACZ81_17355,-0.907211621602376,not_significant,day 31
ACZ81_04025,-0.906576474507652,not_significant,day 31
ACZ81_01705,0.906533877054851,not_significant,day 31
ACZ81_17595,0.905973752339681,not_significant,day 31
ACZ81_18550,0.905446370442706,not_significant,day 18
ACZ81_05085,-0.90345859527588,not_significant,day 31
ACZ81_05285,-0.903263409932453,not_significant,day 31
ACZ81_16195,0.902367909749346,not_significant,day 18
ACZ81_05240,-0.901400566101073,not_significant,day 31
ACZ81_10170,-0.90031369527181,not_significant,day 18
ACZ81_16370,-0.899271011352536,not_significant,day 18
ACZ81_16715,-0.897631645202637,not_significant,day 31
ACZ81_13800,-0.897023836771647,not_significant,day 31
ACZ81_01830,0.896759668986001,not_significant,day 18
ACZ81_01100,0.89644432067871,not_significant,day 18
ACZ81_07585,0.896361986796057,not_significant,day 31
ACZ81_05880,-0.896116256713868,not_significant,day 18
ACZ81_11625,-0.895532925923664,not_significant,day 31
ACZ81_08545,-0.894670486450195,not_significant,day 18
ACZ81_05315,-0.893751780192057,not_significant,day 18
ACZ81_01005,-0.892468452453614,not_significant,day 31
ACZ81_06120,-0.892416318257646,not_significant,day 31
ACZ81_00530,0.892211596171062,not_significant,day 31
ACZ81_15345,-0.891582806905111,not_significant,day 31
ACZ81_11225,0.890443166097003,not_significant,day 18
ACZ81_08525,-0.888051033020021,not_significant,day 31
ACZ81_12475,0.887970924377446,not_significant,day 31
ACZ81_16725,-0.886272112528478,not_significant,day 31
ACZ81_07495,-0.886205991109213,not_significant,day 31
ACZ81_11795,0.883697827657067,not_significant,day 31
ACZ81_17885,0.88329283396403,not_significant,day 31
ACZ81_03070,-0.88327121734619,not_significant,day 31
ACZ81_00250,0.883201281229656,not_significant,day 31
ACZ81_07365,-0.880493481953944,not_significant,day 31
ACZ81_04710,-0.879389127095542,not_significant,day 31
ACZ81_11935,-0.878321647644043,not_significant,day 31
ACZ81_11210,0.877945582071935,not_significant,day 18
ACZ81_19480,-0.877597173055015,not_significant,day 18
ACZ81_11560,-0.876680692036943,not_significant,day 31
ACZ81_07715,0.876536687215173,not_significant,day 18
ACZ81_18905,-0.87622737884522,not_significant,day 31
ACZ81_07160,-0.876072247823079,not_significant,day 31
ACZ81_00550,-0.87605063120524,not_significant,day 31
ACZ81_19295,-0.875552495320639,not_significant,day 18
ACZ81_04930,-0.875398635864259,not_significant,day 18
ACZ81_15875,0.87315781911214,not_significant,day 31
ACZ81_19475,-0.871799151102701,not_significant,day 31
ACZ81_14930,0.870256741841634,not_significant,day 31
ACZ81_13320,0.870230674743652,not_significant,day 31
ACZ81_11405,-0.868579546610513,not_significant,day 31
ACZ81_18305,-0.867766380310056,not_significant,day 31
ACZ81_11195,-0.86702505747477,not_significant,day 31
ACZ81_00545,-0.866523424784343,not_significant,day 31
ACZ81_15295,-0.865892728169757,not_significant,day 31
ACZ81_03215,0.865415891011557,not_significant,day 31
ACZ81_02990,-0.865257581075033,not_significant,day 31
ACZ81_04565,-0.864352226257323,not_significant,day 31
ACZ81_10240,-0.86421616872152,not_significant,day 31
ACZ81_03485,0.864028612772624,not_significant,day 31
ACZ81_18850,-0.863931337992349,not_significant,day 31
ACZ81_10695,-0.863917032877602,not_significant,day 18
ACZ81_11595,-0.862837791442871,not_significant,day 31
ACZ81_05625,0.862246513366696,not_significant,day 31
ACZ81_09240,-0.860998153686522,not_significant,day 18
ACZ81_00070,-0.860945065816244,not_significant,day 31
ACZ81_14520,-0.859423637390138,not_significant,day 31
ACZ81_13120,-0.859194755554199,not_significant,day 31
ACZ81_12605,-0.858288764953613,not_significant,day 31
ACZ81_08425,0.857658704121908,not_significant,day 31
ACZ81_01750,-0.857208569844566,not_significant,day 31
ACZ81_00105,-0.856944084167478,not_significant,day 31
ACZ81_10305,0.8564821879069,not_significant,day 18
ACZ81_18970,0.855758984883628,not_significant,day 31
ACZ81_15905,0.855572064717611,not_significant,day 31
ACZ81_13660,-0.854883511861168,not_significant,day 31
ACZ81_05035,0.85410181681315,not_significant,day 18
ACZ81_08415,-0.85319995880127,not_significant,day 31
ACZ81_06160,-0.853031476338704,not_significant,day 31
ACZ81_10655,-0.851842562357586,not_significant,day 31
ACZ81_13050,-0.85134156545003,not_significant,day 31
ACZ81_17820,-0.850945472717287,not_significant,day 31
ACZ81_12255,-0.849939028422037,not_significant,day 31
ACZ81_05150,-0.847857793172201,not_significant,day 18
ACZ81_09710,0.847390810648601,not_significant,day 31
ACZ81_05575,0.84708404541016,not_significant,day 18
ACZ81_03075,-0.847063382466634,not_significant,day 31
ACZ81_12680,0.846285184224448,not_significant,day 31
ACZ81_15040,-0.845850944519043,not_significant,day 31
ACZ81_00575,-0.844565391540524,not_significant,day 31
ACZ81_04915,-0.842885653177897,not_significant,day 31
ACZ81_08720,0.84209187825521,not_significant,day 18
ACZ81_04110,0.84118398030599,not_significant,day 18
ACZ81_00865,0.841031392415364,not_significant,day 18
ACZ81_01095,0.840414047241213,not_significant,day 18
ACZ81_16730,-0.83983325958252,not_significant,day 31
ACZ81_14685,-0.83857822418213,not_significant,day 31
ACZ81_18115,0.838303565979003,not_significant,day 31
ACZ81_03750,-0.837818463643393,not_significant,day 31
ACZ81_15330,0.837294260660806,not_significant,day 18
ACZ81_05270,-0.837258974711102,not_significant,day 31
ACZ81_10825,-0.836440086364747,not_significant,day 31
ACZ81_06345,-0.835673967997232,not_significant,day 31
ACZ81_00845,-0.835436185201008,not_significant,day 31
ACZ81_02005,-0.834755261739097,not_significant,day 31
ACZ81_13920,-0.834033648173014,not_significant,day 31
ACZ81_08680,-0.832929293314614,not_significant,day 31
ACZ81_00130,-0.832430203755697,not_significant,day 31
ACZ81_08065,-0.831937154134115,not_significant,day 18
ACZ81_17700,-0.831768353780109,not_significant,day 31
ACZ81_14770,-0.831521670023601,not_significant,day 31
ACZ81_05320,-0.831116358439128,not_significant,day 18
ACZ81_09150,-0.830433527628585,not_significant,day 18
ACZ81_01160,0.82918135325114,not_significant,day 31
ACZ81_09535,-0.828540484110517,not_significant,day 31
ACZ81_06025,-0.828482627868652,not_significant,day 31
ACZ81_14105,0.827670097351075,not_significant,day 31
ACZ81_06785,-0.827054023742675,not_significant,day 31
ACZ81_01165,-0.826453844706215,not_significant,day 31
ACZ81_13265,0.825039863586426,not_significant,day 31
ACZ81_11160,-0.823543866475426,not_significant,day 31
ACZ81_10380,0.823414166768397,not_significant,day 31
ACZ81_17035,-0.82323487599691,not_significant,day 31
ACZ81_15445,0.820418993631998,not_significant,day 31
ACZ81_15645,-0.819580396016438,not_significant,day 31
ACZ81_19540,-0.819182395935059,not_significant,day 31
ACZ81_16290,0.81907335917155,not_significant,day 18
ACZ81_00505,-0.817816734313962,not_significant,day 31
ACZ81_09515,-0.817622820536297,not_significant,day 31
ACZ81_06150,-0.817102750142414,not_significant,day 31
ACZ81_13925,0.816448211669922,not_significant,day 18
ACZ81_09195,0.816276232401529,not_significant,day 31
ACZ81_02410,0.81624984741211,not_significant,day 18
ACZ81_02345,-0.815766970316568,not_significant,day 31
ACZ81_03510,-0.815482139587403,not_significant,day 31
ACZ81_19835,-0.812992413838704,not_significant,day 31
ACZ81_00560,0.809404055277503,not_significant,day 31
ACZ81_13585,-0.808975537618002,not_significant,day 31
ACZ81_13795,-0.808909416198731,not_significant,day 31
ACZ81_02810,0.808147748311359,not_significant,day 31
ACZ81_10090,-0.806891441345215,not_significant,day 31
ACZ81_03465,-0.806644121805822,not_significant,day 31
ACZ81_06285,-0.804798762003578,not_significant,day 18
ACZ81_20620,-0.804638862609863,not_significant,day 31
ACZ81_16850,0.804277420043947,not_significant,day 18
ACZ81_08590,-0.804058392842614,not_significant,day 31
ACZ81_19745,-0.803346951802569,not_significant,day 31
ACZ81_17990,0.802278200785324,not_significant,day 31
ACZ81_03140,0.800424257914225,not_significant,day 31
ACZ81_16370,-0.800044059753416,not_significant,day 31
ACZ81_06945,0.799110094706219,not_significant,day 31
ACZ81_10685,-0.79830519358317,not_significant,day 31
ACZ81_09455,-0.797825813293457,not_significant,day 31
ACZ81_13865,-0.797364234924317,not_significant,day 31
ACZ81_04770,-0.7960786819458,not_significant,day 31
ACZ81_17480,0.795975367228193,not_significant,day 18
ACZ81_11710,-0.795815467834473,not_significant,day 31
ACZ81_16335,0.795762697855632,not_significant,day 31
ACZ81_07960,-0.794644037882487,not_significant,day 18
ACZ81_02360,-0.794482866923014,not_significant,day 31
ACZ81_10840,-0.793411572774251,not_significant,day 31
ACZ81_02875,-0.793387413024902,not_significant,day 31
ACZ81_16955,-0.791550000508627,not_significant,day 31
ACZ81_16295,0.789889335632327,not_significant,day 31
ACZ81_06950,0.78973038991292,not_significant,day 31
ACZ81_06435,-0.789587338765463,not_significant,day 31
ACZ81_18860,0.789287567138673,not_significant,day 18
ACZ81_19755,-0.788884798685708,not_significant,day 31
ACZ81_07055,-0.788249015808106,not_significant,day 31
ACZ81_13580,-0.78816318511963,not_significant,day 31
ACZ81_05355,0.787983258565264,not_significant,day 31
ACZ81_13955,0.78793589274088,not_significant,day 18
ACZ81_11940,0.787414232889814,not_significant,day 31
ACZ81_09615,0.786775906880695,not_significant,day 31
ACZ81_07705,-0.786434491475424,not_significant,day 31
ACZ81_16720,-0.7862335840861,not_significant,day 31
ACZ81_15195,-0.786159197489421,not_significant,day 31
ACZ81_05065,0.785830179850261,not_significant,day 18
ACZ81_13165,-0.785444577534995,not_significant,day 31
ACZ81_01015,0.784970601399743,not_significant,day 18
ACZ81_05865,-0.784946759541826,not_significant,day 31
ACZ81_04830,-0.784869194030763,not_significant,day 31
ACZ81_03535,-0.784781455993651,not_significant,day 31
ACZ81_17895,0.784470240275066,not_significant,day 18
ACZ81_18810,0.784301122029622,not_significant,day 18
ACZ81_18360,-0.783033053080241,not_significant,day 31
ACZ81_16835,-0.782054583231607,not_significant,day 31
ACZ81_03940,-0.78165340423584,not_significant,day 31
ACZ81_03780,0.781510670979819,not_significant,day 18
ACZ81_03850,0.781447092692057,not_significant,day 18
ACZ81_15160,-0.781040827433267,not_significant,day 18
ACZ81_07815,-0.780191739400227,not_significant,day 31
ACZ81_06240,0.77996857961019,not_significant,day 31
ACZ81_08365,-0.778838793436688,not_significant,day 31
ACZ81_09910,-0.778391202290853,not_significant,day 31
ACZ81_08085,-0.778076807657881,not_significant,day 18
ACZ81_08805,-0.77648131052653,not_significant,day 31
ACZ81_09240,-0.774390856424967,not_significant,day 31
ACZ81_05885,-0.774306615193684,not_significant,day 18
ACZ81_02150,-0.77387269337972,not_significant,day 31
ACZ81_10175,-0.773290952046711,not_significant,day 31
ACZ81_00450,0.772546450297037,not_significant,day 31
ACZ81_05440,0.772267977396646,not_significant,day 31
ACZ81_11130,-0.771665255228677,not_significant,day 31
ACZ81_10245,0.771024386088053,not_significant,day 31
ACZ81_14900,0.770444869995123,not_significant,day 18
ACZ81_14040,-0.770428021748861,not_significant,day 31
ACZ81_01045,-0.769982973734538,not_significant,day 31
ACZ81_04900,0.769846280415851,not_significant,day 31
ACZ81_09285,-0.769687970479333,not_significant,day 31
ACZ81_19720,-0.769368807474774,not_significant,day 31
ACZ81_17040,-0.769013404846193,not_significant,day 31
ACZ81_06635,0.767967859903969,not_significant,day 18
ACZ81_06035,-0.767741521199544,not_significant,day 18
ACZ81_08420,0.767525672912599,not_significant,day 31
ACZ81_09460,0.767177263895671,not_significant,day 31
ACZ81_01180,-0.765303611755372,not_significant,day 31
ACZ81_12535,-0.76351006825765,not_significant,day 31
ACZ81_18650,-0.763161023457844,not_significant,day 31
ACZ81_15340,-0.762212753295902,not_significant,day 18
ACZ81_03760,-0.76205539703369,not_significant,day 31
ACZ81_00405,-0.760295550028483,not_significant,day 31
ACZ81_05700,-0.75899346669515,not_significant,day 31
ACZ81_02800,-0.758668581644695,not_significant,day 31
ACZ81_14800,-0.757608095804846,not_significant,day 31
ACZ81_00005,-0.757238070170085,not_significant,day 31
ACZ81_05705,-0.756518999735513,not_significant,day 31
ACZ81_01075,-0.754382133483888,not_significant,day 31
ACZ81_02295,-0.753514925638833,not_significant,day 31
ACZ81_12720,-0.752877235412597,not_significant,day 31
ACZ81_02460,0.752772013346355,not_significant,day 18
ACZ81_10205,0.751853624979657,not_significant,day 31
ACZ81_18125,0.751738230387369,not_significant,day 18
ACZ81_17380,-0.751458485921224,not_significant,day 18
ACZ81_15090,-0.751160621643067,not_significant,day 31
ACZ81_01790,-0.750848452250163,not_significant,day 31
ACZ81_04605,-0.750414848327637,not_significant,day 31
ACZ81_07425,-0.750117301940917,not_significant,day 31
ACZ81_03880,-0.749766031901042,not_significant,day 18
ACZ81_05530,0.749133427937823,not_significant,day 18
ACZ81_18645,0.747507095336914,not_significant,day 18
ACZ81_12565,-0.747030576070148,not_significant,day 31
ACZ81_11005,-0.746154467264812,not_significant,day 31
ACZ81_19215,-0.746070543924966,not_significant,day 31
ACZ81_13070,-0.744659105936689,not_significant,day 31
ACZ81_13595,-0.742908795674641,not_significant,day 31
ACZ81_11720,-0.740556399027506,not_significant,day 31
ACZ81_07130,0.739888191223143,not_significant,day 31
ACZ81_08655,0.739703814188641,not_significant,day 31
ACZ81_09985,0.73959255218506,not_significant,day 31
ACZ81_07845,-0.73941421508789,not_significant,day 18
ACZ81_08095,0.738934834798179,not_significant,day 18
ACZ81_05130,-0.738144874572754,not_significant,day 31
ACZ81_09570,-0.737985293070474,not_significant,day 31
ACZ81_12700,0.737902005513508,not_significant,day 31
ACZ81_14935,-0.737220446268718,not_significant,day 31
ACZ81_16305,-0.736871083577474,not_significant,day 18
ACZ81_08745,0.736774126688639,not_significant,day 31
ACZ81_06895,-0.736675898234048,not_significant,day 18
ACZ81_14215,-0.736611366271975,not_significant,day 31
ACZ81_09535,-0.736592610677083,not_significant,day 18
ACZ81_13465,-0.736427625020346,not_significant,day 31
ACZ81_19875,-0.736085573832195,not_significant,day 31
ACZ81_18155,-0.735249519348147,not_significant,day 31
ACZ81_02755,0.734933535257974,not_significant,day 31
ACZ81_14710,-0.734660148620607,not_significant,day 31
ACZ81_00990,-0.734281539916992,not_significant,day 18
ACZ81_15435,-0.73274644215902,not_significant,day 31
ACZ81_01085,0.73256238301595,not_significant,day 18
ACZ81_14450,-0.732093493143719,not_significant,day 31
ACZ81_16875,-0.732017199198409,not_significant,day 31
ACZ81_03475,-0.731415748596189,not_significant,day 31
ACZ81_14945,-0.731128374735514,not_significant,day 31
ACZ81_17910,0.730399767557777,not_significant,day 31
ACZ81_17090,0.729046821594238,not_significant,day 31
ACZ81_12705,-0.728646596272787,not_significant,day 18
ACZ81_16595,-0.728545188903808,not_significant,day 31
ACZ81_00270,-0.727449735005697,not_significant,day 31
ACZ81_11100,0.726421356201174,not_significant,day 18
ACZ81_12760,0.725193659464517,not_significant,day 18
ACZ81_14890,0.72508430480957,not_significant,day 18
ACZ81_04165,-0.725068728129071,not_significant,day 31
ACZ81_00315,-0.724335034688319,not_significant,day 31
ACZ81_02980,0.723199526468913,not_significant,day 31
ACZ81_10690,-0.72319475809733,not_significant,day 18
ACZ81_19165,-0.722754478454592,not_significant,day 31
ACZ81_20205,-0.722742716471353,not_significant,day 18
ACZ81_03690,-0.72243785858154,not_significant,day 31
ACZ81_13730,0.722336769104004,not_significant,day 31
ACZ81_20300,-0.72195816040039,not_significant,day 18
ACZ81_06385,-0.721892356872556,not_significant,day 31
ACZ81_09760,-0.721664110819498,not_significant,day 31
ACZ81_09885,0.72124926249186,not_significant,day 18
ACZ81_02340,-0.72103722890218,not_significant,day 31
ACZ81_18665,-0.719759305318197,not_significant,day 31
ACZ81_08600,-0.719048817952475,not_significant,day 18
ACZ81_16800,0.717724482218423,not_significant,day 18
ACZ81_06575,0.717553456624347,not_significant,day 18
ACZ81_10370,0.716842651367191,not_significant,day 18
ACZ81_16275,-0.71637789408366,not_significant,day 18
ACZ81_06055,-0.71581935882568,not_significant,day 31
ACZ81_00885,0.715195655822753,not_significant,day 31
ACZ81_06955,-0.71470324198405,not_significant,day 18
ACZ81_07315,-0.714482625325527,not_significant,day 18
ACZ81_14150,0.714010556538899,not_significant,day 31
ACZ81_17540,-0.712842623392741,not_significant,day 31
ACZ81_08085,-0.712240537007652,not_significant,day 31
ACZ81_17070,-0.71163845062256,not_significant,day 31
ACZ81_12350,-0.711020469665528,not_significant,day 31
ACZ81_00425,0.710615475972494,not_significant,day 31
ACZ81_15640,0.710577328999833,not_significant,day 31
ACZ81_05805,0.710277875264487,not_significant,day 31
ACZ81_09770,0.710070292154954,not_significant,day 18
ACZ81_04520,-0.709727605183917,not_significant,day 18
ACZ81_10485,-0.708535194396973,not_significant,day 31
ACZ81_00565,-0.708040555318198,not_significant,day 31
ACZ81_18780,-0.70712184906006,not_significant,day 31
ACZ81_05580,-0.705934206644693,not_significant,day 31
ACZ81_15620,-0.70587952931722,not_significant,day 31
ACZ81_11605,-0.705250104268393,not_significant,day 31
ACZ81_01595,-0.705020268758138,not_significant,day 18
ACZ81_06110,-0.70500914255778,not_significant,day 31
ACZ81_13775,-0.704674720764159,not_significant,day 31
ACZ81_16440,-0.704559008280438,not_significant,day 31
ACZ81_16155,0.70321909586589,not_significant,day 18
ACZ81_05070,0.703081766764321,not_significant,day 18
ACZ81_06195,-0.702965736389158,not_significant,day 31
ACZ81_17460,0.698591868082685,not_significant,day 18
ACZ81_09900,-0.698374112447103,not_significant,day 31
ACZ81_05875,-0.697652498881018,not_significant,day 31
ACZ81_14375,0.697581609090174,not_significant,day 18
ACZ81_16470,-0.697429339090982,not_significant,day 31
ACZ81_08540,-0.697240829467774,not_significant,day 18
ACZ81_03260,0.697006861368814,not_significant,day 18
ACZ81_11680,-0.696861902872719,not_significant,day 18
ACZ81_17580,-0.696858406066896,not_significant,day 31
ACZ81_14510,0.696810086568196,not_significant,day 31
ACZ81_10220,0.696455637613933,not_significant,day 18
ACZ81_00460,0.696452776590986,not_significant,day 31
ACZ81_12265,-0.694732348124186,not_significant,day 31
ACZ81_07410,0.694622357686361,not_significant,day 31
ACZ81_16645,0.69357999165853,not_significant,day 18
ACZ81_04705,-0.692590395609538,not_significant,day 31
ACZ81_05200,-0.692520459493001,not_significant,day 31
ACZ81_00025,0.692385673522949,not_significant,day 31
ACZ81_09870,-0.692181587219238,not_significant,day 31
ACZ81_01585,-0.691557248433431,not_significant,day 31
ACZ81_12890,0.690979003906252,not_significant,day 18
ACZ81_07080,-0.69002374013265,not_significant,day 31
ACZ81_13580,0.68944549560547,not_significant,day 18
ACZ81_19565,-0.68853219350179,not_significant,day 31
ACZ81_09140,-0.687432289123535,not_significant,day 31
ACZ81_10900,-0.687392870585124,not_significant,day 31
ACZ81_05335,-0.687031745910643,not_significant,day 31
ACZ81_10490,-0.686106681823733,not_significant,day 31
ACZ81_06700,0.684780438741047,not_significant,day 31
ACZ81_05860,-0.684484799702961,not_significant,day 31
ACZ81_09915,0.684250831604004,not_significant,day 31
ACZ81_13095,-0.684088071187338,not_significant,day 31
ACZ81_08110,0.682591756184894,not_significant,day 18
ACZ81_01690,0.682115236918131,not_significant,day 31
ACZ81_00595,0.68158562978109,not_significant,day 31
ACZ81_17465,0.680702845255534,not_significant,day 18
ACZ81_12710,-0.680548985799152,not_significant,day 18
ACZ81_00940,-0.680239041646322,not_significant,day 31
ACZ81_13595,0.679903030395507,not_significant,day 18
ACZ81_11010,-0.678970019022623,not_significant,day 31
ACZ81_02470,0.678560892740886,not_significant,day 18
ACZ81_03730,0.678249041239422,not_significant,day 31
ACZ81_16925,-0.677240689595539,not_significant,day 31
ACZ81_01925,-0.676998774210607,not_significant,day 18
ACZ81_02165,-0.676280657450359,not_significant,day 31
ACZ81_16240,0.67510477701823,not_significant,day 18
ACZ81_13115,-0.67481867472331,not_significant,day 18
ACZ81_11995,-0.674347877502441,not_significant,day 31
ACZ81_11305,-0.6734406153361,not_significant,day 31
ACZ81_04650,0.672203381856282,not_significant,day 31
ACZ81_19395,-0.672117551167804,not_significant,day 31
ACZ81_11840,0.671090443929038,not_significant,day 18
ACZ81_15705,0.670335133870441,not_significant,day 18
ACZ81_13105,-0.66852887471517,not_significant,day 18
ACZ81_12975,-0.667075792948405,not_significant,day 31
ACZ81_10675,-0.666844367980957,not_significant,day 31
ACZ81_20350,0.666825930277506,not_significant,day 31
ACZ81_16270,0.66658369700114,not_significant,day 31
ACZ81_03295,0.666207313537599,not_significant,day 31
ACZ81_07200,0.66491063435872,not_significant,day 18
ACZ81_11975,0.664051373799641,not_significant,day 31
ACZ81_05060,0.663941701253253,not_significant,day 18
ACZ81_17270,-0.663665771484378,not_significant,day 18
ACZ81_09370,0.66352494557699,not_significant,day 31
ACZ81_02310,0.663407961527504,not_significant,day 31
ACZ81_19105,-0.662917137145993,not_significant,day 31
ACZ81_17795,-0.660953203837076,not_significant,day 31
ACZ81_13070,-0.660779317220054,not_significant,day 18
ACZ81_19950,0.660118103027344,not_significant,day 18
ACZ81_18775,0.660074551900227,not_significant,day 31
ACZ81_13725,0.658958435058593,not_significant,day 18
ACZ81_17015,0.658145268758138,not_significant,day 18
ACZ81_05660,-0.658042589823406,not_significant,day 31
ACZ81_09765,-0.657576560974119,not_significant,day 31
ACZ81_18600,-0.657416661580404,not_significant,day 18
ACZ81_10355,0.65741093953451,not_significant,day 18
ACZ81_09430,-0.657394409179694,not_significant,day 18
ACZ81_09660,-0.656734148661296,not_significant,day 31
ACZ81_03190,0.655628840128577,not_significant,day 18
ACZ81_01155,0.654940605163575,not_significant,day 31
ACZ81_11245,0.654500643412275,not_significant,day 31
ACZ81_03445,0.653069496154785,not_significant,day 31
ACZ81_03055,0.651604334513347,not_significant,day 18
ACZ81_13685,-0.651340802510581,not_significant,day 31
ACZ81_03485,0.650512695312497,not_significant,day 18
ACZ81_14675,-0.650445620218912,not_significant,day 31
ACZ81_20150,0.650292714436854,not_significant,day 18
ACZ81_09310,-0.65013281504313,not_significant,day 31
ACZ81_20520,-0.649797121683759,not_significant,day 31
ACZ81_17215,0.649080912272136,not_significant,day 18
ACZ81_17790,-0.648699442545573,not_significant,day 18
ACZ81_13015,0.648546536763514,not_significant,day 31
ACZ81_17980,0.648104985555013,not_significant,day 18
ACZ81_14955,0.647260665893552,not_significant,day 18
ACZ81_14130,0.645694414774577,not_significant,day 31
ACZ81_10895,-0.644824345906575,not_significant,day 18
ACZ81_06365,-0.644802411397293,not_significant,day 31
ACZ81_11605,-0.644346872965496,not_significant,day 18
ACZ81_05300,0.643573760986331,not_significant,day 18
ACZ81_18200,-0.64340623219808,not_significant,day 31
ACZ81_05015,0.642237981160482,not_significant,day 18
ACZ81_12545,0.641607920328776,not_significant,day 18
ACZ81_13220,0.6410026550293,not_significant,day 18
ACZ81_18860,0.640911420186362,not_significant,day 31
ACZ81_16870,0.639219284057617,not_significant,day 18
ACZ81_07005,-0.63875325520833,not_significant,day 18
ACZ81_02000,-0.638201713562012,not_significant,day 31
ACZ81_00235,0.63811524709066,not_significant,day 31
ACZ81_10150,-0.637912432352701,not_significant,day 31
ACZ81_07725,-0.637563387552895,not_significant,day 31
ACZ81_09340,-0.636813163757325,not_significant,day 31
ACZ81_17860,0.636762301127117,not_significant,day 31
ACZ81_13930,0.636446952819821,not_significant,day 31
ACZ81_09195,0.636364618937173,not_significant,day 18
ACZ81_18305,-0.636018753051756,not_significant,day 18
ACZ81_19575,-0.635742823282879,not_significant,day 18
ACZ81_04600,-0.635570208231608,not_significant,day 31
ACZ81_19175,0.635560353597007,not_significant,day 18
ACZ81_17395,0.635063807169597,not_significant,day 18
ACZ81_04885,-0.634994188944496,not_significant,day 31
ACZ81_10795,0.634888966878257,not_significant,day 18
ACZ81_19370,0.63434664408366,not_significant,day 18
ACZ81_15440,0.633309046427407,not_significant,day 18
ACZ81_15525,0.633165995279946,not_significant,day 18
ACZ81_15285,-0.632930437723795,not_significant,day 31
ACZ81_09645,0.632606824239096,not_significant,day 31
ACZ81_03000,-0.630850474039714,not_significant,day 18
ACZ81_17320,-0.63027318318685,not_significant,day 18
ACZ81_02925,-0.629974365234376,not_significant,day 18
ACZ81_04250,-0.629284222920735,not_significant,day 31
ACZ81_16695,0.628988901774088,not_significant,day 18
ACZ81_19835,0.628753662109376,not_significant,day 18
ACZ81_12915,-0.628657658894856,not_significant,day 18
ACZ81_06000,0.627332051595053,not_significant,day 18
ACZ81_08280,-0.627061525980629,not_significant,day 31
ACZ81_13155,-0.62684377034505,not_significant,day 18
ACZ81_17715,-0.626808484395349,not_significant,day 31
ACZ81_01910,-0.625975608825684,not_significant,day 31
ACZ81_11115,0.625690142313639,not_significant,day 31
ACZ81_00135,0.625538508097331,not_significant,day 18
ACZ81_07000,0.623827934265137,not_significant,day 31
ACZ81_16740,0.623526891072594,not_significant,day 18
ACZ81_16235,-0.623515764872234,not_significant,day 31
ACZ81_17100,0.622463862101237,not_significant,day 18
ACZ81_07600,-0.62228997548421,not_significant,day 31
ACZ81_10810,-0.621716181437175,not_significant,day 18
ACZ81_09205,-0.621444066365559,not_significant,day 18
ACZ81_13090,-0.621276855468751,not_significant,day 18
ACZ81_19160,0.618954658508303,not_significant,day 31
ACZ81_06475,-0.61737728118896,not_significant,day 31
ACZ81_18535,0.61689186096191,not_significant,day 18
ACZ81_07295,-0.616721789042156,not_significant,day 31
ACZ81_16880,-0.615939458211261,not_significant,day 18
ACZ81_10585,0.61587460835775,not_significant,day 18
ACZ81_17080,-0.615675608317057,not_significant,day 18
ACZ81_14785,-0.615532239278158,not_significant,day 31
ACZ81_04885,0.615099589029947,not_significant,day 18
ACZ81_05220,0.614696502685544,not_significant,day 18
ACZ81_16015,0.614458084106445,not_significant,day 18
ACZ81_00055,0.61418692270915,not_significant,day 31
ACZ81_15720,0.614151636759441,not_significant,day 18
ACZ81_06245,-0.614086151123046,not_significant,day 18
ACZ81_19145,0.613895416259769,not_significant,day 18
ACZ81_14560,-0.613352775573729,not_significant,day 31
ACZ81_10225,-0.61313978830973,not_significant,day 31
ACZ81_07910,0.612942695617676,not_significant,day 31
ACZ81_01110,0.612766901652018,not_significant,day 18
ACZ81_17190,-0.61228052775065,not_significant,day 18
ACZ81_13230,0.611765861511231,not_significant,day 31
ACZ81_14885,-0.611584663391113,not_significant,day 31
ACZ81_10165,-0.611351966857914,not_significant,day 31
ACZ81_05390,0.611294746398927,not_significant,day 31
ACZ81_11500,-0.611070315043129,not_significant,day 31
ACZ81_17675,0.610645612080893,not_significant,day 31
ACZ81_10810,-0.60968812306722,not_significant,day 31
ACZ81_13085,-0.609587033589678,not_significant,day 31
ACZ81_00775,-0.609140078226725,not_significant,day 31
ACZ81_04050,0.609052658081054,not_significant,day 18
ACZ81_04845,-0.608842531840007,not_significant,day 31
ACZ81_05535,-0.608507792154946,not_significant,day 18
ACZ81_13570,0.608445485432943,not_significant,day 18
ACZ81_09365,-0.607341130574547,not_significant,day 18
ACZ81_09530,0.607168197631836,not_significant,day 18
ACZ81_16010,0.605995178222657,not_significant,day 18
ACZ81_04510,-0.605943361918134,not_significant,day 31
ACZ81_15550,-0.60530185699463,not_significant,day 31
ACZ81_09135,-0.605253537495933,not_significant,day 31
ACZ81_06535,0.604961713155115,not_significant,day 31
ACZ81_11670,0.603359858194987,not_significant,day 18
ACZ81_11800,0.603158315022784,not_significant,day 18
ACZ81_05830,-0.603068987528483,not_significant,day 31
ACZ81_13680,-0.60296217600505,not_significant,day 31
ACZ81_13510,-0.602952321370443,not_significant,day 18
ACZ81_13675,0.602649370829263,not_significant,day 31
ACZ81_00615,0.602629979451496,not_significant,day 18
ACZ81_06080,-0.60249455769857,not_significant,day 18
ACZ81_19575,0.602368990580241,not_significant,day 31
ACZ81_01735,0.601715405782063,not_significant,day 31
ACZ81_12580,-0.601612408955894,not_significant,day 31
ACZ81_01115,0.600955327351893,not_significant,day 18
ACZ81_07465,-0.600950558980306,not_significant,day 31
ACZ81_04170,-0.600202878316247,not_significant,day 31
ACZ81_03900,0.599988937377934,not_significant,day 18
ACZ81_00510,-0.599602699279786,not_significant,day 31
ACZ81_13480,0.599334716796873,not_significant,day 18
ACZ81_07975,0.59930419921875,not_significant,day 18
ACZ81_12950,0.598313967386882,not_significant,day 31
ACZ81_02870,0.597652117411296,not_significant,day 31
ACZ81_06990,-0.596984545389811,not_significant,day 31
ACZ81_04995,-0.596803983052569,not_significant,day 31
ACZ81_09170,-0.596638361612954,not_significant,day 18
ACZ81_13175,0.595753351847329,not_significant,day 18
ACZ81_04895,-0.59505875905355,not_significant,day 31
ACZ81_11385,-0.593731244405109,not_significant,day 31
ACZ81_12775,-0.593393325805663,not_significant,day 18
ACZ81_16650,0.592856407165527,not_significant,day 31
ACZ81_07165,-0.592473983764647,not_significant,day 18
ACZ81_17375,-0.592181841532389,not_significant,day 31
ACZ81_08165,-0.59192625681559,not_significant,day 31
ACZ81_17905,-0.591609636942545,not_significant,day 31
ACZ81_09685,-0.59134515126546,not_significant,day 31
ACZ81_07830,-0.590237299601237,not_significant,day 18
ACZ81_01385,0.590197881062828,not_significant,day 18
ACZ81_18370,0.589914957682291,not_significant,day 18
ACZ81_11030,0.587958017985031,not_significant,day 18
ACZ81_19235,-0.587778409322103,not_significant,day 31
ACZ81_16695,-0.58749548594157,not_significant,day 31
ACZ81_20560,-0.587366422017416,not_significant,day 31
ACZ81_17750,-0.586607933044434,not_significant,day 31
ACZ81_01590,-0.586209615071615,not_significant,day 18
ACZ81_00700,-0.585305213928223,not_significant,day 31
ACZ81_RS04395,-0.58528645833333,not_significant,day 18
ACZ81_10420,-0.58504422505697,not_significant,day 18
ACZ81_14160,0.584740002950032,not_significant,day 31
ACZ81_17175,-0.584665616353353,not_significant,day 31
ACZ81_18625,0.584295272827151,not_significant,day 18
ACZ81_11090,0.583451588948567,not_significant,day 18
ACZ81_14960,0.583030382792154,not_significant,day 31
ACZ81_16150,0.582862218221033,not_significant,day 18
ACZ81_19380,-0.582574526468913,not_significant,day 31
ACZ81_RS07605,0.582379976908366,not_significant,day 31
ACZ81_17715,0.582203547159831,not_significant,day 18
ACZ81_02075,0.582074801127121,not_significant,day 31
ACZ81_16570,0.581558863321941,not_significant,day 18
ACZ81_13225,0.580920537312827,not_significant,day 18
ACZ81_15500,0.580885569254557,not_significant,day 18
ACZ81_11040,0.580819129943847,not_significant,day 31
ACZ81_15500,0.580722490946451,not_significant,day 31
ACZ81_18830,0.580508232116697,not_significant,day 31
ACZ81_15305,-0.580081621805828,not_significant,day 31
ACZ81_02465,0.579323768615722,not_significant,day 31
ACZ81_01475,-0.579127947489419,not_significant,day 31
ACZ81_19265,-0.57793140411377,not_significant,day 31
ACZ81_17285,-0.577782313028972,not_significant,day 18
ACZ81_18515,-0.577570279439289,not_significant,day 31
ACZ81_15225,-0.577125231424967,not_significant,day 31
ACZ81_14940,-0.576858838399251,not_significant,day 31
ACZ81_14620,0.576767603556315,not_significant,day 18
ACZ81_12305,0.576409975687663,not_significant,day 31
ACZ81_16760,0.57602945963542,not_significant,day 18
ACZ81_19590,-0.576019605000814,not_significant,day 31
ACZ81_08580,-0.57599226633708,not_significant,day 31
ACZ81_14570,-0.575940767923991,not_significant,day 31
ACZ81_18160,-0.574831326802572,not_significant,day 31
ACZ81_13130,-0.574462890625,not_significant,day 18
ACZ81_05550,0.574015299479167,not_significant,day 18
ACZ81_15760,0.573498407999675,not_significant,day 18
ACZ81_07325,-0.573410352071126,not_significant,day 31
ACZ81_03210,0.57308610280355,not_significant,day 31
ACZ81_16240,-0.572477658589677,not_significant,day 31
ACZ81_09095,0.572403589884439,not_significant,day 18
ACZ81_03385,-0.571269035339356,not_significant,day 31
ACZ81_01050,0.571253458658858,not_significant,day 18
ACZ81_19670,-0.57074705759684,not_significant,day 31
ACZ81_11020,0.570526440938316,not_significant,day 31
ACZ81_11305,-0.570497512817383,not_significant,day 18
ACZ81_03555,-0.570147514343262,not_significant,day 31
ACZ81_12725,-0.570024490356444,not_significant,day 18
ACZ81_00875,-0.569883664449056,not_significant,day 31
ACZ81_14410,0.569832801818845,not_significant,day 31
ACZ81_04655,0.56965192159017,not_significant,day 18
ACZ81_11445,-0.569555282592771,not_significant,day 18
ACZ81_05275,-0.569495836893717,not_significant,day 31
ACZ81_13915,-0.569315910339358,not_significant,day 31
ACZ81_18660,-0.569081624348962,not_significant,day 18
ACZ81_16690,0.567517598470052,not_significant,day 18
ACZ81_03265,0.56703249613444,not_significant,day 18
ACZ81_08110,-0.56685670216878,not_significant,day 31
ACZ81_18005,-0.56669553120931,not_significant,day 18
ACZ81_00590,-0.565198580423994,not_significant,day 31
ACZ81_19625,-0.564581235249838,not_significant,day 31
ACZ81_14970,-0.564426104227705,not_significant,day 31
ACZ81_11550,0.564124743143717,not_significant,day 31
ACZ81_04080,-0.563666025797527,not_significant,day 18
ACZ81_19795,0.563465118408203,not_significant,day 18
ACZ81_01775,-0.562705357869467,not_significant,day 18
ACZ81_19265,-0.562636693318685,not_significant,day 18
ACZ81_05600,0.562224070231123,not_significant,day 18
ACZ81_06560,0.56214396158854,not_significant,day 18
ACZ81_07790,-0.562031745910644,not_significant,day 31
ACZ81_06075,0.561765670776366,not_significant,day 18
ACZ81_18030,0.561033884684244,not_significant,day 18
ACZ81_08645,0.56090641021729,not_significant,day 31
ACZ81_06400,-0.560900052388511,not_significant,day 31
ACZ81_13165,0.560746510823567,not_significant,day 18
ACZ81_11110,-0.56052049001058,not_significant,day 31
ACZ81_18825,-0.560473442077635,not_significant,day 31
ACZ81_16475,0.560276985168456,not_significant,day 31
ACZ81_00385,0.560235977172849,not_significant,day 18
ACZ81_17840,-0.559080441792807,not_significant,day 31
ACZ81_02945,0.559061050415037,not_significant,day 18
ACZ81_02365,-0.559053738911947,not_significant,day 31
ACZ81_17410,0.558982849121093,not_significant,day 18
ACZ81_17815,-0.558562278747562,not_significant,day 31
ACZ81_07805,-0.558384895324707,not_significant,day 31
ACZ81_15410,-0.55799579620361,not_significant,day 31
ACZ81_02850,0.556580861409505,not_significant,day 18
ACZ81_07005,-0.556480089823404,not_significant,day 31
ACZ81_11705,-0.556202252705892,not_significant,day 31
ACZ81_09955,0.555377642313635,not_significant,day 31
ACZ81_05470,-0.555118560791017,not_significant,day 18
ACZ81_01895,0.554907162984212,not_significant,day 31
ACZ81_03670,-0.554866790771488,not_significant,day 18
ACZ81_09935,-0.5546604792277,not_significant,day 31
ACZ81_13475,-0.554460207621257,not_significant,day 31
ACZ81_09820,-0.554257074991864,not_significant,day 18
ACZ81_17755,-0.554045041402184,not_significant,day 31
ACZ81_01715,-0.553697586059574,not_significant,day 18
ACZ81_18585,0.553409258524578,not_significant,day 31
ACZ81_19200,-0.553326606750488,not_significant,day 31
ACZ81_17965,0.552725474039714,not_significant,day 18
ACZ81_12345,0.552422205607096,not_significant,day 18
ACZ81_05560,-0.552049954732257,not_significant,day 31
ACZ81_14295,-0.551795959472654,not_significant,day 18
ACZ81_12250,0.551443099975586,not_significant,day 18
ACZ81_07445,0.550954818725583,not_significant,day 18
ACZ81_03375,0.550818125406901,not_significant,day 18
ACZ81_09460,0.55058161417643,not_significant,day 18
ACZ81_07835,-0.550124168395998,not_significant,day 31
ACZ81_07870,0.549886385599773,not_significant,day 31
ACZ81_15745,-0.549255688985188,not_significant,day 31
ACZ81_11825,0.548745473225911,not_significant,day 18
ACZ81_04160,-0.548654238382974,not_significant,day 31
ACZ81_08570,0.548489888509115,not_significant,day 18
ACZ81_14595,0.548152923583987,not_significant,day 18
ACZ81_02195,-0.547506332397459,not_significant,day 18
ACZ81_00095,-0.54743448893229,not_significant,day 18
ACZ81_03150,0.546764373779298,not_significant,day 18
ACZ81_05990,0.546758333841957,not_significant,day 31
ACZ81_08710,-0.546742439270017,not_significant,day 31
ACZ81_12900,0.546088536580402,not_significant,day 18
ACZ81_07070,-0.54594008127848,not_significant,day 31
ACZ81_15290,-0.545147895812989,not_significant,day 31
ACZ81_03595,0.544903119405113,not_significant,day 31
ACZ81_14685,0.544425964355469,not_significant,day 18
ACZ81_19425,0.544239044189453,not_significant,day 18
ACZ81_04190,0.544017791748046,not_significant,day 18
ACZ81_01685,-0.543916702270506,not_significant,day 18
ACZ81_15490,0.543794631958008,not_significant,day 18
ACZ81_12215,0.543005943298337,not_significant,day 31
ACZ81_12170,-0.542654037475587,not_significant,day 18
ACZ81_19365,-0.542565663655599,not_significant,day 18
ACZ81_18115,0.541710535685221,not_significant,day 18
ACZ81_00745,0.541434923807781,not_significant,day 31
ACZ81_00840,0.541345914204918,not_significant,day 31
ACZ81_01695,-0.541006724039714,not_significant,day 18
ACZ81_02285,-0.540860176086427,not_significant,day 31
ACZ81_12555,-0.540606180826824,not_significant,day 18
ACZ81_02215,0.540389378865558,not_significant,day 18
ACZ81_11165,0.540333429972329,not_significant,day 18
ACZ81_18010,-0.538239161173504,not_significant,day 18
ACZ81_02390,-0.537987073262532,not_significant,day 31
ACZ81_17300,0.537757873535157,not_significant,day 18
ACZ81_15045,-0.537586212158203,not_significant,day 18
ACZ81_05400,-0.535410563151042,not_significant,day 18
ACZ81_00575,0.5347957611084,not_significant,day 18
ACZ81_02195,0.534006436665853,not_significant,day 31
ACZ81_16900,-0.533990224202476,not_significant,day 18
ACZ81_03500,-0.533711115519206,not_significant,day 18
ACZ81_10380,0.533306757609057,not_significant,day 18
ACZ81_02250,-0.532739003499349,not_significant,day 18
ACZ81_17910,0.532389958699543,not_significant,day 18
ACZ81_12445,-0.532112439473467,not_significant,day 31
ACZ81_11175,-0.531753540039062,not_significant,day 18
ACZ81_06595,-0.531685193379719,not_significant,day 31
ACZ81_12120,0.531365076700847,not_significant,day 18
ACZ81_07440,-0.531074523925781,not_significant,day 18
ACZ81_05535,-0.530088106791173,not_significant,day 31
ACZ81_08170,-0.529802004496258,not_significant,day 31
ACZ81_09765,0.529726664225261,not_significant,day 18
ACZ81_00880,-0.529589653015138,not_significant,day 31
ACZ81_06050,-0.5286808013916,not_significant,day 18
ACZ81_05990,-0.528325398763023,not_significant,day 18
ACZ81_17450,-0.527507464090986,not_significant,day 31
ACZ81_19625,-0.527415593465171,not_significant,day 18
ACZ81_13135,-0.527320226033532,not_significant,day 18
ACZ81_01990,0.52731641133626,not_significant,day 18
ACZ81_01865,0.527100563049317,not_significant,day 31
ACZ81_13210,0.525682449340821,not_significant,day 18
ACZ81_02745,-0.525332768758138,not_significant,day 18
ACZ81_17430,-0.524652798970541,not_significant,day 31
ACZ81_12645,0.524614016215007,not_significant,day 31
ACZ81_10420,-0.524325370788577,not_significant,day 31
ACZ81_15540,-0.524291356404624,not_significant,day 18
ACZ81_16830,-0.523829460144044,not_significant,day 31
ACZ81_14780,-0.523807843526204,not_significant,day 31
ACZ81_06095,-0.523548126220706,not_significant,day 18
ACZ81_16585,-0.522292455037433,not_significant,day 18
ACZ81_16125,0.522135734558108,not_significant,day 31
ACZ81_02425,-0.521976153055827,not_significant,day 31
ACZ81_16965,-0.521543502807617,not_significant,day 18
ACZ81_08510,0.521102905273438,not_significant,day 18
ACZ81_13205,0.520081202189127,not_significant,day 18
ACZ81_04570,-0.518789291381837,not_significant,day 18
ACZ81_15215,-0.518036842346192,not_significant,day 31
ACZ81_11500,-0.517548243204751,not_significant,day 18
ACZ81_00340,0.517539660135903,not_significant,day 31
ACZ81_12595,0.516184488932289,not_significant,day 18
ACZ81_00720,-0.515836715698242,not_significant,day 18
ACZ81_16890,-0.515622774759928,not_significant,day 31
ACZ81_00900,-0.51561705271403,not_significant,day 31
ACZ81_08705,-0.515249888102214,not_significant,day 18
ACZ81_02035,-0.5143518447876,not_significant,day 31
ACZ81_16055,0.51413949330648,not_significant,day 31
ACZ81_08840,-0.514074325561523,not_significant,day 18
ACZ81_07850,-0.514042218526204,not_significant,day 31
ACZ81_06995,0.513731956481936,not_significant,day 31
ACZ81_05565,0.513630549112957,not_significant,day 18
ACZ81_03115,0.513155937194823,not_significant,day 31
ACZ81_08610,0.512881278991701,not_significant,day 31
ACZ81_04495,0.512236913045247,not_significant,day 18
ACZ81_05130,-0.512177785237626,not_significant,day 18
ACZ81_14265,0.512028376261394,not_significant,day 18
ACZ81_05520,-0.511382420857746,not_significant,day 18
ACZ81_07125,-0.511291503906254,not_significant,day 18
ACZ81_01980,-0.510752042134603,not_significant,day 31
ACZ81_08850,0.510478973388674,not_significant,day 18
ACZ81_09660,-0.510192235310872,not_significant,day 18
ACZ81_15125,0.509638786315918,not_significant,day 31
ACZ81_12480,0.50944423675537,not_significant,day 31
ACZ81_16065,0.509269078572587,not_significant,day 18
ACZ81_02115,-0.509223302205402,not_significant,day 18
ACZ81_06510,0.509154637654621,not_significant,day 18
ACZ81_00130,-0.509068171183268,not_significant,day 18
ACZ81_11795,0.507984161376953,not_significant,day 18
ACZ81_02250,-0.507786750793457,not_significant,day 31
ACZ81_18285,0.507598241170251,not_significant,day 18
ACZ81_12785,0.50671641031901,not_significant,day 18
ACZ81_12585,-0.506443341573079,not_significant,day 31
ACZ81_12530,-0.506325085957847,not_significant,day 31
ACZ81_15410,-0.505988438924157,not_significant,day 18
ACZ81_08425,0.505555470784506,not_significant,day 18
ACZ81_13940,0.505343755086267,not_significant,day 18
ACZ81_13885,0.505001703898112,not_significant,day 18
ACZ81_13515,-0.504658381144204,not_significant,day 18
ACZ81_06605,-0.504194577534995,not_significant,day 31
ACZ81_14805,-0.503284772237141,not_significant,day 31
ACZ81_08800,-0.503045717875161,not_significant,day 31
ACZ81_13465,-0.502350489298503,not_significant,day 18
ACZ81_06415,-0.50182819366455,not_significant,day 31
ACZ81_07010,-0.501384417215982,not_significant,day 31
ACZ81_01360,-0.50128205617269,not_significant,day 31
ACZ81_09990,-0.500697771708176,not_significant,day 31
ACZ81_18700,-0.500295003255208,not_significant,day 18
ACZ81_19840,0.499849955240885,not_significant,day 18
ACZ81_06110,-0.499668757120767,not_significant,day 18
ACZ81_18905,0.499541600545244,not_significant,day 18
ACZ81_01160,-0.499495188395182,not_significant,day 18
ACZ81_05260,-0.499004999796551,not_significant,day 18
ACZ81_14805,0.498364130655925,not_significant,day 18
ACZ81_01135,-0.498197873433434,not_significant,day 31
ACZ81_06940,-0.497675577799481,not_significant,day 18
ACZ81_16755,-0.497510910034177,not_significant,day 18
ACZ81_03815,0.496835072835287,not_significant,day 18
ACZ81_06090,-0.496825536092121,not_significant,day 18
ACZ81_01650,-0.496013959248862,not_significant,day 31
ACZ81_14640,0.495935440063476,not_significant,day 18
ACZ81_17585,-0.495896975199382,not_significant,day 31
ACZ81_04225,0.49557876586914,not_significant,day 18
ACZ81_18800,-0.494975407918294,not_significant,day 18
ACZ81_17875,0.494289398193359,not_significant,day 18
ACZ81_17685,-0.493870417277018,not_significant,day 18
ACZ81_03410,-0.493671417236328,not_significant,day 18
ACZ81_17655,-0.493526458740233,not_significant,day 18
ACZ81_16595,0.493520736694337,not_significant,day 18
ACZ81_12975,0.493201573689779,not_significant,day 18
ACZ81_17560,0.493171691894534,not_significant,day 18
ACZ81_13715,-0.492171923319499,not_significant,day 31
ACZ81_01065,0.491872787475586,not_significant,day 18
ACZ81_08410,0.491781870524091,not_significant,day 18
ACZ81_07165,-0.49175993601481,not_significant,day 31
ACZ81_01055,0.490779876708987,not_significant,day 18
ACZ81_04110,0.489785830179849,not_significant,day 31
ACZ81_08650,0.489432017008468,not_significant,day 18
ACZ81_07965,-0.48915354410807,not_significant,day 18
ACZ81_03365,-0.488663037618003,not_significant,day 31
ACZ81_00360,-0.48839219411214,not_significant,day 31
ACZ81_10075,0.488134384155274,not_significant,day 18
ACZ81_04230,0.488071441650387,not_significant,day 18
ACZ81_13065,-0.487930615743,not_significant,day 31
ACZ81_14245,-0.487924893697103,not_significant,day 31
ACZ81_11940,0.487700780232745,not_significant,day 18
ACZ81_16715,-0.48683993021647,not_significant,day 18
ACZ81_01020,-0.48682339986165,not_significant,day 18
ACZ81_12725,-0.486515998840332,not_significant,day 31
ACZ81_00430,0.48641586303711,not_significant,day 18
ACZ81_06075,0.48615042368571,not_significant,day 31
ACZ81_13545,0.485943476359048,not_significant,day 18
ACZ81_19005,-0.485789616902668,not_significant,day 18
ACZ81_13450,-0.485662778218589,not_significant,day 31
ACZ81_07435,-0.485498428344727,not_significant,day 18
ACZ81_06495,-0.485458374023438,not_significant,day 18
ACZ81_03235,-0.484952926635743,not_significant,day 18
ACZ81_06170,0.484903653462727,not_significant,day 31
ACZ81_04515,-0.484857241312663,not_significant,day 31
ACZ81_13860,-0.484774907430013,not_significant,day 18
ACZ81_14875,-0.484740257263183,not_significant,day 31
ACZ81_14450,-0.484591801961263,not_significant,day 18
ACZ81_03330,0.48319435119629,not_significant,day 18
ACZ81_11430,0.482924143473303,not_significant,day 18
ACZ81_18745,-0.481859525044757,not_significant,day 31
ACZ81_05465,-0.48171361287435,not_significant,day 18
ACZ81_11730,-0.481556256612141,not_significant,day 31
ACZ81_09310,0.481220881144206,not_significant,day 18
ACZ81_03250,0.48089345296224,not_significant,day 18
ACZ81_09005,0.480792999267578,not_significant,day 18
ACZ81_08020,0.480246225992839,not_significant,day 18
ACZ81_03430,0.48016103108724,not_significant,day 18
ACZ81_06915,0.479941368103028,not_significant,day 31
ACZ81_04905,-0.479820887247724,not_significant,day 18
ACZ81_00300,0.479811350504557,not_significant,day 18
ACZ81_02185,0.479043960571289,not_significant,day 18
ACZ81_04410,-0.478830337524414,not_significant,day 18
ACZ81_19845,0.478806177775066,not_significant,day 18
ACZ81_08330,0.478287378946943,not_significant,day 18
ACZ81_08055,0.478156407674153,not_significant,day 18
ACZ81_19820,-0.477512041727702,not_significant,day 31
ACZ81_02485,0.477236429850263,not_significant,day 18
ACZ81_17195,-0.477017084757486,not_significant,day 18
ACZ81_13310,0.476823170979818,not_significant,day 18
ACZ81_02160,0.475764910380047,not_significant,day 31
ACZ81_05900,0.474908192952477,not_significant,day 18
ACZ81_06855,0.474499702453616,not_significant,day 31
ACZ81_01420,-0.474160512288412,not_significant,day 18
ACZ81_15120,0.473584810892739,not_significant,day 31
ACZ81_09365,-0.47346146901449,not_significant,day 31
ACZ81_15815,-0.473361333211263,not_significant,day 18
ACZ81_17230,0.472510973612467,not_significant,day 31
ACZ81_05805,-0.472450892130534,not_significant,day 18
ACZ81_13880,0.472301801045735,not_significant,day 31
ACZ81_12110,0.472222328186036,not_significant,day 31
ACZ81_00495,-0.472060521443687,not_significant,day 18
ACZ81_02820,-0.471356391906739,not_significant,day 31
ACZ81_00150,-0.471055666605631,not_significant,day 31
ACZ81_03790,0.470642725626629,not_significant,day 18
ACZ81_16440,0.47061729431152,not_significant,day 18
ACZ81_17355,-0.470240910847983,not_significant,day 18
ACZ81_10235,0.470069885253907,not_significant,day 18
ACZ81_10985,-0.469626426696778,not_significant,day 31
ACZ81_09415,0.469605763753254,not_significant,day 18
ACZ81_00260,0.469308853149414,not_significant,day 18
ACZ81_13870,0.469201405843097,not_significant,day 18
ACZ81_03870,-0.468585332234701,not_significant,day 18
ACZ81_01855,0.468319257100424,not_significant,day 31
ACZ81_16845,-0.46823787689209,not_significant,day 31
ACZ81_05895,-0.468192418416341,not_significant,day 18
ACZ81_16280,-0.468169530232746,not_significant,day 18
ACZ81_00715,0.468097368876138,not_significant,day 31
ACZ81_01885,-0.46809673309326,not_significant,day 31
ACZ81_09685,0.468011220296226,not_significant,day 18
ACZ81_01535,0.467372894287109,not_significant,day 18
ACZ81_06320,-0.467151641845701,not_significant,day 18
ACZ81_04605,-0.467086791992187,not_significant,day 18
ACZ81_11295,0.46702512105306,not_significant,day 18
ACZ81_00985,0.466540654500327,not_significant,day 18
ACZ81_07815,-0.46642239888509,not_significant,day 18
ACZ81_08385,-0.465923627217609,not_significant,day 31
ACZ81_13995,-0.465882619222005,not_significant,day 18
ACZ81_01775,0.465876579284669,not_significant,day 31
ACZ81_01825,0.465856552124028,not_significant,day 18
ACZ81_14655,-0.465740839640301,not_significant,day 18
ACZ81_18605,-0.46555201212565,not_significant,day 18
ACZ81_07860,0.465151468912759,not_significant,day 18
ACZ81_08255,-0.463816006978353,not_significant,day 31
ACZ81_00905,-0.463799794514974,not_significant,day 18
ACZ81_01450,-0.463327089945477,not_significant,day 31
ACZ81_19325,-0.463045438130697,not_significant,day 31
ACZ81_05350,-0.463017145792644,not_significant,day 18
ACZ81_02685,-0.462697347005209,not_significant,day 18
ACZ81_13575,0.462084452311201,not_significant,day 18
ACZ81_13005,-0.46208381652832,not_significant,day 18
ACZ81_10365,0.46169567108154,not_significant,day 31
ACZ81_14895,0.46152400970459,not_significant,day 31
ACZ81_03235,-0.461321194966635,not_significant,day 31
ACZ81_04520,-0.461264610290526,not_significant,day 31
ACZ81_05340,-0.46073627471924,not_significant,day 31
ACZ81_18295,-0.460675875345868,not_significant,day 31
ACZ81_00075,-0.460597038269046,not_significant,day 31
ACZ81_09305,0.460529645284017,not_significant,day 31
ACZ81_19230,0.460356076558433,not_significant,day 31
ACZ81_02765,-0.460220654805502,not_significant,day 31
ACZ81_09945,0.459951082865398,not_significant,day 31
ACZ81_13810,0.459917704264321,not_significant,day 18
ACZ81_19260,-0.45981788635254,not_significant,day 18
ACZ81_06940,-0.459369977315268,not_significant,day 31
ACZ81_01850,-0.45845158894857,not_significant,day 18
ACZ81_19520,0.458312352498373,not_significant,day 18
ACZ81_02305,-0.458118120829264,not_significant,day 31
ACZ81_12955,0.457963307698567,not_significant,day 18
ACZ81_03275,0.457620938618977,not_significant,day 31
ACZ81_12645,-0.457583109537761,not_significant,day 18
ACZ81_05525,0.457462310791015,not_significant,day 18
ACZ81_17600,0.4572639465332,not_significant,day 18
ACZ81_18275,-0.456507047017415,not_significant,day 31
ACZ81_01125,0.456457773844404,not_significant,day 18
ACZ81_17435,-0.456402778625489,not_significant,day 31
ACZ81_08915,0.45634841918945,not_significant,day 18
ACZ81_09085,-0.456245104471846,not_significant,day 31
ACZ81_11350,-0.455855369567871,not_significant,day 31
ACZ81_13030,-0.455279986063637,not_significant,day 31
ACZ81_08900,0.455238978068033,not_significant,day 18
ACZ81_19965,0.455102920532231,not_significant,day 18
ACZ81_15840,0.454959233601886,not_significant,day 18
ACZ81_11700,-0.454810142517087,not_significant,day 31
ACZ81_06955,0.45478089650472,not_significant,day 31
ACZ81_06970,-0.454779307047526,not_significant,day 18
ACZ81_18885,-0.454674402872722,not_significant,day 18
ACZ81_01735,0.453711827596029,not_significant,day 18
ACZ81_00730,0.452963829040526,not_significant,day 31
ACZ81_04825,0.452380816141763,not_significant,day 31
ACZ81_00230,-0.452347119649248,not_significant,day 31
ACZ81_05590,0.452240626017253,not_significant,day 18
ACZ81_04205,-0.451802889506022,not_significant,day 31
ACZ81_10200,0.451733271280922,not_significant,day 18
ACZ81_13320,-0.451381047566732,not_significant,day 18
ACZ81_01870,0.451179504394531,not_significant,day 18
ACZ81_12670,0.450452168782551,not_significant,day 18
ACZ81_02190,0.45018513997396,not_significant,day 18
ACZ81_16585,0.448248227437338,not_significant,day 31
ACZ81_05245,0.447989781697593,not_significant,day 18
ACZ81_15120,-0.447893778483078,not_significant,day 18
ACZ81_10665,0.447863578796386,not_significant,day 31
ACZ81_16020,0.44786262512207,not_significant,day 18
ACZ81_00535,-0.44779904683431,not_significant,day 18
ACZ81_01375,0.447635650634766,not_significant,day 18
ACZ81_04825,-0.447367986043295,not_significant,day 18
ACZ81_17805,0.447168986002604,not_significant,day 18
ACZ81_04015,-0.446734428405762,not_significant,day 31
ACZ81_19620,0.446712493896486,not_significant,day 18
ACZ81_12970,-0.446481386820474,not_significant,day 31
ACZ81_03290,-0.445226351420085,not_significant,day 31
ACZ81_02305,0.444859822591147,not_significant,day 18
ACZ81_01215,0.444694836934408,not_significant,day 31
ACZ81_03410,-0.44441827138265,not_significant,day 31
ACZ81_08995,0.44414520263672,not_significant,day 18
ACZ81_11175,-0.443779309590657,not_significant,day 31
ACZ81_10265,0.443670908610025,not_significant,day 18
ACZ81_13230,-0.44352912902832,not_significant,day 18
ACZ81_08660,0.443220456441243,not_significant,day 31
ACZ81_16445,0.443165779113771,not_significant,day 31
ACZ81_14040,-0.443106333414714,not_significant,day 18
ACZ81_13750,0.442951202392575,not_significant,day 18
ACZ81_17495,-0.442479769388835,not_significant,day 31
ACZ81_RS17235,0.44234307607015,not_significant,day 31
ACZ81_11035,0.441369374593097,not_significant,day 18
ACZ81_15135,0.441216468811032,not_significant,day 31
ACZ81_18825,0.440900802612305,not_significant,day 18
ACZ81_11125,-0.440868377685544,not_significant,day 18
ACZ81_13045,-0.44016170501709,not_significant,day 31
ACZ81_14545,-0.440149943033854,not_significant,day 18
ACZ81_12305,0.440137227376303,not_significant,day 18
ACZ81_01835,-0.43996588389079,not_significant,day 31
ACZ81_12555,-0.439621925354003,not_significant,day 31
ACZ81_01485,-0.439510027567543,not_significant,day 31
ACZ81_12525,0.438636779785157,not_significant,day 18
ACZ81_06670,0.438396135965984,not_significant,day 31
ACZ81_09780,0.43811798095703,not_significant,day 18
ACZ81_09285,0.438054402669267,not_significant,day 18
ACZ81_15275,0.437859853108724,not_significant,day 18
ACZ81_12950,0.436819712320964,not_significant,day 18
ACZ81_05980,-0.436030705769856,not_significant,day 18
ACZ81_11515,-0.435829798380535,not_significant,day 18
ACZ81_18785,0.435447692871093,not_significant,day 18
ACZ81_03470,-0.435318946838379,not_significant,day 31
ACZ81_04010,-0.43476390838623,not_significant,day 31
ACZ81_05030,0.434746424357096,not_significant,day 18
ACZ81_18325,-0.434604008992512,not_significant,day 18
ACZ81_16520,0.434421539306642,not_significant,day 18
ACZ81_16490,-0.434419314066569,not_significant,day 31
ACZ81_00265,-0.43439165751139,not_significant,day 18
ACZ81_00760,-0.434312184651692,not_significant,day 18
ACZ81_05290,-0.433973630269368,not_significant,day 31
ACZ81_00870,-0.43376890818278,not_significant,day 31
ACZ81_17550,-0.43370278676351,not_significant,day 31
ACZ81_01030,-0.433191617329918,not_significant,day 31
ACZ81_18100,-0.433016777038575,not_significant,day 31
ACZ81_02950,-0.432581583658852,not_significant,day 18
ACZ81_04040,0.432548522949219,not_significant,day 18
ACZ81_10490,-0.432125727335612,not_significant,day 18
ACZ81_08505,0.431987444559732,not_significant,day 31
ACZ81_08845,0.431910514831544,not_significant,day 31
ACZ81_19360,-0.431580225626627,not_significant,day 18
ACZ81_03465,-0.431474685668944,not_significant,day 18
ACZ81_02265,0.431319554646812,not_significant,day 18
ACZ81_08435,-0.431095441182453,not_significant,day 31
ACZ81_00315,-0.431006749471033,not_significant,day 18
ACZ81_05510,-0.430497169494629,not_significant,day 31
ACZ81_05915,0.430477778116863,not_significant,day 18
ACZ81_15070,-0.43028990427653,not_significant,day 31
ACZ81_14405,0.430058161417641,not_significant,day 18
ACZ81_19290,0.429766019185383,not_significant,day 31
ACZ81_09360,0.429445266723633,not_significant,day 18
ACZ81_18295,-0.429416656494144,not_significant,day 18
ACZ81_14465,-0.428823788960776,not_significant,day 31
ACZ81_07730,0.428370157877603,not_significant,day 18
ACZ81_18555,0.42788314819336,not_significant,day 18
ACZ81_11815,-0.426364262898764,not_significant,day 18
ACZ81_06435,0.426228841145835,not_significant,day 18
ACZ81_13720,-0.426101366678873,not_significant,day 31
ACZ81_18365,-0.425322850545248,not_significant,day 18
ACZ81_03200,0.42516295115153,not_significant,day 31
ACZ81_03505,-0.425060907999675,not_significant,day 18
ACZ81_10105,0.424088160196939,not_significant,day 18
ACZ81_18660,-0.424064954121906,not_significant,day 31
ACZ81_11000,-0.423761685689287,not_significant,day 31
ACZ81_08755,-0.423758824666341,not_significant,day 18
ACZ81_01485,-0.42343266805013,not_significant,day 18
ACZ81_10225,0.423270543416344,not_significant,day 18
ACZ81_07630,-0.422868728637695,not_significant,day 18
ACZ81_12800,0.422809282938641,not_significant,day 31
ACZ81_01605,-0.421914736429851,not_significant,day 31
ACZ81_01215,-0.421276092529297,not_significant,day 18
ACZ81_07720,0.421031951904297,not_significant,day 18
ACZ81_11950,0.42088254292806,not_significant,day 18
ACZ81_01965,-0.42057450612386,not_significant,day 31
ACZ81_11115,0.420339584350586,not_significant,day 18
ACZ81_04970,0.420183181762697,not_significant,day 18
ACZ81_19365,0.41996161142985,not_significant,day 31
ACZ81_01995,-0.419883410135907,not_significant,day 31
ACZ81_12165,-0.419751485188803,not_significant,day 18
ACZ81_19165,-0.419721603393555,not_significant,day 18
ACZ81_05725,0.419216156005859,not_significant,day 18
ACZ81_15570,-0.418931007385254,not_significant,day 31
ACZ81_16920,0.41799163818359,not_significant,day 18
ACZ81_02950,0.417977333068849,not_significant,day 31
ACZ81_06855,0.417515436808268,not_significant,day 18
ACZ81_17425,-0.417470932006835,not_significant,day 18
ACZ81_11920,-0.416230837504068,not_significant,day 31
ACZ81_04855,-0.416151364644373,not_significant,day 31
ACZ81_00805,-0.415987650553386,not_significant,day 18
ACZ81_10140,-0.415692965189615,not_significant,day 31
ACZ81_12165,-0.415375709533696,not_significant,day 31
ACZ81_13400,0.415343602498372,not_significant,day 18
ACZ81_00970,0.415336926778157,not_significant,day 31
ACZ81_19820,-0.414384841918945,not_significant,day 18
ACZ81_11545,-0.413475036621094,not_significant,day 18
ACZ81_16295,0.412150065104166,not_significant,day 18
ACZ81_20045,0.411769549051924,not_significant,day 31
ACZ81_16745,0.41134452819824,not_significant,day 18
ACZ81_11575,-0.411192258199056,not_significant,day 31
ACZ81_14755,-0.411145528157552,not_significant,day 18
ACZ81_11240,-0.411046981811523,not_significant,day 18
ACZ81_12750,-0.410892804463705,not_significant,day 31
ACZ81_10655,0.410518010457356,not_significant,day 18
ACZ81_05460,0.410114924112957,not_significant,day 18
ACZ81_09015,0.409372965494791,not_significant,day 18
ACZ81_03185,-0.409148216247563,not_significant,day 31
ACZ81_05515,0.407933553059896,not_significant,day 18
ACZ81_04570,-0.407693545023601,not_significant,day 31
ACZ81_17595,0.407621383666989,not_significant,day 18
ACZ81_02670,-0.4072593053182,not_significant,day 31
ACZ81_10825,0.407005310058594,not_significant,day 18
ACZ81_16035,0.406693776448567,not_significant,day 18
ACZ81_15620,0.406649271647133,not_significant,day 18
ACZ81_09255,0.405748367309569,not_significant,day 18
ACZ81_00885,-0.405612309773764,not_significant,day 18
ACZ81_13850,0.405288378397622,not_significant,day 31
ACZ81_08535,-0.405039787292484,not_significant,day 31
ACZ81_19590,-0.404882431030274,not_significant,day 18
ACZ81_09425,0.404534339904784,not_significant,day 31
ACZ81_00900,0.40426762898763,not_significant,day 18
ACZ81_18150,0.403084119160969,not_significant,day 31
ACZ81_01795,-0.402798652648926,not_significant,day 31
ACZ81_06125,0.402784665425618,not_significant,day 31
ACZ81_11530,0.402639071146645,not_significant,day 31
ACZ81_09825,0.402315775553379,not_significant,day 18
ACZ81_00725,-0.401734987894694,not_significant,day 31
ACZ81_16755,0.400883674621583,not_significant,day 31
ACZ81_17275,0.400744120279952,not_significant,day 18
ACZ81_15295,-0.400229136149087,not_significant,day 18
ACZ81_09200,-0.40007209777832,not_significant,day 18
ACZ81_07435,-0.399846076965331,not_significant,day 31
ACZ81_06225,0.398672103881837,not_significant,day 18
ACZ81_19515,-0.398500124613444,not_significant,day 31
ACZ81_10390,-0.398349126180013,not_significant,day 18
ACZ81_05370,0.398222605387369,not_significant,day 18
ACZ81_03995,0.398166020711263,not_significant,day 18
ACZ81_17045,-0.397857666015626,not_significant,day 18
ACZ81_08070,-0.397652943929037,not_significant,day 18
ACZ81_10120,-0.397539138793947,not_significant,day 18
ACZ81_00225,-0.397521018981933,not_significant,day 31
ACZ81_19710,-0.397380510965984,not_significant,day 31
ACZ81_06155,-0.397210756937663,not_significant,day 31
ACZ81_06705,-0.396965662638347,not_significant,day 18
ACZ81_18355,-0.396830240885417,not_significant,day 18
ACZ81_15870,-0.396448771158854,not_significant,day 18
ACZ81_03270,-0.39638582865397,not_significant,day 18
ACZ81_16750,-0.39613119761149,not_significant,day 31
ACZ81_02495,0.396077156066893,not_significant,day 31
ACZ81_00715,0.395718256632487,not_significant,day 18
ACZ81_15895,0.395361582438147,not_significant,day 18
ACZ81_06545,0.395006815592448,not_significant,day 18
ACZ81_18685,0.394866625467936,not_significant,day 31
ACZ81_02360,-0.394760767618815,not_significant,day 18
ACZ81_18610,0.39470831553141,not_significant,day 31
ACZ81_17050,-0.394615173339846,not_significant,day 18
ACZ81_19180,-0.39455223083496,not_significant,day 18
ACZ81_10080,-0.394054730733236,not_significant,day 31
ACZ81_10210,-0.393375396728511,not_significant,day 18
ACZ81_02065,-0.393301645914714,not_significant,day 18
ACZ81_12530,0.392692565917967,not_significant,day 18
ACZ81_00745,0.392582575480144,not_significant,day 18
ACZ81_10590,-0.392297744750977,not_significant,day 18
ACZ81_10340,-0.391742388407389,not_significant,day 31
ACZ81_19800,0.39117685953776,not_significant,day 18
ACZ81_01850,-0.390901883443197,not_significant,day 31
ACZ81_11195,-0.390849431355794,not_significant,day 18
ACZ81_01010,0.390737533569339,not_significant,day 18
ACZ81_00210,0.390712102254231,not_significant,day 18
ACZ81_13520,-0.389962514241536,not_significant,day 18
ACZ81_15190,-0.3893772761027,not_significant,day 31
ACZ81_06175,-0.388242403666176,not_significant,day 31
ACZ81_13600,-0.388090451558432,not_significant,day 31
ACZ81_19585,-0.387980461120606,not_significant,day 31
ACZ81_07900,-0.386465708414713,not_significant,day 18
ACZ81_15505,0.386145909627276,not_significant,day 18
ACZ81_08600,0.385308901468912,not_significant,day 31
ACZ81_08140,-0.385144551595052,not_significant,day 18
ACZ81_19170,0.38493092854818,not_significant,day 18
ACZ81_15630,0.383948326110839,not_significant,day 31
ACZ81_14735,-0.38390986124675,not_significant,day 18
ACZ81_17240,-0.383748372395833,not_significant,day 18
ACZ81_12455,-0.383732159932453,not_significant,day 31
ACZ81_03025,0.383573532104492,not_significant,day 18
ACZ81_15560,0.383522987365721,not_significant,day 31
ACZ81_18685,0.382920583089193,not_significant,day 18
ACZ81_00075,-0.382182439168297,not_significant,day 18
ACZ81_07925,0.382148742675781,not_significant,day 18
ACZ81_06890,-0.382108052571615,not_significant,day 18
ACZ81_02150,-0.382101694742837,not_significant,day 18
ACZ81_06590,0.381567001342773,not_significant,day 18
ACZ81_09775,0.381490071614585,not_significant,day 18
ACZ81_05710,-0.381204287211103,not_significant,day 31
ACZ81_00700,0.38091786702474,not_significant,day 18
ACZ81_10170,0.380788485209148,not_significant,day 31
ACZ81_16420,0.38078498840332,not_significant,day 18
ACZ81_07300,0.380521774291992,not_significant,day 18
ACZ81_03350,0.380406379699707,not_significant,day 31
ACZ81_13920,0.380020777384439,not_significant,day 18
ACZ81_18270,0.379566192626953,not_significant,day 18
ACZ81_18205,-0.379565238952637,not_significant,day 31
ACZ81_09225,-0.379070599873863,not_significant,day 31
ACZ81_09640,-0.37828222910563,not_significant,day 31
ACZ81_06290,-0.378273328145345,not_significant,day 31
ACZ81_15605,0.378173192342122,not_significant,day 18
ACZ81_18895,0.37793477376302,not_significant,day 18
ACZ81_03320,-0.377777099609373,not_significant,day 18
ACZ81_12800,-0.377457936604817,not_significant,day 18
ACZ81_07055,0.377386093139648,not_significant,day 18
ACZ81_10745,-0.376566569010416,not_significant,day 18
ACZ81_14625,0.37651634216309,not_significant,day 18
ACZ81_07170,0.376247088114419,not_significant,day 31
ACZ81_10850,-0.376235326131184,not_significant,day 18
ACZ81_04270,0.376087188720703,not_significant,day 18
ACZ81_02245,0.375829060872393,not_significant,day 18
ACZ81_13905,-0.375672022501629,not_significant,day 18
ACZ81_13965,-0.375654538472494,not_significant,day 31
ACZ81_19370,-0.37558142344157,not_significant,day 31
ACZ81_07145,-0.374539375305174,not_significant,day 31
ACZ81_02750,-0.374090830485026,not_significant,day 18
ACZ81_10190,-0.374084154764809,not_significant,day 31
ACZ81_02110,-0.37294069925944,not_significant,day 18
ACZ81_14850,-0.372671127319333,not_significant,day 18
ACZ81_19715,0.37250550587972,not_significant,day 31
ACZ81_09330,-0.371191024780273,not_significant,day 18
ACZ81_06595,0.370914459228516,not_significant,day 18
ACZ81_05390,-0.370800654093423,not_significant,day 18
ACZ81_10895,-0.370529492696124,not_significant,day 31
ACZ81_04650,0.370506922403971,not_significant,day 18
ACZ81_00360,-0.368875503540037,not_significant,day 18
ACZ81_18210,-0.368868192036951,not_significant,day 31
ACZ81_03160,-0.368547757466635,not_significant,day 31
ACZ81_18205,0.367809295654296,not_significant,day 18
ACZ81_09375,-0.367733001708981,not_significant,day 18
ACZ81_13250,-0.367024739583334,not_significant,day 18
ACZ81_17680,0.366786321004233,not_significant,day 18
ACZ81_13015,0.366785049438481,not_significant,day 18
ACZ81_12255,-0.366407394409177,not_significant,day 18
ACZ81_09950,-0.365963617960612,not_significant,day 18
ACZ81_17520,0.365829149882,not_significant,day 31
ACZ81_13485,0.365711847941082,not_significant,day 18
ACZ81_03515,0.36535898844401,not_significant,day 18
ACZ81_15135,-0.36505953470866,not_significant,day 18
ACZ81_00580,-0.364787101745605,not_significant,day 31
ACZ81_11635,0.364109992980953,not_significant,day 31
ACZ81_04785,0.36406675974528,not_significant,day 31
ACZ81_05335,0.363796234130859,not_significant,day 18
ACZ81_14740,-0.363505999247236,not_significant,day 31
ACZ81_09790,0.362882614135741,not_significant,day 18
ACZ81_08430,0.362522125244144,not_significant,day 18
ACZ81_00530,-0.362458546956376,not_significant,day 18
ACZ81_02270,0.362332344055176,not_significant,day 31
ACZ81_04690,0.360645929972331,not_significant,day 18
ACZ81_08315,0.360098203023274,not_significant,day 31
ACZ81_12940,0.359752655029295,not_significant,day 18
ACZ81_04645,0.359416961669923,not_significant,day 18
ACZ81_14660,0.359090169270834,not_significant,day 18
ACZ81_02310,0.358737309773763,not_significant,day 18
ACZ81_20440,0.358574231465658,not_significant,day 31
ACZ81_17525,-0.358350118001303,not_significant,day 18
ACZ81_18705,0.358341852823893,not_significant,day 18
ACZ81_01975,0.358303705851237,not_significant,day 18
ACZ81_18260,0.35799185434977,not_significant,day 31
ACZ81_14665,-0.357826232910159,not_significant,day 18
ACZ81_15930,-0.357692082722983,not_significant,day 18
ACZ81_17820,-0.357561747233074,not_significant,day 18
ACZ81_02380,-0.357515970865884,not_significant,day 18
ACZ81_06185,-0.357299486796061,not_significant,day 31
ACZ81_17260,-0.356826146443687,not_significant,day 18
ACZ81_10320,-0.35681374867757,not_significant,day 31
ACZ81_16705,0.356543223063151,not_significant,day 18
ACZ81_17425,-0.356279055277506,not_significant,day 31
ACZ81_18945,0.356246948242182,not_significant,day 18
ACZ81_11950,-0.356238365173342,not_significant,day 31
ACZ81_00435,0.356175104777017,not_significant,day 31
ACZ81_08585,0.356026331583658,not_significant,day 18
ACZ81_07320,-0.355514208475748,not_significant,day 31
ACZ81_15455,-0.355167388916017,not_significant,day 18
ACZ81_03995,0.355162620544432,not_significant,day 31
ACZ81_RS13815,-0.354739824930827,not_significant,day 31
ACZ81_10410,0.354026158650714,not_significant,day 18
ACZ81_17775,0.354009628295897,not_significant,day 18
ACZ81_04710,0.353446324666341,not_significant,day 18
ACZ81_04785,-0.35332743326823,not_significant,day 18
ACZ81_18400,-0.352787017822265,not_significant,day 18
ACZ81_15555,0.352220217386883,not_significant,day 31
ACZ81_04855,0.351523081461587,not_significant,day 18
ACZ81_01165,-0.351466496785479,not_significant,day 18
ACZ81_18795,0.351095835367839,not_significant,day 18
ACZ81_11895,0.350933710734047,not_significant,day 18
ACZ81_04690,-0.350534756978353,not_significant,day 31
ACZ81_12160,-0.350247701009117,not_significant,day 18
ACZ81_10100,0.350181579589843,not_significant,day 18
ACZ81_17570,-0.349675178527833,not_significant,day 31
ACZ81_15230,-0.34955437978109,not_significant,day 31
ACZ81_13630,-0.349538803100587,not_significant,day 18
ACZ81_03185,0.349512100219724,not_significant,day 18
ACZ81_14650,0.349297841389972,not_significant,day 18
ACZ81_05270,0.34919738769531,not_significant,day 18
ACZ81_02695,-0.34849230448405,not_significant,day 18
ACZ81_11040,-0.348367055257164,not_significant,day 18
ACZ81_13975,0.34827295939127,not_significant,day 18
ACZ81_16485,-0.348151524861656,not_significant,day 18
ACZ81_07140,0.348028182983399,not_significant,day 18
ACZ81_10180,-0.348016103108724,not_significant,day 18
ACZ81_18200,-0.347665150960287,not_significant,day 18
ACZ81_01880,0.347665150960286,not_significant,day 18
ACZ81_11080,-0.347202301025389,not_significant,day 18
ACZ81_19570,-0.347146987915039,not_significant,day 18
ACZ81_13960,-0.347060521443684,not_significant,day 18
ACZ81_08775,0.346995353698731,not_significant,day 31
ACZ81_11535,0.346851984659833,not_significant,day 18
ACZ81_13445,-0.346040725708008,not_significant,day 18
ACZ81_07420,-0.34600067138672,not_significant,day 18
ACZ81_05170,0.34571011861165,not_significant,day 18
ACZ81_20350,0.34546597798665,not_significant,day 18
ACZ81_16485,0.34503523508708,not_significant,day 31
ACZ81_18095,-0.344566980997721,not_significant,day 18
ACZ81_19680,0.344534238179523,not_significant,day 31
ACZ81_11505,-0.344231287638343,not_significant,day 18
ACZ81_08805,-0.344208399454753,not_significant,day 18
ACZ81_02000,0.343807856241862,not_significant,day 18
ACZ81_04435,0.34370994567871,not_significant,day 18
ACZ81_08265,-0.343706130981446,not_significant,day 18
ACZ81_06220,-0.343617439270018,not_significant,day 31
ACZ81_10180,0.343266487121583,not_significant,day 31
ACZ81_05355,0.342391331990558,not_significant,day 18
ACZ81_04000,0.342168807983398,not_significant,day 18
ACZ81_06085,-0.341800053914383,not_significant,day 18
ACZ81_01505,0.341702461242677,not_significant,day 31
ACZ81_10040,0.34165096282959,not_significant,day 31
ACZ81_19320,-0.341520627339679,not_significant,day 31
ACZ81_07655,-0.341212590535481,not_significant,day 18
ACZ81_17535,0.341075897216799,not_significant,day 18
ACZ81_02320,0.341022491455078,not_significant,day 18
ACZ81_16820,-0.340195020039874,not_significant,day 31
ACZ81_19720,0.339967091878253,not_significant,day 18
ACZ81_14385,-0.339349110921227,not_significant,day 18
ACZ81_19780,-0.339109420776368,not_significant,day 18
ACZ81_12715,-0.339032491048178,not_significant,day 18
ACZ81_08230,-0.338839213053383,not_significant,day 18
ACZ81_02920,-0.338586171468099,not_significant,day 18
ACZ81_19915,-0.338214238484707,not_significant,day 18
ACZ81_05560,0.33817672729492,not_significant,day 18
ACZ81_14210,0.337902704874674,not_significant,day 18
ACZ81_02820,-0.337864557902018,not_significant,day 18
ACZ81_05340,0.337415059407552,not_significant,day 18
ACZ81_09895,0.336969375610353,not_significant,day 18
ACZ81_05865,-0.336875279744462,not_significant,day 18
ACZ81_19225,-0.33639144897461,not_significant,day 18
ACZ81_04160,0.33624585469564,not_significant,day 18
ACZ81_02765,0.336196263631183,not_significant,day 18
ACZ81_16920,0.33608849843343,not_significant,day 31
ACZ81_12695,-0.335861206054687,not_significant,day 18
ACZ81_10740,-0.335749944051104,not_significant,day 18
ACZ81_04600,-0.335256576538086,not_significant,day 18
ACZ81_07920,0.335214614868163,not_significant,day 18
ACZ81_11445,-0.334814389546714,not_significant,day 31
ACZ81_01565,0.334801991780593,not_significant,day 18
ACZ81_16330,0.334801038106282,not_significant,day 31
ACZ81_09785,0.334662755330406,not_significant,day 18
ACZ81_06165,0.334483146667482,not_significant,day 31
ACZ81_05885,-0.33445835113525,not_significant,day 31
ACZ81_10750,-0.3342711130778,not_significant,day 18
ACZ81_09935,-0.334011713663735,not_significant,day 18
ACZ81_02835,-0.333998362223307,not_significant,day 18
ACZ81_14395,-0.333650271097816,not_significant,day 31
ACZ81_03830,0.333485921223958,not_significant,day 18
ACZ81_RS21680,-0.3331511815389,not_significant,day 31
ACZ81_00910,-0.332829793294271,not_significant,day 18
ACZ81_13170,-0.332704544067383,not_significant,day 18
ACZ81_10260,0.332641919453939,not_significant,day 31
ACZ81_09455,-0.332532246907549,not_significant,day 18
ACZ81_04830,-0.332118352254233,not_significant,day 18
ACZ81_01245,0.3310801188151,not_significant,day 18
ACZ81_16875,0.330034255981444,not_significant,day 18
ACZ81_12865,0.329289754231771,not_significant,day 18
ACZ81_07835,-0.328845342000326,not_significant,day 18
ACZ81_03315,0.328315099080402,not_significant,day 18
ACZ81_16835,0.328064600626628,not_significant,day 18
ACZ81_00790,0.327980041503906,not_significant,day 18
ACZ81_01475,-0.327970504760742,not_significant,day 18
ACZ81_16675,0.327805201212566,not_significant,day 18
ACZ81_02200,-0.327685674031574,not_significant,day 18
ACZ81_07230,0.327629725138345,not_significant,day 18
ACZ81_15455,-0.327609062194824,not_significant,day 31
ACZ81_11610,-0.327383041381837,not_significant,day 18
ACZ81_14550,-0.327353795369466,not_significant,day 18
ACZ81_06215,0.326555569966637,not_significant,day 31
ACZ81_03765,-0.326547622680664,not_significant,day 18
ACZ81_09320,-0.326356569925943,not_significant,day 31
ACZ81_08140,0.326176643371582,not_significant,day 31
ACZ81_08295,0.326171239217123,not_significant,day 18
ACZ81_17675,0.326136906941733,not_significant,day 18
ACZ81_16735,0.325783729553224,not_significant,day 31
ACZ81_01570,-0.325687090555824,not_significant,day 31
ACZ81_11570,-0.32564608256022,not_significant,day 18
ACZ81_06535,0.325459162394209,not_significant,day 18
ACZ81_12430,0.325203895568847,not_significant,day 31
ACZ81_00085,-0.324948946634927,not_significant,day 31
ACZ81_13115,-0.324768384297691,not_significant,day 31
ACZ81_02905,-0.324740409851077,not_significant,day 31
ACZ81_10875,-0.324730555216471,not_significant,day 18
ACZ81_16765,-0.324710210164386,not_significant,day 18
ACZ81_09880,-0.324458440144856,not_significant,day 18
ACZ81_09860,-0.323959668477374,not_significant,day 31
ACZ81_05135,-0.323603312174479,not_significant,day 18
ACZ81_10005,-0.32354482014974,not_significant,day 18
ACZ81_14930,-0.323494593302409,not_significant,day 18
ACZ81_16645,0.323026339213055,not_significant,day 31
ACZ81_06985,-0.322976112365722,not_significant,day 31
ACZ81_09735,-0.3228391011556,not_significant,day 18
ACZ81_04900,-0.322661081949872,not_significant,day 18
ACZ81_05200,0.322580337524415,not_significant,day 18
ACZ81_12490,-0.322362899780273,not_significant,day 18
ACZ81_13610,0.322001775105794,not_significant,day 18
ACZ81_04515,-0.321975708007812,not_significant,day 18
ACZ81_15610,-0.321795781453446,not_significant,day 18
ACZ81_16055,0.321482340494793,not_significant,day 18
ACZ81_14105,-0.321393966674805,not_significant,day 18
ACZ81_13470,0.321373621622721,not_significant,day 18
ACZ81_09100,-0.32134755452474,not_significant,day 18
ACZ81_15535,-0.320372899373373,not_significant,day 18
ACZ81_19580,0.32022253672282,not_significant,day 31
ACZ81_07290,0.319938023885094,not_significant,day 18
ACZ81_08590,-0.319753646850586,not_significant,day 18
ACZ81_13720,0.319619496663412,not_significant,day 18
ACZ81_08320,0.319414774576821,not_significant,day 18
ACZ81_17830,-0.319255193074543,not_significant,day 18
ACZ81_08035,-0.318997383117675,not_significant,day 31
ACZ81_09910,-0.318919499715171,not_significant,day 18
ACZ81_17870,-0.318518956502279,not_significant,day 18
ACZ81_14065,0.318030039469402,not_significant,day 18
ACZ81_15625,0.318027814229327,not_significant,day 31
ACZ81_03735,0.317986806233724,not_significant,day 18
ACZ81_01990,0.317743619283036,not_significant,day 31
ACZ81_13310,-0.317550977071122,not_significant,day 31
ACZ81_08375,-0.317072550455733,not_significant,day 18
ACZ81_17380,-0.316694577534991,not_significant,day 31
ACZ81_03715,-0.316639900207524,not_significant,day 31
ACZ81_14455,-0.316564559936526,not_significant,day 18
ACZ81_09975,-0.316543896993002,not_significant,day 31
ACZ81_19965,0.316220283508306,not_significant,day 31
ACZ81_09710,-0.315149943033853,not_significant,day 18
ACZ81_10205,0.314864476521811,not_significant,day 18
ACZ81_11550,-0.314821879069008,not_significant,day 18
ACZ81_16285,-0.314624150594079,not_significant,day 18
ACZ81_00775,0.314429601033529,not_significant,day 18
ACZ81_07380,0.314263025919598,not_significant,day 18
ACZ81_03920,0.313905080159505,not_significant,day 18
ACZ81_08775,-0.313807169596355,not_significant,day 18
ACZ81_08640,0.313373565673827,not_significant,day 18
ACZ81_04695,-0.313325881958008,not_significant,day 18
ACZ81_02170,0.31304550170898,not_significant,day 18
ACZ81_19400,-0.3123779296875,not_significant,day 18
ACZ81_06835,0.31231689453125,not_significant,day 18
ACZ81_14665,0.312228202819823,not_significant,day 31
ACZ81_04880,-0.311845461527507,not_significant,day 31
ACZ81_06400,-0.311729431152347,not_significant,day 18
ACZ81_10080,0.311622619628906,not_significant,day 18
ACZ81_10785,0.311138470967607,not_significant,day 31
ACZ81_02065,-0.310977617899577,not_significant,day 31
ACZ81_13060,-0.310850143432618,not_significant,day 18
ACZ81_04915,-0.31067276000976,not_significant,day 18
ACZ81_06155,0.3106377919515,not_significant,day 18
ACZ81_10250,-0.310458501180013,not_significant,day 18
ACZ81_16090,0.310256958007812,not_significant,day 18
ACZ81_06900,-0.309722900390625,not_significant,day 18
ACZ81_15855,0.309596379597982,not_significant,day 18
ACZ81_08015,-0.309402783711751,not_significant,day 31
ACZ81_00100,-0.309307734171552,not_significant,day 18
ACZ81_01575,0.309288342793785,not_significant,day 31
ACZ81_07885,0.30900510152181,not_significant,day 18
ACZ81_18680,-0.308962821960449,not_significant,day 31
ACZ81_10155,0.308744430541992,not_significant,day 18
ACZ81_08130,-0.308693567911786,not_significant,day 18
ACZ81_06565,-0.308358828226726,not_significant,day 31
ACZ81_19510,0.307872136433919,not_significant,day 18
ACZ81_00960,-0.307719230651855,not_significant,day 31
ACZ81_10310,0.307656288146972,not_significant,day 31
ACZ81_10985,0.307567596435547,not_significant,day 18
ACZ81_02060,-0.307530721028646,not_significant,day 18
ACZ81_19115,0.307347615559896,not_significant,day 18
ACZ81_16050,0.306912740071614,not_significant,day 18
ACZ81_17250,-0.306206703186033,not_significant,day 31
ACZ81_03680,0.305770874023438,not_significant,day 18
ACZ81_16650,-0.3055903116862,not_significant,day 18
ACZ81_16930,0.30520439147949,not_significant,day 18
ACZ81_17995,0.30520439147949,not_significant,day 18
ACZ81_00340,0.304962158203126,not_significant,day 18
ACZ81_01790,-0.304922739664714,not_significant,day 18
ACZ81_05285,-0.304919560750326,not_significant,day 18
ACZ81_04590,-0.304787000020345,not_significant,day 31
ACZ81_17780,-0.304313341776534,not_significant,day 31
ACZ81_10240,0.304249445597331,not_significant,day 18
ACZ81_03745,-0.304081916809081,not_significant,day 31
ACZ81_06975,0.303814252217612,not_significant,day 31
ACZ81_17505,0.303207079569498,not_significant,day 31
ACZ81_12650,0.303160985310873,not_significant,day 18
ACZ81_01190,0.302531560262043,not_significant,day 18
ACZ81_08370,-0.302377065022786,not_significant,day 18
ACZ81_13520,0.302367210388184,not_significant,day 31
ACZ81_07350,-0.30233351389567,not_significant,day 31
ACZ81_12805,-0.302192687988285,not_significant,day 18
ACZ81_04185,0.302018483479818,not_significant,day 18
ACZ81_15550,0.301547368367513,not_significant,day 18
ACZ81_03150,-0.301514625549315,not_significant,day 31
ACZ81_19445,-0.30116907755534,not_significant,day 18
ACZ81_17155,-0.301120122273763,not_significant,day 18
ACZ81_RS17245,-0.300563176472981,not_significant,day 18
ACZ81_06635,0.300218264261875,not_significant,day 31
ACZ81_06290,-0.300111134847005,not_significant,day 18
ACZ81_19080,-0.299650828043616,not_significant,day 18
ACZ81_07070,-0.299166361490886,not_significant,day 18
ACZ81_13395,0.299060185750326,not_significant,day 18
ACZ81_18840,-0.299000422159832,not_significant,day 18
ACZ81_01230,-0.298494338989258,not_significant,day 18
ACZ81_15390,-0.298441251118985,not_significant,day 31
ACZ81_06660,0.297949155171714,not_significant,day 31
ACZ81_18095,-0.297717094421388,not_significant,day 31
ACZ81_19760,-0.29740524291992,not_significant,day 18
ACZ81_16960,-0.297298749287923,not_significant,day 31
ACZ81_09090,0.29661242167155,not_significant,day 18
ACZ81_02190,0.29631010691325,not_significant,day 31
ACZ81_13695,-0.29616419474284,not_significant,day 18
ACZ81_16125,0.29589335123698,not_significant,day 18
ACZ81_07210,-0.295402844746907,not_significant,day 31
ACZ81_01680,0.295071919759114,not_significant,day 18
ACZ81_12720,-0.294961929321289,not_significant,day 18
ACZ81_12275,0.29465293884277,not_significant,day 18
ACZ81_04990,0.294317881266277,not_significant,day 18
ACZ81_13085,-0.294026056925455,not_significant,day 18
ACZ81_07965,0.293788592020673,not_significant,day 31
ACZ81_01650,0.293369293212888,not_significant,day 18
ACZ81_14245,0.293256759643553,not_significant,day 18
ACZ81_11025,-0.293157895406084,not_significant,day 31
ACZ81_09265,-0.292322158813477,not_significant,day 18
ACZ81_11170,-0.292218844095863,not_significant,day 31
ACZ81_01515,0.291845957438148,not_significant,day 18
ACZ81_05595,0.291618347167971,not_significant,day 18
ACZ81_13375,0.29156684875488,not_significant,day 18
ACZ81_10040,-0.290926615397135,not_significant,day 18
ACZ81_10330,-0.29072125752767,not_significant,day 18
ACZ81_03525,0.290438969930013,not_significant,day 18
ACZ81_10910,0.290231704711912,not_significant,day 18
ACZ81_17680,0.290203412373863,not_significant,day 31
ACZ81_04370,-0.29012966156006,not_significant,day 31
ACZ81_10300,0.290022532145178,not_significant,day 18
ACZ81_03585,-0.290001551310224,not_significant,day 18
ACZ81_10250,-0.289603233337402,not_significant,day 31
ACZ81_11675,-0.289552370707191,not_significant,day 31
ACZ81_00305,0.289246877034507,not_significant,day 18
ACZ81_06040,-0.288683891296388,not_significant,day 31
ACZ81_14160,-0.288570404052734,not_significant,day 18
ACZ81_15390,-0.288302739461268,not_significant,day 18
ACZ81_11440,-0.288259506225587,not_significant,day 18
ACZ81_11170,0.28823534647624,not_significant,day 18
ACZ81_14845,-0.288208961486816,not_significant,day 31
ACZ81_08370,0.287613232930501,not_significant,day 31
ACZ81_05085,-0.285799662272137,not_significant,day 18
ACZ81_15360,-0.28566869099935,not_significant,day 18
ACZ81_01920,-0.285565694173181,not_significant,day 18
ACZ81_16325,0.285369237263993,not_significant,day 18
ACZ81_06660,0.285121281941731,not_significant,day 18
ACZ81_09115,-0.284861246744791,not_significant,day 18
ACZ81_06100,0.284594853719076,not_significant,day 18
ACZ81_17520,-0.284069061279296,not_significant,day 18
ACZ81_06345,0.284063975016277,not_significant,day 18
ACZ81_12445,0.28372573852539,not_significant,day 18
ACZ81_14415,0.283395131429034,not_significant,day 18
ACZ81_07490,-0.28331979115804,not_significant,day 31
ACZ81_07880,-0.28331979115804,not_significant,day 31
ACZ81_07000,-0.282859166463215,not_significant,day 18
ACZ81_20375,0.282830556233721,not_significant,day 18
ACZ81_08300,0.282640775044758,not_significant,day 31
ACZ81_03725,-0.282536824544271,not_significant,day 18
ACZ81_05700,-0.282214482625324,not_significant,day 18
ACZ81_02745,-0.282059669494629,not_significant,day 31
ACZ81_03255,0.281611442565917,not_significant,day 31
ACZ81_14645,0.281582514444988,not_significant,day 18
ACZ81_05585,0.281410853068031,not_significant,day 18
ACZ81_18385,0.281250953674316,not_significant,day 31
ACZ81_05500,0.281130472819007,not_significant,day 18
ACZ81_05115,0.281114896138506,not_significant,day 31
ACZ81_12925,0.28085390726725,not_significant,day 18
ACZ81_13665,0.28082593282064,not_significant,day 18
ACZ81_00285,-0.280665715535482,not_significant,day 18
ACZ81_14885,0.2805233001709,not_significant,day 18
ACZ81_03685,0.27990976969401,not_significant,day 18
ACZ81_03145,0.279817899068195,not_significant,day 31
ACZ81_15985,0.279616673787438,not_significant,day 18
ACZ81_13730,0.279505411783854,not_significant,day 18
ACZ81_18610,0.279268900553386,not_significant,day 18
ACZ81_07010,-0.279248555501303,not_significant,day 18
ACZ81_19770,0.279179255167647,not_significant,day 18
ACZ81_18235,0.278700192769372,not_significant,day 31
ACZ81_13990,0.278642654418944,not_significant,day 18
ACZ81_19110,-0.278231938680017,not_significant,day 18
ACZ81_14150,0.278043111165363,not_significant,day 18
ACZ81_08210,0.27798589070638,not_significant,day 18
ACZ81_19925,0.277885437011723,not_significant,day 18
ACZ81_00870,0.277713775634766,not_significant,day 18
ACZ81_13125,-0.277659098307292,not_significant,day 18
ACZ81_10335,0.277619043986004,not_significant,day 18
ACZ81_19675,-0.277617454528808,not_significant,day 31
ACZ81_18070,0.276815414428709,not_significant,day 18
ACZ81_00610,0.276805877685547,not_significant,day 18
ACZ81_16680,0.276570638020834,not_significant,day 18
ACZ81_06850,0.276527404785154,not_significant,day 18
ACZ81_09250,0.276189168294267,not_significant,day 18
ACZ81_15125,-0.275680541992188,not_significant,day 18
ACZ81_08550,0.275654792785644,not_significant,day 31
ACZ81_00585,0.275411605834959,not_significant,day 18
ACZ81_11715,-0.275249481201173,not_significant,day 18
ACZ81_01150,-0.275160471598308,not_significant,day 18
ACZ81_06860,-0.275089899698894,not_significant,day 18
ACZ81_13930,-0.274881362915043,not_significant,day 18
ACZ81_17840,0.27447954813639,not_significant,day 18
ACZ81_08595,-0.274394035339357,not_significant,day 31
ACZ81_15555,0.274016698201498,not_significant,day 18
ACZ81_13985,0.27385234832764,not_significant,day 31
ACZ81_05265,-0.273781776428221,not_significant,day 31
ACZ81_02340,0.273719787597657,not_significant,day 18
ACZ81_15345,0.273621877034505,not_significant,day 18
ACZ81_06370,-0.273233413696289,not_significant,day 18
ACZ81_02770,0.27315394083659,not_significant,day 18
ACZ81_09035,-0.273103713989257,not_significant,day 18
ACZ81_14410,-0.272965749104822,not_significant,day 18
ACZ81_03820,0.272066752115884,not_significant,day 18
ACZ81_01055,0.271703402201336,not_significant,day 31
ACZ81_11240,-0.271358172098797,not_significant,day 31
ACZ81_14115,0.270660400390625,not_significant,day 18
ACZ81_17590,0.270386695861816,not_significant,day 31
ACZ81_17160,-0.27026621500651,not_significant,day 18
ACZ81_19510,-0.269878069559733,not_significant,day 31
ACZ81_09470,0.26957321166992,not_significant,day 18
ACZ81_18640,0.269405364990233,not_significant,day 18
ACZ81_15630,0.26940091451009,not_significant,day 18
ACZ81_15890,0.269167582194013,not_significant,day 18
ACZ81_04735,0.26897430419922,not_significant,day 18
ACZ81_RS13720,0.26865482330322,not_significant,day 31
ACZ81_06610,0.268274943033854,not_significant,day 18
ACZ81_01750,0.268214543660477,not_significant,day 18
ACZ81_17305,-0.26753489176432,not_significant,day 18
ACZ81_05310,-0.267349878946943,not_significant,day 18
ACZ81_17750,-0.26707140604655,not_significant,day 18
ACZ81_04440,0.266962687174476,not_significant,day 18
ACZ81_08415,0.266831715901693,not_significant,day 18
ACZ81_08620,0.26648012797038,not_significant,day 18
ACZ81_01225,-0.266407648722331,not_significant,day 18
ACZ81_14845,0.26621945699056,not_significant,day 18
ACZ81_04025,0.265991210937497,not_significant,day 18
ACZ81_12300,0.265500386555991,not_significant,day 18
ACZ81_12295,-0.265471776326497,not_significant,day 18
ACZ81_06845,0.265408833821615,not_significant,day 18
ACZ81_05045,0.265376408894853,not_significant,day 18
ACZ81_06430,-0.265376091003418,not_significant,day 31
ACZ81_07410,-0.265087763468424,not_significant,day 18
ACZ81_12515,0.264743169148763,not_significant,day 18
ACZ81_02270,-0.264715194702144,not_significant,day 18
ACZ81_02240,0.264665603637697,not_significant,day 18
ACZ81_13865,0.26466178894043,not_significant,day 18
ACZ81_01205,0.264477094014486,not_significant,day 31
ACZ81_10775,0.263965288798015,not_significant,day 31
ACZ81_18775,0.263848622639974,not_significant,day 18
ACZ81_11665,-0.263765652974443,not_significant,day 31
ACZ81_08260,0.263516426086426,not_significant,day 31
ACZ81_01855,-0.263514836629232,not_significant,day 18
ACZ81_18895,-0.263458569844565,not_significant,day 31
ACZ81_11135,-0.26330471038818,not_significant,day 31
ACZ81_04175,-0.263260205586751,not_significant,day 31
ACZ81_00355,-0.263208707173665,not_significant,day 31
ACZ81_09325,0.263170878092448,not_significant,day 18
ACZ81_16105,-0.262377421061198,not_significant,day 18
ACZ81_07150,0.26212501525879,not_significant,day 18
ACZ81_00805,-0.261733690897624,not_significant,day 31
ACZ81_10350,0.261438369750977,not_significant,day 18
ACZ81_00555,0.26113764444987,not_significant,day 18
ACZ81_03220,0.261062622070311,not_significant,day 18
ACZ81_18290,0.26094881693522,not_significant,day 18
ACZ81_06915,-0.260822296142578,not_significant,day 18
ACZ81_18605,0.260771115620931,not_significant,day 31
ACZ81_01535,0.260721524556476,not_significant,day 31
ACZ81_03935,-0.260683695475256,not_significant,day 18
ACZ81_04685,0.260571797688802,not_significant,day 18
ACZ81_20675,0.260410944620768,not_significant,day 18
ACZ81_17040,-0.259915669759117,not_significant,day 18
ACZ81_10455,-0.259752909342453,not_significant,day 18
ACZ81_02870,-0.259683609008787,not_significant,day 18
ACZ81_17705,0.25967407226563,not_significant,day 18
ACZ81_05940,-0.259604136149088,not_significant,day 18
ACZ81_09735,0.259535789489747,not_significant,day 31
ACZ81_09950,-0.258623441060381,not_significant,day 31
ACZ81_03880,-0.25859292348226,not_significant,day 31
ACZ81_17345,-0.258255640665692,not_significant,day 18
ACZ81_03385,0.257806777954104,not_significant,day 18
ACZ81_00230,0.25764910380046,not_significant,day 18
ACZ81_00520,-0.257608413696289,not_significant,day 18
ACZ81_07590,0.25741736094157,not_significant,day 31
ACZ81_04705,0.256244023640952,not_significant,day 18
ACZ81_15655,0.25592803955078,not_significant,day 18
ACZ81_20625,-0.255712827046712,not_significant,day 31
ACZ81_08350,0.255051612854004,not_significant,day 31
ACZ81_03370,0.254919052124027,not_significant,day 18
ACZ81_14420,0.25484530131022,not_significant,day 18
ACZ81_05665,-0.254644393920893,not_significant,day 18
ACZ81_01340,0.25459702809652,not_significant,day 31
ACZ81_04425,0.25459702809652,not_significant,day 31
ACZ81_07515,0.25459702809652,not_significant,day 31
ACZ81_09590,0.25459702809652,not_significant,day 31
ACZ81_17130,0.25459702809652,not_significant,day 31
ACZ81_08080,-0.254469553629558,not_significant,day 18
ACZ81_04480,0.253836949666342,not_significant,day 18
ACZ81_08565,0.253742853800453,not_significant,day 18
ACZ81_11915,0.253698984781901,not_significant,day 18
ACZ81_14175,0.253561655680338,not_significant,day 18
ACZ81_06335,0.253361384073894,not_significant,day 18
ACZ81_16010,-0.253237724304199,not_significant,day 31
ACZ81_10900,0.253086725870771,not_significant,day 18
ACZ81_15070,-0.252732594807943,not_significant,day 18
ACZ81_02435,-0.25270716349284,not_significant,day 18
ACZ81_12285,0.252046267191571,not_significant,day 31
ACZ81_14510,0.25198745727539,not_significant,day 18
ACZ81_17070,-0.251795450846354,not_significant,day 18
ACZ81_06700,0.251701354980471,not_significant,day 18
ACZ81_07425,0.25169817606608,not_significant,day 18
ACZ81_05435,0.25164794921875,not_significant,day 18
ACZ81_09120,-0.251309076944987,not_significant,day 18
ACZ81_02560,0.251097361246744,not_significant,day 18
ACZ81_13395,-0.2507111231486,not_significant,day 31
ACZ81_02145,-0.250413258870443,not_significant,day 18
ACZ81_13600,-0.25033696492513,not_significant,day 18
ACZ81_07400,0.250322341918947,not_significant,day 18
ACZ81_10485,-0.250277837117514,not_significant,day 18
ACZ81_19495,-0.250166893005371,not_significant,day 31
ACZ81_05955,-0.249839782714843,not_significant,day 18
ACZ81_03175,0.249783198038737,not_significant,day 18
ACZ81_03805,-0.249678293863931,not_significant,day 18
ACZ81_03365,0.24964968363444,not_significant,day 18
ACZ81_15745,-0.249446233113606,not_significant,day 18
ACZ81_04880,0.24910354614258,not_significant,day 18
ACZ81_13505,0.248715082804362,not_significant,day 18
ACZ81_04670,0.248519897460937,not_significant,day 18
ACZ81_02070,0.248200734456382,not_significant,day 18
ACZ81_01465,0.24816703796387,not_significant,day 18
ACZ81_02755,-0.247974395751953,not_significant,day 18
ACZ81_19800,0.247323671976726,not_significant,day 31
ACZ81_16405,0.247295379638669,not_significant,day 18
ACZ81_09105,-0.247016906738281,not_significant,day 18
ACZ81_19280,0.246828715006506,not_significant,day 18
ACZ81_10015,0.245848337809243,not_significant,day 18
ACZ81_18470,0.245707829793294,not_significant,day 18
ACZ81_02105,0.245590209960937,not_significant,day 18
ACZ81_01980,0.245400746663411,not_significant,day 18
ACZ81_04055,0.245221773783366,not_significant,day 31
ACZ81_20440,-0.245073954264323,not_significant,day 18
ACZ81_04485,0.244956970214846,not_significant,day 18
ACZ81_08790,0.244783401489257,not_significant,day 18
ACZ81_02655,-0.244720458984376,not_significant,day 18
ACZ81_15335,-0.244675954182943,not_significant,day 18
ACZ81_04590,-0.244512557983398,not_significant,day 18
ACZ81_15300,-0.244489034016927,not_significant,day 18
ACZ81_06055,0.244421005249027,not_significant,day 18
ACZ81_19805,0.244393030802409,not_significant,day 18
ACZ81_08045,-0.244332313537598,not_significant,day 31
ACZ81_13755,0.24410343170166,not_significant,day 31
ACZ81_19105,0.243810017903647,not_significant,day 18
ACZ81_13770,-0.243632316589354,not_significant,day 31
ACZ81_03805,0.243276913960776,not_significant,day 31
ACZ81_14430,0.243176142374677,not_significant,day 18
ACZ81_14310,0.243165334065756,not_significant,day 18
ACZ81_01745,0.242968241373698,not_significant,day 18
ACZ81_04755,-0.242243766784666,not_significant,day 31
ACZ81_02350,0.241665522257487,not_significant,day 18
ACZ81_15395,0.241410255432127,not_significant,day 31
ACZ81_00980,-0.241286595662438,not_significant,day 18
ACZ81_00510,0.240937550862626,not_significant,day 18
ACZ81_06020,-0.240915298461913,not_significant,day 18
ACZ81_01940,0.240771611531574,not_significant,day 18
ACZ81_13685,-0.24067242940267,not_significant,day 18
ACZ81_09860,0.240591049194336,not_significant,day 18
ACZ81_14585,-0.240523020426432,not_significant,day 18
ACZ81_17905,0.240451812744141,not_significant,day 18
ACZ81_10135,0.240240097045901,not_significant,day 18
ACZ81_10000,0.240148544311522,not_significant,day 18
ACZ81_07045,-0.240142822265621,not_significant,day 18
ACZ81_14370,0.240042686462403,not_significant,day 31
ACZ81_13030,-0.239817937215169,not_significant,day 18
ACZ81_04765,0.2397829691569,not_significant,day 18
ACZ81_14540,-0.239481290181478,not_significant,day 31
ACZ81_17450,0.239048639933268,not_significant,day 18
ACZ81_15055,-0.238911310831707,not_significant,day 18
ACZ81_13550,-0.23874028523763,not_significant,day 18
ACZ81_12590,0.23870849609375,not_significant,day 18
ACZ81_14955,-0.238161404927576,not_significant,day 31
ACZ81_06565,0.237826029459635,not_significant,day 18
ACZ81_10090,0.237674077351889,not_significant,day 18
ACZ81_02385,-0.237595240275064,not_significant,day 18
ACZ81_20280,0.237482706705727,not_significant,day 18
ACZ81_08170,0.237183888753253,not_significant,day 18
ACZ81_15905,0.237144470214841,not_significant,day 18
ACZ81_13590,-0.23670323689779,not_significant,day 18
ACZ81_03145,0.236527760823565,not_significant,day 18
ACZ81_18650,-0.23641522725423,not_significant,day 18
ACZ81_14095,-0.23629887898763,not_significant,day 18
ACZ81_09730,0.236164410909017,not_significant,day 31
ACZ81_11995,-0.236024856567383,not_significant,day 18
ACZ81_11300,-0.235847155253093,not_significant,day 31
ACZ81_04770,-0.235643386840817,not_significant,day 18
ACZ81_07280,-0.235570271809896,not_significant,day 18
ACZ81_04180,-0.235563278198242,not_significant,day 18
ACZ81_10805,0.235487937927245,not_significant,day 31
ACZ81_09400,-0.235429445902507,not_significant,day 31
ACZ81_11120,0.235092163085937,not_significant,day 18
ACZ81_11705,-0.234774271647135,not_significant,day 18
ACZ81_11595,0.234766006469727,not_significant,day 18
ACZ81_17115,0.234492937723793,not_significant,day 31
ACZ81_05490,-0.23383363087972,not_significant,day 31
ACZ81_00425,-0.2336057027181,not_significant,day 18
ACZ81_08840,-0.233263333638513,not_significant,day 31
ACZ81_13615,-0.233114878336588,not_significant,day 18
ACZ81_02790,-0.233113924662272,not_significant,day 31
ACZ81_19495,-0.233043670654295,not_significant,day 18
ACZ81_04010,0.232208887736003,not_significant,day 18
ACZ81_13410,0.231812795003255,not_significant,day 18
ACZ81_18100,0.231743494669597,not_significant,day 18
ACZ81_05115,-0.231475194295251,not_significant,day 18
ACZ81_14180,0.231119791666667,not_significant,day 18
ACZ81_08560,-0.23089853922526,not_significant,day 18
ACZ81_18585,0.230833689371744,not_significant,day 18
ACZ81_18340,-0.230680465698244,not_significant,day 18
ACZ81_12435,0.230330149332682,not_significant,day 18
ACZ81_00085,0.230073928833007,not_significant,day 18
ACZ81_19710,0.229546864827474,not_significant,day 18
ACZ81_15805,-0.228187561035156,not_significant,day 18
ACZ81_15970,0.228185017903647,not_significant,day 18
ACZ81_09680,0.228054364522297,not_significant,day 31
ACZ81_18465,0.227798461914063,not_significant,day 18
ACZ81_15325,0.227569262186683,not_significant,day 31
ACZ81_04145,0.22750282287598,not_significant,day 18
ACZ81_02875,0.227420171101888,not_significant,day 18
ACZ81_11075,-0.227356274922683,not_significant,day 31
ACZ81_13985,0.22697448730469,not_significant,day 18
ACZ81_14495,0.226905186971029,not_significant,day 18
ACZ81_01660,-0.226892471313476,not_significant,day 18
ACZ81_05660,-0.226359685262045,not_significant,day 18
ACZ81_13755,-0.226088205973307,not_significant,day 18
ACZ81_13830,-0.226083755493162,not_significant,day 18
ACZ81_18155,-0.226064682006837,not_significant,day 18
ACZ81_02055,-0.225931803385416,not_significant,day 18
ACZ81_00005,-0.225161870320638,not_significant,day 18
ACZ81_06385,0.225023269653323,not_significant,day 18
ACZ81_09855,0.224713325500485,not_significant,day 31
ACZ81_07705,-0.224642435709636,not_significant,day 18
ACZ81_11745,0.224609375,not_significant,day 18
ACZ81_14430,0.22459125518799,not_significant,day 31
ACZ81_19325,0.224576950073243,not_significant,day 18
ACZ81_12540,0.224566777547203,not_significant,day 18
ACZ81_06570,0.224372227986653,not_significant,day 18
ACZ81_12685,0.223827997843427,not_significant,day 18
ACZ81_09865,0.223593711853028,not_significant,day 31
ACZ81_12515,-0.223586718241374,not_significant,day 31
ACZ81_19885,-0.22353998819987,not_significant,day 18
ACZ81_14875,-0.223538716634115,not_significant,day 18
ACZ81_19595,-0.223117828369142,not_significant,day 18
ACZ81_08135,0.222831726074218,not_significant,day 18
ACZ81_17740,-0.222719192504883,not_significant,day 18
ACZ81_18480,-0.222510655721032,not_significant,day 18
ACZ81_06950,0.2218017578125,not_significant,day 18
ACZ81_10540,-0.221599260965985,not_significant,day 31
ACZ81_17530,0.22157669067383,not_significant,day 18
ACZ81_18675,0.22154744466146,not_significant,day 18
ACZ81_15970,0.221346855163574,not_significant,day 31
ACZ81_00590,-0.221310297648113,not_significant,day 18
ACZ81_02465,0.22126579284668,not_significant,day 18
ACZ81_13305,0.221000671386717,not_significant,day 18
ACZ81_01560,-0.220844268798828,not_significant,day 18
ACZ81_15650,-0.220815340677897,not_significant,day 31
ACZ81_10550,-0.220787048339844,not_significant,day 18
ACZ81_01495,-0.220452626546224,not_significant,day 18
ACZ81_08420,0.220424016316733,not_significant,day 18
ACZ81_11560,0.220371246337894,not_significant,day 18
ACZ81_09695,-0.22024408976237,not_significant,day 18
ACZ81_14740,0.220109939575196,not_significant,day 18
ACZ81_10805,0.220035552978516,not_significant,day 18
ACZ81_17545,0.219672520955404,not_significant,day 18
ACZ81_17175,0.21922492980957,not_significant,day 18
ACZ81_20045,0.219079971313477,not_significant,day 18
ACZ81_01905,0.218990325927733,not_significant,day 18
ACZ81_02980,0.218975702921549,not_significant,day 18
ACZ81_12430,0.21892420450846,not_significant,day 18
ACZ81_13970,0.218713760375976,not_significant,day 18
ACZ81_13025,-0.21834437052409,not_significant,day 18
ACZ81_18265,0.218160947163899,not_significant,day 31
ACZ81_18320,0.218037605285644,not_significant,day 31
ACZ81_00405,-0.217658996582031,not_significant,day 18
ACZ81_08890,-0.217562357584638,not_significant,day 18
ACZ81_01665,0.217468261718754,not_significant,day 18
ACZ81_06320,-0.21746222178141,not_significant,day 31
ACZ81_15565,0.217225392659505,not_significant,day 18
ACZ81_01730,0.217105865478516,not_significant,day 18
ACZ81_13795,0.217067082722982,not_significant,day 18
ACZ81_01045,0.217009226481116,not_significant,day 18
ACZ81_19615,-0.216960271199543,not_significant,day 18
ACZ81_05495,0.216891606648765,not_significant,day 18
ACZ81_05625,0.21661822001139,not_significant,day 18
ACZ81_16395,-0.216245651245118,not_significant,day 18
ACZ81_13850,-0.216189702351888,not_significant,day 18
ACZ81_06815,-0.215941747029623,not_significant,day 18
ACZ81_17445,0.215894063313802,not_significant,day 18
ACZ81_15195,-0.215763727823893,not_significant,day 18
ACZ81_14540,0.215745290120443,not_significant,day 18
ACZ81_03800,-0.215304692586263,not_significant,day 18
ACZ81_19515,-0.21478525797526,not_significant,day 18
ACZ81_03245,0.21475092569987,not_significant,day 18
ACZ81_09400,0.214650472005208,not_significant,day 18
ACZ81_14515,0.213976542154943,not_significant,day 18
ACZ81_11635,-0.213803609212244,not_significant,day 18
ACZ81_01135,0.213754018147785,not_significant,day 18
ACZ81_12805,0.213169415791827,not_significant,day 31
ACZ81_11520,0.212968508402507,not_significant,day 31
ACZ81_01200,0.212923685709635,not_significant,day 18
ACZ81_19630,0.2128480275472,not_significant,day 18
ACZ81_06440,-0.212799390157064,not_significant,day 31
ACZ81_04750,0.212487856547037,not_significant,day 31
ACZ81_03295,-0.21246910095215,not_significant,day 18
ACZ81_17115,0.21214612325032,not_significant,day 18
ACZ81_01245,-0.211724281311037,not_significant,day 31
ACZ81_00305,0.211625734965008,not_significant,day 31
ACZ81_15105,-0.211280822753908,not_significant,day 18
ACZ81_12325,-0.210775375366208,not_significant,day 18
ACZ81_04945,-0.210684458414713,not_significant,day 18
ACZ81_17055,-0.210453033447267,not_significant,day 18
ACZ81_09645,0.20965067545573,not_significant,day 18
ACZ81_17540,0.209647496541342,not_significant,day 18
ACZ81_07415,0.20938809712728,not_significant,day 18
ACZ81_07880,0.209366480509436,not_significant,day 18
ACZ81_20220,-0.209287643432617,not_significant,day 18
ACZ81_01380,0.208539962768555,not_significant,day 18
ACZ81_03920,0.208505312601725,not_significant,day 31
ACZ81_00525,-0.208427747090657,not_significant,day 31
ACZ81_07135,-0.20838419596354,not_significant,day 18
ACZ81_03355,-0.208137194315594,not_significant,day 31
ACZ81_12300,0.208030382792153,not_significant,day 31
ACZ81_00570,0.208015441894533,not_significant,day 18
ACZ81_17005,0.207799911499022,not_significant,day 18
ACZ81_02930,0.207709630330404,not_significant,day 18
ACZ81_03350,0.207708358764648,not_significant,day 18
ACZ81_02405,0.207172393798831,not_significant,day 18
ACZ81_06175,-0.207138061523437,not_significant,day 18
ACZ81_08090,0.20688438415527,not_significant,day 18
ACZ81_10025,0.206660588582359,not_significant,day 18
ACZ81_02325,-0.206574122111003,not_significant,day 18
ACZ81_08225,-0.206430435180664,not_significant,day 18
ACZ81_10260,-0.206158320109051,not_significant,day 18
ACZ81_09305,-0.205817540486651,not_significant,day 18
ACZ81_07365,0.205755233764645,not_significant,day 18
ACZ81_10540,0.205253601074219,not_significant,day 18
ACZ81_06025,0.204736709594727,not_significant,day 18
ACZ81_19540,-0.204398473103844,not_significant,day 18
ACZ81_20295,-0.20411237080892,not_significant,day 18
ACZ81_17605,0.2039270401001,not_significant,day 31
ACZ81_16375,-0.202768961588544,not_significant,day 18
ACZ81_16015,-0.202599525451659,not_significant,day 31
ACZ81_04015,0.202577590942383,not_significant,day 18
ACZ81_06405,-0.202533086140951,not_significant,day 18
ACZ81_17570,0.202533086140951,not_significant,day 18
ACZ81_14800,0.202500661214197,not_significant,day 18
ACZ81_00765,0.20236523946126,not_significant,day 18
ACZ81_19715,-0.202128728230794,not_significant,day 18
ACZ81_12350,0.201761245727539,not_significant,day 18
ACZ81_15685,0.201597213745117,not_significant,day 18
ACZ81_06785,-0.201480865478517,not_significant,day 18
ACZ81_03325,0.201239903767903,not_significant,day 18
ACZ81_16465,-0.2008539835612,not_significant,day 18
ACZ81_09070,-0.20080312093099,not_significant,day 18
ACZ81_05545,-0.200620651245117,not_significant,day 18
ACZ81_15570,0.200522104899089,not_significant,day 18
ACZ81_15530,-0.20040067036947,not_significant,day 18
ACZ81_07095,0.200390497843427,not_significant,day 18
ACZ81_09945,-0.200286229451497,not_significant,day 18
ACZ81_15615,0.200023333231611,not_significant,day 31
ACZ81_11140,-0.199999491373695,not_significant,day 18
ACZ81_10860,0.19981066385905,not_significant,day 18
ACZ81_13245,-0.199708938598629,not_significant,day 18
ACZ81_06610,-0.199618975321452,not_significant,day 31
ACZ81_13470,-0.199438412984212,not_significant,day 31
ACZ81_02335,0.198567072550456,not_significant,day 18
ACZ81_19210,0.198558807373046,not_significant,day 18
ACZ81_13060,-0.19845676422119,not_significant,day 31
ACZ81_09340,0.198179244995117,not_significant,day 18
ACZ81_10605,-0.197804768880208,not_significant,day 18
ACZ81_05025,0.19741058349609,not_significant,day 18
ACZ81_07205,0.197326024373376,not_significant,day 18
ACZ81_13605,-0.197214126586912,not_significant,day 18
ACZ81_08235,0.197139739990234,not_significant,day 18
ACZ81_19680,0.197043736775713,not_significant,day 18
ACZ81_09875,-0.196905771891276,not_significant,day 18
ACZ81_00905,-0.196714083353676,not_significant,day 31
ACZ81_01425,0.1966339747111,not_significant,day 31
ACZ81_15435,0.196618398030596,not_significant,day 18
ACZ81_06975,0.196028391520183,not_significant,day 18
ACZ81_00065,-0.196022033691408,not_significant,day 18
ACZ81_03510,0.195903142293293,not_significant,day 18
ACZ81_13040,-0.195849736531576,not_significant,day 18
ACZ81_08770,-0.195784568786621,not_significant,day 31
ACZ81_09015,-0.195721626281737,not_significant,day 31
ACZ81_15330,0.195651690165196,not_significant,day 31
ACZ81_13945,0.19558842976888,not_significant,day 18
ACZ81_17440,-0.194860458374027,not_significant,day 18
ACZ81_12475,-0.19471295674642,not_significant,day 18
ACZ81_00730,-0.194094340006511,not_significant,day 18
ACZ81_02795,-0.19400119781494,not_significant,day 31
ACZ81_04910,0.193873723347981,not_significant,day 18
ACZ81_13270,-0.193586985270181,not_significant,day 18
ACZ81_08260,-0.193428675333658,not_significant,day 18
ACZ81_12585,0.193118413289387,not_significant,day 18
ACZ81_11165,-0.192805290222168,not_significant,day 31
ACZ81_02690,-0.192376454671226,not_significant,day 18
ACZ81_03715,0.192365646362303,not_significant,day 18
ACZ81_10150,-0.192206064860026,not_significant,day 18
ACZ81_17335,0.19176928202311,not_significant,day 18
ACZ81_04370,-0.191741943359376,not_significant,day 18
ACZ81_13455,0.191736221313477,not_significant,day 18
ACZ81_11280,0.19171333312988,not_significant,day 18
ACZ81_12390,-0.190861701965332,not_significant,day 31
ACZ81_13855,0.190740585327147,not_significant,day 18
ACZ81_11385,0.190667470296224,not_significant,day 18
ACZ81_20460,-0.190447489420574,not_significant,day 18
ACZ81_11350,-0.190130869547526,not_significant,day 18
ACZ81_00565,-0.189954757690427,not_significant,day 18
ACZ81_05965,0.18990834554037,not_significant,day 18
ACZ81_08725,0.189524650573732,not_significant,day 31
ACZ81_00595,0.18950589497884,not_significant,day 18
ACZ81_07060,-0.189413070678706,not_significant,day 18
ACZ81_17230,0.18936093648275,not_significant,day 18
ACZ81_18510,-0.189029693603513,not_significant,day 18
ACZ81_00330,0.189027786254883,not_significant,day 18
ACZ81_11530,0.188969930013021,not_significant,day 18
ACZ81_19750,-0.188901901245114,not_significant,day 18
ACZ81_09640,0.188855489095052,not_significant,day 18
ACZ81_17290,-0.188762029012046,not_significant,day 18
ACZ81_14030,-0.188735961914063,not_significant,day 18
ACZ81_12245,-0.18841298421224,not_significant,day 18
ACZ81_08215,-0.187992095947266,not_significant,day 18
ACZ81_07065,0.187915484110513,not_significant,day 31
ACZ81_07340,-0.187695821126299,not_significant,day 18
ACZ81_06415,0.187554041544598,not_significant,day 18
ACZ81_07160,-0.187478383382162,not_significant,day 18
ACZ81_14710,-0.186623255411784,not_significant,day 18
ACZ81_13680,0.186599731445314,not_significant,day 18
ACZ81_09680,0.186488469441732,not_significant,day 18
ACZ81_09850,-0.186031977335612,not_significant,day 18
ACZ81_09870,-0.185702006022135,not_significant,day 18
ACZ81_07050,-0.185581207275393,not_significant,day 18
ACZ81_19675,0.185358047485355,not_significant,day 18
ACZ81_12290,0.185346603393555,not_significant,day 18
ACZ81_15545,0.185314814249674,not_significant,day 18
ACZ81_18445,0.185312271118167,not_significant,day 18
ACZ81_07170,-0.18525505065918,not_significant,day 18
ACZ81_14530,-0.185158093770345,not_significant,day 31
ACZ81_02005,0.184820810953777,not_significant,day 18
ACZ81_19385,0.18481699625651,not_significant,day 18
ACZ81_00310,-0.184671719868979,not_significant,day 31
ACZ81_19330,0.184668858846029,not_significant,day 18
ACZ81_08165,0.184555053710937,not_significant,day 18
ACZ81_16360,0.184405644734704,not_significant,day 18
ACZ81_13450,0.18430709838867,not_significant,day 18
ACZ81_08575,-0.184273401896161,not_significant,day 18
ACZ81_13715,0.184047698974609,not_significant,day 18
ACZ81_17515,0.183791478474931,not_significant,day 18
ACZ81_04675,-0.18369420369466,not_significant,day 18
ACZ81_16960,-0.183619817097982,not_significant,day 18
ACZ81_11010,0.183499654134115,not_significant,day 18
ACZ81_15290,0.183137893676754,not_significant,day 18
ACZ81_01865,0.182783762613932,not_significant,day 18
ACZ81_09300,0.182196299235027,not_significant,day 18
ACZ81_18320,0.182036717732747,not_significant,day 18
ACZ81_06605,0.182017644246419,not_significant,day 18
ACZ81_10015,0.182013511657713,not_significant,day 31
ACZ81_07465,-0.181908289591471,not_significant,day 18
ACZ81_00255,0.181854248046875,not_significant,day 18
ACZ81_14425,0.181809743245443,not_significant,day 18
ACZ81_02390,-0.181599299112956,not_significant,day 18
ACZ81_11740,-0.18148930867513,not_significant,day 18
ACZ81_08410,-0.181003252665201,not_significant,day 31
ACZ81_12665,0.180991490681967,not_significant,day 18
ACZ81_06690,0.180824915568034,not_significant,day 18
ACZ81_05490,0.180593490600586,not_significant,day 18
ACZ81_19855,0.180296579996744,not_significant,day 18
ACZ81_09975,-0.180220286051432,not_significant,day 18
ACZ81_01785,-0.180156071980794,not_significant,day 18
ACZ81_04850,0.180051167805986,not_significant,day 18
ACZ81_07800,-0.179737091064453,not_significant,day 18
ACZ81_01340,-0.179107030232747,not_significant,day 18
ACZ81_04425,-0.179107030232747,not_significant,day 18
ACZ81_07515,-0.179107030232747,not_significant,day 18
ACZ81_09590,-0.179107030232747,not_significant,day 18
ACZ81_17130,-0.179107030232747,not_significant,day 18
ACZ81_03470,0.178934733072917,not_significant,day 18
ACZ81_14305,0.17888069152832,not_significant,day 18
ACZ81_15265,-0.178811391194662,not_significant,day 18
ACZ81_01700,-0.178802490234372,not_significant,day 18
ACZ81_14170,0.178765614827478,not_significant,day 18
ACZ81_04820,0.178732554117843,not_significant,day 18
ACZ81_09855,-0.17864799499512,not_significant,day 18
ACZ81_09915,-0.178313573201498,not_significant,day 18
ACZ81_16490,0.178077061971028,not_significant,day 18
ACZ81_13100,0.177762349446615,not_significant,day 18
ACZ81_00225,0.177591959635417,not_significant,day 18
ACZ81_16400,-0.177557945251465,not_significant,day 31
ACZ81_06870,-0.177507718404134,not_significant,day 31
ACZ81_12285,-0.177494049072263,not_significant,day 18
ACZ81_18970,0.177367528279623,not_significant,day 18
ACZ81_09830,0.177283604939776,not_significant,day 18
ACZ81_15900,0.177119572957357,not_significant,day 18
ACZ81_12455,-0.176594416300458,not_significant,day 18
ACZ81_04175,-0.176462809244792,not_significant,day 18
ACZ81_02155,-0.176445643107096,not_significant,day 18
ACZ81_14535,-0.176142692565917,not_significant,day 31
ACZ81_02890,-0.176130294799803,not_significant,day 18
ACZ81_16825,0.176098187764487,not_significant,day 31
ACZ81_06430,0.176086425781253,not_significant,day 18
ACZ81_08300,0.176064809163411,not_significant,day 18
ACZ81_07750,-0.175995508829754,not_significant,day 18
ACZ81_14960,-0.175194422403971,not_significant,day 18
ACZ81_13770,-0.174808502197265,not_significant,day 18
ACZ81_10820,-0.17468770345052,not_significant,day 18
ACZ81_11190,-0.174668312072753,not_significant,day 31
ACZ81_02335,-0.174564043680827,not_significant,day 31
ACZ81_05740,-0.174393971761066,not_significant,day 18
ACZ81_09430,0.174357414245601,not_significant,day 31
ACZ81_05745,-0.174287478129069,not_significant,day 31
ACZ81_02145,-0.174100557963052,not_significant,day 31
ACZ81_05095,0.174035072326664,not_significant,day 31
ACZ81_15210,-0.173919041951497,not_significant,day 18
ACZ81_04895,0.173904418945311,not_significant,day 18
ACZ81_19340,0.173887252807617,not_significant,day 18
ACZ81_13760,-0.17363707224528,not_significant,day 31
ACZ81_00720,-0.173577308654785,not_significant,day 31
ACZ81_18025,0.17327117919922,not_significant,day 18
ACZ81_01210,-0.173250198364258,not_significant,day 18
ACZ81_08975,0.172602335611975,not_significant,day 18
ACZ81_18755,-0.172597885131837,not_significant,day 18
ACZ81_01835,0.172485987345377,not_significant,day 18
ACZ81_00150,0.17208735148112,not_significant,day 18
ACZ81_04060,0.171950022379558,not_significant,day 18
ACZ81_16675,-0.17188040415446,not_significant,day 31
ACZ81_11360,-0.171247482299804,not_significant,day 18
ACZ81_10755,-0.171227773030599,not_significant,day 18
ACZ81_06525,-0.170885721842446,not_significant,day 18
ACZ81_11400,-0.1706600189209,not_significant,day 18
ACZ81_14815,-0.17053731282552,not_significant,day 18
ACZ81_12130,-0.170401255289714,not_significant,day 18
ACZ81_06160,0.17027155558268,not_significant,day 18
ACZ81_08845,0.170084635416668,not_significant,day 18
ACZ81_08520,0.170080184936524,not_significant,day 18
ACZ81_05945,-0.169526418050127,not_significant,day 18
ACZ81_17325,-0.16935157775879,not_significant,day 18
ACZ81_08680,0.168905258178713,not_significant,day 18
ACZ81_18505,0.168454488118487,not_significant,day 18
ACZ81_17055,0.168270428975422,not_significant,day 31
ACZ81_03160,-0.168045043945313,not_significant,day 18
ACZ81_12065,-0.168039321899414,not_significant,day 18
ACZ81_05265,-0.167730967203776,not_significant,day 18
ACZ81_14760,0.167608896891276,not_significant,day 18
ACZ81_04200,-0.16751988728841,not_significant,day 18
ACZ81_12170,-0.167394955952962,not_significant,day 31
ACZ81_03820,-0.167141914367676,not_significant,day 31
ACZ81_16475,0.166531880696615,not_significant,day 18
ACZ81_16860,-0.166456858317058,not_significant,day 18
ACZ81_03860,0.166405995686849,not_significant,day 18
ACZ81_17205,-0.16626262664795,not_significant,day 31
ACZ81_14490,0.166170756022133,not_significant,day 18
ACZ81_18150,0.166028976440429,not_significant,day 18
ACZ81_14975,0.16602675120036,not_significant,day 31
ACZ81_05555,-0.165915807088217,not_significant,day 18
ACZ81_02165,0.165910085042317,not_significant,day 18
ACZ81_03730,0.165847778320312,not_significant,day 18
ACZ81_17215,0.165604591369628,not_significant,day 31
ACZ81_07585,0.165363311767577,not_significant,day 18
ACZ81_03475,-0.165171305338539,not_significant,day 18
ACZ81_06035,0.16494337717692,not_significant,day 31
ACZ81_09760,0.164855321248373,not_significant,day 18
ACZ81_09140,0.164738337198892,not_significant,day 18
ACZ81_05505,-0.164299647013346,not_significant,day 18
ACZ81_13415,-0.164231618245441,not_significant,day 18
ACZ81_09665,0.163984298706055,not_significant,day 18
ACZ81_02295,0.163028081258137,not_significant,day 18
ACZ81_11715,-0.162762641906736,not_significant,day 31
ACZ81_14085,-0.162727038065594,not_significant,day 31
ACZ81_18815,0.162697156270347,not_significant,day 31
ACZ81_10765,0.162566502889,not_significant,day 18
ACZ81_09960,0.162542343139649,not_significant,day 18
ACZ81_14530,0.161965052286784,not_significant,day 18
ACZ81_13665,-0.161712328592937,not_significant,day 31
ACZ81_03570,-0.161623001098633,not_significant,day 18
ACZ81_06195,-0.161511103312173,not_significant,day 18
ACZ81_10075,-0.161196072896323,not_significant,day 31
ACZ81_14940,-0.161127090454104,not_significant,day 18
ACZ81_06685,-0.161067644755047,not_significant,day 31
ACZ81_10725,0.16089630126953,not_significant,day 18
ACZ81_07675,0.160793304443363,not_significant,day 18
ACZ81_02660,0.160534222920733,not_significant,day 31
ACZ81_12910,-0.160409291585283,not_significant,day 18
ACZ81_16330,0.160355885823567,not_significant,day 18
ACZ81_17035,-0.160317103068036,not_significant,day 18
ACZ81_03945,-0.160194396972656,not_significant,day 18
ACZ81_01575,-0.160083770751952,not_significant,day 18
ACZ81_12480,-0.159735997517903,not_significant,day 18
ACZ81_07655,-0.159480730692545,not_significant,day 31
ACZ81_07285,-0.159372329711913,not_significant,day 18
ACZ81_11005,0.15928522745768,not_significant,day 18
ACZ81_08150,-0.158973375956218,not_significant,day 31
ACZ81_20220,0.158934593200683,not_significant,day 31
ACZ81_14785,-0.15884272257487,not_significant,day 18
ACZ81_17600,0.158661842346193,not_significant,day 31
ACZ81_11720,-0.158257802327472,not_significant,day 18
ACZ81_12730,-0.157588958740234,not_significant,day 18
ACZ81_16745,-0.157565116882325,not_significant,day 31
ACZ81_15560,-0.157278060913088,not_significant,day 18
ACZ81_06225,0.157186190287273,not_significant,day 31
ACZ81_04275,-0.156883239746097,not_significant,day 18
ACZ81_10635,-0.15680185953776,not_significant,day 18
ACZ81_10190,-0.15678342183431,not_significant,day 18
ACZ81_19695,-0.156763712565104,not_significant,day 18
ACZ81_03075,0.156520207722982,not_significant,day 18
ACZ81_14935,0.156411488850908,not_significant,day 18
ACZ81_18385,0.156404495239258,not_significant,day 18
ACZ81_00310,0.156279246012369,not_significant,day 18
ACZ81_03255,-0.156044006347659,not_significant,day 18
ACZ81_11330,0.15597788492838,not_significant,day 18
ACZ81_03445,0.155796686808267,not_significant,day 18
ACZ81_06255,-0.155757586161294,not_significant,day 31
ACZ81_15860,-0.155748367309573,not_significant,day 18
ACZ81_06670,-0.155427296956383,not_significant,day 18
ACZ81_03555,0.155124028523763,not_significant,day 18
ACZ81_RS07605,-0.155063629150391,not_significant,day 18
ACZ81_02110,0.154789288838702,not_significant,day 31
ACZ81_16890,-0.15473747253418,not_significant,day 18
ACZ81_15595,0.15471076965332,not_significant,day 18
ACZ81_06350,0.154638926188151,not_significant,day 18
ACZ81_04490,0.154632568359375,not_significant,day 18
ACZ81_02365,0.154570897420243,not_significant,day 18
ACZ81_07495,-0.154322306315104,not_significant,day 18
ACZ81_05140,0.154292424519857,not_significant,day 18
ACZ81_09960,-0.153992017110189,not_significant,day 31
ACZ81_13150,-0.153536478678385,not_significant,day 18
ACZ81_17010,-0.153067588806153,not_significant,day 31
ACZ81_03380,0.152989705403643,not_significant,day 18
ACZ81_05330,-0.152879079182946,not_significant,day 18
ACZ81_17310,0.15285046895345,not_significant,day 18
ACZ81_00735,-0.152602513631187,not_significant,day 18
ACZ81_16175,-0.152362505594888,not_significant,day 31
ACZ81_06120,0.152362187703457,not_significant,day 18
ACZ81_07985,0.152199427286786,not_significant,day 18
ACZ81_20620,0.152117411295573,not_significant,day 18
ACZ81_16000,0.152053197224934,not_significant,day 18
ACZ81_06505,-0.151980717976891,not_significant,day 18
ACZ81_05860,0.151926676432292,not_significant,day 18
ACZ81_02905,0.151809056599933,not_significant,day 18
ACZ81_18565,0.151789983113606,not_significant,day 18
ACZ81_00800,0.151782353719077,not_significant,day 18
ACZ81_17255,-0.15111223856608,not_significant,day 18
ACZ81_15480,-0.15103594462077,not_significant,day 18
ACZ81_04185,-0.150839169820151,not_significant,day 31
ACZ81_07805,-0.15073267618815,not_significant,day 18
ACZ81_00105,-0.150720596313474,not_significant,day 18
ACZ81_17505,0.150623957316081,not_significant,day 18
ACZ81_16775,-0.150444666544597,not_significant,day 18
ACZ81_08525,0.150390625000001,not_significant,day 18
ACZ81_16830,-0.150386810302735,not_significant,day 18
ACZ81_11320,0.15003077189128,not_significant,day 18
ACZ81_16730,0.14997355143229,not_significant,day 18
ACZ81_04905,0.149934450785318,not_significant,day 31
ACZ81_12565,-0.149145126342773,not_significant,day 18
ACZ81_13020,-0.14904467264811,not_significant,day 18
ACZ81_11750,0.148867925008136,not_significant,day 18
ACZ81_01380,-0.148685773213702,not_significant,day 31
ACZ81_03310,-0.148531913757327,not_significant,day 31
ACZ81_10775,0.14840571085612,not_significant,day 18
ACZ81_16270,0.148113250732423,not_significant,day 18
ACZ81_07115,0.147900263468423,not_significant,day 18
ACZ81_18470,0.14753246307373,not_significant,day 31
ACZ81_15450,-0.146605173746745,not_significant,day 18
ACZ81_07775,-0.146413167317706,not_significant,day 18
ACZ81_08795,-0.146326065063476,not_significant,day 18
ACZ81_09175,-0.146154721577961,not_significant,day 31
ACZ81_12700,-0.146122614542644,not_significant,day 18
ACZ81_11300,0.145962397257487,not_significant,day 18
ACZ81_14015,0.145874023437498,not_significant,day 18
ACZ81_18680,0.145792007446289,not_significant,day 18
ACZ81_05835,-0.145744323730469,not_significant,day 18
ACZ81_00450,0.14563687642415,not_significant,day 18
ACZ81_12470,-0.145554860432943,not_significant,day 18
ACZ81_17765,-0.145032246907554,not_significant,day 18
ACZ81_17825,-0.144590695699056,not_significant,day 31
ACZ81_12090,-0.14454205830892,not_significant,day 18
ACZ81_13590,0.14408206939697,not_significant,day 31
ACZ81_03915,0.143783569335938,not_significant,day 18
ACZ81_19875,0.143770853678384,not_significant,day 18
ACZ81_01995,0.143701553344724,not_significant,day 18
ACZ81_17860,0.14367167154948,not_significant,day 18
ACZ81_18260,0.143583933512367,not_significant,day 18
ACZ81_15050,-0.14336268107096,not_significant,day 18
ACZ81_05930,-0.143117268880208,not_significant,day 18
ACZ81_00255,-0.142790158589681,not_significant,day 31
ACZ81_01255,-0.14263121287028,not_significant,day 31
ACZ81_03860,-0.142453193664549,not_significant,day 31
ACZ81_18160,-0.142138799031577,not_significant,day 18
ACZ81_00845,-0.141813278198244,not_significant,day 18
ACZ81_18745,0.14161046346029,not_significant,day 18
ACZ81_01890,-0.141215006510416,not_significant,day 18
ACZ81_03480,-0.141011238098147,not_significant,day 31
ACZ81_14695,0.140732447306315,not_significant,day 18
ACZ81_06040,0.140667597452799,not_significant,day 18
ACZ81_13265,0.140573501586914,not_significant,day 18
ACZ81_01910,0.140182495117187,not_significant,day 18
ACZ81_16250,0.14016342163086,not_significant,day 18
ACZ81_04925,0.140149434407552,not_significant,day 18
ACZ81_02560,0.139821052551269,not_significant,day 31
ACZ81_08155,-0.139798164367676,not_significant,day 31
ACZ81_16720,-0.139785130818686,not_significant,day 18
ACZ81_06865,0.13955497741699,not_significant,day 18
ACZ81_11025,-0.139440536499021,not_significant,day 18
ACZ81_05050,-0.139401117960617,not_significant,day 18
ACZ81_16435,0.139365514119466,not_significant,day 18
ACZ81_18060,0.139276504516602,not_significant,day 18
ACZ81_02015,-0.139265060424804,not_significant,day 18
ACZ81_06170,-0.139221827189131,not_significant,day 18
ACZ81_13330,-0.139083862304682,not_significant,day 18
ACZ81_03740,-0.138808568318687,not_significant,day 18
ACZ81_00915,0.138514836629231,not_significant,day 18
ACZ81_08065,0.138499895731608,not_significant,day 31
ACZ81_06520,0.138298670450847,not_significant,day 18
ACZ81_18265,-0.138249079386393,not_significant,day 18
ACZ81_00010,-0.138247807820636,not_significant,day 18
ACZ81_18275,0.138146718343099,not_significant,day 18
ACZ81_11230,0.138123194376624,not_significant,day 18
ACZ81_09690,0.138114929199217,not_significant,day 18
ACZ81_06870,-0.138113021850587,not_significant,day 18
ACZ81_12205,-0.137984593709308,not_significant,day 18
ACZ81_17250,-0.137902577718096,not_significant,day 18
ACZ81_17495,0.137781143188476,not_significant,day 18
ACZ81_00460,0.13762919108073,not_significant,day 18
ACZ81_18000,-0.137530008951827,not_significant,day 18
ACZ81_16335,-0.137458165486655,not_significant,day 18
ACZ81_09115,-0.137414614359538,not_significant,day 31
ACZ81_00880,-0.137370427449544,not_significant,day 18
ACZ81_06420,0.137116114298503,not_significant,day 18
ACZ81_06165,0.137052536010742,not_significant,day 18
ACZ81_12915,-0.136784553527832,not_significant,day 31
ACZ81_19280,-0.136537233988445,not_significant,day 31
ACZ81_19475,0.136052449544274,not_significant,day 18
ACZ81_04150,0.135920206705729,not_significant,day 18
ACZ81_14965,0.135865529378255,not_significant,day 18
ACZ81_13045,0.135556538899737,not_significant,day 18
ACZ81_09700,0.135455449422201,not_significant,day 18
ACZ81_01795,0.135225296020508,not_significant,day 18
ACZ81_18185,0.134866714477543,not_significant,day 18
ACZ81_04890,0.134757359822594,not_significant,day 18
ACZ81_08580,-0.134639739990237,not_significant,day 18
ACZ81_04565,-0.134431838989257,not_significant,day 18
ACZ81_01450,-0.13432248433431,not_significant,day 18
ACZ81_17475,-0.13414192199707,not_significant,day 18
ACZ81_16385,-0.134123166402182,not_significant,day 31
ACZ81_02235,-0.133937835693359,not_significant,day 18
ACZ81_17065,-0.133874893188477,not_significant,day 18
ACZ81_16840,0.13376553853353,not_significant,day 18
ACZ81_17340,0.133707682291667,not_significant,day 18
ACZ81_14180,0.133517265319825,not_significant,day 31
ACZ81_14200,0.133471806844077,not_significant,day 18
ACZ81_17030,-0.133395512898765,not_significant,day 18
ACZ81_15615,0.133323669433593,not_significant,day 18
ACZ81_18310,0.13331317901611,not_significant,day 31
ACZ81_02285,-0.133237838745118,not_significant,day 18
ACZ81_12215,0.13291041056315,not_significant,day 18
ACZ81_17720,0.132892608642578,not_significant,day 18
ACZ81_11695,-0.132863998413088,not_significant,day 18
ACZ81_15285,0.13274383544922,not_significant,day 18
ACZ81_08045,-0.132399876912434,not_significant,day 18
ACZ81_07945,-0.13222630818685,not_significant,day 18
ACZ81_08620,-0.132158597310384,not_significant,day 31
ACZ81_12000,0.132036209106446,not_significant,day 18
ACZ81_10620,-0.131966272989913,not_significant,day 18
ACZ81_03400,-0.131695429484051,not_significant,day 18
ACZ81_06640,-0.131636937459314,not_significant,day 18
ACZ81_09135,0.13147799173991,not_significant,day 18
ACZ81_13880,-0.131187438964843,not_significant,day 18
ACZ81_07145,0.13088607788086,not_significant,day 18
ACZ81_01640,-0.13080088297526,not_significant,day 18
ACZ81_10450,-0.130711555480957,not_significant,day 31
ACZ81_18850,-0.130507787068685,not_significant,day 18
ACZ81_10195,-0.130438804626465,not_significant,day 31
ACZ81_12770,-0.130267461140953,not_significant,day 18
ACZ81_18820,0.130014419555666,not_significant,day 18
ACZ81_08785,0.129871368408201,not_significant,day 18
ACZ81_13260,-0.129814783732101,not_significant,day 18
ACZ81_00060,0.129654566446937,not_significant,day 18
ACZ81_03960,-0.129004160563152,not_significant,day 18
ACZ81_03745,0.128842671712239,not_significant,day 18
ACZ81_09010,0.128353118896484,not_significant,day 18
ACZ81_04345,0.128229141235353,not_significant,day 18
ACZ81_08595,-0.12820307413737,not_significant,day 18
ACZ81_17590,0.127882639567057,not_significant,day 18
ACZ81_13420,-0.127770105997724,not_significant,day 18
ACZ81_06015,-0.12773831685384,not_significant,day 18
ACZ81_01080,0.127046585083008,not_significant,day 18
ACZ81_08725,0.126883188883464,not_significant,day 18
ACZ81_08025,0.126830418904623,not_significant,day 18
ACZ81_09300,-0.126635551452636,not_significant,day 31
ACZ81_06270,0.126308441162108,not_significant,day 18
ACZ81_13425,0.126283327738445,not_significant,day 31
ACZ81_02300,0.126218795776367,not_significant,day 18
ACZ81_17350,0.126148859659836,not_significant,day 18
ACZ81_04840,-0.126090367635089,not_significant,day 18
ACZ81_06945,-0.125635147094726,not_significant,day 18
ACZ81_10310,0.12562878926595,not_significant,day 18
ACZ81_17720,0.125590324401855,not_significant,day 31
ACZ81_00505,0.125485102335617,not_significant,day 18
ACZ81_04550,0.12531534830729,not_significant,day 18
ACZ81_09210,-0.124979654947914,not_significant,day 18
ACZ81_03665,0.124750773111975,not_significant,day 18
ACZ81_01970,-0.12449518839518,not_significant,day 18
ACZ81_14675,-0.124337514241536,not_significant,day 18
ACZ81_08305,-0.12418556213379,not_significant,day 18
ACZ81_16735,-0.124116261800131,not_significant,day 18
ACZ81_17280,-0.123946507771812,not_significant,day 18
ACZ81_01365,0.123347600301106,not_significant,day 18
ACZ81_07660,0.123084704081216,not_significant,day 31
ACZ81_05430,0.123039881388344,not_significant,day 18
ACZ81_12765,0.122996648152674,not_significant,day 18
ACZ81_17315,0.122854232788087,not_significant,day 18
ACZ81_00875,-0.122636159261068,not_significant,day 18
ACZ81_17700,-0.122390747070313,not_significant,day 18
ACZ81_01805,0.12226676940918,not_significant,day 18
ACZ81_06220,-0.12215487162272,not_significant,day 18
ACZ81_13835,0.121724764506022,not_significant,day 31
ACZ81_04995,-0.121681849161786,not_significant,day 18
ACZ81_03825,-0.121598879496258,not_significant,day 31
ACZ81_09410,-0.121082941691083,not_significant,day 18
ACZ81_19745,-0.121075948079423,not_significant,day 18
ACZ81_17180,0.121063232421873,not_significant,day 18
ACZ81_08550,0.121046066284179,not_significant,day 18
ACZ81_02790,-0.120990117390951,not_significant,day 18
ACZ81_08770,-0.120683670043945,not_significant,day 18
ACZ81_00975,0.120217641194659,not_significant,day 18
ACZ81_17435,0.120208104451498,not_significant,day 18
ACZ81_13095,-0.119720458984375,not_significant,day 18
ACZ81_13765,0.119640350341796,not_significant,day 18
ACZ81_09850,0.119566281636556,not_significant,day 31
ACZ81_08205,-0.11939557393392,not_significant,day 18
ACZ81_18815,-0.119383494059243,not_significant,day 18
ACZ81_15445,-0.119263331095376,not_significant,day 18
ACZ81_07130,-0.119237263997396,not_significant,day 18
ACZ81_11160,-0.119178771972656,not_significant,day 18
ACZ81_06255,0.119116465250653,not_significant,day 18
ACZ81_09980,0.118918736775718,not_significant,day 18
ACZ81_18015,0.118672053019207,not_significant,day 18
ACZ81_01560,-0.118595441182455,not_significant,day 31
ACZ81_11145,0.118498484293617,not_significant,day 18
ACZ81_13390,-0.11846923828125,not_significant,day 18
ACZ81_03155,0.118382136027016,not_significant,day 18
ACZ81_09925,0.118269920349121,not_significant,day 31
ACZ81_07110,0.118225415547689,not_significant,day 31
ACZ81_10385,0.117968241373698,not_significant,day 18
ACZ81_13775,-0.117744445800782,not_significant,day 18
ACZ81_11185,-0.117438634236654,not_significant,day 18
ACZ81_11665,-0.1174259185791,not_significant,day 18
ACZ81_04345,-0.117365201314294,not_significant,day 31
ACZ81_03310,0.117296218872069,not_significant,day 18
ACZ81_15305,0.116838455200195,not_significant,day 18
ACZ81_11080,-0.116822242736816,not_significant,day 31
ACZ81_17710,-0.116770426432287,not_significant,day 18
ACZ81_12115,-0.116486867268884,not_significant,day 18
ACZ81_14910,-0.116203943888346,not_significant,day 18
ACZ81_19230,0.116202672322593,not_significant,day 18
ACZ81_09725,0.116064707438148,not_significant,day 18
ACZ81_17010,0.11602783203125,not_significant,day 18
ACZ81_14395,-0.115929285685221,not_significant,day 18
ACZ81_08265,0.115815162658691,not_significant,day 31
ACZ81_08385,0.1156800587972,not_significant,day 18
ACZ81_00025,0.115455627441406,not_significant,day 18
ACZ81_19205,0.11517333984375,not_significant,day 18
ACZ81_16400,0.115047454833984,not_significant,day 18
ACZ81_08905,0.115039189656576,not_significant,day 18
ACZ81_09730,-0.115032196044922,not_significant,day 18
ACZ81_14400,0.11477470397949,not_significant,day 18
ACZ81_02345,0.114771525065104,not_significant,day 18
ACZ81_11190,0.11469268798828,not_significant,day 18
ACZ81_16175,0.114402135213216,not_significant,day 18
ACZ81_11285,0.114163080851237,not_significant,day 18
ACZ81_03360,0.11415926615397,not_significant,day 18
ACZ81_10635,-0.113940874735514,not_significant,day 31
ACZ81_18375,-0.113861083984377,not_significant,day 18
ACZ81_17500,0.113836924235025,not_significant,day 18
ACZ81_13105,-0.113720258076987,not_significant,day 31
ACZ81_19755,-0.113579432169593,not_significant,day 18
ACZ81_04550,-0.11351490020752,not_significant,day 31
ACZ81_16970,0.113501866658528,not_significant,day 18
ACZ81_00550,0.113480885823571,not_significant,day 18
ACZ81_01205,-0.113355636596679,not_significant,day 18
ACZ81_02795,0.113248825073241,not_significant,day 18
ACZ81_07210,-0.112671534220378,not_significant,day 18
ACZ81_19865,0.112593968709307,not_significant,day 18
ACZ81_18070,-0.11250654856364,not_significant,day 31
ACZ81_07375,0.112232208251953,not_significant,day 18
ACZ81_10365,0.112074534098306,not_significant,day 18
ACZ81_01075,0.111652374267576,not_significant,day 18
ACZ81_03435,0.111518224080402,not_significant,day 18
ACZ81_14865,0.111329396565753,not_significant,day 18
ACZ81_19635,-0.11110782623291,not_significant,day 31
ACZ81_01900,-0.111080169677735,not_significant,day 18
ACZ81_10140,0.11084810892741,not_significant,day 18
ACZ81_18515,0.11079470316569,not_significant,day 18
ACZ81_06205,-0.110791524251302,not_significant,day 18
ACZ81_19520,0.110767682393391,not_significant,day 31
ACZ81_09425,0.110647837320963,not_significant,day 18
ACZ81_20625,0.110558191935221,not_significant,day 18
ACZ81_02810,-0.110043843587245,not_significant,day 18
ACZ81_14155,-0.109619140624999,not_significant,day 18
ACZ81_15215,-0.109618504842122,not_significant,day 18
ACZ81_06995,0.109371821085616,not_significant,day 18
ACZ81_01505,0.10922431945801,not_significant,day 18
ACZ81_18135,-0.109055836995442,not_significant,day 18
ACZ81_07645,-0.109049479166667,not_significant,day 18
ACZ81_03660,0.108954111735029,not_significant,day 18
ACZ81_06405,-0.108771959940593,not_significant,day 31
ACZ81_05345,0.108736038208009,not_significant,day 18
ACZ81_07790,-0.108623504638674,not_significant,day 18
ACZ81_01600,0.108606338500977,not_significant,day 18
ACZ81_18300,-0.108123779296874,not_significant,day 18
ACZ81_09985,-0.108041763305664,not_significant,day 18
ACZ81_14215,0.10778617858887,not_significant,day 18
ACZ81_03275,-0.107723236083985,not_significant,day 18
ACZ81_00965,0.107643763224282,not_significant,day 18
ACZ81_10230,-0.107181231180827,not_significant,day 31
ACZ81_13050,-0.10710779825846,not_significant,day 18
ACZ81_11130,0.106842676798505,not_significant,day 18
ACZ81_04755,-0.106641133626303,not_significant,day 18
ACZ81_13835,0.106068929036458,not_significant,day 18
ACZ81_09570,0.106040954589843,not_significant,day 18
ACZ81_06815,-0.105708758036296,not_significant,day 31
ACZ81_15100,0.105676651000973,not_significant,day 18
ACZ81_18020,0.105494181315106,not_significant,day 18
ACZ81_18450,-0.10533905029297,not_significant,day 18
ACZ81_19215,-0.105186462402344,not_significant,day 18
ACZ81_03115,0.105155944824217,not_significant,day 18
ACZ81_19180,-0.105086962381997,not_significant,day 31
ACZ81_01600,0.105067888895673,not_significant,day 31
ACZ81_RS21675,0.104985872904456,not_significant,day 31
ACZ81_18780,0.104644139607744,not_significant,day 18
ACZ81_00290,0.104575475056966,not_significant,day 18
ACZ81_13505,-0.104383150736491,not_significant,day 31
ACZ81_19050,0.10433006286621,not_significant,day 18
ACZ81_10675,-0.104135513305664,not_significant,day 18
ACZ81_02770,-0.104128837585447,not_significant,day 31
ACZ81_10815,-0.10371971130371,not_significant,day 18
ACZ81_06990,0.10366948445638,not_significant,day 18
ACZ81_18250,-0.103517214457194,not_significant,day 31
ACZ81_06420,-0.10335572560628,not_significant,day 31
ACZ81_07015,-0.103211720784504,not_significant,day 18
ACZ81_18485,0.103097915649417,not_significant,day 18
ACZ81_17220,0.102847417195638,not_significant,day 18
ACZ81_04745,0.102706909179683,not_significant,day 18
ACZ81_10685,-0.102393468221028,not_significant,day 18
ACZ81_12785,0.102381706237792,not_significant,day 31
ACZ81_14895,0.102301915486654,not_significant,day 18
ACZ81_03875,0.102249463399252,not_significant,day 31
ACZ81_15230,-0.102212270100912,not_significant,day 18
ACZ81_17885,0.102137247721354,not_significant,day 18
ACZ81_05240,0.102014541625973,not_significant,day 18
ACZ81_12265,-0.10190137227376,not_significant,day 18
ACZ81_02275,0.101862589518229,not_significant,day 18
ACZ81_16810,0.101619720458985,not_significant,day 18
ACZ81_14975,-0.101570129394531,not_significant,day 18
ACZ81_01730,0.101341565450032,not_significant,day 31
ACZ81_02290,0.101275126139326,not_significant,day 18
ACZ81_02280,-0.100486119588216,not_significant,day 18
ACZ81_16265,0.10043780008952,not_significant,day 18
ACZ81_18525,0.10032335917155,not_significant,day 18
ACZ81_10760,-0.10031318664551,not_significant,day 18
ACZ81_14570,-0.100271860758463,not_significant,day 18
ACZ81_12920,-0.100164413452149,not_significant,day 18
ACZ81_06475,-0.100132624308264,not_significant,day 18
ACZ81_04750,0.0999177296956362,not_significant,day 18
ACZ81_05830,0.0995273590087893,not_significant,day 18
ACZ81_11235,-0.0994726816813148,not_significant,day 18
ACZ81_07325,0.0994548797607402,not_significant,day 18
ACZ81_07065,-0.0993582407633471,not_significant,day 18
ACZ81_15625,-0.0993417104085303,not_significant,day 18
ACZ81_19350,-0.0992685953776051,not_significant,day 18
ACZ81_05395,-0.0992495218912732,not_significant,day 18
ACZ81_03950,0.0991675059000667,not_significant,day 18
ACZ81_01465,-0.0991512934366865,not_significant,day 31
ACZ81_13585,-0.0990072886149075,not_significant,day 18
ACZ81_14970,0.0986951192220031,not_significant,day 18
ACZ81_08655,0.098606745402019,not_significant,day 18
ACZ81_13740,0.0984230041503902,not_significant,day 18
ACZ81_14155,0.0982472101847321,not_significant,day 31
ACZ81_04165,0.0981763203938766,not_significant,day 18
ACZ81_00970,0.0981610616048179,not_significant,day 18
ACZ81_04020,0.097783406575521,not_significant,day 18
ACZ81_02075,0.0975799560546899,not_significant,day 18
ACZ81_04790,-0.0975627899169925,not_significant,day 18
ACZ81_10165,-0.0974222819010404,not_significant,day 18
ACZ81_01915,0.0974076588948565,not_significant,day 18
ACZ81_09900,0.0972658793131514,not_significant,day 18
ACZ81_03940,-0.0969664255777998,not_significant,day 18
ACZ81_02850,0.0956589380900065,not_significant,day 31
ACZ81_06985,-0.0956198374430334,not_significant,day 18
ACZ81_08745,0.0955785115559895,not_significant,day 18
ACZ81_01675,0.0954990386962837,not_significant,day 18
ACZ81_02830,0.0952409108479797,not_significant,day 18
ACZ81_RS13815,-0.0946979522705076,not_significant,day 18
ACZ81_10175,-0.0946852366129534,not_significant,day 18
ACZ81_12105,-0.0944646199544274,not_significant,day 18
ACZ81_11700,-0.0943171183268244,not_significant,day 18
ACZ81_07595,-0.0942255655924469,not_significant,day 18
ACZ81_09795,0.0942147572835292,not_significant,day 18
ACZ81_17205,0.0942147572835286,not_significant,day 18
ACZ81_00930,-0.0940488179524763,not_significant,day 18
ACZ81_06340,-0.0939687093098966,not_significant,day 18
ACZ81_07885,-0.0934489568074544,not_significant,day 31
ACZ81_07725,-0.0927664438883443,not_significant,day 18
ACZ81_10840,0.0927448272705065,not_significant,day 18
ACZ81_19045,0.0923569997151693,not_significant,day 18
ACZ81_03025,0.0923306147257488,not_significant,day 31
ACZ81_13460,-0.0922622680664044,not_significant,day 18
ACZ81_20050,0.0920524597167938,not_significant,day 18
ACZ81_06640,-0.092003822326663,not_significant,day 31
ACZ81_03355,-0.0919621785481782,not_significant,day 18
ACZ81_10275,0.0918604532877634,not_significant,day 18
ACZ81_05810,0.0917784372965462,not_significant,day 18
ACZ81_12290,-0.0917450586954754,not_significant,day 31
ACZ81_08250,-0.0916760762532555,not_significant,day 18
ACZ81_00545,-0.0916449228922527,not_significant,day 18
ACZ81_14980,0.0915149052937822,not_significant,day 31
ACZ81_03690,0.0914599100748696,not_significant,day 18
ACZ81_03415,-0.0914567311604818,not_significant,day 18
ACZ81_17835,0.0914564132690421,not_significant,day 31
ACZ81_05095,-0.0913740793863933,not_significant,day 18
ACZ81_12500,-0.0912837982177736,not_significant,day 18
ACZ81_14760,-0.0909535090128581,not_significant,day 31
ACZ81_14565,0.0908031463623038,not_significant,day 18
ACZ81_05440,0.0904706319173176,not_significant,day 18
ACZ81_11690,0.0904420216878266,not_significant,day 18
ACZ81_08150,0.090440750122071,not_significant,day 18
ACZ81_18475,-0.0903987884521431,not_significant,day 18
ACZ81_09820,0.0898682276407879,not_significant,day 31
ACZ81_06585,0.0894645055135096,not_significant,day 31
ACZ81_17430,0.0890318552652997,not_significant,day 18
ACZ81_08555,-0.0889555613199894,not_significant,day 18
ACZ81_02160,0.0889256795247393,not_significant,day 18
ACZ81_12110,-0.0885314941406241,not_significant,day 18
ACZ81_01930,-0.0884602864583364,not_significant,day 18
ACZ81_09615,0.0880292256673165,not_significant,day 18
ACZ81_04865,0.0878699620564773,not_significant,day 31
ACZ81_11725,-0.0875333150227835,not_significant,day 18
ACZ81_13325,0.0874315897623701,not_significant,day 18
ACZ81_08270,0.0873664220174104,not_significant,day 31
ACZ81_07910,0.0873241424560569,not_significant,day 18
ACZ81_05280,-0.0872408548990899,not_significant,day 18
ACZ81_03195,-0.0872300465901663,not_significant,day 18
ACZ81_18360,-0.0872160593668609,not_significant,day 18
ACZ81_03840,-0.0871721903483083,not_significant,day 18
ACZ81_06520,-0.0870466232299771,not_significant,day 31
ACZ81_18455,-0.0870316823323565,not_significant,day 18
ACZ81_09320,-0.086980183919271,not_significant,day 18
ACZ81_10340,-0.0869757334391273,not_significant,day 18
ACZ81_18760,0.086888631184896,not_significant,day 18
ACZ81_13790,0.0867544809977214,not_significant,day 18
ACZ81_10235,-0.0867325464884444,not_significant,day 31
ACZ81_13555,-0.0866781870524067,not_significant,day 18
ACZ81_19075,-0.0864626566569031,not_significant,day 18
ACZ81_15400,-0.0863418579101596,not_significant,day 18
ACZ81_08710,0.0863126118977869,not_significant,day 18
ACZ81_19290,0.0859858194987,not_significant,day 18
ACZ81_04450,0.0859858194986969,not_significant,day 18
ACZ81_19320,0.0858942667643234,not_significant,day 18
ACZ81_18310,-0.0850264231363962,not_significant,day 18
ACZ81_18235,0.0850187937418654,not_significant,day 18
ACZ81_00560,-0.0847409566243504,not_significant,day 18
ACZ81_12345,-0.0846789677937805,not_significant,day 31
ACZ81_18075,0.0846284230550128,not_significant,day 18
ACZ81_16350,-0.084618886311854,not_significant,day 18
ACZ81_03395,-0.0846036275227833,not_significant,day 18
ACZ81_03875,-0.0844866434733054,not_significant,day 18
ACZ81_04105,0.0840276082356801,not_significant,day 18
ACZ81_14320,-0.0837593078613295,not_significant,day 18
ACZ81_14790,0.0835965474446618,not_significant,day 18
ACZ81_05510,-0.0835717519124349,not_significant,day 18
ACZ81_06325,0.0834070841471368,not_significant,day 18
ACZ81_00070,0.0834007263183607,not_significant,day 18
ACZ81_17185,-0.0829302469889304,not_significant,day 18
ACZ81_19665,-0.0826168060302734,not_significant,day 18
ACZ81_18055,-0.082454045613606,not_significant,day 18
ACZ81_11275,0.0823663075764931,not_significant,day 18
ACZ81_05825,0.0819638570149765,not_significant,day 18
ACZ81_10295,-0.0818335215250653,not_significant,day 18
ACZ81_16925,0.0812918345133464,not_significant,day 18
ACZ81_14905,-0.0812218983968136,not_significant,day 18
ACZ81_19660,-0.0808951059977203,not_significant,day 18
ACZ81_07895,-0.0808099110921223,not_significant,day 18
ACZ81_07090,0.0807075500488272,not_significant,day 18
ACZ81_05380,0.0807056427001962,not_significant,day 18
ACZ81_15060,-0.0806535085042328,not_significant,day 18
ACZ81_00710,0.0802237192789721,not_significant,day 18
ACZ81_12235,0.0800380706787125,not_significant,day 18
ACZ81_11110,0.0799242655436205,not_significant,day 18
ACZ81_08760,0.0797971089681004,not_significant,day 18
ACZ81_05120,-0.0795160929361973,not_significant,day 18
ACZ81_03760,-0.0794976552327473,not_significant,day 18
ACZ81_12685,0.0794788996378601,not_significant,day 31
ACZ81_05970,-0.079468409220378,not_significant,day 18
ACZ81_05735,-0.0794541041056316,not_significant,day 31
ACZ81_19070,0.0791893005371094,not_significant,day 18
ACZ81_18075,0.0790802637736,not_significant,day 31
ACZ81_05735,0.0789305369059244,not_significant,day 18
ACZ81_03340,0.0787054697672533,not_significant,day 18
ACZ81_05890,0.0785093307495099,not_significant,day 31
ACZ81_02655,-0.0784006118774423,not_significant,day 31
ACZ81_12925,-0.0783923467000334,not_significant,day 31
ACZ81_07780,0.078317642211913,not_significant,day 18
ACZ81_20450,0.0778401692708334,not_significant,day 18
ACZ81_04360,0.0774478912353498,not_significant,day 18
ACZ81_16825,0.0774307250976536,not_significant,day 18
ACZ81_13800,0.0772908528645835,not_significant,day 18
ACZ81_17375,-0.0770829518636067,not_significant,day 18
ACZ81_00030,0.0770689646403002,not_significant,day 18
ACZ81_14610,-0.077018737792969,not_significant,day 18
ACZ81_14945,-0.0770041147867799,not_significant,day 18
ACZ81_18350,0.0769468943277995,not_significant,day 18
ACZ81_06185,-0.0769386291503906,not_significant,day 18
ACZ81_15885,0.0769071578979498,not_significant,day 31
ACZ81_11135,0.0767955780029317,not_significant,day 18
ACZ81_17585,0.076381683349609,not_significant,day 18
ACZ81_15190,-0.0762468973795594,not_significant,day 18
ACZ81_03815,-0.0762090682983399,not_significant,day 31
ACZ81_11710,-0.0759995778401695,not_significant,day 18
ACZ81_11975,0.0759760538736964,not_significant,day 18
ACZ81_17370,-0.0755456288655605,not_significant,day 18
ACZ81_16795,-0.0753367741902671,not_significant,day 31
ACZ81_18040,0.075041453043621,not_significant,day 18
ACZ81_14000,-0.07477378845215,not_significant,day 18
ACZ81_15045,-0.0747575759887685,not_significant,day 31
ACZ81_00580,0.0746828715006509,not_significant,day 18
ACZ81_01025,0.0744533538818359,not_significant,day 18
ACZ81_11575,-0.0743503570556641,not_significant,day 18
ACZ81_18250,-0.0743134816487627,not_significant,day 18
ACZ81_03450,-0.0736659367879248,not_significant,day 31
ACZ81_01005,-0.0733578999837237,not_significant,day 18
ACZ81_12880,-0.0733318328857422,not_significant,day 18
ACZ81_00035,0.0732975006103529,not_significant,day 18
ACZ81_02370,-0.0732301076253253,not_significant,day 18
ACZ81_09990,-0.0731353759765667,not_significant,day 18
ACZ81_18245,-0.0728174845377643,not_significant,day 18
ACZ81_11675,-0.0721181233723935,not_significant,day 18
ACZ81_11150,0.071710586547852,not_significant,day 18
ACZ81_12140,0.0716927846272801,not_significant,day 18
ACZ81_04200,0.0714254379272465,not_significant,day 31
ACZ81_08280,-0.0708719889322866,not_significant,day 18
ACZ81_10660,0.0707995096842451,not_significant,day 18
ACZ81_06260,-0.0704968770345051,not_significant,day 18
ACZ81_07810,-0.0703188578287757,not_significant,day 18
ACZ81_03525,0.0702657699584958,not_significant,day 31
ACZ81_00960,0.0701332092285161,not_significant,day 18
ACZ81_14700,-0.0699675877888992,not_significant,day 31
ACZ81_05275,-0.0698655446370435,not_significant,day 18
ACZ81_07935,-0.0696614583333297,not_significant,day 18
ACZ81_00020,0.0695629119873034,not_significant,day 18
ACZ81_09175,-0.0695082346598305,not_significant,day 18
ACZ81_16340,-0.0694595972696941,not_significant,day 31
ACZ81_12680,-0.0694020589192723,not_significant,day 18
ACZ81_05720,0.0692202250162762,not_significant,day 18
ACZ81_00895,0.0691661834716815,not_significant,day 18
ACZ81_04250,0.0690536499023439,not_significant,day 18
ACZ81_18355,-0.0690005620320641,not_significant,day 31
ACZ81_RS17115,-0.0684916178385429,not_significant,day 18
ACZ81_15090,0.0680859883626303,not_significant,day 18
ACZ81_08750,0.0680138270060213,not_significant,day 31
ACZ81_07670,0.0678488413492838,not_significant,day 18
ACZ81_10160,-0.0677318572998043,not_significant,day 18
ACZ81_06020,0.0676050186157222,not_significant,day 31
ACZ81_00765,0.067496299743647,not_significant,day 31
ACZ81_19830,0.0674851735432971,not_significant,day 18
ACZ81_02800,-0.0673789978027344,not_significant,day 18
ACZ81_14320,0.067299207051593,not_significant,day 31
ACZ81_08210,-0.0672508875528974,not_significant,day 31
ACZ81_16385,0.0670471191406272,not_significant,day 18
ACZ81_02725,0.0670194625854487,not_significant,day 31
ACZ81_12500,-0.0669234593709313,not_significant,day 31
ACZ81_17815,-0.0668659210205091,not_significant,day 18
ACZ81_15370,0.0667692820231116,not_significant,day 18
ACZ81_15430,0.0659427642822259,not_significant,day 18
ACZ81_12510,0.065877914428712,not_significant,day 18
ACZ81_16130,0.0655682881673163,not_significant,day 18
ACZ81_20560,-0.0648422241210938,not_significant,day 18
ACZ81_08270,-0.0646629333496105,not_significant,day 18
ACZ81_06570,0.0644165674845365,not_significant,day 31
ACZ81_13965,-0.064052581787109,not_significant,day 18
ACZ81_15865,0.0638694763183603,not_significant,day 18
ACZ81_17300,0.0638437271118173,not_significant,day 31
ACZ81_14465,0.0638319651285797,not_significant,day 18
ACZ81_08645,-0.0638268788655565,not_significant,day 18
ACZ81_09085,0.0638001759846971,not_significant,day 18
ACZ81_09355,0.0637687047322593,not_significant,day 31
ACZ81_06340,0.0636472702026369,not_significant,day 31
ACZ81_10780,-0.0636253356933567,not_significant,day 18
ACZ81_05580,-0.0631128946940098,not_significant,day 18
ACZ81_19195,-0.0630791982014993,not_significant,day 18
ACZ81_01725,0.0630505879720027,not_significant,day 18
ACZ81_04845,-0.0627727508544937,not_significant,day 18
ACZ81_17780,0.0627218882242799,not_significant,day 18
ACZ81_08480,-0.0625794728597002,not_significant,day 18
ACZ81_12885,-0.0625267028808598,not_significant,day 18
ACZ81_01175,-0.062434514363607,not_significant,day 18
ACZ81_07980,0.062365849812827,not_significant,day 18
ACZ81_08090,0.0620616277058903,not_significant,day 31
ACZ81_12330,-0.0618343353271502,not_significant,day 18
ACZ81_01885,-0.0616226196289034,not_significant,day 18
ACZ81_06925,0.0615927378336572,not_significant,day 18
ACZ81_11600,0.0615272521972667,not_significant,day 18
ACZ81_03420,0.0613622665405273,not_significant,day 31
ACZ81_19695,-0.0612770716349302,not_significant,day 31
ACZ81_02415,0.0611457824706967,not_significant,day 18
ACZ81_15225,-0.0610249837239579,not_significant,day 18
ACZ81_04930,-0.060901959737142,not_significant,day 31
ACZ81_18955,0.0599956512451145,not_significant,day 18
ACZ81_16710,0.0598265329996734,not_significant,day 18
ACZ81_19775,-0.0595385233561232,not_significant,day 18
ACZ81_05260,0.0594949722290035,not_significant,day 31
ACZ81_17795,-0.0594387054443359,not_significant,day 18
ACZ81_11860,-0.0594326655069989,not_significant,day 31
ACZ81_10425,0.0590012868245433,not_significant,day 18
ACZ81_07295,-0.0587615966796883,not_significant,day 18
ACZ81_11860,0.0587272644042968,not_significant,day 18
ACZ81_07855,-0.0586121877034507,not_significant,day 18
ACZ81_17990,0.0586058298746774,not_significant,day 18
ACZ81_00650,0.0582672754923517,not_significant,day 31
ACZ81_11920,0.0579427083333295,not_significant,day 18
ACZ81_14695,0.0578807195027668,not_significant,day 31
ACZ81_01000,0.0578660964965831,not_significant,day 31
ACZ81_11000,-0.0578581492106101,not_significant,day 18
ACZ81_18885,0.0578355789184569,not_significant,day 31
ACZ81_13890,0.0577837626139335,not_significant,day 18
ACZ81_00270,-0.0576972961425783,not_significant,day 18
ACZ81_07330,-0.0576400756835936,not_significant,day 18
ACZ81_03210,-0.0574048360188801,not_significant,day 18
ACZ81_04265,0.0573158264160151,not_significant,day 18
ACZ81_00610,0.0573123296101892,not_significant,day 31
ACZ81_19340,0.0572996139526374,not_significant,day 31
ACZ81_03345,0.0568841298421227,not_significant,day 18
ACZ81_09515,0.0562909444173179,not_significant,day 18
ACZ81_06905,-0.0561968485514319,not_significant,day 18
ACZ81_09510,-0.0561904907226567,not_significant,day 18
ACZ81_11405,-0.0560576121012367,not_significant,day 18
ACZ81_10450,-0.055960973103841,not_significant,day 18
ACZ81_08160,-0.0556621551513665,not_significant,day 18
ACZ81_14560,-0.0555845896402976,not_significant,day 18
ACZ81_07025,-0.0553582509358701,not_significant,day 18
ACZ81_19635,-0.0553576151529938,not_significant,day 18
ACZ81_03825,0.0552851359049469,not_significant,day 18
ACZ81_07850,-0.0550556182861328,not_significant,day 18
ACZ81_16340,0.0549882253011067,not_significant,day 18
ACZ81_03230,-0.0545438130696634,not_significant,day 18
ACZ81_17660,0.054443359375,not_significant,day 18
ACZ81_06125,0.0544134775797523,not_significant,day 18
ACZ81_10865,-0.0544045766194658,not_significant,day 18
ACZ81_08305,0.0542758305867534,not_significant,day 31
ACZ81_07665,-0.053977966308596,not_significant,day 18
ACZ81_01895,-0.053761164347331,not_significant,day 18
ACZ81_13860,0.0537182490030913,not_significant,day 31
ACZ81_01425,0.0537058512369832,not_significant,day 18
ACZ81_07950,-0.0533116658528652,not_significant,day 18
ACZ81_18105,0.0532677968343105,not_significant,day 18
ACZ81_17220,-0.0531148910522462,not_significant,day 31
ACZ81_09745,-0.0530675252278634,not_significant,day 18
ACZ81_19380,0.052852630615234,not_significant,day 18
ACZ81_01920,-0.0528484980265322,not_significant,day 31
ACZ81_05925,0.0528017679850237,not_significant,day 18
ACZ81_06215,0.0527896881103531,not_significant,day 18
ACZ81_05970,-0.0527226130167648,not_significant,day 31
ACZ81_14700,0.0525353749593098,not_significant,day 18
ACZ81_16845,-0.052509943644206,not_significant,day 18
ACZ81_03280,-0.0524463653564486,not_significant,day 18
ACZ81_13760,-0.0523389180501302,not_significant,day 18
ACZ81_12580,0.0521214803059862,not_significant,day 18
ACZ81_07590,-0.0520025889078775,not_significant,day 18
ACZ81_02545,-0.0511792500813799,not_significant,day 18
ACZ81_03790,-0.0507828394571923,not_significant,day 31
ACZ81_09970,0.0507151285807292,not_significant,day 18
ACZ81_05705,0.0506668090820335,not_significant,day 18
ACZ81_16820,-0.0506051381429036,not_significant,day 18
ACZ81_00250,0.0505708058675131,not_significant,day 18
ACZ81_08610,0.0505161285400362,not_significant,day 18
ACZ81_19670,0.0503323872884098,not_significant,day 18
ACZ81_14520,0.0503018697102865,not_significant,day 18
ACZ81_11990,-0.0500322977701828,not_significant,day 18
ACZ81_04610,-0.0495948791503944,not_significant,day 18
ACZ81_10835,0.0492693583170603,not_significant,day 18
ACZ81_13670,0.0491739908854203,not_significant,day 18
ACZ81_18210,-0.0491708119710341,not_significant,day 18
ACZ81_11755,-0.0488745371500663,not_significant,day 18
ACZ81_14750,-0.0487194061279284,not_significant,day 18
ACZ81_16780,-0.0485750834147127,not_significant,day 18
ACZ81_09815,0.0485006968180325,not_significant,day 18
ACZ81_01965,-0.0484123229980468,not_significant,day 18
ACZ81_10845,-0.0483093261718751,not_significant,day 18
ACZ81_01180,-0.048060099283853,not_significant,day 18
ACZ81_12990,0.0478096008300781,not_significant,day 18
ACZ81_05740,-0.0477666854858398,not_significant,day 31
ACZ81_03215,-0.047627766927083,not_significant,day 18
ACZ81_10670,-0.0476261774698872,not_significant,day 31
ACZ81_08365,-0.0475959777832037,not_significant,day 18
ACZ81_03450,-0.0475451151529948,not_significant,day 18
ACZ81_11985,0.0474185943603533,not_significant,day 18
ACZ81_06685,-0.0473187764485677,not_significant,day 18
ACZ81_19920,0.047217686971031,not_significant,day 18
ACZ81_18185,-0.0469732284545872,not_significant,day 31
ACZ81_06840,0.046808242797852,not_significant,day 18
ACZ81_00090,-0.0466308593749996,not_significant,day 18
ACZ81_03420,0.0462245941162109,not_significant,day 18
ACZ81_11730,-0.0460198720296203,not_significant,day 18
ACZ81_18855,0.0459849039713505,not_significant,day 18
ACZ81_17150,0.0458946228027362,not_significant,day 18
ACZ81_19565,-0.0458011627197258,not_significant,day 18
ACZ81_17835,0.0457153320312497,not_significant,day 18
ACZ81_00400,-0.0457051595052134,not_significant,day 18
ACZ81_01725,0.0455713272094691,not_significant,day 31
ACZ81_10230,0.04531733194987,not_significant,day 18
ACZ81_07670,0.0452655156453458,not_significant,day 31
ACZ81_11075,0.0451825459798199,not_significant,day 18
ACZ81_11055,-0.0451622009277308,not_significant,day 18
ACZ81_14780,-0.0450420379638674,not_significant,day 18
ACZ81_15965,0.04498545328776,not_significant,day 18
ACZ81_17510,0.044913609822591,not_significant,day 18
ACZ81_16375,0.0449024836222294,not_significant,day 31
ACZ81_17330,0.0447781880696629,not_significant,day 18
ACZ81_15200,0.0447438557942709,not_significant,day 18
ACZ81_15040,-0.0442733764648433,not_significant,day 18
ACZ81_01935,-0.044238408406578,not_significant,day 18
ACZ81_15325,-0.0441646575927739,not_significant,day 18
ACZ81_01570,0.0439523061116531,not_significant,day 18
ACZ81_09940,0.0436191558837922,not_significant,day 18
ACZ81_12750,0.0434017181396481,not_significant,day 18
ACZ81_14535,-0.0433438618977863,not_significant,day 18
ACZ81_00145,0.0432198842366538,not_significant,day 18
ACZ81_14370,0.0431531270345054,not_significant,day 18
ACZ81_07080,0.0431410471598306,not_significant,day 18
ACZ81_05205,-0.042810440063477,not_significant,day 18
ACZ81_01430,-0.0427780151367189,not_significant,day 18
ACZ81_17530,-0.0425863265991211,not_significant,day 31
ACZ81_12810,0.042509078979492,not_significant,day 18
ACZ81_14115,-0.0424280166625977,not_significant,day 31
ACZ81_02015,0.0423879623413106,not_significant,day 31
ACZ81_06365,-0.0423730214436837,not_significant,day 18
ACZ81_08255,-0.0420443216959633,not_significant,day 18
ACZ81_19275,0.0420271555582685,not_significant,day 18
ACZ81_17550,0.0420214335123703,not_significant,day 18
ACZ81_07275,0.0418586730957033,not_significant,day 18
ACZ81_14820,0.0414555867513,not_significant,day 18
ACZ81_05820,0.0414021809895813,not_significant,day 18
ACZ81_12235,-0.0412836074829113,not_significant,day 31
ACZ81_19775,-0.0412626266479534,not_significant,day 31
ACZ81_10670,0.0409704844156904,not_significant,day 18
ACZ81_04665,0.040784200032552,not_significant,day 18
ACZ81_02660,0.0406831105550132,not_significant,day 18
ACZ81_16235,-0.0403124491373701,not_significant,day 18
ACZ81_09865,0.0402501424153647,not_significant,day 18
ACZ81_07320,0.0402355194091795,not_significant,day 18
ACZ81_16170,0.0401407877604207,not_significant,day 18
ACZ81_18230,-0.0400562286376966,not_significant,day 18
ACZ81_11935,0.0400174458821614,not_significant,day 18
ACZ81_20445,-0.0398241678873698,not_significant,day 18
ACZ81_15895,0.0391308466593436,not_significant,day 31
ACZ81_18080,0.0390733083089239,not_significant,day 18
ACZ81_08350,0.0390472412109373,not_significant,day 18
ACZ81_13875,0.0388914744059268,not_significant,day 18
ACZ81_13005,0.0386508305867497,not_significant,day 31
ACZ81_02425,0.0384438832600926,not_significant,day 18
ACZ81_17075,-0.0382054646809891,not_significant,day 18
ACZ81_01155,-0.0381457010904938,not_significant,day 18
ACZ81_09530,-0.0378745396931966,not_significant,day 31
ACZ81_07870,0.0373783111572263,not_significant,day 18
ACZ81_17605,0.0372664133707696,not_significant,day 18
ACZ81_03290,0.0371144612630208,not_significant,day 18
ACZ81_14980,-0.0369911193847659,not_significant,day 18
ACZ81_00290,0.0369361241658532,not_significant,day 31
ACZ81_04150,0.0367085138956693,not_significant,day 31
ACZ81_08105,-0.0366102854410832,not_significant,day 18
ACZ81_00525,-0.0365517934163403,not_significant,day 18
ACZ81_05940,-0.0361344019571944,not_significant,day 31
ACZ81_15650,0.0361092885335301,not_significant,day 18
ACZ81_13915,0.0357888539632171,not_significant,day 18
ACZ81_01605,-0.03576914469401,not_significant,day 18
ACZ81_08100,-0.0357646942138703,not_significant,day 18
ACZ81_01360,0.0357220967610681,not_significant,day 18
ACZ81_RS13720,-0.0354328155517603,not_significant,day 18
ACZ81_19160,0.0351613362630211,not_significant,day 18
ACZ81_05445,-0.034810384114584,not_significant,day 18
ACZ81_02170,-0.0347191492716505,not_significant,day 31
ACZ81_09295,0.0346126556396471,not_significant,day 18
ACZ81_08660,-0.0345643361409522,not_significant,day 18
ACZ81_00355,-0.0343780517578126,not_significant,day 18
ACZ81_08185,0.034289042154948,not_significant,day 18
ACZ81_01220,-0.0340627034505204,not_significant,day 18
ACZ81_05890,0.0339508056640661,not_significant,day 18
ACZ81_12955,-0.033797264099124,not_significant,day 31
ACZ81_08800,-0.0335197448730462,not_significant,day 18
ACZ81_03775,0.0335006713867176,not_significant,day 18
ACZ81_04760,0.0334345499674502,not_significant,day 18
ACZ81_00890,-0.03318214416504,not_significant,day 18
ACZ81_16725,-0.0331713358561148,not_significant,day 18
ACZ81_05125,0.0328922271728536,not_significant,day 18
ACZ81_06150,-0.0327930450439453,not_significant,day 18
ACZ81_04580,-0.0327765146891279,not_significant,day 18
ACZ81_11180,0.0327218373616538,not_significant,day 18
ACZ81_00235,0.0326741536458335,not_significant,day 18
ACZ81_02495,-0.0322996775309268,not_significant,day 18
ACZ81_01130,0.0321852366129565,not_significant,day 18
ACZ81_03865,0.0321661631266277,not_significant,day 18
ACZ81_16885,0.0319690704345704,not_significant,day 18
ACZ81_08440,-0.0316950480143272,not_significant,day 18
ACZ81_14590,-0.0314044952392583,not_significant,day 18
ACZ81_19430,-0.0309276580810494,not_significant,day 18
ACZ81_02050,-0.0308615366617802,not_significant,day 18
ACZ81_10245,-0.0308583577473953,not_significant,day 18
ACZ81_00155,-0.0304361979166671,not_significant,day 18
ACZ81_15645,0.0299466451009115,not_significant,day 18
ACZ81_20685,0.0298786163330084,not_significant,day 18
ACZ81_18760,-0.0298496882120764,not_significant,day 31
ACZ81_19285,0.0297695795694984,not_significant,day 31
ACZ81_13010,-0.0297616322835297,not_significant,day 18
ACZ81_14405,-0.0297568639119488,not_significant,day 31
ACZ81_10070,0.0294780731201174,not_significant,day 18
ACZ81_12140,-0.0294491449991838,not_significant,day 31
ACZ81_06585,0.0292034149169923,not_significant,day 18
ACZ81_18510,0.0288254419962597,not_significant,day 31
ACZ81_12340,-0.02857271830241,not_significant,day 18
ACZ81_05575,-0.0285062789916966,not_significant,day 31
ACZ81_07470,0.0284652709960941,not_significant,day 18
ACZ81_05245,-0.0281178156534789,not_significant,day 31
ACZ81_07085,-0.0280297597249297,not_significant,day 18
ACZ81_11585,0.0279610951741569,not_significant,day 18
ACZ81_19580,0.0278135935465535,not_significant,day 18
ACZ81_01000,0.0276807149251295,not_significant,day 18
ACZ81_09800,-0.0274550120035801,not_significant,day 18
ACZ81_07305,0.0274511973063141,not_significant,day 18
ACZ81_12605,-0.0274162292480472,not_significant,day 18
ACZ81_00840,-0.027316411336263,not_significant,day 18
ACZ81_11180,-0.0271488825480197,not_significant,day 31
ACZ81_15875,0.0269056955973266,not_significant,day 18
ACZ81_16795,0.0267569224039712,not_significant,day 18
ACZ81_04875,-0.0265878041585332,not_significant,day 18
ACZ81_02035,0.0264256795247371,not_significant,day 18
ACZ81_04055,-0.026190439860026,not_significant,day 18
ACZ81_01690,-0.0260969797770159,not_significant,day 18
ACZ81_06425,-0.0259971618652333,not_significant,day 18
ACZ81_08135,0.0258677800496432,not_significant,day 31
ACZ81_17755,-0.0258127848307304,not_significant,day 18
ACZ81_04170,-0.0254840850830098,not_significant,day 18
ACZ81_09020,0.0252914428710937,not_significant,day 18
ACZ81_14130,0.0252450307210266,not_significant,day 18
ACZ81_07660,-0.0252157847086593,not_significant,day 18
ACZ81_04205,-0.0251369476318359,not_significant,day 18
ACZ81_10820,-0.0250724156697582,not_significant,day 31
ACZ81_17580,0.0250307718912768,not_significant,day 18
ACZ81_15960,-0.0249557495117201,not_significant,day 18
ACZ81_06440,0.0246976216634096,not_significant,day 18
ACZ81_08765,0.02464230855306,not_significant,day 18
ACZ81_03070,0.0245831807454427,not_significant,day 18
ACZ81_18580,-0.0243892669677734,not_significant,day 18
ACZ81_03200,0.0243841807047523,not_significant,day 18
ACZ81_15035,0.0242315928141261,not_significant,day 18
ACZ81_10145,-0.0241235097249347,not_significant,day 18
ACZ81_09665,0.0240939458211257,not_significant,day 31
ACZ81_08015,0.0240147908528647,not_significant,day 18
ACZ81_10845,-0.023853619893392,not_significant,day 31
ACZ81_15395,-0.0233675638834637,not_significant,day 18
ACZ81_01635,0.0233160654703766,not_significant,day 18
ACZ81_06360,-0.0232213338216107,not_significant,day 18
ACZ81_09925,-0.0232149759928386,not_significant,day 18
ACZ81_03750,-0.0231583913167323,not_significant,day 18
ACZ81_14085,0.0228341420491538,not_significant,day 18
ACZ81_06090,-0.0225451787312798,not_significant,day 31
ACZ81_08910,0.0224011739095062,not_significant,day 18
ACZ81_19240,0.0223960876464833,not_significant,day 18
ACZ81_03265,-0.0223531723022432,not_significant,day 31
ACZ81_03140,-0.0222714742024736,not_significant,day 18
ACZ81_08155,-0.0221875508626302,not_significant,day 18
ACZ81_RS17235,-0.022169113159177,not_significant,day 18
ACZ81_02705,0.0221182505289734,not_significant,day 18
ACZ81_20140,-0.0218950907389366,not_significant,day 18
ACZ81_00725,0.0216922760009765,not_significant,day 18
ACZ81_00215,-0.0215517679850197,not_significant,day 18
ACZ81_14500,-0.0215371449788435,not_significant,day 18
ACZ81_11020,-0.0211709340413411,not_significant,day 18
ACZ81_16955,0.0211283365885401,not_significant,day 18
ACZ81_07630,0.0209264755249006,not_significant,day 31
ACZ81_02740,-0.0207207997639971,not_significant,day 18
ACZ81_14120,0.0204664866129557,not_significant,day 18
ACZ81_05745,0.0204188028971352,not_significant,day 18
ACZ81_00940,-0.0201276143391925,not_significant,day 18
ACZ81_02415,-0.0200929641723655,not_significant,day 31
ACZ81_17825,0.0196679433186851,not_significant,day 18
ACZ81_09380,-0.0195910135904902,not_significant,day 18
ACZ81_01670,0.0193157196044931,not_significant,day 18
ACZ81_05495,-0.0192015965779608,not_significant,day 31
ACZ81_15925,-0.0190213521321647,not_significant,day 18
ACZ81_09370,-0.0189431508382163,not_significant,day 18
ACZ81_09190,0.0188725789388009,not_significant,day 18
ACZ81_18665,-0.0185527801513699,not_significant,day 18
ACZ81_09355,0.0184389750162761,not_significant,day 18
ACZ81_07830,-0.0181678136189771,not_significant,day 31
ACZ81_16445,0.0178909301757799,not_significant,day 18
ACZ81_05290,0.0178794860839845,not_significant,day 18
ACZ81_08535,-0.0178565979003942,not_significant,day 18
ACZ81_19335,-0.0177904764811206,not_significant,day 18
ACZ81_18035,0.0177281697591161,not_significant,day 18
ACZ81_07350,-0.0176340738932301,not_significant,day 18
ACZ81_18110,0.0174172719319687,not_significant,day 18
ACZ81_14720,0.0172227223714163,not_significant,day 18
ACZ81_11625,-0.0171432495117196,not_significant,day 18
ACZ81_13065,-0.0170478820800783,not_significant,day 18
ACZ81_10320,0.0169525146484383,not_significant,day 18
ACZ81_00650,-0.0167929331461598,not_significant,day 18
ACZ81_09225,-0.0164248148600266,not_significant,day 18
ACZ81_13315,-0.0163917541503928,not_significant,day 18
ACZ81_16345,-0.0161323547363276,not_significant,day 18
ACZ81_19285,-0.0160789489746095,not_significant,day 18
ACZ81_04075,-0.0160630544026691,not_significant,day 18
ACZ81_12535,-0.0158170064290366,not_significant,day 18
ACZ81_10755,-0.0155293146769209,not_significant,day 31
ACZ81_19785,0.01544761657715,not_significant,day 18
ACZ81_19585,0.0154431660970049,not_significant,day 18
ACZ81_07600,0.0154101053873696,not_significant,day 18
ACZ81_18830,0.0153967539469397,not_significant,day 18
ACZ81_13660,0.0151990254720025,not_significant,day 18
ACZ81_08910,0.0151516596476264,not_significant,day 31
ACZ81_16425,0.0149796803792297,not_significant,day 18
ACZ81_02725,0.0149052937825525,not_significant,day 18
ACZ81_19250,-0.0148474375406895,not_significant,day 18
ACZ81_19880,-0.0145924886067705,not_significant,day 18
ACZ81_12970,0.0145250956217429,not_significant,day 18
ACZ81_06625,0.0139675140380868,not_significant,day 18
ACZ81_01710,-0.0138015747070332,not_significant,day 18
ACZ81_19235,0.0137316385904946,not_significant,day 18
ACZ81_16470,-0.0135815938313795,not_significant,day 18
ACZ81_19200,-0.0133584340413431,not_significant,day 18
ACZ81_07110,-0.0130939483642576,not_significant,day 18
ACZ81_16750,0.0130602518717469,not_significant,day 18
ACZ81_07490,0.0128981272379557,not_significant,day 18
ACZ81_09385,-0.012390772501623,not_significant,day 18
ACZ81_RS17170,0.0122419993082699,not_significant,day 18
ACZ81_13425,-0.0120976765950505,not_significant,day 18
ACZ81_06530,-0.0113919576009124,not_significant,day 18
ACZ81_01195,0.0113169352213536,not_significant,day 18
ACZ81_17770,0.0109736124674481,not_significant,day 18
ACZ81_03405,0.010955174763997,not_significant,day 18
ACZ81_19405,-0.0109195709228514,not_significant,day 18
ACZ81_01585,0.0106271107991525,not_significant,day 18
ACZ81_03415,0.0106172561645507,not_significant,day 31
ACZ81_10680,0.0106010437011697,not_significant,day 18
ACZ81_01050,-0.0105943679809561,not_significant,day 31
ACZ81_13150,0.0105288823445628,not_significant,day 31
ACZ81_05570,-0.0101718902587931,not_significant,day 18
ACZ81_10630,0.010000228881836,not_significant,day 18
ACZ81_09275,0.0098737080891924,not_significant,day 18
ACZ81_17090,0.009634653727213,not_significant,day 18
ACZ81_07315,0.0095675786336237,not_significant,day 31
ACZ81_14790,-0.0094099044799805,not_significant,day 31
ACZ81_08035,-0.0092226664225264,not_significant,day 18
ACZ81_05835,-0.0087696711222353,not_significant,day 31
ACZ81_04255,-0.0084012349446627,not_significant,day 18
ACZ81_10665,-0.0082085927327471,not_significant,day 18
ACZ81_17855,-0.0081475575764973,not_significant,day 18
ACZ81_16430,-0.0080712636311832,not_significant,day 18
ACZ81_04835,0.0076249440511064,not_significant,day 18
ACZ81_03045,-0.0074316660563158,not_significant,day 18
ACZ81_14770,-0.0073502858479819,not_significant,day 18
ACZ81_04865,0.0071932474772136,not_significant,day 18
ACZ81_11335,0.0071029663085964,not_significant,day 18
ACZ81_06910,0.0068689982096367,not_significant,day 18
ACZ81_08225,0.0068438847859697,not_significant,day 31
ACZ81_12705,0.0067815780639649,not_significant,day 31
ACZ81_10295,-0.0065635045369469,not_significant,day 31
ACZ81_01770,-0.0064411163330079,not_significant,day 18
ACZ81_02045,0.0064290364583372,not_significant,day 18
ACZ81_06200,-0.006242752075193,not_significant,day 18
ACZ81_02670,0.0057220458984363,not_significant,day 18
ACZ81_06425,0.005429267883301,not_significant,day 31
ACZ81_08315,-0.0052210489908866,not_significant,day 18
ACZ81_06240,-0.0051981608072904,not_significant,day 18
ACZ81_08435,-0.0047136942545567,not_significant,day 18
ACZ81_01255,0.00469970703125,not_significant,day 18
ACZ81_00055,-0.0043983459472642,not_significant,day 18
ACZ81_03675,0.004322052001954,not_significant,day 18
ACZ81_05710,0.00411605834961,not_significant,day 18
ACZ81_11735,-0.0040512084960937,not_significant,day 18
ACZ81_04655,-0.0037120183308919,not_significant,day 31
ACZ81_08505,0.0037072499593069,not_significant,day 18
ACZ81_16275,0.0035543441772463,not_significant,day 31
ACZ81_16345,0.0035454432169602,not_significant,day 31
ACZ81_12390,-0.0033810933430999,not_significant,day 18
ACZ81_13475,0.0033232371012371,not_significant,day 18
ACZ81_19395,-0.0032622019449868,not_significant,day 18
ACZ81_08750,-0.0028196970621747,not_significant,day 18
ACZ81_09955,0.0023740132649723,not_significant,day 18
ACZ81_11520,0.0023600260416666,not_significant,day 18
ACZ81_04585,0.0021902720133435,not_significant,day 18
ACZ81_03390,0.002103805541992,not_significant,day 18
ACZ81_03915,-0.0019909540812173,not_significant,day 31
ACZ81_06755,-0.0019791920979816,not_significant,day 18
ACZ81_02970,0.0018609364827476,not_significant,day 18
ACZ81_10785,0.0018215179443341,not_significant,day 18
ACZ81_17060,0.0011622111002558,not_significant,day 18
ACZ81_07360,0.0011374155680368,not_significant,day 18
ACZ81_07040,0.0010331471761104,not_significant,day 18
ACZ81_19120,-0.0009956359863263,not_significant,day 18
ACZ81_04245,0.0009841918945308,not_significant,day 18
ACZ81_19260,-0.0007549921671543,not_significant,day 31
ACZ81_08555,0.0006608963012699,not_significant,day 31
ACZ81_19850,0.0006586710611999,not_significant,day 18
