locus_tag,log2fc,expression_status,timepoint
ACZ81_18535,6.83469645182292,significant_up,day 89
ACZ81_18535,6.62029520670573,significant_up,days 60+89
ACZ81_18535,6.40589396158854,significant_up,day 60
ACZ81_18535,5.87431716918945,significant_up,day 31
ACZ81_20300,-4.74009513854981,significant_down,day 89
ACZ81_17215,4.73836580912272,significant_up,day 89
ACZ81_16310,4.6706968943278,significant_up,day 31
ACZ81_17215,4.64843622843425,significant_up,days 60+89
ACZ81_20300,-4.62683741251628,significant_down,days 60+89
ACZ81_17215,4.55850664774577,significant_up,day 60
ACZ81_10105,4.52769724527995,significant_up,day 89
ACZ81_20300,-4.51357968648275,significant_down,day 60
ACZ81_18505,4.32325172424317,significant_up,day 31
ACZ81_08480,4.28589026133219,significant_up,day 89
ACZ81_10105,4.22301292419434,significant_up,days 60+89
ACZ81_18505,4.16251118977865,significant_up,day 60
ACZ81_18525,4.12941265106201,significant_up,day 31
ACZ81_18755,-4.11012903849284,significant_down,day 60
ACZ81_02485,4.09452565511068,significant_up,day 89
ACZ81_16310,4.05366516113281,significant_up,day 60
ACZ81_17215,3.99639256795247,significant_up,day 31
ACZ81_18510,3.98770078023275,significant_up,day 31
ACZ81_05480,3.95065879821777,significant_up,day 60
ACZ81_10105,3.91832860310872,significant_up,day 60
ACZ81_09825,3.90130297342937,significant_up,day 89
ACZ81_02485,3.89796288808187,significant_up,days 60+89
ACZ81_18525,3.87167453765869,significant_up,day 89
ACZ81_15570,-3.86414591471354,significant_down,day 89
ACZ81_09830,3.84836705525716,significant_up,day 31
ACZ81_09825,3.82866287231446,significant_up,day 31
ACZ81_16275,-3.82494926452637,significant_down,day 18
ACZ81_04245,-3.81578890482584,significant_down,day 89
ACZ81_09825,3.80790201822917,significant_up,days 60+89
ACZ81_16310,3.7818177541097,significant_up,days 60+89
ACZ81_18910,3.76478004455566,significant_up,day 89
ACZ81_18525,3.76453304290771,significant_up,days 60+89
ACZ81_09815,3.74248250325521,significant_up,day 89
ACZ81_18505,3.72263749440511,significant_up,days 60+89
ACZ81_08480,3.71997419993083,significant_up,days 60+89
ACZ81_09825,3.71450106302898,significant_up,day 60
ACZ81_02485,3.70140012105306,significant_up,day 60
ACZ81_10865,-3.70116106669108,significant_down,day 60
ACZ81_19450,3.69688860575358,significant_up,day 89
ACZ81_10335,-3.6797669728597,significant_down,day 89
ACZ81_18525,3.65739154815674,significant_up,day 60
ACZ81_02170,-3.63133939107259,significant_down,day 89
ACZ81_05480,3.54818471272786,significant_up,days 60+89
ACZ81_14000,-3.52328491210937,not_significant,day 18
ACZ81_05470,3.52177747090657,significant_up,day 31
ACZ81_09010,-3.51911036173503,significant_down,day 31
ACZ81_06200,3.51805178324381,significant_up,day 89
ACZ81_16310,3.50997034708659,significant_up,day 89
ACZ81_05350,3.49890391031901,significant_up,day 31
ACZ81_04245,-3.49416224161784,significant_down,days 60+89
ACZ81_19450,3.47278436024984,significant_up,days 60+89
ACZ81_05480,3.46789868672689,significant_up,day 31
ACZ81_09815,3.46572558085124,significant_up,days 60+89
ACZ81_02460,3.43475341796875,significant_up,day 89
ACZ81_06200,3.42487208048503,significant_up,days 60+89
ACZ81_10335,-3.42085107167562,significant_down,days 60+89
ACZ81_05350,3.41834704081218,significant_up,day 18
ACZ81_10540,-3.40104166666667,significant_down,day 31
ACZ81_18910,3.37425867716471,significant_up,days 60+89
ACZ81_09895,3.37001164754232,significant_up,day 89
ACZ81_10365,-3.35809834798177,significant_down,day 89
ACZ81_18755,-3.33363056182861,significant_down,days 60+89
ACZ81_06200,3.33169237772624,significant_up,day 60
ACZ81_19450,3.33168284098308,significant_up,day 31
ACZ81_15570,-3.32925097147624,significant_down,day 31
ACZ81_17100,-3.32117080688476,significant_down,day 60
ACZ81_18510,3.29260698954264,significant_up,day 60
ACZ81_18505,3.28276379903158,significant_up,day 89
ACZ81_18510,3.25672403971354,significant_up,days 60+89
ACZ81_02705,3.25628471374512,significant_up,day 60
ACZ81_19450,3.2486801147461,significant_up,day 60
ACZ81_04930,3.24009641011556,significant_up,day 31
ACZ81_02170,-3.2370491027832,significant_down,days 60+89
ACZ81_18510,3.22084108988444,significant_up,day 89
ACZ81_05470,3.22041130065918,significant_up,day 60
ACZ81_11825,-3.21828587849935,significant_down,day 60
ACZ81_02705,3.21658070882161,significant_up,days 60+89
ACZ81_15985,3.21045684814453,significant_up,day 89
ACZ81_11825,-3.20366096496582,significant_down,days 60+89
ACZ81_00450,-3.20131174723307,significant_down,day 89
ACZ81_11825,-3.18903605143229,significant_down,day 89
ACZ81_09815,3.18896865844726,significant_up,day 60
ACZ81_13955,3.1814759572347,significant_up,day 89
ACZ81_02705,3.17687670389811,significant_up,day 89
ACZ81_04245,-3.17253557840983,significant_down,day 60
ACZ81_10335,-3.16193517049154,significant_down,day 60
ACZ81_08480,3.15405813852946,significant_up,day 60
ACZ81_05480,3.14571062723796,significant_up,day 89
ACZ81_12330,3.13764190673828,significant_up,day 60
ACZ81_01515,3.1359182993571,significant_up,day 89
ACZ81_10365,-3.13545672098796,significant_down,days 60+89
ACZ81_06495,3.10196177164714,significant_up,day 60
ACZ81_18640,-3.08659489949545,significant_down,day 89
ACZ81_RS20500,3.08138338724772,significant_up,day 18
ACZ81_02460,3.07965850830078,significant_up,days 60+89
ACZ81_09830,3.07352193196615,significant_up,day 89
ACZ81_04250,-3.06818707784017,significant_down,day 60
ACZ81_09105,3.0635871887207,significant_up,day 31
ACZ81_15440,3.05711174011231,significant_up,day 89
ACZ81_15335,-3.04800542195638,significant_down,day 60
ACZ81_15335,-3.0453265508016,significant_down,days 60+89
ACZ81_15335,-3.04264767964681,significant_down,day 89
ACZ81_09895,3.03843530019125,significant_up,days 60+89
ACZ81_20300,-3.02966753641765,significant_down,day 31
ACZ81_15760,3.02955627441406,significant_up,day 89
ACZ81_15570,-3.02171325683594,significant_down,days 60+89
ACZ81_08045,-3.01743507385254,significant_down,day 89
ACZ81_09815,3.0113468170166,significant_up,day 31
ACZ81_10335,-3.00386619567871,significant_down,day 31
ACZ81_09830,3.00331846872966,significant_up,days 60+89
ACZ81_05470,3.00019454956055,significant_up,days 60+89
ACZ81_13955,2.99191570281982,significant_up,days 60+89
ACZ81_19000,-2.98599370320638,significant_down,day 60
ACZ81_18910,2.98373730977376,significant_up,day 60
ACZ81_19000,-2.98075866699219,significant_down,day 31
ACZ81_06125,-2.97086079915365,significant_down,day 89
ACZ81_14655,-2.96950848897299,significant_down,day 18
ACZ81_18910,2.96610005696614,significant_up,day 31
ACZ81_10540,-2.96057319641113,significant_down,day 60
ACZ81_11035,2.95248095194499,significant_up,day 89
ACZ81_01015,2.94815381368001,significant_up,day 89
ACZ81_09830,2.93311500549317,significant_up,day 60
ACZ81_16800,-2.93013509114583,significant_down,day 60
ACZ81_13600,2.92314243316651,not_significant,day 31
ACZ81_11275,2.92051823933919,significant_up,day 89
ACZ81_08850,2.91351826985677,significant_up,day 89
ACZ81_10365,-2.91281509399414,significant_down,day 60
ACZ81_19000,-2.90366903940837,significant_down,days 60+89
ACZ81_09015,-2.89106178283691,significant_down,day 60
ACZ81_11285,2.8888734181722,significant_up,day 60
ACZ81_15595,2.88420232137044,significant_up,day 60
ACZ81_12330,2.8809855779012,significant_up,days 60+89
ACZ81_05065,2.87642733256022,significant_up,day 89
ACZ81_01015,2.86122449239095,significant_up,days 60+89
ACZ81_03395,-2.86078707377116,significant_down,day 31
ACZ81_03380,-2.85988426208496,significant_down,day 31
ACZ81_03390,-2.85453987121582,significant_down,day 60
ACZ81_13850,-2.85136349995931,significant_down,day 60
ACZ81_09895,2.85091972351075,significant_up,day 31
ACZ81_12350,-2.84651565551758,significant_down,day 60
ACZ81_02170,-2.84275881449382,significant_down,day 60
ACZ81_16800,-2.84187316894531,significant_down,days 60+89
ACZ81_06125,-2.83746782938639,significant_down,days 60+89
ACZ81_17070,-2.83648745218913,significant_down,day 89
ACZ81_15490,2.83548927307129,significant_up,day 89
ACZ81_15045,-2.83521461486817,significant_down,day 89
ACZ81_15535,-2.83381652832031,significant_down,day 31
ACZ81_08720,2.82573254903158,significant_up,day 89
ACZ81_19000,-2.82134437561035,significant_down,day 89
ACZ81_12355,-2.80942726135254,significant_down,day 89
ACZ81_RS20500,2.80451011657715,significant_up,day 31
ACZ81_13955,2.80235544840495,significant_up,day 60
ACZ81_11285,2.80045000712077,significant_up,days 60+89
ACZ81_15760,2.79378795623779,significant_up,days 60+89
ACZ81_01515,2.78708775838216,significant_up,days 60+89
ACZ81_15395,2.78480402628581,significant_up,day 60
ACZ81_04075,2.78442446390788,significant_up,day 89
ACZ81_16195,2.78432146708171,significant_up,day 60
ACZ81_05470,2.77997779846191,significant_up,day 89
ACZ81_15440,2.77952766418457,significant_up,days 60+89
ACZ81_11275,2.77609348297119,significant_up,days 60+89
ACZ81_06200,2.77459081013997,significant_up,day 31
ACZ81_16020,2.77432950337728,not_significant,day 89
ACZ81_01015,2.77429517110189,significant_up,day 60
ACZ81_04190,2.77349599202474,significant_up,day 60
ACZ81_15985,2.76932144165039,significant_up,days 60+89
ACZ81_04245,-2.76850318908691,significant_down,day 31
ACZ81_15395,2.76838048299154,significant_up,days 60+89
ACZ81_16195,2.76261774698893,significant_up,days 60+89
ACZ81_15890,2.75967852274577,significant_up,day 89
ACZ81_08725,2.7551040649414,significant_up,day 60
ACZ81_16800,-2.75361124674479,significant_down,day 89
ACZ81_08640,2.75313154856364,significant_up,day 89
ACZ81_15395,2.75195693969727,significant_up,day 89
ACZ81_11225,-2.74684397379557,significant_down,day 60
ACZ81_11090,2.74613444010416,significant_up,day 89
ACZ81_10850,-2.74420229593913,significant_down,day 31
ACZ81_10795,2.74106280008952,significant_up,day 60
ACZ81_16195,2.74091402689616,significant_up,day 89
ACZ81_16195,2.74051348368327,significant_up,day 31
ACZ81_08640,2.73753261566162,significant_up,day 31
ACZ81_10540,-2.73675092061361,significant_down,days 60+89
ACZ81_07445,2.73175621032715,significant_up,day 89
ACZ81_11225,-2.72841326395671,significant_down,days 60+89
ACZ81_02460,2.72456359863281,significant_up,day 60
ACZ81_20205,-2.7243595123291,significant_down,day 60
ACZ81_10795,2.71961943308512,significant_up,days 60+89
ACZ81_04190,2.71682294209798,significant_up,days 60+89
ACZ81_14810,2.71395174662272,significant_up,day 89
ACZ81_11285,2.71202659606934,significant_up,day 89
ACZ81_11225,-2.70998255411784,significant_down,day 89
ACZ81_15340,-2.70896402994792,significant_down,day 60
ACZ81_05065,2.70829550425212,significant_up,days 60+89
ACZ81_09895,2.70685895284017,significant_up,day 60
ACZ81_06125,-2.70407485961914,significant_down,day 60
ACZ81_00435,-2.7007195154826,not_significant,day 89
ACZ81_10795,2.69817606608073,significant_up,day 89
ACZ81_11090,2.69674587249756,significant_up,days 60+89
ACZ81_04040,-2.68683687845866,significant_down,day 60
ACZ81_10585,2.67478561401367,significant_up,day 89
ACZ81_09570,-2.67123031616211,significant_down,day 89
ACZ81_00885,2.67061932881674,significant_up,day 89
ACZ81_02415,-2.66945648193359,significant_down,day 60
ACZ81_17600,-2.66914367675781,significant_down,day 60
ACZ81_08850,2.66416708628337,significant_up,days 60+89
ACZ81_11285,2.66356595357259,significant_up,day 31
ACZ81_04190,2.66014989217122,significant_up,day 89
ACZ81_15340,-2.65824476877849,significant_down,days 60+89
ACZ81_18485,-2.64950116475423,significant_down,day 89
ACZ81_11090,2.64735730489095,significant_up,day 60
ACZ81_08640,2.64599386850993,significant_up,days 60+89
ACZ81_13675,2.64579264322917,significant_up,day 89
ACZ81_16350,-2.64274215698242,significant_down,day 31
ACZ81_07870,-2.63360722859701,significant_down,day 60
ACZ81_06975,2.63226064046224,significant_up,day 18
ACZ81_11275,2.63166872660319,significant_up,day 60
ACZ81_01565,2.63163693745931,significant_up,day 31
ACZ81_08720,2.62989902496338,significant_up,days 60+89
ACZ81_08650,2.6286792755127,significant_up,day 89
ACZ81_12330,2.62432924906413,significant_up,day 89
ACZ81_09015,-2.62108071645101,significant_down,days 60+89
ACZ81_15480,2.61877187093099,significant_up,day 89
ACZ81_00435,-2.61867936452231,not_significant,day 31
ACZ81_09570,-2.61711184183757,significant_down,days 60+89
ACZ81_09455,2.61406071980794,significant_up,day 89
ACZ81_17535,-2.61304664611817,significant_down,day 60
ACZ81_14810,2.61222267150879,significant_up,days 60+89
ACZ81_03380,-2.61115964253743,significant_down,day 89
ACZ81_16130,2.60828717549642,significant_up,day 89
ACZ81_15340,-2.60752550760905,significant_down,day 89
ACZ81_03595,-2.60467020670573,significant_down,day 89
ACZ81_13975,2.60282325744629,significant_up,day 60
ACZ81_04040,-2.60118452707927,significant_down,days 60+89
ACZ81_09355,2.59981282552084,significant_up,day 89
ACZ81_07000,2.5984935760498,significant_up,day 89
ACZ81_09460,2.59152094523112,not_significant,day 60
ACZ81_18660,-2.59047571818034,significant_down,day 89
ACZ81_08650,2.58482710520427,significant_up,days 60+89
ACZ81_02240,-2.58214505513509,significant_down,day 60
ACZ81_18100,-2.58136431376139,significant_down,day 60
ACZ81_18660,-2.57230154673258,significant_down,days 60+89
ACZ81_11035,2.5688091913859,significant_up,days 60+89
ACZ81_19230,2.56865088144938,not_significant,day 18
ACZ81_15490,2.56301561991374,significant_up,days 60+89
ACZ81_09570,-2.56299336751302,significant_down,day 60
ACZ81_08075,2.5585028330485,significant_up,day 31
ACZ81_16020,2.55809529622396,not_significant,day 18
ACZ81_15760,2.55801963806152,significant_up,day 60
ACZ81_01775,2.55767440795899,significant_up,day 89
ACZ81_18755,-2.55713208516439,significant_down,day 89
ACZ81_18660,-2.55412737528483,significant_down,day 60
ACZ81_07445,2.54897467295329,significant_up,days 60+89
ACZ81_03395,-2.54803021748861,significant_down,day 89
ACZ81_15655,2.54688390096029,significant_up,day 89
ACZ81_17100,-2.54435507456461,significant_down,days 60+89
ACZ81_15955,2.54351043701172,significant_up,day 89
ACZ81_08650,2.54097493489584,significant_up,day 60
ACZ81_05065,2.54016367594401,significant_up,day 60
ACZ81_08640,2.53885618845622,significant_up,day 60
ACZ81_13975,2.53812917073568,significant_up,day 31
ACZ81_20295,-2.53720219930013,significant_down,day 31
ACZ81_03380,-2.53488318125407,significant_down,days 60+89
ACZ81_13955,2.53312174479167,significant_up,day 31
ACZ81_16090,2.53146807352702,significant_up,day 89
ACZ81_17535,-2.52907848358155,significant_down,days 60+89
ACZ81_20205,-2.52732308705648,significant_down,days 60+89
ACZ81_18205,2.52512423197428,significant_up,day 89
ACZ81_07655,-2.52212397257487,significant_down,day 31
ACZ81_00450,-2.52113628387451,significant_down,days 60+89
ACZ81_07000,2.52094491322835,significant_up,days 60+89
ACZ81_02780,-2.51789283752442,significant_down,day 60
ACZ81_04040,-2.51553217569987,significant_down,day 89
ACZ81_00075,2.51472091674805,significant_up,day 60
ACZ81_09010,-2.51452891031901,significant_down,day 60
ACZ81_10540,-2.51292864481608,significant_down,day 89
ACZ81_14810,2.51049359639486,significant_up,day 60
ACZ81_RS17170,-2.51040585835775,significant_down,day 89
ACZ81_02235,-2.50812911987304,significant_down,day 60
ACZ81_08590,2.50754737854004,significant_up,day 60
ACZ81_15440,2.50194358825684,significant_up,day 60
ACZ81_11425,-2.50162442525228,significant_down,day 60
ACZ81_16020,2.49947770436605,significant_up,days 60+89
ACZ81_15890,2.4961830774943,significant_up,days 60+89
ACZ81_15470,2.48385111490885,significant_up,day 89
ACZ81_10585,2.48086961110433,significant_up,days 60+89
ACZ81_12205,2.47255516052246,significant_up,day 89
ACZ81_03450,-2.46680132548015,significant_down,day 60
ACZ81_06945,2.46483929951986,significant_up,day 89
ACZ81_12355,-2.46443812052409,significant_down,days 60+89
ACZ81_16130,2.45929431915283,significant_up,days 60+89
ACZ81_04255,-2.45897229512533,significant_down,day 89
ACZ81_03380,-2.4586067199707,significant_down,day 60
ACZ81_15480,2.45434252421061,significant_up,days 60+89
ACZ81_13135,2.454039255778,not_significant,day 60
ACZ81_15655,2.45299784342448,significant_up,days 60+89
ACZ81_18535,2.45235125223796,significant_up,day 18
ACZ81_00075,2.4518362681071,significant_up,days 60+89
ACZ81_07975,2.45161628723144,significant_up,day 60
ACZ81_08610,2.44841512044271,significant_up,day 89
ACZ81_13960,2.44586690266927,significant_up,day 31
ACZ81_19950,2.4456729888916,significant_up,day 89
ACZ81_17535,-2.44511032104492,significant_down,day 89
ACZ81_00430,2.44459851582845,significant_up,day 89
ACZ81_07000,2.4433962504069,significant_up,day 60
ACZ81_07000,2.44052759806315,significant_up,day 31
ACZ81_01515,2.43825721740723,significant_up,day 60
ACZ81_11425,-2.43410110473633,significant_down,days 60+89
ACZ81_08720,2.43406550089518,significant_up,day 60
ACZ81_14585,2.43316586812337,significant_up,day 60
ACZ81_16010,2.43283462524414,significant_up,day 89
ACZ81_08075,2.4318904876709,significant_up,day 60
ACZ81_12350,-2.42785898844401,significant_down,days 60+89
ACZ81_09355,2.42401568094889,significant_up,days 60+89
ACZ81_19950,2.42375246683756,significant_up,days 60+89
ACZ81_09530,-2.42330678304036,significant_down,day 89
ACZ81_07655,-2.42066256205241,significant_down,day 60
ACZ81_15955,2.41827996571859,significant_up,days 60+89
ACZ81_09010,-2.4164187113444,significant_down,days 60+89
ACZ81_08850,2.41481590270996,significant_up,day 60
ACZ81_09460,2.41392230987549,significant_up,days 60+89
ACZ81_14655,-2.41358947753906,significant_down,day 60
ACZ81_16090,2.41106859842936,significant_up,days 60+89
ACZ81_17460,2.40956370035807,significant_up,day 89
ACZ81_02660,2.40910085042318,significant_up,day 89
ACZ81_14000,2.40434773763021,not_significant,day 60
ACZ81_19950,2.40183194478353,significant_up,day 60
ACZ81_16805,-2.39888191223145,not_significant,day 18
ACZ81_17990,2.39386812845866,significant_up,day 31
ACZ81_00555,-2.39339097340902,not_significant,day 18
ACZ81_08650,2.3903382619222,significant_up,day 31
ACZ81_04785,2.39030329386393,significant_up,day 89
ACZ81_00075,2.38895161946615,significant_up,day 89
ACZ81_11225,-2.38892491658529,significant_down,day 31
ACZ81_12330,2.38736788431803,significant_up,day 31
ACZ81_20520,2.38355223337809,significant_up,day 31
ACZ81_11090,2.38303502400716,significant_up,day 31
ACZ81_15045,-2.38147004445394,significant_down,days 60+89
ACZ81_16170,-2.38020324707031,significant_down,day 89
ACZ81_17460,2.37821324666341,significant_up,days 60+89
ACZ81_20305,-2.37666002909342,significant_down,day 89
ACZ81_19000,-2.37550862630208,significant_down,day 18
ACZ81_11275,2.37513860066732,significant_up,day 31
ACZ81_16370,2.37316513061523,significant_up,day 31
ACZ81_11425,-2.36657778422038,significant_down,day 89
ACZ81_07445,2.36619313557943,significant_up,day 60
ACZ81_04075,2.36570771535238,significant_up,days 60+89
ACZ81_16735,2.36560249328613,significant_up,day 89
ACZ81_02240,-2.36511929829915,significant_down,days 60+89
ACZ81_18640,-2.36370754241944,significant_down,days 60+89
ACZ81_15655,2.35911178588867,significant_up,day 60
ACZ81_13975,2.35880502065023,significant_up,days 60+89
ACZ81_19770,2.35790125528971,significant_up,day 89
ACZ81_10865,-2.35780970255534,significant_down,days 60+89
ACZ81_09455,2.35724639892578,significant_up,days 60+89
ACZ81_03215,2.3569564819336,significant_up,day 89
ACZ81_12285,-2.35671742757161,significant_down,day 60
ACZ81_04255,-2.35450490315755,significant_down,days 60+89
ACZ81_09015,-2.3510996500651,significant_down,day 89
ACZ81_16010,2.34920247395833,significant_up,days 60+89
ACZ81_03395,-2.34722805023194,significant_down,days 60+89
ACZ81_17460,2.34686279296875,significant_up,day 60
ACZ81_RS17170,-2.34598954518636,significant_down,days 60+89
ACZ81_03385,-2.34485562642416,significant_down,day 31
ACZ81_13225,-2.34326235453288,significant_down,day 60
ACZ81_04250,-2.33882522583008,significant_down,days 60+89
ACZ81_01565,2.33847554524739,significant_up,day 89
ACZ81_10385,-2.33668581644694,significant_down,day 31
ACZ81_20205,-2.33028666178385,significant_down,day 89
ACZ81_15985,2.32818603515625,significant_up,day 60
ACZ81_19615,-2.32764116923014,significant_down,day 60
ACZ81_02780,-2.32762241363525,significant_down,day 31
ACZ81_16285,-2.32503445943196,significant_down,day 89
ACZ81_12205,2.32078170776367,significant_up,days 60+89
ACZ81_02655,2.31925264994304,significant_up,day 89
ACZ81_09010,-2.31830851236979,significant_down,day 89
ACZ81_02370,2.3167667388916,significant_up,day 89
ACZ81_07975,2.3145523071289,significant_up,days 60+89
ACZ81_11800,-2.3141352335612,significant_down,day 60
ACZ81_16130,2.31030146280924,significant_up,day 60
ACZ81_08725,2.30874315897624,significant_up,days 60+89
ACZ81_17240,-2.30803871154785,not_significant,day 18
ACZ81_03450,-2.30802949269613,significant_down,days 60+89
ACZ81_02235,-2.30701605478922,significant_down,days 60+89
ACZ81_08610,2.29946994781494,significant_up,days 60+89
ACZ81_16475,2.29576047261556,significant_up,day 31
ACZ81_00055,2.29536469777425,not_significant,day 18
ACZ81_15955,2.29304949442546,significant_up,day 60
ACZ81_08045,-2.29230435689291,significant_down,day 31
ACZ81_06200,2.29195404052734,significant_up,day 18
ACZ81_16090,2.29066912333171,significant_up,day 60
ACZ81_15490,2.29054196675618,significant_up,day 60
ACZ81_17710,-2.29012362162272,significant_down,day 60
ACZ81_15480,2.28991317749023,significant_up,day 60
ACZ81_10585,2.28695360819498,significant_up,day 60
ACZ81_01570,2.28375244140625,significant_up,day 31
ACZ81_18485,-2.28335539499918,significant_down,days 60+89
ACZ81_10270,2.28099759419759,significant_up,day 60
ACZ81_00430,2.27951717376709,significant_up,days 60+89
ACZ81_03215,2.27760346730551,significant_up,days 60+89
ACZ81_16010,2.26557032267253,significant_up,day 60
ACZ81_18760,-2.26245435078939,significant_down,day 31
ACZ81_08045,-2.26123142242432,significant_down,days 60+89
ACZ81_07445,2.2603079477946,significant_up,day 31
ACZ81_18895,-2.25529479980469,significant_down,day 60
ACZ81_10105,2.2547976175944,significant_up,day 31
ACZ81_18100,-2.25393772125244,significant_down,days 60+89
ACZ81_16015,2.25221188863119,significant_up,day 60
ACZ81_04255,-2.25003751118978,significant_down,day 60
ACZ81_09355,2.24821853637695,significant_up,day 60
ACZ81_13605,2.24581718444824,significant_up,day 60
ACZ81_RS17245,-2.24521319071452,significant_down,day 60
ACZ81_17710,-2.24293677012126,significant_down,days 60+89
ACZ81_20305,-2.242782274882,significant_down,days 60+89
ACZ81_05530,2.24261538187662,significant_up,day 89
ACZ81_03405,-2.24074745178223,significant_down,day 60
ACZ81_15395,2.24065717061361,significant_up,day 31
ACZ81_03385,-2.23974990844726,significant_down,day 60
ACZ81_16285,-2.23931916554769,significant_down,days 60+89
ACZ81_16350,-2.23845418294271,significant_down,day 89
ACZ81_10365,-2.23725954691569,significant_down,day 31
ACZ81_17600,-2.23662312825521,significant_down,day 18
ACZ81_09460,2.23632367451986,not_significant,day 89
ACZ81_04785,2.23616123199463,significant_up,days 60+89
ACZ81_15890,2.23268763224284,significant_up,day 60
ACZ81_02660,2.2287187576294,significant_up,days 60+89
ACZ81_16955,-2.2285696665446,significant_down,day 60
ACZ81_16020,2.22462590535482,not_significant,day 60
ACZ81_08655,2.22283999125163,significant_up,day 60
ACZ81_16015,2.21998119354248,significant_up,days 60+89
ACZ81_13670,-2.21467781066895,significant_down,day 89
ACZ81_12785,-2.20757929484049,significant_down,day 31
ACZ81_13850,-2.20578638712565,significant_down,days 60+89
ACZ81_12285,-2.20530986785889,significant_down,days 60+89
ACZ81_17990,2.20388221740723,significant_up,day 18
ACZ81_05070,2.20302263895671,significant_up,day 89
ACZ81_19495,2.20272254943848,significant_up,day 89
ACZ81_01485,-2.19844309488932,significant_down,day 31
ACZ81_16170,-2.1982847849528,significant_down,day 31
ACZ81_03215,2.19825045267741,significant_up,day 60
ACZ81_17710,-2.19574991861979,significant_down,day 89
ACZ81_19290,-2.1931266784668,significant_down,day 89
ACZ81_16850,2.19023132324219,significant_up,day 89
ACZ81_16015,2.18775049845378,significant_up,day 89
ACZ81_16850,2.18609110514323,significant_up,days 60+89
ACZ81_16275,-2.18607711791992,significant_down,day 89
ACZ81_11035,2.18513743082682,significant_up,day 60
ACZ81_00885,2.18512090047201,significant_up,days 60+89
ACZ81_15335,-2.1834545135498,significant_down,day 18
ACZ81_16850,2.18195088704427,significant_up,day 60
ACZ81_RS17170,-2.18157323201498,significant_down,day 60
ACZ81_09020,-2.18087450663249,significant_down,day 89
ACZ81_15570,-2.17928059895833,significant_down,day 60
ACZ81_07975,2.17748832702637,significant_up,day 89
ACZ81_13975,2.17711448669434,significant_up,day 18
ACZ81_17070,-2.1770445505778,significant_down,days 60+89
ACZ81_06595,2.17588869730631,significant_up,day 31
ACZ81_16570,2.1746629079183,significant_up,day 89
ACZ81_04785,2.17087046305338,significant_up,day 31
ACZ81_12205,2.16900825500488,significant_up,day 60
ACZ81_16285,-2.16164271036784,significant_down,day 31
ACZ81_09115,2.1604061126709,significant_up,day 89
ACZ81_16605,2.15936215718587,significant_up,day 89
ACZ81_13225,-2.15676116943359,significant_down,days 60+89
ACZ81_12355,-2.15482648213705,not_significant,day 31
ACZ81_08480,-2.1542018254598,not_significant,day 18
ACZ81_16285,-2.15360387166341,significant_down,day 60
ACZ81_11150,-2.15082740783691,significant_down,day 89
ACZ81_08610,2.15052477518718,significant_up,day 60
ACZ81_03450,-2.14925765991211,significant_down,day 89
ACZ81_02240,-2.14809354146322,significant_down,day 89
ACZ81_14155,2.14795811971029,significant_up,day 89
ACZ81_01015,2.14778137207031,significant_up,day 31
ACZ81_03395,-2.14642588297526,significant_down,day 60
ACZ81_08575,-2.14435195922851,significant_down,day 60
ACZ81_10170,2.14322789510091,significant_up,day 31
ACZ81_01505,2.14300219217936,significant_up,day 60
ACZ81_01100,2.14282862345377,significant_up,day 89
ACZ81_14585,2.14209429423014,significant_up,days 60+89
ACZ81_10380,-2.14193916320801,significant_down,day 89
ACZ81_19195,-2.1380729675293,significant_down,day 89
ACZ81_16010,2.13756497701009,significant_up,day 31
ACZ81_14610,-2.13627370198568,significant_down,day 31
ACZ81_13205,-2.13366762797038,significant_down,day 31
ACZ81_19615,-2.13078943888347,significant_down,days 60+89
ACZ81_10850,-2.13005638122559,not_significant,day 18
ACZ81_04930,2.12798690795899,significant_up,day 60
ACZ81_08655,2.12731901804606,significant_up,days 60+89
ACZ81_08575,-2.12677065531413,significant_down,days 60+89
ACZ81_03595,-2.12661838531494,significant_down,days 60+89
ACZ81_16735,2.12586339314779,significant_up,days 60+89
ACZ81_05530,2.12402153015136,significant_up,days 60+89
ACZ81_06955,2.12230936686198,significant_up,day 31
ACZ81_12355,-2.11944897969564,not_significant,day 60
ACZ81_RS04395,2.11938730875651,significant_up,day 31
ACZ81_16830,2.11865615844726,significant_up,day 89
ACZ81_10910,-2.117951075236,significant_down,day 31
ACZ81_17600,-2.11742655436198,significant_down,day 31
ACZ81_19615,-2.11659749348958,significant_down,day 31
ACZ81_17535,-2.11609903971354,significant_down,day 31
ACZ81_13975,2.11478678385417,significant_up,day 89
ACZ81_00430,2.11443583170573,significant_up,day 60
ACZ81_10170,2.11078008015951,significant_up,day 89
ACZ81_12445,2.11056391398112,significant_up,day 89
ACZ81_01100,2.1105432510376,significant_up,days 60+89
ACZ81_15275,2.11023330688476,significant_up,day 89
ACZ81_08575,-2.10918935139974,significant_down,day 89
ACZ81_20305,-2.10890452067057,significant_down,day 60
ACZ81_10380,-2.10861746470133,significant_down,days 60+89
ACZ81_19385,2.10719998677571,significant_up,day 60
ACZ81_06945,2.10657437642415,significant_up,days 60+89
ACZ81_12475,2.10603332519531,significant_up,day 31
ACZ81_02235,-2.1059029897054,significant_down,day 89
ACZ81_08410,-2.10399373372396,significant_down,day 89
ACZ81_11035,2.10129356384277,significant_up,day 31
ACZ81_09455,2.10043207804362,significant_up,day 60
ACZ81_18135,2.09848848978678,significant_up,day 31
ACZ81_08235,2.09596061706543,significant_up,day 60
ACZ81_18525,2.09433015187581,significant_up,day 18
ACZ81_09115,2.09430599212646,significant_up,days 60+89
ACZ81_19770,2.09326330820719,significant_up,days 60+89
ACZ81_14595,2.09083620707194,significant_up,day 89
ACZ81_18205,2.09047476450602,significant_up,days 60+89
ACZ81_01575,2.0902582804362,significant_up,day 31
ACZ81_05205,-2.08837127685547,significant_down,day 89
ACZ81_00255,-2.0865847269694,significant_down,day 89
ACZ81_15440,2.08648681640625,significant_up,day 31
ACZ81_15720,2.08571052551269,significant_up,day 60
ACZ81_03385,-2.08491484324137,significant_down,days 60+89
ACZ81_03400,-2.08389790852865,significant_down,day 31
ACZ81_04785,2.08201917012533,significant_up,day 60
ACZ81_12165,2.08154169718424,significant_up,day 31
ACZ81_17600,-2.08009243011475,significant_down,days 60+89
ACZ81_05060,2.0794989267985,significant_up,day 60
ACZ81_01100,2.07825787862142,significant_up,day 60
ACZ81_18760,-2.07772382100423,significant_down,day 60
ACZ81_01365,-2.0774606068929,significant_down,day 31
ACZ81_16350,-2.07615979512532,not_significant,day 18
ACZ81_05060,2.07552051544189,significant_up,days 60+89
ACZ81_10380,-2.07529576619466,significant_down,day 60
ACZ81_05060,2.07154210408528,significant_up,day 89
ACZ81_05070,2.06959629058838,significant_up,days 60+89
ACZ81_08075,2.06910101572673,significant_up,days 60+89
ACZ81_18230,2.06267865498861,significant_up,day 31
ACZ81_05930,-2.06200408935547,not_significant,day 31
ACZ81_16825,-2.0617535909017,significant_down,day 60
ACZ81_18825,-2.05987421671549,significant_down,day 31
ACZ81_14320,2.05964724222819,significant_up,day 89
ACZ81_02235,-2.05931091308593,significant_down,day 31
ACZ81_16780,2.05697059631348,significant_up,day 89
ACZ81_07440,2.05500348409017,significant_up,day 89
ACZ81_03405,-2.05392360687256,significant_down,days 60+89
ACZ81_12285,-2.05390230814616,significant_down,day 89
ACZ81_13670,-2.05257415771485,significant_down,days 60+89
ACZ81_03160,-2.04867998758952,significant_down,day 60
ACZ81_15470,2.04834938049317,significant_up,days 60+89
ACZ81_02660,2.04833666483561,significant_up,day 60
ACZ81_14320,2.04552714029948,significant_up,days 60+89
ACZ81_01485,-2.04331016540527,significant_down,day 89
ACZ81_19230,2.04245217641195,not_significant,day 89
ACZ81_10170,2.03901100158692,significant_up,days 60+89
ACZ81_14665,2.03675905863444,significant_up,day 60
ACZ81_14155,2.03452746073405,significant_up,days 60+89
ACZ81_19290,-2.03431828816732,significant_down,days 60+89
ACZ81_06815,2.03398704528809,significant_up,day 89
ACZ81_02370,2.03376197814941,significant_up,days 60+89
ACZ81_19265,2.03306198120117,significant_up,day 31
ACZ81_07230,-2.03276507059733,significant_down,day 31
ACZ81_08655,2.03179804484049,significant_up,day 89
ACZ81_14320,2.03140703837077,significant_up,day 60
ACZ81_19715,2.02922821044922,significant_up,day 89
ACZ81_19260,2.02841440836588,significant_up,day 89
ACZ81_15275,2.02834129333496,significant_up,days 60+89
ACZ81_09115,2.02820587158203,significant_up,day 60
ACZ81_16570,2.02762126922608,significant_up,days 60+89
ACZ81_19495,2.0270299911499,significant_up,days 60+89
ACZ81_16830,2.02335484822591,significant_up,days 60+89
ACZ81_08590,2.0231294631958,significant_up,days 60+89
ACZ81_08875,2.02000300089518,significant_up,day 89
ACZ81_08655,2.01937294006347,significant_up,day 31
ACZ81_14000,2.01860109965007,not_significant,days 60+89
ACZ81_12285,-2.01648330688477,not_significant,day 31
ACZ81_03785,2.01523462931315,significant_up,day 89
ACZ81_14585,2.01396115620931,significant_up,day 31
ACZ81_13675,2.01379839579265,significant_up,days 60+89
ACZ81_08640,2.01093451182048,significant_up,day 18
ACZ81_12350,-2.00920232137045,significant_down,day 89
ACZ81_14975,2.00914700826009,significant_up,day 31
ACZ81_03390,-2.00677871704102,significant_down,days 60+89
ACZ81_16955,-2.00675551096598,significant_down,days 60+89
ACZ81_05530,2.00542767842611,significant_up,day 60
ACZ81_05035,2.00414085388183,significant_up,day 18
ACZ81_14105,2.00244967142741,significant_up,day 89
ACZ81_02035,-2.00209744771322,not_significant,day 31
ACZ81_16755,2.00125821431478,significant_up,day 89
ACZ81_09850,1.99770800272624,significant_up,day 31
ACZ81_17980,1.99528121948242,significant_up,day 60
ACZ81_17910,1.99310302734375,significant_up,day 60
ACZ81_08900,1.99273045857747,significant_up,day 60
ACZ81_11100,1.99255688985189,significant_up,day 60
ACZ81_03995,-1.9922612508138,significant_down,day 31
ACZ81_05205,-1.99178028106689,significant_down,days 60+89
ACZ81_08720,1.99177233378092,significant_up,day 31
ACZ81_18905,-1.99088287353516,significant_down,day 60
ACZ81_19265,1.98854955037435,significant_up,day 89
ACZ81_03450,-1.98770014444987,significant_down,day 31
ACZ81_14680,1.98762067159017,significant_up,day 60
ACZ81_09250,1.98741404215495,significant_up,day 60
ACZ81_19195,-1.98710600535075,significant_down,days 60+89
ACZ81_02655,1.98586082458496,significant_up,days 60+89
ACZ81_15885,-1.98527876536052,not_significant,day 60
ACZ81_13995,-1.98431905110677,significant_down,day 60
ACZ81_17910,1.98415311177572,significant_up,days 60+89
ACZ81_11610,-1.98344866434733,significant_down,day 60
ACZ81_19775,1.98242060343424,significant_up,day 89
ACZ81_10795,1.9805908203125,significant_up,day 31
ACZ81_10320,1.9792423248291,significant_up,day 89
ACZ81_11690,1.9791685740153,significant_up,day 89
ACZ81_10850,-1.9780330657959,not_significant,day 60
ACZ81_17910,1.97520319620768,significant_up,day 89
ACZ81_01705,-1.9750436147054,significant_down,day 60
ACZ81_08410,-1.97203795115153,significant_down,days 60+89
ACZ81_06590,1.97117678324381,significant_up,day 31
ACZ81_13225,-1.97025998433431,significant_down,day 89
ACZ81_07985,-1.96796162923177,significant_down,day 60
ACZ81_10170,1.96724192301432,significant_up,day 60
ACZ81_10370,-1.96619987487793,significant_down,day 89
ACZ81_15655,1.9661979675293,significant_up,day 31
ACZ81_16825,-1.96603838602702,significant_down,day 31
ACZ81_11535,-1.96477190653483,significant_down,day 31
ACZ81_14595,1.96440887451172,significant_up,days 60+89
ACZ81_10910,-1.96377881368002,significant_down,day 89
ACZ81_18795,-1.96346028645833,significant_down,day 60
ACZ81_05590,1.9634583791097,not_significant,day 60
ACZ81_19620,-1.95751825968425,significant_down,day 31
ACZ81_17980,1.95637162526449,significant_up,days 60+89
ACZ81_09020,-1.9547233581543,significant_down,days 60+89
ACZ81_11800,-1.95358339945475,not_significant,day 31
ACZ81_17790,-1.95353762308756,significant_down,day 60
ACZ81_10370,-1.95011679331462,significant_down,days 60+89
ACZ81_05900,1.94945271809896,significant_up,day 89
ACZ81_01095,1.9488328297933,significant_up,day 89
ACZ81_05400,-1.94725545247396,not_significant,day 18
ACZ81_04075,1.94699096679688,significant_up,day 60
ACZ81_15275,1.94644927978516,significant_up,day 60
ACZ81_14975,1.94440841674805,significant_up,day 89
ACZ81_15100,-1.94284947713216,significant_down,day 31
ACZ81_11610,-1.94258594512939,significant_down,days 60+89
ACZ81_16775,1.94254366556804,significant_up,day 31
ACZ81_08875,1.94249248504639,significant_up,days 60+89
ACZ81_00435,-1.94221941630046,not_significant,day 18
ACZ81_10385,-1.93988800048828,significant_down,day 60
ACZ81_12475,1.93953196207682,significant_up,day 60
ACZ81_05070,1.93616994222005,significant_up,day 60
ACZ81_01770,-1.93531036376953,significant_down,day 89
ACZ81_04650,-1.93474769592285,not_significant,day 31
ACZ81_00330,-1.93466631571452,significant_down,day 60
ACZ81_10370,-1.9340337117513,significant_down,day 60
ACZ81_19615,-1.93393770853679,significant_down,day 89
ACZ81_18895,-1.9329039255778,significant_down,day 31
ACZ81_15595,1.93230311075846,significant_up,day 31
ACZ81_07090,-1.93125216166178,significant_down,day 60
ACZ81_16805,-1.93075879414876,not_significant,day 89
ACZ81_06365,-1.93028259277344,significant_down,day 31
ACZ81_03385,-1.93007977803548,significant_down,day 89
ACZ81_13990,1.92976888020834,significant_up,day 31
ACZ81_16830,1.92805353800456,significant_up,day 60
ACZ81_15045,-1.92772547403971,significant_down,day 60
ACZ81_16775,1.92733383178711,significant_up,day 18
ACZ81_18100,-1.92651112874349,not_significant,day 89
ACZ81_06495,1.92516803741455,not_significant,days 60+89
ACZ81_18895,-1.92314116160075,significant_down,days 60+89
ACZ81_11940,-1.92241223653157,significant_down,day 89
ACZ81_08900,1.92236582438151,significant_up,days 60+89
ACZ81_05035,1.92168617248535,significant_up,day 60
ACZ81_11100,1.92167027791341,significant_up,days 60+89
ACZ81_14155,1.92109680175782,significant_up,day 60
ACZ81_18505,1.92003631591797,significant_up,day 18
ACZ81_11280,1.91822369893392,significant_up,day 89
ACZ81_17980,1.91746203104655,significant_up,day 89
ACZ81_18485,-1.91720962524414,significant_down,day 60
ACZ81_12785,-1.91720898946126,significant_down,day 89
ACZ81_19230,1.91634019215902,significant_up,days 60+89
ACZ81_10385,-1.91174983978271,significant_down,days 60+89
ACZ81_09515,-1.91068267822266,significant_down,day 89
ACZ81_09530,-1.90865230560303,significant_down,days 60+89
ACZ81_01025,1.90864944458008,significant_up,day 89
ACZ81_18755,-1.90770785013835,significant_down,day 31
ACZ81_09195,1.90756479899088,not_significant,day 31
ACZ81_15340,-1.90739504496257,significant_down,day 18
ACZ81_18555,1.90649223327637,significant_up,day 60
ACZ81_09015,-1.90571594238281,significant_down,day 31
ACZ81_08430,1.90371640523275,significant_up,day 89
ACZ81_16020,1.90353902180989,not_significant,day 31
ACZ81_19385,1.90341758728027,significant_up,days 60+89
ACZ81_11610,-1.90172322591146,significant_down,day 89
ACZ81_04255,-1.90135383605957,significant_down,day 31
ACZ81_08430,1.89850997924805,significant_up,days 60+89
ACZ81_03785,1.89818445841471,significant_up,day 18
ACZ81_10270,1.89749813079834,significant_up,days 60+89
ACZ81_05310,-1.89743359883627,significant_down,day 89
ACZ81_19205,-1.8962771097819,significant_down,day 60
ACZ81_19265,1.89563528696696,significant_up,days 60+89
ACZ81_07440,1.89541594187419,significant_up,days 60+89
ACZ81_05205,-1.89518928527832,significant_down,day 60
ACZ81_16735,1.89435386657715,significant_up,day 31
ACZ81_03900,1.89385223388672,significant_up,day 89
ACZ81_12475,1.89369010925293,significant_up,days 60+89
ACZ81_02240,-1.893523534139,significant_down,day 31
ACZ81_20520,1.89345582326253,significant_up,day 18
ACZ81_08430,1.89330355326334,significant_up,day 60
ACZ81_01055,-1.89282353719075,significant_down,day 60
ACZ81_08660,1.89272181193034,significant_up,day 60
ACZ81_16800,-1.89267031351725,significant_down,day 31
ACZ81_00210,-1.89257621765137,significant_down,day 60
ACZ81_15930,1.89066696166992,significant_up,day 60
ACZ81_13670,-1.89047050476075,significant_down,day 60
ACZ81_18795,-1.88896306355794,significant_down,days 60+89
ACZ81_13990,1.88857587178548,significant_up,day 89
ACZ81_02780,-1.88791275024414,not_significant,days 60+89
ACZ81_05900,1.88662846883138,significant_up,days 60+89
ACZ81_16735,1.88612429300944,significant_up,day 60
ACZ81_14105,1.88593324025472,significant_up,days 60+89
ACZ81_07040,-1.88552792867025,significant_down,day 89
ACZ81_11125,1.88507270812988,not_significant,day 60
ACZ81_10385,-1.88361167907715,significant_down,day 89
ACZ81_17215,1.88350105285645,significant_up,day 18
ACZ81_10910,-1.88307571411133,significant_down,days 60+89
ACZ81_16570,1.88057963053386,significant_up,day 60
ACZ81_01465,-1.87966537475586,significant_down,day 89
ACZ81_RS17245,-1.87932554880778,significant_down,days 60+89
ACZ81_12165,1.8780148824056,significant_up,day 60
ACZ81_10320,1.87772623697917,significant_up,days 60+89
ACZ81_19290,-1.87550989786784,significant_down,day 60
ACZ81_19775,1.87527084350586,significant_up,days 60+89
ACZ81_10355,1.87431653340658,significant_up,day 60
ACZ81_05510,1.87319882710775,significant_up,day 60
ACZ81_03155,-1.87227376302083,significant_down,day 89
ACZ81_16280,-1.87096722920735,significant_down,day 60
ACZ81_14655,-1.87063789367676,significant_down,days 60+89
ACZ81_09990,1.8697509765625,not_significant,day 89
ACZ81_04930,1.86912377675374,significant_up,days 60+89
ACZ81_01925,1.86793963114421,significant_up,day 89
ACZ81_03405,-1.86709976196289,significant_down,day 89
ACZ81_08875,1.86498196919759,significant_up,day 60
ACZ81_RS17170,-1.86349678039551,significant_down,day 31
ACZ81_14975,1.86319510142009,significant_up,days 60+89
ACZ81_03405,-1.86293538411458,significant_down,day 31
ACZ81_08725,1.86238225301107,significant_up,day 89
ACZ81_09455,1.86056137084961,significant_up,day 31
ACZ81_15595,1.85992749532064,significant_up,days 60+89
ACZ81_00495,-1.85987154642741,not_significant,day 60
ACZ81_07655,-1.85882314046224,significant_down,days 60+89
ACZ81_20625,1.85823313395182,significant_up,day 60
ACZ81_02485,1.85779953002929,significant_up,day 31
ACZ81_02460,1.85599708557129,significant_up,day 31
ACZ81_14810,1.85553232828776,significant_up,day 31
ACZ81_12785,-1.85516134897868,significant_down,days 60+89
ACZ81_05310,-1.85487651824951,significant_down,days 60+89
ACZ81_15905,-1.852845509847,significant_down,day 31
ACZ81_08900,1.85200119018555,significant_up,day 89
ACZ81_03215,1.85197321573894,significant_up,day 18
ACZ81_13885,1.85148429870606,significant_up,day 89
ACZ81_19495,1.85133743286133,significant_up,day 60
ACZ81_00885,1.85118357340495,significant_up,day 31
ACZ81_14585,1.85102272033691,significant_up,day 89
ACZ81_11100,1.85078366597493,significant_up,day 89
ACZ81_03160,-1.8502254486084,significant_down,day 31
ACZ81_15440,1.8481616973877,significant_up,day 18
ACZ81_12475,1.84784825642904,significant_up,day 89
ACZ81_09365,-1.84698613484701,not_significant,day 89
ACZ81_03445,-1.84580739339193,not_significant,day 60
ACZ81_03900,1.84471066792806,significant_up,days 60+89
ACZ81_07090,-1.84436353047689,significant_down,days 60+89
ACZ81_00450,-1.84096082051595,significant_down,day 60
ACZ81_09355,1.84027544657389,significant_up,day 31
ACZ81_08410,-1.8400821685791,significant_down,day 60
ACZ81_15840,1.83910942077636,significant_up,day 60
ACZ81_05400,-1.83901850382487,not_significant,day 60
ACZ81_16090,1.83812650044759,significant_up,day 31
ACZ81_14595,1.8379815419515,significant_up,day 60
ACZ81_09850,1.83698590596517,significant_up,day 89
ACZ81_08610,1.83642896016439,significant_up,day 31
ACZ81_06505,-1.83640861511231,not_significant,day 60
ACZ81_19195,-1.8361390431722,significant_down,day 60
ACZ81_13885,1.83475685119629,significant_up,days 60+89
ACZ81_01775,1.83413283030192,significant_up,days 60+89
ACZ81_09815,1.83324432373047,significant_up,day 18
ACZ81_03785,1.83321634928386,significant_up,days 60+89
ACZ81_13995,-1.83300844828288,significant_down,days 60+89
ACZ81_11160,-1.83273506164551,significant_down,day 60
ACZ81_15060,-1.83198674519857,significant_down,day 60
ACZ81_05035,1.83070055643717,significant_up,day 31
ACZ81_20625,1.82925446828206,significant_up,days 60+89
ACZ81_16280,-1.82898426055908,significant_down,days 60+89
ACZ81_17115,1.82878875732422,significant_up,day 60
ACZ81_15815,1.82871182759603,significant_up,day 89
ACZ81_13575,-1.82865905761719,significant_down,day 89
ACZ81_19770,1.82862536112467,significant_up,day 60
ACZ81_16350,-1.82688713073731,significant_down,days 60+89
ACZ81_15950,1.82610384623209,significant_up,day 89
ACZ81_07200,1.82568105061849,significant_up,day 89
ACZ81_11280,1.82526111602783,significant_up,days 60+89
ACZ81_05495,1.82411575317383,significant_up,day 89
ACZ81_05900,1.82380421956381,significant_up,day 60
ACZ81_14415,1.82131385803223,significant_up,day 89
ACZ81_10420,1.8209114074707,significant_up,day 89
ACZ81_15840,1.81973139444987,significant_up,days 60+89
ACZ81_13885,1.81802940368652,significant_up,day 60
ACZ81_01900,1.81767972310384,significant_up,day 89
ACZ81_18905,-1.8156000773112,significant_down,day 31
ACZ81_18795,-1.81446584065755,significant_down,day 89
ACZ81_01465,-1.81385485331218,significant_down,day 31
ACZ81_17115,1.81328360239665,significant_up,days 60+89
ACZ81_05310,-1.81231943766276,significant_down,day 60
ACZ81_14680,1.81138356526693,significant_up,days 60+89
ACZ81_12430,-1.80909665425619,significant_down,day 89
ACZ81_00495,-1.80781396230062,significant_down,days 60+89
ACZ81_02275,-1.80694897969564,significant_down,day 60
ACZ81_11195,1.80681482950846,significant_up,day 89
ACZ81_14210,1.80482864379883,significant_up,day 60
ACZ81_18005,-1.80456606547038,significant_down,day 89
ACZ81_16170,-1.80391279856364,significant_down,days 60+89
ACZ81_08330,1.80321184794108,significant_up,day 60
ACZ81_04230,1.80294036865234,significant_up,day 89
ACZ81_19265,1.80272102355957,significant_up,day 60
ACZ81_10910,-1.80237261454265,not_significant,day 60
ACZ81_01505,1.80213324228923,significant_up,days 60+89
ACZ81_00255,-1.80151875813802,significant_down,days 60+89
ACZ81_09945,1.80060450236003,significant_up,day 18
ACZ81_15840,1.80035336812337,significant_up,day 89
ACZ81_20625,1.8002758026123,significant_up,day 89
ACZ81_13575,-1.79926617940267,significant_down,days 60+89
ACZ81_08660,1.7989486058553,significant_up,days 60+89
ACZ81_17115,1.79777844746907,significant_up,day 89
ACZ81_12445,1.7964235941569,significant_up,days 60+89
ACZ81_03900,1.7955691019694,significant_up,day 60
ACZ81_19175,-1.79533704121908,significant_down,day 60
ACZ81_15930,1.79478549957275,significant_up,days 60+89
ACZ81_12785,-1.7931137084961,significant_down,day 60
ACZ81_19230,1.79022820790609,not_significant,day 60
ACZ81_03215,1.789457321167,significant_up,day 31
ACZ81_01770,-1.78861935933431,significant_down,day 31
ACZ81_07870,-1.7883145014445,significant_down,days 60+89
ACZ81_14265,1.78815142313639,significant_up,day 89
ACZ81_19335,-1.78732554117839,significant_down,day 60
ACZ81_16280,-1.7870012919108,significant_down,day 89
ACZ81_16425,1.78571319580078,significant_up,day 89
ACZ81_01465,-1.78564389546712,significant_down,day 18
ACZ81_19285,-1.78535461425782,significant_down,day 89
ACZ81_19715,1.78522427876791,significant_up,days 60+89
ACZ81_16955,-1.78494135538737,not_significant,day 89
ACZ81_05510,1.78318087259928,significant_up,days 60+89
ACZ81_14975,1.78198178609212,significant_up,day 60
ACZ81_16825,-1.78159809112549,significant_down,days 60+89
ACZ81_04360,1.77960268656413,significant_up,day 89
ACZ81_11080,1.77894973754883,significant_up,day 60
ACZ81_03525,-1.77841631571452,significant_down,day 60
ACZ81_11035,1.77757962544759,significant_up,day 18
ACZ81_15960,1.77739715576172,significant_up,day 89
ACZ81_10550,-1.77673975626628,significant_down,day 18
ACZ81_10320,1.77621014912923,significant_up,day 60
ACZ81_18205,1.77334721883138,significant_up,day 31
ACZ81_01575,1.77270762125651,significant_up,day 60
ACZ81_09105,1.77010218302409,significant_up,day 60
ACZ81_13575,-1.76987330118815,significant_down,day 60
ACZ81_14105,1.76941680908203,significant_up,day 60
ACZ81_11985,1.76919301350911,significant_up,day 89
ACZ81_14655,-1.76875305175781,not_significant,day 31
ACZ81_01565,1.76866213480632,significant_up,days 60+89
ACZ81_15060,-1.76863098144532,significant_down,day 31
ACZ81_19775,1.76812108357747,significant_up,day 60
ACZ81_08330,1.76757208506266,significant_up,days 60+89
ACZ81_17100,-1.76753934224447,significant_down,day 89
ACZ81_01095,1.7674036026001,significant_up,days 60+89
ACZ81_07200,1.76626459757487,significant_up,days 60+89
ACZ81_15885,-1.76603682835897,not_significant,days 60+89
ACZ81_11195,1.76580206553141,significant_up,days 60+89
ACZ81_03260,1.76507949829101,significant_up,day 89
ACZ81_14535,-1.76439603169759,significant_down,day 60
ACZ81_16275,-1.75952466328939,significant_down,days 60+89
ACZ81_09105,1.75910250345866,significant_up,day 18
ACZ81_07090,-1.75747489929199,significant_down,day 89
ACZ81_00495,-1.75575637817383,not_significant,day 89
ACZ81_02215,1.75552813212077,significant_up,day 89
ACZ81_15885,-1.75483353932699,not_significant,day 31
ACZ81_15050,-1.75370025634766,significant_down,day 89
ACZ81_13990,1.75185108184815,significant_up,days 60+89
ACZ81_02370,1.75075721740723,significant_up,day 60
ACZ81_17965,1.74904568990072,significant_up,day 60
ACZ81_06945,1.74830945332845,significant_up,day 60
ACZ81_17180,-1.74774869283041,significant_down,day 89
ACZ81_19280,-1.74643071492513,significant_down,day 89
ACZ81_05265,1.74570337931315,significant_up,day 31
ACZ81_15335,-1.74556732177734,significant_down,day 31
ACZ81_11670,-1.74233754475912,significant_down,day 89
ACZ81_15100,-1.74132347106934,significant_down,day 89
ACZ81_14665,1.74122746785482,significant_up,days 60+89
ACZ81_07965,-1.74046071370443,significant_down,day 31
ACZ81_10420,1.73726336161296,significant_up,days 60+89
ACZ81_15655,1.73660278320313,significant_up,day 18
ACZ81_07440,1.73582839965821,significant_up,day 60
ACZ81_09825,1.7344233194987,significant_up,day 18
ACZ81_19205,-1.7341365814209,significant_down,days 60+89
ACZ81_01705,-1.73412704467773,significant_down,days 60+89
ACZ81_07285,-1.73347600301107,significant_down,day 60
ACZ81_19280,-1.73259385426839,significant_down,days 60+89
ACZ81_11280,1.73229853312175,significant_up,day 60
ACZ81_08330,1.73193232218424,significant_up,day 89
ACZ81_01565,1.73096402486165,not_significant,day 18
ACZ81_12285,-1.72978210449219,not_significant,day 18
ACZ81_09020,-1.72857220967611,significant_down,day 60
ACZ81_05170,-1.72720209757487,significant_down,day 89
ACZ81_14890,1.72645950317383,significant_up,day 89
ACZ81_15100,-1.72617785135905,significant_down,day 18
ACZ81_04900,-1.72599856058757,significant_down,day 89
ACZ81_11195,1.72478930155436,significant_up,day 60
ACZ81_07005,1.72426160176595,significant_up,day 31
ACZ81_07140,-1.72416623433431,significant_down,day 60
ACZ81_03945,-1.72349611918132,significant_down,day 89
ACZ81_15305,-1.72325388590495,significant_down,day 89
ACZ81_RS21675,-1.72295411427816,significant_down,day 89
ACZ81_01485,-1.72223409016927,not_significant,day 18
ACZ81_13135,1.72178554534912,not_significant,days 60+89
ACZ81_16805,-1.72138182322184,significant_down,days 60+89
ACZ81_19950,1.72042719523112,significant_up,day 31
ACZ81_19280,-1.71875699361165,significant_down,day 60
ACZ81_06910,-1.71813519795736,significant_down,day 31
ACZ81_03730,-1.71597735087077,significant_down,day 60
ACZ81_09515,-1.71534379323324,significant_down,days 60+89
ACZ81_15060,-1.7141596476237,significant_down,days 60+89
ACZ81_01110,-1.7139523824056,not_significant,day 60
ACZ81_00250,-1.71293703715006,significant_down,day 89
ACZ81_17965,1.71176624298096,significant_up,days 60+89
ACZ81_16755,1.70883719126384,significant_up,days 60+89
ACZ81_09020,-1.7072639465332,significant_down,day 31
ACZ81_07200,1.70684814453125,significant_up,day 60
ACZ81_06975,1.70678901672363,not_significant,day 31
ACZ81_10795,1.70659510294596,significant_up,day 18
ACZ81_08075,1.70631154378255,significant_up,day 89
ACZ81_08660,1.70517539978027,significant_up,day 89
ACZ81_00745,-1.70420010884603,significant_down,day 60
ACZ81_10585,1.7035903930664,significant_up,day 31
ACZ81_08840,1.70166905721029,significant_up,day 89
ACZ81_04550,-1.70037587483724,significant_down,day 31
ACZ81_09365,-1.69986693064372,not_significant,days 60+89
ACZ81_19385,1.69963518778483,significant_up,day 89
ACZ81_00885,1.69962247212728,significant_up,day 60
ACZ81_15930,1.69890403747559,significant_up,day 89
ACZ81_16775,1.69875081380209,significant_up,day 60
ACZ81_07965,-1.69765917460124,significant_down,day 60
ACZ81_07985,-1.69696776072184,significant_down,days 60+89
ACZ81_01900,1.69667943318685,significant_up,days 60+89
ACZ81_18660,-1.69648615519206,not_significant,day 31
ACZ81_05035,1.69415473937988,significant_up,days 60+89
ACZ81_08095,-1.69344965616862,not_significant,day 89
ACZ81_05510,1.69316291809082,significant_up,day 89
ACZ81_00435,-1.69275490442913,not_significant,days 60+89
ACZ81_11280,1.68960762023926,significant_up,day 31
ACZ81_04250,-1.68702888488769,not_significant,day 31
ACZ81_09295,-1.68566385904948,significant_down,day 31
ACZ81_00745,-1.68520355224609,significant_down,days 60+89
ACZ81_13250,-1.68429692586263,significant_down,day 89
ACZ81_00265,-1.68332036336263,significant_down,day 18
ACZ81_13995,-1.68169784545899,significant_down,day 89
ACZ81_08660,1.68130048116048,significant_up,day 31
ACZ81_16925,-1.67954381306966,significant_down,day 89
ACZ81_19620,-1.67947324117025,significant_down,day 60
ACZ81_01705,-1.67945416768392,not_significant,day 31
ACZ81_15815,1.67816034952799,significant_up,days 60+89
ACZ81_17460,1.67783991495768,significant_up,day 31
ACZ81_19860,1.67705472310384,significant_up,day 89
ACZ81_09945,1.67670186360677,significant_up,day 89
ACZ81_03340,1.67669296264648,significant_up,day 60
ACZ81_13570,-1.67636617024739,significant_down,day 60
ACZ81_01770,-1.67636394500732,significant_down,days 60+89
ACZ81_19400,1.67604382832845,significant_up,day 60
ACZ81_06955,1.67514673868815,significant_up,day 60
ACZ81_15390,1.6748046875,significant_up,day 89
ACZ81_17965,1.6744867960612,significant_up,day 89
ACZ81_07040,-1.67365996042887,significant_down,days 60+89
ACZ81_10850,-1.67322063446045,not_significant,days 60+89
ACZ81_11430,1.67262649536133,significant_up,day 89
ACZ81_15050,-1.67175515492757,significant_down,days 60+89
ACZ81_01595,1.67086410522461,significant_up,day 31
ACZ81_16310,1.6705576578776,significant_up,day 18
ACZ81_16740,1.67004330952962,significant_up,day 89
ACZ81_03260,1.66985893249511,significant_up,days 60+89
ACZ81_00555,-1.66741752624512,not_significant,day 60
ACZ81_11005,-1.66716893513998,significant_down,day 89
ACZ81_12110,-1.66692161560059,not_significant,day 18
ACZ81_12760,1.66626612345378,significant_up,day 89
ACZ81_00745,-1.66620699564616,significant_down,day 89
ACZ81_02370,1.66616566975911,significant_up,day 31
ACZ81_01940,1.66600863138835,significant_up,day 60
ACZ81_18775,1.66563097635905,significant_up,day 89
ACZ81_19195,-1.6655158996582,significant_down,day 31
ACZ81_11430,1.66423384348552,significant_up,days 60+89
ACZ81_10420,1.66323725382487,significant_up,day 31
ACZ81_17515,-1.66253026326497,significant_down,day 89
ACZ81_00310,1.66183853149414,significant_up,day 60
ACZ81_12645,1.66122436523437,significant_up,day 89
ACZ81_17660,1.65900039672851,significant_up,day 60
ACZ81_00310,1.65851052602132,significant_up,days 60+89
ACZ81_10380,-1.65834681193034,significant_down,day 31
ACZ81_11690,1.65802542368571,significant_up,days 60+89
ACZ81_14890,1.65754890441895,significant_up,day 31
ACZ81_01940,1.65684604644775,significant_up,days 60+89
ACZ81_11990,-1.65648206075032,significant_down,day 89
ACZ81_06815,1.65647157033285,significant_up,days 60+89
ACZ81_11430,1.6558411916097,significant_up,day 60
ACZ81_18205,1.65582529703776,significant_up,day 60
ACZ81_03480,1.65545336405436,not_significant,day 89
ACZ81_00310,1.6551825205485,significant_up,day 89
ACZ81_10420,1.65361531575521,significant_up,day 60
ACZ81_15595,1.65329424540202,significant_up,day 18
ACZ81_02655,1.65246899922689,significant_up,day 60
ACZ81_14180,1.65133984883626,significant_up,day 89
ACZ81_03785,1.65119806925456,significant_up,day 60
ACZ81_02215,1.65085665384929,significant_up,days 60+89
ACZ81_01270,1.65026410420736,significant_up,day 31
ACZ81_00550,1.64964358011882,significant_up,day 60
ACZ81_09895,1.64869499206543,significant_up,day 18
ACZ81_03595,-1.64856656392415,significant_down,day 60
ACZ81_11005,-1.64794921875,significant_down,days 60+89
ACZ81_09990,1.64782778422038,not_significant,day 31
ACZ81_01940,1.64768346150716,significant_up,day 89
ACZ81_15050,-1.64722633361816,significant_down,day 31
ACZ81_15090,1.64717610677083,significant_up,day 89
ACZ81_17115,1.64696057637533,significant_up,day 31
ACZ81_07085,-1.64434178670247,significant_down,day 60
ACZ81_14210,1.64423020680746,significant_up,days 60+89
ACZ81_16015,1.64389928181966,significant_up,day 31
ACZ81_05590,1.64366753896077,not_significant,days 60+89
ACZ81_16870,1.64345105489095,significant_up,day 18
ACZ81_00975,1.64209747314453,significant_up,day 60
ACZ81_12165,1.64201482137044,significant_up,days 60+89
ACZ81_08420,-1.64162762959798,not_significant,day 31
ACZ81_08875,1.64125061035156,significant_up,day 31
ACZ81_13735,-1.64105733235677,not_significant,day 89
ACZ81_18640,-1.64082018534343,significant_down,day 60
ACZ81_13940,1.64053026835124,significant_up,day 89
ACZ81_18155,1.64043617248535,significant_up,day 89
ACZ81_16065,1.63988431294759,significant_up,day 89
ACZ81_04990,-1.63855806986491,significant_down,day 89
ACZ81_06545,1.63839340209961,significant_up,day 89
ACZ81_06170,1.63808695475261,significant_up,day 89
ACZ81_11670,-1.63796138763428,significant_down,days 60+89
ACZ81_00135,1.63734118143718,significant_up,day 89
ACZ81_07870,-1.63724644978841,significant_down,day 31
ACZ81_19260,1.63516203562418,significant_up,days 60+89
ACZ81_14680,1.63514645894368,significant_up,day 89
ACZ81_05330,-1.63494682312012,significant_down,day 31
ACZ81_17815,-1.63397534688314,significant_down,day 89
ACZ81_09115,1.63310050964355,not_significant,day 31
ACZ81_14000,1.63285446166992,not_significant,day 89
ACZ81_RS20500,1.63217290242513,significant_up,day 89
ACZ81_11005,-1.62872950236003,significant_down,day 60
ACZ81_RS21675,-1.62848536173503,significant_down,days 60+89
ACZ81_16195,1.62766138712565,significant_up,day 18
ACZ81_16305,1.62745221455892,not_significant,day 18
ACZ81_12800,1.62657165527344,significant_up,day 31
ACZ81_17710,-1.62644767761231,significant_down,day 31
ACZ81_14320,1.62585194905599,significant_up,day 31
ACZ81_05280,-1.62539037068685,significant_down,day 89
ACZ81_18910,1.62538464864095,significant_up,day 18
ACZ81_05885,1.62525494893392,significant_up,day 89
ACZ81_14960,-1.62502161661784,significant_down,day 89
ACZ81_14890,1.62332948048909,significant_up,days 60+89
ACZ81_13220,-1.62311935424805,significant_down,day 89
ACZ81_16740,1.62043380737305,significant_up,days 60+89
ACZ81_14685,-1.62026532491048,significant_down,day 60
ACZ81_03155,-1.61984252929687,significant_down,days 60+89
ACZ81_05900,1.61931673685709,significant_up,day 31
ACZ81_07060,1.61838722229004,significant_up,day 89
ACZ81_14650,-1.61801783243815,significant_down,day 60
ACZ81_05355,1.61747169494629,significant_up,day 18
ACZ81_11295,1.61610285441081,significant_up,day 89
ACZ81_13990,1.61512629191081,significant_up,day 60
ACZ81_08235,1.61379877726237,significant_up,days 60+89
ACZ81_15470,1.61284764607748,significant_up,day 60
ACZ81_06835,-1.61113866170247,not_significant,day 31
ACZ81_16425,1.61057472229004,significant_up,days 60+89
ACZ81_04930,1.6102606455485,significant_up,day 89
ACZ81_17515,-1.61020565032959,significant_down,days 60+89
ACZ81_04250,-1.60946337381998,not_significant,day 89
ACZ81_14720,-1.60937054951986,significant_down,day 60
ACZ81_05725,-1.60869344075521,significant_down,day 18
ACZ81_05725,1.60843213399251,significant_up,day 89
ACZ81_00210,-1.60719871520996,significant_down,days 60+89
ACZ81_06975,1.60670026143392,not_significant,day 60
ACZ81_13605,1.60613187154134,significant_up,days 60+89
ACZ81_09990,1.60568269093831,not_significant,days 60+89
ACZ81_11930,1.60509363810222,significant_up,day 89
ACZ81_09035,1.60498364766439,significant_up,day 89
ACZ81_08725,1.60325241088867,significant_up,day 31
ACZ81_02050,-1.60229428609212,significant_down,day 89
ACZ81_15905,-1.60126368204752,significant_down,day 60
ACZ81_01745,-1.60029665629069,significant_down,day 89
ACZ81_18260,1.60026613871257,significant_up,day 89
ACZ81_13605,1.59661738077799,significant_up,day 31
ACZ81_05140,-1.5965887705485,significant_down,day 60
ACZ81_15060,-1.59633255004883,significant_down,day 89
ACZ81_06165,1.59599431355794,significant_up,day 60
ACZ81_11940,-1.59598064422607,significant_down,days 60+89
ACZ81_12645,1.59588432312012,significant_up,day 31
ACZ81_01465,-1.59580071767172,significant_down,days 60+89
ACZ81_10105,1.59551429748535,significant_up,day 18
ACZ81_05140,-1.59510421752929,significant_down,days 60+89
ACZ81_03695,-1.59455553690592,significant_down,day 89
ACZ81_16925,-1.59417756398519,significant_down,days 60+89
ACZ81_00075,1.59377924601237,significant_up,day 31
ACZ81_05200,-1.59366544087728,significant_down,day 89
ACZ81_05140,-1.59361966451009,significant_down,day 89
ACZ81_14155,1.59349314371745,significant_up,day 31
ACZ81_19230,1.59318892161051,not_significant,day 31
ACZ81_15045,-1.59224192301432,not_significant,day 31
ACZ81_19335,-1.59218978881836,significant_down,day 31
ACZ81_17180,-1.59205468495687,significant_down,days 60+89
ACZ81_01575,1.59123802185058,significant_up,days 60+89
ACZ81_18155,1.59118906656901,significant_up,days 60+89
ACZ81_15545,-1.59111785888672,significant_down,day 60
ACZ81_18895,-1.59098752339681,significant_down,day 89
ACZ81_03390,-1.59074211120605,not_significant,day 31
ACZ81_15705,-1.58998934427897,not_significant,day 31
ACZ81_15050,-1.58981005350749,significant_down,day 60
ACZ81_04480,-1.58899052937826,significant_down,day 60
ACZ81_14535,-1.58873812357585,significant_down,days 60+89
ACZ81_05170,-1.58820565541585,significant_down,days 60+89
ACZ81_04990,-1.58800633748372,significant_down,days 60+89
ACZ81_13575,-1.58722750345866,significant_down,day 31
ACZ81_01095,1.5859743754069,significant_up,day 60
ACZ81_05480,1.5854336420695,not_significant,day 18
ACZ81_01560,1.58453369140625,significant_up,day 31
ACZ81_11985,1.58407815297445,significant_up,days 60+89
ACZ81_16780,1.58314768473307,not_significant,day 18
ACZ81_13940,1.58201154073079,significant_up,days 60+89
ACZ81_14720,-1.5809268951416,significant_down,days 60+89
ACZ81_19860,1.58081309000651,significant_up,day 18
ACZ81_02275,-1.57951641082764,significant_down,days 60+89
ACZ81_08210,1.57927131652832,significant_up,day 60
ACZ81_18485,-1.5782527923584,significant_down,day 31
ACZ81_16065,1.5775629679362,significant_up,days 60+89
ACZ81_01900,1.57567914326986,significant_up,day 60
ACZ81_04110,1.57562828063965,significant_up,day 89
ACZ81_03260,1.57463836669922,significant_up,day 60
ACZ81_10355,1.57328224182129,significant_up,day 31
ACZ81_07670,-1.57325617472331,significant_down,day 60
ACZ81_00135,1.57230790456136,significant_up,days 60+89
ACZ81_18785,1.57203483581543,significant_up,day 60
ACZ81_19205,-1.5719960530599,significant_down,day 89
ACZ81_11150,-1.57195949554443,significant_down,days 60+89
ACZ81_11195,1.57174936930338,significant_up,day 31
ACZ81_07125,-1.57098452250163,significant_down,day 89
ACZ81_16740,1.57082430521647,significant_up,day 60
ACZ81_09850,1.5703976949056,significant_up,days 60+89
ACZ81_11825,-1.56911595662435,significant_down,day 31
ACZ81_10075,1.56887435913086,significant_up,day 60
ACZ81_05495,1.56730779012044,significant_up,days 60+89
ACZ81_08900,1.56639226277669,significant_up,day 31
ACZ81_16155,-1.56614875793457,significant_down,day 89
ACZ81_07090,-1.56529490152995,significant_down,day 31
ACZ81_19450,1.5648136138916,significant_up,day 18
ACZ81_07855,-1.56400362650554,not_significant,day 60
ACZ81_14700,1.56338183085124,significant_up,day 89
ACZ81_09945,1.563094774882,significant_up,days 60+89
ACZ81_12760,1.5623524983724,significant_up,days 60+89
ACZ81_17070,-1.56192143758138,not_significant,day 31
ACZ81_17815,-1.56190935770671,significant_down,day 31
ACZ81_16585,1.56074396769206,significant_up,day 89
ACZ81_13850,-1.56020927429199,not_significant,day 89
ACZ81_13925,1.55865414937337,significant_up,day 89
ACZ81_18675,1.55862744649251,significant_up,day 89
ACZ81_17515,-1.55788103739421,significant_down,day 60
ACZ81_03355,-1.55708376566569,significant_down,day 89
ACZ81_13415,-1.55406443277995,significant_down,day 60
ACZ81_19335,-1.55342578887939,significant_down,days 60+89
ACZ81_16780,1.55335299173991,not_significant,day 31
ACZ81_10090,-1.55293146769206,significant_down,day 60
ACZ81_09365,-1.55274772644043,not_significant,day 60
ACZ81_14720,-1.55248324076335,significant_down,day 89
ACZ81_03355,-1.55227851867676,significant_down,day 31
ACZ81_11570,1.55198605855306,significant_up,day 89
ACZ81_14175,1.55149586995443,significant_up,day 89
ACZ81_18905,-1.55139001210531,significant_down,days 60+89
ACZ81_08840,1.55062262217204,significant_up,days 60+89
ACZ81_03175,1.55053647359212,significant_up,day 60
ACZ81_04190,1.55038897196452,significant_up,day 31
ACZ81_16280,-1.5500513712565,significant_down,day 31
ACZ81_01570,1.54988733927409,significant_up,day 89
ACZ81_11005,-1.54964256286621,significant_down,day 31
ACZ81_14960,-1.54897371927897,significant_down,days 60+89
ACZ81_19860,1.54844093322754,significant_up,days 60+89
ACZ81_RS20500,1.5480473836263,significant_up,days 60+89
ACZ81_11800,-1.54781405131022,not_significant,days 60+89
ACZ81_15885,-1.54679489135742,not_significant,day 89
ACZ81_18760,-1.54638258616129,not_significant,days 60+89
ACZ81_02215,1.5461851755778,significant_up,day 60
ACZ81_03220,1.54492314656575,significant_up,day 89
ACZ81_07140,-1.54215272267659,significant_down,days 60+89
ACZ81_18155,1.54194196065267,significant_up,day 60
ACZ81_17505,-1.54175440470377,significant_down,day 60
ACZ81_19715,1.54122034708659,significant_up,day 60
ACZ81_06595,1.54087511698405,significant_up,day 60
ACZ81_01570,1.53962675730387,significant_up,days 60+89
ACZ81_10265,1.53958257039388,significant_up,day 60
ACZ81_08590,1.53871154785156,significant_up,day 89
ACZ81_08575,-1.5377623240153,significant_down,day 31
ACZ81_06345,-1.53765805562337,not_significant,day 60
ACZ81_04990,-1.53745460510254,significant_down,day 60
ACZ81_16175,-1.5371348063151,significant_down,day 60
ACZ81_16130,1.53647677103679,significant_up,day 31
ACZ81_03420,1.53638712565104,significant_up,day 31
ACZ81_07670,-1.53636519114176,significant_down,days 60+89
ACZ81_16010,1.53624471028646,significant_up,day 18
ACZ81_06575,1.53505261739095,significant_up,day 60
ACZ81_RS21675,-1.53401660919189,not_significant,day 60
ACZ81_11670,-1.53358523050944,significant_down,day 60
ACZ81_17705,-1.53310775756836,significant_down,day 89
ACZ81_15490,1.53296089172363,significant_up,day 31
ACZ81_17815,-1.5327033996582,significant_down,days 60+89
ACZ81_01025,1.53192361195882,significant_up,days 60+89
ACZ81_19380,-1.53126589457194,significant_down,day 89
ACZ81_15965,1.53100967407227,significant_up,day 89
ACZ81_11690,1.53048388163249,significant_up,day 31
ACZ81_13415,-1.53030554453532,significant_down,days 60+89
ACZ81_11505,1.53019142150879,not_significant,day 31
ACZ81_16475,1.52943738301595,significant_up,day 18
ACZ81_01570,1.52936617533366,significant_up,day 60
ACZ81_15445,1.52904065450033,not_significant,day 18
ACZ81_12545,-1.52838770548503,significant_down,day 60
ACZ81_03535,1.52838452657064,significant_up,day 31
ACZ81_16290,1.52813084920247,significant_up,day 89
ACZ81_06575,1.52809047698974,significant_up,days 60+89
ACZ81_18945,1.52800496419271,significant_up,day 89
ACZ81_15815,1.52760887145996,significant_up,day 60
ACZ81_00330,-1.52717749277751,significant_down,days 60+89
ACZ81_11440,-1.52710914611816,not_significant,day 18
ACZ81_03850,1.52705764770508,significant_up,day 18
ACZ81_02410,-1.52555020650228,significant_down,day 31
ACZ81_15500,1.52498245239258,significant_up,day 89
ACZ81_19830,-1.52496528625488,significant_down,day 89
ACZ81_13685,-1.52462005615234,significant_down,day 31
ACZ81_15950,1.52371756235758,significant_up,days 60+89
ACZ81_13940,1.52349281311035,significant_up,day 60
ACZ81_03340,1.52339108784993,significant_up,days 60+89
ACZ81_11940,-1.52212651570638,significant_down,day 31
ACZ81_06575,1.52112833658854,significant_up,day 89
ACZ81_03345,-1.5209051767985,significant_down,day 89
ACZ81_14890,1.52019945780436,significant_up,day 60
ACZ81_09925,-1.52018165588379,significant_down,day 60
ACZ81_16370,1.52008819580078,significant_up,day 18
ACZ81_09515,-1.52000490824381,significant_down,day 60
ACZ81_02465,1.51786104838053,significant_up,day 89
ACZ81_17070,-1.51760164896647,not_significant,day 60
ACZ81_00255,-1.51645278930664,significant_down,day 60
ACZ81_16065,1.5152416229248,significant_up,day 60
ACZ81_10270,1.51399866739909,significant_up,day 89
ACZ81_08085,-1.51380856831868,significant_down,day 18
ACZ81_19250,1.51352500915527,significant_up,day 31
ACZ81_RS17245,-1.51343790690104,significant_down,day 89
ACZ81_16805,-1.51200485229492,not_significant,day 60
ACZ81_18785,1.51157633463542,significant_up,days 60+89
ACZ81_01190,1.51085027058919,significant_up,day 89
ACZ81_10690,1.50959714253744,significant_up,day 31
ACZ81_16925,-1.50881131490072,significant_down,day 60
ACZ81_01485,-1.50730005900065,significant_down,days 60+89
ACZ81_00135,1.50727462768555,significant_up,day 60
ACZ81_14175,1.50725078582764,significant_up,days 60+89
ACZ81_09925,-1.50723711649577,significant_down,days 60+89
ACZ81_13415,-1.50654665629069,significant_down,day 89
ACZ81_08045,-1.5050277709961,not_significant,day 60
ACZ81_11090,1.50500806172689,significant_up,day 18
ACZ81_15285,1.50413386027018,significant_up,day 89
ACZ81_19250,1.50395647684733,significant_up,day 89
ACZ81_01030,1.50372250874837,significant_up,day 18
ACZ81_00425,1.50259717305501,significant_up,day 60
ACZ81_11795,1.5017630259196,significant_up,day 89
ACZ81_12120,1.50171915690104,significant_up,day 60
ACZ81_08650,1.50145212809245,significant_up,day 18
ACZ81_16825,-1.50144259134928,not_significant,day 89
ACZ81_04110,1.50116443634033,significant_up,days 60+89
ACZ81_18135,1.50115458170573,significant_up,day 60
ACZ81_12645,1.49963982899984,significant_up,days 60+89
ACZ81_07670,-1.49947420756022,significant_down,day 89
ACZ81_04650,-1.49938265482585,not_significant,day 89
ACZ81_01590,1.49916076660156,significant_up,day 31
ACZ81_19340,1.49873606363933,significant_up,day 89
ACZ81_12430,-1.49842484792074,significant_down,days 60+89
ACZ81_16175,-1.49735228220622,significant_down,days 60+89
ACZ81_11080,1.49686622619629,significant_up,days 60+89
ACZ81_14735,1.49647649129232,significant_up,day 89
ACZ81_11985,1.49557813008626,significant_up,day 31
ACZ81_16830,1.49545033772786,significant_up,day 31
ACZ81_19380,-1.49533748626709,significant_down,days 60+89
ACZ81_05350,1.49533335367839,significant_up,day 60
ACZ81_19855,-1.49511337280274,significant_down,day 89
ACZ81_07070,-1.49491628011068,significant_down,day 18
ACZ81_09925,-1.49429257710775,significant_down,day 89
ACZ81_04480,-1.49428621927897,significant_down,days 60+89
ACZ81_11990,-1.4941021601359,significant_down,days 60+89
ACZ81_03355,-1.493577003479,significant_down,days 60+89
ACZ81_01705,-1.49321047465006,not_significant,day 89
ACZ81_03220,1.49314244588216,significant_up,day 31
ACZ81_09250,1.49288749694824,significant_up,day 31
ACZ81_11295,1.4920867284139,significant_up,days 60+89
ACZ81_13410,-1.49156316121419,not_significant,day 89
ACZ81_14685,-1.49140167236328,significant_down,days 60+89
ACZ81_17600,-1.49104118347168,not_significant,day 89
ACZ81_19285,-1.49078718821208,significant_down,days 60+89
ACZ81_07630,-1.49058596293131,significant_down,day 89
ACZ81_00550,1.49037043253581,significant_up,days 60+89
ACZ81_18775,1.48982652028402,significant_up,days 60+89
ACZ81_14650,-1.48905722300211,significant_down,days 60+89
ACZ81_07925,-1.48855972290039,significant_down,day 31
ACZ81_13600,1.48739433288575,not_significant,day 89
ACZ81_09900,-1.48709996541341,significant_down,day 60
ACZ81_15305,-1.48703320821126,significant_down,days 60+89
ACZ81_13155,1.48681767781575,significant_up,day 31
ACZ81_17190,-1.48664855957031,significant_down,day 60
ACZ81_17355,-1.48566055297851,not_significant,day 31
ACZ81_01600,1.48417409261068,significant_up,day 31
ACZ81_14210,1.48363176981608,significant_up,day 89
ACZ81_07060,1.48357645670573,significant_up,days 60+89
ACZ81_10265,1.48350938161214,significant_up,days 60+89
ACZ81_12445,1.48228327433268,significant_up,day 60
ACZ81_14820,-1.48157056172689,significant_down,day 89
ACZ81_00310,1.48086802164714,significant_up,day 31
ACZ81_01430,-1.47943496704102,significant_down,day 89
ACZ81_10205,-1.47839991251628,significant_down,day 89
ACZ81_13955,1.47838338216146,significant_up,day 18
ACZ81_02950,1.47833506266276,significant_up,day 60
ACZ81_19235,1.47775650024414,significant_up,day 31
ACZ81_19625,-1.47765922546387,significant_down,day 89
ACZ81_02065,1.47733561197917,significant_up,day 31
ACZ81_14180,1.4771032333374,significant_up,days 60+89
ACZ81_06195,-1.47691472371419,significant_down,day 89
ACZ81_07085,-1.47641436258952,significant_down,day 31
ACZ81_09830,1.47633997599284,significant_up,day 18
ACZ81_17505,-1.47606309254964,significant_down,days 60+89
ACZ81_07935,-1.47529665629069,significant_down,day 89
ACZ81_17530,-1.47495778401693,significant_down,day 89
ACZ81_15985,1.47457377115885,significant_up,day 31
ACZ81_04190,1.47403780619303,significant_up,day 18
ACZ81_20625,1.47394943237305,significant_up,day 31
ACZ81_15470,1.47316424051921,significant_up,day 31
ACZ81_16375,1.47294807434082,significant_up,day 31
ACZ81_14960,-1.4729258219401,significant_down,day 60
ACZ81_10080,1.47199567159017,significant_up,day 89
ACZ81_05015,1.47143363952637,significant_up,day 89
ACZ81_16850,1.47091102600098,significant_up,day 31
ACZ81_13570,-1.47082233428955,significant_down,days 60+89
ACZ81_15340,-1.47033564249675,significant_down,day 31
ACZ81_09210,-1.469970703125,significant_down,day 60
ACZ81_17150,-1.46927261352539,significant_down,day 31
ACZ81_10205,-1.46844641367594,significant_down,days 60+89
ACZ81_05035,1.46662330627441,significant_up,day 89
ACZ81_04760,-1.46562639872233,significant_down,day 60
ACZ81_05720,-1.46524747212728,significant_down,day 18
ACZ81_02820,1.46475092569987,significant_up,day 31
ACZ81_16290,1.46473217010498,significant_up,days 60+89
ACZ81_03800,1.46427472432454,not_significant,day 31
ACZ81_RS20500,1.46392186482747,not_significant,day 60
ACZ81_15285,1.46381918589274,significant_up,days 60+89
ACZ81_14175,1.46300570170085,significant_up,day 60
ACZ81_06170,1.46298281351725,significant_up,days 60+89
ACZ81_18660,-1.46276092529297,not_significant,day 18
ACZ81_09105,1.4623540242513,significant_up,days 60+89
ACZ81_01505,1.46186319986979,significant_up,day 31
ACZ81_07040,-1.4617919921875,significant_down,day 60
ACZ81_01505,1.46126429239909,significant_up,day 89
ACZ81_18795,-1.46062469482422,significant_down,day 31
ACZ81_16130,1.46044858296712,significant_up,day 18
ACZ81_10090,-1.46016375223796,significant_down,days 60+89
ACZ81_19380,-1.45940907796224,significant_down,day 60
ACZ81_10370,-1.45918718973796,significant_down,day 31
ACZ81_10205,-1.45849291483561,significant_down,day 60
ACZ81_12760,1.45843887329102,significant_up,day 60
ACZ81_10080,1.45769151051839,significant_up,days 60+89
ACZ81_16175,-1.45756975809733,significant_down,day 89
ACZ81_07010,1.45694541931152,significant_up,day 89
ACZ81_07005,1.45677057902018,significant_up,day 89
ACZ81_20300,-1.45632044474284,not_significant,day 18
ACZ81_17175,-1.45482889811198,not_significant,day 60
ACZ81_11535,-1.4543883005778,significant_down,day 60
ACZ81_05045,1.45432980855306,significant_up,day 89
ACZ81_00555,-1.45411777496338,not_significant,days 60+89
ACZ81_20045,1.45352745056152,not_significant,day 89
ACZ81_16870,1.4531847635905,significant_up,day 31
ACZ81_07665,-1.45294698079427,significant_down,day 60
ACZ81_15900,-1.45165061950683,not_significant,day 60
ACZ81_16780,1.45125675201416,not_significant,days 60+89
ACZ81_18785,1.4511178334554,significant_up,day 89
ACZ81_RS17245,-1.45080057779948,significant_down,day 31
ACZ81_09945,1.44948768615723,significant_up,day 60
ACZ81_18600,-1.44941329956055,not_significant,day 60
ACZ81_05170,-1.44920921325684,significant_down,day 60
ACZ81_03175,1.44824568430583,significant_up,days 60+89
ACZ81_17300,-1.44782320658366,significant_down,day 60
ACZ81_08420,-1.44729296366373,not_significant,day 89
ACZ81_07980,-1.44723256429037,significant_down,day 31
ACZ81_01360,-1.44694264729818,not_significant,day 89
ACZ81_14265,1.44691340128581,significant_up,day 18
ACZ81_13170,1.44687843322754,significant_up,day 89
ACZ81_13225,-1.44649696350098,not_significant,day 31
ACZ81_14665,1.4456958770752,significant_up,day 89
ACZ81_14295,-1.44540659586589,not_significant,day 60
ACZ81_10080,1.44338734944661,significant_up,day 60
ACZ81_02950,1.44301350911459,significant_up,days 60+89
ACZ81_07200,1.4422124226888,significant_up,day 18
ACZ81_18005,-1.44172128041585,significant_down,days 60+89
ACZ81_04360,1.44170157114665,significant_up,days 60+89
ACZ81_01775,1.44164339701335,significant_up,day 31
ACZ81_16600,1.44107182820638,significant_up,day 89
ACZ81_14805,1.4408384958903,significant_up,day 89
ACZ81_17185,-1.44036038716634,significant_down,day 89
ACZ81_02035,-1.43986829121908,not_significant,day 89
ACZ81_02385,-1.43969504038493,not_significant,day 60
ACZ81_08570,-1.4396489461263,significant_down,day 60
ACZ81_06950,1.43926111857096,significant_up,day 31
ACZ81_18260,1.43871879577637,significant_up,days 60+89
ACZ81_06590,1.43865903218587,significant_up,day 60
ACZ81_05530,1.43798319498698,significant_up,day 31
ACZ81_06165,1.43728669484456,significant_up,days 60+89
ACZ81_18095,-1.43682352701823,significant_down,day 89
ACZ81_17180,-1.43636067708334,significant_down,day 60
ACZ81_12885,1.43599700927734,significant_up,day 60
ACZ81_19260,1.4357058207194,significant_up,day 31
ACZ81_16425,1.43543624877929,significant_up,day 60
ACZ81_12065,-1.4340991973877,not_significant,day 18
ACZ81_20305,-1.4320297241211,significant_down,day 31
ACZ81_05280,-1.43148295084636,significant_down,days 60+89
ACZ81_17815,-1.43143145243327,significant_down,day 60
ACZ81_18675,1.43024126688639,significant_up,days 60+89
ACZ81_03355,-1.43007024129232,significant_down,day 60
ACZ81_18375,1.4295851389567,significant_up,day 89
ACZ81_13135,-1.42831738789876,not_significant,day 18
ACZ81_18375,1.42829704284668,significant_up,day 31
ACZ81_08915,1.4282652537028,not_significant,day 18
ACZ81_14415,1.4282169342041,significant_up,days 60+89
ACZ81_09095,1.42790794372559,significant_up,day 60
ACZ81_10265,1.4274361928304,significant_up,day 89
ACZ81_13810,-1.4267037709554,significant_down,day 60
ACZ81_04110,1.42670059204102,significant_up,day 60
ACZ81_03730,-1.4265677134196,significant_down,days 60+89
ACZ81_08210,1.42645200093587,significant_up,days 60+89
ACZ81_07985,-1.42597389221191,significant_down,day 89
ACZ81_15560,-1.42501513163249,significant_down,day 89
ACZ81_14820,-1.42483266194662,significant_down,days 60+89
ACZ81_04230,1.42478116353353,not_significant,day 18
ACZ81_03445,-1.42462285359701,not_significant,days 60+89
ACZ81_15285,1.4235045115153,significant_up,day 60
ACZ81_06170,1.42343457539876,significant_up,day 31
ACZ81_01160,1.4229850769043,not_significant,day 60
ACZ81_18565,1.42147445678711,significant_up,day 60
ACZ81_15560,-1.42115910847982,significant_down,day 31
ACZ81_03340,1.42115211486816,significant_up,day 31
ACZ81_08570,-1.42108917236328,significant_down,days 60+89
ACZ81_17990,1.42090225219727,significant_up,day 60
ACZ81_03420,1.42052904764811,significant_up,day 89
ACZ81_19175,-1.42045084635417,not_significant,days 60+89
ACZ81_18945,1.42002614339193,significant_up,days 60+89
ACZ81_19860,1.41982714335124,significant_up,day 60
ACZ81_13925,1.41961574554443,significant_up,days 60+89
ACZ81_17440,1.41902224222819,significant_up,day 18
ACZ81_12430,-1.41876538594564,not_significant,day 31
ACZ81_01585,1.41794141133626,significant_up,day 31
ACZ81_07360,-1.417693456014,significant_down,day 60
ACZ81_11610,-1.41765530904134,significant_down,day 31
ACZ81_01770,-1.41741752624512,significant_down,day 60
ACZ81_16755,1.41641616821289,significant_up,day 60
ACZ81_16150,1.41542371114095,significant_up,day 60
ACZ81_16350,-1.4153200785319,not_significant,day 60
ACZ81_11040,-1.41522725423177,significant_down,day 89
ACZ81_01495,-1.41474850972494,significant_down,day 60
ACZ81_10320,1.41446367899577,significant_up,day 31
ACZ81_04020,-1.41369183858235,significant_down,day 60
ACZ81_07965,-1.4132833480835,significant_down,days 60+89
ACZ81_14535,-1.4130802154541,significant_down,day 89
ACZ81_07985,-1.4127680460612,significant_down,day 31
ACZ81_18475,-1.41168276468913,significant_down,day 60
ACZ81_07935,-1.41166464487712,significant_down,days 60+89
ACZ81_04760,-1.41128412882486,significant_down,days 60+89
ACZ81_13685,-1.4109058380127,significant_down,day 60
ACZ81_02820,1.41066614786784,significant_up,day 60
ACZ81_17505,-1.41037178039551,significant_down,day 89
ACZ81_03400,-1.41004435221354,significant_down,day 89
ACZ81_01575,1.40976842244466,significant_up,day 89
ACZ81_14680,1.40911293029785,not_significant,day 18
ACZ81_01015,1.40890248616537,significant_up,day 18
ACZ81_09765,-1.40884335835775,significant_down,day 60
ACZ81_11275,1.40871938069661,significant_up,day 18
ACZ81_16775,1.40851624806722,significant_up,days 60+89
ACZ81_15970,-1.40802256266276,not_significant,day 18
ACZ81_01420,-1.40793800354004,significant_down,day 89
ACZ81_14410,1.40781339009603,significant_up,day 89
ACZ81_08725,1.40780131022135,significant_up,day 18
ACZ81_12975,-1.40773137410482,significant_down,day 89
ACZ81_02950,1.40769195556641,significant_up,day 89
ACZ81_10015,1.40719604492187,significant_up,day 31
ACZ81_20295,-1.40712610880534,not_significant,day 89
ACZ81_14490,-1.40698623657227,significant_down,day 89
ACZ81_03345,-1.40695349375407,significant_down,days 60+89
ACZ81_05285,-1.40655708312988,not_significant,day 31
ACZ81_18565,1.40626589457194,significant_up,days 60+89
ACZ81_05065,1.40605545043945,not_significant,day 31
ACZ81_12165,1.40601476033528,significant_up,day 89
ACZ81_08900,1.40596199035645,significant_up,day 18
ACZ81_12865,1.40562947591146,significant_up,day 89
ACZ81_03945,-1.40550009409587,significant_down,days 60+89
ACZ81_17230,1.40537707010905,significant_up,day 89
ACZ81_19495,1.40475718180339,significant_up,day 31
ACZ81_03825,-1.4032211303711,significant_down,day 31
ACZ81_18780,-1.40315310160319,significant_down,day 60
ACZ81_14435,1.4029229482015,significant_up,day 31
ACZ81_08570,-1.40252939860026,significant_down,day 89
ACZ81_02465,1.40247472127279,significant_up,days 60+89
ACZ81_16290,1.40133349100749,significant_up,day 60
ACZ81_15560,-1.40112368265788,significant_down,days 60+89
ACZ81_04705,-1.4011116027832,significant_down,day 89
ACZ81_01230,1.40094502766927,not_significant,day 31
ACZ81_09035,1.40083567301432,significant_up,days 60+89
ACZ81_11305,1.40040842692057,significant_up,day 60
ACZ81_06510,1.40004348754883,significant_up,day 18
ACZ81_07165,1.4000301361084,significant_up,day 31
ACZ81_20045,1.39991633097331,not_significant,days 60+89
ACZ81_04480,-1.39958190917969,significant_down,day 89
ACZ81_08840,1.39957618713379,significant_up,day 60
ACZ81_11985,1.39896329243978,significant_up,day 60
ACZ81_08295,-1.39891878763835,significant_down,day 31
ACZ81_18650,-1.39883422851563,not_significant,day 89
ACZ81_15480,1.39871152242025,significant_up,day 31
ACZ81_13205,-1.39710871378581,not_significant,day 89
ACZ81_07285,-1.39665826161703,significant_down,days 60+89
ACZ81_18135,1.39568614959717,significant_up,days 60+89
ACZ81_19830,-1.39560445149739,significant_down,days 60+89
ACZ81_07665,-1.3946361541748,not_significant,day 31
ACZ81_09530,-1.39399782816569,significant_down,day 60
ACZ81_06545,1.39381281534831,significant_up,days 60+89
ACZ81_15090,1.39374351501465,significant_up,days 60+89
ACZ81_14610,-1.39366086324056,not_significant,day 18
ACZ81_13960,1.39313761393229,not_significant,day 18
ACZ81_19610,1.39223607381185,significant_up,day 89
ACZ81_07410,-1.39153480529785,significant_down,day 89
ACZ81_13230,1.3912722269694,not_significant,day 31
ACZ81_10350,1.39117876688639,significant_up,day 31
ACZ81_18565,1.39105733235677,significant_up,day 89
ACZ81_12545,-1.39096387227377,significant_down,days 60+89
ACZ81_19180,1.38833745320638,significant_up,day 60
ACZ81_12975,-1.38761488596598,significant_down,days 60+89
ACZ81_14700,1.38741556803385,significant_up,days 60+89
ACZ81_07085,-1.38683223724365,significant_down,days 60+89
ACZ81_09250,1.38585789998373,not_significant,day 18
ACZ81_00975,1.38478946685791,significant_up,days 60+89
ACZ81_16155,-1.38438161214193,significant_down,days 60+89
ACZ81_10425,-1.38374265034994,not_significant,day 89
ACZ81_01075,-1.38373311360677,not_significant,day 31
ACZ81_03695,-1.38328615824382,significant_down,days 60+89
ACZ81_11950,-1.38319333394369,significant_down,day 60
ACZ81_20520,1.38272190093994,significant_up,day 60
ACZ81_06595,1.38256327311198,significant_up,days 60+89
ACZ81_05710,1.38246917724609,significant_up,day 60
ACZ81_13675,1.38180414835612,significant_up,day 60
ACZ81_08470,1.3811887105306,significant_up,day 31
ACZ81_02405,-1.37984466552734,significant_down,day 60
ACZ81_09210,-1.37964216868082,significant_down,days 60+89
ACZ81_01055,-1.37954648335774,not_significant,days 60+89
ACZ81_14410,1.37934462229411,significant_up,days 60+89
ACZ81_17100,-1.37901369730632,significant_down,day 31
ACZ81_12865,1.37761338551839,significant_up,days 60+89
ACZ81_15560,-1.37723223368327,significant_down,day 60
ACZ81_15105,-1.37660026550294,not_significant,day 60
ACZ81_06510,1.37569808959961,significant_up,day 60
ACZ81_02820,1.37488619486491,significant_up,days 60+89
ACZ81_15840,1.37446403503418,significant_up,day 31
ACZ81_04900,-1.37261740366618,not_significant,days 60+89
ACZ81_02660,1.37239583333333,significant_up,day 31
ACZ81_18235,1.37142181396485,significant_up,day 89
ACZ81_02050,-1.37047608693441,significant_down,days 60+89
ACZ81_03340,1.37008921305339,significant_up,day 89
ACZ81_03850,1.36976369222005,significant_up,day 60
ACZ81_01705,-1.36870002746582,not_significant,day 18
ACZ81_02770,-1.36851056416829,significant_down,day 89
ACZ81_10850,-1.368408203125,not_significant,day 89
ACZ81_14820,-1.36809476216634,significant_down,day 60
ACZ81_11295,1.368070602417,significant_up,day 60
ACZ81_12900,1.36756324768067,significant_up,day 60
ACZ81_12975,-1.36749839782715,significant_down,day 60
ACZ81_03155,-1.36741129557292,significant_down,day 60
ACZ81_10090,-1.36739603678386,significant_down,day 89
ACZ81_09095,1.36573028564453,significant_up,days 60+89
ACZ81_04755,1.36404800415039,not_significant,day 60
ACZ81_09765,-1.36389414469401,significant_down,days 60+89
ACZ81_07115,1.36379178365072,not_significant,day 89
ACZ81_14810,1.36378415425618,significant_up,day 18
ACZ81_10860,-1.36364491780599,significant_down,day 60
ACZ81_04900,-1.36333592732748,not_significant,day 31
ACZ81_07935,-1.36331558227539,significant_down,day 31
ACZ81_18645,1.36296526590983,significant_up,day 60
ACZ81_18650,-1.36272843678793,not_significant,days 60+89
ACZ81_14685,-1.36253801981608,not_significant,day 89
ACZ81_18235,1.36235173543295,significant_up,day 31
ACZ81_17540,-1.36194864908854,significant_down,day 89
ACZ81_04610,1.36176872253418,significant_up,day 89
ACZ81_18300,-1.36155637105306,significant_down,day 89
ACZ81_19925,-1.3615468343099,significant_down,day 60
ACZ81_17160,-1.36038525899251,significant_down,day 89
ACZ81_07140,-1.36013921101888,significant_down,day 89
ACZ81_14650,-1.36009661356608,significant_down,day 89
ACZ81_04020,-1.35979811350504,significant_down,days 60+89
ACZ81_10015,1.35970560709635,significant_up,day 60
ACZ81_11440,-1.35933558146159,not_significant,day 60
ACZ81_16150,1.3591038386027,significant_up,days 60+89
ACZ81_16090,1.3587392171224,not_significant,day 18
ACZ81_07855,-1.35841941833496,not_significant,days 60+89
ACZ81_08840,1.35831133524577,significant_up,day 31
ACZ81_18645,1.35800234476725,significant_up,days 60+89
ACZ81_11405,1.35763804117839,significant_up,day 89
ACZ81_04760,-1.3569418589274,significant_down,day 89
ACZ81_03850,1.35670852661133,significant_up,days 60+89
ACZ81_18060,-1.35656420389811,significant_down,day 60
ACZ81_04485,-1.35626856486003,significant_down,day 60
ACZ81_15720,1.3560988108317,not_significant,days 60+89
ACZ81_14685,-1.35595830281575,not_significant,day 31
ACZ81_14700,1.35581652323405,significant_up,day 31
ACZ81_02495,-1.35432942708333,not_significant,day 18
ACZ81_01270,1.35428937276204,not_significant,day 89
ACZ81_07025,1.35394859313965,significant_up,day 60
ACZ81_14175,1.35371208190918,significant_up,day 31
ACZ81_18645,1.35303942362467,significant_up,day 89
ACZ81_18095,-1.35252730051676,significant_down,days 60+89
ACZ81_02275,-1.35208384195964,significant_down,day 89
ACZ81_02385,-1.35155820846558,not_significant,days 60+89
ACZ81_05065,1.35150210062663,not_significant,day 18
ACZ81_13445,1.35145250956217,significant_up,day 89
ACZ81_07010,1.35134220123291,significant_up,days 60+89
ACZ81_14410,1.35087585449219,significant_up,day 60
ACZ81_17005,1.349609375,significant_up,day 60
ACZ81_12865,1.34959729512533,significant_up,day 60
ACZ81_18250,1.34908231099446,significant_up,day 60
ACZ81_07060,1.34876569112142,significant_up,day 60
ACZ81_05355,1.34873390197754,significant_up,day 31
ACZ81_17185,-1.34859371185303,significant_down,days 60+89
ACZ81_07935,-1.34803263346354,significant_down,day 60
ACZ81_11210,1.34728113810221,significant_up,day 31
ACZ81_16595,-1.3470230102539,significant_down,day 60
ACZ81_17530,-1.34660498301188,significant_down,days 60+89
ACZ81_20045,1.34630521138509,not_significant,day 60
ACZ81_11400,-1.34613291422526,significant_down,day 18
ACZ81_03175,1.34595489501953,significant_up,day 89
ACZ81_08850,1.34538459777832,significant_up,day 31
ACZ81_19475,-1.34489568074544,significant_down,day 89
ACZ81_11425,-1.34409268697103,significant_down,day 18
ACZ81_00340,-1.34406280517578,significant_down,day 31
ACZ81_03850,1.3436533610026,significant_up,day 89
ACZ81_07170,-1.34331130981445,significant_down,day 60
ACZ81_07000,1.34330558776855,significant_up,day 18
ACZ81_18970,1.34286371866862,significant_up,day 89
ACZ81_09990,1.34161440531413,not_significant,day 60
ACZ81_15760,1.34160868326823,significant_up,day 31
ACZ81_11635,1.34143511454264,not_significant,day 18
ACZ81_18375,1.34025446573893,significant_up,days 60+89
ACZ81_04435,1.33995628356934,significant_up,day 89
ACZ81_07005,1.33917840321858,significant_up,days 60+89
ACZ81_02820,1.33910624186198,significant_up,day 89
ACZ81_18665,-1.33854293823242,significant_down,day 89
ACZ81_11040,-1.33846441904704,significant_down,days 60+89
ACZ81_18265,1.33842277526855,significant_up,day 89
ACZ81_19925,-1.33832836151123,significant_down,days 60+89
ACZ81_08320,-1.33821487426758,significant_down,day 18
ACZ81_05945,-1.33807818094889,not_significant,day 60
ACZ81_12645,1.3380552927653,significant_up,day 60
ACZ81_16105,-1.33797073364258,significant_down,day 89
ACZ81_11690,1.33688227335612,significant_up,day 60
ACZ81_12090,1.33633232116699,not_significant,day 18
ACZ81_04710,-1.33610407511393,significant_down,day 89
ACZ81_16275,-1.33579826354981,not_significant,day 31
ACZ81_07360,-1.33513577779134,significant_down,days 60+89
ACZ81_01205,1.33509063720703,significant_up,day 89
ACZ81_04230,1.33367188771566,significant_up,days 60+89
ACZ81_19180,1.33344745635986,significant_up,days 60+89
ACZ81_16275,-1.33297220865885,not_significant,day 60
ACZ81_09430,1.33276240030925,not_significant,day 18
ACZ81_17395,1.33211517333984,significant_up,day 89
ACZ81_11990,-1.33172225952148,significant_down,day 60
ACZ81_00550,1.3310972849528,significant_up,day 89
ACZ81_03190,1.33078893025716,significant_up,day 60
ACZ81_00250,-1.32964007059733,significant_down,days 60+89
ACZ81_08420,-1.32891909281413,not_significant,days 60+89
ACZ81_04275,-1.3288688659668,not_significant,day 89
ACZ81_10355,1.32828267415365,significant_up,days 60+89
ACZ81_14655,-1.32768630981446,not_significant,day 89
ACZ81_06400,-1.32707277933757,not_significant,day 18
ACZ81_18650,-1.32662264506022,not_significant,day 60
ACZ81_07165,1.32650184631348,not_significant,day 18
ACZ81_02705,1.3257999420166,significant_up,day 31
ACZ81_05470,1.32510884602865,significant_up,day 18
ACZ81_09885,1.32466761271158,significant_up,day 60
ACZ81_07025,1.32411257425944,significant_up,days 60+89
ACZ81_09360,1.32404073079427,significant_up,day 89
ACZ81_05590,1.32387669881185,not_significant,day 89
ACZ81_05220,-1.32376035054525,significant_down,day 89
ACZ81_12900,1.32228533426921,significant_up,day 31
ACZ81_18235,1.32224178314209,significant_up,days 60+89
ACZ81_00210,-1.32182121276855,significant_down,day 89
ACZ81_00990,1.32149823506673,significant_up,day 89
ACZ81_17755,1.3214906056722,significant_up,day 31
ACZ81_08565,-1.32127316792806,significant_down,day 89
ACZ81_01925,1.32115681966146,not_significant,days 60+89
ACZ81_12345,-1.32107734680176,significant_down,day 31
ACZ81_07630,-1.32103761037191,significant_down,days 60+89
ACZ81_15960,1.32052644093831,significant_up,days 60+89
ACZ81_11505,1.32047462463379,not_significant,day 89
ACZ81_11840,1.32003211975097,not_significant,day 89
ACZ81_19335,-1.3195260365804,significant_down,day 89
ACZ81_09765,-1.31894493103027,significant_down,day 89
ACZ81_17040,-1.31865882873535,significant_down,day 89
ACZ81_07410,-1.31852213541666,significant_down,days 60+89
ACZ81_05015,1.3185084660848,significant_up,days 60+89
ACZ81_09005,1.31804974873861,significant_up,day 60
ACZ81_10690,1.31725247701009,significant_up,day 89
ACZ81_13205,-1.31674861907959,significant_down,days 60+89
ACZ81_17150,-1.31611824035644,significant_down,day 60
ACZ81_19925,-1.31510988871257,significant_down,day 89
ACZ81_07670,-1.31458409627279,significant_down,day 31
ACZ81_18775,1.31402206420899,significant_up,day 60
ACZ81_12120,1.31399408976237,significant_up,days 60+89
ACZ81_08080,-1.31351216634114,significant_down,day 31
ACZ81_03660,-1.31314849853516,not_significant,day 18
ACZ81_05600,1.31280581156413,significant_up,day 60
ACZ81_13850,-1.31274159749349,not_significant,day 31
ACZ81_18945,1.31204732259115,significant_up,day 60
ACZ81_01465,-1.31193606058757,significant_down,day 60
ACZ81_12215,1.31162643432617,significant_up,day 89
ACZ81_05900,1.3115037282308,significant_up,day 18
ACZ81_11405,1.31060377756755,significant_up,days 60+89
ACZ81_05495,1.31049982706706,significant_up,day 60
ACZ81_14180,1.30972290039063,significant_up,day 31
ACZ81_14105,1.3091672261556,significant_up,day 31
ACZ81_05030,1.30897013346354,significant_up,day 89
ACZ81_08095,-1.30878861745199,not_significant,days 60+89
ACZ81_19005,-1.30721918741862,not_significant,day 18
ACZ81_20205,-1.30609194437663,not_significant,day 31
ACZ81_04020,-1.30590438842773,significant_down,day 89
ACZ81_05350,1.30512205759684,significant_up,days 60+89
ACZ81_13250,-1.30474313100179,significant_down,days 60+89
ACZ81_04790,-1.30434544881185,significant_down,day 89
ACZ81_10585,1.30424054463704,significant_up,day 18
ACZ81_09850,1.30380948384603,significant_up,day 60
ACZ81_09035,1.30358823140462,significant_up,day 31
ACZ81_08035,-1.30358378092448,significant_down,day 60
ACZ81_09095,1.30355262756348,significant_up,day 89
ACZ81_16290,1.30350812276204,significant_up,day 18
ACZ81_16165,-1.30295372009277,significant_down,day 60
ACZ81_14180,1.30286661783854,significant_up,day 60
ACZ81_11335,1.30279095967611,not_significant,day 89
ACZ81_16150,1.30278396606445,significant_up,day 89
ACZ81_12885,1.30275344848633,significant_up,days 60+89
ACZ81_04705,-1.30190436045329,significant_down,days 60+89
ACZ81_18675,1.30185508728027,significant_up,day 60
ACZ81_14720,-1.30184555053711,significant_down,day 31
ACZ81_07170,-1.30143102010091,significant_down,days 60+89
ACZ81_14770,1.30136489868164,significant_up,day 89
ACZ81_11190,1.3011728922526,significant_up,day 60
ACZ81_00910,1.30115509033203,significant_up,day 60
ACZ81_01110,-1.30109389623006,not_significant,days 60+89
ACZ81_20220,-1.30103619893392,not_significant,day 18
ACZ81_01575,1.30091603597005,significant_up,day 18
ACZ81_00425,1.30034923553467,significant_up,days 60+89
ACZ81_RS04395,1.30031967163086,not_significant,day 89
ACZ81_02980,-1.30001131693522,significant_down,day 60
ACZ81_01420,-1.29957644144694,significant_down,day 18
ACZ81_17675,-1.29907608032227,significant_down,day 89
ACZ81_14495,1.29841041564941,significant_up,day 60
ACZ81_09005,1.29831886291504,significant_up,days 60+89
ACZ81_17395,1.29762236277262,significant_up,days 60+89
ACZ81_07655,-1.29698371887207,not_significant,day 89
ACZ81_01050,-1.29630915323893,not_significant,day 89
ACZ81_03345,-1.29567591349284,significant_down,day 31
ACZ81_07920,1.29538408915202,significant_up,day 89
ACZ81_04650,-1.29476769765218,not_significant,days 60+89
ACZ81_07025,1.29427655537923,significant_up,day 89
ACZ81_00945,-1.29420916239421,not_significant,day 60
ACZ81_18155,1.29412078857422,significant_up,day 31
ACZ81_16685,-1.29410107930501,significant_down,day 89
ACZ81_17540,-1.29391225179036,significant_down,days 60+89
ACZ81_17300,-1.293732325236,significant_down,days 60+89
ACZ81_00990,1.29363695780436,significant_up,day 31
ACZ81_03345,-1.29300181070964,significant_down,day 60
ACZ81_11520,1.2924207051595,significant_up,day 89
ACZ81_RS04395,1.29235903422038,significant_up,days 60+89
ACZ81_01340,-1.29187870025635,not_significant,day 60
ACZ81_04425,-1.29187870025635,not_significant,day 60
ACZ81_07515,-1.29187870025635,not_significant,day 60
ACZ81_09590,-1.29187870025635,not_significant,day 60
ACZ81_17130,-1.29187870025635,not_significant,day 60
ACZ81_18230,1.29040400187175,significant_up,day 60
ACZ81_18135,1.29021771748861,significant_up,day 89
ACZ81_05885,1.29006671905518,significant_up,days 60+89
ACZ81_16755,1.28980954488118,significant_up,day 31
ACZ81_13765,-1.28968874613444,significant_down,day 31
ACZ81_09210,-1.28931363423665,significant_down,day 89
ACZ81_12890,1.28854433695475,significant_up,day 60
ACZ81_06170,1.2878786722819,significant_up,day 60
ACZ81_07435,1.28750801086426,significant_up,day 60
ACZ81_02465,1.28708839416504,significant_up,day 60
ACZ81_14735,1.2870241800944,significant_up,days 60+89
ACZ81_05030,1.28638458251953,significant_up,days 60+89
ACZ81_15055,-1.28638331095378,significant_down,day 60
ACZ81_17005,1.28596496582032,significant_up,days 60+89
ACZ81_08080,-1.28544108072917,significant_down,day 60
ACZ81_18970,1.28484567006429,significant_up,days 60+89
ACZ81_02290,-1.28452364603678,significant_down,day 89
ACZ81_RS04395,1.28439839680989,not_significant,day 60
ACZ81_05050,1.28379694620768,significant_up,day 89
ACZ81_19235,1.28341166178386,significant_up,day 60
ACZ81_18070,-1.28159395853678,significant_down,day 31
ACZ81_09855,1.28072166442871,significant_up,day 31
ACZ81_04925,-1.28068161010742,significant_down,day 60
ACZ81_05915,1.28065490722656,significant_up,day 89
ACZ81_13925,1.28057734171549,significant_up,day 60
ACZ81_13480,1.28033002217611,significant_up,day 89
ACZ81_04275,-1.28016916910807,not_significant,day 31
ACZ81_00945,1.27927335103353,not_significant,day 18
ACZ81_17150,-1.27910963694254,significant_down,days 60+89
ACZ81_06590,1.27910868326823,significant_up,days 60+89
ACZ81_12890,1.2790625890096,significant_up,days 60+89
ACZ81_06815,1.2789560953776,significant_up,day 60
ACZ81_05200,-1.27884324391683,significant_down,days 60+89
ACZ81_05555,1.27873611450195,significant_up,day 89
ACZ81_16475,1.27867190043131,significant_up,day 60
ACZ81_09005,1.27858797709147,significant_up,day 89
ACZ81_06165,1.27857907613118,significant_up,day 89
ACZ81_19180,1.27855745951335,significant_up,day 89
ACZ81_03190,1.27831172943115,significant_up,days 60+89
ACZ81_RS13720,1.27804120381674,significant_up,day 31
ACZ81_04925,-1.27793375651042,significant_down,day 31
ACZ81_04690,-1.27739715576172,significant_down,day 60
ACZ81_18260,1.27717145284017,significant_up,day 60
ACZ81_09910,1.27716255187988,significant_up,day 60
ACZ81_08845,1.27705319722494,not_significant,day 18
ACZ81_18115,1.27634747823079,significant_up,day 89
ACZ81_00585,-1.27586619059245,not_significant,day 31
ACZ81_17560,1.27511850992839,significant_up,day 89
ACZ81_10355,1.27496910095215,significant_up,day 18
ACZ81_13990,1.27483113606771,significant_up,day 18
ACZ81_08210,1.27363268534342,significant_up,day 89
ACZ81_08410,-1.27345784505208,significant_down,day 31
ACZ81_16165,-1.27344131469726,significant_down,days 60+89
ACZ81_18235,1.27306175231934,significant_up,day 60
ACZ81_06955,1.27277565002441,significant_up,days 60+89
ACZ81_06950,1.27245012919108,significant_up,day 60
ACZ81_15055,-1.27205530802409,significant_down,days 60+89
ACZ81_01495,-1.27156766255697,significant_down,days 60+89
ACZ81_01430,-1.27075799306234,significant_down,days 60+89
ACZ81_15090,1.27062288920084,significant_up,day 31
ACZ81_12890,1.26958084106445,significant_up,day 89
ACZ81_11940,-1.26954905192057,significant_down,day 60
ACZ81_01910,1.26925150553386,significant_up,day 89
ACZ81_19710,1.26903088887533,significant_up,day 89
ACZ81_10025,-1.26867167154948,not_significant,day 89
ACZ81_18475,-1.26856931050619,significant_down,days 60+89
ACZ81_18095,-1.2682310740153,significant_down,day 60
ACZ81_12470,-1.26792017618815,not_significant,day 60
ACZ81_12900,1.26761372884115,significant_up,days 60+89
ACZ81_05555,1.26725387573242,significant_up,day 31
ACZ81_04565,-1.26721445719401,significant_down,day 60
ACZ81_00525,-1.26666450500488,not_significant,day 89
ACZ81_07305,-1.2666015625,significant_down,day 89
ACZ81_01230,1.26656977335612,not_significant,day 89
ACZ81_03420,1.26654815673828,significant_up,days 60+89
ACZ81_08140,1.2663319905599,not_significant,day 89
ACZ81_19830,-1.26624361673991,significant_down,day 60
ACZ81_18600,-1.26570224761963,not_significant,days 60+89
ACZ81_06950,1.26558939615885,significant_up,days 60+89
ACZ81_13570,-1.26527849833171,significant_down,day 89
ACZ81_14535,-1.26518630981445,significant_down,day 31
ACZ81_17160,-1.26422278086344,significant_down,days 60+89
ACZ81_13445,1.26403299967448,significant_up,days 60+89
ACZ81_19855,-1.26384957631429,significant_down,days 60+89
ACZ81_05030,1.26379903157552,significant_up,day 60
ACZ81_18700,1.26364135742188,significant_up,day 89
ACZ81_11405,1.26356951395671,significant_up,day 60
ACZ81_02385,-1.26342137654622,not_significant,day 89
ACZ81_17395,1.2631295522054,significant_up,day 60
ACZ81_15100,-1.26285775502523,not_significant,days 60+89
ACZ81_06510,1.26271184285482,significant_up,days 60+89
ACZ81_18650,-1.26211865743001,not_significant,day 18
ACZ81_14540,-1.26191965738932,significant_down,day 89
ACZ81_03200,-1.26179949442545,significant_down,day 60
ACZ81_11040,-1.26170158386231,significant_down,day 60
ACZ81_09365,-1.26120440165202,not_significant,day 31
ACZ81_04885,-1.26102828979492,significant_down,day 60
ACZ81_08720,1.261017481486,significant_up,day 18
ACZ81_03200,-1.26082261403401,significant_down,days 60+89
ACZ81_20295,-1.26073932647705,not_significant,days 60+89
ACZ81_09885,1.26039981842041,significant_up,days 60+89
ACZ81_03200,-1.25984573364258,significant_down,day 89
ACZ81_07170,-1.25955073038737,significant_down,day 89
ACZ81_02035,-1.25938892364502,not_significant,days 60+89
ACZ81_09640,-1.25904655456543,significant_down,day 60
ACZ81_06950,1.25872866312663,significant_up,day 89
ACZ81_04645,-1.25837898254395,significant_down,day 31
ACZ81_10075,1.25812212626139,significant_up,days 60+89
ACZ81_02780,-1.25793266296387,not_significant,day 89
ACZ81_15055,-1.2577273050944,significant_down,day 89
ACZ81_16125,1.25770250956218,significant_up,day 89
ACZ81_16375,1.25762430826823,significant_up,day 89
ACZ81_08845,1.25712966918946,not_significant,day 89
ACZ81_01685,-1.25687026977539,not_significant,day 60
ACZ81_17185,-1.25682703653971,significant_down,day 60
ACZ81_04435,1.25665060679118,significant_up,days 60+89
ACZ81_17660,1.25605328877767,not_significant,days 60+89
ACZ81_07470,-1.25519371032715,significant_down,day 60
ACZ81_01515,1.25485610961914,significant_up,day 31
ACZ81_19805,-1.25475247701009,significant_down,day 31
ACZ81_07975,1.25387891133626,significant_up,day 31
ACZ81_12545,-1.2535400390625,significant_down,day 89
ACZ81_11570,1.25302505493164,significant_up,days 60+89
ACZ81_14590,-1.25290171305338,significant_down,day 31
ACZ81_15900,-1.25273513793945,not_significant,day 18
ACZ81_07360,-1.25257809956869,significant_down,day 89
ACZ81_03025,-1.25240643819173,not_significant,day 31
ACZ81_11950,-1.2522840499878,significant_down,days 60+89
ACZ81_14410,1.25119145711263,significant_up,day 31
ACZ81_18375,1.25092379252116,significant_up,day 60
ACZ81_15305,-1.25081253051758,not_significant,day 60
ACZ81_18820,-1.25062370300293,significant_down,day 89
ACZ81_10170,1.25059382120768,significant_up,day 18
ACZ81_11100,1.24910608927409,significant_up,day 31
ACZ81_13220,-1.24854214986166,significant_down,days 60+89
ACZ81_03945,-1.24815050760905,significant_down,day 31
ACZ81_07010,1.2457389831543,significant_up,day 60
ACZ81_07410,-1.24550946553548,significant_down,day 60
ACZ81_15490,1.245423634847,significant_up,day 18
ACZ81_00255,-1.24484380086263,significant_down,day 31
ACZ81_00990,1.24461873372396,significant_up,days 60+89
ACZ81_06910,-1.2445068359375,significant_down,day 60
ACZ81_14645,-1.24396769205729,significant_down,day 89
ACZ81_16165,-1.24392890930176,significant_down,day 89
ACZ81_10690,1.24372450510661,significant_up,days 60+89
ACZ81_18480,-1.24354298909505,significant_down,day 60
ACZ81_06575,1.2430477142334,significant_up,day 18
ACZ81_19620,-1.2429796854655,not_significant,days 60+89
ACZ81_17150,-1.24210103352865,significant_down,day 89
ACZ81_19260,1.24190966288249,significant_up,day 60
ACZ81_08755,1.24123128255209,not_significant,day 89
ACZ81_09195,1.24088223775228,not_significant,day 89
ACZ81_00555,-1.24081802368164,not_significant,day 89
ACZ81_13170,1.24046675364177,significant_up,days 60+89
ACZ81_00900,-1.23967297871908,significant_down,day 31
ACZ81_11920,-1.23935953776042,not_significant,day 18
ACZ81_03200,-1.2393398284912,significant_down,day 31
ACZ81_12215,1.23924700419108,significant_up,days 60+89
ACZ81_07065,1.23876317342122,significant_up,day 89
ACZ81_03220,1.23835849761963,significant_up,days 60+89
ACZ81_16155,-1.2383550008138,significant_down,day 31
ACZ81_05280,-1.23757553100586,significant_down,day 60
ACZ81_13205,-1.23638852437337,not_significant,day 60
ACZ81_01365,-1.23523585001628,not_significant,day 60
ACZ81_09640,-1.23473580678304,significant_down,days 60+89
ACZ81_07920,1.23467127482096,significant_up,days 60+89
ACZ81_04885,-1.23428058624268,significant_down,days 60+89
ACZ81_15160,-1.23366673787435,not_significant,day 31
ACZ81_19105,1.2334410349528,significant_up,day 18
ACZ81_19840,-1.23331832885742,significant_down,day 89
ACZ81_19745,1.23311297098796,significant_up,day 89
ACZ81_17840,-1.23297882080078,not_significant,day 89
ACZ81_04020,-1.23203023274739,significant_down,day 31
ACZ81_11130,1.23201560974121,significant_up,day 60
ACZ81_13885,1.23186874389649,significant_up,day 31
ACZ81_16395,-1.23149108886719,not_significant,day 60
ACZ81_17180,-1.2313404083252,significant_down,day 31
ACZ81_03465,1.23116811116536,significant_up,day 31
ACZ81_08470,1.23110580444336,significant_up,day 89
ACZ81_13670,-1.23075866699219,significant_down,day 31
ACZ81_18365,1.23051389058431,not_significant,day 31
ACZ81_02405,-1.23041407267252,significant_down,days 60+89
ACZ81_15360,1.2301762898763,significant_up,day 60
ACZ81_09095,1.22980054219564,significant_up,day 31
ACZ81_11930,1.22962506612142,significant_up,days 60+89
ACZ81_04480,-1.22947120666504,significant_down,day 31
ACZ81_16360,-1.22918510437012,significant_down,day 31
ACZ81_12475,1.22903124491374,significant_up,day 18
ACZ81_09910,1.22865358988444,significant_up,day 31
ACZ81_05915,1.22815132141113,significant_up,days 60+89
ACZ81_16170,-1.22762235005697,not_significant,day 60
ACZ81_11430,1.22704060872396,significant_up,day 31
ACZ81_18970,1.22682762145996,significant_up,day 60
ACZ81_17560,1.22668838500977,significant_up,days 60+89
ACZ81_02950,1.22645886739096,significant_up,day 31
ACZ81_01100,1.2261479695638,significant_up,day 31
ACZ81_12300,1.2258898417155,significant_up,day 60
ACZ81_17540,-1.22587585449219,significant_down,day 60
ACZ81_19235,1.22584120432536,significant_up,days 60+89
ACZ81_03190,1.22583452860514,significant_up,day 89
ACZ81_14495,1.22579193115234,significant_up,days 60+89
ACZ81_19250,1.22550010681152,significant_up,days 60+89
ACZ81_08480,-1.22513294219971,not_significant,day 31
ACZ81_10860,-1.22476069132487,significant_down,days 60+89
ACZ81_06945,1.22460110982259,significant_up,day 31
ACZ81_16800,-1.22457504272461,significant_down,day 18
ACZ81_06870,1.22451400756836,significant_up,day 60
ACZ81_06595,1.22425142923991,significant_up,day 89
ACZ81_18665,-1.2242374420166,significant_down,days 60+89
ACZ81_02485,1.22416051228841,significant_up,day 18
ACZ81_01990,-1.22392400105794,not_significant,day 60
ACZ81_17160,-1.22332700093587,significant_down,day 31
ACZ81_17005,1.22232055664063,significant_up,day 89
ACZ81_07730,-1.22205797831217,not_significant,day 60
ACZ81_05830,-1.22193272908528,significant_down,day 89
ACZ81_05710,1.22171179453532,significant_up,days 60+89
ACZ81_07005,1.22158622741699,significant_up,day 60
ACZ81_15950,1.22133127848307,significant_up,day 60
ACZ81_04735,-1.22130584716796,significant_down,day 31
ACZ81_05830,-1.22129249572754,significant_down,days 60+89
ACZ81_05830,-1.22065226236979,significant_down,day 60
ACZ81_15565,-1.21978569030762,significant_down,day 89
ACZ81_08505,1.21947797139486,not_significant,day 89
ACZ81_05720,-1.21916961669922,significant_down,day 31
ACZ81_17530,-1.21825218200684,significant_down,day 60
ACZ81_01635,1.21772448221842,significant_up,day 89
ACZ81_19840,-1.21766948699951,significant_down,days 60+89
ACZ81_04735,-1.21685663859049,significant_down,day 60
ACZ81_08035,-1.21577103932699,significant_down,days 60+89
ACZ81_17540,-1.21575164794922,significant_down,day 31
ACZ81_10390,1.21549161275228,not_significant,day 18
ACZ81_19775,1.21530787150065,significant_up,day 31
ACZ81_11985,1.21529769897461,significant_up,day 18
ACZ81_03400,-1.21518198649089,significant_down,days 60+89
ACZ81_06865,1.21482022603353,significant_up,day 89
ACZ81_11080,1.21478271484375,significant_up,day 89
ACZ81_09950,1.21392631530762,significant_up,day 89
ACZ81_01110,1.21379311879476,not_significant,day 31
ACZ81_11285,1.21362686157227,significant_up,day 18
ACZ81_15840,1.2132879892985,significant_up,day 18
ACZ81_12300,1.21291510264079,significant_up,days 60+89
ACZ81_08070,-1.21280479431152,significant_down,day 60
ACZ81_07140,-1.21244621276855,significant_down,day 31
ACZ81_14700,1.21144930521647,significant_up,day 60
ACZ81_12865,1.21137619018555,significant_up,day 18
ACZ81_08420,-1.21054522196452,not_significant,day 60
ACZ81_14970,1.21045176188151,significant_up,day 89
ACZ81_09640,-1.21042505900065,significant_down,day 89
ACZ81_13905,1.21035512288411,significant_up,day 31
ACZ81_15360,1.20952637990316,significant_up,days 60+89
ACZ81_19805,-1.20866394042969,significant_down,day 89
ACZ81_01775,1.20839436848959,not_significant,day 18
ACZ81_16375,1.20828628540039,significant_up,days 60+89
ACZ81_12880,-1.20827865600586,significant_down,day 89
ACZ81_13210,-1.20777765909831,significant_down,day 89
ACZ81_17305,-1.20769500732422,significant_down,day 89
ACZ81_04885,-1.20753288269043,significant_down,day 89
ACZ81_06195,-1.20742956797282,significant_down,days 60+89
ACZ81_RS17115,-1.2073548634847,significant_down,day 89
ACZ81_08660,1.20734151204427,significant_up,day 18
ACZ81_04755,1.20726267496745,significant_up,days 60+89
ACZ81_09275,1.20691998799642,significant_up,day 89
ACZ81_04925,-1.20613861083984,significant_down,days 60+89
ACZ81_02770,-1.20602385203043,significant_down,days 60+89
ACZ81_17090,1.205992380778,significant_up,day 89
ACZ81_16885,-1.20591481526693,significant_down,day 31
ACZ81_16290,1.20538266499837,significant_up,day 31
ACZ81_15605,-1.20526059468587,not_significant,day 60
ACZ81_03115,-1.20414733886719,significant_down,day 60
ACZ81_05510,1.20383707682291,significant_up,day 31
ACZ81_13480,1.20355987548828,significant_up,day 31
ACZ81_02945,1.20348103841146,significant_up,day 60
ACZ81_11795,1.20336437225342,significant_up,days 60+89
ACZ81_11405,1.20289929707845,significant_up,day 31
ACZ81_15565,-1.20287640889486,significant_down,days 60+89
ACZ81_04705,-1.20269711812337,significant_down,day 60
ACZ81_16155,-1.20261446634928,significant_down,day 60
ACZ81_19840,-1.2020206451416,significant_down,day 60
ACZ81_12595,1.20193099975586,significant_up,day 18
ACZ81_00265,-1.20169321695964,not_significant,day 31
ACZ81_16475,1.20076433817545,significant_up,days 60+89
ACZ81_09910,1.20043023427327,significant_up,days 60+89
ACZ81_12300,1.19994036356608,significant_up,day 89
ACZ81_19860,1.19985834757487,not_significant,day 31
ACZ81_03535,1.19962183634441,not_significant,day 18
ACZ81_02890,-1.19938087463379,significant_down,day 60
ACZ81_19475,-1.19935607910156,significant_down,days 60+89
ACZ81_17090,1.19930458068848,significant_up,days 60+89
ACZ81_01565,1.19884872436524,not_significant,day 60
ACZ81_10350,1.19854736328125,significant_up,day 18
ACZ81_06505,-1.19841543833415,not_significant,days 60+89
ACZ81_07980,-1.1981004079183,significant_down,day 89
ACZ81_20280,-1.19792238871257,not_significant,day 89
ACZ81_14970,1.19756889343262,significant_up,day 31
ACZ81_02170,-1.19703038533529,not_significant,day 31
ACZ81_17425,1.19686571756998,significant_up,day 31
ACZ81_19205,-1.19679133097331,significant_down,day 31
ACZ81_09035,1.19668769836426,significant_up,day 60
ACZ81_11700,1.19648424784343,significant_up,day 31
ACZ81_12760,1.19642066955567,significant_up,day 18
ACZ81_19285,-1.19621976216634,significant_down,day 60
ACZ81_09885,1.19613202412923,significant_up,day 89
ACZ81_02215,1.19607988993327,significant_up,day 18
ACZ81_19950,1.1959908803304,significant_up,day 18
ACZ81_19865,-1.19459215799968,significant_down,day 89
ACZ81_07660,-1.1942310333252,significant_down,day 89
ACZ81_07850,-1.19348780314128,significant_down,day 60
ACZ81_17090,1.19261678059896,significant_up,day 60
ACZ81_00250,-1.19142659505208,significant_down,day 31
ACZ81_01005,1.19091033935547,significant_up,day 31
ACZ81_11080,1.19079399108887,significant_up,day 31
ACZ81_02495,1.19059244791667,not_significant,day 89
ACZ81_18370,1.19016329447428,significant_up,day 60
ACZ81_17830,-1.18994394938152,significant_down,day 89
ACZ81_17790,-1.18914381663004,not_significant,days 60+89
ACZ81_15360,1.18887646993001,significant_up,day 89
ACZ81_13220,-1.18845494588216,not_significant,day 31
ACZ81_03465,1.18844413757324,significant_up,day 89
ACZ81_12430,-1.18775304158529,not_significant,day 60
ACZ81_16015,1.18637148539225,significant_up,day 18
ACZ81_08140,1.18633651733399,not_significant,day 31
ACZ81_05525,1.1861089070638,significant_up,day 60
ACZ81_15565,-1.1859671274821,significant_down,day 60
ACZ81_07165,1.18592643737793,significant_up,day 60
ACZ81_16150,1.1857255299886,significant_up,day 18
ACZ81_03055,1.18564224243164,significant_up,day 60
ACZ81_01230,1.18561172485352,not_significant,days 60+89
ACZ81_09115,1.18538538614909,not_significant,day 18
ACZ81_09980,1.18457857767741,significant_up,day 89
ACZ81_11840,1.18452326456705,not_significant,day 31
ACZ81_19865,-1.18446477254232,significant_down,days 60+89
ACZ81_09320,-1.18421681722005,not_significant,day 18
ACZ81_15200,-1.18408648173014,not_significant,day 60
ACZ81_13870,1.1839402516683,significant_up,day 60
ACZ81_04040,-1.18337313334147,not_significant,day 18
ACZ81_01830,1.18309211730957,not_significant,day 18
ACZ81_02415,-1.18291187286377,not_significant,days 60+89
ACZ81_10025,1.1824951171875,not_significant,day 18
ACZ81_13210,-1.18233076731364,significant_down,days 60+89
ACZ81_10685,-1.18172264099121,not_significant,day 89
ACZ81_17250,-1.18159548441569,significant_down,day 60
ACZ81_11545,1.18148612976074,significant_up,day 89
ACZ81_17155,-1.18111864725749,significant_down,day 31
ACZ81_07435,1.18078962961833,significant_up,days 60+89
ACZ81_09355,1.18071683247884,significant_up,day 18
ACZ81_08610,1.18058013916016,significant_up,day 18
ACZ81_17460,1.18044726053874,not_significant,day 18
ACZ81_06570,1.18039512634277,not_significant,day 60
ACZ81_00745,-1.18022664388021,significant_down,day 31
ACZ81_13945,-1.17997550964355,significant_down,day 89
ACZ81_02245,1.17964808146159,not_significant,day 31
ACZ81_11145,-1.17938741048177,significant_down,day 89
ACZ81_15965,1.17908604939778,significant_up,day 31
ACZ81_16175,-1.17828623453776,significant_down,day 31
ACZ81_17560,1.17825826009115,significant_up,day 60
ACZ81_07980,-1.17752933502197,significant_down,days 60+89
ACZ81_13410,-1.17708237965902,not_significant,days 60+89
ACZ81_14590,-1.17701148986816,significant_down,day 60
ACZ81_02460,1.17661921183268,significant_up,day 18
ACZ81_13445,1.17661348978678,significant_up,day 60
ACZ81_18820,-1.17634105682373,significant_down,days 60+89
ACZ81_05915,1.1756477355957,significant_up,day 60
ACZ81_07950,-1.17557080586752,significant_down,day 31
ACZ81_15890,1.175474802653,not_significant,day 31
ACZ81_02290,-1.17476113637288,significant_down,days 60+89
ACZ81_06530,-1.17458661397298,not_significant,day 31
ACZ81_15545,-1.17445055643717,significant_down,days 60+89
ACZ81_06075,-1.17437108357747,significant_down,day 31
ACZ81_19865,-1.17433738708496,significant_down,day 60
ACZ81_04550,-1.1741689046224,not_significant,day 89
ACZ81_07920,1.17395846048991,significant_up,day 60
ACZ81_01600,1.1738878885905,significant_up,day 89
ACZ81_04435,1.17334493001302,not_significant,day 60
ACZ81_02310,-1.17300987243653,not_significant,day 31
ACZ81_13480,1.17275524139404,significant_up,days 60+89
ACZ81_04515,1.17238362630208,significant_up,day 60
ACZ81_05050,1.17224566141764,significant_up,days 60+89
ACZ81_03695,-1.17201677958171,not_significant,day 60
ACZ81_18780,-1.17180506388346,significant_down,days 60+89
ACZ81_01205,1.17160733540853,significant_up,days 60+89
ACZ81_03445,-1.17113622029622,not_significant,day 31
ACZ81_18135,1.1702938079834,significant_up,day 18
ACZ81_10690,1.17019653320313,significant_up,day 60
ACZ81_02410,-1.17001978556315,significant_down,day 60
ACZ81_01190,1.17000993092855,significant_up,days 60+89
ACZ81_12885,1.16950988769531,significant_up,day 89
ACZ81_04830,1.16862042744954,significant_up,day 89
ACZ81_07230,-1.16840744018555,not_significant,day 60
ACZ81_19235,1.16827074686686,significant_up,day 89
ACZ81_15500,1.16818586985271,significant_up,days 60+89
ACZ81_17160,-1.16806030273437,significant_down,day 60
ACZ81_00990,1.16773923238119,significant_up,day 60
ACZ81_08505,1.16770426432292,not_significant,days 60+89
ACZ81_12900,1.16766421000163,significant_up,day 89
ACZ81_14665,1.16730562845866,significant_up,day 31
ACZ81_07200,1.16697947184245,significant_up,day 31
ACZ81_19005,-1.16690635681152,not_significant,day 31
ACZ81_12215,1.16686757405599,significant_up,day 60
ACZ81_06575,1.16673533121744,significant_up,day 31
ACZ81_17380,1.16643460591634,not_significant,day 18
ACZ81_11305,1.16626421610514,significant_up,day 31
ACZ81_RS21675,-1.16602261861165,not_significant,day 18
ACZ81_07895,1.16567929585775,significant_up,day 18
ACZ81_05015,1.16558329264323,significant_up,day 60
ACZ81_11295,1.16533597310384,significant_up,day 31
ACZ81_08165,-1.16400718688965,significant_down,day 89
ACZ81_09400,-1.16373507181803,significant_down,day 89
ACZ81_08355,1.1637274424235,not_significant,day 31
ACZ81_09730,1.16337140401205,significant_up,day 89
ACZ81_14645,-1.16303253173828,significant_down,days 60+89
ACZ81_08995,1.16279729207357,significant_up,day 89
ACZ81_04755,1.16191800435384,not_significant,day 18
ACZ81_07830,1.16146278381348,significant_up,day 60
ACZ81_07850,-1.1612164179484,significant_down,days 60+89
ACZ81_13420,-1.16114743550619,significant_down,day 60
ACZ81_09095,1.1608517964681,significant_up,day 18
ACZ81_05555,1.16083367665609,significant_up,days 60+89
ACZ81_18370,1.16077995300293,significant_up,days 60+89
ACZ81_09780,-1.16026369730631,significant_down,day 89
ACZ81_12205,1.16020901997884,significant_up,day 31
ACZ81_06910,-1.15970961252848,significant_down,days 60+89
ACZ81_18355,1.15905062357584,significant_up,day 31
ACZ81_03390,-1.15901756286621,not_significant,day 89
ACZ81_07730,-1.15897496541341,not_significant,days 60+89
ACZ81_16375,1.15894826253255,significant_up,day 60
ACZ81_02890,-1.1580171585083,significant_down,days 60+89
ACZ81_08470,1.15788205464681,significant_up,days 60+89
ACZ81_08875,1.15747006734213,not_significant,day 18
ACZ81_07980,-1.15695826212565,significant_down,day 60
ACZ81_13210,-1.15688387552897,significant_down,day 60
ACZ81_04150,-1.15678850809733,significant_down,day 89
ACZ81_10765,-1.15633392333984,not_significant,day 89
ACZ81_11670,-1.15631930033366,significant_down,day 31
ACZ81_12435,1.15595881144206,significant_up,day 18
ACZ81_08580,1.15588506062825,significant_up,day 60
ACZ81_18645,1.15574963887532,significant_up,day 18
ACZ81_04410,1.15552965799967,significant_up,day 31
ACZ81_01025,1.15519777933757,not_significant,day 60
ACZ81_09105,1.15460586547851,significant_up,day 89
ACZ81_05965,-1.15458234151204,significant_down,day 60
ACZ81_17270,-1.15372721354167,not_significant,day 18
ACZ81_08025,-1.15346590677897,significant_down,day 31
ACZ81_14495,1.15317344665527,significant_up,day 89
ACZ81_16105,-1.15289306640625,significant_down,days 60+89
ACZ81_07855,-1.15283521016439,not_significant,day 89
ACZ81_01020,-1.15281740824381,significant_down,day 31
ACZ81_03055,1.15275033315023,significant_up,days 60+89
ACZ81_05085,-1.15198644002278,not_significant,day 89
ACZ81_18100,-1.1515941619873,not_significant,day 31
ACZ81_07630,-1.1514892578125,significant_down,day 60
ACZ81_05530,1.1513868967692,significant_up,day 18
ACZ81_19610,1.15126736958821,significant_up,day 31
ACZ81_13420,-1.15083408355713,significant_down,days 60+89
ACZ81_05525,1.15004189809163,significant_up,days 60+89
ACZ81_06510,1.14972559611002,significant_up,day 89
ACZ81_06545,1.14923222859701,significant_up,day 60
ACZ81_14170,1.14892323811849,not_significant,day 89
ACZ81_03825,-1.14879417419434,not_significant,day 18
ACZ81_03785,1.14793968200684,not_significant,day 31
ACZ81_12090,1.14781379699707,not_significant,day 60
ACZ81_18775,1.14781252543131,significant_up,day 31
ACZ81_07115,1.14665762583415,not_significant,days 60+89
ACZ81_14590,-1.14637438456217,significant_down,days 60+89
ACZ81_10265,1.14610163370768,significant_up,day 31
ACZ81_08645,1.14602851867676,significant_up,day 89
ACZ81_17545,-1.14590390523275,significant_down,day 89
ACZ81_04790,-1.14526907602946,significant_down,days 60+89
ACZ81_13870,1.14478174845378,significant_up,day 18
ACZ81_03920,-1.14453506469727,significant_down,day 60
ACZ81_05220,-1.14406744639079,significant_down,days 60+89
ACZ81_07960,-1.14394187927246,not_significant,day 89
ACZ81_16035,1.14264106750489,significant_up,day 60
ACZ81_18510,1.14254824320475,significant_up,day 18
ACZ81_09945,1.14248530069987,significant_up,day 31
ACZ81_10015,1.14178339640299,significant_up,days 60+89
ACZ81_07790,1.1415049235026,not_significant,day 18
ACZ81_08795,-1.14143308003744,significant_down,day 89
ACZ81_08080,-1.14141114552816,significant_down,days 60+89
ACZ81_11135,1.14131100972493,significant_up,day 60
ACZ81_01910,1.14119211832682,significant_up,days 60+89
ACZ81_05290,-1.14062754313151,significant_down,day 89
ACZ81_06760,1.14061292012533,significant_up,day 31
ACZ81_13420,-1.14052073160807,significant_down,day 89
ACZ81_08075,1.14036432902018,significant_up,day 18
ACZ81_15090,1.14031092325846,significant_up,day 60
ACZ81_00720,1.13989512125651,significant_up,day 89
ACZ81_17300,-1.13964144388835,significant_down,day 89
ACZ81_05525,1.13872655232747,significant_up,day 18
ACZ81_02050,-1.13865788777669,significant_down,day 60
ACZ81_04055,1.13846651713054,significant_up,day 89
ACZ81_08070,-1.13804721832275,significant_down,days 60+89
ACZ81_12480,1.1378657023112,significant_up,day 60
ACZ81_17480,1.13756243387858,significant_up,day 89
ACZ81_14370,1.13737678527832,significant_up,day 60
ACZ81_15970,-1.137238184611,not_significant,day 31
ACZ81_04515,1.13721593221029,significant_up,days 60+89
ACZ81_03730,-1.13715807596843,significant_down,day 89
ACZ81_09820,1.13704109191895,significant_up,day 31
ACZ81_05965,-1.1367384592692,significant_down,days 60+89
ACZ81_12290,-1.1361567179362,significant_down,day 60
ACZ81_10025,-1.13564268747966,not_significant,days 60+89
ACZ81_07305,-1.13562234242757,significant_down,days 60+89
ACZ81_15275,1.1355972290039,significant_up,day 18
ACZ81_01990,-1.13523737589518,not_significant,day 31
ACZ81_10620,1.13491185506185,significant_up,day 89
ACZ81_13050,1.13415781656901,significant_up,day 89
ACZ81_14805,1.13394069671631,significant_up,days 60+89
ACZ81_19625,-1.13389905293783,significant_down,days 60+89
ACZ81_14970,1.13360786437988,significant_up,days 60+89
ACZ81_13570,-1.13304456075033,significant_down,day 31
ACZ81_05070,1.13301467895508,not_significant,day 31
ACZ81_11025,1.1328493754069,not_significant,day 60
ACZ81_08565,-1.13263734181722,significant_down,days 60+89
ACZ81_01055,-1.13199361165364,not_significant,day 31
ACZ81_08235,1.13163693745931,significant_up,day 89
ACZ81_04925,-1.13159561157227,significant_down,day 89
ACZ81_03880,1.13145955403646,significant_up,day 31
ACZ81_18370,1.13139661153158,significant_up,day 89
ACZ81_18060,-1.13088798522949,significant_down,days 60+89
ACZ81_14375,1.1303342183431,not_significant,day 60
ACZ81_15505,-1.13000933329264,significant_down,day 89
ACZ81_07065,1.12998549143473,significant_up,days 60+89
ACZ81_13810,-1.1297566095988,not_significant,days 60+89
ACZ81_04690,-1.12939929962158,significant_down,days 60+89
ACZ81_07085,-1.12932268778483,significant_down,day 89
ACZ81_17990,1.12900733947754,significant_up,days 60+89
ACZ81_12705,1.12896283467611,significant_up,day 89
ACZ81_06835,-1.12895266215007,not_significant,day 18
ACZ81_07850,-1.12894503275553,significant_down,day 89
ACZ81_07965,-1.12890752156575,significant_down,day 89
ACZ81_04565,-1.12874476114909,significant_down,days 60+89
ACZ81_09785,-1.12859026590983,significant_down,day 89
ACZ81_11100,1.1285285949707,significant_up,day 18
ACZ81_01495,-1.128386815389,significant_down,day 89
ACZ81_02655,1.12820307413737,significant_up,day 31
ACZ81_08035,-1.12795829772949,significant_down,day 89
ACZ81_19395,-1.12785784403483,significant_down,day 60
ACZ81_09775,-1.12773768107096,significant_down,day 89
ACZ81_18275,-1.12769953409831,significant_down,day 31
ACZ81_00975,1.12748146057129,significant_up,day 89
ACZ81_09900,-1.12741216023763,significant_down,days 60+89
ACZ81_11425,-1.12721824645996,significant_down,day 31
ACZ81_01420,-1.12678909301758,significant_down,days 60+89
ACZ81_14540,-1.12660566965739,significant_down,days 60+89
ACZ81_12120,1.1262690226237,significant_up,day 89
ACZ81_05275,-1.12620862325033,significant_down,day 60
ACZ81_18475,-1.12545585632324,significant_down,day 89
ACZ81_06075,-1.12532234191894,significant_down,day 89
ACZ81_17040,-1.12529627482096,significant_down,days 60+89
ACZ81_14415,1.12517929077149,significant_up,day 31
ACZ81_12480,1.1244265238444,significant_up,days 60+89
ACZ81_11190,1.12405109405518,significant_up,days 60+89
ACZ81_09985,1.12395668029785,significant_up,day 18
ACZ81_05600,1.12378470102946,significant_up,days 60+89
ACZ81_09910,1.12369791666666,significant_up,day 89
ACZ81_17250,-1.12366008758545,significant_down,days 60+89
ACZ81_01000,1.12298583984375,significant_up,day 60
ACZ81_16475,1.12285677591959,significant_up,day 89
ACZ81_08220,1.12261327107748,not_significant,day 31
ACZ81_17815,-1.12226104736328,significant_down,day 18
ACZ81_05070,1.12222989400228,not_significant,day 18
ACZ81_03465,1.12218316396078,significant_up,days 60+89
ACZ81_17270,-1.12174606323242,not_significant,day 89
ACZ81_19745,1.12140687306722,significant_up,days 60+89
ACZ81_07135,-1.12138303120931,significant_down,day 60
ACZ81_11950,-1.1213747660319,significant_down,day 89
ACZ81_06335,-1.12093162536621,significant_down,day 89
ACZ81_12445,1.12028630574544,significant_up,day 31
ACZ81_03055,1.11985842386882,significant_up,day 89
ACZ81_09785,-1.11974080403646,significant_down,days 60+89
ACZ81_03160,-1.11969216664632,not_significant,days 60+89
ACZ81_00330,-1.11968866984049,not_significant,day 89
ACZ81_06590,1.11955833435059,significant_up,day 89
ACZ81_07170,-1.11924616495768,significant_down,day 31
ACZ81_15955,1.11914507548014,significant_up,day 31
ACZ81_05965,-1.11889457702636,significant_down,day 89
ACZ81_16775,1.11828168233236,significant_up,day 89
ACZ81_20295,-1.11821556091309,not_significant,day 18
ACZ81_03315,1.11804707845052,significant_up,day 89
ACZ81_04060,-1.11780738830566,significant_down,day 60
ACZ81_17775,-1.11767514546712,not_significant,day 31
ACZ81_17895,-1.11735534667969,significant_down,day 89
ACZ81_04830,1.11725807189941,significant_up,days 60+89
ACZ81_01340,-1.11722977956136,not_significant,days 60+89
ACZ81_04425,-1.11722977956136,not_significant,days 60+89
ACZ81_07515,-1.11722977956136,not_significant,days 60+89
ACZ81_09590,-1.11722977956136,not_significant,days 60+89
ACZ81_17130,-1.11722977956136,not_significant,days 60+89
ACZ81_02830,1.1170342763265,significant_up,day 18
ACZ81_02890,-1.11665344238281,significant_down,day 89
ACZ81_09375,-1.11645444234212,not_significant,day 60
ACZ81_08505,1.11593055725098,not_significant,day 60
ACZ81_14590,-1.11573727925618,significant_down,day 89
ACZ81_07470,-1.11558691660563,significant_down,days 60+89
ACZ81_11990,-1.11543528238932,significant_down,day 31
ACZ81_14890,1.11519813537597,significant_up,day 18
ACZ81_17980,1.11517588297526,significant_up,day 31
ACZ81_05970,-1.11514218648274,not_significant,day 60
ACZ81_05350,1.1149107615153,not_significant,day 89
ACZ81_01115,1.11484464009603,significant_up,day 60
ACZ81_20295,-1.11435254414876,not_significant,day 60
ACZ81_05525,1.11397488911946,significant_up,day 89
ACZ81_07070,1.11371294657389,significant_up,day 89
ACZ81_00405,-1.11335627237956,significant_down,day 89
ACZ81_03695,1.11333974202474,not_significant,day 18
ACZ81_16445,-1.11317761739095,significant_down,day 60
ACZ81_00565,-1.1128396987915,not_significant,day 60
ACZ81_03420,1.11256726582845,significant_up,day 60
ACZ81_18905,-1.11189715067546,significant_down,day 89
ACZ81_01360,1.11177762349447,not_significant,day 18
ACZ81_12480,1.1109873453776,significant_up,day 89
ACZ81_00265,-1.11095873514811,not_significant,day 60
ACZ81_09785,-1.11089134216308,significant_down,day 60
ACZ81_01775,1.11059125264486,significant_up,day 60
ACZ81_18665,-1.10993194580078,significant_down,day 60
ACZ81_07125,-1.10954729715983,not_significant,days 60+89
ACZ81_18230,1.1095225016276,significant_up,days 60+89
ACZ81_13870,1.10857137044271,significant_up,days 60+89
ACZ81_17895,-1.10836855570475,significant_down,days 60+89
ACZ81_17980,1.10830815633138,significant_up,day 18
ACZ81_RS13815,-1.10764185587565,significant_down,day 89
ACZ81_02945,1.107559521993,significant_up,days 60+89
ACZ81_09255,1.1073964436849,significant_up,day 89
ACZ81_17875,1.10721842447917,not_significant,day 89
ACZ81_08035,-1.10689036051432,significant_down,day 31
ACZ81_19340,1.10631783803304,significant_up,days 60+89
ACZ81_17035,-1.10611979166667,significant_down,day 60
ACZ81_09250,1.10608418782552,not_significant,days 60+89
ACZ81_10350,1.10578982035319,significant_up,day 60
ACZ81_03900,1.10578028361003,significant_up,day 18
ACZ81_13985,1.10526974995931,significant_up,day 89
ACZ81_15480,1.10521380106608,significant_up,day 18
ACZ81_04900,-1.10497220357259,not_significant,day 18
ACZ81_02750,-1.10489336649577,not_significant,day 60
ACZ81_01230,1.10465367635091,not_significant,day 60
ACZ81_04360,1.10380045572917,significant_up,day 60
ACZ81_18265,1.10378774007161,significant_up,days 60+89
ACZ81_19925,-1.10363260904948,significant_down,day 31
ACZ81_03950,-1.10355377197266,significant_down,day 89
ACZ81_16685,-1.10332838694254,significant_down,days 60+89
ACZ81_18785,1.1029535929362,significant_up,day 31
ACZ81_17545,-1.1022694905599,significant_down,days 60+89
ACZ81_18820,-1.10205841064453,significant_down,day 60
ACZ81_04515,1.10204823811849,significant_up,day 89
ACZ81_06075,-1.09962304433187,significant_down,days 60+89
ACZ81_17895,-1.09938176472981,significant_down,day 60
ACZ81_09415,1.09907213846842,significant_up,day 89
ACZ81_00315,1.09900919596354,significant_up,day 60
ACZ81_18550,1.09890047709147,significant_up,day 18
ACZ81_01995,-1.09888521830241,significant_down,day 60
ACZ81_17155,-1.09883054097493,significant_down,day 60
ACZ81_00425,1.09810129801432,not_significant,day 89
ACZ81_04735,-1.09679539998372,significant_down,days 60+89
ACZ81_00315,1.09644858042399,significant_up,days 60+89
ACZ81_05290,-1.09626324971517,significant_down,days 60+89
ACZ81_09730,1.09606901804606,significant_up,days 60+89
ACZ81_07730,-1.09589195251465,not_significant,day 89
ACZ81_09460,1.09522374471029,not_significant,day 31
ACZ81_07660,-1.0948273340861,significant_down,days 60+89
ACZ81_09910,-1.09476979573568,not_significant,day 18
ACZ81_00315,1.09388796488444,significant_up,day 89
ACZ81_06915,-1.0938777923584,significant_down,day 31
ACZ81_09980,1.09367338816325,significant_up,days 60+89
ACZ81_01905,1.09330304463704,significant_up,day 89
ACZ81_01270,1.09318288167318,not_significant,day 18
ACZ81_15055,-1.09292284647624,significant_down,day 31
ACZ81_17005,1.09233283996582,significant_up,day 18
ACZ81_03155,-1.09191767374674,significant_down,day 31
ACZ81_19770,1.09174219767252,significant_up,day 18
ACZ81_00135,1.09153683980306,not_significant,day 18
ACZ81_12545,-1.09144528706869,significant_down,day 31
ACZ81_18550,1.09117571512858,significant_up,day 89
ACZ81_14495,1.09106953938802,significant_up,day 18
ACZ81_16570,1.09051259358724,significant_up,day 31
ACZ81_09780,-1.09033521016439,significant_down,days 60+89
ACZ81_04650,-1.09015274047852,not_significant,day 60
ACZ81_15640,-1.08983198801677,not_significant,day 31
ACZ81_04610,1.08959579467773,significant_up,days 60+89
ACZ81_11520,1.08935070037842,significant_up,days 60+89
ACZ81_16400,1.08900260925293,significant_up,day 89
ACZ81_02405,-1.08840115865071,significant_down,day 31
ACZ81_19290,-1.08792559305827,significant_down,day 31
ACZ81_07860,1.08788235982259,significant_up,day 60
ACZ81_10705,-1.0876293182373,not_significant,day 18
ACZ81_03945,-1.08750406901042,significant_down,day 60
ACZ81_20375,-1.08703994750977,not_significant,day 60
ACZ81_08140,1.08701006571452,not_significant,days 60+89
ACZ81_10220,1.08658027648926,significant_up,day 89
ACZ81_09005,1.08634440104167,significant_up,day 18
ACZ81_13945,-1.08627605438232,significant_down,days 60+89
ACZ81_19805,-1.08609294891358,significant_down,days 60+89
ACZ81_01030,-1.08597056070963,significant_down,day 89
ACZ81_10860,-1.08587646484375,significant_down,day 89
ACZ81_20520,1.08517615000407,significant_up,days 60+89
ACZ81_03415,-1.08517583211263,significant_down,day 60
ACZ81_09310,1.08499336242676,not_significant,day 89
ACZ81_08470,1.08465830485026,significant_up,day 60
ACZ81_03315,1.08441988627115,not_significant,day 18
ACZ81_05400,-1.08433659871419,not_significant,days 60+89
ACZ81_14370,1.08432420094808,significant_up,days 60+89
ACZ81_05205,-1.08407847086589,significant_down,day 31
ACZ81_01650,1.08404922485351,significant_up,day 89
ACZ81_07230,-1.08384609222412,not_significant,days 60+89
ACZ81_14450,1.08370780944824,significant_up,day 89
ACZ81_01695,-1.08322334289551,significant_down,day 89
ACZ81_07630,-1.08261934916178,significant_down,day 31
ACZ81_16870,1.08230463663737,significant_up,day 89
ACZ81_14645,-1.08209737141927,significant_down,day 60
ACZ81_18600,-1.08199119567871,not_significant,day 89
ACZ81_07145,-1.08173497517904,significant_down,day 60
ACZ81_13600,1.0816206932068,not_significant,days 60+89
ACZ81_13305,-1.08151308695475,significant_down,day 89
ACZ81_13330,-1.08108965555827,significant_down,day 89
ACZ81_02405,-1.08098347981771,significant_down,day 89
ACZ81_14170,1.08092816670735,not_significant,days 60+89
ACZ81_05710,1.08059374491373,significant_up,day 31
ACZ81_18095,-1.08050918579101,significant_down,day 31
ACZ81_01995,-1.08041477203369,significant_down,days 60+89
ACZ81_19575,-1.07958157857259,significant_down,day 89
ACZ81_15855,1.07945378621419,significant_up,day 60
ACZ81_07860,1.07932313283285,significant_up,days 60+89
ACZ81_02035,-1.07890955607097,not_significant,day 60
ACZ81_14295,-1.078888575236,not_significant,days 60+89
ACZ81_18005,-1.07887649536133,not_significant,day 60
ACZ81_03415,-1.0787607828776,significant_down,days 60+89
ACZ81_13765,-1.0779774983724,significant_down,day 60
ACZ81_00720,1.07763735453288,significant_up,day 31
ACZ81_14735,1.07757186889649,significant_up,day 60
ACZ81_08095,1.07675615946452,not_significant,day 31
ACZ81_17355,-1.07605234781901,not_significant,day 60
ACZ81_07365,-1.07561683654785,not_significant,day 60
ACZ81_00535,1.07523854573568,significant_up,day 89
ACZ81_13450,-1.07521756490072,significant_down,day 60
ACZ81_19840,-1.07514953613281,significant_down,day 31
ACZ81_14625,-1.07503191630046,not_significant,day 60
ACZ81_06910,-1.07491238911947,significant_down,day 89
ACZ81_10005,-1.07460339864095,significant_down,day 89
ACZ81_11840,1.07455285390218,not_significant,days 60+89
ACZ81_19770,1.0743719736735,significant_up,day 31
ACZ81_19575,-1.07433891296386,not_significant,day 18
ACZ81_07435,1.0740712483724,significant_up,day 89
ACZ81_06075,-1.07392374674479,significant_down,day 60
ACZ81_17755,1.07367006937663,significant_up,day 60
ACZ81_15860,-1.07356135050456,not_significant,day 18
ACZ81_12340,1.0735600789388,significant_up,day 89
ACZ81_08680,-1.07347806294759,significant_down,day 18
ACZ81_14645,-1.07301266988118,significant_down,day 31
ACZ81_11840,1.07281875610351,not_significant,day 18
ACZ81_07280,-1.07277425130208,significant_down,day 60
ACZ81_03415,-1.07234573364258,significant_down,day 89
ACZ81_12255,-1.07230758666992,significant_down,day 60
ACZ81_12390,1.07220141092936,not_significant,day 18
ACZ81_02245,1.0717716217041,not_significant,day 60
ACZ81_06035,1.0713005065918,significant_up,day 60
ACZ81_14595,1.07120323181152,significant_up,day 31
ACZ81_16885,-1.07111612955729,significant_down,day 89
ACZ81_07860,1.0707639058431,significant_up,day 89
ACZ81_11210,-1.0701249440511,not_significant,day 89
ACZ81_08165,-1.06982390085856,significant_down,days 60+89
ACZ81_13395,-1.06953875223796,significant_down,day 60
ACZ81_00210,-1.06948216756185,not_significant,day 31
ACZ81_02410,-1.06947294871012,significant_down,days 60+89
ACZ81_02750,-1.06808026631673,not_significant,day 18
ACZ81_05275,-1.06790860493978,significant_down,days 60+89
ACZ81_16125,1.06785996754964,significant_up,days 60+89
ACZ81_06565,-1.067839940389,significant_down,day 89
ACZ81_01495,-1.06749788920085,significant_down,day 31
ACZ81_07490,1.06711832682292,significant_up,day 18
ACZ81_04830,1.06589571634928,significant_up,day 60
ACZ81_17250,-1.06572469075521,significant_down,day 89
ACZ81_13480,1.06518046061198,significant_up,day 60
ACZ81_08645,1.06516456604004,significant_up,days 60+89
ACZ81_03900,1.06507746378581,significant_up,day 31
ACZ81_02290,-1.06499862670898,significant_down,day 60
ACZ81_12555,-1.06462033589681,not_significant,day 60
ACZ81_17875,1.06382878621419,significant_up,days 60+89
ACZ81_10695,1.06329790751139,not_significant,day 89
ACZ81_08070,-1.06328964233398,significant_down,day 89
ACZ81_17425,1.06312942504883,significant_up,day 89
ACZ81_16570,1.06311225891113,significant_up,day 18
ACZ81_05280,-1.06309572855632,significant_down,day 31
ACZ81_05915,1.06273714701335,significant_up,day 18
ACZ81_14625,-1.06262874603272,not_significant,days 60+89
ACZ81_06900,1.06233596801758,significant_up,day 89
ACZ81_01430,-1.06208101908366,significant_down,day 60
ACZ81_01995,-1.06194432576497,significant_down,day 89
ACZ81_01990,-1.06164836883545,not_significant,days 60+89
ACZ81_18555,1.0614283879598,not_significant,days 60+89
ACZ81_00300,1.06109873453776,significant_up,day 89
ACZ81_04710,-1.06106535593669,significant_down,days 60+89
ACZ81_05710,1.06095441182454,significant_up,day 89
ACZ81_18785,1.06073570251465,significant_up,day 18
ACZ81_05050,1.0606943766276,not_significant,day 60
ACZ81_05505,-1.06050682067871,not_significant,day 18
ACZ81_11920,-1.06032689412435,not_significant,day 60
ACZ81_09195,1.06010627746582,not_significant,days 60+89
ACZ81_02105,-1.06003761291504,not_significant,day 60
ACZ81_07285,-1.05984052022298,not_significant,day 89
ACZ81_00155,-1.05922889709473,significant_down,day 31
ACZ81_17185,-1.05912844340006,significant_down,day 31
ACZ81_17545,-1.05863507588705,significant_down,day 60
ACZ81_15330,1.0585880279541,significant_up,day 31
ACZ81_17530,-1.05810101826986,significant_down,day 31
ACZ81_13415,-1.05761082967123,significant_down,day 31
ACZ81_17705,-1.05754534403483,significant_down,days 60+89
ACZ81_14970,1.05676396687826,significant_up,day 60
ACZ81_15855,1.05627059936524,significant_up,days 60+89
ACZ81_03465,1.05592219034831,significant_up,day 60
ACZ81_03260,1.05575052897135,significant_up,day 18
ACZ81_06855,1.0555419921875,significant_up,day 89
ACZ81_17515,-1.05456860860189,significant_down,day 31
ACZ81_18700,1.05435053507487,not_significant,day 18
ACZ81_11330,-1.05419158935547,not_significant,day 18
ACZ81_19475,-1.05381647745768,significant_down,day 60
ACZ81_01685,-1.05379962921142,not_significant,days 60+89
ACZ81_07360,-1.05235735575358,significant_down,day 31
ACZ81_05290,-1.05189895629883,significant_down,day 60
ACZ81_09950,1.05174032847087,significant_up,days 60+89
ACZ81_02070,-1.05142339070638,significant_down,day 60
ACZ81_09775,-1.0513105392456,significant_down,days 60+89
ACZ81_04755,1.0504773457845,not_significant,day 89
ACZ81_14625,-1.05022557576498,not_significant,day 89
ACZ81_00270,1.05015691121419,not_significant,day 60
ACZ81_13730,1.05002721150716,significant_up,day 31
ACZ81_10330,-1.04977544148763,significant_down,day 31
ACZ81_11430,1.0494499206543,significant_up,day 18
ACZ81_16755,1.04905764261881,not_significant,day 18
ACZ81_16885,-1.04855314890544,significant_down,days 60+89
ACZ81_12255,-1.04848162333171,significant_down,days 60+89
ACZ81_07780,-1.04807726542155,significant_down,day 60
ACZ81_02105,-1.04787317911784,not_significant,day 31
ACZ81_19715,1.04775619506836,significant_up,day 31
ACZ81_07125,-1.0473804473877,not_significant,day 31
ACZ81_18250,1.04648780822754,significant_up,days 60+89
ACZ81_17590,-1.0457566579183,significant_down,day 89
ACZ81_00055,1.04560693105062,not_significant,day 31
ACZ81_19175,-1.04556465148926,not_significant,day 89
ACZ81_08210,1.04556020100911,significant_up,day 31
ACZ81_15050,-1.04548645019531,significant_down,day 18
ACZ81_03435,-1.04446093241374,significant_down,day 60
ACZ81_02425,1.04419008890788,not_significant,day 89
ACZ81_13985,1.04382387797038,significant_up,days 60+89
ACZ81_05045,1.04363632202148,not_significant,days 60+89
ACZ81_02770,-1.04353713989258,significant_down,day 60
ACZ81_00570,-1.04339536031087,significant_down,day 89
ACZ81_02370,1.04332288106282,significant_up,day 18
ACZ81_11305,1.04295762379964,significant_up,days 60+89
ACZ81_05555,1.04293123881022,significant_up,day 60
ACZ81_14085,1.04206720987956,significant_up,day 89
ACZ81_19845,-1.04193623860677,significant_down,day 60
ACZ81_01600,1.04082711537679,significant_up,days 60+89
ACZ81_01940,1.04075558980306,not_significant,day 31
ACZ81_05915,1.04072189331055,significant_up,day 31
ACZ81_10245,-1.04022153218588,significant_down,day 89
ACZ81_03375,1.03974405924479,significant_up,day 18
ACZ81_15275,1.03946749369303,significant_up,day 31
ACZ81_06975,1.03857358296712,not_significant,days 60+89
ACZ81_16485,1.03741709391276,not_significant,day 18
ACZ81_10220,1.03738594055176,significant_up,day 31
ACZ81_06050,-1.03714116414388,significant_down,day 60
ACZ81_17675,-1.03706169128418,significant_down,days 60+89
ACZ81_17755,1.03702131907145,significant_up,days 60+89
ACZ81_05370,1.03693262736003,significant_up,day 60
ACZ81_12510,-1.03610229492188,significant_down,day 60
ACZ81_14500,1.03601328531901,not_significant,day 31
ACZ81_01745,-1.03594779968262,significant_down,days 60+89
ACZ81_02740,1.03586260477702,not_significant,day 60
ACZ81_09400,-1.03574148813883,significant_down,days 60+89
ACZ81_03045,1.03572718302409,significant_up,day 60
ACZ81_09570,-1.03559366861979,not_significant,day 31
ACZ81_14415,1.03512001037598,significant_up,day 60
ACZ81_14960,-1.03415616353353,significant_down,day 18
ACZ81_13170,1.03405507405599,significant_up,day 60
ACZ81_17330,-1.03401756286621,significant_down,day 18
ACZ81_03260,1.03393236796061,significant_up,day 31
ACZ81_15450,1.03380711873372,significant_up,day 60
ACZ81_19845,-1.03363068898519,significant_down,days 60+89
ACZ81_00020,-1.03337860107422,significant_down,day 89
ACZ81_06690,1.03330103556316,not_significant,day 89
ACZ81_09210,-1.03330103556315,significant_down,day 31
ACZ81_19145,-1.03329594930013,not_significant,day 89
ACZ81_13870,1.03320248921712,significant_up,day 89
ACZ81_15855,1.03308741251628,significant_up,day 89
ACZ81_02685,-1.0327574412028,significant_down,day 18
ACZ81_19855,-1.03258577982585,significant_down,day 60
ACZ81_01365,-1.03252220153809,not_significant,days 60+89
ACZ81_17045,-1.03249359130859,significant_down,day 89
ACZ81_00300,1.03178405761719,significant_up,days 60+89
ACZ81_18605,-1.03177197774251,significant_down,day 60
ACZ81_13450,-1.03153483072917,significant_down,day 31
ACZ81_04150,-1.03145090738932,significant_down,days 60+89
ACZ81_14370,1.03127161661784,significant_up,day 89
ACZ81_12265,-1.03035418192546,not_significant,day 60
ACZ81_17905,1.03029441833496,significant_up,day 89
ACZ81_01505,1.0296007792155,not_significant,day 18
ACZ81_10165,1.02944882710775,significant_up,day 60
ACZ81_02360,1.02933247884115,significant_up,day 31
ACZ81_10300,-1.02930005391438,not_significant,day 89
ACZ81_05495,1.02906735738119,significant_up,day 31
ACZ81_16250,-1.02898025512695,significant_down,day 60
ACZ81_17425,1.02877521514892,significant_up,days 60+89
ACZ81_09730,1.02876663208008,significant_up,day 60
ACZ81_17680,1.0283203125,not_significant,day 89
ACZ81_05520,1.02817026774089,not_significant,day 18
ACZ81_16735,1.02775065104167,significant_up,day 18
ACZ81_08845,1.02758884429932,not_significant,days 60+89
ACZ81_18755,-1.02736028035482,not_significant,day 18
ACZ81_03920,-1.02730909983317,significant_down,days 60+89
ACZ81_10485,1.02702776590983,not_significant,day 31
ACZ81_17510,-1.02690887451172,significant_down,day 89
ACZ81_03995,-1.02625211079915,significant_down,day 60
ACZ81_07665,-1.02615801493327,not_significant,days 60+89
ACZ81_00270,-1.02606010437012,not_significant,day 18
ACZ81_16885,-1.02599016825358,significant_down,day 60
ACZ81_11025,1.02596473693848,not_significant,day 31
ACZ81_13210,-1.0254700978597,significant_down,day 31
ACZ81_19595,-1.02535120646159,significant_down,day 31
ACZ81_19845,-1.0253251393636,significant_down,day 89
ACZ81_10695,1.02515284220378,not_significant,day 31
ACZ81_12255,-1.02465565999349,significant_down,day 89
ACZ81_10195,1.02462641398112,significant_up,day 31
ACZ81_02470,1.02453422546387,significant_up,day 60
ACZ81_19665,1.0244083404541,significant_up,day 89
ACZ81_06865,1.02430438995362,significant_up,days 60+89
ACZ81_17590,-1.02371279398601,significant_down,days 60+89
ACZ81_14650,-1.02367909749348,significant_down,day 31
ACZ81_02315,-1.02366765340169,significant_down,day 31
ACZ81_10040,1.02329254150391,not_significant,day 89
ACZ81_15685,1.0231081644694,not_significant,day 18
ACZ81_15640,-1.0229860941569,not_significant,day 60
ACZ81_16165,-1.02292251586914,significant_down,day 18
ACZ81_18550,1.0227435429891,significant_up,days 60+89
ACZ81_11235,1.02195930480957,not_significant,day 31
ACZ81_19830,-1.02194913228353,significant_down,day 31
ACZ81_01380,-1.0218137105306,significant_down,day 31
ACZ81_07060,1.02159627278646,significant_up,day 31
ACZ81_09360,1.02138551076253,significant_up,days 60+89
ACZ81_07065,1.02120780944824,not_significant,day 60
ACZ81_17965,1.02109909057617,significant_up,day 31
ACZ81_17580,-1.0208600362142,significant_down,day 89
ACZ81_11710,1.02046839396159,significant_up,day 31
ACZ81_17875,1.02043914794922,not_significant,day 60
ACZ81_09780,-1.02040672302246,significant_down,day 60
ACZ81_04110,1.02036412556966,significant_up,day 31
ACZ81_03400,-1.02031962076823,significant_down,day 60
ACZ81_14490,-1.02026812235514,significant_down,days 60+89
ACZ81_09955,1.02025477091471,significant_up,day 89
ACZ81_12760,1.01965840657552,significant_up,day 31
ACZ81_11950,-1.01926676432292,significant_down,day 31
ACZ81_04900,-1.01923624674479,not_significant,day 60
ACZ81_05520,1.01923624674479,significant_up,day 31
ACZ81_02890,-1.01917711893718,significant_down,day 31
ACZ81_08580,1.01915295918782,significant_up,days 60+89
ACZ81_12865,1.01894569396973,significant_up,day 31
ACZ81_13155,1.01866086324056,significant_up,day 60
ACZ81_05400,-1.01831690470378,not_significant,day 31
ACZ81_18605,-1.01768302917481,significant_down,days 60+89
ACZ81_09510,-1.01768239339193,significant_down,day 60
ACZ81_17395,1.01749229431152,significant_up,day 18
ACZ81_19820,1.01671028137207,significant_up,day 60
ACZ81_15565,-1.0165646870931,significant_down,day 31
ACZ81_04485,-1.01654656728109,not_significant,days 60+89
ACZ81_01095,1.01629702250163,not_significant,day 18
ACZ81_18475,-1.0161870320638,significant_down,day 31
ACZ81_06345,-1.01599407196045,not_significant,days 60+89
ACZ81_00055,1.01556301116943,not_significant,day 60
ACZ81_18760,-1.01504135131836,not_significant,day 89
ACZ81_11125,-1.01470820109049,not_significant,day 31
ACZ81_09770,1.01466306050619,significant_up,day 18
ACZ81_10865,-1.01445833841959,not_significant,day 89
ACZ81_10265,1.01388549804688,significant_up,day 18
ACZ81_18810,1.01330502827962,significant_up,day 60
ACZ81_03845,1.01323636372884,significant_up,day 18
ACZ81_01910,1.01313273111979,significant_up,day 60
ACZ81_14170,1.01293309529622,not_significant,day 60
ACZ81_05300,-1.0126724243164,significant_down,day 89
ACZ81_01270,1.0126625696818,not_significant,days 60+89
ACZ81_19145,-1.01240253448486,not_significant,days 60+89
ACZ81_08100,-1.01239458719889,significant_down,day 60
ACZ81_13945,-1.01217651367187,significant_down,day 31
ACZ81_00970,1.01215934753418,significant_up,day 89
ACZ81_19780,1.01199785868327,significant_up,day 60
ACZ81_02945,1.01163800557455,significant_up,day 89
ACZ81_10220,1.0114221572876,significant_up,days 60+89
ACZ81_03045,1.01130453745524,significant_up,days 60+89
ACZ81_14210,1.01058705647787,not_significant,day 18
ACZ81_13330,-1.01013946533203,significant_down,day 18
ACZ81_19745,1.00970077514648,significant_up,day 60
ACZ81_05275,-1.00960858662924,significant_down,day 89
ACZ81_15525,1.00957870483398,significant_up,day 60
ACZ81_18230,1.00951703389486,significant_up,day 18
ACZ81_11385,-1.00928115844727,significant_down,day 89
ACZ81_02685,-1.00915590922038,significant_down,day 89
ACZ81_08430,1.00893211364746,significant_up,day 31
ACZ81_03055,1.00857925415039,not_significant,day 18
ACZ81_01075,1.0085023244222,not_significant,day 60
ACZ81_01205,1.00812403361003,significant_up,day 60
ACZ81_11545,1.00808175404866,significant_up,days 60+89
ACZ81_00285,1.00803375244141,significant_up,day 89
ACZ81_19285,-1.00775337219239,significant_down,day 31
ACZ81_07860,1.00763320922852,significant_up,day 18
ACZ81_06475,1.00739860534668,not_significant,day 31
ACZ81_08555,-1.00735855102539,significant_down,day 89
ACZ81_04360,1.00704956054688,significant_up,day 31
ACZ81_00900,-1.00671704610189,significant_down,day 89
ACZ81_02045,-1.00668652852376,significant_down,day 60
ACZ81_13455,-1.00621668497721,significant_down,day 89
ACZ81_15395,1.00584856669108,significant_up,day 18
ACZ81_14770,1.00577322642008,significant_up,days 60+89
ACZ81_12470,-1.00464471181234,not_significant,days 60+89
ACZ81_07305,-1.00464312235514,significant_down,day 60
ACZ81_02115,-1.00461769104004,not_significant,day 60
ACZ81_01005,1.00435829162598,significant_up,day 89
ACZ81_18605,-1.0035940806071,significant_down,day 89
ACZ81_03445,-1.00343831380208,not_significant,day 89
ACZ81_12480,1.00329653422038,significant_up,day 31
ACZ81_07945,-1.00283114115397,significant_down,day 60
ACZ81_09980,1.00276819864909,significant_up,day 60
ACZ81_10025,-1.00261370340983,not_significant,day 60
ACZ81_13025,-1.00260289510091,not_significant,day 89
ACZ81_00300,1.00246938069661,significant_up,day 60
ACZ81_17840,-1.00237210591634,not_significant,day 18
ACZ81_07080,-1.00221633911133,significant_down,day 89
ACZ81_11130,1.00167655944824,significant_up,days 60+89
ACZ81_17590,-1.00166893005371,significant_down,day 60
ACZ81_06900,1.00157101949056,significant_up,days 60+89
ACZ81_00720,1.00128428141276,significant_up,days 60+89
ACZ81_12940,1.0008176167806,not_significant,day 18
ACZ81_17175,-1.00068537394206,not_significant,days 60+89
ACZ81_13870,1.00059382120768,significant_up,day 31
ACZ81_02980,-1.00058937072754,significant_down,days 60+89
ACZ81_12290,-1.00058650970459,significant_down,days 60+89
ACZ81_01980,-1.00050862630208,significant_down,day 60
ACZ81_17755,1.00037256876628,significant_up,day 89
ACZ81_13230,1.0003662109375,not_significant,day 18
ACZ81_19400,1.00014273325602,not_significant,days 60+89
ACZ81_07230,-0.999284744262696,not_significant,day 89
ACZ81_11225,-0.998817443847656,not_significant,day 18
ACZ81_05945,-0.998492876688639,not_significant,days 60+89
ACZ81_19430,-0.998026529947913,not_significant,day 31
ACZ81_05025,0.997791926066081,not_significant,day 89
ACZ81_07445,0.997666676839193,not_significant,day 18
ACZ81_02470,0.997542381286622,not_significant,days 60+89
ACZ81_03680,-0.997443517049152,not_significant,day 60
ACZ81_09925,-0.99742380777995,not_significant,day 31
ACZ81_08080,-0.997381210327146,not_significant,day 89
ACZ81_08025,-0.997365951538086,not_significant,day 89
ACZ81_05520,0.997234980265296,not_significant,day 89
ACZ81_06360,-0.99700037638347,not_significant,day 60
ACZ81_18780,-0.996733347574869,not_significant,day 31
ACZ81_17290,-0.996617635091143,not_significant,day 89
ACZ81_08085,-0.996253967285156,not_significant,day 89
ACZ81_10235,-0.995684941609698,not_significant,day 89
ACZ81_07660,-0.995423634847005,not_significant,day 60
ACZ81_11605,0.994782129923504,not_significant,day 31
ACZ81_17425,0.994421005249022,not_significant,day 60
ACZ81_14800,0.993890126546222,not_significant,day 89
ACZ81_06035,0.993510246276855,not_significant,days 60+89
ACZ81_01150,-0.99350357055664,not_significant,day 60
ACZ81_00575,0.99349021911621,not_significant,day 60
ACZ81_13750,0.993336359659834,not_significant,day 31
ACZ81_07850,-0.993101755777995,not_significant,day 31
ACZ81_11150,-0.993091583251954,not_significant,day 60
ACZ81_15965,0.992971420288086,not_significant,day 18
ACZ81_16370,0.992882410685216,not_significant,day 89
ACZ81_13945,-0.992576599121094,not_significant,day 60
ACZ81_08540,0.992404301961257,not_significant,day 60
ACZ81_11010,0.992190043131512,not_significant,day 89
ACZ81_16165,-0.991667429606119,not_significant,day 31
ACZ81_19145,-0.991509119669597,not_significant,day 60
ACZ81_14540,-0.991291681925456,not_significant,day 60
ACZ81_18860,-0.990938186645507,not_significant,day 60
ACZ81_17580,-0.990768114725752,not_significant,days 60+89
ACZ81_04565,-0.990275065104167,not_significant,day 89
ACZ81_09645,-0.990107218424473,not_significant,day 60
ACZ81_13135,0.989531834920248,not_significant,day 89
ACZ81_07135,-0.989219029744466,not_significant,days 60+89
ACZ81_10190,-0.988876978556317,not_significant,day 89
ACZ81_07205,-0.988259633382157,not_significant,day 60
ACZ81_05930,-0.988074620564779,not_significant,day 89
ACZ81_10765,-0.987453778584797,not_significant,days 60+89
ACZ81_16440,-0.987098058064777,not_significant,day 89
ACZ81_03045,0.986881891886391,not_significant,day 89
ACZ81_04790,-0.986192703247072,not_significant,day 60
ACZ81_16925,-0.986028671264648,not_significant,day 31
ACZ81_05300,-0.985713322957357,not_significant,day 31
ACZ81_01695,-0.98516400655111,not_significant,day 18
ACZ81_07600,-0.985072453816734,not_significant,day 31
ACZ81_00020,-0.985016187032063,not_significant,days 60+89
ACZ81_17270,-0.984894434611003,not_significant,days 60+89
ACZ81_12975,-0.984800338745119,not_significant,day 31
ACZ81_07645,0.984652201334637,not_significant,day 60
ACZ81_08645,0.98430061340332,not_significant,day 60
ACZ81_11610,-0.984230041503904,not_significant,day 18
ACZ81_11895,0.984149932861329,not_significant,day 60
ACZ81_03435,-0.983944892883297,not_significant,days 60+89
ACZ81_11535,-0.982750256856284,not_significant,days 60+89
ACZ81_12345,-0.982686360677085,not_significant,day 89
ACZ81_05625,0.982630411783856,not_significant,day 89
ACZ81_13985,0.982378005981447,not_significant,day 60
ACZ81_04645,-0.982228597005209,not_significant,day 60
ACZ81_04610,0.98218282063802,not_significant,day 31
ACZ81_01930,0.98198699951172,not_significant,day 89
ACZ81_07295,0.981920878092447,not_significant,day 60
ACZ81_11795,0.98170852661133,not_significant,day 31
ACZ81_04690,-0.981401443481447,not_significant,day 89
ACZ81_06110,-0.981080373128254,not_significant,day 89
ACZ81_06870,0.980937321980791,not_significant,days 60+89
ACZ81_10245,-0.980884234110518,not_significant,days 60+89
ACZ81_04580,-0.98067855834961,not_significant,day 89
ACZ81_03920,-0.980435689290367,not_significant,day 31
ACZ81_13735,-0.979545911153157,not_significant,days 60+89
ACZ81_06400,-0.979267756144207,not_significant,day 31
ACZ81_16835,0.979262034098307,not_significant,day 60
ACZ81_12925,-0.979015350341799,not_significant,day 89
ACZ81_07675,-0.978958129882817,not_significant,day 31
ACZ81_10985,-0.978403091430664,not_significant,day 31
ACZ81_14265,0.978186289469399,not_significant,days 60+89
ACZ81_12445,0.977547327677406,not_significant,day 18
ACZ81_19965,0.977278391520183,not_significant,day 18
ACZ81_03995,-0.977004686991375,not_significant,days 60+89
ACZ81_11675,0.976964950561526,not_significant,day 89
ACZ81_05930,-0.976884206136068,not_significant,days 60+89
ACZ81_04735,-0.976734161376949,not_significant,day 89
ACZ81_13740,-0.976480484008789,not_significant,day 89
ACZ81_16035,0.976381301879884,not_significant,day 18
ACZ81_04645,-0.976214408874512,not_significant,days 60+89
ACZ81_07470,-0.975980122884115,not_significant,day 89
ACZ81_18300,-0.975870132446288,not_significant,days 60+89
ACZ81_01005,0.975756009419759,not_significant,days 60+89
ACZ81_18200,-0.975664138793941,not_significant,day 18
ACZ81_08165,-0.975640614827478,not_significant,day 60
ACZ81_11135,0.975514094034827,not_significant,days 60+89
ACZ81_12065,-0.975247065226237,not_significant,day 31
ACZ81_15035,0.975242614746097,not_significant,day 89
ACZ81_14000,-0.974898656209312,not_significant,day 31
ACZ81_09775,-0.974883397420245,not_significant,day 60
ACZ81_14785,0.97414525349935,not_significant,day 89
ACZ81_19145,-0.974009831746418,not_significant,day 31
ACZ81_01570,0.97338612874349,not_significant,day 18
ACZ81_07925,-0.97333017985026,not_significant,day 60
ACZ81_13765,-0.973289171854655,not_significant,days 60+89
ACZ81_01230,-0.973270416259765,not_significant,day 18
ACZ81_02705,0.973257064819333,not_significant,day 18
ACZ81_09530,-0.973230361938475,not_significant,day 31
ACZ81_06855,0.973220825195314,not_significant,days 60+89
ACZ81_11180,-0.973189671834312,not_significant,day 31
ACZ81_05895,0.973174413045246,not_significant,day 60
ACZ81_17060,-0.972992579142253,not_significant,day 60
ACZ81_07210,-0.972565333048502,not_significant,day 60
ACZ81_11515,-0.972320556640625,not_significant,day 60
ACZ81_15035,0.972154617309574,not_significant,days 60+89
ACZ81_05060,0.972068150838215,not_significant,day 18
ACZ81_02280,-0.971797943115231,not_significant,day 89
ACZ81_10140,0.971688588460287,not_significant,day 89
ACZ81_13400,0.971533457438151,not_significant,day 60
ACZ81_01485,-0.971289952596031,not_significant,day 60
ACZ81_14710,0.971254348754883,not_significant,day 89
ACZ81_12250,-0.971085230509442,not_significant,day 18
ACZ81_05085,-0.971000671386717,not_significant,days 60+89
ACZ81_15390,0.970995267232257,not_significant,days 60+89
ACZ81_12250,-0.970921834309896,not_significant,day 60
ACZ81_06570,0.970881779988605,not_significant,days 60+89
ACZ81_02470,0.970550537109376,not_significant,day 89
ACZ81_01215,-0.970467885335287,not_significant,day 89
ACZ81_17440,0.97039349873861,not_significant,day 89
ACZ81_04645,-0.970200220743816,not_significant,day 89
ACZ81_08655,0.970077514648436,not_significant,day 18
ACZ81_03435,-0.969905217488603,not_significant,day 31
ACZ81_14495,0.969731012980144,not_significant,day 31
ACZ81_RS13815,-0.969724019368489,not_significant,days 60+89
ACZ81_07960,-0.969600677490234,not_significant,day 31
ACZ81_09375,-0.96912988026937,not_significant,days 60+89
ACZ81_15035,0.96906661987305,not_significant,day 60
ACZ81_02410,-0.968926111857097,not_significant,day 89
ACZ81_05335,-0.968798955281576,not_significant,day 60
ACZ81_02160,-0.968613942464193,not_significant,day 89
ACZ81_03115,-0.968564351399742,not_significant,days 60+89
ACZ81_05895,0.968345006306964,not_significant,days 60+89
ACZ81_16105,-0.96781539916992,not_significant,day 60
ACZ81_13605,0.966446558634441,not_significant,day 89
ACZ81_00885,0.966314951578781,not_significant,day 18
ACZ81_05335,-0.966196695963542,not_significant,days 60+89
ACZ81_05930,-0.965693791707357,not_significant,day 60
ACZ81_06185,-0.965564092000327,not_significant,day 60
ACZ81_16970,-0.965539932250978,not_significant,day 18
ACZ81_19610,0.965441068013507,not_significant,days 60+89
ACZ81_09885,0.965363184611004,not_significant,day 18
ACZ81_10195,0.96533203125,not_significant,day 89
ACZ81_04970,0.96483484903971,not_significant,day 60
ACZ81_10620,0.96475632985433,not_significant,days 60+89
ACZ81_05220,-0.964374542236328,not_significant,day 60
ACZ81_07305,-0.964305877685547,not_significant,day 31
ACZ81_05200,-0.964021046956381,not_significant,day 60
ACZ81_00975,0.963972727457683,not_significant,day 31
ACZ81_17285,-0.963837941487628,not_significant,day 89
ACZ81_08355,0.963727315266924,not_significant,day 60
ACZ81_05335,-0.963594436645508,not_significant,day 89
ACZ81_19805,-0.963521957397465,not_significant,day 60
ACZ81_05895,0.963515599568683,not_significant,day 89
ACZ81_17305,-0.963349660237627,not_significant,day 18
ACZ81_04015,-0.963240305582685,not_significant,day 31
ACZ81_00405,-0.963202794392904,not_significant,days 60+89
ACZ81_02945,0.9630069732666,not_significant,day 31
ACZ81_11690,0.962522506713867,not_significant,day 18
ACZ81_02365,-0.962230046590167,not_significant,day 18
ACZ81_19330,-0.962184270222979,not_significant,day 60
ACZ81_03330,-0.962181727091473,not_significant,day 89
ACZ81_15760,0.962048212687175,not_significant,day 18
ACZ81_14955,-0.96198272705078,not_significant,day 60
ACZ81_16870,0.961978594462079,not_significant,days 60+89
ACZ81_17680,0.96172587076823,not_significant,days 60+89
ACZ81_19175,-0.961619059244795,not_significant,day 18
ACZ81_03680,-0.96117846171061,not_significant,days 60+89
ACZ81_17580,-0.960676193237307,not_significant,day 60
ACZ81_11755,-0.960233052571617,not_significant,day 60
ACZ81_13685,-0.960115432739256,not_significant,day 18
ACZ81_17260,-0.960043589274089,not_significant,day 89
ACZ81_17965,0.959997812906903,not_significant,day 18
ACZ81_17660,0.959419250488279,not_significant,day 31
ACZ81_13485,-0.959195454915365,not_significant,day 89
ACZ81_06085,-0.958957672119139,not_significant,day 89
ACZ81_03145,-0.958943684895833,not_significant,day 31
ACZ81_13135,0.958492279052735,not_significant,day 31
ACZ81_10220,0.958154678344723,not_significant,day 18
ACZ81_19965,0.958115259806316,not_significant,day 60
ACZ81_01030,-0.958088556925455,not_significant,days 60+89
ACZ81_19780,0.95806662241618,not_significant,days 60+89
ACZ81_09860,0.957915623982746,not_significant,day 31
ACZ81_11235,0.957468032836912,not_significant,day 89
ACZ81_11915,-0.956361134847004,not_significant,day 89
ACZ81_01135,-0.956286748250324,not_significant,day 89
ACZ81_00330,-0.955304463704427,not_significant,day 18
ACZ81_05745,-0.955148061116533,not_significant,day 60
ACZ81_02740,0.955124855041503,not_significant,days 60+89
ACZ81_05885,0.954878489176434,not_significant,day 60
ACZ81_11970,-0.954732577006021,not_significant,day 60
ACZ81_07440,0.954480489095053,not_significant,day 31
ACZ81_15200,-0.954359372456869,not_significant,days 60+89
ACZ81_18550,0.95431137084961,not_significant,day 60
ACZ81_05370,0.954311370849609,not_significant,days 60+89
ACZ81_11700,0.95410982767741,not_significant,day 89
ACZ81_11320,-0.954076131184897,not_significant,day 18
ACZ81_11570,0.95406405131022,not_significant,day 60
ACZ81_06050,-0.954035123189294,not_significant,days 60+89
ACZ81_13775,-0.953804016113281,not_significant,day 60
ACZ81_07830,0.953709920247398,not_significant,days 60+89
ACZ81_04570,-0.953595479329424,not_significant,day 89
ACZ81_08645,0.952919006347656,not_significant,day 31
ACZ81_18820,-0.952552159627279,not_significant,day 31
ACZ81_04040,-0.952537536621093,not_significant,day 31
ACZ81_01205,0.952519098917644,not_significant,day 31
ACZ81_09275,0.952494621276855,not_significant,days 60+89
ACZ81_19710,0.952414830525719,not_significant,days 60+89
ACZ81_06320,-0.952267964680993,not_significant,day 31
ACZ81_13155,0.952035586039226,not_significant,days 60+89
ACZ81_00300,0.95147959391276,not_significant,day 31
ACZ81_12305,0.950777689615888,not_significant,day 60
ACZ81_17060,-0.95063304901123,not_significant,days 60+89
ACZ81_05335,-0.950563430786133,not_significant,day 31
ACZ81_15455,0.950534820556637,not_significant,day 31
ACZ81_13925,0.950171152750649,not_significant,day 18
ACZ81_13520,0.949761072794596,not_significant,day 89
ACZ81_04990,-0.949492772420246,not_significant,day 31
ACZ81_10765,-0.949461619059245,not_significant,day 31
ACZ81_17285,-0.94899304707845,not_significant,days 60+89
ACZ81_11895,0.948703447977703,not_significant,days 60+89
ACZ81_13445,0.948306401570637,not_significant,day 31
ACZ81_16445,-0.947980244954427,not_significant,days 60+89
ACZ81_13510,0.947813669840496,not_significant,day 89
ACZ81_10075,0.947369893391929,not_significant,day 89
ACZ81_01005,0.947153727213542,not_significant,day 60
ACZ81_19250,0.947043736775717,not_significant,day 60
ACZ81_10150,0.94699796040853,not_significant,day 60
ACZ81_15905,-0.946965217590331,not_significant,days 60+89
ACZ81_11190,0.946929295857751,not_significant,day 89
ACZ81_10300,-0.946758588155105,not_significant,days 60+89
ACZ81_19540,0.9467347462972,not_significant,day 89
ACZ81_03265,-0.946545282999673,not_significant,day 89
ACZ81_19515,-0.946351369222004,not_significant,day 18
ACZ81_07130,-0.94635073343913,not_significant,day 31
ACZ81_00250,-0.946343104044596,not_significant,day 60
ACZ81_10330,-0.946206410725911,not_significant,day 18
ACZ81_02005,-0.946200688680021,not_significant,day 60
ACZ81_04565,-0.945807139078774,not_significant,day 31
ACZ81_04265,0.945687611897787,not_significant,day 89
ACZ81_15555,-0.945271809895834,not_significant,day 60
ACZ81_01340,0.945124308268233,not_significant,day 18
ACZ81_04425,0.945124308268233,not_significant,day 18
ACZ81_07515,0.945124308268233,not_significant,day 18
ACZ81_09590,0.945124308268233,not_significant,day 18
ACZ81_17130,0.945124308268233,not_significant,day 18
ACZ81_17290,-0.945024172465003,not_significant,days 60+89
ACZ81_17870,-0.944876988728841,not_significant,day 89
ACZ81_16685,-0.9448725382487,not_significant,day 31
ACZ81_01805,0.944639205932619,not_significant,day 18
ACZ81_19180,0.944008509318035,not_significant,day 31
ACZ81_08565,-0.94400151570638,not_significant,day 60
ACZ81_09120,-0.943857192993167,not_significant,day 31
ACZ81_16440,-0.943814277648924,not_significant,days 60+89
ACZ81_12725,0.943706512451168,not_significant,day 60
ACZ81_07280,-0.943609873453778,not_significant,days 60+89
ACZ81_03950,-0.943427403767904,not_significant,days 60+89
ACZ81_09665,-0.943419774373373,not_significant,day 60
ACZ81_07855,-0.943265279134116,not_significant,day 18
ACZ81_14780,0.943218231201172,not_significant,day 89
ACZ81_08165,-0.943122863769534,not_significant,day 31
ACZ81_07870,-0.943021774291994,not_significant,day 89
ACZ81_01340,-0.942580858866371,not_significant,day 89
ACZ81_04425,-0.942580858866371,not_significant,day 89
ACZ81_07515,-0.942580858866371,not_significant,day 89
ACZ81_09590,-0.942580858866371,not_significant,day 89
ACZ81_17130,-0.942580858866371,not_significant,day 89
ACZ81_12880,-0.942519505818687,not_significant,days 60+89
ACZ81_16395,-0.942241350809733,not_significant,days 60+89
ACZ81_16600,0.941776911417643,not_significant,days 60+89
ACZ81_01725,-0.941748301188156,not_significant,day 60
ACZ81_01665,-0.941701253255207,not_significant,day 18
ACZ81_05830,-0.941551208496097,not_significant,day 31
ACZ81_15565,-0.9412841796875,not_significant,day 18
ACZ81_02160,-0.941174825032552,not_significant,day 31
ACZ81_10705,0.941050211588546,not_significant,day 89
ACZ81_00910,0.940999348958333,not_significant,days 60+89
ACZ81_06900,0.940806070963541,not_significant,day 60
ACZ81_03370,0.94080416361491,not_significant,day 18
ACZ81_18780,-0.940457026163737,not_significant,day 89
ACZ81_02870,0.940265019734697,not_significant,day 31
ACZ81_10235,-0.940229733784989,not_significant,days 60+89
ACZ81_01095,0.940216700236006,not_significant,day 31
ACZ81_18605,-0.940059026082357,not_significant,day 31
ACZ81_12900,0.939708073933921,not_significant,day 18
ACZ81_09665,-0.939557075500489,not_significant,days 60+89
ACZ81_05125,0.93944803873698,not_significant,day 60
ACZ81_19625,0.939270655314129,not_significant,day 31
ACZ81_05300,-0.938991864522295,not_significant,days 60+89
ACZ81_07165,0.93883450826009,not_significant,days 60+89
ACZ81_10150,0.938809394836427,not_significant,days 60+89
ACZ81_18810,0.938717206319176,not_significant,days 60+89
ACZ81_03265,-0.93836784362793,not_significant,days 60+89
ACZ81_06195,-0.937944412231444,not_significant,day 60
ACZ81_01475,-0.937165578206379,not_significant,day 18
ACZ81_01865,0.937030156453448,not_significant,day 89
ACZ81_16115,-0.936853408813476,not_significant,day 31
ACZ81_00020,-0.936653772989906,not_significant,day 60
ACZ81_03735,0.936467488606771,not_significant,day 31
ACZ81_17190,-0.936448097229003,not_significant,days 60+89
ACZ81_07210,-0.936364809672037,not_significant,days 60+89
ACZ81_10220,0.936264038085937,not_significant,day 60
ACZ81_09665,-0.935694376627604,not_significant,day 89
ACZ81_19745,0.935359954833984,not_significant,day 31
ACZ81_14210,0.934998830159511,not_significant,day 31
ACZ81_05600,0.934763590494794,not_significant,day 89
ACZ81_07010,0.934723536173502,not_significant,day 31
ACZ81_14850,0.934661229451495,not_significant,day 31
ACZ81_08995,0.934395154317218,not_significant,days 60+89
ACZ81_18115,0.934152921040853,not_significant,days 60+89
ACZ81_17285,-0.934148152669272,not_significant,day 60
ACZ81_06220,-0.934066772460936,not_significant,day 89
ACZ81_14820,-0.933923721313477,not_significant,day 31
ACZ81_19475,-0.933735529581704,not_significant,day 31
ACZ81_09955,0.933459917704262,not_significant,days 60+89
ACZ81_04600,0.933444976806642,not_significant,day 89
ACZ81_00595,-0.933380762736004,not_significant,day 31
ACZ81_20140,0.932992935180665,not_significant,day 18
ACZ81_14385,0.932950337727863,not_significant,day 60
ACZ81_07070,0.93282413482666,not_significant,days 60+89
ACZ81_08745,-0.932511647542313,not_significant,day 89
ACZ81_18675,0.93229802449544,not_significant,day 31
ACZ81_18745,0.932223637898763,not_significant,day 89
ACZ81_13230,0.932169596354169,not_significant,day 60
ACZ81_09170,-0.932113011678062,not_significant,day 89
ACZ81_17040,-0.931933720906573,not_significant,day 60
ACZ81_15360,0.931910196940106,not_significant,day 31
ACZ81_14405,0.931833267211913,not_significant,day 89
ACZ81_13305,-0.931812604268391,not_significant,days 60+89
ACZ81_03220,0.931793848673503,not_significant,day 60
ACZ81_04055,0.931646982828777,not_significant,days 60+89
ACZ81_14885,0.931622823079423,not_significant,day 60
ACZ81_13425,-0.931431452433267,not_significant,day 18
ACZ81_13330,-0.931323687235516,not_significant,days 60+89
ACZ81_05270,-0.931101481119791,not_significant,day 60
ACZ81_10190,-0.93085034688314,not_significant,days 60+89
ACZ81_10150,0.930620829264325,not_significant,day 89
ACZ81_05820,0.930480957031248,not_significant,day 18
ACZ81_03265,-0.930190404256187,not_significant,day 60
ACZ81_17155,-0.929570515950521,not_significant,days 60+89
ACZ81_07115,0.929523468017581,not_significant,day 60
ACZ81_20150,0.929147084554039,not_significant,day 18
ACZ81_16740,0.928834915161135,not_significant,day 18
ACZ81_06185,-0.928812662760418,not_significant,day 31
ACZ81_02750,-0.928671518961589,not_significant,days 60+89
ACZ81_18230,0.928641001383464,not_significant,day 89
ACZ81_00970,0.928386688232424,not_significant,day 31
ACZ81_17060,-0.928273518880207,not_significant,day 89
ACZ81_18840,-0.927974065144858,not_significant,day 89
ACZ81_10775,-0.927806854248049,not_significant,day 31
ACZ81_03995,-0.927757263183595,not_significant,day 89
ACZ81_07975,0.927515665690104,not_significant,day 18
ACZ81_19295,0.927202860514324,not_significant,day 18
ACZ81_13050,0.927027066548669,not_significant,days 60+89
ACZ81_04145,-0.926551183064779,not_significant,day 18
ACZ81_05435,0.92643674214681,not_significant,day 18
ACZ81_07350,0.926377614339194,not_significant,day 60
ACZ81_00285,0.92574691772461,not_significant,day 18
ACZ81_19325,-0.925618489583333,not_significant,day 89
ACZ81_00285,0.925376892089843,not_significant,days 60+89
ACZ81_13800,-0.925203959147135,not_significant,day 60
ACZ81_13250,-0.925189336140949,not_significant,day 60
ACZ81_17175,-0.925027211507162,not_significant,day 31
ACZ81_03680,-0.924913406372069,not_significant,day 89
ACZ81_08095,-0.924127578735355,not_significant,day 60
ACZ81_10015,0.923861185709632,not_significant,day 89
ACZ81_03115,-0.923814773559571,not_significant,day 31
ACZ81_15265,-0.923585891723631,not_significant,day 60
ACZ81_03435,-0.923428853352859,not_significant,day 89
ACZ81_07850,-0.922894795735677,not_significant,day 18
ACZ81_13865,-0.92272631327311,not_significant,day 60
ACZ81_07315,-0.922587076822916,not_significant,day 60
ACZ81_13760,-0.922423044840495,not_significant,day 60
ACZ81_01020,-0.922315597534185,not_significant,day 18
ACZ81_00985,-0.92222785949707,not_significant,day 60
ACZ81_04600,0.922213872273762,not_significant,day 31
ACZ81_17545,-0.921785990397137,not_significant,day 31
ACZ81_11010,0.921692530314128,not_significant,days 60+89
ACZ81_10245,-0.921546936035159,not_significant,day 60
ACZ81_01825,-0.92144838968913,not_significant,day 60
ACZ81_05600,0.921110153198244,not_significant,day 31
ACZ81_10665,0.920796712239583,not_significant,day 89
ACZ81_10755,0.92068799336751,not_significant,day 60
ACZ81_04490,-0.920188268025716,not_significant,day 89
ACZ81_00105,-0.919605890909833,not_significant,day 89
ACZ81_11110,-0.919516245524089,not_significant,day 60
ACZ81_10680,-0.919467926025385,not_significant,day 60
ACZ81_16370,0.91936620076497,not_significant,days 60+89
ACZ81_12725,0.919284184773761,not_significant,days 60+89
ACZ81_20150,0.918673833211266,not_significant,day 31
ACZ81_13555,-0.918552398681641,not_significant,day 60
ACZ81_13555,-0.918137868245443,not_significant,day 31
ACZ81_02295,0.918131510416667,not_significant,day 31
ACZ81_10205,-0.918104807535806,not_significant,day 31
ACZ81_17035,-0.917897542317711,not_significant,day 31
ACZ81_02275,-0.917846043904622,not_significant,day 31
ACZ81_02160,-0.91783332824707,not_significant,days 60+89
ACZ81_13450,-0.917611440022787,not_significant,days 60+89
ACZ81_13960,0.917543411254885,not_significant,day 60
ACZ81_17830,-0.917105356852218,not_significant,days 60+89
ACZ81_05725,0.916501998901369,not_significant,days 60+89
ACZ81_14310,0.916426340738931,not_significant,day 31
ACZ81_12230,0.916289011637373,not_significant,day 89
ACZ81_02105,-0.915790239969887,not_significant,days 60+89
ACZ81_06035,0.915719985961913,not_significant,day 89
ACZ81_17035,-0.915567398071288,not_significant,day 18
ACZ81_14425,-0.915564854939779,not_significant,day 89
ACZ81_17045,-0.91555118560791,not_significant,days 60+89
ACZ81_04765,-0.915531158447266,not_significant,day 89
ACZ81_03190,0.915327707926433,not_significant,day 18
ACZ81_04970,0.915302912394206,not_significant,day 18
ACZ81_12685,0.915259679158527,not_significant,day 31
ACZ81_13425,-0.91521962483724,not_significant,day 89
ACZ81_13545,0.914737065633138,not_significant,day 89
ACZ81_16760,-0.914681752522788,not_significant,day 31
ACZ81_19855,-0.91451454162598,not_significant,day 31
ACZ81_19565,0.914368947347006,not_significant,day 89
ACZ81_01160,0.914361317952475,not_significant,days 60+89
ACZ81_12255,-0.914068857828773,not_significant,day 31
ACZ81_12685,0.913551966349284,not_significant,day 60
ACZ81_11520,0.913542429606121,not_significant,day 31
ACZ81_10745,-0.913434982299808,not_significant,day 60
ACZ81_12705,0.91333611806234,not_significant,days 60+89
ACZ81_11895,0.913256963094077,not_significant,day 89
ACZ81_05745,-0.91300868988037,not_significant,days 60+89
ACZ81_16685,-0.91255569458008,not_significant,day 60
ACZ81_01930,0.912464777628581,not_significant,days 60+89
ACZ81_08090,0.910966873168942,not_significant,day 31
ACZ81_05600,0.910394668579103,not_significant,day 18
ACZ81_03920,-0.910083134969077,not_significant,day 89
ACZ81_11055,-0.909732818603516,not_significant,day 89
ACZ81_16250,-0.909706433614095,not_significant,days 60+89
ACZ81_02790,0.909172693888348,not_significant,day 31
ACZ81_18005,-0.908126831054685,not_significant,day 18
ACZ81_01600,0.907766342163088,not_significant,day 60
ACZ81_09400,-0.907747904459636,not_significant,day 60
ACZ81_19215,0.907710393269856,not_significant,day 60
ACZ81_08140,0.907688140869142,not_significant,day 60
ACZ81_11160,-0.907632827758789,not_significant,days 60+89
ACZ81_04230,0.907068252563474,not_significant,day 31
ACZ81_03825,-0.906842549641926,not_significant,day 89
ACZ81_15815,0.906635284423827,not_significant,day 31
ACZ81_07295,0.906336148579915,not_significant,days 60+89
ACZ81_04150,-0.906113306681315,not_significant,day 60
ACZ81_16065,0.905737559000651,not_significant,day 31
ACZ81_13420,-0.905667622884116,not_significant,day 31
ACZ81_13855,-0.905310948689778,not_significant,day 60
ACZ81_18060,-0.905211766560874,not_significant,day 89
ACZ81_11795,0.904965718587244,not_significant,day 60
ACZ81_11750,-0.90483792622884,not_significant,day 89
ACZ81_05285,-0.904826482137046,not_significant,day 89
ACZ81_20625,0.904761632283529,not_significant,day 18
ACZ81_12330,0.904695510864253,not_significant,day 18
ACZ81_16600,0.904459635416666,not_significant,day 31
ACZ81_04670,-0.904360453287757,not_significant,day 89
ACZ81_16270,0.904316584269207,not_significant,day 31
ACZ81_19780,0.90413538614909,not_significant,day 89
ACZ81_14215,-0.903944015502928,not_significant,day 89
ACZ81_15505,-0.90387185414632,not_significant,days 60+89
ACZ81_14130,0.903826395670573,not_significant,day 31
ACZ81_19965,0.903609593709309,not_significant,day 31
ACZ81_14200,0.903184254964194,not_significant,day 60
ACZ81_20045,0.902908325195314,not_significant,day 18
ACZ81_10425,-0.902881304423015,not_significant,days 60+89
ACZ81_11700,0.902678171793621,not_significant,days 60+89
ACZ81_00105,-0.902303377787275,not_significant,days 60+89
ACZ81_07715,0.902257283528646,not_significant,day 18
ACZ81_09425,0.902208964029948,not_significant,day 60
ACZ81_10000,-0.901825586954754,not_significant,day 60
ACZ81_14740,-0.90161641438802,not_significant,day 31
ACZ81_17475,-0.901386260986328,not_significant,day 89
ACZ81_09225,0.901366551717123,not_significant,day 31
ACZ81_02365,-0.901330947875973,not_significant,day 31
ACZ81_04655,-0.90124448140462,not_significant,day 18
ACZ81_11675,0.90121714274089,not_significant,day 31
ACZ81_18270,0.900626500447593,not_significant,day 18
ACZ81_14885,0.900608380635578,not_significant,days 60+89
ACZ81_10745,-0.900568326314293,not_significant,days 60+89
ACZ81_16440,-0.90053049723307,not_significant,day 60
ACZ81_11145,-0.900437990824381,not_significant,days 60+89
ACZ81_13555,-0.900368690490723,not_significant,days 60+89
ACZ81_09295,-0.900304158528643,not_significant,day 89
ACZ81_07210,-0.900164286295572,not_significant,day 89
ACZ81_08100,-0.900142351786296,not_significant,days 60+89
ACZ81_06560,0.900105158487956,not_significant,day 18
ACZ81_17530,-0.899538040161134,not_significant,day 18
ACZ81_01990,-0.899372736612952,not_significant,day 89
ACZ81_02045,-0.899079322814939,not_significant,days 60+89
ACZ81_15535,-0.899000803629558,not_significant,day 89
ACZ81_13170,0.898717880249025,not_significant,day 31
ACZ81_01010,0.898277282714844,not_significant,day 60
ACZ81_04820,-0.898147583007812,not_significant,day 89
ACZ81_15125,0.898108800252279,not_significant,day 18
ACZ81_02385,-0.897996902465817,not_significant,day 31
ACZ81_13890,-0.897934595743819,not_significant,day 60
ACZ81_05740,0.8978271484375,not_significant,day 60
ACZ81_18160,0.897214253743488,not_significant,day 31
ACZ81_17905,0.897119522094726,not_significant,days 60+89
ACZ81_02245,0.89675712585449,not_significant,days 60+89
ACZ81_08580,0.89658419291178,not_significant,day 31
ACZ81_15645,-0.896338144938151,not_significant,day 60
ACZ81_04760,-0.896153132120766,not_significant,day 31
ACZ81_04605,0.896138509114584,not_significant,day 31
ACZ81_10070,0.896113077799479,not_significant,day 31
ACZ81_15430,0.896103541056317,not_significant,day 60
ACZ81_08105,-0.89598528544108,not_significant,day 60
ACZ81_17680,0.895131429036461,not_significant,day 60
ACZ81_08560,-0.895114262898761,not_significant,day 89
ACZ81_12725,0.894861857096353,not_significant,day 89
ACZ81_01150,-0.894774436950683,not_significant,days 60+89
ACZ81_01115,0.894352912902832,not_significant,days 60+89
ACZ81_06985,0.894257863362627,not_significant,day 18
ACZ81_15965,0.894253730773926,not_significant,days 60+89
ACZ81_18445,-0.894159317016606,not_significant,day 18
ACZ81_07095,0.893844604492186,not_significant,day 31
ACZ81_17260,-0.893663406372071,not_significant,days 60+89
ACZ81_14620,0.893564224243164,not_significant,day 18
ACZ81_00235,0.893515268961589,not_significant,day 89
ACZ81_19915,0.893442153930661,not_significant,day 89
ACZ81_17290,-0.893430709838864,not_significant,day 60
ACZ81_01685,-0.892937978108723,not_significant,day 18
ACZ81_06420,-0.891764958699544,not_significant,day 31
ACZ81_14910,0.891375859578451,not_significant,day 89
ACZ81_01180,0.891178131103515,not_significant,day 89
ACZ81_06855,0.890899658203126,not_significant,day 60
ACZ81_10135,0.89060656229655,not_significant,day 89
ACZ81_02750,-0.890537897745766,not_significant,day 31
ACZ81_02390,0.890410105387371,not_significant,day 60
ACZ81_19005,-0.889873504638671,not_significant,day 89
ACZ81_09950,0.889554341634114,not_significant,day 60
ACZ81_01825,0.889505386352537,not_significant,day 18
ACZ81_16835,0.889463106791178,not_significant,days 60+89
ACZ81_10860,-0.889373779296874,not_significant,day 31
ACZ81_01110,-0.888235410054526,not_significant,day 89
ACZ81_09510,-0.887754440307617,not_significant,days 60+89
ACZ81_10745,-0.887701670328778,not_significant,day 89
ACZ81_03330,-0.887583414713543,not_significant,day 31
ACZ81_07130,-0.887504577636722,not_significant,day 89
ACZ81_05025,0.887440681457519,not_significant,days 60+89
ACZ81_09530,0.887412389119468,not_significant,day 18
ACZ81_07945,-0.887310028076172,not_significant,days 60+89
ACZ81_00915,0.887170155843102,not_significant,day 60
ACZ81_11360,0.8870849609375,not_significant,day 18
ACZ81_01685,-0.88706652323405,not_significant,day 31
ACZ81_02545,-0.88702456156413,not_significant,day 18
ACZ81_16150,0.886811574300127,not_significant,day 31
ACZ81_11520,0.886280695597332,not_significant,day 60
ACZ81_17300,-0.885986328125,not_significant,day 31
ACZ81_03595,-0.885906855265299,not_significant,day 31
ACZ81_19665,0.885867754618325,not_significant,days 60+89
ACZ81_19280,-0.885707219441734,not_significant,day 31
ACZ81_12885,0.885445912679037,not_significant,day 31
ACZ81_13155,0.885410308837892,not_significant,day 89
ACZ81_12215,0.885162989298508,not_significant,day 31
ACZ81_00105,-0.885000864664716,not_significant,day 60
ACZ81_10235,-0.88477452596028,not_significant,day 60
ACZ81_13505,0.884693145751953,not_significant,day 89
ACZ81_19395,-0.884462674458822,not_significant,days 60+89
ACZ81_08520,-0.884082794189453,not_significant,day 89
ACZ81_16170,-0.883858362833659,not_significant,day 18
ACZ81_08085,-0.883293151855469,not_significant,day 31
ACZ81_05045,0.883268992106121,not_significant,day 18
ACZ81_11055,-0.883138656616209,not_significant,days 60+89
ACZ81_19630,0.882876714070638,not_significant,day 89
ACZ81_15455,0.882867813110347,not_significant,day 89
ACZ81_05500,-0.882829030354817,not_significant,day 31
ACZ81_16900,0.882612864176434,not_significant,day 89
ACZ81_02280,-0.882524172465004,not_significant,days 60+89
ACZ81_06565,-0.88243293762207,not_significant,days 60+89
ACZ81_07810,-0.882421493530276,not_significant,day 89
ACZ81_08580,0.882420857747394,not_significant,day 89
ACZ81_10820,0.882253646850585,not_significant,day 31
ACZ81_13555,-0.882184982299805,not_significant,day 89
ACZ81_06660,-0.882170995076499,not_significant,day 60
ACZ81_11755,-0.88201459248861,not_significant,days 60+89
ACZ81_04885,-0.88199551900228,not_significant,day 31
ACZ81_02745,-0.881933848063151,not_significant,day 60
ACZ81_11895,0.881545384724937,not_significant,day 18
ACZ81_08070,-0.881256739298503,not_significant,day 31
ACZ81_13800,-0.881201426188153,not_significant,day 31
ACZ81_09515,-0.881032943725586,not_significant,day 31
ACZ81_02725,-0.880886713663737,not_significant,day 89
ACZ81_10015,0.87979443868001,not_significant,day 18
ACZ81_12925,-0.87969748179118,not_significant,days 60+89
ACZ81_09195,0.879330317179359,not_significant,day 60
ACZ81_12650,0.87903340657552,not_significant,day 60
ACZ81_05015,0.878563563028972,not_significant,day 18
ACZ81_07145,-0.878349304199218,not_significant,days 60+89
ACZ81_17510,-0.878093083699546,not_significant,days 60+89
ACZ81_16125,0.87801742553711,not_significant,day 60
ACZ81_16445,-0.877796173095703,not_significant,day 31
ACZ81_00265,-0.877769788106282,not_significant,days 60+89
ACZ81_01025,0.877643585205083,not_significant,day 31
ACZ81_17070,-0.877426783243816,not_significant,day 18
ACZ81_05550,-0.877203623453777,not_significant,day 31
ACZ81_10865,-0.877203623453775,not_significant,day 31
ACZ81_14450,0.877193768819172,not_significant,days 60+89
ACZ81_09285,-0.877025604248043,not_significant,day 60
ACZ81_12345,-0.876756032307944,not_significant,days 60+89
ACZ81_05370,0.876552581787109,not_significant,day 18
ACZ81_11995,-0.876519521077472,not_significant,day 60
ACZ81_12535,0.876459121704102,not_significant,day 31
ACZ81_09275,0.876407623291017,not_significant,day 31
ACZ81_09120,-0.87624486287435,not_significant,day 60
ACZ81_02215,0.8759937286377,not_significant,day 31
ACZ81_15970,-0.875916163126627,not_significant,day 89
ACZ81_13960,0.875696818033854,not_significant,days 60+89
ACZ81_07410,-0.875662485758461,not_significant,day 31
ACZ81_09950,0.875336964925129,not_significant,day 31
ACZ81_17005,0.875287373860678,not_significant,day 31
ACZ81_17505,-0.87520090738932,not_significant,day 31
ACZ81_13685,-0.875130971272788,not_significant,days 60+89
ACZ81_00915,0.875112851460778,not_significant,days 60+89
ACZ81_16605,0.875089645385744,not_significant,days 60+89
ACZ81_02740,0.87438710530599,not_significant,day 89
ACZ81_08235,0.874324162801109,not_significant,day 31
ACZ81_03850,0.87427520751953,not_significant,day 31
ACZ81_00575,0.874157269795736,not_significant,days 60+89
ACZ81_13220,-0.873964945475264,not_significant,day 60
ACZ81_14695,0.873706817626952,not_significant,day 31
ACZ81_13045,0.873534520467123,not_significant,day 89
ACZ81_10665,0.873285929361979,not_significant,days 60+89
ACZ81_03285,-0.872915267944336,not_significant,day 18
ACZ81_10190,-0.872823715209963,not_significant,day 60
ACZ81_11530,-0.872541427612304,not_significant,day 31
ACZ81_10680,-0.872416178385412,not_significant,days 60+89
ACZ81_05310,-0.87208938598633,not_significant,day 31
ACZ81_02390,0.872068405151368,not_significant,days 60+89
ACZ81_06590,0.872058232625326,not_significant,day 18
ACZ81_13775,-0.871843655904134,not_significant,days 60+89
ACZ81_07590,-0.871702829996747,not_significant,day 89
ACZ81_05370,0.871690114339192,not_significant,day 89
ACZ81_09850,0.871580123901367,not_significant,day 18
ACZ81_11675,0.871306737264,not_significant,days 60+89
ACZ81_18010,-0.871257781982422,not_significant,day 18
ACZ81_09070,-0.871252059936524,not_significant,day 18
ACZ81_06050,-0.870929082234704,not_significant,day 89
ACZ81_05745,-0.870869318644207,not_significant,day 89
ACZ81_10195,0.870859464009604,not_significant,days 60+89
ACZ81_02365,-0.87057050069173,not_significant,day 89
ACZ81_12165,0.870536168416339,not_significant,day 18
ACZ81_02075,0.870497385660811,not_significant,day 31
ACZ81_06955,0.870404561360675,not_significant,day 89
ACZ81_08330,0.870148340861003,not_significant,day 31
ACZ81_01050,-0.870092391967773,not_significant,days 60+89
ACZ81_04665,-0.870030721028647,not_significant,day 31
ACZ81_10275,-0.869750340779623,not_significant,day 89
ACZ81_14885,0.869593938191733,not_significant,day 89
ACZ81_18030,-0.869514465332028,not_significant,day 18
ACZ81_06700,0.86942990620931,not_significant,day 60
ACZ81_01010,0.869195302327474,not_significant,day 18
ACZ81_18265,0.869152704874675,not_significant,day 60
ACZ81_13765,-0.868600845336914,not_significant,day 89
ACZ81_10005,-0.868499755859378,not_significant,days 60+89
ACZ81_01020,-0.868487675984701,not_significant,day 60
ACZ81_14130,0.867438634236653,not_significant,day 60
ACZ81_14735,0.867224375406902,not_significant,day 31
ACZ81_04015,-0.867093404134117,not_significant,day 89
ACZ81_02160,-0.867052714029948,not_significant,day 60
ACZ81_01905,0.86695607503255,not_significant,days 60+89
ACZ81_19850,-0.86668841044108,not_significant,day 60
ACZ81_00905,-0.86668141682943,not_significant,day 60
ACZ81_08645,0.866557439168294,not_significant,day 18
ACZ81_01055,-0.866269429524738,not_significant,day 89
ACZ81_17230,0.866083780924478,not_significant,days 60+89
ACZ81_05665,-0.865929921468099,not_significant,day 89
ACZ81_08215,-0.865751266479494,not_significant,day 60
ACZ81_16740,0.865582784016931,not_significant,day 31
ACZ81_00145,-0.865322113037111,not_significant,day 60
ACZ81_05300,-0.865311304728187,not_significant,day 60
ACZ81_12290,-0.865016301472979,not_significant,day 89
ACZ81_05330,-0.864552179972331,not_significant,day 89
ACZ81_09150,0.864438374837237,not_significant,day 60
ACZ81_04230,0.864403406778968,not_significant,day 60
ACZ81_17035,-0.864217758178709,not_significant,days 60+89
ACZ81_10300,-0.864217122395826,not_significant,day 60
ACZ81_12890,0.864182790120441,not_significant,day 31
ACZ81_18810,0.864129384358727,not_significant,day 89
ACZ81_14420,0.864024480183921,not_significant,day 31
ACZ81_04910,-0.8639767964681,not_significant,day 60
ACZ81_04820,-0.863934199015297,not_significant,days 60+89
ACZ81_15960,0.863655726114908,not_significant,day 60
ACZ81_07325,-0.863641738891604,not_significant,day 31
ACZ81_19400,0.863148371378577,not_significant,day 18
ACZ81_00915,0.863055547078454,not_significant,day 89
ACZ81_18355,0.862924575805664,not_significant,day 89
ACZ81_10780,-0.862902323404947,not_significant,day 60
ACZ81_15685,-0.86281776428223,not_significant,day 89
ACZ81_00720,0.862673441569011,not_significant,day 60
ACZ81_13410,-0.862601598103842,not_significant,day 60
ACZ81_13460,-0.862303415934245,not_significant,day 60
ACZ81_00290,-0.862279891967775,not_significant,day 89
ACZ81_03480,0.861944198608396,not_significant,days 60+89
ACZ81_16875,0.861066182454428,not_significant,day 60
ACZ81_06150,-0.861045201619461,not_significant,day 60
ACZ81_19115,-0.860777537027994,not_significant,day 60
ACZ81_12725,-0.860214869181316,not_significant,day 18
ACZ81_18370,0.859806696573897,not_significant,day 18
ACZ81_07810,-0.859637260437014,not_significant,days 60+89
ACZ81_07350,0.859604199727379,not_significant,days 60+89
ACZ81_17250,-0.859424591064455,not_significant,day 31
ACZ81_01695,-0.859402020772304,not_significant,days 60+89
ACZ81_19170,0.859138488769532,not_significant,day 89
ACZ81_12140,0.858989715576172,not_significant,day 89
ACZ81_05330,-0.858756065368653,not_significant,days 60+89
ACZ81_13485,-0.858736038208008,not_significant,days 60+89
ACZ81_17685,-0.858674367268884,not_significant,day 60
ACZ81_16270,0.858598073323567,not_significant,day 89
ACZ81_16900,0.85857137044271,not_significant,day 18
ACZ81_00285,0.858545939127603,not_significant,day 31
ACZ81_07325,-0.858536402384444,not_significant,day 18
ACZ81_09375,-0.858286539713542,not_significant,day 31
ACZ81_01180,0.857959429423015,not_significant,days 60+89
ACZ81_12915,0.85755729675293,not_significant,day 18
ACZ81_17345,-0.857390721638995,not_significant,day 18
ACZ81_12110,-0.857360839843749,not_significant,day 60
ACZ81_07135,-0.857055028279623,not_significant,day 89
ACZ81_11055,-0.856544494628902,not_significant,day 60
ACZ81_12390,0.856513341267903,not_significant,day 60
ACZ81_09425,0.856512069702149,not_significant,days 60+89
ACZ81_15225,-0.855580647786457,not_significant,day 60
ACZ81_10985,-0.855363845825196,not_significant,day 60
ACZ81_19835,-0.855335871378582,not_significant,day 89
ACZ81_06125,-0.855255762736005,not_significant,day 31
ACZ81_12090,0.854789098103843,not_significant,days 60+89
ACZ81_03915,-0.854724884033203,not_significant,day 89
ACZ81_00945,-0.854552268981936,not_significant,days 60+89
ACZ81_17545,-0.854404449462892,not_significant,day 18
ACZ81_11930,0.854156494140625,not_significant,day 60
ACZ81_03150,-0.854145050048828,not_significant,day 31
ACZ81_13520,0.853869756062825,not_significant,day 31
ACZ81_15160,-0.853755950927735,not_significant,day 60
ACZ81_02390,0.853726704915366,not_significant,day 89
ACZ81_00535,0.853498458862304,not_significant,days 60+89
ACZ81_01680,-0.853442509969076,not_significant,day 18
ACZ81_00570,-0.853269577026365,not_significant,days 60+89
ACZ81_07595,-0.853197097778323,not_significant,day 31
ACZ81_17660,0.853106180826823,not_significant,day 89
ACZ81_05330,-0.852959950764974,not_significant,day 60
ACZ81_14405,0.852618853251137,not_significant,days 60+89
ACZ81_03175,0.852594375610357,not_significant,day 18
ACZ81_20685,-0.852467219034831,not_significant,day 89
ACZ81_16585,-0.852465947469077,not_significant,day 60
ACZ81_07005,0.85222816467285,not_significant,day 18
ACZ81_17395,0.852097193400065,not_significant,day 31
ACZ81_14130,0.851998647054036,not_significant,days 60+89
ACZ81_18565,0.851291020711263,not_significant,day 31
ACZ81_11700,0.851246515909832,not_significant,day 60
ACZ81_11010,0.851195017496745,not_significant,day 60
ACZ81_13970,-0.851079305013021,not_significant,day 89
ACZ81_05595,0.851030349731443,not_significant,day 18
ACZ81_01685,-0.85072898864746,not_significant,day 89
ACZ81_11125,-0.850589752197263,not_significant,day 89
ACZ81_16600,0.850474675496419,not_significant,day 18
ACZ81_00105,-0.850158055623376,not_significant,day 31
ACZ81_13510,0.849919319152834,not_significant,days 60+89
ACZ81_13095,-0.84977022806803,not_significant,day 89
ACZ81_13740,-0.849374453226725,not_significant,days 60+89
ACZ81_15970,-0.849327405293782,not_significant,days 60+89
ACZ81_13455,-0.849272092183429,not_significant,days 60+89
ACZ81_07790,0.848997751871744,not_significant,day 31
ACZ81_01715,-0.848878224690754,not_significant,day 18
ACZ81_05580,-0.848564147949217,not_significant,day 89
ACZ81_17270,-0.848042805989583,not_significant,day 60
ACZ81_01855,0.847993850708011,not_significant,day 31
ACZ81_10780,-0.847947120666504,not_significant,days 60+89
ACZ81_04360,0.847790400187175,not_significant,day 18
ACZ81_15530,-0.84778594970703,not_significant,day 31
ACZ81_05820,0.847744623819989,not_significant,day 89
ACZ81_17285,-0.847364425659178,not_significant,day 18
ACZ81_05535,0.847260793050129,not_significant,day 89
ACZ81_19510,0.847155888875327,not_significant,day 89
ACZ81_17715,-0.847122828165691,not_significant,day 60
ACZ81_14085,0.847041765848795,not_significant,days 60+89
ACZ81_17710,-0.846721013387047,not_significant,day 18
ACZ81_09955,0.846665064493812,not_significant,day 60
ACZ81_08295,-0.84624671936035,not_significant,day 89
ACZ81_03510,-0.845964431762697,not_significant,day 89
ACZ81_01635,0.845951716105142,not_significant,days 60+89
ACZ81_16370,0.845849990844723,not_significant,day 60
ACZ81_14375,0.845825831095375,not_significant,days 60+89
ACZ81_19210,0.84582010904948,not_significant,day 31
ACZ81_10755,0.845767021179199,not_significant,days 60+89
ACZ81_01420,-0.845640182495114,not_significant,day 60
ACZ81_16780,0.845542907714843,not_significant,day 60
ACZ81_07885,0.845010121663414,not_significant,day 18
ACZ81_07600,-0.8442866007487,not_significant,day 60
ACZ81_03145,-0.844184875488281,not_significant,day 60
ACZ81_03585,0.844183603922527,not_significant,day 89
ACZ81_06150,-0.844067255655921,not_significant,days 60+89
ACZ81_07880,0.843866348266602,not_significant,day 18
ACZ81_01640,-0.84338061014811,not_significant,day 60
ACZ81_11130,0.843323389689127,not_significant,day 31
ACZ81_01995,-0.843273798624673,not_significant,day 31
ACZ81_02945,0.84299914042155,not_significant,day 18
ACZ81_01930,0.842942555745443,not_significant,day 60
ACZ81_00235,0.842881520589193,not_significant,days 60+89
ACZ81_07080,-0.842780431111655,not_significant,days 60+89
ACZ81_00285,0.84272003173828,not_significant,day 60
ACZ81_02790,0.841936747233075,not_significant,day 89
ACZ81_03515,0.841862996419271,not_significant,day 18
ACZ81_05060,0.841856002807615,not_significant,day 31
ACZ81_16965,-0.841696421305339,not_significant,day 31
ACZ81_03730,-0.841657638549806,not_significant,day 31
ACZ81_16870,0.841652552286785,not_significant,day 60
ACZ81_08305,0.841296513875323,not_significant,day 60
ACZ81_00970,0.841019948323569,not_significant,days 60+89
ACZ81_18480,-0.840480804443361,not_significant,days 60+89
ACZ81_12555,0.840226491292317,not_significant,day 18
ACZ81_15925,-0.840220133463546,not_significant,day 60
ACZ81_15390,-0.840047200520833,not_significant,day 18
ACZ81_12525,0.839743296305339,not_significant,day 60
ACZ81_04145,-0.839598337809246,not_significant,day 31
ACZ81_00385,0.839297612508136,not_significant,day 31
ACZ81_12715,-0.838783264160155,not_significant,day 31
ACZ81_08085,-0.838629086812337,not_significant,days 60+89
ACZ81_13750,0.838610967000327,not_significant,day 89
ACZ81_14040,0.838314056396486,not_significant,day 60
ACZ81_07805,-0.838033040364585,not_significant,day 60
ACZ81_15870,-0.837892532348634,not_significant,day 60
ACZ81_17465,0.837845484415687,not_significant,day 18
ACZ81_00525,-0.837832450866698,not_significant,days 60+89
ACZ81_17290,-0.837774912516273,not_significant,day 18
ACZ81_01650,0.837763468424477,not_significant,days 60+89
ACZ81_01605,-0.837257385253906,not_significant,day 18
ACZ81_17990,0.837112426757812,not_significant,day 89
ACZ81_15870,-0.836990356445314,not_significant,days 60+89
ACZ81_07810,-0.836853027343752,not_significant,day 60
ACZ81_02790,0.836776415506998,not_significant,days 60+89
ACZ81_13860,-0.836729685465497,not_significant,day 18
ACZ81_13760,-0.836684862772624,not_significant,days 60+89
ACZ81_14130,0.836558659871419,not_significant,day 89
ACZ81_11110,-0.836463610331217,not_significant,days 60+89
ACZ81_15870,-0.836088180541994,not_significant,day 89
ACZ81_15595,0.835652669270833,not_significant,day 89
ACZ81_00310,0.835538864135742,not_significant,day 18
ACZ81_19380,-0.835404078165692,not_significant,day 31
ACZ81_02470,0.835392634073892,not_significant,day 31
ACZ81_13520,0.835222244262695,not_significant,days 60+89
ACZ81_10895,0.835183461507161,not_significant,day 31
ACZ81_12535,0.835177739461263,not_significant,day 89
ACZ81_01790,0.834956487019857,not_significant,day 31
ACZ81_19320,-0.834803263346354,not_significant,day 60
ACZ81_11545,0.834677378336589,not_significant,day 60
ACZ81_12515,-0.834671656290688,not_significant,day 31
ACZ81_10080,0.834084828694661,not_significant,day 31
ACZ81_00450,-0.83397102355957,not_significant,day 31
ACZ81_13095,-0.833962122599284,not_significant,day 31
ACZ81_09240,0.833864847819012,not_significant,day 31
ACZ81_13960,0.833850224812825,not_significant,day 89
ACZ81_06865,0.8337885538737,not_significant,day 60
ACZ81_11515,-0.83372147878011,not_significant,days 60+89
ACZ81_10985,-0.833433787027995,not_significant,days 60+89
ACZ81_18585,0.833422978719071,not_significant,day 60
ACZ81_03585,0.833242098490399,not_significant,days 60+89
ACZ81_10780,-0.832991917928061,not_significant,day 89
ACZ81_07960,-0.83287811279297,not_significant,day 18
ACZ81_13810,-0.832809448242187,not_significant,day 89
ACZ81_08430,0.832475662231443,not_significant,day 18
ACZ81_07595,-0.832363128662112,not_significant,day 60
ACZ81_19595,-0.832069396972657,not_significant,day 18
ACZ81_14155,0.831915537516276,not_significant,day 18
ACZ81_08995,0.831823984781897,not_significant,day 31
ACZ81_RS13815,-0.831806182861327,not_significant,day 60
ACZ81_17870,-0.831703503926596,not_significant,days 60+89
ACZ81_14565,-0.83162117004395,not_significant,day 60
ACZ81_02790,0.831616083780921,not_significant,day 60
ACZ81_07295,0.830751419067383,not_significant,day 89
ACZ81_19835,-0.830696105957033,not_significant,days 60+89
ACZ81_11570,0.830613454182943,not_significant,day 31
ACZ81_12470,-0.830530166625978,not_significant,day 18
ACZ81_16605,0.830504735310874,not_significant,day 31
ACZ81_11295,0.830451329549157,not_significant,day 18
ACZ81_01030,-0.830206553141274,not_significant,day 60
ACZ81_12685,0.829933484395347,not_significant,days 60+89
ACZ81_08110,0.82985051472982,not_significant,day 60
ACZ81_01365,-0.829808553059897,not_significant,day 89
ACZ81_04820,-0.829720815022784,not_significant,day 60
ACZ81_02905,-0.829331080118816,not_significant,day 18
ACZ81_06815,0.82931645711263,not_significant,day 31
ACZ81_13395,-0.829181989034017,not_significant,days 60+89
ACZ81_01190,0.829169591267905,not_significant,day 60
ACZ81_11840,0.829073588053383,not_significant,day 60
ACZ81_15370,0.82886377970378,not_significant,day 18
ACZ81_07070,0.828795115152993,not_significant,day 31
ACZ81_13890,-0.828790346781415,not_significant,days 60+89
ACZ81_17350,-0.828625361124677,not_significant,day 18
ACZ81_11300,0.828378041585284,not_significant,day 18
ACZ81_08105,-0.828298568725585,not_significant,days 60+89
ACZ81_01360,-0.828277587890624,not_significant,days 60+89
ACZ81_06760,0.82813771565755,not_significant,day 89
ACZ81_16400,0.828095118204756,not_significant,days 60+89
ACZ81_15955,0.827620188395183,not_significant,day 18
ACZ81_05810,-0.827348073323566,not_significant,day 60
ACZ81_14200,0.827311515808107,not_significant,days 60+89
ACZ81_17260,-0.827283223470053,not_significant,day 60
ACZ81_07595,-0.827174186706546,not_significant,days 60+89
ACZ81_06150,-0.82708930969238,not_significant,day 89
ACZ81_14805,0.827042897542318,not_significant,day 60
ACZ81_16430,0.826965967814127,not_significant,day 89
ACZ81_00405,-0.826279958089193,not_significant,day 31
ACZ81_19425,0.825794219970704,not_significant,day 89
ACZ81_10665,0.825775146484376,not_significant,day 60
ACZ81_10680,-0.825364430745438,not_significant,day 89
ACZ81_19595,-0.825342814127607,not_significant,day 60
ACZ81_15430,0.824986775716147,not_significant,day 31
ACZ81_17040,-0.824923197428384,not_significant,day 31
ACZ81_11205,0.824899037679036,not_significant,day 31
ACZ81_01180,0.824740727742515,not_significant,day 60
ACZ81_03525,-0.824456532796229,not_significant,days 60+89
ACZ81_14740,-0.824067433675133,not_significant,day 60
ACZ81_13250,-0.823601404825845,not_significant,day 31
ACZ81_05115,-0.823479334513351,not_significant,day 31
ACZ81_08305,0.82311153411865,not_significant,days 60+89
ACZ81_15925,-0.822994550069177,not_significant,days 60+89
ACZ81_07660,-0.822826385498047,not_significant,day 31
ACZ81_05740,0.82273864746094,not_significant,day 31
ACZ81_15970,-0.822738647460937,not_significant,day 60
ACZ81_05520,0.822426160176593,not_significant,days 60+89
ACZ81_03585,0.822300593058271,not_significant,day 60
ACZ81_19595,-0.822184244791667,not_significant,days 60+89
ACZ81_12325,-0.822070439656573,not_significant,day 89
ACZ81_07595,-0.821985244750979,not_significant,day 89
ACZ81_00715,-0.82181231180827,not_significant,day 31
ACZ81_09375,-0.821805318196616,not_significant,day 89
ACZ81_14215,-0.821331342061357,not_significant,days 60+89
ACZ81_12565,0.821017583211263,not_significant,day 18
ACZ81_06215,0.820981979370117,not_significant,day 60
ACZ81_12340,0.820749600728353,not_significant,days 60+89
ACZ81_13770,-0.820718129475912,not_significant,day 60
ACZ81_09785,-0.819922765096027,not_significant,day 31
ACZ81_00615,0.819800694783528,not_significant,day 89
ACZ81_20280,0.819761912027992,not_significant,day 18
ACZ81_13085,0.819541295369465,not_significant,day 89
ACZ81_15545,-0.819373448689781,not_significant,day 31
ACZ81_10135,0.81919288635254,not_significant,days 60+89
ACZ81_09120,-0.819111824035645,not_significant,days 60+89
ACZ81_02695,0.819061915079752,not_significant,day 31
ACZ81_19595,-0.819025675455727,not_significant,day 89
ACZ81_03265,-0.818878173828127,not_significant,day 31
ACZ81_03485,-0.818590164184569,not_significant,day 31
ACZ81_10765,-0.818573633829752,not_significant,day 60
ACZ81_07110,-0.818315505981445,not_significant,day 89
ACZ81_06690,-0.81817245483398,not_significant,day 60
ACZ81_18840,-0.817881266276041,not_significant,days 60+89
ACZ81_12490,0.817580540974935,not_significant,day 31
ACZ81_04610,0.817422866821289,not_significant,day 60
ACZ81_19575,-0.817136446634926,not_significant,days 60+89
ACZ81_18040,-0.816909790039063,not_significant,day 18
ACZ81_04345,-0.816894531250004,not_significant,day 18
ACZ81_13545,0.816876729329427,not_significant,days 60+89
ACZ81_19075,-0.816735585530598,not_significant,day 89
ACZ81_01080,-0.816541671752928,not_significant,day 89
ACZ81_12500,-0.816316604614258,not_significant,day 60
ACZ81_00570,-0.816032409667963,not_significant,day 31
ACZ81_08850,0.816024144490557,not_significant,day 18
ACZ81_06835,-0.815735499064125,not_significant,day 60
ACZ81_17825,0.815547307332356,not_significant,day 60
ACZ81_02195,0.815453211466471,not_significant,day 18
ACZ81_08795,-0.81540870666504,not_significant,day 18
ACZ81_08160,-0.815161387125651,not_significant,day 89
ACZ81_01785,-0.814974466959634,not_significant,day 60
ACZ81_07280,-0.814445495605473,not_significant,day 89
ACZ81_09255,0.814430554707846,not_significant,days 60+89
ACZ81_01710,0.814094543457031,not_significant,day 31
ACZ81_04600,0.814059257507325,not_significant,days 60+89
ACZ81_15875,0.813486099243163,not_significant,day 89
ACZ81_00405,-0.81304931640625,not_significant,day 60
ACZ81_02470,0.813008626302083,not_significant,day 18
ACZ81_07960,-0.813007672627766,not_significant,days 60+89
ACZ81_18860,-0.812677383422852,not_significant,day 31
ACZ81_06890,0.812533696492514,not_significant,day 60
ACZ81_15640,-0.812478701273602,not_significant,days 60+89
ACZ81_14560,0.812107086181642,not_significant,day 89
ACZ81_19965,0.811751047770181,not_significant,days 60+89
ACZ81_11385,-0.811742146809896,not_significant,days 60+89
ACZ81_13395,-0.811718622843425,not_significant,day 31
ACZ81_10985,-0.811503728230794,not_significant,day 89
ACZ81_15500,0.811389287312828,not_significant,day 60
ACZ81_00145,-0.811365763346356,not_significant,days 60+89
ACZ81_03480,0.811137517293292,not_significant,day 31
ACZ81_13510,0.811049779256187,not_significant,day 31
ACZ81_09425,0.810815175374349,not_significant,day 89
ACZ81_16750,-0.810660044352215,not_significant,day 31
ACZ81_15875,0.810581525166831,not_significant,days 60+89
ACZ81_09940,0.8104362487793,not_significant,day 89
ACZ81_01000,0.810237248738607,not_significant,days 60+89
ACZ81_13995,-0.809864679972333,not_significant,day 31
ACZ81_11135,0.809717178344722,not_significant,day 89
ACZ81_07350,0.808611551920574,not_significant,day 31
ACZ81_07135,-0.808440526326497,not_significant,day 31
ACZ81_04175,0.808291753133137,not_significant,day 60
ACZ81_16000,-0.808228174845375,not_significant,day 89
ACZ81_12490,0.808184305826823,not_significant,day 89
ACZ81_13865,-0.80802281697591,not_significant,day 31
ACZ81_12265,-0.807961146036787,not_significant,day 18
ACZ81_09690,-0.807839075724287,not_significant,day 89
ACZ81_15875,0.807676951090499,not_significant,day 60
ACZ81_18100,-0.807601292928059,not_significant,day 18
ACZ81_17355,-0.807400067647301,not_significant,days 60+89
ACZ81_05245,0.807087580362958,not_significant,day 89
ACZ81_15720,0.806615193684897,not_significant,day 18
ACZ81_19620,-0.806486129760742,not_significant,day 89
ACZ81_19835,-0.806056340535483,not_significant,day 60
ACZ81_13015,0.806008656819664,not_significant,day 18
ACZ81_04820,-0.805974324544268,not_significant,day 31
ACZ81_13970,-0.805824915568034,not_significant,days 60+89
ACZ81_15925,-0.805768966674806,not_significant,day 89
ACZ81_06360,-0.805702845255538,not_significant,days 60+89
ACZ81_12305,0.805667877197266,not_significant,days 60+89
ACZ81_14370,0.805339177449543,not_significant,day 31
ACZ81_01080,-0.80510648091634,not_significant,days 60+89
ACZ81_16425,0.804943084716796,not_significant,day 31
ACZ81_08305,0.804926554361976,not_significant,day 89
ACZ81_01855,0.804716110229496,not_significant,day 60
ACZ81_06245,0.804695765177407,not_significant,day 89
ACZ81_16710,0.804548899332682,not_significant,day 89
ACZ81_02070,-0.804213523864746,not_significant,days 60+89
ACZ81_15900,-0.804092407226563,not_significant,day 31
ACZ81_06865,0.80384635925293,not_significant,day 18
ACZ81_11755,-0.803796132405604,not_significant,day 89
ACZ81_00230,-0.803716659545898,not_significant,day 60
ACZ81_17860,0.803418477376302,not_significant,day 18
ACZ81_17240,-0.803375244140627,not_significant,day 60
ACZ81_05355,0.803358078002931,not_significant,day 89
ACZ81_08160,-0.80304495493571,not_significant,days 60+89
ACZ81_01935,0.802837371826171,not_significant,day 60
ACZ81_14465,0.802776972452797,not_significant,day 89
ACZ81_09255,0.802019119262695,not_significant,day 31
ACZ81_09190,-0.801808039347333,not_significant,day 89
ACZ81_06220,-0.801752726236978,not_significant,days 60+89
ACZ81_17560,0.801137288411458,not_significant,day 18
ACZ81_08545,0.80101458231608,not_significant,day 31
ACZ81_02465,0.800617853800455,not_significant,day 31
ACZ81_08785,-0.800469080607096,not_significant,day 18
ACZ81_03915,-0.800280253092448,not_significant,days 60+89
ACZ81_08520,-0.800220171610513,not_significant,days 60+89
ACZ81_06760,0.800189336140947,not_significant,days 60+89
ACZ81_05220,-0.800144195556641,not_significant,day 31
ACZ81_11205,-0.799882570902503,not_significant,day 60
ACZ81_05725,-0.799797058105469,not_significant,day 31
ACZ81_01855,0.799712816874189,not_significant,days 60+89
ACZ81_16835,0.799664179484049,not_significant,day 89
ACZ81_16305,0.799574534098309,not_significant,day 60
ACZ81_01080,-0.799482981363932,not_significant,day 18
ACZ81_09975,0.799480438232421,not_significant,day 89
ACZ81_11625,-0.79945500691732,not_significant,day 60
ACZ81_03585,0.799326578776041,not_significant,day 18
ACZ81_17045,-0.798608779907227,not_significant,day 60
ACZ81_06635,-0.798473358154296,not_significant,day 31
ACZ81_12775,-0.798460006713866,not_significant,day 89
ACZ81_01430,-0.798370361328125,not_significant,day 18
ACZ81_02195,0.798342386881513,not_significant,day 60
ACZ81_08845,0.798048019409183,not_significant,day 60
ACZ81_00430,0.797791163126628,not_significant,day 18
ACZ81_09005,0.797499338785805,not_significant,day 31
ACZ81_06255,-0.797391891479493,not_significant,day 60
ACZ81_11920,-0.797296206156414,not_significant,days 60+89
ACZ81_16900,0.797235488891603,not_significant,day 31
ACZ81_09765,-0.796880086263023,not_significant,day 31
ACZ81_04580,-0.796473503112791,not_significant,days 60+89
ACZ81_17775,-0.79630279541016,not_significant,day 60
ACZ81_15455,0.796223004659012,not_significant,days 60+89
ACZ81_10895,0.796120325724285,not_significant,day 89
ACZ81_01150,-0.796045303344727,not_significant,day 89
ACZ81_07295,0.795426686604817,not_significant,day 31
ACZ81_12710,-0.79540506998698,not_significant,day 18
ACZ81_05510,0.795403798421222,not_significant,day 18
ACZ81_03325,-0.7952512105306,not_significant,day 60
ACZ81_02905,-0.794876734415694,not_significant,day 89
ACZ81_03800,0.794858932495114,not_significant,day 89
ACZ81_01855,0.794709523518883,not_significant,day 89
ACZ81_10620,0.794600804646811,not_significant,day 60
ACZ81_14385,0.794472376505533,not_significant,days 60+89
ACZ81_13905,0.794285456339517,not_significant,day 60
ACZ81_13770,-0.794018745422364,not_significant,days 60+89
ACZ81_05200,-0.793968836466473,not_significant,day 31
ACZ81_01080,-0.793671290079752,not_significant,day 60
ACZ81_02280,-0.793250401814778,not_significant,day 60
ACZ81_07350,0.792830785115564,not_significant,day 89
ACZ81_09860,0.792510986328124,not_significant,day 18
ACZ81_00235,0.792247772216797,not_significant,day 60
ACZ81_16440,-0.791871388753254,not_significant,day 31
ACZ81_10485,0.791813532511398,not_significant,day 89
ACZ81_09150,0.791812896728513,not_significant,day 31
ACZ81_02045,-0.791472117106117,not_significant,day 89
ACZ81_18160,0.791463216145831,not_significant,day 89
ACZ81_14560,0.791412989298504,not_significant,days 60+89
ACZ81_04650,-0.791140238444012,not_significant,day 18
ACZ81_06915,-0.791097005208334,not_significant,day 60
ACZ81_15325,-0.791046778361003,not_significant,day 60
ACZ81_00315,0.79101816813151,not_significant,day 18
ACZ81_04060,-0.790981928507489,not_significant,days 60+89
ACZ81_08160,-0.790928522745768,not_significant,day 60
ACZ81_10245,-0.79080708821615,not_significant,day 31
ACZ81_05275,-0.790501912434899,not_significant,day 18
ACZ81_16250,-0.790432612101237,not_significant,day 89
ACZ81_02770,-0.790278752644857,not_significant,day 31
ACZ81_00300,0.790153503417969,not_significant,day 18
ACZ81_19625,-0.790138880411784,not_significant,day 60
ACZ81_03045,0.790095647176107,not_significant,day 31
ACZ81_07600,-0.79003969828288,not_significant,days 60+89
ACZ81_05085,-0.79001490275065,not_significant,day 60
ACZ81_06320,-0.789976119995123,not_significant,day 89
ACZ81_01965,0.78989919026693,not_significant,day 89
ACZ81_13775,-0.789883295694987,not_significant,day 89
ACZ81_09915,0.789759318033856,not_significant,day 89
ACZ81_11135,0.788792292277016,not_significant,day 31
ACZ81_16330,-0.788638432820638,not_significant,day 60
ACZ81_15105,-0.788595517476402,not_significant,days 60+89
ACZ81_05370,0.788539250691733,not_significant,day 31
ACZ81_03950,-0.788323720296224,not_significant,day 31
ACZ81_06320,-0.788193066914881,not_significant,days 60+89
ACZ81_06670,0.788098653157547,not_significant,day 31
ACZ81_04770,0.788086573282877,not_significant,day 89
ACZ81_11680,-0.788022359212243,not_significant,day 18
ACZ81_01675,-0.787954330444341,not_significant,day 18
ACZ81_18810,0.787931442260744,not_significant,day 18
ACZ81_08100,-0.7878901163737,not_significant,day 89
ACZ81_20520,0.787630399068196,not_significant,day 89
ACZ81_16250,-0.787041346232097,not_significant,day 31
ACZ81_09170,-0.78701464335124,not_significant,days 60+89
ACZ81_03730,-0.786870956420899,not_significant,day 18
ACZ81_00050,-0.786838531494141,not_significant,day 60
ACZ81_11205,-0.786651293436688,not_significant,day 18
ACZ81_12250,-0.786582946777344,not_significant,days 60+89
ACZ81_06320,-0.78641001383464,not_significant,day 60
ACZ81_04710,-0.786026636759441,not_significant,day 60
ACZ81_03255,-0.785590489705404,not_significant,day 18
ACZ81_12510,-0.785337766011556,not_significant,days 60+89
ACZ81_03175,0.784474690755212,not_significant,day 31
ACZ81_19170,0.78441301981608,not_significant,day 18
ACZ81_15100,-0.784392038981121,not_significant,day 60
ACZ81_02980,-0.784231821695964,not_significant,day 31
ACZ81_09070,-0.783897399902342,not_significant,day 89
ACZ81_18060,0.783472696940104,not_significant,day 18
ACZ81_19325,-0.783398310343427,not_significant,day 31
ACZ81_03950,-0.78330103556315,not_significant,day 60
ACZ81_04105,0.782851537068683,not_significant,day 89
ACZ81_16445,-0.782782872517903,not_significant,day 89
ACZ81_10355,0.782248814900719,not_significant,day 89
ACZ81_13305,-0.78211212158203,not_significant,day 60
ACZ81_05320,-0.782083511352539,not_significant,day 60
ACZ81_11125,-0.782057444254557,not_significant,day 18
ACZ81_18285,-0.78201484680176,not_significant,day 89
ACZ81_14420,0.781903584798178,not_significant,day 60
ACZ81_13865,-0.781653086344398,not_significant,days 60+89
ACZ81_13330,-0.781557718912759,not_significant,day 60
ACZ81_11800,-0.781492869059245,not_significant,day 89
ACZ81_13165,-0.781474431355793,not_significant,day 60
ACZ81_12750,-0.7814515431722,not_significant,day 89
ACZ81_07010,0.781325022379558,not_significant,day 18
ACZ81_13465,-0.781321207682292,not_significant,day 18
ACZ81_13905,0.781055132548014,not_significant,days 60+89
ACZ81_10655,-0.780796686808267,not_significant,day 89
ACZ81_09190,-0.780428568522136,not_significant,days 60+89
ACZ81_12925,-0.780379613240561,not_significant,day 60
ACZ81_16710,0.779999415079752,not_significant,days 60+89
ACZ81_19320,-0.779966036478678,not_significant,days 60+89
ACZ81_04490,-0.779240926106771,not_significant,days 60+89
ACZ81_16900,0.778496424357098,not_significant,days 60+89
ACZ81_14385,0.778338114420574,not_significant,day 31
ACZ81_15455,0.778322855631507,not_significant,day 18
ACZ81_00355,-0.778259277343749,not_significant,day 89
ACZ81_02060,-0.778198242187499,not_significant,day 60
ACZ81_08795,-0.778112729390464,not_significant,days 60+89
ACZ81_12065,-0.778093973795574,not_significant,day 60
ACZ81_11230,-0.778024037679033,not_significant,day 60
ACZ81_02265,-0.777970631917317,not_significant,day 18
ACZ81_04970,0.7778844833374,not_significant,days 60+89
ACZ81_11440,0.777653376261396,not_significant,day 89
ACZ81_19250,0.777608235677083,not_significant,day 18
ACZ81_05140,-0.777570088704426,not_significant,day 31
ACZ81_00900,-0.777227083841961,not_significant,days 60+89
ACZ81_09535,0.777219136555992,not_significant,day 60
ACZ81_06360,-0.777135848999026,not_significant,day 18
ACZ81_05025,0.777089436848957,not_significant,day 60
ACZ81_13460,-0.777034441630046,not_significant,days 60+89
ACZ81_20280,-0.776756286621094,not_significant,days 60+89
ACZ81_03190,0.77660814921061,not_significant,day 31
ACZ81_16295,0.776569366455076,not_significant,day 60
ACZ81_10195,0.776386896769207,not_significant,day 60
ACZ81_06835,-0.776202837626138,not_significant,days 60+89
ACZ81_10410,-0.776130676269529,not_significant,day 31
ACZ81_05355,0.775866190592447,not_significant,days 60+89
ACZ81_18675,0.775388717651367,not_significant,day 18
ACZ81_07830,0.77527173360189,not_significant,day 31
ACZ81_17675,-0.775047302246094,not_significant,day 60
ACZ81_03330,-0.775008837381999,not_significant,days 60+89
ACZ81_01135,-0.774950981140136,not_significant,days 60+89
ACZ81_17250,-0.774602254231772,not_significant,day 18
ACZ81_03055,0.774578094482426,not_significant,day 31
ACZ81_01925,0.774374008178714,not_significant,day 60
ACZ81_12535,0.774016380310059,not_significant,days 60+89
ACZ81_14405,0.77340443929036,not_significant,day 60
ACZ81_02970,-0.772708892822265,not_significant,day 60
ACZ81_20220,-0.772668838500973,not_significant,day 31
ACZ81_09645,-0.77241579691569,not_significant,day 31
ACZ81_16360,-0.772279103597005,not_significant,day 89
ACZ81_06760,0.772240956624346,not_significant,day 60
ACZ81_10660,-0.771982192993163,not_significant,day 18
ACZ81_12490,0.771885553995769,not_significant,days 60+89
ACZ81_07945,-0.77178891499837,not_significant,day 89
ACZ81_02105,-0.771542867024738,not_significant,day 89
ACZ81_14565,-0.771454493204757,not_significant,days 60+89
ACZ81_11130,0.771337509155273,not_significant,day 89
ACZ81_19330,-0.77131907145182,not_significant,days 60+89
ACZ81_10755,0.770846048990888,not_significant,day 89
ACZ81_12345,-0.770825703938802,not_significant,day 60
ACZ81_10725,0.770795822143557,not_significant,day 60
ACZ81_14560,0.770718892415366,not_significant,day 60
ACZ81_09210,-0.770552317301432,not_significant,day 18
ACZ81_03680,-0.770402908325196,not_significant,day 31
ACZ81_04550,-0.770226478576661,not_significant,days 60+89
ACZ81_14295,-0.769727706909181,not_significant,day 31
ACZ81_12885,-0.769435246785482,not_significant,day 18
ACZ81_15285,0.769337336222331,not_significant,day 18
ACZ81_02250,0.768825531005859,not_significant,day 31
ACZ81_14710,0.76863161722819,not_significant,days 60+89
ACZ81_00315,0.76858711242676,not_significant,day 31
ACZ81_09690,-0.767871856689455,not_significant,days 60+89
ACZ81_13905,0.76782480875651,not_significant,day 89
ACZ81_09900,-0.767724355061851,not_significant,day 89
ACZ81_18585,0.767649650573727,not_significant,days 60+89
ACZ81_13770,-0.767319361368816,not_significant,day 89
ACZ81_03145,-0.766952196756999,not_significant,days 60+89
ACZ81_16000,-0.766857465108233,not_significant,days 60+89
ACZ81_08155,-0.766849517822263,not_significant,day 60
ACZ81_13875,-0.76661491394043,not_significant,day 60
ACZ81_08155,-0.766336441040036,not_significant,days 60+89
ACZ81_03340,0.766206105550131,not_significant,day 18
ACZ81_08155,-0.765823364257809,not_significant,day 89
ACZ81_11675,0.765648523966473,not_significant,day 60
ACZ81_06570,0.765591939290363,not_significant,day 18
ACZ81_11720,0.765584309895834,not_significant,day 89
ACZ81_15105,0.765225728352862,not_significant,day 31
ACZ81_02280,-0.765208562215167,not_significant,day 31
ACZ81_03500,-0.76513926188151,not_significant,day 89
ACZ81_17680,0.765036900838217,not_significant,day 31
ACZ81_05025,0.765034357706707,not_significant,day 18
ACZ81_17705,-0.765030543009441,not_significant,day 31
ACZ81_14965,-0.765000025431313,not_significant,day 60
ACZ81_07025,0.764862696329751,not_significant,day 18
ACZ81_00305,-0.764834721883138,not_significant,day 89
ACZ81_18745,0.764821370442709,not_significant,days 60+89
ACZ81_08770,0.764458338419597,not_significant,day 31
ACZ81_17905,0.763944625854492,not_significant,day 60
ACZ81_11235,0.763868649800616,not_significant,days 60+89
ACZ81_02005,-0.763474146525072,not_significant,days 60+89
ACZ81_08110,0.763268152872723,not_significant,day 31
ACZ81_19715,0.762835184733076,not_significant,day 18
ACZ81_14420,0.762299219767252,not_significant,days 60+89
ACZ81_11320,0.76212437947591,not_significant,day 31
ACZ81_09120,-0.761978785196943,not_significant,day 89
ACZ81_08355,0.761969884236652,not_significant,days 60+89
ACZ81_17060,-0.761759440104163,not_significant,day 31
ACZ81_01025,0.761634826660156,not_significant,day 18
ACZ81_05430,-0.761591593424479,not_significant,day 89
ACZ81_04685,-0.76140594482422,not_significant,day 89
ACZ81_06570,0.76136843363444,not_significant,day 89
ACZ81_12800,0.761020660400388,not_significant,day 60
ACZ81_04560,-0.760836919148761,not_significant,day 18
ACZ81_08755,0.760780970255537,not_significant,days 60+89
ACZ81_08105,-0.76061185201009,not_significant,day 89
ACZ81_13970,-0.760570526123047,not_significant,day 60
ACZ81_17875,0.760487238566077,not_significant,day 31
ACZ81_13470,-0.760401407877604,not_significant,day 89
ACZ81_05945,-0.760351816813151,not_significant,day 18
ACZ81_17155,-0.760310490926107,not_significant,day 89
ACZ81_03875,0.760220845540365,not_significant,day 89
ACZ81_05970,0.760052998860681,not_significant,day 89
ACZ81_13450,-0.760005315144857,not_significant,day 89
ACZ81_18070,-0.759792327880859,not_significant,day 60
ACZ81_13890,-0.759646097819012,not_significant,day 89
ACZ81_07330,-0.759483973185218,not_significant,day 60
ACZ81_02295,0.759477615356447,not_significant,day 60
ACZ81_16835,0.759417215983072,not_significant,day 31
ACZ81_06015,0.759389877319336,not_significant,day 18
ACZ81_09190,-0.75904909769694,not_significant,day 60
ACZ81_00260,0.758866628011069,not_significant,day 18
ACZ81_16715,-0.758642196655273,not_significant,day 18
ACZ81_10635,0.758553187052409,not_significant,day 89
ACZ81_13485,-0.758276621500651,not_significant,day 60
ACZ81_15525,0.758068720499676,not_significant,day 31
ACZ81_09510,-0.757826487223307,not_significant,day 89
ACZ81_15545,-0.757783253987631,not_significant,day 89
ACZ81_13470,-0.757572174072266,not_significant,day 31
ACZ81_00145,-0.7574094136556,not_significant,day 89
ACZ81_02015,0.757390340169271,not_significant,day 31
ACZ81_09455,0.756946563720703,not_significant,day 18
ACZ81_00050,-0.756922086079914,not_significant,days 60+89
ACZ81_06215,0.75685119628906,not_significant,day 31
ACZ81_05465,0.756703058878578,not_significant,day 18
ACZ81_03410,-0.756436665852865,not_significant,day 89
ACZ81_RS17115,-0.75639502207438,not_significant,days 60+89
ACZ81_01150,-0.756268183390299,not_significant,day 31
ACZ81_15605,0.756144841512047,not_significant,day 31
ACZ81_03800,0.755483627319331,not_significant,days 60+89
ACZ81_16710,0.755449930826822,not_significant,day 60
ACZ81_04180,0.755442937215169,not_significant,day 60
ACZ81_16395,-0.755411783854167,not_significant,day 31
ACZ81_07775,0.755284627278648,not_significant,day 89
ACZ81_12245,-0.755259195963543,not_significant,day 89
ACZ81_00575,0.754824320475261,not_significant,day 89
ACZ81_08590,0.75468381245931,not_significant,day 31
ACZ81_01920,0.754669825236003,not_significant,day 31
ACZ81_19820,0.754569689432784,not_significant,days 60+89
ACZ81_07210,-0.75454902648926,not_significant,day 31
ACZ81_02770,-0.75430107116699,not_significant,day 18
ACZ81_06260,-0.754140853881837,not_significant,day 31
ACZ81_13680,-0.753978729248043,not_significant,day 89
ACZ81_07925,-0.753959655761719,not_significant,days 60+89
ACZ81_09645,-0.753513654073077,not_significant,days 60+89
ACZ81_11110,-0.753410975138346,not_significant,day 89
ACZ81_17090,0.75320561726888,not_significant,day 31
ACZ81_08505,-0.753031412760417,not_significant,day 18
ACZ81_14780,0.752918243408203,not_significant,days 60+89
ACZ81_19915,0.752610842386879,not_significant,days 60+89
ACZ81_02750,-0.752449671427408,not_significant,day 89
ACZ81_00730,-0.752447128295899,not_significant,day 18
ACZ81_11995,-0.752437909444171,not_significant,days 60+89
ACZ81_00025,0.752052942911787,not_significant,day 18
ACZ81_13510,0.752024968465171,not_significant,day 60
ACZ81_07070,0.751935323079428,not_significant,day 60
ACZ81_04580,-0.751830418904624,not_significant,day 31
ACZ81_12940,0.751784642537433,not_significant,day 31
ACZ81_10310,0.751605351765952,not_significant,day 89
ACZ81_14200,0.75143877665202,not_significant,day 89
ACZ81_16270,-0.751373926798503,not_significant,day 18
ACZ81_05625,0.751054128011069,not_significant,days 60+89
ACZ81_03915,-0.751029968261718,not_significant,day 31
ACZ81_13760,-0.750946680704753,not_significant,day 89
ACZ81_19430,-0.750733057657877,not_significant,day 60
ACZ81_17825,0.750556945800781,not_significant,day 31
ACZ81_04205,0.750062942504883,not_significant,day 89
ACZ81_11055,-0.749772389729816,not_significant,day 31
ACZ81_09320,-0.749739329020183,not_significant,day 60
ACZ81_09950,0.749657313028971,not_significant,day 18
ACZ81_10260,0.749482472737631,not_significant,day 89
ACZ81_15645,-0.749433517456055,not_significant,day 31
ACZ81_19320,-0.749359766642252,not_significant,day 31
ACZ81_03750,-0.749317804972331,not_significant,day 18
ACZ81_09400,-0.749185562133789,not_significant,day 31
ACZ81_13815,-0.748897552490234,not_significant,day 18
ACZ81_07330,-0.748881022135413,not_significant,day 31
ACZ81_14595,0.748776117960612,not_significant,day 18
ACZ81_01075,0.748650550842286,not_significant,days 60+89
ACZ81_01690,-0.74857012430827,not_significant,day 18
ACZ81_04015,-0.748380343119306,not_significant,days 60+89
ACZ81_06495,0.748374303181966,not_significant,day 89
ACZ81_05355,0.748374303181962,not_significant,day 60
ACZ81_16360,-0.748236020406087,not_significant,days 60+89
ACZ81_11195,0.748221079508464,not_significant,day 18
ACZ81_06015,-0.748181025187177,not_significant,day 31
ACZ81_00550,0.748175938924156,not_significant,day 31
ACZ81_13875,-0.747891743977867,not_significant,day 31
ACZ81_11025,0.747836112976075,not_significant,days 60+89
ACZ81_09310,0.747823079427084,not_significant,days 60+89
ACZ81_07290,-0.747821172078449,not_significant,day 18
ACZ81_10135,0.747779210408528,not_significant,day 60
ACZ81_15345,-0.74750582377116,not_significant,day 60
ACZ81_13425,-0.747440973917643,not_significant,days 60+89
ACZ81_19665,0.747327168782551,not_significant,day 60
ACZ81_12650,0.747272809346515,not_significant,days 60+89
ACZ81_15615,0.747266133626304,not_significant,day 89
ACZ81_16730,-0.747141520182292,not_significant,day 89
ACZ81_13680,-0.74701182047526,not_significant,day 31
ACZ81_18815,0.746456782023116,not_significant,day 89
ACZ81_12685,0.74631500244141,not_significant,day 89
ACZ81_05740,0.74614397684733,not_significant,days 60+89
ACZ81_07830,0.745957056681317,not_significant,day 89
ACZ81_03915,-0.745835622151692,not_significant,day 60
ACZ81_14620,0.745775222778321,not_significant,day 89
ACZ81_18815,0.745536804199221,not_significant,days 60+89
ACZ81_17805,-0.745525995890296,not_significant,day 89
ACZ81_17500,0.745420455932617,not_significant,day 31
ACZ81_09070,-0.745343208312986,not_significant,days 60+89
ACZ81_06400,0.74514897664388,not_significant,day 60
ACZ81_13760,-0.744956334431966,not_significant,day 31
ACZ81_14680,0.744871139526367,not_significant,day 31
ACZ81_18815,0.744616826375326,not_significant,day 60
ACZ81_18250,0.743893305460613,not_significant,day 89
ACZ81_13505,0.743823687235515,not_significant,days 60+89
ACZ81_19430,-0.743755022684731,not_significant,days 60+89
ACZ81_05625,0.743345896402996,not_significant,day 31
ACZ81_05890,0.743100484212245,not_significant,day 89
ACZ81_17100,0.742947260538737,not_significant,day 18
ACZ81_02195,0.742815017700196,not_significant,days 60+89
ACZ81_14420,0.742694854736328,not_significant,day 89
ACZ81_15325,-0.742489178975424,not_significant,days 60+89
ACZ81_09735,0.74201583862305,not_significant,day 89
ACZ81_12470,-0.741369247436525,not_significant,day 89
ACZ81_13600,0.740668932596849,not_significant,day 18
ACZ81_04145,-0.740660985310872,not_significant,day 60
ACZ81_11970,-0.740044275919594,not_significant,day 31
ACZ81_13875,-0.739926656087241,not_significant,days 60+89
ACZ81_18700,0.739812533060713,not_significant,days 60+89
ACZ81_02560,-0.739701588948571,not_significant,day 89
ACZ81_06185,-0.739476839701336,not_significant,days 60+89
ACZ81_08300,-0.739365259806317,not_significant,day 31
ACZ81_14735,0.739169438680014,not_significant,day 18
ACZ81_14215,-0.738718668619785,not_significant,day 60
ACZ81_13855,-0.738611857096354,not_significant,day 31
ACZ81_07025,0.738211313883462,not_significant,day 31
ACZ81_04845,0.738129297892254,not_significant,day 89
ACZ81_09900,-0.737969080607096,not_significant,day 31
ACZ81_11210,-0.737782160441077,not_significant,day 18
ACZ81_09690,-0.737650553385417,not_significant,day 31
ACZ81_06870,0.737360636393226,not_significant,day 89
ACZ81_04710,-0.737314224243165,not_significant,day 31
ACZ81_17335,0.737284342447916,not_significant,day 60
ACZ81_14975,0.737208048502608,not_significant,day 18
ACZ81_09415,0.736895243326819,not_significant,days 60+89
ACZ81_17305,-0.736865997314452,not_significant,days 60+89
ACZ81_06890,0.736805280049643,not_significant,days 60+89
ACZ81_19430,-0.736776987711584,not_significant,day 89
ACZ81_06835,-0.736670176188151,not_significant,day 89
ACZ81_18860,-0.73650042215983,not_significant,days 60+89
ACZ81_07730,-0.73645273844401,not_significant,day 31
ACZ81_00290,-0.736125310262045,not_significant,day 31
ACZ81_11625,-0.735865910847985,not_significant,days 60+89
ACZ81_12000,-0.735831578572591,not_significant,day 89
ACZ81_13025,-0.73581059773763,not_significant,days 60+89
ACZ81_06000,0.735799153645833,not_significant,day 18
ACZ81_07600,-0.735792795817059,not_significant,day 89
ACZ81_12490,0.735586802164714,not_significant,day 60
ACZ81_10235,-0.735445022583003,not_significant,day 31
ACZ81_10705,0.735408782958987,not_significant,day 31
ACZ81_16430,0.734752019246419,not_significant,days 60+89
ACZ81_00985,-0.734223683675131,not_significant,days 60+89
ACZ81_15525,0.73402214050293,not_significant,day 18
ACZ81_17230,-0.73366673787435,not_significant,day 31
ACZ81_16690,0.733400980631513,not_significant,day 18
ACZ81_06175,0.733377456665038,not_significant,day 18
ACZ81_11725,0.733343760172523,not_significant,day 89
ACZ81_17480,0.73334344228109,not_significant,days 60+89
ACZ81_03860,-0.733296712239583,not_significant,day 89
ACZ81_17590,-0.733089447021486,not_significant,day 31
ACZ81_01375,-0.733046213785806,not_significant,day 31
ACZ81_03115,-0.732981363932294,not_significant,day 89
ACZ81_06915,-0.732884407043457,not_significant,days 60+89
ACZ81_13460,-0.732870101928711,not_significant,day 31
ACZ81_00075,0.732856750488284,not_significant,day 18
ACZ81_15950,0.732849756876628,not_significant,day 31
ACZ81_00555,-0.73273785909017,not_significant,day 31
ACZ81_03325,-0.732514381408694,not_significant,days 60+89
ACZ81_01215,-0.73250166575114,not_significant,days 60+89
ACZ81_12140,0.732343355814617,not_significant,days 60+89
ACZ81_06335,-0.732227643330892,not_significant,days 60+89
ACZ81_02425,0.731825510660811,not_significant,days 60+89
ACZ81_18625,0.731704076131185,not_significant,day 18
ACZ81_05810,-0.73155911763509,not_significant,days 60+89
ACZ81_11175,0.731473922729491,not_significant,day 89
ACZ81_19275,-0.731208165486654,not_significant,day 89
ACZ81_17195,-0.730873107910156,not_significant,day 31
ACZ81_16850,0.730815251668298,not_significant,day 18
ACZ81_19395,-0.730427424112956,not_significant,day 31
ACZ81_03485,-0.730305989583333,not_significant,day 89
ACZ81_02285,-0.730294545491539,not_significant,day 60
ACZ81_14785,0.730004310607911,not_significant,days 60+89
ACZ81_18645,0.729684193929037,not_significant,day 31
ACZ81_08385,-0.729420344034831,not_significant,day 31
ACZ81_17510,-0.72927729288737,not_significant,day 60
ACZ81_06635,-0.729201634724937,not_significant,day 18
ACZ81_14850,0.728949228922525,not_significant,day 89
ACZ81_02235,-0.728814442952474,not_significant,day 18
ACZ81_02990,0.728378295898437,not_significant,day 31
ACZ81_12180,0.72808837890625,not_significant,day 18
ACZ81_09690,-0.727904637654624,not_significant,day 60
ACZ81_12390,0.727787335713704,not_significant,days 60+89
ACZ81_08230,0.72777430216471,not_significant,day 89
ACZ81_05395,-0.72773551940918,not_significant,day 60
ACZ81_15570,-0.727691014607746,not_significant,day 18
ACZ81_08230,0.72753079732259,not_significant,day 31
ACZ81_05965,-0.727518717447909,not_significant,day 31
ACZ81_07950,-0.727497100830079,not_significant,day 60
ACZ81_09975,0.727342923482258,not_significant,days 60+89
ACZ81_16035,0.727233886718754,not_significant,day 31
ACZ81_03725,-0.72707748413086,not_significant,day 60
ACZ81_00050,-0.727005640665688,not_significant,day 89
ACZ81_14425,-0.72691281636556,not_significant,days 60+89
ACZ81_07715,0.726788838704426,not_significant,day 89
ACZ81_06205,-0.726391474405924,not_significant,day 89
ACZ81_08300,-0.726354598999027,not_significant,day 89
ACZ81_05315,-0.726174036661784,not_significant,day 18
ACZ81_08790,-0.726168314615885,not_significant,day 60
ACZ81_06640,0.726035435994466,not_significant,day 89
ACZ81_16425,0.725997924804686,not_significant,day 18
ACZ81_06285,-0.725910186767578,not_significant,day 18
ACZ81_07495,0.725834528605143,not_significant,day 18
ACZ81_12510,-0.725676854451498,not_significant,day 31
ACZ81_16000,-0.725486755371092,not_significant,day 60
ACZ81_16810,-0.725329081217444,not_significant,day 18
ACZ81_19320,-0.725128809611003,not_significant,day 89
ACZ81_14375,-0.724995930989585,not_significant,day 18
ACZ81_04055,0.724827448527018,not_significant,day 60
ACZ81_09470,-0.724763234456383,not_significant,day 60
ACZ81_15200,-0.724632263183595,not_significant,day 89
ACZ81_13920,0.724411646525063,not_significant,day 31
ACZ81_01980,-0.724194208780925,not_significant,day 31
ACZ81_16360,-0.724192937215169,not_significant,day 60
ACZ81_15225,-0.724136352539061,not_significant,days 60+89
ACZ81_10320,0.724096934000651,not_significant,day 18
ACZ81_08915,0.724027633666997,not_significant,day 31
ACZ81_13020,-0.723891576131189,not_significant,day 60
ACZ81_11515,-0.723787943522135,not_significant,day 31
ACZ81_09775,-0.723386128743486,not_significant,day 31
ACZ81_03670,-0.723236719767246,not_significant,day 18
ACZ81_18665,-0.72309176127116,not_significant,day 31
ACZ81_06525,-0.722824732462566,not_significant,day 60
ACZ81_19430,-0.722811381022134,not_significant,day 18
ACZ81_05495,0.722313563028969,not_significant,day 18
ACZ81_13740,-0.722268422444662,not_significant,day 60
ACZ81_03410,-0.72201410929362,not_significant,day 31
ACZ81_17195,-0.721929550170898,not_significant,day 89
ACZ81_08070,-0.72175852457682,not_significant,day 18
ACZ81_02245,0.721742630004883,not_significant,day 89
ACZ81_06245,0.72168986002604,not_significant,day 31
ACZ81_15530,-0.721389770507814,not_significant,day 60
ACZ81_13880,-0.72138532002767,not_significant,day 18
ACZ81_07065,0.721034367879232,not_significant,day 18
ACZ81_01590,-0.720835367838543,not_significant,day 89
ACZ81_13520,0.720683415730795,not_significant,day 60
ACZ81_RS17235,-0.720319747924804,not_significant,day 18
ACZ81_13605,0.720051447550456,not_significant,day 18
ACZ81_03670,-0.71998596191406,not_significant,day 89
ACZ81_13050,0.719896316528324,not_significant,day 60
ACZ81_13020,-0.719764073689781,not_significant,days 60+89
ACZ81_06245,0.719375610351562,not_significant,days 60+89
ACZ81_14910,0.719340006510415,not_significant,days 60+89
ACZ81_04930,0.719210942586265,not_significant,day 18
ACZ81_13545,0.719016393025716,not_significant,day 60
ACZ81_09100,-0.718872706095376,not_significant,day 18
ACZ81_03350,-0.718840916951498,not_significant,day 89
ACZ81_05665,-0.718819300333659,not_significant,days 60+89
ACZ81_09305,-0.718758900960286,not_significant,day 60
ACZ81_09360,0.718730290730795,not_significant,day 60
ACZ81_19170,0.718687693277995,not_significant,days 60+89
ACZ81_17585,-0.718680063883463,not_significant,day 18
ACZ81_17870,-0.718530019124351,not_significant,day 60
ACZ81_08540,0.718255996704097,not_significant,day 31
ACZ81_08215,-0.718227386474611,not_significant,days 60+89
ACZ81_18485,-0.717986424763993,not_significant,day 18
ACZ81_12500,-0.717898686726889,not_significant,day 31
ACZ81_19425,0.717713038126628,not_significant,days 60+89
ACZ81_04755,0.717344284057614,not_significant,day 31
ACZ81_11030,-0.717287063598633,not_significant,day 18
ACZ81_06640,0.717236836751296,not_significant,day 31
ACZ81_05430,-0.717185020446778,not_significant,days 60+89
ACZ81_19115,-0.717182795206705,not_significant,days 60+89
ACZ81_09760,-0.717071533203124,not_significant,day 89
ACZ81_00055,0.716909726460771,not_significant,days 60+89
ACZ81_11320,0.716649373372397,not_significant,day 60
ACZ81_08520,-0.716357549031573,not_significant,day 60
ACZ81_05940,-0.716274897257487,not_significant,day 31
ACZ81_09915,0.716108640034995,not_significant,days 60+89
ACZ81_03800,0.716108322143551,not_significant,day 60
ACZ81_06370,-0.715925216674805,not_significant,day 89
ACZ81_17875,0.715882619222004,not_significant,day 18
ACZ81_13020,-0.715636571248373,not_significant,day 89
ACZ81_00230,-0.715572992960611,not_significant,days 60+89
ACZ81_04555,-0.715370814005533,not_significant,day 18
ACZ81_13470,-0.714908599853516,not_significant,days 60+89
ACZ81_RS13720,0.714814503987634,not_significant,day 60
ACZ81_13095,-0.714773178100583,not_significant,days 60+89
ACZ81_02755,-0.714661916097003,not_significant,day 89
ACZ81_15265,-0.714647293090819,not_significant,days 60+89
ACZ81_09820,0.714236577351891,not_significant,day 89
ACZ81_01805,0.714035034179688,not_significant,day 60
ACZ81_19340,0.713899612426759,not_significant,day 60
ACZ81_19850,-0.713661829630535,not_significant,days 60+89
ACZ81_01885,-0.713639577229819,not_significant,day 60
ACZ81_13045,0.713536580403647,not_significant,days 60+89
ACZ81_07130,-0.713323593139651,not_significant,days 60+89
ACZ81_13875,-0.71323839823405,not_significant,day 89
ACZ81_12535,0.712855021158854,not_significant,day 60
ACZ81_10630,-0.712806701660153,not_significant,day 89
ACZ81_07950,-0.712716420491537,not_significant,days 60+89
ACZ81_05940,-0.712390263875327,not_significant,day 60
ACZ81_14295,-0.712370554606122,not_significant,day 89
ACZ81_11625,-0.712130228678386,not_significant,day 31
ACZ81_10310,0.712125778198242,not_significant,day 31
ACZ81_19385,0.71203104654948,not_significant,day 18
ACZ81_02325,-0.711571375528973,not_significant,day 60
ACZ81_14565,-0.711287816365564,not_significant,day 89
ACZ81_12590,0.711125691731771,not_significant,day 31
ACZ81_16285,-0.710860570271813,not_significant,day 18
ACZ81_18970,0.710803349812827,not_significant,day 31
ACZ81_11915,-0.710761070251464,not_significant,days 60+89
ACZ81_19660,0.710721969604496,not_significant,day 31
ACZ81_15865,0.710426330566407,not_significant,day 31
ACZ81_18020,-0.710422515869137,not_significant,day 60
ACZ81_14770,0.710181554158528,not_significant,day 60
ACZ81_06585,0.710094451904296,not_significant,day 31
ACZ81_16055,-0.710046132405601,not_significant,day 60
ACZ81_18070,-0.709651311238608,not_significant,days 60+89
ACZ81_15455,0.709578196207677,not_significant,day 60
ACZ81_16845,-0.709369659423827,not_significant,day 18
ACZ81_10165,0.709206263224284,not_significant,days 60+89
ACZ81_06260,-0.708811442057291,not_significant,day 60
ACZ81_00615,0.708469708760579,not_significant,days 60+89
ACZ81_17440,0.708253542582198,not_significant,days 60+89
ACZ81_02495,-0.708214441935225,not_significant,day 31
ACZ81_18275,-0.708084106445312,not_significant,day 60
ACZ81_13515,0.707904179890951,not_significant,day 60
ACZ81_13515,0.707875887552897,not_significant,days 60+89
ACZ81_18780,-0.70786984761556,not_significant,day 18
ACZ81_13515,0.707847595214844,not_significant,day 89
ACZ81_18840,-0.707788467407223,not_significant,day 60
ACZ81_14150,-0.707750320434573,not_significant,day 31
ACZ81_11895,0.707574208577477,not_significant,day 31
ACZ81_19845,-0.707438786824545,not_significant,day 31
ACZ81_04665,-0.707246780395506,not_significant,day 60
ACZ81_09085,-0.706921895345055,not_significant,day 89
ACZ81_14755,0.706892649332682,not_significant,day 89
ACZ81_09070,-0.706789016723631,not_significant,day 60
ACZ81_14960,-0.706737518310548,not_significant,day 31
ACZ81_12275,-0.70664532979329,not_significant,day 60
ACZ81_00280,-0.706579208374023,not_significant,day 18
ACZ81_05890,0.706507682800299,not_significant,days 60+89
ACZ81_08680,-0.706382115681967,not_significant,day 31
ACZ81_16730,-0.706322987874349,not_significant,days 60+89
ACZ81_00155,-0.706095377604166,not_significant,day 60
ACZ81_08995,0.70599301656087,not_significant,day 60
ACZ81_11750,-0.705961227416993,not_significant,day 31
ACZ81_RS17115,-0.705511093139649,not_significant,day 31
ACZ81_12920,0.705386479695637,not_significant,day 89
ACZ81_02005,-0.705260594685873,not_significant,day 31
ACZ81_RS21680,0.70523834228516,not_significant,day 31
ACZ81_13090,0.705075581868493,not_significant,day 18
ACZ81_15705,0.704917907714839,not_significant,day 18
ACZ81_12300,0.704546610514326,not_significant,day 31
ACZ81_01640,-0.704495112101237,not_significant,days 60+89
ACZ81_08385,-0.704368591308594,not_significant,day 60
ACZ81_12235,0.704142252604162,not_significant,day 89
ACZ81_02425,0.703641255696617,not_significant,day 18
ACZ81_11530,-0.703463236490885,not_significant,day 60
ACZ81_00430,0.703312555948894,not_significant,day 31
ACZ81_02000,-0.70317713419596,not_significant,day 31
ACZ81_20685,-0.7031462987264,not_significant,days 60+89
ACZ81_18020,-0.702985763549802,not_significant,days 60+89
ACZ81_05290,-0.702884038289386,not_significant,day 31
ACZ81_15135,0.70269711812337,not_significant,day 18
ACZ81_18260,0.702503840128583,not_significant,day 31
ACZ81_09430,0.702330907185876,not_significant,day 31
ACZ81_18585,0.701876322428383,not_significant,day 89
ACZ81_07160,-0.70171864827474,not_significant,day 31
ACZ81_14065,-0.701555252075193,not_significant,day 60
ACZ81_11505,-0.701488812764483,not_significant,day 60
ACZ81_02065,0.701212565104167,not_significant,day 89
ACZ81_16035,0.701183636983239,not_significant,days 60+89
ACZ81_02980,-0.701167424519857,not_significant,day 89
ACZ81_06260,-0.701004981994629,not_significant,days 60+89
ACZ81_00270,0.700796127319336,not_significant,days 60+89
ACZ81_16115,-0.700551986694336,not_significant,day 60
ACZ81_06110,-0.700539588928221,not_significant,days 60+89
ACZ81_08750,-0.700315475463868,not_significant,day 18
ACZ81_09665,-0.700032552083334,not_significant,day 31
ACZ81_12500,-0.699432055155437,not_significant,days 60+89
ACZ81_11970,-0.699092070261638,not_significant,days 60+89
ACZ81_09330,-0.698661804199218,not_significant,day 60
ACZ81_04990,-0.698368072509767,not_significant,day 18
ACZ81_06320,-0.698340098063152,not_significant,day 18
ACZ81_16435,-0.698240280151366,not_significant,day 89
ACZ81_14700,0.698164621988933,not_significant,day 18
ACZ81_09275,0.69806925455729,not_significant,day 60
ACZ81_07950,-0.697935740152996,not_significant,day 89
ACZ81_04845,0.697907765706382,not_significant,days 60+89
ACZ81_10760,-0.697802861531575,not_significant,day 89
ACZ81_12705,0.697709401448571,not_significant,day 60
ACZ81_01885,-0.697682380676271,not_significant,days 60+89
ACZ81_15535,-0.697442372639975,not_significant,day 18
ACZ81_04570,-0.697307268778481,not_significant,days 60+89
ACZ81_06565,-0.697025934855143,not_significant,day 60
ACZ81_13100,-0.696736017862957,not_significant,day 60
ACZ81_11635,0.696694691975909,not_significant,day 31
ACZ81_02670,0.69652048746745,not_significant,day 89
ACZ81_12265,-0.696256001790366,not_significant,days 60+89
ACZ81_03875,0.696242014567058,not_significant,day 31
ACZ81_15860,-0.696237564086917,not_significant,day 60
ACZ81_07645,0.696111996968587,not_significant,days 60+89
ACZ81_05320,-0.69596004486084,not_significant,days 60+89
ACZ81_13855,-0.695860226949056,not_significant,days 60+89
ACZ81_18020,-0.695549011230468,not_significant,day 89
ACZ81_18055,0.695460001627604,not_significant,day 89
ACZ81_11515,-0.695122400919596,not_significant,day 89
ACZ81_15135,0.695079803466796,not_significant,day 31
ACZ81_00230,-0.694879531860351,not_significant,day 18
ACZ81_09175,0.69478988647461,not_significant,day 18
ACZ81_04600,0.694673538208008,not_significant,day 60
ACZ81_15890,0.69459660847982,not_significant,day 18
ACZ81_03350,-0.69416364034017,not_significant,days 60+89
ACZ81_15325,-0.693931579589844,not_significant,day 89
ACZ81_01940,0.693605422973634,not_significant,day 18
ACZ81_20675,-0.693539301554363,not_significant,day 60
ACZ81_16920,-0.693538029988607,not_significant,day 60
ACZ81_07810,-0.693305333455404,not_significant,day 31
ACZ81_05445,0.69323412577311,not_significant,day 89
ACZ81_06260,-0.693198521931967,not_significant,day 89
ACZ81_02110,0.692945480346681,not_significant,day 89
ACZ81_16330,-0.69284470876058,not_significant,days 60+89
ACZ81_12800,0.692666689554848,not_significant,days 60+89
ACZ81_18825,-0.692628860473631,not_significant,day 89
ACZ81_17595,0.6925106048584,not_significant,day 18
ACZ81_10895,0.692489941914877,not_significant,days 60+89
ACZ81_19660,0.692377090454104,not_significant,day 89
ACZ81_13455,-0.692327499389647,not_significant,day 60
ACZ81_08320,-0.692210515340169,not_significant,day 31
ACZ81_03435,-0.692117691040036,not_significant,day 18
ACZ81_06510,0.691921869913736,not_significant,day 31
ACZ81_13460,-0.691765467325847,not_significant,day 89
ACZ81_07165,0.69174257914225,not_significant,day 89
ACZ81_02200,0.690971374511718,not_significant,day 89
ACZ81_01560,0.690930684407554,not_significant,day 60
ACZ81_10760,-0.690767606099446,not_significant,days 60+89
ACZ81_12275,-0.690766970316564,not_significant,days 60+89
ACZ81_00535,0.690492630004883,not_significant,day 31
ACZ81_09885,0.690488179524737,not_significant,day 31
ACZ81_05890,0.690176645914717,not_significant,day 31
ACZ81_09940,0.690173149108889,not_significant,days 60+89
ACZ81_01980,-0.690123558044434,not_significant,days 60+89
ACZ81_06155,0.690001805623377,not_significant,day 89
ACZ81_03145,-0.689719518025716,not_significant,day 89
ACZ81_01175,0.689685185750325,not_significant,day 31
ACZ81_19160,0.689645767211914,not_significant,day 18
ACZ81_14800,0.68932278951009,not_significant,days 60+89
ACZ81_18270,0.689240137736,not_significant,day 89
ACZ81_06545,0.689205805460612,not_significant,day 31
ACZ81_11445,0.68919563293457,not_significant,day 31
ACZ81_17675,-0.689085006713867,not_significant,day 31
ACZ81_17720,0.689044952392577,not_significant,day 18
ACZ81_00155,-0.688874562581379,not_significant,days 60+89
ACZ81_10590,0.688847859700517,not_significant,day 89
ACZ81_16325,-0.688753763834635,not_significant,day 89
ACZ81_17595,-0.688703536987301,not_significant,day 60
ACZ81_04485,-0.68862024943034,not_significant,day 31
ACZ81_07085,-0.688510894775391,not_significant,day 18
ACZ81_18640,-0.688440958658858,not_significant,day 31
ACZ81_09865,0.688095728556315,not_significant,day 31
ACZ81_18110,0.687317530314134,not_significant,day 60
ACZ81_02195,0.687287648518879,not_significant,day 89
ACZ81_13515,0.687012990315755,not_significant,day 31
ACZ81_18285,-0.686559995015464,not_significant,days 60+89
ACZ81_04665,-0.686492919921877,not_significant,day 18
ACZ81_04665,-0.686456044514975,not_significant,days 60+89
ACZ81_13995,-0.686402638753256,not_significant,day 18
ACZ81_01980,-0.686281204223633,not_significant,day 18
ACZ81_01925,0.68601989746094,not_significant,day 18
ACZ81_11120,-0.685993830362953,not_significant,day 60
ACZ81_19515,-0.685702006022136,not_significant,day 60
ACZ81_03715,0.685601552327475,not_significant,day 18
ACZ81_11305,0.685506820678711,not_significant,day 89
ACZ81_05270,-0.68537934621175,not_significant,days 60+89
ACZ81_18275,-0.685240745544433,not_significant,days 60+89
ACZ81_18005,-0.68522262573242,not_significant,day 31
ACZ81_02360,0.685111363728842,not_significant,day 60
ACZ81_17055,-0.684925715128579,not_significant,day 31
ACZ81_00565,0.684905370076503,not_significant,day 18
ACZ81_15525,0.684845288594562,not_significant,days 60+89
ACZ81_19275,-0.684831301371257,not_significant,days 60+89
ACZ81_12595,0.684819539388021,not_significant,day 31
ACZ81_00435,-0.684790293375662,not_significant,day 60
ACZ81_05880,0.684788386027017,not_significant,day 89
ACZ81_02970,-0.684787114461263,not_significant,days 60+89
ACZ81_10740,0.684093475341797,not_significant,day 31
ACZ81_00035,-0.684000651041668,not_significant,day 60
ACZ81_17715,-0.683938344319664,not_significant,day 31
ACZ81_RS13720,0.683926264444991,not_significant,days 60+89
ACZ81_10760,-0.683732350667318,not_significant,day 60
ACZ81_07080,-0.68334452311198,not_significant,day 60
ACZ81_03355,-0.683228174845377,not_significant,day 18
ACZ81_15860,0.68294334411621,not_significant,day 31
ACZ81_14375,0.682540893554685,not_significant,day 31
ACZ81_06205,-0.682537714640299,not_significant,days 60+89
ACZ81_13230,0.682502746582033,not_significant,days 60+89
ACZ81_05435,-0.682496388753257,not_significant,day 60
ACZ81_13670,-0.682298660278323,not_significant,day 18
ACZ81_08385,-0.682088534037272,not_significant,days 60+89
ACZ81_01885,-0.681725184122724,not_significant,day 89
ACZ81_07835,0.68151219685872,not_significant,day 89
ACZ81_05625,0.681386947631836,not_significant,day 18
ACZ81_17285,-0.681367238362628,not_significant,day 31
ACZ81_09085,-0.681185404459637,not_significant,days 60+89
ACZ81_08085,-0.681004206339518,not_significant,day 60
ACZ81_07775,0.680962880452476,not_significant,day 18
ACZ81_14455,-0.680877685546873,not_significant,day 18
ACZ81_17825,0.680839538574218,not_significant,days 60+89
ACZ81_16680,-0.680799484252926,not_significant,day 60
ACZ81_09175,0.680416107177733,not_significant,day 31
ACZ81_12435,-0.679455439249674,not_significant,day 89
ACZ81_02365,-0.679114341735839,not_significant,days 60+89
ACZ81_08440,-0.678942998250329,not_significant,day 60
ACZ81_01020,-0.6788444519043,not_significant,days 60+89
ACZ81_18705,-0.678808212280273,not_significant,day 31
ACZ81_06365,-0.6786683400472,not_significant,day 89
ACZ81_01100,0.678283055623374,not_significant,day 18
ACZ81_20450,-0.678252538045247,not_significant,day 60
ACZ81_16730,-0.678200403849284,not_significant,day 31
ACZ81_15505,-0.677734374999997,not_significant,day 60
ACZ81_13100,-0.677728017171227,not_significant,day 31
ACZ81_07900,0.677725474039713,not_significant,day 18
ACZ81_12235,0.677572250366207,not_significant,days 60+89
ACZ81_00355,-0.677520116170247,not_significant,days 60+89
ACZ81_03570,-0.677477518717448,not_significant,day 89
ACZ81_08710,0.677450180053712,not_significant,day 31
ACZ81_07145,-0.677445093790691,not_significant,day 18
ACZ81_08995,0.676885604858393,not_significant,day 18
ACZ81_04485,-0.676824569702149,not_significant,day 89
ACZ81_12880,-0.676760355631512,not_significant,day 60
ACZ81_05945,-0.676724751790362,not_significant,day 31
ACZ81_15040,0.676719665527347,not_significant,day 89
ACZ81_18350,0.676564534505211,not_significant,day 60
ACZ81_19480,0.676561991373696,not_significant,day 89
ACZ81_19880,0.676361083984379,not_significant,day 31
ACZ81_10420,0.676324208577474,not_significant,day 18
ACZ81_10270,0.676274617513017,not_significant,day 18
ACZ81_15060,-0.675952275594081,not_significant,day 18
ACZ81_13600,0.675847053527843,not_significant,day 60
ACZ81_08785,-0.675636927286783,not_significant,day 60
ACZ81_19865,-0.675572713216144,not_significant,day 31
ACZ81_19540,0.675525029500327,not_significant,days 60+89
ACZ81_05395,-0.675517082214355,not_significant,days 60+89
ACZ81_07410,-0.675345738728839,not_significant,day 18
ACZ81_07590,-0.67518711090088,not_significant,days 60+89
ACZ81_02035,-0.67510223388672,not_significant,day 18
ACZ81_07145,-0.674963633219399,not_significant,day 89
ACZ81_12275,-0.67488861083984,not_significant,day 89
ACZ81_18265,0.674728393554686,not_significant,day 31
ACZ81_06915,-0.674671808878581,not_significant,day 89
ACZ81_16900,0.674379984537762,not_significant,day 60
ACZ81_11115,-0.67418924967448,not_significant,day 60
ACZ81_05330,-0.674113591512044,not_significant,day 18
ACZ81_14610,-0.673983891805013,not_significant,day 89
ACZ81_01115,0.673861185709637,not_significant,day 89
ACZ81_09615,-0.673633575439453,not_significant,day 60
ACZ81_19275,-0.67340342203776,not_significant,day 31
ACZ81_07330,-0.673319498697912,not_significant,days 60+89
ACZ81_08300,-0.673216819763185,not_significant,days 60+89
ACZ81_08295,-0.672839800516762,not_significant,days 60+89
ACZ81_05430,-0.672778447469076,not_significant,day 60
ACZ81_13750,0.672700881958008,not_significant,days 60+89
ACZ81_13815,-0.672617594401042,not_significant,day 89
ACZ81_01965,0.672471682230635,not_significant,days 60+89
ACZ81_14245,-0.672386169433591,not_significant,day 18
ACZ81_04790,-0.672369639078777,not_significant,day 31
ACZ81_19200,0.672278086344403,not_significant,day 60
ACZ81_11625,-0.67227681477865,not_significant,day 89
ACZ81_19710,0.671934127807621,not_significant,day 31
ACZ81_00880,0.671881993611654,not_significant,day 89
ACZ81_17260,-0.671677271525066,not_significant,day 18
ACZ81_03805,0.671675364176431,not_significant,day 89
ACZ81_00155,-0.671653747558593,not_significant,day 89
ACZ81_04605,0.671594619750977,not_significant,day 60
ACZ81_06285,-0.671349207560222,not_significant,day 89
ACZ81_07860,0.671295801798504,not_significant,day 31
ACZ81_11605,0.671169916788737,not_significant,day 89
ACZ81_14850,0.671060562133787,not_significant,days 60+89
ACZ81_01270,0.671035766601564,not_significant,day 60
ACZ81_13765,-0.670987447102865,not_significant,day 18
ACZ81_09285,-0.670731862386064,not_significant,days 60+89
ACZ81_14450,0.670679728190103,not_significant,day 60
ACZ81_12065,-0.670114199320477,not_significant,days 60+89
ACZ81_05890,0.66991488138835,not_significant,day 60
ACZ81_00970,0.669880549112957,not_significant,day 60
ACZ81_03325,-0.669777552286787,not_significant,day 89
ACZ81_01245,-0.669651031494136,not_significant,day 18
ACZ81_03350,-0.669486363728841,not_significant,day 60
ACZ81_12230,0.669465700785321,not_significant,days 60+89
ACZ81_02545,0.669439315795897,not_significant,day 60
ACZ81_06220,-0.66943868001302,not_significant,day 60
ACZ81_13470,-0.669415791829427,not_significant,day 60
ACZ81_06400,0.66921297709147,not_significant,days 60+89
ACZ81_15055,-0.6690247853597,not_significant,day 18
ACZ81_07490,0.668599446614583,not_significant,day 60
ACZ81_20150,0.668399175008142,not_significant,day 60
ACZ81_17220,0.668258031209313,not_significant,day 60
ACZ81_09470,-0.668126742045086,not_significant,days 60+89
ACZ81_06640,0.667785962422687,not_significant,days 60+89
ACZ81_03485,-0.667593002319334,not_significant,days 60+89
ACZ81_05720,-0.667046229044598,not_significant,day 60
ACZ81_03515,0.666970570882161,not_significant,day 31
ACZ81_14980,0.666704177856442,not_significant,day 89
ACZ81_08785,-0.666702270507813,not_significant,days 60+89
ACZ81_14425,-0.666636149088542,not_significant,day 18
ACZ81_02325,-0.66619618733724,not_significant,days 60+89
ACZ81_04665,-0.665665308634444,not_significant,day 89
ACZ81_14550,0.665646235148113,not_significant,day 60
ACZ81_16730,-0.665504455566407,not_significant,day 60
ACZ81_15300,0.665482203165689,not_significant,day 89
ACZ81_19965,0.665386835734045,not_significant,day 89
ACZ81_17220,0.665337244669598,not_significant,days 60+89
ACZ81_05580,-0.664910952250164,not_significant,days 60+89
ACZ81_04605,0.66426150004069,not_significant,days 60+89
ACZ81_19340,0.664232254028322,not_significant,day 18
ACZ81_12090,0.664225896199548,not_significant,day 31
ACZ81_04685,-0.664214769999187,not_significant,days 60+89
ACZ81_05345,-0.663998285929361,not_significant,day 89
ACZ81_06660,-0.663375854492188,not_significant,days 60+89
ACZ81_04055,0.663262685139974,not_significant,day 31
ACZ81_06370,-0.663184483846029,not_significant,days 60+89
ACZ81_00570,-0.66314379374186,not_significant,day 60
ACZ81_04695,0.663051605224614,not_significant,day 18
ACZ81_12590,-0.662872950236001,not_significant,day 60
ACZ81_16175,-0.662831624348958,not_significant,day 18
ACZ81_04435,0.662503560384113,not_significant,day 31
ACZ81_17220,0.662416458129884,not_significant,day 89
ACZ81_18275,-0.662397384643554,not_significant,day 89
ACZ81_10005,-0.662396113077804,not_significant,day 60
ACZ81_08295,-0.662175496419271,not_significant,day 18
ACZ81_10120,0.662043253580733,not_significant,day 31
ACZ81_02155,0.661996205647786,not_significant,day 31
ACZ81_02690,-0.6615727742513,not_significant,day 18
ACZ81_04770,0.66117032368978,not_significant,day 31
ACZ81_06890,0.661076863606773,not_significant,day 89
ACZ81_14245,-0.66105079650879,not_significant,day 31
ACZ81_07110,-0.661005338033041,not_significant,days 60+89
ACZ81_11725,0.660918553670246,not_significant,days 60+89
ACZ81_16920,-0.660621007283529,not_significant,days 60+89
ACZ81_12305,0.660558064778645,not_significant,day 89
ACZ81_17475,-0.660352071126303,not_significant,days 60+89
ACZ81_02060,-0.660348574320474,not_significant,days 60+89
ACZ81_18290,-0.659851074218751,not_significant,day 31
ACZ81_09370,-0.659847895304359,not_significant,day 60
ACZ81_18365,0.659815470377602,not_significant,day 60
ACZ81_08385,-0.65980847676595,not_significant,day 89
ACZ81_04180,0.659806887308757,not_significant,days 60+89
ACZ81_15900,-0.659687360127765,not_significant,days 60+89
ACZ81_04915,-0.659638086954754,not_significant,day 60
ACZ81_18070,-0.659510294596356,not_significant,day 89
ACZ81_07935,-0.65948549906413,not_significant,day 18
ACZ81_18055,0.659393946329754,not_significant,days 60+89
ACZ81_18040,0.659299850463864,not_significant,day 89
ACZ81_01595,-0.659140268961594,not_significant,day 89
ACZ81_15930,0.659084320068359,not_significant,day 31
ACZ81_05945,-0.658907572428385,not_significant,day 89
ACZ81_16435,-0.6588503519694,not_significant,days 60+89
ACZ81_04825,0.658358256022135,not_significant,day 31
ACZ81_00965,0.657817204793294,not_significant,day 89
ACZ81_08785,-0.657767613728843,not_significant,day 89
ACZ81_04845,0.657686233520511,not_significant,day 60
ACZ81_08440,-0.657564163208011,not_significant,days 60+89
ACZ81_11230,-0.65721225738525,not_significant,days 60+89
ACZ81_16970,-0.657201766967775,not_significant,day 31
ACZ81_11120,-0.657141367594399,not_significant,days 60+89
ACZ81_02725,-0.65710194905599,not_significant,days 60+89
ACZ81_00290,-0.656989097595215,not_significant,days 60+89
ACZ81_04605,0.656928380330403,not_significant,day 89
ACZ81_12325,-0.656872749328612,not_significant,days 60+89
ACZ81_09300,-0.656652450561525,not_significant,day 60
ACZ81_19050,-0.656302769978845,not_significant,day 18
ACZ81_17260,-0.656150182088217,not_significant,day 31
ACZ81_14385,0.655994415283204,not_significant,day 89
ACZ81_07920,0.655872344970701,not_significant,day 31
ACZ81_06565,0.655673344930015,not_significant,day 18
ACZ81_17435,-0.655659357706704,not_significant,day 31
ACZ81_09085,-0.65544891357422,not_significant,day 60
ACZ81_12120,0.655433019002277,not_significant,day 31
ACZ81_00965,0.655418078104655,not_significant,days 60+89
ACZ81_01425,-0.655386606852214,not_significant,day 89
ACZ81_17840,-0.6552734375,not_significant,days 60+89
ACZ81_00585,-0.655222574869792,not_significant,day 60
ACZ81_09975,0.655205408732095,not_significant,day 60
ACZ81_02290,-0.655109405517579,not_significant,day 18
ACZ81_04905,-0.654866536458333,not_significant,day 89
ACZ81_16395,-0.654775619506837,not_significant,day 18
ACZ81_17440,0.654570261637371,not_significant,day 31
ACZ81_15445,0.654441197713215,not_significant,day 60
ACZ81_11600,-0.654399871826174,not_significant,day 60
ACZ81_01495,-0.654279073079429,not_significant,day 18
ACZ81_01745,-0.654273986816407,not_significant,day 31
ACZ81_10140,0.65416208902995,not_significant,day 18
ACZ81_13780,0.653895060221358,not_significant,day 31
ACZ81_10370,0.653675079345704,not_significant,day 18
ACZ81_09340,-0.653673807779948,not_significant,day 60
ACZ81_19915,0.653217951456702,not_significant,day 31
ACZ81_RS13720,0.653038024902347,not_significant,day 89
ACZ81_00965,0.653018951416015,not_significant,day 60
ACZ81_16395,-0.652991612752277,not_significant,day 89
ACZ81_19080,0.652601877848308,not_significant,day 31
ACZ81_05300,-0.652217229207357,not_significant,day 18
ACZ81_14085,0.652016321818033,not_significant,day 60
ACZ81_15535,-0.651638666788737,not_significant,days 60+89
ACZ81_11440,-0.651617685953778,not_significant,day 31
ACZ81_16645,0.651603698730467,not_significant,day 60
ACZ81_14900,-0.651589075724284,not_significant,day 89
ACZ81_12775,-0.651454925537108,not_significant,days 60+89
ACZ81_06365,-0.651314417521159,not_significant,days 60+89
ACZ81_07415,-0.65121650695801,not_significant,day 31
ACZ81_12235,0.651002248128251,not_significant,day 60
ACZ81_07805,0.650993982950846,not_significant,day 18
ACZ81_10450,0.650343577067057,not_significant,day 31
ACZ81_16325,-0.650120099385579,not_significant,days 60+89
ACZ81_00305,-0.6498810450236,not_significant,days 60+89
ACZ81_18035,-0.64953931172689,not_significant,day 18
ACZ81_09310,0.649381637573243,not_significant,day 31
ACZ81_14740,-0.649275461832687,not_significant,days 60+89
ACZ81_04410,0.649272282918294,not_significant,day 60
ACZ81_06020,0.64922777811686,not_significant,day 89
ACZ81_19400,0.649059931437173,not_significant,day 31
ACZ81_07835,0.648942629496254,not_significant,days 60+89
ACZ81_12565,0.648766199747721,not_significant,day 31
ACZ81_11750,-0.64869372049967,not_significant,day 18
ACZ81_07835,-0.648195902506514,not_significant,day 18
ACZ81_14490,0.648167292277017,not_significant,day 18
ACZ81_07125,-0.648110071818032,not_significant,day 60
ACZ81_04150,-0.647883733113606,not_significant,day 31
ACZ81_05520,0.64761734008789,not_significant,day 60
ACZ81_06415,0.64757792154948,not_significant,day 18
ACZ81_15285,0.647401173909506,not_significant,day 31
ACZ81_14910,0.647246678670248,not_significant,day 31
ACZ81_08230,0.647158940633137,not_significant,days 60+89
ACZ81_11280,0.646844863891603,not_significant,day 18
ACZ81_04490,0.646633148193362,not_significant,day 18
ACZ81_07490,0.646359125773112,not_significant,days 60+89
ACZ81_05885,0.646258036295575,not_significant,day 31
ACZ81_13680,-0.646091461181637,not_significant,days 60+89
ACZ81_18700,0.645966847737633,not_significant,day 31
ACZ81_18290,-0.64582379659017,not_significant,day 60
ACZ81_01375,-0.645446777343749,not_significant,day 89
ACZ81_11530,-0.645393053690592,not_significant,days 60+89
ACZ81_09340,-0.644910176595054,not_significant,day 31
ACZ81_03430,0.644881566365559,not_significant,day 60
ACZ81_16700,0.644751866658529,not_significant,day 18
ACZ81_18470,-0.644730250040691,not_significant,day 60
ACZ81_15745,0.644723256429037,not_significant,day 89
ACZ81_07675,-0.6445910135905,not_significant,day 60
ACZ81_13265,-0.644589106241863,not_significant,day 18
ACZ81_00265,-0.644580841064452,not_significant,day 89
ACZ81_13095,-0.644550959269205,not_significant,day 18
ACZ81_13225,-0.644368489583333,not_significant,day 18
ACZ81_13730,0.644344329833985,not_significant,day 89
ACZ81_13800,-0.644322395324707,not_significant,days 60+89
ACZ81_17830,-0.64426676432292,not_significant,day 60
ACZ81_07495,0.644151051839193,not_significant,day 89
ACZ81_04000,0.644051233927408,not_significant,day 18
ACZ81_04010,0.644037882486979,not_significant,day 18
ACZ81_04765,-0.644030888875326,not_significant,day 18
ACZ81_05140,-0.643613815307616,not_significant,day 18
ACZ81_12715,-0.643219629923501,not_significant,day 60
ACZ81_15190,0.643117904663087,not_significant,day 89
ACZ81_07895,0.642873764038086,not_significant,day 60
ACZ81_09760,-0.642825762430823,not_significant,days 60+89
ACZ81_18295,-0.642635345458983,not_significant,day 18
ACZ81_16430,0.642538070678711,not_significant,day 60
ACZ81_09915,0.642457962036134,not_significant,day 60
ACZ81_12750,-0.642063458760579,not_significant,days 60+89
ACZ81_09170,-0.641916275024419,not_significant,day 60
ACZ81_04765,-0.641710599263509,not_significant,days 60+89
ACZ81_18010,-0.641654968261718,not_significant,day 89
ACZ81_13920,0.641612370808918,not_significant,day 89
ACZ81_18565,0.641430536905926,not_significant,day 18
ACZ81_06990,-0.641333897908529,not_significant,day 60
ACZ81_11500,0.64126841227213,not_significant,day 60
ACZ81_08255,0.641230265299479,not_significant,day 89
ACZ81_19395,-0.641067504882813,not_significant,day 89
ACZ81_13780,0.64077059427897,not_significant,day 60
ACZ81_13850,-0.640614827473953,not_significant,day 18
ACZ81_01905,0.640609105428057,not_significant,day 60
ACZ81_13865,-0.640579859415686,not_significant,day 89
ACZ81_06255,-0.640551567077638,not_significant,days 60+89
ACZ81_12710,-0.640414555867513,not_significant,day 89
ACZ81_19630,0.640355745951335,not_significant,days 60+89
ACZ81_03430,0.640097300211588,not_significant,days 60+89
ACZ81_13885,0.63951619466146,not_significant,day 18
ACZ81_07110,-0.639376322428386,not_significant,day 31
ACZ81_01210,0.639355977376302,not_significant,day 31
ACZ81_01010,-0.639294942220054,not_significant,day 89
ACZ81_17795,0.639228185017907,not_significant,day 89
ACZ81_03230,-0.638925552368167,not_significant,day 60
ACZ81_15645,-0.638896306355794,not_significant,days 60+89
ACZ81_06205,-0.638683954874675,not_significant,day 60
ACZ81_19275,-0.638454437255859,not_significant,day 60
ACZ81_04490,-0.638293584187825,not_significant,day 60
ACZ81_09175,0.63829294840495,not_significant,day 89
ACZ81_04050,-0.638106028238933,not_significant,day 89
ACZ81_08350,-0.637964884440104,not_significant,day 60
ACZ81_14590,-0.637919108072917,not_significant,day 18
ACZ81_19075,-0.636762619018555,not_significant,days 60+89
ACZ81_02465,0.636303583780927,not_significant,day 18
ACZ81_08440,-0.636185328165694,not_significant,day 89
ACZ81_09915,0.635831197102866,not_significant,day 31
ACZ81_19710,0.63579877217611,not_significant,day 60
ACZ81_05810,-0.635770161946613,not_significant,day 89
ACZ81_01695,-0.635580698649093,not_significant,day 60
ACZ81_07320,0.635516484578451,not_significant,day 89
ACZ81_03430,0.635313034057617,not_significant,day 89
ACZ81_12180,0.635248819986979,not_significant,day 31
ACZ81_04165,0.634789784749348,not_significant,day 60
ACZ81_13630,0.634674072265622,not_significant,day 60
ACZ81_10410,-0.634635925292969,not_significant,day 60
ACZ81_09790,-0.63448905944824,not_significant,day 60
ACZ81_06245,0.634055455525717,not_significant,day 60
ACZ81_02240,-0.634000142415369,not_significant,day 18
ACZ81_13315,-0.633974075317377,not_significant,day 60
ACZ81_17705,-0.633949915568035,not_significant,day 18
ACZ81_16115,-0.633852005004881,not_significant,days 60+89
ACZ81_10655,-0.633769035339353,not_significant,days 60+89
ACZ81_04670,-0.633615175882973,not_significant,days 60+89
ACZ81_14490,-0.63355000813802,not_significant,day 60
ACZ81_04345,0.633340199788409,not_significant,day 89
ACZ81_05045,0.632942835489907,not_significant,day 60
ACZ81_16715,0.632915496826173,not_significant,day 89
ACZ81_RS07605,-0.63290786743164,not_significant,day 18
ACZ81_12645,0.632839838663736,not_significant,day 18
ACZ81_00730,-0.632418950398762,not_significant,day 60
ACZ81_08790,-0.632263819376628,not_significant,days 60+89
ACZ81_05875,-0.632256825764974,not_significant,day 18
ACZ81_00535,0.631758371988931,not_significant,day 60
ACZ81_00615,0.631707509358723,not_significant,day 18
ACZ81_17150,-0.631577173868814,not_significant,day 18
ACZ81_08560,-0.631362597147622,not_significant,days 60+89
ACZ81_08415,-0.631299336751302,not_significant,day 89
ACZ81_08100,-0.63129043579102,not_significant,day 31
ACZ81_17585,-0.63109397888184,not_significant,day 89
ACZ81_03760,0.630729675292969,not_significant,day 89
ACZ81_17660,-0.630705515543623,not_significant,day 18
ACZ81_08425,-0.630617141723631,not_significant,day 18
ACZ81_19165,0.630210240681968,not_significant,day 89
ACZ81_05525,0.63012440999349,not_significant,day 31
ACZ81_16280,-0.630068461100254,not_significant,day 18
ACZ81_18745,0.630055109659831,not_significant,day 31
ACZ81_12000,-0.630049705505372,not_significant,days 60+89
ACZ81_19210,0.630006154378254,not_significant,day 18
ACZ81_02335,0.629686991373697,not_significant,day 60
ACZ81_04015,-0.629667282104494,not_significant,day 60
ACZ81_19510,0.62945334116618,not_significant,days 60+89
ACZ81_19835,-0.629320144653319,not_significant,day 31
ACZ81_04910,-0.62909475962321,not_significant,days 60+89
ACZ81_11400,-0.629088083902993,not_significant,day 31
ACZ81_06495,0.628988265991213,not_significant,day 18
ACZ81_12710,-0.628419558207194,not_significant,days 60+89
ACZ81_11995,-0.62835629781087,not_significant,day 89
ACZ81_03665,-0.628320693969727,not_significant,day 18
ACZ81_11120,-0.628288904825844,not_significant,day 89
ACZ81_10190,-0.628271102905273,not_significant,day 18
ACZ81_09615,-0.62783432006836,not_significant,day 18
ACZ81_07415,-0.627754211425782,not_significant,day 18
ACZ81_16920,-0.62770398457845,not_significant,day 89
ACZ81_07965,-0.627672831217447,not_significant,day 18
ACZ81_07145,-0.62762705485026,not_significant,day 31
ACZ81_06495,0.627587000528972,not_significant,day 31
ACZ81_00230,-0.627429326375325,not_significant,day 89
ACZ81_07705,-0.627171834309897,not_significant,day 31
ACZ81_17905,0.62716547648112,not_significant,day 31
ACZ81_15705,-0.627015749613451,not_significant,day 60
ACZ81_11600,-0.626917203267417,not_significant,days 60+89
ACZ81_12705,0.6266352335612,not_significant,day 31
ACZ81_15450,0.626626968383791,not_significant,days 60+89
ACZ81_15720,0.626487096150713,not_significant,day 89
ACZ81_13790,-0.626329421997066,not_significant,day 60
ACZ81_12245,-0.626182556152349,not_significant,day 31
ACZ81_12710,-0.625883738199867,not_significant,day 31
ACZ81_16295,0.625737826029458,not_significant,days 60+89
ACZ81_05315,-0.62559700012207,not_significant,day 89
ACZ81_05930,-0.625588734944662,not_significant,day 18
ACZ81_06900,0.625391006469726,not_significant,day 31
ACZ81_10135,0.625377655029297,not_significant,day 18
ACZ81_16465,-0.625155131022132,not_significant,day 89
ACZ81_12300,0.625070571899416,not_significant,day 18
ACZ81_08440,-0.624998092651371,not_significant,day 18
ACZ81_16250,-0.62445831298828,not_significant,day 18
ACZ81_12800,0.624312718709308,not_significant,day 89
ACZ81_01515,0.624247868855793,not_significant,day 18
ACZ81_08840,0.62424341837565,not_significant,day 18
ACZ81_03350,-0.624230066935221,not_significant,day 31
ACZ81_07490,0.62411880493164,not_significant,day 89
ACZ81_06365,-0.623960494995117,not_significant,day 60
ACZ81_17240,-0.623515446980796,not_significant,day 31
ACZ81_10140,0.623419443766275,not_significant,days 60+89
ACZ81_13305,-0.623395919799805,not_significant,day 31
ACZ81_11210,-0.623351732889808,not_significant,days 60+89
ACZ81_18055,0.623327891031904,not_significant,day 60
ACZ81_05395,-0.62329864501953,not_significant,day 89
ACZ81_15135,0.622744242350259,not_significant,day 60
ACZ81_17035,-0.622315724690753,not_significant,day 89
ACZ81_03570,-0.622262636820475,not_significant,days 60+89
ACZ81_18075,0.622212727864583,not_significant,day 89
ACZ81_03670,-0.62219619750976,not_significant,days 60+89
ACZ81_10075,0.621981302897136,not_significant,day 31
ACZ81_09735,-0.621736526489257,not_significant,day 60
ACZ81_19885,0.621682484944662,not_significant,day 89
ACZ81_04275,-0.621557871500652,not_significant,days 60+89
ACZ81_04905,-0.62153434753418,not_significant,days 60+89
ACZ81_11145,-0.621488571166993,not_significant,day 60
ACZ81_18885,0.621217091878257,not_significant,day 89
ACZ81_02325,-0.620820999145507,not_significant,day 89
ACZ81_06430,-0.620793024698889,not_significant,day 60
ACZ81_00840,-0.620773951212565,not_significant,day 60
ACZ81_11755,-0.620769500732427,not_significant,day 31
ACZ81_05820,0.620709737141925,not_significant,day 31
ACZ81_11550,0.620503107706706,not_significant,day 89
ACZ81_00565,-0.620348771413166,not_significant,days 60+89
ACZ81_20675,-0.620326042175293,not_significant,days 60+89
ACZ81_16420,-0.62027104695638,not_significant,day 89
ACZ81_08710,0.62012545267741,not_significant,day 60
ACZ81_02685,-0.620110193888346,not_significant,days 60+89
ACZ81_08300,-0.620079040527344,not_significant,day 60
ACZ81_16000,-0.619955062866208,not_significant,day 18
ACZ81_16335,0.619716644287113,not_significant,day 89
ACZ81_16435,-0.619460423787434,not_significant,day 60
ACZ81_05535,0.619338035583496,not_significant,days 60+89
ACZ81_05395,-0.618724822998047,not_significant,day 18
ACZ81_14115,0.618719736735028,not_significant,day 89
ACZ81_RS13720,0.618657430013021,not_significant,day 18
ACZ81_18610,-0.617762247721354,not_significant,day 18
ACZ81_11750,-0.617719332377115,not_significant,days 60+89
ACZ81_02360,0.617629686991374,not_significant,days 60+89
ACZ81_07125,-0.617548624674479,not_significant,day 18
ACZ81_19800,0.6175365447998,not_significant,day 89
ACZ81_12515,-0.617425282796222,not_significant,day 60
ACZ81_18830,-0.61717732747396,not_significant,day 89
ACZ81_19670,-0.61694653828939,not_significant,day 60
ACZ81_13630,0.616861343383788,not_significant,days 60+89
ACZ81_08265,0.616681416829428,not_significant,day 89
ACZ81_01865,0.616537412007649,not_significant,days 60+89
ACZ81_12710,-0.616424560546875,not_significant,day 60
ACZ81_07835,0.616373062133786,not_significant,day 60
ACZ81_03410,-0.616257031758627,not_significant,days 60+89
ACZ81_05940,-0.616122245788576,not_significant,days 60+89
ACZ81_05545,0.616110483805337,not_significant,day 60
ACZ81_10275,-0.615955352783203,not_significant,days 60+89
ACZ81_03500,-0.615950266520182,not_significant,days 60+89
ACZ81_08055,0.615921656290693,not_significant,day 18
ACZ81_02295,0.615832010904948,not_significant,days 60+89
ACZ81_02065,-0.615681966145832,not_significant,day 18
ACZ81_12650,0.61551221211751,not_significant,day 89
ACZ81_RS13815,-0.61548614501953,not_significant,day 31
ACZ81_03510,-0.615178743998208,not_significant,days 60+89
ACZ81_12275,-0.615097681681317,not_significant,day 18
ACZ81_12720,0.615092595418294,not_significant,day 60
ACZ81_09135,0.61506207784017,not_significant,day 89
ACZ81_06360,-0.614405314127607,not_significant,day 89
ACZ81_11040,-0.61429341634115,not_significant,day 31
ACZ81_11385,-0.614203135172526,not_significant,day 60
ACZ81_12170,-0.613839467366537,not_significant,day 60
ACZ81_06535,-0.613545735677085,not_significant,day 89
ACZ81_10695,-0.613378524780272,not_significant,day 60
ACZ81_16930,-0.613372166951497,not_significant,day 60
ACZ81_17995,-0.613372166951497,not_significant,day 60
ACZ81_18285,-0.61329205830892,not_significant,day 31
ACZ81_00845,0.613250096638995,not_significant,day 89
ACZ81_14850,0.613171895345049,not_significant,day 60
ACZ81_00610,0.613057454427083,not_significant,day 18
ACZ81_12120,0.612814585367838,not_significant,day 18
ACZ81_11165,-0.612484614054362,not_significant,day 31
ACZ81_08750,-0.612479527791342,not_significant,day 60
ACZ81_03415,-0.612404505411782,not_significant,day 31
ACZ81_15860,0.612323760986326,not_significant,day 89
ACZ81_04580,-0.612268447875977,not_significant,day 60
ACZ81_17480,0.612209955851236,not_significant,day 18
ACZ81_07115,-0.611866633097326,not_significant,day 31
ACZ81_19915,0.611779530843096,not_significant,day 60
ACZ81_14160,-0.611599604288738,not_significant,day 31
ACZ81_09470,-0.61149024963379,not_significant,day 89
ACZ81_16325,-0.611486434936523,not_significant,day 60
ACZ81_06940,-0.611472447713213,not_significant,day 89
ACZ81_15530,-0.611294110616048,not_significant,days 60+89
ACZ81_07440,0.610581080118819,not_significant,day 18
ACZ81_09535,0.61047617594401,not_significant,day 18
ACZ81_06370,-0.610443751017253,not_significant,day 60
ACZ81_00235,0.610429128011068,not_significant,day 31
ACZ81_18385,0.610366821289063,not_significant,day 89
ACZ81_16050,0.610224405924481,not_significant,day 60
ACZ81_12290,-0.609999338785804,not_significant,day 31
ACZ81_07065,0.609910329182943,not_significant,day 31
ACZ81_05535,0.609853744506833,not_significant,day 31
ACZ81_05320,-0.60983657836914,not_significant,day 89
ACZ81_08535,0.609703063964841,not_significant,day 60
ACZ81_19425,0.609631856282553,not_significant,day 60
ACZ81_19330,-0.609575271606443,not_significant,day 31
ACZ81_06640,0.609536488850909,not_significant,day 60
ACZ81_11350,-0.609374364217124,not_significant,day 89
ACZ81_16330,-0.609296162923177,not_significant,day 31
ACZ81_03825,-0.608760197957356,not_significant,days 60+89
ACZ81_06535,-0.60855007171631,not_significant,days 60+89
ACZ81_09240,0.60846519470215,not_significant,day 18
ACZ81_19885,0.608243306477865,not_significant,days 60+89
ACZ81_09300,-0.608224868774412,not_significant,day 31
ACZ81_07305,-0.60821278889974,not_significant,day 18
ACZ81_03670,-0.608158747355136,not_significant,day 31
ACZ81_13695,-0.607863744099935,not_significant,day 60
ACZ81_10725,0.607709248860679,not_significant,days 60+89
ACZ81_18360,0.607576370239259,not_significant,day 60
ACZ81_06000,-0.6074701944987,not_significant,day 60
ACZ81_14955,0.607390721638997,not_significant,day 18
ACZ81_07780,-0.607306162516274,not_significant,day 31
ACZ81_00585,-0.607054392496746,not_significant,days 60+89
ACZ81_10175,0.606980641682942,not_significant,day 89
ACZ81_05550,-0.606930414835613,not_significant,day 18
ACZ81_15330,0.60654830932617,not_significant,day 60
ACZ81_15875,0.606096903483073,not_significant,day 18
ACZ81_11115,-0.60606320699056,not_significant,days 60+89
ACZ81_12140,0.605696996053062,not_significant,day 60
ACZ81_02745,-0.605571428934733,not_significant,days 60+89
ACZ81_11190,0.605470657348633,not_significant,day 31
ACZ81_08595,-0.60511589050293,not_significant,day 60
ACZ81_00725,0.605069478352862,not_significant,day 89
ACZ81_01665,0.604894638061523,not_significant,day 89
ACZ81_03485,-0.604880015055336,not_significant,day 60
ACZ81_05135,-0.604498545328776,not_significant,day 89
ACZ81_18465,-0.604376475016276,not_significant,day 31
ACZ81_01080,-0.604283014933268,not_significant,day 31
ACZ81_09800,-0.604181289672854,not_significant,day 60
ACZ81_05050,0.60401980082194,not_significant,day 31
ACZ81_12525,0.603965759277346,not_significant,day 18
ACZ81_02670,0.60376803080241,not_significant,day 18
ACZ81_06535,-0.603554407755535,not_significant,day 60
ACZ81_18150,0.60333251953125,not_significant,day 18
ACZ81_18355,0.603021939595541,not_significant,days 60+89
ACZ81_04750,-0.60297711690267,not_significant,day 89
ACZ81_13505,0.602954228719076,not_significant,day 60
ACZ81_19285,-0.60290845235189,not_significant,day 18
ACZ81_03325,-0.602904001871744,not_significant,day 31
ACZ81_00965,0.602566401163737,not_significant,day 31
ACZ81_10260,0.602565765380861,not_significant,days 60+89
ACZ81_04185,0.602282842000323,not_significant,day 18
ACZ81_12250,-0.602244059244792,not_significant,day 89
ACZ81_12295,0.602219899495443,not_significant,day 89
ACZ81_15640,-0.6019713083903,not_significant,day 89
ACZ81_09730,0.601736068725586,not_significant,day 31
ACZ81_07945,-0.60153261820475,not_significant,day 18
ACZ81_06050,-0.601481755574544,not_significant,day 31
ACZ81_17740,0.601477305094401,not_significant,day 31
ACZ81_04555,0.601165135701498,not_significant,day 31
ACZ81_10680,-0.601049423217769,not_significant,day 18
ACZ81_07470,-0.601037979125976,not_significant,day 31
ACZ81_02755,0.600929260253909,not_significant,day 18
ACZ81_01255,-0.600889841715495,not_significant,day 18
ACZ81_03160,-0.60081736246745,not_significant,day 18
ACZ81_17465,0.600660324096677,not_significant,day 60
ACZ81_07325,-0.600605010986331,not_significant,day 60
ACZ81_00985,-0.600486755371094,not_significant,day 31
ACZ81_08370,0.600407282511394,not_significant,day 89
ACZ81_14665,0.600404103597008,not_significant,day 18
ACZ81_07715,0.600350062052409,not_significant,day 31
ACZ81_03660,-0.60033734639486,not_significant,day 60
ACZ81_01785,-0.600265820821125,not_significant,days 60+89
ACZ81_16645,0.60025946299235,not_significant,days 60+89
ACZ81_01695,-0.600257873535159,not_significant,day 31
ACZ81_03515,0.600252151489258,not_significant,day 89
ACZ81_17520,0.600158691406251,not_significant,day 60
ACZ81_05150,-0.600146611531575,not_significant,day 18
ACZ81_00425,0.600097656249996,not_significant,day 31
ACZ81_13205,-0.599900563557944,not_significant,day 18
ACZ81_16930,-0.59986178080241,not_significant,days 60+89
ACZ81_17995,-0.59986178080241,not_significant,days 60+89
ACZ81_14900,-0.59978675842285,not_significant,day 31
ACZ81_18290,-0.599615414937337,not_significant,days 60+89
ACZ81_11600,-0.59943453470866,not_significant,day 89
ACZ81_08550,-0.599424997965498,not_significant,day 89
ACZ81_07665,-0.59936904907227,not_significant,day 89
ACZ81_01850,0.599295934041341,not_significant,day 89
ACZ81_04850,0.599157333374024,not_significant,day 60
ACZ81_12390,0.599061330159504,not_significant,day 89
ACZ81_13630,0.599048614501953,not_significant,day 89
ACZ81_15745,0.598629633585611,not_significant,day 31
ACZ81_12715,-0.598623911539712,not_significant,days 60+89
ACZ81_06525,-0.597997665405277,not_significant,days 60+89
ACZ81_04745,0.597972869873046,not_significant,day 89
ACZ81_03000,-0.597879409790039,not_significant,day 31
ACZ81_07315,-0.59787050882975,not_significant,day 31
ACZ81_15195,0.597847620646161,not_significant,day 89
ACZ81_18295,-0.597813288370766,not_significant,day 31
ACZ81_18745,0.597419102986654,not_significant,day 60
ACZ81_15430,0.597294489542644,not_significant,days 60+89
ACZ81_10070,0.597280502319336,not_significant,day 60
ACZ81_05315,-0.597201347351074,not_significant,days 60+89
ACZ81_00615,0.59713872273763,not_significant,day 60
ACZ81_16650,-0.597115834554033,not_significant,day 18
ACZ81_19120,0.59710693359375,not_significant,day 89
ACZ81_18840,-0.597058614095054,not_significant,day 18
ACZ81_16330,-0.597050984700521,not_significant,day 89
ACZ81_13985,0.597005208333337,not_significant,day 31
ACZ81_02970,-0.59686533610026,not_significant,day 89
ACZ81_12265,-0.596766789754234,not_significant,day 31
ACZ81_18015,-0.596653620402018,not_significant,day 60
ACZ81_07090,-0.596609115600588,not_significant,day 18
ACZ81_01210,0.596211115519206,not_significant,day 89
ACZ81_09955,0.595764160156246,not_significant,day 31
ACZ81_03870,0.595759709676108,not_significant,day 89
ACZ81_15135,0.595736185709635,not_significant,days 60+89
ACZ81_00765,-0.595665613810223,not_significant,day 89
ACZ81_18885,0.595551490783692,not_significant,days 60+89
ACZ81_05085,0.595271428426107,not_significant,day 18
ACZ81_10845,-0.595020294189453,not_significant,day 31
ACZ81_13400,0.595007260640462,not_significant,days 60+89
ACZ81_01640,-0.59488932291667,not_significant,day 18
ACZ81_15905,-0.594870249430338,not_significant,day 18
ACZ81_19885,0.594804128011068,not_significant,day 60
ACZ81_01870,0.594776153564454,not_significant,day 89
ACZ81_09225,0.594555536905923,not_significant,day 89
ACZ81_05740,0.59446080525716,not_significant,day 89
ACZ81_17220,0.594449361165368,not_significant,day 31
ACZ81_17340,-0.59442138671875,not_significant,day 18
ACZ81_20620,-0.593996047973632,not_significant,day 60
ACZ81_00865,-0.593764623006183,not_significant,day 60
ACZ81_15610,-0.59362475077311,not_significant,day 18
ACZ81_01135,-0.593615214029948,not_significant,day 60
ACZ81_06035,0.593556086222333,not_significant,day 31
ACZ81_06400,0.59327697753906,not_significant,day 89
ACZ81_13880,-0.593255360921225,not_significant,day 60
ACZ81_15225,-0.592692057291665,not_significant,day 89
ACZ81_08350,-0.592670758565267,not_significant,days 60+89
ACZ81_17465,0.592365264892573,not_significant,day 31
ACZ81_08105,-0.59218406677246,not_significant,day 31
ACZ81_11235,-0.592013676961264,not_significant,day 18
ACZ81_18115,0.591958363850912,not_significant,day 60
ACZ81_07365,-0.591712633768717,not_significant,days 60+89
ACZ81_00735,-0.591575622558593,not_significant,day 60
ACZ81_01650,0.59147771199544,not_significant,day 60
ACZ81_18295,0.591246922810877,not_significant,day 60
ACZ81_06525,-0.591194152832037,not_significant,day 31
ACZ81_18285,-0.591105143229167,not_significant,day 60
ACZ81_04970,0.59093411763509,not_significant,day 89
ACZ81_06345,0.59071922302246,not_significant,day 18
ACZ81_18300,-0.590183893839517,not_significant,day 60
ACZ81_10200,-0.58985392252604,not_significant,day 31
ACZ81_19175,-0.589695612589519,not_significant,day 31
ACZ81_17720,0.58962567647298,not_significant,day 60
ACZ81_02560,-0.589494705200197,not_significant,days 60+89
ACZ81_01850,0.58941650390625,not_significant,day 31
ACZ81_19480,0.589368184407554,not_significant,day 31
ACZ81_02695,0.589242935180664,not_significant,day 60
ACZ81_11120,-0.589200337727862,not_significant,day 31
ACZ81_10310,0.589136759440105,not_significant,days 60+89
ACZ81_15745,0.589126904805502,not_significant,days 60+89
ACZ81_06095,-0.589048385620114,not_significant,day 89
ACZ81_09790,-0.588924407958985,not_significant,day 31
ACZ81_10895,0.58885955810547,not_significant,day 60
ACZ81_13395,-0.588825225830079,not_significant,day 89
ACZ81_12680,0.588748296101886,not_significant,day 89
ACZ81_19875,0.588712056477865,not_significant,day 60
ACZ81_15290,0.58868344624837,not_significant,day 89
ACZ81_14815,0.588672637939454,not_significant,day 31
ACZ81_15555,-0.588647524515788,not_significant,days 60+89
ACZ81_11725,0.588493347167967,not_significant,day 60
ACZ81_10175,0.588406880696616,not_significant,days 60+89
ACZ81_13740,-0.588334401448566,not_significant,day 18
ACZ81_04905,-0.588202158610026,not_significant,day 60
ACZ81_05030,0.588176727294924,not_significant,day 31
ACZ81_10760,-0.588089625040689,not_significant,day 31
ACZ81_03330,-0.587835947672526,not_significant,day 60
ACZ81_17195,-0.587799072265625,not_significant,days 60+89
ACZ81_04165,0.587656656901039,not_significant,days 60+89
ACZ81_19565,0.587592442830403,not_significant,days 60+89
ACZ81_19665,0.58754221598307,not_significant,day 31
ACZ81_16065,0.587446848551432,not_significant,day 18
ACZ81_11530,-0.587322870890299,not_significant,day 89
ACZ81_00930,-0.587184906005859,not_significant,day 89
ACZ81_07330,-0.587155024210607,not_significant,day 89
ACZ81_12340,0.587120056152344,not_significant,day 18
ACZ81_19590,-0.586973190307617,not_significant,day 18
ACZ81_16930,-0.586351394653322,not_significant,day 89
ACZ81_17995,-0.586351394653322,not_significant,day 89
ACZ81_01150,-0.58633295694987,not_significant,day 18
ACZ81_06085,-0.586319923400878,not_significant,days 60+89
ACZ81_00890,-0.586013793945309,not_significant,day 60
ACZ81_16715,0.585491498311361,not_significant,days 60+89
ACZ81_04105,0.585478146870928,not_significant,days 60+89
ACZ81_13020,-0.585123062133793,not_significant,day 31
ACZ81_14175,0.58397674560547,not_significant,day 18
ACZ81_01155,-0.58379618326823,not_significant,day 60
ACZ81_06270,0.583550135294597,not_significant,day 60
ACZ81_14685,-0.583541234334306,not_significant,day 18
ACZ81_06755,0.583473841349282,not_significant,day 89
ACZ81_08555,-0.583388964335124,not_significant,days 60+89
ACZ81_06850,0.583311716715495,not_significant,day 31
ACZ81_15865,0.583244323730471,not_significant,day 89
ACZ81_06185,-0.583239873250327,not_significant,day 18
ACZ81_04750,-0.583079020182291,not_significant,days 60+89
ACZ81_18370,0.583019892374676,not_significant,day 31
ACZ81_06285,-0.58297856648763,not_significant,days 60+89
ACZ81_02655,0.582799275716146,not_significant,day 18
ACZ81_12500,-0.582547505696616,not_significant,day 89
ACZ81_01050,-0.582451502482094,not_significant,day 31
ACZ81_05345,-0.582395553588866,not_significant,days 60+89
ACZ81_12915,0.5823491414388,not_significant,day 31
ACZ81_15610,-0.582160949707031,not_significant,day 60
ACZ81_02185,-0.58204905192057,not_significant,day 31
ACZ81_17705,-0.581982930501303,not_significant,day 60
ACZ81_17045,-0.581944147745768,not_significant,day 18
ACZ81_10305,0.581902186075847,not_significant,day 18
ACZ81_05580,-0.581866582234703,not_significant,day 31
ACZ81_09855,0.581847508748373,not_significant,day 89
ACZ81_05445,0.581694920857747,not_significant,day 18
ACZ81_05285,-0.581669489542644,not_significant,days 60+89
ACZ81_01750,0.581595102945963,not_significant,day 60
ACZ81_19775,0.581491470336913,not_significant,day 18
ACZ81_16920,-0.581421534220378,not_significant,day 18
ACZ81_10070,0.581261952718099,not_significant,days 60+89
ACZ81_19610,0.581247965494791,not_significant,day 18
ACZ81_12245,-0.581173261006674,not_significant,days 60+89
ACZ81_00910,0.580843607584636,not_significant,day 89
ACZ81_09510,-0.58077812194824,not_significant,day 31
ACZ81_02005,-0.580747604370124,not_significant,day 89
ACZ81_14755,0.580735206604004,not_significant,days 60+89
ACZ81_19225,0.580732345581054,not_significant,day 89
ACZ81_04910,-0.58069165547689,not_significant,day 31
ACZ81_19330,-0.580453872680662,not_significant,day 89
ACZ81_00845,0.580367406209311,not_significant,day 31
ACZ81_09780,-0.580346425374349,not_significant,day 31
ACZ81_17805,-0.580334345499671,not_significant,days 60+89
ACZ81_07675,-0.580312410990401,not_significant,days 60+89
ACZ81_15450,0.5802001953125,not_significant,day 31
ACZ81_11040,-0.580135981241864,not_significant,day 18
ACZ81_18270,0.58006159464518,not_significant,days 60+89
ACZ81_06855,0.579818725585939,not_significant,day 31
ACZ81_13095,-0.579776128133135,not_significant,day 60
ACZ81_07490,0.579753875732422,not_significant,day 31
ACZ81_13425,-0.579662322998046,not_significant,day 60
ACZ81_04855,-0.579593022664389,not_significant,day 89
ACZ81_02065,0.579556465148926,not_significant,days 60+89
ACZ81_09865,0.579128265380859,not_significant,day 89
ACZ81_14170,0.578996658325196,not_significant,day 31
ACZ81_07230,0.578994750976562,not_significant,day 18
ACZ81_13415,-0.578891754150392,not_significant,day 18
ACZ81_11010,0.578506469726563,not_significant,day 31
ACZ81_17015,0.578440348307291,not_significant,day 18
ACZ81_16595,-0.578324000040693,not_significant,day 31
ACZ81_19170,0.578236897786458,not_significant,day 60
ACZ81_02415,-0.578182220458987,not_significant,day 31
ACZ81_02875,-0.57776069641114,not_significant,day 60
ACZ81_06985,0.5777473449707,not_significant,day 60
ACZ81_08235,0.577539443969729,not_significant,day 18
ACZ81_09855,0.577460924784343,not_significant,days 60+89
ACZ81_14710,0.577178319295248,not_significant,day 31
ACZ81_06990,-0.577083587646485,not_significant,days 60+89
ACZ81_01425,0.57704226175944,not_significant,day 31
ACZ81_20350,-0.576929728190105,not_significant,day 60
ACZ81_00590,-0.576875050862631,not_significant,day 89
ACZ81_00355,-0.576780954996744,not_significant,day 60
ACZ81_13695,-0.57668940226237,not_significant,day 31
ACZ81_18585,0.576674143473306,not_significant,day 18
ACZ81_03780,0.576321919759118,not_significant,day 18
ACZ81_17380,-0.576211929321291,not_significant,day 31
ACZ81_01375,-0.576053301493326,not_significant,days 60+89
ACZ81_19480,0.575844764709472,not_significant,days 60+89
ACZ81_00280,-0.575778325398763,not_significant,day 89
ACZ81_08760,0.575777053833007,not_significant,day 60
ACZ81_15555,-0.575516382853191,not_significant,day 31
ACZ81_18550,0.575445810953773,not_significant,day 31
ACZ81_05170,-0.575426737467449,not_significant,day 31
ACZ81_17055,-0.575295130411782,not_significant,day 89
ACZ81_12525,0.57513173421224,not_significant,days 60+89
ACZ81_08755,0.575073242187503,not_significant,day 18
ACZ81_13860,-0.574740091959637,not_significant,day 31
ACZ81_09340,-0.574309349060059,not_significant,days 60+89
ACZ81_13920,0.574097951253254,not_significant,day 18
ACZ81_07910,0.573968251546224,not_significant,day 60
ACZ81_00765,-0.57394282023112,not_significant,days 60+89
ACZ81_05865,-0.57384745279948,not_significant,day 89
ACZ81_05925,-0.573602040608726,not_significant,day 89
ACZ81_19115,-0.573588053385417,not_significant,day 89
ACZ81_00875,0.573521931966146,not_significant,day 89
ACZ81_04850,0.573506037394207,not_significant,days 60+89
ACZ81_17355,-0.57336743672689,not_significant,day 18
ACZ81_03155,-0.573342641194657,not_significant,day 18
ACZ81_09305,-0.573189735412597,not_significant,days 60+89
ACZ81_09855,0.573074340820313,not_significant,day 60
ACZ81_11710,0.572912851969399,not_significant,day 89
ACZ81_02145,0.572903951009115,not_significant,day 89
ACZ81_03875,0.572808265686035,not_significant,days 60+89
ACZ81_13325,0.572344462076825,not_significant,day 60
ACZ81_00145,-0.572219848632814,not_significant,day 18
ACZ81_08170,0.572174072265625,not_significant,day 31
ACZ81_19120,0.571914990743001,not_significant,days 60+89
ACZ81_00865,-0.571883201599121,not_significant,days 60+89
ACZ81_06225,-0.571866989135743,not_significant,day 60
ACZ81_05665,-0.571708679199219,not_significant,day 60
ACZ81_08680,-0.571625391642254,not_significant,day 60
ACZ81_17115,0.571383158365887,not_significant,day 18
ACZ81_13880,-0.571375528971355,not_significant,days 60+89
ACZ81_02340,0.571330388387046,not_significant,day 60
ACZ81_00230,-0.571269353230794,not_significant,day 31
ACZ81_16875,0.5711301167806,not_significant,day 18
ACZ81_18015,-0.571037610371908,not_significant,days 60+89
ACZ81_17270,-0.570992787679039,not_significant,day 31
ACZ81_18385,0.570711453755698,not_significant,days 60+89
ACZ81_08215,-0.570703506469727,not_significant,day 89
ACZ81_17380,-0.570690790812173,not_significant,day 89
ACZ81_18970,0.570552190144853,not_significant,day 18
ACZ81_11235,0.57026926676432,not_significant,day 60
ACZ81_16490,0.570233027140298,not_significant,day 60
ACZ81_06420,-0.57015800476074,not_significant,day 89
ACZ81_08570,-0.570136388142906,not_significant,day 18
ACZ81_13510,0.570001602172853,not_significant,day 18
ACZ81_08270,0.569958368937173,not_significant,day 18
ACZ81_09940,0.56991004943848,not_significant,day 60
ACZ81_18885,0.569885889689126,not_significant,day 60
ACZ81_10175,0.569833119710289,not_significant,day 60
ACZ81_07365,-0.569717407226564,not_significant,day 31
ACZ81_13470,-0.56955083211263,not_significant,day 18
ACZ81_18365,0.569205919901526,not_significant,days 60+89
ACZ81_11665,-0.569133758544925,not_significant,day 18
ACZ81_03765,-0.569009145100912,not_significant,day 60
ACZ81_05315,-0.568805694580078,not_significant,day 60
ACZ81_15135,0.56872812906901,not_significant,day 89
ACZ81_04440,-0.568699518839521,not_significant,day 60
ACZ81_18150,0.568698247273761,not_significant,day 31
ACZ81_17595,-0.568664550781246,not_significant,days 60+89
ACZ81_18585,0.568618138631184,not_significant,day 31
ACZ81_09760,-0.568579991658524,not_significant,day 60
ACZ81_17520,0.568481445312501,not_significant,day 31
ACZ81_19200,0.56845283508301,not_significant,day 31
ACZ81_18955,0.568391164143882,not_significant,day 18
ACZ81_10590,0.568373044331867,not_significant,days 60+89
ACZ81_07340,-0.568326950073242,not_significant,day 60
ACZ81_12340,0.567939122517904,not_significant,day 60
ACZ81_04480,-0.567921320597333,not_significant,day 18
ACZ81_18945,0.567888895670575,not_significant,day 31
ACZ81_05395,-0.56779225667318,not_significant,day 31
ACZ81_12970,-0.567728678385417,not_significant,day 18
ACZ81_00135,0.567691802978521,not_significant,day 31
ACZ81_08570,-0.567364374796549,not_significant,day 31
ACZ81_04655,-0.567250569661458,not_significant,day 89
ACZ81_13390,-0.567240397135419,not_significant,day 31
ACZ81_16400,0.567187627156578,not_significant,day 60
ACZ81_16115,-0.567152023315427,not_significant,day 89
ACZ81_09090,0.567075729370114,not_significant,day 89
ACZ81_00790,0.567073822021484,not_significant,day 89
ACZ81_13165,-0.567063013712565,not_significant,days 60+89
ACZ81_03570,-0.567047754923503,not_significant,day 60
ACZ81_13790,-0.567028363545731,not_significant,days 60+89
ACZ81_04685,-0.567023595174154,not_significant,day 60
ACZ81_00905,-0.566965738932294,not_significant,days 60+89
ACZ81_08600,0.56685892740885,not_significant,day 31
ACZ81_16335,0.566854476928713,not_significant,days 60+89
ACZ81_06970,0.566807428995768,not_significant,day 31
ACZ81_08230,0.566543579101564,not_significant,day 60
ACZ81_14710,0.566008885701498,not_significant,day 60
ACZ81_05925,-0.565880775451662,not_significant,days 60+89
ACZ81_02695,0.565769513448079,not_significant,days 60+89
ACZ81_19005,-0.565642674763995,not_significant,days 60+89
ACZ81_01640,-0.565609614054363,not_significant,day 89
ACZ81_13315,-0.565421740214025,not_significant,days 60+89
ACZ81_16795,-0.565359751383464,not_significant,day 18
ACZ81_10070,0.565243403116862,not_significant,day 89
ACZ81_17320,-0.565238316853841,not_significant,day 18
ACZ81_12205,0.565165201822916,not_significant,day 18
ACZ81_19225,0.565098444620767,not_significant,day 31
ACZ81_02105,0.56498209635417,not_significant,day 18
ACZ81_16680,-0.56488355000814,not_significant,day 31
ACZ81_11350,-0.564826011657714,not_significant,days 60+89
ACZ81_14900,-0.564483642578124,not_significant,days 60+89
ACZ81_04180,0.564170837402344,not_significant,day 89
ACZ81_00020,-0.56389236450195,not_significant,day 31
ACZ81_09370,-0.563750267028805,not_significant,days 60+89
ACZ81_18640,0.56355539957682,not_significant,day 18
ACZ81_00330,-0.563538233439127,not_significant,day 31
ACZ81_17430,-0.563460032145182,not_significant,day 31
ACZ81_09135,0.563434918721517,not_significant,days 60+89
ACZ81_04750,-0.563180923461913,not_significant,day 60
ACZ81_07400,-0.563069661458327,not_significant,day 89
ACZ81_14780,0.562618255615235,not_significant,day 60
ACZ81_07920,0.562537511189777,not_significant,day 18
ACZ81_06040,0.562368392944336,not_significant,day 89
ACZ81_19805,-0.562354405721033,not_significant,day 18
ACZ81_08135,-0.56222661336263,not_significant,day 60
ACZ81_06545,0.56216049194336,not_significant,day 18
ACZ81_12065,-0.56213442484538,not_significant,day 89
ACZ81_05310,-0.561971028645833,not_significant,day 18
ACZ81_10350,0.561903317769369,not_significant,days 60+89
ACZ81_06285,-0.561831792195638,not_significant,day 31
ACZ81_04840,-0.5618044535319,not_significant,day 18
ACZ81_12090,0.561764399210615,not_significant,day 89
ACZ81_19045,0.561684290568034,not_significant,day 89
ACZ81_04175,0.561331748962402,not_significant,days 60+89
ACZ81_14375,0.561317443847652,not_significant,day 89
ACZ81_06690,0.561075210571293,not_significant,day 31
ACZ81_01830,0.561055501302084,not_significant,day 31
ACZ81_16595,-0.560716946919757,not_significant,days 60+89
ACZ81_18320,-0.560691833496094,not_significant,day 31
ACZ81_19850,-0.56063524881999,not_significant,day 89
ACZ81_14215,-0.560604095458983,not_significant,day 31
ACZ81_06505,-0.560422261555992,not_significant,day 89
ACZ81_05245,0.560377438863121,not_significant,days 60+89
ACZ81_11360,0.560305277506511,not_significant,day 60
ACZ81_10410,-0.560283342997232,not_significant,days 60+89
ACZ81_08905,-0.560230255126952,not_significant,day 60
ACZ81_08355,0.56021245320638,not_significant,day 89
ACZ81_09200,0.560200373331706,not_significant,day 60
ACZ81_17030,-0.560184478759763,not_significant,day 31
ACZ81_13085,-0.55985196431478,not_significant,day 18
ACZ81_18300,-0.559808095296223,not_significant,day 31
ACZ81_06945,0.559787114461262,not_significant,day 18
ACZ81_16055,-0.559729576110842,not_significant,days 60+89
ACZ81_08750,-0.559361139933269,not_significant,days 60+89
ACZ81_03800,0.559267679850257,not_significant,day 18
ACZ81_00585,-0.558886210123699,not_significant,day 89
ACZ81_04410,0.558695475260417,not_significant,days 60+89
ACZ81_00020,-0.55849075317383,not_significant,day 18
ACZ81_20460,0.55818621317546,not_significant,day 31
ACZ81_05925,-0.558159510294597,not_significant,day 60
ACZ81_20140,0.558075586954752,not_significant,day 60
ACZ81_17780,-0.557138442993167,not_significant,day 60
ACZ81_02310,0.557074228922525,not_significant,day 60
ACZ81_02335,0.55701732635498,not_significant,days 60+89
ACZ81_02070,-0.557003657023113,not_significant,day 89
ACZ81_17275,-0.556839625040689,not_significant,day 89
ACZ81_00360,0.556802113850911,not_significant,day 89
ACZ81_11545,0.556559244791667,not_significant,day 31
ACZ81_18470,-0.556498209635417,not_significant,day 31
ACZ81_04165,0.556006749471027,not_significant,day 18
ACZ81_19120,-0.555962880452474,not_significant,day 31
ACZ81_07645,-0.555725097656251,not_significant,day 31
ACZ81_11020,0.555618921915691,not_significant,day 89
ACZ81_07705,-0.555580139160156,not_significant,day 89
ACZ81_04580,-0.555480321248373,not_significant,day 18
ACZ81_04495,-0.555116653442387,not_significant,day 89
ACZ81_01965,0.55504417419434,not_significant,day 60
ACZ81_09800,-0.555034955342611,not_significant,days 60+89
ACZ81_00095,0.554923375447594,not_significant,day 89
ACZ81_19575,-0.554691314697264,not_significant,day 60
ACZ81_03140,0.554659525553387,not_significant,day 18
ACZ81_06345,0.554632822672526,not_significant,day 31
ACZ81_00735,-0.554630279541014,not_significant,days 60+89
ACZ81_10705,0.554597854614261,not_significant,days 60+89
ACZ81_13770,-0.554099400838216,not_significant,day 18
ACZ81_11545,-0.554075876871747,not_significant,day 18
ACZ81_10835,0.554072062174483,not_significant,day 31
ACZ81_12715,-0.554028193155923,not_significant,day 89
ACZ81_08775,0.553984959920247,not_significant,day 18
ACZ81_04570,-0.553860346476236,not_significant,day 18
ACZ81_13085,0.553858121236164,not_significant,days 60+89
ACZ81_20685,-0.55382537841797,not_significant,day 60
ACZ81_13045,0.55353864034017,not_significant,day 60
ACZ81_18290,-0.553407033284504,not_significant,day 89
ACZ81_06360,-0.55325253804525,not_significant,day 31
ACZ81_11240,-0.553162256876627,not_significant,day 60
ACZ81_04160,0.553099314371745,not_significant,day 60
ACZ81_06565,-0.552960077921549,not_significant,day 31
ACZ81_09860,0.552806218465168,not_significant,day 60
ACZ81_17435,-0.552625656127926,not_significant,day 18
ACZ81_03230,-0.552577654520672,not_significant,days 60+89
ACZ81_09980,0.552356719970701,not_significant,day 31
ACZ81_09085,-0.552355448404948,not_significant,day 18
ACZ81_00765,-0.552220026652017,not_significant,day 60
ACZ81_15865,0.552124341328941,not_significant,days 60+89
ACZ81_13580,-0.551385243733723,not_significant,day 89
ACZ81_06325,-0.550910949707033,not_significant,day 18
ACZ81_17510,-0.55053965250651,not_significant,day 31
ACZ81_05240,0.550483067830402,not_significant,day 18
ACZ81_17380,-0.55036958058675,not_significant,days 60+89
ACZ81_18680,0.550203323364258,not_significant,day 89
ACZ81_11240,-0.550151824951174,not_significant,day 31
ACZ81_02360,0.550148010253906,not_significant,day 89
ACZ81_00845,0.550144831339516,not_significant,days 60+89
ACZ81_12000,0.550091425577797,not_significant,day 18
ACZ81_00865,-0.550001780192058,not_significant,day 89
ACZ81_14150,-0.549961725870769,not_significant,day 60
ACZ81_14540,-0.549791971842448,not_significant,day 31
ACZ81_11400,-0.54952239990234,not_significant,day 60
ACZ81_13880,-0.549495697021485,not_significant,day 89
ACZ81_06475,0.549482345581056,not_significant,day 89
ACZ81_14720,-0.549278259277346,not_significant,day 18
ACZ81_01920,0.549119949340819,not_significant,day 60
ACZ81_08600,0.549096425374347,not_significant,day 89
ACZ81_07040,-0.548950831095377,not_significant,day 18
ACZ81_16645,0.548915227254233,not_significant,day 89
ACZ81_03515,0.548671722412109,not_significant,days 60+89
ACZ81_08705,0.548501968383789,not_significant,day 89
ACZ81_19480,0.548225402832033,not_significant,day 18
ACZ81_06520,0.548196156819661,not_significant,day 31
ACZ81_01890,-0.548032760620115,not_significant,day 60
ACZ81_04850,0.547854741414391,not_significant,day 89
ACZ81_03230,-0.547817866007487,not_significant,day 31
ACZ81_14885,0.547796885172527,not_significant,day 31
ACZ81_01085,0.547784169514973,not_significant,day 89
ACZ81_00900,-0.547737121582031,not_significant,day 60
ACZ81_16645,0.547505060831706,not_significant,day 31
ACZ81_08350,-0.54737663269043,not_significant,day 89
ACZ81_05445,0.547337214152019,not_significant,day 31
ACZ81_14910,0.54730415344238,not_significant,day 60
ACZ81_07465,-0.547218322753906,not_significant,day 60
ACZ81_18400,0.547171274820964,not_significant,day 31
ACZ81_20675,-0.547112782796224,not_significant,day 89
ACZ81_04690,-0.546969731648764,not_significant,day 31
ACZ81_04205,0.546961466471354,not_significant,days 60+89
ACZ81_04705,-0.546740849812823,not_significant,day 31
ACZ81_19120,0.546723047892254,not_significant,day 60
ACZ81_18810,0.546689351399741,not_significant,day 31
ACZ81_18800,-0.546674728393555,not_significant,day 89
ACZ81_11500,0.546648661295567,not_significant,days 60+89
ACZ81_06050,-0.546602884928387,not_significant,day 18
ACZ81_17175,-0.546541849772135,not_significant,day 89
ACZ81_00985,-0.546219507853191,not_significant,day 89
ACZ81_07705,-0.546182632446289,not_significant,day 18
ACZ81_17825,0.54613176981608,not_significant,day 89
ACZ81_15605,-0.545814832051593,not_significant,days 60+89
ACZ81_02185,0.545715332031254,not_significant,day 18
ACZ81_13570,0.545422871907554,not_significant,day 18
ACZ81_18015,-0.545421600341799,not_significant,day 89
ACZ81_13790,-0.545420964558917,not_significant,day 31
ACZ81_01925,0.545346577962237,not_significant,day 31
ACZ81_10775,-0.545221964518229,not_significant,day 18
ACZ81_13330,-0.544956207275392,not_significant,day 31
ACZ81_00525,-0.54466183980306,not_significant,day 31
ACZ81_15615,0.544402440388999,not_significant,days 60+89
ACZ81_17795,0.544038136800134,not_significant,days 60+89
ACZ81_12245,-0.543863296508793,not_significant,day 18
ACZ81_08155,-0.54366620381673,not_significant,day 31
ACZ81_19205,-0.543621063232422,not_significant,day 18
ACZ81_15400,-0.543561299641927,not_significant,day 89
ACZ81_05595,0.543518066406248,not_significant,day 60
ACZ81_07095,0.543420155843096,not_significant,day 60
ACZ81_12970,-0.543329874674479,not_significant,day 89
ACZ81_06865,0.542755762736004,not_significant,day 31
ACZ81_05320,-0.542718887329102,not_significant,day 18
ACZ81_08160,-0.542683919270833,not_significant,day 31
ACZ81_09695,0.542533238728841,not_significant,day 89
ACZ81_02060,-0.542498906453449,not_significant,day 89
ACZ81_03555,0.542453130086263,not_significant,day 89
ACZ81_02695,0.542296091715495,not_significant,day 89
ACZ81_16970,-0.542238235473634,not_significant,day 89
ACZ81_14760,0.541921615600588,not_significant,day 89
ACZ81_02000,-0.541880925496417,not_significant,day 60
ACZ81_09140,0.541636784871419,not_significant,day 31
ACZ81_12325,-0.541585286458333,not_significant,day 31
ACZ81_03380,-0.541228612263997,not_significant,day 18
ACZ81_17205,0.54071299235026,not_significant,day 89
ACZ81_07495,0.540696461995443,not_significant,days 60+89
ACZ81_00910,0.54064432779948,not_significant,day 18
ACZ81_04165,0.540523529052731,not_significant,day 89
ACZ81_15120,0.540517807006835,not_significant,day 31
ACZ81_16760,0.540356953938805,not_significant,day 18
ACZ81_06430,-0.540186564127603,not_significant,day 31
ACZ81_16435,0.540067672729493,not_significant,day 18
ACZ81_02195,0.540021896362306,not_significant,day 31
ACZ81_03535,0.539984385172527,not_significant,day 60
ACZ81_18610,-0.53977648417155,not_significant,day 60
ACZ81_10845,-0.539555231730142,not_significant,day 89
ACZ81_17330,-0.539389292399087,not_significant,day 31
ACZ81_01835,-0.539302825927734,not_significant,day 89
ACZ81_02970,-0.539280573527018,not_significant,day 18
ACZ81_06860,-0.539267857869464,not_significant,day 60
ACZ81_07130,-0.53914260864258,not_significant,day 60
ACZ81_13715,-0.538911183675132,not_significant,day 60
ACZ81_17355,-0.538747787475588,not_significant,day 89
ACZ81_06420,-0.538733482360837,not_significant,days 60+89
ACZ81_19610,0.538646062215165,not_significant,day 60
ACZ81_08790,-0.53835932413737,not_significant,day 89
ACZ81_14425,-0.538260777791341,not_significant,day 60
ACZ81_13680,-0.53820419311523,not_significant,day 60
ACZ81_16715,0.53806749979655,not_significant,day 60
ACZ81_11115,-0.53793716430664,not_significant,day 89
ACZ81_08710,0.537908871968589,not_significant,days 60+89
ACZ81_06385,0.537834167480475,not_significant,day 89
ACZ81_09510,-0.537731806437174,not_significant,day 18
ACZ81_12105,0.537577946980794,not_significant,day 31
ACZ81_11020,0.53718376159668,not_significant,days 60+89
ACZ81_14500,0.537139892578127,not_significant,day 18
ACZ81_11635,-0.536989847819011,not_significant,day 89
ACZ81_03500,-0.536934534708659,not_significant,day 18
ACZ81_06700,0.536718368530274,not_significant,day 18
ACZ81_06175,-0.536422729492191,not_significant,day 60
ACZ81_11230,-0.536400477091469,not_significant,day 89
ACZ81_04765,-0.53583844502767,not_significant,day 31
ACZ81_06690,0.53581237792969,not_significant,day 18
ACZ81_01640,-0.535653432210287,not_significant,day 31
ACZ81_15210,0.535495758056641,not_significant,day 89
ACZ81_09295,-0.535442034403482,not_significant,days 60+89
ACZ81_04025,0.53536732991536,not_significant,day 89
ACZ81_14565,-0.535193125406904,not_significant,day 31
ACZ81_14585,0.535160064697266,not_significant,day 18
ACZ81_00305,-0.534927368164062,not_significant,day 60
ACZ81_02160,-0.534898122151693,not_significant,day 18
ACZ81_10330,-0.534840901692706,not_significant,day 60
ACZ81_10005,-0.534794489542647,not_significant,day 31
ACZ81_09410,0.534688313802084,not_significant,day 89
ACZ81_07925,-0.534589131673177,not_significant,day 89
ACZ81_12510,-0.534573237101237,not_significant,day 89
ACZ81_11920,-0.534265518188477,not_significant,day 89
ACZ81_06370,-0.534062703450521,not_significant,day 18
ACZ81_08800,-0.534034093221028,not_significant,day 89
ACZ81_09140,0.533985137939452,not_significant,day 89
ACZ81_07015,0.533871968587235,not_significant,day 89
ACZ81_15745,0.533530553181967,not_significant,day 60
ACZ81_02495,0.533520062764483,not_significant,days 60+89
ACZ81_12765,-0.533505757649739,not_significant,day 89
ACZ81_06175,-0.533267656962081,not_significant,days 60+89
ACZ81_03735,0.533120473225912,not_significant,day 18
ACZ81_18040,0.533041000366208,not_significant,days 60+89
ACZ81_04865,0.532440185546873,not_significant,day 31
ACZ81_19615,-0.532438278198243,not_significant,day 18
ACZ81_17320,0.532348632812501,not_significant,day 60
ACZ81_04265,0.532339731852215,not_significant,days 60+89
ACZ81_10110,0.5323232014974,not_significant,day 31
ACZ81_04945,-0.532270431518556,not_significant,day 60
ACZ81_13105,-0.532025019327799,not_significant,day 89
ACZ81_09320,-0.531519571940106,not_significant,days 60+89
ACZ81_13325,0.531057357788088,not_significant,day 18
ACZ81_18385,0.531056086222332,not_significant,day 60
ACZ81_10745,-0.531056086222331,not_significant,day 31
ACZ81_17700,-0.530711491902666,not_significant,day 89
ACZ81_04270,0.530553817749027,not_significant,day 18
ACZ81_12730,-0.530490875244142,not_significant,day 89
ACZ81_03585,0.530445098876954,not_significant,day 31
ACZ81_06175,-0.530112584431971,not_significant,day 89
ACZ81_17380,-0.530048370361327,not_significant,day 60
ACZ81_12350,-0.529816309611003,not_significant,day 31
ACZ81_11665,0.529793421427409,not_significant,day 60
ACZ81_14040,0.529771169026693,not_significant,day 18
ACZ81_09300,-0.529758771260581,not_significant,days 60+89
ACZ81_06370,-0.529618581136068,not_significant,day 31
ACZ81_17230,0.529448191324863,not_significant,day 18
ACZ81_02875,-0.528982162475592,not_significant,days 60+89
ACZ81_01045,-0.528778711954753,not_significant,day 31
ACZ81_11915,-0.528713226318358,not_significant,day 31
ACZ81_08550,-0.528656641642255,not_significant,day 31
ACZ81_11335,0.528562863667806,not_significant,days 60+89
ACZ81_02310,0.528442700703938,not_significant,days 60+89
ACZ81_11950,-0.528205235799154,not_significant,day 18
ACZ81_08550,-0.528113683064781,not_significant,days 60+89
ACZ81_19425,0.528067270914713,not_significant,day 18
ACZ81_01825,-0.527934710184735,not_significant,days 60+89
ACZ81_14465,0.527930259704587,not_significant,days 60+89
ACZ81_00945,-0.527852376302087,not_significant,day 31
ACZ81_19875,-0.527772903442383,not_significant,day 18
ACZ81_12340,0.52762730916341,not_significant,day 31
ACZ81_09120,-0.527616500854496,not_significant,day 18
ACZ81_01715,0.527456283569337,not_significant,day 89
ACZ81_17720,0.52717590332031,not_significant,day 31
ACZ81_04770,0.527100563049317,not_significant,days 60+89
ACZ81_14610,-0.526683171590169,not_significant,days 60+89
ACZ81_17895,-0.526250203450521,not_significant,day 31
ACZ81_07630,-0.52614402770996,not_significant,day 18
ACZ81_15190,0.526130040486654,not_significant,days 60+89
ACZ81_01835,-0.526123364766439,not_significant,days 60+89
ACZ81_18160,0.526031494140621,not_significant,days 60+89
ACZ81_06925,-0.52595647176107,not_significant,day 31
ACZ81_10835,0.525904973347983,not_significant,day 60
ACZ81_03820,0.525656382242837,not_significant,day 89
ACZ81_15040,0.525650660196942,not_significant,days 60+89
ACZ81_12250,-0.52565066019694,not_significant,day 31
ACZ81_06940,-0.525250752766925,not_significant,days 60+89
ACZ81_20375,-0.525206247965497,not_significant,days 60+89
ACZ81_07375,-0.525104522705078,not_significant,day 60
ACZ81_02850,0.52509371439616,not_significant,day 89
ACZ81_00145,-0.525074640909832,not_significant,day 31
ACZ81_04880,-0.524547576904297,not_significant,day 31
ACZ81_01670,-0.524499893188477,not_significant,day 18
ACZ81_03670,-0.524406433105462,not_significant,day 60
ACZ81_12000,-0.524267832438151,not_significant,day 60
ACZ81_02190,-0.524052937825519,not_significant,day 60
ACZ81_17055,-0.523804664611815,not_significant,days 60+89
ACZ81_09800,-0.523720423380534,not_significant,day 31
ACZ81_05440,-0.523698170979818,not_significant,day 31
ACZ81_03940,-0.523462295532227,not_significant,day 60
ACZ81_03935,0.523354212443034,not_significant,day 89
ACZ81_02340,0.523279825846357,not_significant,days 60+89
ACZ81_15370,0.523246765136717,not_significant,day 31
ACZ81_11360,0.523174285888671,not_significant,day 31
ACZ81_05865,-0.522843360900879,not_significant,days 60+89
ACZ81_11165,-0.522755304972331,not_significant,day 89
ACZ81_03195,0.522425969441732,not_significant,day 89
ACZ81_18850,0.522291819254557,not_significant,day 60
ACZ81_15325,-0.522216161092123,not_significant,day 31
ACZ81_16470,0.52216720581055,not_significant,day 89
ACZ81_10695,0.522146860758463,not_significant,day 18
ACZ81_08680,-0.521985689798994,not_significant,days 60+89
ACZ81_19445,-0.521951039632162,not_significant,day 18
ACZ81_17410,0.521937052408853,not_significant,day 18
ACZ81_07210,-0.521880467732747,not_significant,day 18
ACZ81_12130,0.521738688151042,not_significant,day 31
ACZ81_09255,0.521464665730795,not_significant,day 60
ACZ81_20460,-0.521100362141927,not_significant,day 89
ACZ81_09150,-0.52108637491862,not_significant,day 89
ACZ81_09745,0.5210698445638,not_significant,day 89
ACZ81_15865,0.521004358927411,not_significant,day 60
ACZ81_13730,0.520627021789551,not_significant,days 60+89
ACZ81_02290,-0.520517349243163,not_significant,day 31
ACZ81_19280,-0.52045122782389,not_significant,day 18
ACZ81_11350,-0.520277659098304,not_significant,day 60
ACZ81_03505,0.520122528076172,not_significant,day 31
ACZ81_14640,-0.520065943400063,not_significant,day 31
ACZ81_05880,0.520054817199706,not_significant,days 60+89
ACZ81_05940,-0.519854227701823,not_significant,day 89
ACZ81_05625,0.519477844238283,not_significant,day 60
ACZ81_13025,0.519146601359048,not_significant,day 18
ACZ81_07855,-0.519095738728844,not_significant,day 31
ACZ81_15720,0.518983205159506,not_significant,day 31
ACZ81_11715,0.518788019816083,not_significant,day 89
ACZ81_17520,0.518785476684572,not_significant,days 60+89
ACZ81_11020,0.518748601277669,not_significant,day 60
ACZ81_16680,-0.518704732259113,not_significant,day 18
ACZ81_19225,0.518670399983724,not_significant,days 60+89
ACZ81_18470,-0.518661816914877,not_significant,days 60+89
ACZ81_18610,-0.518256505330403,not_significant,days 60+89
ACZ81_03805,0.518182754516601,not_significant,days 60+89
ACZ81_18350,0.518140474955242,not_significant,days 60+89
ACZ81_13070,0.517995834350587,not_significant,day 89
ACZ81_07205,-0.51785024007161,not_significant,days 60+89
ACZ81_19585,0.517831166585283,not_significant,day 89
ACZ81_20450,-0.517710049947103,not_significant,days 60+89
ACZ81_00735,-0.517684936523436,not_significant,day 89
ACZ81_01560,0.51760768890381,not_significant,days 60+89
ACZ81_11125,0.51724147796631,not_significant,days 60+89
ACZ81_18830,0.517074584960937,not_significant,day 18
ACZ81_06595,0.517019271850587,not_significant,day 18
ACZ81_19780,0.516973495483399,not_significant,day 31
ACZ81_09645,-0.51692008972168,not_significant,day 89
ACZ81_18815,0.516758600870769,not_significant,day 31
ACZ81_10425,-0.516505559285484,not_significant,day 31
ACZ81_08540,0.516500473022456,not_significant,days 60+89
ACZ81_14065,-0.516496976216632,not_significant,days 60+89
ACZ81_09285,-0.51624043782552,not_significant,day 31
ACZ81_07340,-0.516132354736328,not_significant,days 60+89
ACZ81_07675,-0.516033808390301,not_significant,day 89
ACZ81_12805,-0.51601028442383,not_significant,day 18
ACZ81_17185,-0.515757242838543,not_significant,day 18
ACZ81_12585,-0.51566886901856,not_significant,day 60
ACZ81_02925,-0.515595118204757,not_significant,day 89
ACZ81_13755,-0.51539675394694,not_significant,day 60
ACZ81_12800,0.515378316243487,not_significant,day 18
ACZ81_18105,0.515189488728847,not_significant,day 89
ACZ81_11075,-0.515070597330728,not_significant,day 18
ACZ81_17740,0.51498285929362,not_significant,day 18
ACZ81_17315,-0.514971415201823,not_significant,day 18
ACZ81_13105,-0.514950116475423,not_significant,days 60+89
ACZ81_03745,-0.514823913574219,not_significant,day 60
ACZ81_13150,-0.51467768351237,not_significant,day 18
ACZ81_02660,0.514594395955403,not_significant,day 18
ACZ81_16050,0.51459089914958,not_significant,days 60+89
ACZ81_03860,-0.514562288920085,not_significant,days 60+89
ACZ81_18360,0.514394442240398,not_significant,days 60+89
ACZ81_15500,0.514171600341802,not_significant,day 18
ACZ81_01995,-0.51416206359863,not_significant,day 18
ACZ81_16335,0.513992309570313,not_significant,day 60
ACZ81_RS04395,0.51397641499837,not_significant,day 18
ACZ81_07470,-0.513928731282552,not_significant,day 18
ACZ81_06635,-0.513844807942714,not_significant,day 60
ACZ81_08130,0.51382064819336,not_significant,day 60
ACZ81_06475,0.513765017191571,not_significant,days 60+89
ACZ81_19295,-0.513645807902017,not_significant,day 89
ACZ81_07290,-0.51344617207845,not_significant,day 60
ACZ81_06185,-0.513389587402345,not_significant,day 89
ACZ81_13595,-0.51320012410482,not_significant,day 18
ACZ81_19850,-0.51312255859375,not_significant,day 31
ACZ81_01835,-0.512943903605143,not_significant,day 60
ACZ81_00930,-0.512850443522136,not_significant,day 31
ACZ81_06990,-0.51283327738444,not_significant,day 89
ACZ81_08760,0.512821515401202,not_significant,days 60+89
ACZ81_05315,-0.512090682983398,not_significant,day 31
ACZ81_07780,-0.511991818745933,not_significant,days 60+89
ACZ81_09135,0.511807759602864,not_significant,day 60
ACZ81_18465,-0.511698404947917,not_significant,day 89
ACZ81_11535,-0.511112213134767,not_significant,day 89
ACZ81_00730,0.510852177937826,not_significant,day 31
ACZ81_11815,0.510844548543295,not_significant,day 18
ACZ81_05435,-0.510829607645672,not_significant,days 60+89
ACZ81_01885,-0.510558446248375,not_significant,day 18
ACZ81_13810,0.5102907816569,not_significant,day 18
ACZ81_RS17170,-0.50995635986328,not_significant,day 18
ACZ81_19660,0.509936332702638,not_significant,days 60+89
ACZ81_06700,0.509572664896647,not_significant,days 60+89
ACZ81_19200,0.509522755940758,not_significant,days 60+89
ACZ81_02305,0.509440739949548,not_significant,day 89
ACZ81_03270,-0.509266535441085,not_significant,day 89
ACZ81_18350,0.50900967915853,not_significant,day 31
ACZ81_01535,-0.508988062540687,not_significant,day 89
ACZ81_08785,-0.508857091267903,not_significant,day 31
ACZ81_10835,0.508784612019858,not_significant,days 60+89
ACZ81_15265,-0.508768717447918,not_significant,day 31
ACZ81_07945,-0.508626302083333,not_significant,day 31
ACZ81_02155,0.508565902709961,not_significant,day 89
ACZ81_16490,0.508415222167968,not_significant,days 60+89
ACZ81_04970,0.508373260498046,not_significant,day 31
ACZ81_16970,-0.508061726888022,not_significant,days 60+89
ACZ81_20440,-0.507739384969075,not_significant,day 89
ACZ81_13790,-0.507727305094397,not_significant,day 89
ACZ81_03450,-0.507653554280599,not_significant,day 18
ACZ81_13100,-0.507634480794274,not_significant,days 60+89
ACZ81_08555,-0.507568359375,not_significant,day 31
ACZ81_13050,0.50752703348796,not_significant,day 31
ACZ81_19260,0.507490158081053,not_significant,day 18
ACZ81_13580,-0.507398923238118,not_significant,days 60+89
ACZ81_16720,0.507329305013024,not_significant,day 89
ACZ81_06420,-0.507308959960934,not_significant,day 60
ACZ81_07705,-0.507118225097656,not_significant,days 60+89
ACZ81_06110,0.507072448730468,not_significant,day 31
ACZ81_19625,-0.506889979044597,not_significant,day 18
ACZ81_13750,0.50679079691569,not_significant,day 60
ACZ81_18125,0.506677627563479,not_significant,day 18
ACZ81_01375,-0.506659825642902,not_significant,day 60
ACZ81_00525,0.506605784098309,not_significant,day 18
ACZ81_13390,-0.506525039672855,not_significant,day 89
ACZ81_08750,-0.506242752075196,not_significant,day 89
ACZ81_02870,0.50620460510254,not_significant,day 60
ACZ81_01850,0.506036758422851,not_significant,days 60+89
ACZ81_09800,-0.505888621012369,not_significant,day 89
ACZ81_05285,-0.505710601806641,not_significant,day 18
ACZ81_15265,-0.505708694458008,not_significant,day 89
ACZ81_13060,-0.505619684855145,not_significant,day 31
ACZ81_16490,0.505198160807294,not_significant,day 31
ACZ81_13125,0.505064646402993,not_significant,day 31
ACZ81_02190,-0.504951477050783,not_significant,day 31
ACZ81_02060,-0.504875183105469,not_significant,day 18
ACZ81_13675,-0.504737218221029,not_significant,day 18
ACZ81_14500,0.504703521728517,not_significant,day 60
ACZ81_15540,-0.504659652709964,not_significant,day 18
ACZ81_12805,-0.504503885904949,not_significant,day 60
ACZ81_12775,-0.50444984436035,not_significant,day 60
ACZ81_06505,-0.504316965738934,not_significant,day 31
ACZ81_02285,-0.504174550374346,not_significant,day 18
ACZ81_07110,-0.503695170084638,not_significant,day 60
ACZ81_10040,-0.503634770711263,not_significant,day 60
ACZ81_05550,-0.503430684407553,not_significant,day 89
ACZ81_15950,0.503304163614909,not_significant,day 18
ACZ81_04025,0.503132184346514,not_significant,days 60+89
ACZ81_15215,-0.503071467081706,not_significant,day 60
ACZ81_09330,-0.503023783365885,not_significant,days 60+89
ACZ81_12750,-0.502675374348958,not_significant,day 60
ACZ81_02110,0.502194722493489,not_significant,days 60+89
ACZ81_10655,-0.501930872599284,not_significant,day 31
ACZ81_19385,0.501696904500324,not_significant,day 31
ACZ81_19215,0.50139808654785,not_significant,day 31
ACZ81_01605,0.501223882039389,not_significant,day 89
ACZ81_15530,-0.501198450724284,not_significant,day 89
ACZ81_06755,0.50087769826253,not_significant,days 60+89
ACZ81_07910,0.50087292989095,not_significant,day 18
ACZ81_05345,-0.500792821248371,not_significant,day 60
ACZ81_02325,-0.500612258911133,not_significant,day 31
ACZ81_15620,0.500546773274746,not_significant,day 89
ACZ81_13970,0.500349680582682,not_significant,day 18
ACZ81_04745,-0.500295003255207,not_significant,day 18
ACZ81_11560,-0.500192006429037,not_significant,day 31
ACZ81_09865,0.499949137369791,not_significant,days 60+89
ACZ81_02310,0.49981117248535,not_significant,day 89
ACZ81_01890,-0.499757130940754,not_significant,days 60+89
ACZ81_16920,-0.499732335408529,not_significant,day 31
ACZ81_18680,0.499653180440267,not_significant,days 60+89
ACZ81_01135,-0.499581654866536,not_significant,day 31
ACZ81_08295,-0.499432881673174,not_significant,day 60
ACZ81_18095,-0.499281565348306,not_significant,day 18
ACZ81_07730,-0.499216079711911,not_significant,day 18
ACZ81_04880,-0.499083836873373,not_significant,day 89
ACZ81_12435,0.499034245808918,not_significant,day 31
ACZ81_03735,-0.498978296915692,not_significant,day 60
ACZ81_19795,0.498820622762045,not_significant,day 18
ACZ81_10845,-0.498376846313476,not_significant,days 60+89
ACZ81_03510,-0.4983590443929,not_significant,day 31
ACZ81_11715,0.498328526814782,not_significant,days 60+89
ACZ81_02275,-0.498198191324869,not_significant,day 18
ACZ81_13420,-0.498156229654949,not_significant,day 18
ACZ81_05925,-0.498065948486326,not_significant,day 18
ACZ81_17030,-0.498037338256836,not_significant,day 18
ACZ81_04495,0.498009363810219,not_significant,day 60
ACZ81_05545,0.497955322265623,not_significant,days 60+89
ACZ81_13105,-0.497875213623047,not_significant,day 60
ACZ81_07340,-0.497772216796875,not_significant,day 18
ACZ81_01000,0.497488657633464,not_significant,day 89
ACZ81_08130,-0.497284571329753,not_significant,day 31
ACZ81_16420,0.497220993041991,not_significant,day 18
ACZ81_03515,0.497091293334961,not_significant,day 60
ACZ81_13780,0.497014045715332,not_significant,days 60+89
ACZ81_08845,0.496946970621747,not_significant,day 31
ACZ81_13315,-0.496869405110673,not_significant,day 89
ACZ81_06405,0.496774037679033,not_significant,day 89
ACZ81_18610,-0.496736526489257,not_significant,day 89
ACZ81_16650,-0.496648152669271,not_significant,day 31
ACZ81_02670,0.496483484903972,not_significant,days 60+89
ACZ81_02685,-0.496479034423826,not_significant,day 31
ACZ81_19215,0.496070226033527,not_significant,days 60+89
ACZ81_13790,-0.49605305989583,not_significant,day 18
ACZ81_13925,0.495993932088215,not_significant,day 31
ACZ81_03690,0.495546340942385,not_significant,day 89
ACZ81_12255,-0.495365142822263,not_significant,day 18
ACZ81_19160,0.495213826497396,not_significant,day 60
ACZ81_16965,-0.495148976643881,not_significant,day 18
ACZ81_08065,0.495007832845052,not_significant,day 31
ACZ81_09340,-0.49494489034017,not_significant,day 89
ACZ81_00725,-0.494699478149415,not_significant,day 18
ACZ81_06285,-0.494607925415038,not_significant,day 60
ACZ81_18015,-0.494579950968425,not_significant,day 18
ACZ81_01215,-0.494535446166992,not_significant,day 60
ACZ81_06345,-0.494330088297525,not_significant,day 89
ACZ81_01915,0.494021097819012,not_significant,day 89
ACZ81_17190,-0.49393844604492,not_significant,day 18
ACZ81_06995,-0.493932723999023,not_significant,day 31
ACZ81_08805,0.493811289469401,not_significant,day 31
ACZ81_09325,0.493157704671224,not_significant,day 18
ACZ81_03375,0.49294662475586,not_significant,day 31
ACZ81_04560,-0.49288495381673,not_significant,day 60
ACZ81_10340,-0.492832183837891,not_significant,day 60
ACZ81_19350,0.492707570393883,not_significant,day 89
ACZ81_19820,0.492429097493494,not_significant,day 89
ACZ81_10100,-0.49228032430013,not_significant,day 31
ACZ81_18125,0.492253621419271,not_significant,day 60
ACZ81_10365,-0.492050170898439,not_significant,day 18
ACZ81_10825,-0.491984685262047,not_significant,day 60
ACZ81_04695,-0.491905212402343,not_significant,day 89
ACZ81_11030,0.491839090983071,not_significant,day 60
ACZ81_11205,-0.491786162058514,not_significant,days 60+89
ACZ81_06760,0.491748174031572,not_significant,day 18
ACZ81_12325,-0.491675059000649,not_significant,day 60
ACZ81_10835,0.491664250691733,not_significant,day 89
ACZ81_03690,0.491576512654625,not_significant,days 60+89
ACZ81_17860,0.491505304972331,not_significant,day 31
ACZ81_12530,0.491304397583004,not_significant,day 89
ACZ81_11230,-0.491197586059569,not_significant,day 31
ACZ81_19110,-0.491182963053383,not_significant,day 60
ACZ81_13040,0.491022109985349,not_significant,day 60
ACZ81_08090,0.491017659505205,not_significant,day 60
ACZ81_14625,-0.490727106730147,not_significant,day 31
ACZ81_12555,-0.490695317586265,not_significant,days 60+89
ACZ81_10450,0.490554173787435,not_significant,day 60
ACZ81_05865,-0.490508397420246,not_significant,day 31
ACZ81_03950,-0.490437189737954,not_significant,day 18
ACZ81_03330,-0.490350723266603,not_significant,day 18
ACZ81_12295,0.490153948465983,not_significant,days 60+89
ACZ81_03805,0.490083694458008,not_significant,day 31
ACZ81_00865,0.490005493164064,not_significant,day 18
ACZ81_17910,0.489983240763346,not_significant,day 18
ACZ81_16875,0.489840189615886,not_significant,days 60+89
ACZ81_12275,-0.489796320597326,not_significant,day 31
ACZ81_06095,0.48973083496094,not_significant,day 31
ACZ81_17030,-0.489719390869143,not_significant,day 60
ACZ81_03475,-0.48962084452311,not_significant,day 60
ACZ81_14845,-0.489330291748047,not_significant,day 60
ACZ81_00130,-0.489307403564452,not_significant,day 89
ACZ81_01020,-0.489201227823898,not_significant,day 89
ACZ81_04275,-0.48914972941081,not_significant,day 18
ACZ81_15550,0.488975524902344,not_significant,day 60
ACZ81_11860,0.488948186238607,not_significant,day 31
ACZ81_15345,-0.488827069600423,not_significant,days 60+89
ACZ81_01075,0.48879877726237,not_significant,day 89
ACZ81_05980,-0.488536834716797,not_significant,day 89
ACZ81_08440,-0.48844973246257,not_significant,day 31
ACZ81_13890,-0.488396962483723,not_significant,day 18
ACZ81_04345,0.488244692484536,not_significant,days 60+89
ACZ81_06095,-0.488241831461586,not_significant,days 60+89
ACZ81_13325,0.488223393758134,not_significant,day 31
ACZ81_03815,-0.488070170084635,not_significant,day 31
ACZ81_02365,-0.487658182779947,not_significant,day 60
ACZ81_03690,0.487606684366864,not_significant,day 60
ACZ81_10725,0.487603505452477,not_significant,day 31
ACZ81_10100,-0.487490336100261,not_significant,day 60
ACZ81_00225,0.487197240193688,not_significant,day 89
ACZ81_17325,-0.48719278971354,not_significant,day 18
ACZ81_00845,0.487039566040038,not_significant,day 60
ACZ81_03870,0.486829757690429,not_significant,days 60+89
ACZ81_09745,0.486827214558919,not_significant,days 60+89
ACZ81_14935,-0.486755371093751,not_significant,day 89
ACZ81_10655,-0.486741383870441,not_significant,day 60
ACZ81_17715,-0.48669687906901,not_significant,days 60+89
ACZ81_11300,0.486680984497068,not_significant,day 31
ACZ81_05245,0.486629486083985,not_significant,day 18
ACZ81_11920,-0.486583709716797,not_significant,day 31
ACZ81_13855,-0.486409505208333,not_significant,day 89
ACZ81_02185,0.486402511596684,not_significant,day 89
ACZ81_16690,-0.486337025960287,not_significant,day 31
ACZ81_02300,-0.486131032307942,not_significant,day 60
ACZ81_10410,-0.485930760701496,not_significant,day 89
ACZ81_14785,0.485863367716471,not_significant,day 60
ACZ81_05575,-0.485521952311199,not_significant,day 60
ACZ81_14545,0.485511779785158,not_significant,day 31
ACZ81_03555,0.485412279764811,not_significant,days 60+89
ACZ81_10240,-0.484737396240239,not_significant,day 18
ACZ81_08110,0.484666188557944,not_significant,days 60+89
ACZ81_00150,0.484596252441406,not_significant,day 89
ACZ81_10630,-0.484532038370766,not_significant,day 31
ACZ81_01935,0.484511693318684,not_significant,days 60+89
ACZ81_09790,-0.484464645385739,not_significant,days 60+89
ACZ81_02335,0.484347661336263,not_significant,day 89
ACZ81_13070,0.484270731608074,not_significant,days 60+89
ACZ81_06100,0.484152475992839,not_significant,day 60
ACZ81_08255,0.484116872151692,not_significant,days 60+89
ACZ81_03000,-0.484047571818035,not_significant,day 89
ACZ81_04205,0.484037399291993,not_significant,day 31
ACZ81_13150,-0.483870188395182,not_significant,day 60
ACZ81_RS21680,-0.483776092529298,not_significant,day 60
ACZ81_06255,-0.483711242675783,not_significant,day 89
ACZ81_05275,-0.48360888163249,not_significant,day 31
ACZ81_09880,-0.483126958211263,not_significant,day 18
ACZ81_RS17245,-0.482757568359373,not_significant,day 18
ACZ81_07895,0.482729911804199,not_significant,days 60+89
ACZ81_16435,0.482707341512045,not_significant,day 31
ACZ81_18105,0.48269526163737,not_significant,day 18
ACZ81_17335,0.482657750447591,not_significant,days 60+89
ACZ81_11185,0.482365290323894,not_significant,day 31
ACZ81_18205,0.482313156127927,not_significant,day 18
ACZ81_10275,-0.482107798258463,not_significant,day 31
ACZ81_07960,-0.482073465983073,not_significant,day 60
ACZ81_18860,-0.482062657674154,not_significant,day 89
ACZ81_10200,0.481987635294597,not_significant,day 18
ACZ81_02560,-0.481899897257487,not_significant,day 31
ACZ81_07465,-0.481885274251302,not_significant,day 18
ACZ81_04825,0.48187255859375,not_significant,day 89
ACZ81_05990,-0.481698989868164,not_significant,day 89
ACZ81_11600,-0.4814936319987,not_significant,day 31
ACZ81_04995,-0.481415430704754,not_significant,day 89
ACZ81_03960,0.481404622395829,not_significant,day 60
ACZ81_19880,0.481350580851238,not_significant,day 60
ACZ81_05580,-0.481257756551111,not_significant,day 60
ACZ81_17585,-0.481247901916506,not_significant,days 60+89
ACZ81_08330,0.48051389058431,not_significant,day 18
ACZ81_03940,-0.480504353841147,not_significant,days 60+89
ACZ81_02875,-0.480203628540044,not_significant,day 89
ACZ81_14160,-0.480167388916014,not_significant,day 18
ACZ81_10635,0.480067888895671,not_significant,days 60+89
ACZ81_07040,-0.480062484741212,not_significant,day 31
ACZ81_03280,-0.480009714762369,not_significant,day 18
ACZ81_07670,-0.47994867960612,not_significant,day 18
ACZ81_11560,-0.479934692382817,not_significant,day 18
ACZ81_11020,0.479884465535482,not_significant,day 18
ACZ81_02300,-0.479828834533691,not_significant,days 60+89
ACZ81_06905,-0.479606628417967,not_significant,day 31
ACZ81_13325,0.479515711466471,not_significant,days 60+89
ACZ81_12650,0.479474385579427,not_significant,day 31
ACZ81_03745,-0.479218165079753,not_significant,days 60+89
ACZ81_17825,0.479206085205078,not_significant,day 18
ACZ81_08420,-0.479010264078773,not_significant,day 18
ACZ81_06505,0.478844960530599,not_significant,day 18
ACZ81_07590,-0.478671391805013,not_significant,day 60
ACZ81_18365,0.47859636942545,not_significant,day 89
ACZ81_05445,0.478454271952309,not_significant,days 60+89
ACZ81_08770,0.478411356608073,not_significant,day 89
ACZ81_18825,-0.478238423665365,not_significant,day 18
ACZ81_06475,0.478047688802085,not_significant,day 60
ACZ81_11715,0.47786903381348,not_significant,day 60
ACZ81_09330,-0.477841059366861,not_significant,day 18
ACZ81_04440,0.47772089640299,not_significant,day 31
ACZ81_14900,-0.477378209431963,not_significant,day 60
ACZ81_20560,-0.477324803670248,not_significant,day 89
ACZ81_03385,-0.477303822835286,not_significant,day 18
ACZ81_03725,-0.477079709370931,not_significant,days 60+89
ACZ81_11975,0.476854960123696,not_significant,day 89
ACZ81_08260,0.476840972900391,not_significant,day 18
ACZ81_09535,0.476835250854494,not_significant,days 60+89
ACZ81_17160,-0.476799011230474,not_significant,day 18
ACZ81_17280,-0.476689020792643,not_significant,day 18
ACZ81_17275,-0.476506551106772,not_significant,day 18
ACZ81_02545,0.476337750752766,not_significant,days 60+89
ACZ81_05570,-0.476271947224937,not_significant,day 60
ACZ81_18075,-0.476181666056315,not_significant,day 18
ACZ81_08595,-0.476174036661783,not_significant,day 18
ACZ81_07280,-0.476172129313157,not_significant,day 31
ACZ81_04605,0.47614288330078,not_significant,day 18
ACZ81_05895,0.47611808776855,not_significant,day 31
ACZ81_03410,-0.476077397664389,not_significant,day 60
ACZ81_RS21680,-0.47592798868815,not_significant,days 60+89
ACZ81_06100,0.475670814514161,not_significant,days 60+89
ACZ81_05805,0.475524266560871,not_significant,day 31
ACZ81_10385,-0.475490570068359,not_significant,day 18
ACZ81_02340,0.475229263305667,not_significant,day 89
ACZ81_05700,-0.475226084391278,not_significant,day 60
ACZ81_04695,-0.475146611531574,not_significant,days 60+89
ACZ81_19480,0.475127538045246,not_significant,day 60
ACZ81_16295,0.47490628560384,not_significant,day 89
ACZ81_00280,-0.474891026814778,not_significant,days 60+89
ACZ81_18375,0.474706013997393,not_significant,day 18
ACZ81_13880,-0.474510828653972,not_significant,day 31
ACZ81_14740,-0.47448348999024,not_significant,day 89
ACZ81_01635,0.474178949991861,not_significant,day 60
ACZ81_05835,-0.474174499511717,not_significant,day 89
ACZ81_16970,-0.47388521830241,not_significant,day 60
ACZ81_13630,0.47382100423177,not_significant,day 31
ACZ81_12665,0.47376314798991,not_significant,day 18
ACZ81_19340,0.473610560099283,not_significant,day 31
ACZ81_14815,0.473608016967771,not_significant,day 60
ACZ81_02300,-0.473526636759442,not_significant,day 89
ACZ81_04440,0.473510742187496,not_significant,day 18
ACZ81_10820,0.473179499308268,not_significant,day 60
ACZ81_01210,0.473178545633951,not_significant,days 60+89
ACZ81_06525,-0.473170598347987,not_significant,day 89
ACZ81_04170,0.472639719645184,not_significant,day 89
ACZ81_08680,-0.472345987955734,not_significant,day 89
ACZ81_17055,-0.472314198811847,not_significant,day 60
ACZ81_15195,0.472283681233726,not_significant,days 60+89
ACZ81_02295,0.47218640645345,not_significant,day 89
ACZ81_07885,0.472151438395183,not_significant,day 89
ACZ81_05825,-0.472124735514323,not_significant,day 60
ACZ81_19360,0.472060521443683,not_significant,day 31
ACZ81_02150,0.471903483072917,not_significant,day 31
ACZ81_05865,-0.471839269002279,not_significant,day 60
ACZ81_05835,-0.471794128417968,not_significant,day 18
ACZ81_01745,-0.471598943074545,not_significant,day 60
ACZ81_01585,0.471572240193687,not_significant,day 60
ACZ81_04835,-0.471424738566079,not_significant,day 18
ACZ81_11505,-0.471305847167967,not_significant,day 18
ACZ81_13150,-0.471243858337403,not_significant,days 60+89
ACZ81_09190,-0.471232096354166,not_significant,day 31
ACZ81_13125,-0.471104303995767,not_significant,day 60
ACZ81_03525,0.470949172973629,not_significant,day 18
ACZ81_04025,0.470897038777667,not_significant,day 60
ACZ81_18270,0.47088305155436,not_significant,day 60
ACZ81_19830,-0.470877329508462,not_significant,day 18
ACZ81_13860,-0.470714569091799,not_significant,day 89
ACZ81_13985,0.470640818277997,not_significant,day 18
ACZ81_06815,0.470497131347656,not_significant,day 18
ACZ81_06975,0.470446904500327,not_significant,day 89
ACZ81_06020,0.47038173675537,not_significant,days 60+89
ACZ81_12915,0.470259348551431,not_significant,day 89
ACZ81_00865,-0.470168431599936,not_significant,day 31
ACZ81_01835,-0.469568888346354,not_significant,day 31
ACZ81_13585,-0.469528198242188,not_significant,day 60
ACZ81_11550,0.4692014058431,not_significant,days 60+89
ACZ81_00025,0.469180425008137,not_significant,day 89
ACZ81_03685,-0.469132105509437,not_significant,day 89
ACZ81_13025,-0.46901830037435,not_significant,day 60
ACZ81_01590,-0.468959808349611,not_significant,days 60+89
ACZ81_03790,0.468940099080403,not_significant,day 18
ACZ81_09380,-0.46893882751465,not_significant,day 89
ACZ81_15400,-0.468570073445641,not_significant,day 31
ACZ81_04410,0.46811866760254,not_significant,day 89
ACZ81_RS21680,-0.468079884847004,not_significant,day 89
ACZ81_00130,-0.467909177144368,not_significant,days 60+89
ACZ81_05595,0.467833201090492,not_significant,day 31
ACZ81_07095,0.467727025349934,not_significant,days 60+89
ACZ81_08905,-0.46770159403483,not_significant,days 60+89
ACZ81_09370,-0.467652638753252,not_significant,day 89
ACZ81_17075,-0.467611948649091,not_significant,day 60
ACZ81_10750,-0.467479705810547,not_significant,day 18
ACZ81_00570,-0.467379252115887,not_significant,day 18
ACZ81_19880,0.467319170633953,not_significant,days 60+89
ACZ81_06100,0.467189153035481,not_significant,day 89
ACZ81_17895,-0.466974258422847,not_significant,day 18
ACZ81_06080,-0.466870625813801,not_significant,day 89
ACZ81_03500,-0.466761271158853,not_significant,day 60
ACZ81_13400,0.466587066650391,not_significant,day 18
ACZ81_16000,-0.466555913289386,not_significant,day 31
ACZ81_10685,-0.466520309448242,not_significant,day 31
ACZ81_12305,0.466485977172851,not_significant,day 31
ACZ81_12290,-0.4664192199707,not_significant,day 18
ACZ81_04050,-0.466347376505534,not_significant,day 31
ACZ81_11720,0.466238657633464,not_significant,days 60+89
ACZ81_03230,-0.466229756673177,not_significant,day 89
ACZ81_12695,-0.466205596923829,not_significant,day 18
ACZ81_06385,0.466068267822271,not_significant,days 60+89
ACZ81_17910,0.46604347229004,not_significant,day 31
ACZ81_08435,0.465994517008463,not_significant,day 60
ACZ81_01255,-0.465919494628907,not_significant,day 89
ACZ81_04585,-0.4658686319987,not_significant,day 18
ACZ81_04180,0.465703964233399,not_significant,day 18
ACZ81_16725,0.465694427490233,not_significant,day 31
ACZ81_04905,-0.465678532918295,not_significant,day 18
ACZ81_16335,0.465668360392252,not_significant,day 31
ACZ81_07375,-0.465590794881185,not_significant,days 60+89
ACZ81_09680,-0.465425491333008,not_significant,day 31
ACZ81_17430,-0.46519406636556,not_significant,day 60
ACZ81_03870,0.465186436971027,not_significant,day 31
ACZ81_11915,-0.465161005655924,not_significant,day 60
ACZ81_02890,-0.464879989624023,not_significant,day 18
ACZ81_08765,-0.464672724405919,not_significant,day 18
ACZ81_11000,0.464639663696288,not_significant,day 31
ACZ81_01155,-0.464600245157878,not_significant,days 60+89
ACZ81_17790,0.464554468790692,not_significant,day 31
ACZ81_12770,-0.464438756306966,not_significant,day 18
ACZ81_09285,-0.464438120524086,not_significant,day 89
ACZ81_13165,0.464396158854167,not_significant,day 18
ACZ81_03280,-0.464221318562827,not_significant,day 60
ACZ81_18305,0.46416473388672,not_significant,day 60
ACZ81_04060,-0.464156468709312,not_significant,day 89
ACZ81_02780,-0.464116732279462,not_significant,day 18
ACZ81_02335,0.463984807332356,not_significant,day 31
ACZ81_08565,-0.46395111083984,not_significant,day 31
ACZ81_07340,-0.463937759399414,not_significant,day 89
ACZ81_16055,-0.463875452677412,not_significant,day 31
ACZ81_08435,0.463757514953615,not_significant,days 60+89
ACZ81_07325,-0.46363639831543,not_significant,days 60+89
ACZ81_00495,-0.463613510131838,not_significant,day 31
ACZ81_13755,0.463518778483074,not_significant,day 31
ACZ81_07315,-0.463514328002927,not_significant,days 60+89
ACZ81_13580,-0.463412602742513,not_significant,day 60
ACZ81_13520,0.463035583496094,not_significant,day 18
ACZ81_17495,0.462860107421875,not_significant,day 31
ACZ81_05810,-0.462788263956706,not_significant,day 18
ACZ81_14955,-0.462718645731609,not_significant,days 60+89
ACZ81_02800,-0.462617874145506,not_significant,day 60
ACZ81_04370,0.462436040242513,not_significant,day 31
ACZ81_19360,0.461975097656248,not_significant,day 89
ACZ81_16805,-0.461748758951822,not_significant,day 31
ACZ81_00425,0.461688359578447,not_significant,day 18
ACZ81_10250,0.46161524454752,not_significant,day 89
ACZ81_08435,0.461520512898767,not_significant,day 89
ACZ81_04240,0.4614938100179,not_significant,day 18
ACZ81_10120,-0.46133995056152,not_significant,day 18
ACZ81_18665,0.461109161376953,not_significant,day 18
ACZ81_19160,0.460838635762533,not_significant,days 60+89
ACZ81_12530,0.460789362589516,not_significant,days 60+89
ACZ81_17535,-0.460776646931969,not_significant,day 18
ACZ81_13610,-0.460639317830404,not_significant,day 89
ACZ81_10840,-0.460622787475587,not_significant,day 18
ACZ81_08265,0.460552215576172,not_significant,days 60+89
ACZ81_13270,0.460426966349281,not_significant,day 89
ACZ81_05860,-0.460343043009439,not_significant,day 60
ACZ81_02970,-0.459699630737304,not_significant,day 31
ACZ81_18010,0.459501266479496,not_significant,day 60
ACZ81_17050,-0.45923169453939,not_significant,day 18
ACZ81_11075,0.459070205688476,not_significant,day 89
ACZ81_07885,0.458697636922202,not_significant,days 60+89
ACZ81_07705,-0.458656311035156,not_significant,day 60
ACZ81_13150,-0.458617528279623,not_significant,day 89
ACZ81_14040,0.458532969156903,not_significant,days 60+89
ACZ81_04695,-0.458388010660806,not_significant,day 60
ACZ81_16445,-0.458318074544271,not_significant,day 18
ACZ81_12940,-0.458211898803714,not_significant,day 60
ACZ81_00715,-0.457991282145183,not_significant,day 89
ACZ81_02065,0.457900365193685,not_significant,day 60
ACZ81_11145,-0.457852045694986,not_significant,day 31
ACZ81_04855,0.457751592000327,not_significant,day 60
ACZ81_02245,0.457745234171544,not_significant,day 18
ACZ81_09090,-0.457703908284506,not_significant,day 31
ACZ81_02670,0.457685470581053,not_significant,day 31
ACZ81_11815,0.457652409871417,not_significant,day 89
ACZ81_10845,-0.457198460896809,not_significant,day 60
ACZ81_11725,0.45698610941569,not_significant,day 31
ACZ81_10540,-0.45689074198405,not_significant,day 18
ACZ81_10025,0.456885655721025,not_significant,day 31
ACZ81_17700,-0.456828435262043,not_significant,days 60+89
ACZ81_08550,-0.456802368164065,not_significant,day 60
ACZ81_19075,-0.456789652506512,not_significant,day 60
ACZ81_09020,-0.45674006144206,not_significant,day 18
ACZ81_07300,0.456734975179036,not_significant,day 31
ACZ81_16695,-0.456626256306963,not_significant,day 31
ACZ81_19225,0.456608454386394,not_significant,day 60
ACZ81_03220,-0.4565912882487,not_significant,day 18
ACZ81_06270,0.45658334096273,not_significant,days 60+89
ACZ81_00030,-0.456559499104817,not_significant,day 18
ACZ81_09425,0.456401824951172,not_significant,day 31
ACZ81_09380,-0.456189791361492,not_significant,days 60+89
ACZ81_15105,0.455984115600583,not_significant,day 18
ACZ81_05980,-0.455937703450521,not_significant,day 18
ACZ81_02560,-0.45573933919271,not_significant,day 18
ACZ81_08710,0.455692291259767,not_significant,day 89
ACZ81_10260,0.45564905802409,not_significant,day 60
ACZ81_17030,-0.455639839172365,not_significant,days 60+89
ACZ81_13065,-0.455605189005534,not_significant,day 60
ACZ81_06325,-0.45553779602051,not_significant,day 89
ACZ81_07805,-0.455396652221681,not_significant,days 60+89
ACZ81_13270,0.45527172088623,not_significant,days 60+89
ACZ81_18185,-0.455032984415691,not_significant,day 18
ACZ81_18600,0.455023447672524,not_significant,day 18
ACZ81_13615,-0.455016454060872,not_significant,day 89
ACZ81_06430,-0.454952557881669,not_significant,days 60+89
ACZ81_14755,0.454577763875326,not_significant,day 60
ACZ81_19720,0.45435841878255,not_significant,day 31
ACZ81_14160,-0.454251607259116,not_significant,day 89
ACZ81_19265,0.454246520996094,not_significant,day 18
ACZ81_05595,0.454132715860999,not_significant,days 60+89
ACZ81_10775,-0.453966776529948,not_significant,day 89
ACZ81_01425,-0.45374870300293,not_significant,days 60+89
ACZ81_04875,0.453728993733724,not_significant,day 18
ACZ81_17195,-0.453668594360352,not_significant,day 60
ACZ81_08765,-0.453617731730142,not_significant,day 31
ACZ81_19630,0.45352045694987,not_significant,day 18
ACZ81_02165,-0.453500747680665,not_significant,day 18
ACZ81_06625,-0.453397115071613,not_significant,day 18
ACZ81_19880,0.453287760416668,not_significant,day 89
ACZ81_13375,-0.453227361043297,not_significant,day 60
ACZ81_10630,-0.453190485636389,not_significant,days 60+89
ACZ81_04790,-0.453155517578125,not_significant,day 18
ACZ81_19050,-0.453053792317708,not_significant,day 89
ACZ81_06705,-0.452987035115557,not_significant,day 60
ACZ81_02740,-0.452950795491541,not_significant,day 31
ACZ81_04915,-0.45293108622233,not_significant,day 31
ACZ81_09725,0.452672958374024,not_significant,day 60
ACZ81_09745,0.452584584554037,not_significant,day 60
ACZ81_18515,0.452567418416341,not_significant,day 60
ACZ81_10785,0.45244852701823,not_significant,day 60
ACZ81_10685,0.452405929565431,not_significant,day 60
ACZ81_05500,0.452390034993489,not_significant,day 60
ACZ81_11385,-0.452088038126627,not_significant,day 31
ACZ81_11500,0.452028910319004,not_significant,day 89
ACZ81_13455,-0.451977411905923,not_significant,day 31
ACZ81_04565,-0.451775868733724,not_significant,day 18
ACZ81_20675,-0.451718012491863,not_significant,day 31
ACZ81_00290,-0.451698303222656,not_significant,day 60
ACZ81_12110,-0.451500574747717,not_significant,day 31
ACZ81_01890,-0.451481501261393,not_significant,day 89
ACZ81_09175,-0.451422373453777,not_significant,day 60
ACZ81_19335,-0.450888315836586,not_significant,day 18
ACZ81_06570,0.45087432861328,not_significant,day 31
ACZ81_05050,0.450769424438473,not_significant,day 18
ACZ81_18555,-0.450687408447267,not_significant,day 18
ACZ81_13930,-0.450673421223958,not_significant,day 31
ACZ81_13070,0.450545628865561,not_significant,day 60
ACZ81_11860,0.45039431254069,not_significant,day 60
ACZ81_06150,-0.450354894002277,not_significant,day 31
ACZ81_13270,0.450116475423178,not_significant,day 60
ACZ81_17805,-0.45000330607096,not_significant,day 18
ACZ81_00840,-0.449992497762044,not_significant,day 31
ACZ81_11930,0.449947357177734,not_significant,day 18
ACZ81_03685,-0.44992891947428,not_significant,days 60+89
ACZ81_08760,0.449865976969396,not_significant,day 89
ACZ81_11720,0.449407577514648,not_significant,day 31
ACZ81_09200,-0.4493039449056,not_significant,day 89
ACZ81_20460,-0.449228922526041,not_significant,day 18
ACZ81_05505,0.449216842651367,not_significant,day 31
ACZ81_18110,0.449213027954105,not_significant,days 60+89
ACZ81_18680,0.449103037516277,not_significant,day 60
ACZ81_13940,0.449045817057293,not_significant,day 31
ACZ81_05115,0.448963801066077,not_significant,day 60
ACZ81_17795,0.44884808858236,not_significant,day 60
ACZ81_07425,-0.448826471964523,not_significant,day 60
ACZ81_00010,0.448816299438476,not_significant,day 31
ACZ81_08560,-0.448659261067703,not_significant,day 18
ACZ81_17595,-0.448625564575191,not_significant,day 89
ACZ81_03675,-0.448447545369463,not_significant,day 31
ACZ81_08415,-0.448355038960775,not_significant,days 60+89
ACZ81_08705,0.448322614034017,not_significant,days 60+89
ACZ81_11935,0.448097229003909,not_significant,day 31
ACZ81_10590,0.447898228963217,not_significant,day 60
ACZ81_06350,-0.447758356730143,not_significant,day 89
ACZ81_00530,-0.447372436523436,not_significant,day 89
ACZ81_04705,0.447250366210941,not_significant,day 18
ACZ81_19820,0.447182337443033,not_significant,day 31
ACZ81_16490,0.446597417195637,not_significant,day 89
ACZ81_11075,0.446563084920247,not_significant,days 60+89
ACZ81_09140,0.446546872456868,not_significant,days 60+89
ACZ81_00130,-0.446510950724283,not_significant,day 60
ACZ81_09425,0.446499506632487,not_significant,day 18
ACZ81_15410,0.446185429890953,not_significant,day 60
ACZ81_17440,0.446113586425787,not_significant,day 60
ACZ81_17040,-0.446097691853839,not_significant,day 18
ACZ81_01125,0.446053822835286,not_significant,day 89
ACZ81_20045,0.445833206176758,not_significant,day 31
ACZ81_10330,-0.445631345113116,not_significant,days 60+89
ACZ81_00035,-0.445627848307295,not_significant,days 60+89
ACZ81_15435,0.445564905802409,not_significant,day 60
ACZ81_16605,-0.445559183756506,not_significant,day 18
ACZ81_04880,-0.445520083109538,not_significant,days 60+89
ACZ81_00715,-0.445519447326661,not_significant,days 60+89
ACZ81_09470,-0.44532903035482,not_significant,day 31
ACZ81_07880,0.445303599039717,not_significant,day 89
ACZ81_07885,0.44524383544922,not_significant,day 60
ACZ81_07290,-0.445163091023763,not_significant,days 60+89
ACZ81_19680,-0.445069630940751,not_significant,day 60
ACZ81_16710,0.444962819417318,not_significant,day 31
ACZ81_12580,0.444720586140951,not_significant,day 60
ACZ81_18955,-0.444646835327145,not_significant,day 31
ACZ81_10725,0.4446226755778,not_significant,day 89
ACZ81_06660,-0.444580713907879,not_significant,day 89
ACZ81_10840,-0.444549560546877,not_significant,day 89
ACZ81_16760,-0.444536844889325,not_significant,day 60
ACZ81_11755,-0.444531122843427,not_significant,day 18
ACZ81_13695,-0.444512367248535,not_significant,days 60+89
ACZ81_03830,-0.444187164306641,not_significant,day 89
ACZ81_10620,0.444161732991538,not_significant,day 18
ACZ81_05835,-0.443923950195311,not_significant,days 60+89
ACZ81_01050,-0.443875630696615,not_significant,day 60
ACZ81_12580,0.443722089131673,not_significant,days 60+89
ACZ81_03745,-0.443612416585286,not_significant,day 89
ACZ81_03505,0.443563461303711,not_significant,day 89
ACZ81_11970,-0.443451563517255,not_significant,day 89
ACZ81_09380,-0.443440755208334,not_significant,day 60
ACZ81_09725,0.443280537923176,not_significant,day 31
ACZ81_13920,0.442909240722655,not_significant,days 60+89
ACZ81_20620,-0.442861874898274,not_significant,days 60+89
ACZ81_03275,0.442748387654622,not_significant,day 31
ACZ81_12580,0.442723592122396,not_significant,day 89
ACZ81_09645,0.442572911580407,not_significant,day 18
ACZ81_17525,0.442541758219403,not_significant,day 31
ACZ81_16600,0.442481994628906,not_significant,day 60
ACZ81_02435,0.442372639973958,not_significant,day 89
ACZ81_15615,0.442179997762046,not_significant,day 31
ACZ81_12775,-0.442134857177734,not_significant,day 18
ACZ81_01710,0.442083994547525,not_significant,day 18
ACZ81_11335,0.441991806030273,not_significant,day 31
ACZ81_13395,-0.441958109537761,not_significant,day 18
ACZ81_06530,-0.441951115926107,not_significant,day 60
ACZ81_19405,0.441722234090169,not_significant,day 89
ACZ81_12530,0.441602706909177,not_significant,day 18
ACZ81_17855,-0.441325505574543,not_significant,day 89
ACZ81_13320,0.441318511962891,not_significant,day 31
ACZ81_05825,-0.441144625345866,not_significant,days 60+89
ACZ81_00520,0.441094080607097,not_significant,day 31
ACZ81_04670,-0.4410400390625,not_significant,day 31
ACZ81_07800,0.441036224365235,not_significant,day 18
ACZ81_04570,-0.441019058227538,not_significant,day 60
ACZ81_03315,0.440971692403155,not_significant,days 60+89
ACZ81_20305,0.4405886332194,not_significant,day 18
ACZ81_04560,-0.440497080485024,not_significant,days 60+89
ACZ81_00405,-0.440415700276692,not_significant,day 18
ACZ81_18905,-0.440411249796551,not_significant,day 18
ACZ81_00050,0.440209070841472,not_significant,day 31
ACZ81_18185,-0.440188725789387,not_significant,day 60
ACZ81_02200,-0.440127054850263,not_significant,day 18
ACZ81_11240,-0.440108935038249,not_significant,days 60+89
ACZ81_00100,-0.439685185750326,not_significant,day 18
ACZ81_05270,-0.43965721130371,not_significant,day 89
ACZ81_07295,0.439616521199546,not_significant,day 18
ACZ81_01475,-0.439331690470377,not_significant,day 89
ACZ81_16520,0.439299901326498,not_significant,day 60
ACZ81_12215,0.439292907714846,not_significant,day 18
ACZ81_02560,-0.439287821451824,not_significant,day 60
ACZ81_06940,-0.439029057820636,not_significant,day 60
ACZ81_01650,0.43895149230957,not_significant,day 31
ACZ81_19590,-0.438933690388997,not_significant,day 60
ACZ81_17080,0.438735326131187,not_significant,day 60
ACZ81_08975,-0.438470204671224,not_significant,day 89
ACZ81_18850,0.43841012318929,not_significant,days 60+89
ACZ81_18310,-0.438076655069987,not_significant,day 89
ACZ81_00105,-0.438062032063799,not_significant,day 18
ACZ81_01870,0.438005765279134,not_significant,days 60+89
ACZ81_15685,-0.437957127889001,not_significant,days 60+89
ACZ81_09225,0.43768246968587,not_significant,days 60+89
ACZ81_19800,0.437590916951494,not_significant,days 60+89
ACZ81_03940,-0.437546412150067,not_significant,day 89
ACZ81_18480,-0.437418619791667,not_significant,day 89
ACZ81_17520,0.437412261962892,not_significant,day 89
ACZ81_00260,0.437385559082033,not_significant,day 60
ACZ81_01380,-0.437379837036133,not_significant,day 60
ACZ81_11585,0.437325795491538,not_significant,day 89
ACZ81_07495,0.437241872151693,not_significant,day 60
ACZ81_17065,-0.43723487854004,not_significant,day 60
ACZ81_09170,-0.436730702718099,not_significant,day 31
ACZ81_10815,-0.436698913574219,not_significant,day 60
ACZ81_03840,-0.436682383219401,not_significant,day 18
ACZ81_06705,-0.436489741007487,not_significant,day 18
ACZ81_18820,-0.436473846435546,not_significant,day 18
ACZ81_11020,0.436140060424805,not_significant,day 31
ACZ81_06290,0.436002095540366,not_significant,day 89
ACZ81_06020,0.435707728068034,not_significant,day 31
ACZ81_18365,-0.435681660970056,not_significant,day 18
ACZ81_14015,-0.435567220052086,not_significant,day 60
ACZ81_08100,-0.43555768330892,not_significant,day 18
ACZ81_01380,-0.435372034708659,not_significant,days 60+89
ACZ81_07880,0.435355504353843,not_significant,days 60+89
ACZ81_12975,-0.435282389322915,not_significant,day 18
ACZ81_01670,0.435127894083661,not_significant,day 60
ACZ81_11795,0.43465232849121,not_significant,day 18
ACZ81_06100,0.434313456217448,not_significant,day 18
ACZ81_14405,0.434313456217447,not_significant,day 31
ACZ81_13780,-0.434270858764643,not_significant,day 18
ACZ81_13815,-0.43421999613444,not_significant,days 60+89
ACZ81_02810,0.434214909871423,not_significant,day 31
ACZ81_15305,-0.434198379516602,not_significant,day 31
ACZ81_11075,0.43405596415202,not_significant,day 60
ACZ81_10245,-0.4337272644043,not_significant,day 18
ACZ81_01380,-0.433364232381185,not_significant,day 89
ACZ81_02725,-0.433317184448242,not_significant,day 60
ACZ81_00715,-0.433047612508139,not_significant,day 60
ACZ81_17240,-0.433005968729656,not_significant,days 60+89
ACZ81_13230,0.432835896809896,not_significant,day 89
ACZ81_00010,0.432677586873375,not_significant,day 89
ACZ81_15300,0.432636260986327,not_significant,days 60+89
ACZ81_19275,-0.432614008585612,not_significant,day 18
ACZ81_03320,-0.432575861612954,not_significant,day 18
ACZ81_00790,-0.432453155517577,not_significant,day 31
ACZ81_02050,-0.43239466349284,not_significant,day 18
ACZ81_13265,-0.431809107462565,not_significant,day 89
ACZ81_00775,0.431769053141276,not_significant,day 89
ACZ81_15305,-0.431715011596677,not_significant,day 18
ACZ81_06925,-0.43163871765137,not_significant,day 18
ACZ81_06755,0.431578954060871,not_significant,day 18
ACZ81_19115,-0.431562423706053,not_significant,day 31
ACZ81_18825,0.431431452433268,not_significant,day 60
ACZ81_08745,-0.43140983581543,not_significant,day 31
ACZ81_02145,0.431251843770345,not_significant,days 60+89
ACZ81_10205,-0.431018193562824,not_significant,day 18
ACZ81_14395,-0.430931091308594,not_significant,day 60
ACZ81_03685,-0.430725733439123,not_significant,day 60
ACZ81_09695,0.430713017781576,not_significant,days 60+89
ACZ81_16680,-0.43064721425374,not_significant,days 60+89
ACZ81_03310,-0.430568059285483,not_significant,day 60
ACZ81_11320,0.430401484171548,not_significant,days 60+89
ACZ81_12530,0.430274327596027,not_significant,day 60
ACZ81_03075,0.429990768432618,not_significant,day 89
ACZ81_19165,0.429843584696454,not_significant,days 60+89
ACZ81_10820,0.429775873819987,not_significant,days 60+89
ACZ81_05545,0.42972373962402,not_significant,day 31
ACZ81_03445,-0.429695129394532,not_significant,day 18
ACZ81_04080,0.429655075073247,not_significant,day 18
ACZ81_03295,-0.429487864176433,not_significant,day 89
ACZ81_14245,0.429472605387369,not_significant,day 60
ACZ81_01885,-0.429130554199222,not_significant,day 31
ACZ81_16485,0.42908477783203,not_significant,day 60
ACZ81_17700,-0.428814570109046,not_significant,day 31
ACZ81_01900,0.428546269734703,not_significant,day 31
ACZ81_01045,-0.428490956624349,not_significant,day 60
ACZ81_14425,-0.428457260131836,not_significant,day 31
ACZ81_09660,-0.428426106770834,not_significant,day 18
ACZ81_03555,0.428371429443359,not_significant,day 60
ACZ81_11710,0.428249677022296,not_significant,days 60+89
ACZ81_02015,0.42822011311849,not_significant,day 60
ACZ81_01805,0.427876154581707,not_significant,day 31
ACZ81_08705,0.427679061889648,not_significant,day 18
ACZ81_09305,-0.427620569864908,not_significant,day 89
ACZ81_06405,0.427512486775713,not_significant,day 18
ACZ81_08745,-0.427071253458656,not_significant,days 60+89
ACZ81_17305,-0.427061080932617,not_significant,day 31
ACZ81_00590,0.426988601684569,not_significant,day 18
ACZ81_11145,-0.426975886027016,not_significant,day 18
ACZ81_20440,-0.426924387613932,not_significant,days 60+89
ACZ81_13930,-0.426723480224609,not_significant,day 60
ACZ81_07205,-0.426694869995117,not_significant,day 18
ACZ81_10310,0.426668167114258,not_significant,day 60
ACZ81_14415,0.426583607991541,not_significant,day 18
ACZ81_17885,-0.426536560058594,not_significant,day 89
ACZ81_19160,0.426463445027669,not_significant,day 89
ACZ81_10190,-0.4264170328776,not_significant,day 31
ACZ81_04915,-0.426411310831706,not_significant,days 60+89
ACZ81_13890,-0.42625363667806,not_significant,day 31
ACZ81_05270,-0.426216761271156,not_significant,day 31
ACZ81_06075,0.426200866699221,not_significant,day 18
ACZ81_14780,-0.42605463663737,not_significant,day 18
ACZ81_14815,0.425906499226888,not_significant,days 60+89
ACZ81_03935,-0.425828297932943,not_significant,day 18
ACZ81_18060,-0.425441106160481,not_significant,day 31
ACZ81_03525,-0.425425211588548,not_significant,day 31
ACZ81_07880,0.42540740966797,not_significant,day 60
ACZ81_02315,-0.425365447998047,not_significant,day 89
ACZ81_08580,0.425333658854163,not_significant,day 18
ACZ81_13485,-0.425258000691734,not_significant,day 18
ACZ81_15610,-0.42525768280029,not_significant,days 60+89
ACZ81_13390,-0.425255457560226,not_significant,days 60+89
ACZ81_15685,0.425187428792313,not_significant,day 31
ACZ81_02075,0.424907684326177,not_significant,day 60
ACZ81_18260,0.424784978230799,not_significant,day 18
ACZ81_17790,-0.424750010172524,not_significant,day 89
ACZ81_17290,-0.424603144327797,not_significant,day 31
ACZ81_15505,0.42454020182292,not_significant,day 18
ACZ81_19075,-0.424499511718751,not_significant,day 31
ACZ81_06755,0.424373626708985,not_significant,day 31
ACZ81_19760,0.424172719319661,not_significant,day 60
ACZ81_13715,-0.423811276753746,not_significant,days 60+89
ACZ81_10390,-0.42375946044922,not_significant,day 60
ACZ81_08150,-0.423669815063477,not_significant,day 60
ACZ81_00890,-0.423510869344076,not_significant,day 31
ACZ81_05025,0.423433303833007,not_significant,day 31
ACZ81_11500,0.4232374827067,not_significant,day 31
ACZ81_05430,-0.423180898030599,not_significant,day 18
ACZ81_13660,0.422918955485027,not_significant,day 89
ACZ81_10145,0.42274602254232,not_significant,day 18
ACZ81_11175,0.422653198242187,not_significant,days 60+89
ACZ81_12230,0.42264238993327,not_significant,day 60
ACZ81_01930,0.422555287679037,not_significant,day 31
ACZ81_06685,0.422508239746095,not_significant,day 18
ACZ81_10425,-0.422019958496094,not_significant,day 60
ACZ81_05095,-0.42200978597005,not_significant,day 18
ACZ81_14650,-0.421908060709634,not_significant,day 18
ACZ81_03740,-0.421839396158853,not_significant,day 60
ACZ81_11150,-0.421740214029949,not_significant,day 31
ACZ81_19050,-0.421585083007813,not_significant,days 60+89
ACZ81_17030,-0.421560287475586,not_significant,day 89
ACZ81_15960,-0.421518961588544,not_significant,day 18
ACZ81_03310,-0.42151514689128,not_significant,day 18
ACZ81_06435,0.421270370483397,not_significant,day 60
ACZ81_05440,-0.421255111694336,not_significant,day 60
ACZ81_18360,0.421212514241537,not_significant,day 89
ACZ81_08425,-0.421162287394204,not_significant,day 60
ACZ81_03270,-0.421071688334149,not_significant,days 60+89
ACZ81_19755,0.420962651570638,not_significant,day 31
ACZ81_03345,-0.420858383178714,not_significant,day 18
ACZ81_09865,0.420770009358724,not_significant,day 60
ACZ81_05880,-0.420593897501629,not_significant,day 18
ACZ81_06985,0.420494079589842,not_significant,days 60+89
ACZ81_10270,0.420471827189124,not_significant,day 31
ACZ81_17310,-0.42046864827474,not_significant,day 89
ACZ81_03270,-0.420462290445965,not_significant,day 18
ACZ81_08800,-0.420369466145833,not_significant,days 60+89
ACZ81_00545,-0.420272827148438,not_significant,day 31
ACZ81_15160,-0.420213381449383,not_significant,days 60+89
ACZ81_06110,-0.419998804728188,not_significant,day 60
ACZ81_14550,0.41994603474935,not_significant,days 60+89
ACZ81_10240,-0.419781366984052,not_significant,day 60
ACZ81_19515,-0.419493039449056,not_significant,days 60+89
ACZ81_02425,0.41946093241374,not_significant,day 60
ACZ81_11825,0.419427235921225,not_significant,day 18
ACZ81_17475,-0.419317881266277,not_significant,day 60
ACZ81_00560,-0.419272740681969,not_significant,day 60
ACZ81_18465,-0.419181187947591,not_significant,days 60+89
ACZ81_15190,0.419132868448897,not_significant,day 31
ACZ81_04490,-0.419026056925455,not_significant,day 31
ACZ81_16050,0.418957392374678,not_significant,day 89
ACZ81_18385,-0.418446222941081,not_significant,day 18
ACZ81_17755,0.418372472127282,not_significant,day 18
ACZ81_05810,-0.418343226114906,not_significant,day 31
ACZ81_06755,0.418281555175778,not_significant,day 60
ACZ81_00055,0.418256441752112,not_significant,day 89
ACZ81_00010,0.418228785196942,not_significant,days 60+89
ACZ81_13010,-0.418046315511068,not_significant,day 60
ACZ81_09660,-0.418010711669922,not_significant,day 89
ACZ81_07715,0.417995929718016,not_significant,days 60+89
ACZ81_19325,-0.417921384175619,not_significant,days 60+89
ACZ81_11705,0.417750040690103,not_significant,day 89
ACZ81_18400,0.417730331420898,not_significant,day 60
ACZ81_19750,-0.417386372884115,not_significant,day 60
ACZ81_03475,-0.416639645894365,not_significant,days 60+89
ACZ81_03235,0.416594823201498,not_significant,day 89
ACZ81_11110,-0.41656812032064,not_significant,day 31
ACZ81_00890,-0.416463851928709,not_significant,days 60+89
ACZ81_11990,-0.416328430175777,not_significant,day 18
ACZ81_09935,-0.416265487670898,not_significant,day 31
ACZ81_04840,-0.41624387105306,not_significant,day 31
ACZ81_02745,-0.416080474853516,not_significant,day 31
ACZ81_17275,-0.415815989176433,not_significant,days 60+89
ACZ81_17015,0.415599187215169,not_significant,day 31
ACZ81_03880,0.415332158406575,not_significant,day 89
ACZ81_17805,-0.415142695109046,not_significant,day 60
ACZ81_19110,-0.415106773376462,not_significant,days 60+89
ACZ81_00945,-0.414895375569666,not_significant,day 89
ACZ81_01085,0.414855639139811,not_significant,days 60+89
ACZ81_10805,-0.414796829223633,not_significant,day 31
ACZ81_08795,-0.41479237874349,not_significant,day 60
ACZ81_03830,-0.414489110310873,not_significant,days 60+89
ACZ81_08910,-0.414467493693034,not_significant,day 60
ACZ81_16725,0.414408365885416,not_significant,day 60
ACZ81_04175,0.413914362589518,not_significant,day 18
ACZ81_05835,-0.413673400878904,not_significant,day 60
ACZ81_04185,-0.413393020629884,not_significant,day 60
ACZ81_07815,-0.413384755452473,not_significant,day 89
ACZ81_02810,-0.413352330525714,not_significant,day 18
ACZ81_02300,-0.413335800170902,not_significant,day 31
ACZ81_11115,-0.413065592447917,not_significant,day 31
ACZ81_10775,-0.412965456644694,not_significant,days 60+89
ACZ81_08090,0.41289933522542,not_significant,days 60+89
ACZ81_01850,0.412777582804362,not_significant,day 60
ACZ81_03740,-0.41271718343099,not_significant,day 18
ACZ81_06120,-0.412640253702796,not_significant,day 31
ACZ81_06850,0.412484486897787,not_significant,day 60
ACZ81_00580,0.412008285522461,not_significant,day 89
ACZ81_14570,0.411993026733398,not_significant,day 31
ACZ81_19510,0.411750793457031,not_significant,day 60
ACZ81_08915,-0.411683400472,not_significant,day 60
ACZ81_08595,-0.41167958577474,not_significant,day 31
ACZ81_03660,-0.411548932393394,not_significant,days 60+89
ACZ81_00905,-0.411546071370444,not_significant,day 18
ACZ81_15195,0.411528905232748,not_significant,day 31
ACZ81_17475,-0.411293029785155,not_significant,day 31
ACZ81_00520,0.411134084065754,not_significant,day 89
ACZ81_08015,-0.411040623982747,not_significant,day 89
ACZ81_14935,-0.410925865173341,not_significant,days 60+89
ACZ81_17655,-0.410783767700196,not_significant,day 18
ACZ81_09310,0.41065279642741,not_significant,day 60
ACZ81_05660,0.410645802815756,not_significant,day 31
ACZ81_09865,0.410275141398112,not_significant,day 18
ACZ81_02055,0.410184224446614,not_significant,day 31
ACZ81_05825,-0.410164515177409,not_significant,day 89
ACZ81_18625,0.410141626993813,not_significant,day 89
ACZ81_09730,0.410008748372396,not_significant,day 18
ACZ81_15530,-0.409924189249674,not_significant,day 18
ACZ81_16235,-0.409801483154296,not_significant,day 89
ACZ81_RS07605,-0.409720102945963,not_significant,day 31
ACZ81_16055,-0.409413019816082,not_significant,day 89
ACZ81_16960,-0.409377415974935,not_significant,day 60
ACZ81_13260,-0.409229914347331,not_significant,day 18
ACZ81_15215,-0.409223556518555,not_significant,day 31
ACZ81_16605,-0.409182866414386,not_significant,day 60
ACZ81_15190,0.40914217631022,not_significant,day 60
ACZ81_00525,-0.409000396728513,not_significant,day 60
ACZ81_01635,0.408880869547527,not_significant,day 31
ACZ81_07420,-0.408772786458333,not_significant,day 18
ACZ81_15290,0.408764203389483,not_significant,days 60+89
ACZ81_03865,-0.40855852762858,not_significant,day 60
ACZ81_18455,0.40855153401693,not_significant,day 60
ACZ81_03740,-0.408421834309895,not_significant,days 60+89
ACZ81_04945,-0.408030827840166,not_significant,day 18
ACZ81_17885,-0.407892862955729,not_significant,days 60+89
ACZ81_07645,0.407571792602537,not_significant,day 89
ACZ81_10550,-0.407386144002279,not_significant,day 89
ACZ81_00305,-0.407349268595378,not_significant,day 31
ACZ81_15895,-0.407348632812504,not_significant,day 31
ACZ81_09690,-0.407305399576823,not_significant,day 18
ACZ81_15435,0.407267252604172,not_significant,day 31
ACZ81_01255,-0.407259305318197,not_significant,days 60+89
ACZ81_12245,-0.407087326049806,not_significant,day 60
ACZ81_04270,0.407061894734703,not_significant,day 60
ACZ81_03505,0.4069029490153,not_significant,days 60+89
ACZ81_06895,0.406842549641926,not_significant,day 18
ACZ81_18040,0.406782150268551,not_significant,day 60
ACZ81_01075,0.406599044799807,not_significant,day 18
ACZ81_19365,-0.406598409016927,not_significant,day 18
ACZ81_10760,-0.406575520833334,not_significant,day 18
ACZ81_03375,0.406570434570313,not_significant,day 60
ACZ81_13245,-0.406437555948894,not_significant,day 18
ACZ81_13680,-0.40629514058431,not_significant,day 18
ACZ81_14965,-0.406083742777505,not_significant,days 60+89
ACZ81_07375,-0.406077067057292,not_significant,day 89
ACZ81_01160,0.405737559000653,not_significant,day 89
ACZ81_02925,-0.405735333760586,not_significant,days 60+89
ACZ81_02755,0.405609766642256,not_significant,day 60
ACZ81_15650,-0.405580520629884,not_significant,day 60
ACZ81_12910,-0.405543009440106,not_significant,day 31
ACZ81_15035,0.40552520751953,not_significant,day 31
ACZ81_20150,0.405482927958173,not_significant,days 60+89
ACZ81_00910,0.405310948689779,not_significant,day 31
ACZ81_07720,0.405297597249347,not_significant,day 18
ACZ81_17335,0.405250549316406,not_significant,day 18
ACZ81_01805,0.405245780944824,not_significant,days 60+89
ACZ81_03285,-0.405014673868816,not_significant,day 60
ACZ81_20620,-0.404746373494466,not_significant,day 31
ACZ81_14520,0.4047425587972,not_significant,day 89
ACZ81_13775,-0.404661814371745,not_significant,day 31
ACZ81_13040,0.404589970906575,not_significant,days 60+89
ACZ81_02410,-0.404550552368165,not_significant,day 18
ACZ81_02850,0.404493014017741,not_significant,days 60+89
ACZ81_13875,-0.404331843058267,not_significant,day 18
ACZ81_19540,0.404315312703453,not_significant,day 60
ACZ81_15535,-0.404276529947916,not_significant,day 60
ACZ81_13060,-0.404243469238284,not_significant,day 18
ACZ81_14410,0.40414619445801,not_significant,day 18
ACZ81_00545,-0.404130935668945,not_significant,day 60
ACZ81_09770,0.403996785481776,not_significant,day 89
ACZ81_10805,-0.403940836588542,not_significant,day 18
ACZ81_16325,-0.403905868530273,not_significant,day 18
ACZ81_18850,0.40384038289388,not_significant,day 31
ACZ81_00010,0.403779983520509,not_significant,day 60
ACZ81_12515,-0.403656641642251,not_significant,days 60+89
ACZ81_11350,-0.403427124023439,not_significant,day 31
ACZ81_13390,-0.403351465861005,not_significant,day 18
ACZ81_10180,0.40326182047526,not_significant,day 31
ACZ81_13930,0.403215408325196,not_significant,day 18
ACZ81_04945,-0.402944564819335,not_significant,days 60+89
ACZ81_14930,-0.402931849161784,not_significant,day 18
ACZ81_14150,-0.402895291646323,not_significant,days 60+89
ACZ81_09300,-0.402865091959637,not_significant,day 89
ACZ81_02990,0.402784347534182,not_significant,day 60
ACZ81_19785,-0.402748107910157,not_significant,day 89
ACZ81_06900,0.402729670206703,not_significant,day 18
ACZ81_08505,0.402725219726559,not_significant,day 31
ACZ81_04145,-0.402604420979818,not_significant,days 60+89
ACZ81_11350,-0.40246836344401,not_significant,day 18
ACZ81_18685,0.402393341064453,not_significant,day 89
ACZ81_01595,0.40238761901855,not_significant,day 18
ACZ81_03750,0.402184804280598,not_significant,day 60
ACZ81_04440,0.40207481384277,not_significant,day 89
ACZ81_03765,-0.401896794637045,not_significant,days 60+89
ACZ81_00460,-0.401774088541665,not_significant,day 60
ACZ81_04050,-0.401460011800131,not_significant,days 60+89
ACZ81_01340,-0.401289621988931,not_significant,day 31
ACZ81_04425,-0.401289621988931,not_significant,day 31
ACZ81_07515,-0.401289621988931,not_significant,day 31
ACZ81_09590,-0.401289621988931,not_significant,day 31
ACZ81_17130,-0.401289621988931,not_significant,day 31
ACZ81_17790,0.401236216227213,not_significant,day 18
ACZ81_07300,0.401080449422201,not_significant,day 60
ACZ81_04175,-0.400923411051433,not_significant,day 31
ACZ81_12715,-0.400757471720376,not_significant,day 18
ACZ81_01000,0.400680541992188,not_significant,day 18
ACZ81_10900,-0.400482813517254,not_significant,day 31
ACZ81_00880,0.400423685709636,not_significant,days 60+89
ACZ81_10825,-0.400306701660157,not_significant,day 31
ACZ81_17220,0.400094985961915,not_significant,day 18
ACZ81_12730,-0.399984995524092,not_significant,day 18
ACZ81_08280,0.399641036987307,not_significant,day 89
ACZ81_09135,0.399632771809894,not_significant,day 31
ACZ81_18235,0.39951260884603,not_significant,day 18
ACZ81_14540,-0.399216969807943,not_significant,day 18
ACZ81_17465,0.399207433064777,not_significant,days 60+89
ACZ81_04170,0.399127006530763,not_significant,days 60+89
ACZ81_19235,0.399030049641928,not_significant,day 18
ACZ81_15630,-0.398832321166992,not_significant,day 60
ACZ81_09680,0.398820241292319,not_significant,day 89
ACZ81_09700,0.398751576741533,not_significant,day 89
ACZ81_04080,0.398733774820963,not_significant,day 31
ACZ81_19360,0.398493766784666,not_significant,days 60+89
ACZ81_08025,0.398294448852539,not_significant,day 60
ACZ81_17750,-0.39797592163086,not_significant,day 89
ACZ81_10785,0.397963841756187,not_significant,days 60+89
ACZ81_01790,0.397962570190429,not_significant,day 89
ACZ81_09430,-0.397951761881508,not_significant,day 89
ACZ81_02305,0.397950490315757,not_significant,day 31
ACZ81_00150,0.397847811381022,not_significant,days 60+89
ACZ81_19630,0.397834777832032,not_significant,day 60
ACZ81_10240,-0.397739728291833,not_significant,days 60+89
ACZ81_04225,0.397714614868165,not_significant,day 18
ACZ81_15985,0.397637049357096,not_significant,day 18
ACZ81_00800,0.397530237833662,not_significant,day 31
ACZ81_15630,-0.397527058919271,not_significant,day 31
ACZ81_01045,-0.397347450256348,not_significant,days 60+89
ACZ81_13730,0.396909713745117,not_significant,day 60
ACZ81_00130,-0.396708170572916,not_significant,day 31
ACZ81_02875,-0.39669990539551,not_significant,day 31
ACZ81_05575,-0.396443684895834,not_significant,days 60+89
ACZ81_18010,-0.396305084228514,not_significant,day 31
ACZ81_17010,0.396292368570964,not_significant,day 18
ACZ81_09380,-0.39627202351888,not_significant,day 18
ACZ81_09410,0.396172205607097,not_significant,day 31
ACZ81_09615,-0.396021525065105,not_significant,days 60+89
ACZ81_13005,-0.395989100138348,not_significant,day 31
ACZ81_13675,0.39587148030599,not_significant,day 31
ACZ81_07600,-0.395822525024416,not_significant,day 18
ACZ81_16125,0.39552942911784,not_significant,day 31
ACZ81_07465,-0.395522435506185,not_significant,days 60+89
ACZ81_00575,0.395465850830078,not_significant,day 31
ACZ81_09035,0.395257314046224,not_significant,day 18
ACZ81_11715,0.395150502522787,not_significant,day 31
ACZ81_03740,-0.395004272460936,not_significant,day 89
ACZ81_20440,-0.394960403442383,not_significant,day 31
ACZ81_06040,0.394460360209147,not_significant,days 60+89
ACZ81_06685,0.394352595011394,not_significant,day 31
ACZ81_06385,0.394302368164067,not_significant,day 60
ACZ81_05320,-0.394246419270833,not_significant,day 31
ACZ81_04910,-0.39421272277832,not_significant,day 89
ACZ81_07300,0.394140243530273,not_significant,day 18
ACZ81_09970,-0.393899917602539,not_significant,day 31
ACZ81_01535,0.393839518229167,not_significant,day 31
ACZ81_16650,-0.393829345703124,not_significant,day 89
ACZ81_08510,0.393795013427734,not_significant,day 89
ACZ81_16235,-0.393637657165526,not_significant,days 60+89
ACZ81_14395,0.393332799275716,not_significant,day 31
ACZ81_03660,-0.393035888671876,not_significant,day 31
ACZ81_15630,-0.392985026041667,not_significant,days 60+89
ACZ81_11245,-0.392624537150067,not_significant,day 31
ACZ81_18470,-0.392593383789063,not_significant,day 89
ACZ81_14430,0.392559051513671,not_significant,day 89
ACZ81_08150,-0.392089207967123,not_significant,day 31
ACZ81_14385,0.3920529683431,not_significant,day 18
ACZ81_07095,0.392033894856772,not_significant,day 89
ACZ81_17255,-0.391997019449869,not_significant,day 18
ACZ81_04880,-0.391956329345704,not_significant,day 60
ACZ81_02000,-0.391851425170897,not_significant,days 60+89
ACZ81_09710,0.391632715861003,not_significant,day 89
ACZ81_10000,-0.391561190287272,not_significant,days 60+89
ACZ81_05535,0.391415278116862,not_significant,day 60
ACZ81_01675,0.39136187235514,not_significant,day 60
ACZ81_17450,-0.39130465189616,not_significant,day 31
ACZ81_09760,0.391187667846681,not_significant,day 18
ACZ81_13070,-0.39099884033203,not_significant,day 18
ACZ81_05970,0.390953063964847,not_significant,day 18
ACZ81_13905,0.39092063903808,not_significant,day 18
ACZ81_15125,-0.390911102294922,not_significant,day 89
ACZ81_19875,0.390447934468587,not_significant,days 60+89
ACZ81_10490,-0.39038340250651,not_significant,day 18
ACZ81_14305,0.390175501505534,not_significant,day 18
ACZ81_19050,-0.390116373697917,not_significant,day 60
ACZ81_08165,-0.390107472737631,not_significant,day 18
ACZ81_15560,-0.390029907226563,not_significant,day 18
ACZ81_08220,0.390024820963543,not_significant,day 60
ACZ81_13830,0.38971773783366,not_significant,day 31
ACZ81_13460,-0.389513651529946,not_significant,day 18
ACZ81_17750,-0.389263153076172,not_significant,day 31
ACZ81_02350,-0.38925552368164,not_significant,day 60
ACZ81_17885,-0.389249165852865,not_significant,day 60
ACZ81_02270,-0.389086405436204,not_significant,day 18
ACZ81_17775,-0.389078776041669,not_significant,days 60+89
ACZ81_10165,0.388963699340819,not_significant,day 89
ACZ81_06905,0.38889821370443,not_significant,day 18
ACZ81_17685,-0.388727823893231,not_significant,day 18
ACZ81_RS07605,-0.388579050699871,not_significant,day 89
ACZ81_04560,-0.388109207153319,not_significant,day 89
ACZ81_04105,0.388104756673173,not_significant,day 60
ACZ81_17055,-0.388008117675779,not_significant,day 18
ACZ81_15805,-0.38781483968099,not_significant,day 18
ACZ81_01585,0.387626330057781,not_significant,days 60+89
ACZ81_08425,-0.387556076049803,not_significant,days 60+89
ACZ81_13615,0.38749631245931,not_significant,day 18
ACZ81_06095,-0.387435277303057,not_significant,day 60
ACZ81_04245,-0.387423197428387,not_significant,day 18
ACZ81_08770,0.387415885925294,not_significant,days 60+89
ACZ81_01920,0.387394587198893,not_significant,day 18
ACZ81_01770,-0.387375513712563,not_significant,day 18
ACZ81_01910,0.387261072794596,not_significant,day 18
ACZ81_15630,-0.387137730916341,not_significant,day 89
ACZ81_01380,-0.387046178181966,not_significant,day 18
ACZ81_10230,-0.387032826741536,not_significant,day 31
ACZ81_04205,0.386913299560547,not_significant,day 18
ACZ81_08305,0.386884053548177,not_significant,day 31
ACZ81_13325,0.386686960856117,not_significant,day 89
ACZ81_18320,-0.386569341023763,not_significant,day 60
ACZ81_02315,-0.386401494344076,not_significant,day 18
ACZ81_10820,0.386372248331706,not_significant,day 89
ACZ81_10680,-0.386323293050129,not_significant,day 31
ACZ81_15290,0.386278152465817,not_significant,day 31
ACZ81_02055,-0.38627624511719,not_significant,day 18
ACZ81_11665,0.386251449584962,not_significant,day 31
ACZ81_17190,-0.386247634887694,not_significant,day 89
ACZ81_10340,-0.386118570963542,not_significant,days 60+89
ACZ81_14420,0.386117935180665,not_significant,day 18
ACZ81_19370,-0.386091232299803,not_significant,day 31
ACZ81_03475,-0.385786056518553,not_significant,day 18
ACZ81_01785,-0.385557174682616,not_significant,day 89
ACZ81_05095,-0.385463714599609,not_significant,day 31
ACZ81_18115,0.385414759318034,not_significant,day 31
ACZ81_03875,0.385395685831706,not_significant,day 60
ACZ81_04510,0.385372161865233,not_significant,day 89
ACZ81_17080,-0.385307947794595,not_significant,day 18
ACZ81_04995,-0.385202089945476,not_significant,days 60+89
ACZ81_03475,-0.385156631469723,not_significant,day 31
ACZ81_05345,0.385045369466146,not_significant,day 18
ACZ81_08520,-0.384977976481119,not_significant,day 31
ACZ81_01905,0.384848912556967,not_significant,day 18
ACZ81_13660,0.384831746419272,not_significant,days 60+89
ACZ81_03830,-0.384791056315104,not_significant,day 60
ACZ81_14800,0.384755452473958,not_significant,day 60
ACZ81_08220,-0.384670257568358,not_significant,day 18
ACZ81_15330,0.384486198425292,not_significant,days 60+89
ACZ81_18860,0.384410222371417,not_significant,day 18
ACZ81_03510,-0.38439305623372,not_significant,day 60
ACZ81_18055,-0.384325027465822,not_significant,day 18
ACZ81_03745,-0.384312311808268,not_significant,day 31
ACZ81_01605,-0.384206771850585,not_significant,day 60
ACZ81_19540,0.384170532226566,not_significant,day 31
ACZ81_05220,0.384143193562826,not_significant,day 18
ACZ81_14790,0.383912404378255,not_significant,day 89
ACZ81_04015,-0.383884429931642,not_significant,day 18
ACZ81_05590,0.38378938039144,not_significant,day 31
ACZ81_12480,0.383501052856447,not_significant,day 18
ACZ81_04695,0.383429845174154,not_significant,day 31
ACZ81_14510,0.38330777486165,not_significant,day 60
ACZ81_05570,-0.383286158243816,not_significant,day 31
ACZ81_18070,-0.382959365844727,not_significant,day 18
ACZ81_17700,-0.382945378621419,not_significant,day 60
ACZ81_15215,-0.382876396179199,not_significant,days 60+89
ACZ81_08320,-0.382802327473959,not_significant,day 60
ACZ81_19675,-0.382772445678713,not_significant,day 31
ACZ81_03470,-0.382459004720052,not_significant,day 60
ACZ81_18625,0.38244597117106,not_significant,days 60+89
ACZ81_00610,0.382401784261066,not_significant,day 31
ACZ81_10825,-0.382378896077479,not_significant,days 60+89
ACZ81_02285,-0.382251739501955,not_significant,days 60+89
ACZ81_14200,0.382213592529297,not_significant,day 31
ACZ81_09305,-0.381939570109049,not_significant,day 31
ACZ81_00940,-0.381759007771812,not_significant,day 60
ACZ81_07720,-0.381732304890953,not_significant,day 60
ACZ81_15645,-0.381454467773437,not_significant,day 89
ACZ81_07950,-0.381338119506836,not_significant,day 18
ACZ81_12665,0.381244023640951,not_significant,day 31
ACZ81_15470,0.380989074707034,not_significant,day 18
ACZ81_15445,-0.380716323852539,not_significant,day 89
ACZ81_09985,0.380586624145509,not_significant,day 31
ACZ81_13320,-0.380448659261067,not_significant,day 89
ACZ81_08555,-0.38038698832194,not_significant,day 18
ACZ81_07845,-0.380297978719075,not_significant,day 89
ACZ81_06240,-0.380082448323568,not_significant,day 31
ACZ81_19370,-0.380029042561846,not_significant,day 18
ACZ81_RS21675,-0.379926363627114,not_significant,day 31
ACZ81_16710,-0.379870096842448,not_significant,day 18
ACZ81_01430,-0.379842758178711,not_significant,day 31
ACZ81_05545,0.37980016072591,not_significant,day 89
ACZ81_01980,-0.379738489786784,not_significant,day 89
ACZ81_08250,0.379539489746093,not_significant,day 18
ACZ81_14610,-0.379382451375325,not_significant,day 60
ACZ81_11030,0.379342397054034,not_significant,days 60+89
ACZ81_04080,0.37932332356771,not_significant,day 89
ACZ81_19350,0.37921746571859,not_significant,days 60+89
ACZ81_05120,-0.378829956054687,not_significant,day 31
ACZ81_09385,-0.378782908121743,not_significant,day 89
ACZ81_17550,0.37876129150391,not_significant,day 31
ACZ81_15870,-0.378585815429687,not_significant,day 31
ACZ81_17410,0.378552754720052,not_significant,day 60
ACZ81_14815,0.378204981486004,not_significant,day 89
ACZ81_12295,0.378087997436524,not_significant,day 60
ACZ81_06225,-0.377951939900717,not_significant,day 31
ACZ81_03870,0.37789980570475,not_significant,day 60
ACZ81_12970,-0.377708752950033,not_significant,days 60+89
ACZ81_08315,-0.377705256144203,not_significant,day 89
ACZ81_00875,0.377684593200683,not_significant,days 60+89
ACZ81_18515,0.377559026082357,not_significant,days 60+89
ACZ81_08805,-0.377525329589844,not_significant,day 18
ACZ81_16235,-0.377473831176756,not_significant,day 60
ACZ81_07290,-0.376880009969076,not_significant,day 89
ACZ81_13485,-0.376683553059898,not_significant,day 31
ACZ81_05825,0.376633326212565,not_significant,day 31
ACZ81_14455,-0.376622517903646,not_significant,day 60
ACZ81_07060,0.376502354939775,not_significant,day 18
ACZ81_06870,0.37645721435547,not_significant,day 31
ACZ81_02050,-0.376229604085283,not_significant,day 31
ACZ81_02315,-0.376167297363281,not_significant,days 60+89
ACZ81_08350,-0.376022338867188,not_significant,day 31
ACZ81_17550,0.375904719034834,not_significant,day 18
ACZ81_19750,-0.375843683878583,not_significant,day 18
ACZ81_10240,-0.375698089599613,not_significant,day 89
ACZ81_13550,-0.375694274902344,not_significant,day 18
ACZ81_14660,0.375526428222657,not_significant,day 18
ACZ81_05820,0.375524679819741,not_significant,days 60+89
ACZ81_12720,0.375321706136067,not_significant,days 60+89
ACZ81_06240,-0.375303268432615,not_significant,day 89
ACZ81_06860,-0.375263214111327,not_significant,day 31
ACZ81_08905,-0.375172932942707,not_significant,day 89
ACZ81_07160,-0.37511380513509,not_significant,day 18
ACZ81_17835,0.375107447306312,not_significant,day 89
ACZ81_10100,-0.37500508626302,not_significant,day 18
ACZ81_16720,0.37478828430176,not_significant,day 31
ACZ81_09415,0.374718348185217,not_significant,day 60
ACZ81_08015,-0.374648729960124,not_significant,days 60+89
ACZ81_15040,0.374581654866537,not_significant,day 60
ACZ81_05570,-0.374529520670573,not_significant,day 18
ACZ81_09710,0.374479293823242,not_significant,days 60+89
ACZ81_03865,-0.374168713887533,not_significant,days 60+89
ACZ81_14570,-0.37410354614258,not_significant,day 60
ACZ81_13105,-0.374048868815104,not_significant,day 18
ACZ81_00280,-0.374003728230793,not_significant,day 60
ACZ81_01745,0.373991012573242,not_significant,day 18
ACZ81_03960,0.373901367187498,not_significant,days 60+89
ACZ81_01790,0.373865445454915,not_significant,days 60+89
ACZ81_07675,0.373718897501623,not_significant,day 18
ACZ81_15445,0.373697280883788,not_significant,day 31
ACZ81_05860,-0.373434702555337,not_significant,days 60+89
ACZ81_04345,-0.373424530029298,not_significant,day 31
ACZ81_01750,0.373295466105144,not_significant,day 31
ACZ81_03150,-0.373284657796225,not_significant,day 89
ACZ81_10335,-0.373250961303709,not_significant,day 18
ACZ81_06860,-0.373239835103352,not_significant,days 60+89
ACZ81_13585,-0.373231252034505,not_significant,day 18
ACZ81_17430,-0.373229026794434,not_significant,days 60+89
ACZ81_12230,0.37316640218099,not_significant,day 18
ACZ81_03570,-0.373132069905599,not_significant,day 31
ACZ81_14085,0.373114903767904,not_significant,day 31
ACZ81_11075,0.373027801513672,not_significant,day 31
ACZ81_18320,-0.372920672098795,not_significant,days 60+89
ACZ81_14820,-0.372886657714844,not_significant,day 18
ACZ81_17605,-0.372691472371417,not_significant,day 60
ACZ81_00400,-0.372591018676756,not_significant,day 60
ACZ81_06205,-0.372312545776367,not_significant,day 18
ACZ81_09985,0.372294743855796,not_significant,day 89
ACZ81_14310,0.372276306152344,not_significant,day 60
ACZ81_01165,0.372259140014649,not_significant,day 60
ACZ81_13030,0.372248967488606,not_significant,day 89
ACZ81_09820,0.372175216674808,not_significant,days 60+89
ACZ81_09660,-0.372034390767416,not_significant,days 60+89
ACZ81_10775,-0.37196413675944,not_significant,day 60
ACZ81_06610,-0.371960957845052,not_significant,day 60
ACZ81_00790,0.371810595194499,not_significant,days 60+89
ACZ81_13120,0.371702194213867,not_significant,day 18
ACZ81_07790,-0.371688206990562,not_significant,day 89
ACZ81_03685,-0.371510187784827,not_significant,day 31
ACZ81_03535,0.371494611104331,not_significant,days 60+89
ACZ81_05460,-0.371353149414063,not_significant,day 31
ACZ81_19165,0.371287027994793,not_significant,day 31
ACZ81_17445,0.371257781982422,not_significant,day 60
ACZ81_06350,0.371217091878255,not_significant,day 60
ACZ81_05135,-0.371191660563151,not_significant,day 31
ACZ81_11995,-0.370864232381181,not_significant,day 31
ACZ81_17255,-0.370712280273436,not_significant,day 31
ACZ81_05150,-0.370609283447265,not_significant,day 89
ACZ81_01360,0.370503107706706,not_significant,day 31
ACZ81_14940,0.37045478820801,not_significant,day 31
ACZ81_13070,0.370454152425131,not_significant,day 31
ACZ81_07360,-0.370399475097656,not_significant,day 18
ACZ81_RS17235,-0.370392481486002,not_significant,day 89
ACZ81_03505,0.370242436726888,not_significant,day 60
ACZ81_00895,-0.370084126790363,not_significant,day 18
ACZ81_08270,0.37006441752116,not_significant,day 89
ACZ81_17050,-0.370036443074546,not_significant,day 60
ACZ81_18125,0.369962692260743,not_significant,days 60+89
ACZ81_07645,0.369867960611977,not_significant,day 18
ACZ81_03840,0.369508743286131,not_significant,day 60
ACZ81_13065,-0.36937681833903,not_significant,days 60+89
ACZ81_08595,-0.369290351867677,not_significant,days 60+89
ACZ81_01825,-0.369284947713217,not_significant,day 31
ACZ81_14530,0.369222005208337,not_significant,day 89
ACZ81_11000,0.369150797526041,not_significant,day 89
ACZ81_12765,0.369113286336261,not_significant,day 18
ACZ81_19050,-0.369044621785481,not_significant,day 31
ACZ81_RS17115,0.368775049845378,not_significant,day 18
ACZ81_10100,-0.368772824605307,not_significant,days 60+89
ACZ81_00210,-0.36871782938639,not_significant,day 18
ACZ81_06535,-0.368712743123371,not_significant,day 31
ACZ81_18580,0.368701299031576,not_significant,day 31
ACZ81_17820,0.368674596150717,not_significant,day 60
ACZ81_01790,0.368395487467448,not_significant,day 18
ACZ81_08560,-0.368339538574213,not_significant,day 31
ACZ81_06160,0.368270238240563,not_significant,day 89
ACZ81_06055,0.368188858032227,not_significant,day 89
ACZ81_08255,0.368150075276693,not_significant,day 18
ACZ81_17770,-0.368078231811524,not_significant,day 89
ACZ81_19425,0.367915471394856,not_significant,day 31
ACZ81_17765,0.367912928263345,not_significant,day 89
ACZ81_04765,-0.367890040079753,not_significant,day 60
ACZ81_05200,-0.367671966552736,not_significant,day 18
ACZ81_08560,-0.367610931396483,not_significant,day 60
ACZ81_15070,-0.367455164591469,not_significant,day 31
ACZ81_01750,0.367452303568522,not_significant,days 60+89
ACZ81_08765,-0.36741065979004,not_significant,day 60
ACZ81_20050,-0.367231369018554,not_significant,day 31
ACZ81_04550,-0.366284052530925,not_significant,day 60
ACZ81_01045,-0.366203943888346,not_significant,day 89
ACZ81_07845,-0.366148630777995,not_significant,day 18
ACZ81_06425,0.366068522135423,not_significant,day 89
ACZ81_17410,0.36603832244873,not_significant,days 60+89
ACZ81_04855,-0.366034825642902,not_significant,day 31
ACZ81_02185,0.365679105122887,not_significant,days 60+89
ACZ81_11860,0.365654945373535,not_significant,days 60+89
ACZ81_16960,-0.365504582722982,not_significant,day 31
ACZ81_12555,-0.365256627400717,not_significant,day 31
ACZ81_11170,0.365240097045897,not_significant,day 31
ACZ81_08130,0.365001678466796,not_significant,days 60+89
ACZ81_14750,-0.364947001139323,not_significant,day 31
ACZ81_15925,-0.364941279093427,not_significant,day 31
ACZ81_06845,0.364929199218751,not_significant,day 60
ACZ81_05595,0.364747365315751,not_significant,day 89
ACZ81_03805,0.364690144856771,not_significant,day 60
ACZ81_10685,-0.36465835571289,not_significant,days 60+89
ACZ81_19755,0.364622116088864,not_significant,day 60
ACZ81_08315,-0.364413261413572,not_significant,days 60+89
ACZ81_05440,-0.364279111226399,not_significant,days 60+89
ACZ81_07315,-0.364269256591796,not_significant,day 18
ACZ81_10090,-0.36418596903483,not_significant,day 18
ACZ81_03830,-0.364127477010091,not_significant,day 31
ACZ81_10655,-0.364049275716147,not_significant,day 18
ACZ81_12685,0.36394818623861,not_significant,day 18
ACZ81_00065,-0.363932927449545,not_significant,day 18
ACZ81_14120,0.363815307617188,not_significant,day 18
ACZ81_17425,0.363708496093748,not_significant,day 18
ACZ81_15885,0.36368878682454,not_significant,day 18
ACZ81_17255,-0.36365000406901,not_significant,day 60
ACZ81_09880,-0.363452275594076,not_significant,day 60
ACZ81_13800,-0.363440831502279,not_significant,day 89
ACZ81_19290,-0.363253275553386,not_significant,day 18
ACZ81_04820,-0.363211313883464,not_significant,day 18
ACZ81_01915,0.363126754760743,not_significant,days 60+89
ACZ81_05135,-0.363095283508301,not_significant,days 60+89
ACZ81_05115,0.36301231384277,not_significant,days 60+89
ACZ81_06090,-0.362922668457031,not_significant,day 31
ACZ81_04670,-0.36286989847819,not_significant,day 60
ACZ81_05515,-0.362855911254884,not_significant,day 18
ACZ81_11025,0.362822850545247,not_significant,day 89
ACZ81_18840,-0.362822850545247,not_significant,day 31
ACZ81_09935,-0.362515131632487,not_significant,day 89
ACZ81_09870,0.36231422424317,not_significant,day 89
ACZ81_10275,-0.362160364786783,not_significant,day 60
ACZ81_12265,-0.362157821655274,not_significant,day 89
ACZ81_15650,-0.362003644307455,not_significant,days 60+89
ACZ81_19365,0.361832936604818,not_significant,day 31
ACZ81_15210,0.361348152160645,not_significant,days 60+89
ACZ81_00535,0.361223220825195,not_significant,day 18
ACZ81_09745,-0.361132939656576,not_significant,day 18
ACZ81_06905,-0.361082712809244,not_significant,day 89
ACZ81_19405,0.360996246337891,not_significant,day 31
ACZ81_14305,-0.360917409261067,not_significant,day 89
ACZ81_04150,-0.360788345336913,not_significant,day 18
ACZ81_02390,0.360685348510745,not_significant,day 31
ACZ81_04895,-0.360634485880534,not_significant,day 60
ACZ81_09770,-0.360607147216794,not_significant,day 60
ACZ81_19195,-0.360594431559244,not_significant,day 18
ACZ81_01375,0.360516230265303,not_significant,day 18
ACZ81_12585,-0.360467274983726,not_significant,day 31
ACZ81_10745,-0.360453287760421,not_significant,day 18
ACZ81_00360,0.36042594909668,not_significant,days 60+89
ACZ81_07435,0.360132217407227,not_significant,day 31
ACZ81_15525,0.360111872355142,not_significant,day 89
ACZ81_11360,0.360050837198894,not_significant,days 60+89
ACZ81_18025,0.360003153483076,not_significant,day 60
ACZ81_18350,0.359716415405273,not_significant,day 89
ACZ81_04200,-0.359593709309896,not_significant,day 18
ACZ81_12805,-0.359385490417482,not_significant,days 60+89
ACZ81_18320,-0.359272003173828,not_significant,day 89
ACZ81_06405,0.359247525533038,not_significant,days 60+89
ACZ81_09140,0.359108606974283,not_significant,day 60
ACZ81_00005,-0.359097798665365,not_significant,day 60
ACZ81_07845,-0.359081586201986,not_significant,days 60+89
ACZ81_06845,0.3588711420695,not_significant,days 60+89
ACZ81_15865,0.358838399251301,not_significant,day 18
ACZ81_05015,0.358652750651041,not_significant,day 31
ACZ81_17715,-0.358418146769207,not_significant,day 18
ACZ81_19785,-0.358278274536134,not_significant,days 60+89
ACZ81_09135,0.35806083679199,not_significant,day 18
ACZ81_15210,0.358059565226237,not_significant,day 31
ACZ81_05130,-0.357779184977212,not_significant,day 60
ACZ81_09870,0.357763608296716,not_significant,days 60+89
ACZ81_06560,-0.357692718505861,not_significant,day 60
ACZ81_09305,-0.357476552327474,not_significant,day 18
ACZ81_09710,0.357325871785479,not_significant,day 60
ACZ81_12295,0.357264200846354,not_significant,day 31
ACZ81_01155,-0.357208887736001,not_significant,day 31
ACZ81_20450,-0.357167561848958,not_significant,day 89
ACZ81_01475,-0.357077280680338,not_significant,days 60+89
ACZ81_03880,0.357059160868326,not_significant,days 60+89
ACZ81_07465,-0.35703722635905,not_significant,day 31
ACZ81_07055,0.356920878092453,not_significant,day 89
ACZ81_05980,-0.356639862060547,not_significant,day 31
ACZ81_10330,-0.356421788533527,not_significant,day 89
ACZ81_17685,0.356418609619138,not_significant,day 89
ACZ81_05125,0.356333096822103,not_significant,days 60+89
ACZ81_06080,-0.356307029724119,not_significant,days 60+89
ACZ81_09960,-0.356286366780598,not_significant,day 60
ACZ81_16955,0.356271743774411,not_significant,day 18
ACZ81_05980,-0.356215476989746,not_significant,days 60+89
ACZ81_10225,0.356175740559894,not_significant,day 89
ACZ81_20350,-0.356162389119467,not_significant,days 60+89
ACZ81_18340,0.356116612752277,not_significant,day 89
ACZ81_02725,-0.356018702189128,not_significant,day 31
ACZ81_06520,0.356014887491864,not_significant,day 89
ACZ81_20280,-0.355590184529621,not_significant,day 60
ACZ81_09320,-0.355361302693684,not_significant,day 31
ACZ81_05880,0.355321248372395,not_significant,day 60
ACZ81_04020,-0.355199178059893,not_significant,day 18
ACZ81_13860,-0.355154355367027,not_significant,days 60+89
ACZ81_06560,-0.355138460795085,not_significant,days 60+89
ACZ81_00560,-0.35509490966797,not_significant,day 18
ACZ81_02875,-0.354860941569013,not_significant,day 18
ACZ81_14115,0.354801813761395,not_significant,days 60+89
ACZ81_04160,0.354752858479818,not_significant,day 18
ACZ81_18625,0.354750315348307,not_significant,day 60
ACZ81_13965,0.354697545369466,not_significant,day 31
ACZ81_18850,0.354528427124023,not_significant,day 89
ACZ81_03400,-0.354506810506184,not_significant,day 18
ACZ81_10670,-0.354357401529948,not_significant,day 18
ACZ81_07585,-0.354275385538738,not_significant,day 60
ACZ81_19405,0.354234377543132,not_significant,days 60+89
ACZ81_16585,0.354139010111491,not_significant,days 60+89
ACZ81_17560,0.354104995727539,not_significant,day 31
ACZ81_08425,-0.353949864705402,not_significant,day 89
ACZ81_17350,-0.35378901163737,not_significant,day 89
ACZ81_12585,-0.353784879048668,not_significant,days 60+89
ACZ81_00595,-0.353774388631184,not_significant,day 60
ACZ81_02870,0.353704770406088,not_significant,days 60+89
ACZ81_17410,0.353523890177406,not_significant,day 89
ACZ81_11550,-0.353271484375,not_significant,day 18
ACZ81_13780,0.353257497151693,not_significant,day 89
ACZ81_17195,-0.353219350179036,not_significant,day 18
ACZ81_09870,0.353212992350263,not_significant,day 60
ACZ81_17840,-0.353196461995443,not_significant,day 31
ACZ81_02145,0.353193283081055,not_significant,day 31
ACZ81_19580,-0.353060404459636,not_significant,day 89
ACZ81_05565,0.353007634480793,not_significant,day 60
ACZ81_04850,-0.35291353861491,not_significant,day 18
ACZ81_06845,0.352813084920249,not_significant,day 89
ACZ81_06225,-0.352757771809897,not_significant,days 60+89
ACZ81_00775,0.352756500244141,not_significant,days 60+89
ACZ81_13165,-0.352651596069336,not_significant,day 89
ACZ81_17450,-0.352584203084311,not_significant,day 89
ACZ81_06560,-0.35258420308431,not_significant,day 89
ACZ81_19795,0.352550506591799,not_significant,day 89
ACZ81_02350,-0.352357228597003,not_significant,days 60+89
ACZ81_13465,0.352331161499024,not_significant,day 89
ACZ81_16305,0.352142810821533,not_significant,days 60+89
ACZ81_01180,0.351867039998372,not_significant,day 31
ACZ81_10805,-0.351850509643555,not_significant,day 60
ACZ81_16155,0.351768493652346,not_significant,day 18
ACZ81_05095,-0.351716995239257,not_significant,day 89
ACZ81_17905,0.351560592651367,not_significant,day 18
ACZ81_06155,0.351524353027347,not_significant,days 60+89
ACZ81_01880,0.351514180501302,not_significant,day 89
ACZ81_00270,0.351435343424479,not_significant,day 89
ACZ81_16965,-0.351378122965496,not_significant,day 60
ACZ81_15505,0.351328531901043,not_significant,day 31
ACZ81_17795,0.35126368204753,not_significant,day 31
ACZ81_08315,-0.351121266682941,not_significant,day 60
ACZ81_03675,-0.350960413614906,not_significant,day 89
ACZ81_00930,-0.35095469156901,not_significant,days 60+89
ACZ81_16885,-0.350854873657227,not_significant,day 18
ACZ81_17700,-0.350831985473633,not_significant,day 18
ACZ81_11735,-0.35062726338705,not_significant,day 60
ACZ81_05030,0.350547154744467,not_significant,day 18
ACZ81_08370,0.350432713826498,not_significant,days 60+89
ACZ81_15540,-0.350357691446944,not_significant,day 60
ACZ81_01210,0.350145975748698,not_significant,day 60
ACZ81_18445,0.350028355916341,not_significant,day 89
ACZ81_08015,-0.349817911783854,not_significant,day 31
ACZ81_17080,0.349794705708824,not_significant,days 60+89
ACZ81_01790,0.349768320719401,not_significant,day 60
ACZ81_14875,0.349759419759115,not_significant,day 89
ACZ81_13740,-0.349586486816407,not_significant,day 31
ACZ81_12170,-0.349563598632811,not_significant,day 31
ACZ81_00960,0.349519729614258,not_significant,day 60
ACZ81_12235,0.349434534708658,not_significant,day 31
ACZ81_09385,-0.349357604980469,not_significant,day 31
ACZ81_18210,0.349250793457033,not_significant,day 60
ACZ81_01125,0.349186897277832,not_significant,days 60+89
ACZ81_07140,-0.349152882893879,not_significant,day 18
ACZ81_13250,-0.349147796630859,not_significant,day 18
ACZ81_00095,0.349145253499352,not_significant,days 60+89
ACZ81_08765,-0.349090894063313,not_significant,days 60+89
ACZ81_09365,0.34904352823893,not_significant,day 18
ACZ81_02920,-0.349000295003256,not_significant,day 18
ACZ81_00400,-0.348951021830239,not_significant,days 60+89
ACZ81_03725,-0.348895390828451,not_significant,day 18
ACZ81_00150,0.348816553751628,not_significant,day 31
ACZ81_01255,-0.348599116007487,not_significant,day 60
ACZ81_12115,-0.348592122395833,not_significant,day 60
ACZ81_02745,-0.348517735799154,not_significant,day 18
ACZ81_08705,0.348143259684245,not_significant,day 60
ACZ81_07980,-0.348120371500654,not_significant,day 18
ACZ81_11730,0.347953160603844,not_significant,day 60
ACZ81_12295,0.347934087117514,not_significant,day 18
ACZ81_00450,0.347814559936526,not_significant,day 18
ACZ81_08755,-0.347722371419271,not_significant,day 31
ACZ81_13830,-0.347672144571943,not_significant,day 18
ACZ81_18105,0.347663243611653,not_significant,day 31
ACZ81_16840,0.347216288248698,not_significant,day 60
ACZ81_05860,-0.347173055013019,not_significant,day 18
ACZ81_06635,-0.347159067789717,not_significant,days 60+89
ACZ81_19520,-0.347049077351888,not_significant,day 31
ACZ81_19200,0.346767425537113,not_significant,day 89
ACZ81_13660,0.346744537353517,not_significant,day 60
ACZ81_15195,0.346719741821291,not_significant,day 60
ACZ81_08545,-0.346572875976567,not_significant,day 89
ACZ81_13615,0.346537907918294,not_significant,day 31
ACZ81_18310,-0.34644381205241,not_significant,day 18
ACZ81_10605,-0.346442540486654,not_significant,day 60
ACZ81_12605,-0.346386591593425,not_significant,day 31
ACZ81_03595,-0.346248626708985,not_significant,day 18
ACZ81_20440,-0.346109390258789,not_significant,day 60
ACZ81_13015,-0.345952351888019,not_significant,day 89
ACZ81_02990,0.34577242533366,not_significant,days 60+89
ACZ81_01725,-0.345761934916183,not_significant,days 60+89
ACZ81_00880,0.345743815104167,not_significant,day 31
ACZ81_07280,-0.345626831054694,not_significant,day 18
ACZ81_14620,0.345599174499512,not_significant,days 60+89
ACZ81_01155,-0.345404307047526,not_significant,day 89
ACZ81_08320,-0.345381100972494,not_significant,days 60+89
ACZ81_06425,0.3453483581543,not_significant,day 31
ACZ81_18400,0.345044136047363,not_significant,days 60+89
ACZ81_04590,-0.344950358072917,not_significant,day 60
ACZ81_10310,0.344888051350911,not_significant,day 18
ACZ81_15390,0.344746271769206,not_significant,day 31
ACZ81_01255,-0.344635009765625,not_significant,day 31
ACZ81_00355,-0.344466527303059,not_significant,day 31
ACZ81_09820,0.344402313232423,not_significant,day 18
ACZ81_01560,0.344284693400066,not_significant,day 89
ACZ81_16840,-0.344243367513021,not_significant,day 18
ACZ81_18610,0.344231287638347,not_significant,day 31
ACZ81_01220,0.344191233317057,not_significant,day 60
ACZ81_10550,0.344151178995768,not_significant,day 60
ACZ81_13390,-0.343985875447596,not_significant,day 60
ACZ81_04205,0.343859990437826,not_significant,day 60
ACZ81_03415,-0.343851089477537,not_significant,day 18
ACZ81_15625,-0.343823115030924,not_significant,day 31
ACZ81_03475,-0.343658447265621,not_significant,day 89
ACZ81_19795,0.343653361002605,not_significant,day 31
ACZ81_13125,0.343594233194986,not_significant,day 18
ACZ81_06335,-0.343523661295573,not_significant,day 60
ACZ81_09325,0.343503952026367,not_significant,day 60
ACZ81_10785,0.343479156494143,not_significant,day 89
ACZ81_14465,-0.343447367350263,not_significant,day 31
ACZ81_12160,-0.343397140502931,not_significant,day 60
ACZ81_19445,-0.343355814615887,not_significant,day 89
ACZ81_00760,0.343313852945965,not_significant,day 31
ACZ81_16585,-0.343224843343099,not_significant,day 18
ACZ81_04345,0.343149185180662,not_significant,day 60
ACZ81_18355,0.343119303385417,not_significant,day 60
ACZ81_14660,0.342940012613933,not_significant,day 60
ACZ81_00580,0.342894236246745,not_significant,days 60+89
ACZ81_03920,-0.342412312825524,not_significant,day 18
ACZ81_06270,-0.342398325602209,not_significant,day 18
ACZ81_14980,0.342344919840492,not_significant,days 60+89
ACZ81_18830,-0.342336654663088,not_significant,days 60+89
ACZ81_18110,0.342236836751304,not_significant,day 18
ACZ81_17080,0.341649373372398,not_significant,day 31
ACZ81_03410,-0.341636021931967,not_significant,day 18
ACZ81_15615,0.341538747151694,not_significant,day 60
ACZ81_11150,-0.341444651285807,not_significant,day 18
ACZ81_07585,-0.341243108113606,not_significant,days 60+89
ACZ81_07495,0.34104855855306,not_significant,day 31
ACZ81_10240,-0.340634663899746,not_significant,day 31
ACZ81_08205,0.340576171875001,not_significant,day 89
ACZ81_13260,-0.340463638305664,not_significant,day 89
ACZ81_06530,0.340325673421223,not_significant,day 89
ACZ81_13750,0.34027417500814,not_significant,day 18
ACZ81_03860,-0.340250651041666,not_significant,day 18
ACZ81_19170,0.340204874674479,not_significant,day 31
ACZ81_04760,-0.33989143371582,not_significant,day 18
ACZ81_03865,-0.339778900146487,not_significant,day 89
ACZ81_11605,0.339716593424484,not_significant,day 18
ACZ81_07815,-0.339695930480957,not_significant,days 60+89
ACZ81_05120,-0.339630126953125,not_significant,day 89
ACZ81_17205,0.339562098185221,not_significant,days 60+89
ACZ81_01535,-0.33947690327962,not_significant,days 60+89
ACZ81_13685,-0.339356104532879,not_significant,day 89
ACZ81_20205,-0.339346567789712,not_significant,day 18
ACZ81_04590,-0.339330037434896,not_significant,day 18
ACZ81_01665,0.339217821757001,not_significant,days 60+89
ACZ81_05435,-0.339162826538086,not_significant,day 89
ACZ81_12525,0.339043299357099,not_significant,day 31
ACZ81_03320,0.339035669962566,not_significant,day 60
ACZ81_19110,-0.33903058369954,not_significant,day 89
ACZ81_04110,0.339028676350913,not_significant,day 18
ACZ81_03960,0.338860829671223,not_significant,day 31
ACZ81_19755,0.338833173116046,not_significant,days 60+89
ACZ81_10815,-0.338825543721517,not_significant,days 60+89
ACZ81_02115,-0.338737487792969,not_significant,days 60+89
ACZ81_18475,-0.338650385538737,not_significant,day 18
ACZ81_19920,-0.338635126749675,not_significant,day 18
ACZ81_02380,-0.33856137593587,not_significant,day 18
ACZ81_16115,-0.338478088378903,not_significant,day 18
ACZ81_05465,0.338394165039056,not_significant,day 31
ACZ81_08015,-0.3382568359375,not_significant,day 60
ACZ81_02345,-0.338153203328451,not_significant,day 60
ACZ81_02800,0.338073730468751,not_significant,day 89
ACZ81_05830,-0.33794911702474,not_significant,day 18
ACZ81_08545,0.337947845458983,not_significant,day 18
ACZ81_07845,-0.337865193684896,not_significant,day 60
ACZ81_12970,-0.33781623840332,not_significant,day 31
ACZ81_01910,0.33777109781901,not_significant,day 31
ACZ81_11600,-0.337725957234704,not_significant,day 18
ACZ81_00530,-0.337601025899252,not_significant,days 60+89
ACZ81_08150,-0.337525367736817,not_significant,days 60+89
ACZ81_03775,0.337429046630858,not_significant,day 60
ACZ81_17520,0.337115605672203,not_significant,day 18
ACZ81_07045,0.337088902791337,not_significant,day 31
ACZ81_00725,0.336873372395831,not_significant,days 60+89
ACZ81_16725,0.336779276529947,not_significant,days 60+89
ACZ81_19885,-0.336764653523763,not_significant,day 18
ACZ81_04050,0.336544672648112,not_significant,day 18
ACZ81_02300,-0.336487452189132,not_significant,day 18
ACZ81_05505,0.336357752482098,not_significant,day 60
ACZ81_07045,-0.336257298787436,not_significant,day 18
ACZ81_16650,-0.336257298787435,not_significant,days 60+89
ACZ81_19635,0.336256027221679,not_significant,day 18
ACZ81_02385,-0.336214701334637,not_significant,day 18
ACZ81_06095,0.33611043294271,not_significant,day 18
ACZ81_06940,-0.336090087890622,not_significant,day 18
ACZ81_09460,0.33600425720215,not_significant,day 18
ACZ81_06605,0.335942586263021,not_significant,day 60
ACZ81_04750,-0.335681915283204,not_significant,day 31
ACZ81_17310,-0.335554758707683,not_significant,day 18
ACZ81_15230,-0.335361480712886,not_significant,day 89
ACZ81_08160,-0.335206349690755,not_significant,day 18
ACZ81_10895,0.335121790568031,not_significant,day 18
ACZ81_14935,-0.335096359252931,not_significant,day 60
ACZ81_19360,0.335012435913083,not_significant,day 60
ACZ81_00400,-0.33480389912923,not_significant,day 31
ACZ81_08090,0.334781010945635,not_significant,day 89
ACZ81_14030,-0.334729512532552,not_significant,day 89
ACZ81_02755,0.334564208984373,not_significant,day 31
ACZ81_09790,-0.334440231323238,not_significant,day 89
ACZ81_00065,0.334138870239257,not_significant,day 89
ACZ81_13005,-0.333842595418294,not_significant,day 60
ACZ81_07150,-0.333680470784507,not_significant,day 31
ACZ81_17605,-0.333634058634437,not_significant,day 18
ACZ81_17805,-0.333459218343096,not_significant,day 31
ACZ81_09415,0.333349863688146,not_significant,day 31
ACZ81_16750,-0.333065032958985,not_significant,day 89
ACZ81_03270,-0.332876841227214,not_significant,day 60
ACZ81_08135,-0.332873344421387,not_significant,days 60+89
ACZ81_07725,0.33280118306478,not_significant,day 89
ACZ81_04555,-0.332756042480469,not_significant,day 89
ACZ81_10490,-0.332607269287109,not_significant,day 31
ACZ81_15435,0.332542737325034,not_significant,days 60+89
ACZ81_16960,-0.332491874694824,not_significant,days 60+89
ACZ81_06625,-0.332480112711589,not_significant,day 60
ACZ81_05280,-0.332442601521813,not_significant,day 18
ACZ81_20685,-0.332211176554364,not_significant,day 31
ACZ81_01115,0.33194923400879,not_significant,day 18
ACZ81_10820,0.331865946451823,not_significant,day 18
ACZ81_00035,-0.331858952840171,not_significant,day 31
ACZ81_05290,-0.331754048665363,not_significant,day 18
ACZ81_18250,0.33144696553548,not_significant,day 18
ACZ81_10620,0.331440607706704,not_significant,day 31
ACZ81_14065,-0.331438700358072,not_significant,day 89
ACZ81_11975,0.331414222717283,not_significant,days 60+89
ACZ81_17585,-0.331401824951173,not_significant,day 60
ACZ81_07425,-0.331348419189458,not_significant,days 60+89
ACZ81_13505,0.331274668375651,not_significant,day 18
ACZ81_09170,-0.331246693929039,not_significant,day 18
ACZ81_16265,0.33078447977702,not_significant,day 89
ACZ81_08765,-0.330771128336586,not_significant,day 89
ACZ81_11750,-0.33060073852539,not_significant,day 60
ACZ81_04265,0.33034706115723,not_significant,day 31
ACZ81_13695,-0.330170313517253,not_significant,day 18
ACZ81_16295,0.330137252807617,not_significant,day 31
ACZ81_01190,0.330007553100587,not_significant,day 31
ACZ81_20050,-0.329943974812824,not_significant,day 89
ACZ81_01895,-0.329791386922201,not_significant,day 60
ACZ81_13465,-0.329688390096028,not_significant,day 31
ACZ81_05400,-0.329654693603514,not_significant,day 89
ACZ81_06270,0.329616546630861,not_significant,day 89
ACZ81_06055,0.32944679260254,not_significant,days 60+89
ACZ81_13010,-0.329258600870768,not_significant,day 18
ACZ81_10295,-0.329235076904297,not_significant,day 60
ACZ81_02745,-0.329209009806315,not_significant,day 89
ACZ81_17480,0.329124450683596,not_significant,day 60
ACZ81_03250,0.32906977335612,not_significant,day 18
ACZ81_06240,0.329001108805337,not_significant,day 18
ACZ81_12650,0.32893435160319,not_significant,day 18
ACZ81_00510,0.328870137532554,not_significant,day 89
ACZ81_19105,-0.328634897867834,not_significant,day 89
ACZ81_14095,-0.328603744506837,not_significant,day 18
ACZ81_08795,-0.328517913818359,not_significant,day 31
ACZ81_08800,-0.328383763631185,not_significant,day 31
ACZ81_06995,-0.328311284383138,not_significant,day 60
ACZ81_07585,-0.328210830688475,not_significant,day 89
ACZ81_19240,0.327901840209959,not_significant,day 60
ACZ81_01535,0.327771504720053,not_significant,day 18
ACZ81_10785,0.32766087849935,not_significant,day 31
ACZ81_05745,-0.32755088806152,not_significant,day 31
ACZ81_19660,0.327495574951173,not_significant,day 60
ACZ81_01195,0.32721392313639,not_significant,day 60
ACZ81_15435,0.327208836873373,not_significant,day 18
ACZ81_02115,0.327142715454101,not_significant,day 89
ACZ81_11240,-0.327055613199871,not_significant,day 89
ACZ81_08255,0.327003479003906,not_significant,day 60
ACZ81_12515,0.326996485392254,not_significant,day 18
ACZ81_02315,-0.326969146728515,not_significant,day 60
ACZ81_15410,0.326963106791181,not_significant,days 60+89
ACZ81_17230,0.326790491739906,not_significant,day 60
ACZ81_03960,-0.32677141825358,not_significant,day 18
ACZ81_07325,-0.326667785644531,not_significant,day 89
ACZ81_18465,-0.326663970947266,not_significant,day 60
ACZ81_12565,0.326648712158203,not_significant,day 89
ACZ81_00215,-0.326594670613607,not_significant,day 60
ACZ81_14640,-0.326549530029293,not_significant,day 60
ACZ81_01165,0.326471328735352,not_significant,days 60+89
ACZ81_16730,-0.326409657796223,not_significant,day 18
ACZ81_14850,-0.32639757792155,not_significant,day 18
ACZ81_08270,0.326335271199545,not_significant,days 60+89
ACZ81_09710,0.326279322306317,not_significant,day 18
ACZ81_06905,-0.326149304707844,not_significant,days 60+89
ACZ81_09660,-0.326058069864909,not_significant,day 60
ACZ81_03940,-0.325806935628257,not_significant,day 31
ACZ81_09880,-0.325797398885091,not_significant,days 60+89
ACZ81_16760,-0.325757026672365,not_significant,days 60+89
ACZ81_11180,0.325689315795898,not_significant,day 60
ACZ81_13015,-0.325685818990071,not_significant,days 60+89
ACZ81_05130,-0.325652440388996,not_significant,day 18
ACZ81_04170,0.325614293416342,not_significant,day 60
ACZ81_14560,0.325571695963542,not_significant,day 31
ACZ81_11815,0.325502395629881,not_significant,days 60+89
ACZ81_15805,0.32543182373047,not_significant,day 31
ACZ81_00400,-0.325311024983723,not_significant,day 89
ACZ81_17495,0.32520612080892,not_significant,day 60
ACZ81_15225,-0.325108846028644,not_significant,day 31
ACZ81_11005,-0.325061798095703,not_significant,day 18
ACZ81_04495,0.324879964192706,not_significant,day 18
ACZ81_15625,0.324852625528972,not_significant,day 18
ACZ81_15400,-0.324762980143229,not_significant,days 60+89
ACZ81_06080,0.324620564778647,not_significant,day 31
ACZ81_17180,-0.32461992899577,not_significant,day 18
ACZ81_15035,-0.324580510457357,not_significant,day 18
ACZ81_05345,-0.324513117472328,not_significant,day 31
ACZ81_10750,-0.324432373046875,not_significant,day 31
ACZ81_01915,-0.324357986450194,not_significant,day 31
ACZ81_16420,0.32429885864258,not_significant,day 60
ACZ81_19400,0.324241638183593,not_significant,day 89
ACZ81_07790,-0.324139595031741,not_significant,days 60+89
ACZ81_04785,0.323926925659177,not_significant,day 18
ACZ81_12110,0.323824564615888,not_significant,day 89
ACZ81_09090,0.323567072550453,not_significant,day 18
ACZ81_03290,-0.323561350504558,not_significant,day 18
ACZ81_01590,-0.323246637980145,not_significant,day 18
ACZ81_11000,0.322986920674641,not_significant,days 60+89
ACZ81_05095,-0.322975794474284,not_significant,days 60+89
ACZ81_06850,0.322947502136231,not_significant,days 60+89
ACZ81_15650,0.322784423828126,not_significant,day 31
ACZ81_07895,0.322586059570312,not_significant,day 89
ACZ81_08600,0.322574615478513,not_significant,day 18
ACZ81_04610,0.322481155395506,not_significant,day 18
ACZ81_07400,0.32218933105469,not_significant,day 60
ACZ81_15345,-0.322028477986656,not_significant,day 31
ACZ81_08600,0.32200781504313,not_significant,days 60+89
ACZ81_19750,-0.321893692016603,not_significant,days 60+89
ACZ81_13580,0.321884791056314,not_significant,day 18
ACZ81_06950,0.321674346923826,not_significant,day 18
ACZ81_03750,0.321575164794921,not_significant,days 60+89
ACZ81_10780,-0.321514129638672,not_significant,day 18
ACZ81_13065,-0.321052551269531,not_significant,day 18
ACZ81_19840,-0.321015675862627,not_significant,day 18
ACZ81_11165,-0.320839564005534,not_significant,days 60+89
ACZ81_08365,-0.320812861124674,not_significant,day 60
ACZ81_10550,0.320775349934895,not_significant,day 31
ACZ81_18150,0.320751190185547,not_significant,day 60
ACZ81_18265,0.320575714111328,not_significant,day 18
ACZ81_13265,-0.320350646972657,not_significant,day 31
ACZ81_20280,-0.320294698079428,not_significant,day 31
ACZ81_06535,-0.320257822672528,not_significant,day 18
ACZ81_17155,-0.320189158121745,not_significant,day 18
ACZ81_04840,-0.320165634155276,not_significant,day 89
ACZ81_08105,-0.320107142130533,not_significant,day 18
ACZ81_01700,-0.320107142130531,not_significant,day 89
ACZ81_08090,0.320088704427082,not_significant,day 18
ACZ81_11300,0.319957097371416,not_significant,day 60
ACZ81_03075,0.31985600789388,not_significant,days 60+89
ACZ81_13265,-0.319821357727051,not_significant,days 60+89
ACZ81_00745,-0.319531122843426,not_significant,day 18
ACZ81_09535,0.319506327311199,not_significant,day 31
ACZ81_17655,0.31943702697754,not_significant,day 31
ACZ81_17780,0.319340387980143,not_significant,day 18
ACZ81_10910,0.319281895955404,not_significant,day 18
ACZ81_03935,0.319253285725911,not_significant,day 31
ACZ81_08185,-0.319051106770834,not_significant,day 60
ACZ81_13665,0.318970998128253,not_significant,day 18
ACZ81_03765,-0.318895339965819,not_significant,day 31
ACZ81_09695,0.31889279683431,not_significant,day 60
ACZ81_18055,0.318888346354167,not_significant,day 31
ACZ81_00560,0.31883939107259,not_significant,day 89
ACZ81_04875,0.318618138631184,not_significant,day 89
ACZ81_13100,-0.318532943725591,not_significant,day 89
ACZ81_13030,0.318436622619629,not_significant,days 60+89
ACZ81_15650,-0.318426767985027,not_significant,day 89
ACZ81_18350,-0.318394978841144,not_significant,day 18
ACZ81_13040,0.3181578318278,not_significant,day 89
ACZ81_06215,0.31812795003255,not_significant,day 18
ACZ81_13735,-0.318034489949543,not_significant,day 60
ACZ81_11550,0.317899703979495,not_significant,day 60
ACZ81_17015,0.317607243855795,not_significant,day 89
ACZ81_11745,-0.317403157552083,not_significant,day 60
ACZ81_18200,0.317003885904952,not_significant,day 60
ACZ81_06015,-0.316807428995769,not_significant,day 60
ACZ81_01830,-0.316733042399087,not_significant,day 89
ACZ81_03140,0.316513697306319,not_significant,day 60
ACZ81_01365,-0.316399256388347,not_significant,day 18
ACZ81_04410,0.316386540730794,not_significant,day 18
ACZ81_16965,-0.316384951273602,not_significant,days 60+89
ACZ81_02810,-0.316375732421874,not_significant,day 60
ACZ81_12430,-0.316331863403319,not_significant,day 18
ACZ81_02305,0.316030184427897,not_significant,days 60+89
ACZ81_06325,-0.316012064615886,not_significant,days 60+89
ACZ81_01220,-0.315963745117188,not_significant,day 18
ACZ81_15815,0.315926869710286,not_significant,day 18
ACZ81_03945,-0.315800984700521,not_significant,day 18
ACZ81_10485,-0.315709114074707,not_significant,day 60
ACZ81_17435,-0.31555557250976,not_significant,day 89
ACZ81_02350,-0.315458933512366,not_significant,day 89
ACZ81_18025,0.315423329671223,not_significant,day 31
ACZ81_03845,-0.315422693888346,not_significant,day 89
ACZ81_07320,0.315385818481446,not_significant,days 60+89
ACZ81_14755,0.315226236979166,not_significant,day 31
ACZ81_06700,-0.314897537231447,not_significant,day 31
ACZ81_09410,0.314730326334635,not_significant,days 60+89
ACZ81_10180,0.314610799153644,not_significant,day 18
ACZ81_00560,-0.3145383199056,not_significant,day 31
ACZ81_11700,0.314430236816407,not_significant,day 18
ACZ81_19585,0.314428329467771,not_significant,days 60+89
ACZ81_04175,0.314371744791666,not_significant,day 89
ACZ81_10305,0.31428082784017,not_significant,day 60
ACZ81_00980,-0.314197540283208,not_significant,day 18
ACZ81_00700,0.313821156819663,not_significant,day 31
ACZ81_19785,-0.31380844116211,not_significant,day 60
ACZ81_05245,0.313667297363284,not_significant,day 60
ACZ81_13375,-0.31351534525553,not_significant,day 31
ACZ81_09255,0.313446680704755,not_significant,day 18
ACZ81_09320,-0.313299814860028,not_significant,day 89
ACZ81_04105,0.313052495320636,not_significant,day 31
ACZ81_19755,0.313044230143227,not_significant,day 89
ACZ81_01200,0.312873204549156,not_significant,day 89
ACZ81_06385,0.312485376993818,not_significant,day 31
ACZ81_12920,0.312457720438639,not_significant,days 60+89
ACZ81_17540,-0.312444686889648,not_significant,day 18
ACZ81_14510,0.312434832255044,not_significant,days 60+89
ACZ81_03820,0.312320709228514,not_significant,days 60+89
ACZ81_05710,0.312271753946936,not_significant,day 18
ACZ81_01880,0.312091827392578,not_significant,days 60+89
ACZ81_06090,-0.312084833780924,not_significant,day 60
ACZ81_17045,-0.312062581380208,not_significant,day 31
ACZ81_16400,0.312031428019206,not_significant,day 31
ACZ81_13970,-0.312020619710287,not_significant,day 31
ACZ81_06160,0.311584154764814,not_significant,days 60+89
ACZ81_02110,0.311443964640297,not_significant,day 60
ACZ81_15200,-0.311389287312825,not_significant,day 31
ACZ81_00340,-0.311231613159181,not_significant,day 89
ACZ81_13455,0.311133066813154,not_significant,day 18
ACZ81_00150,0.311099370320638,not_significant,day 60
ACZ81_09410,-0.31077003479004,not_significant,day 18
ACZ81_03825,-0.310677846272787,not_significant,day 60
ACZ81_15615,-0.310621897379556,not_significant,day 18
ACZ81_12525,0.310520172119142,not_significant,day 89
ACZ81_04890,-0.31013997395833,not_significant,day 60
ACZ81_08220,-0.310072580973308,not_significant,day 89
ACZ81_18555,-0.309957504272464,not_significant,day 31
ACZ81_19695,-0.309878667195636,not_significant,day 89
ACZ81_13130,0.309822082519533,not_significant,day 31
ACZ81_03760,0.309806823730469,not_significant,days 60+89
ACZ81_07290,-0.309616724650066,not_significant,day 31
ACZ81_10740,0.309537251790367,not_significant,day 89
ACZ81_11505,0.309492905934654,not_significant,days 60+89
ACZ81_15645,-0.309425989786784,not_significant,day 18
ACZ81_13795,-0.309263865152993,not_significant,day 60
ACZ81_12435,0.309236526489256,not_significant,day 60
ACZ81_17060,-0.309208552042643,not_significant,day 18
ACZ81_14760,-0.308773040771484,not_significant,day 31
ACZ81_13715,-0.30871136983236,not_significant,day 89
ACZ81_01165,0.308474858601889,not_significant,day 31
ACZ81_10900,-0.308443705240887,not_significant,day 60
ACZ81_07050,-0.308435440063473,not_significant,day 60
ACZ81_09725,0.308430035909018,not_significant,days 60+89
ACZ81_00720,0.308247884114587,not_significant,day 18
ACZ81_09640,-0.308069864908854,not_significant,day 18
ACZ81_08320,-0.30795987447103,not_significant,day 89
ACZ81_04995,-0.307839711507161,not_significant,day 18
ACZ81_16270,0.307799339294434,not_significant,days 60+89
ACZ81_01880,0.307769775390625,not_significant,day 31
ACZ81_04670,0.307662963867187,not_significant,day 18
ACZ81_10250,0.307658831278478,not_significant,days 60+89
ACZ81_03210,-0.307548522949219,not_significant,day 60
ACZ81_13555,-0.307481129964194,not_significant,day 18
ACZ81_09940,0.307442982991537,not_significant,day 18
ACZ81_00990,0.307436625162761,not_significant,day 18
ACZ81_09330,-0.307385762532552,not_significant,day 89
ACZ81_05575,-0.30736541748047,not_significant,day 89
ACZ81_05440,-0.307303110758463,not_significant,day 89
ACZ81_02930,-0.30729039510091,not_significant,day 18
ACZ81_10825,-0.306912104288737,not_significant,day 18
ACZ81_09960,-0.306788762410481,not_significant,days 60+89
ACZ81_10780,0.306765874226888,not_significant,day 31
ACZ81_08800,-0.306704839070638,not_significant,day 60
ACZ81_04185,0.306660970052083,not_significant,day 89
ACZ81_05260,-0.30645497639974,not_significant,day 18
ACZ81_10390,-0.306415875752769,not_significant,days 60+89
ACZ81_05500,-0.306395212809245,not_significant,day 18
ACZ81_19510,0.306185404459636,not_significant,day 18
ACZ81_15230,-0.306148529052733,not_significant,days 60+89
ACZ81_13010,0.30584971110026,not_significant,day 31
ACZ81_00915,0.30577405293783,not_significant,day 18
ACZ81_RS17115,-0.305435180664061,not_significant,day 60
ACZ81_08575,-0.305430730183913,not_significant,day 18
ACZ81_18885,0.305428822835287,not_significant,day 31
ACZ81_13015,-0.305419286092123,not_significant,day 60
ACZ81_01215,-0.305400848388672,not_significant,day 18
ACZ81_20350,0.305015563964844,not_significant,day 18
ACZ81_15855,0.304896036783855,not_significant,day 31
ACZ81_13165,-0.30485725402832,not_significant,day 31
ACZ81_18200,0.304724375406904,not_significant,day 31
ACZ81_19180,0.304702758789064,not_significant,day 18
ACZ81_15125,-0.304512023925781,not_significant,days 60+89
ACZ81_03470,0.304492314656576,not_significant,day 18
ACZ81_08265,0.304423014322917,not_significant,day 60
ACZ81_18360,-0.30433972676595,not_significant,day 18
ACZ81_12940,-0.304184913635257,not_significant,days 60+89
ACZ81_01730,0.304057439168295,not_significant,day 89
ACZ81_01065,-0.304000218709316,not_significant,day 89
ACZ81_15805,-0.303801854451496,not_significant,day 60
ACZ81_12730,-0.303773244222006,not_significant,days 60+89
ACZ81_06425,-0.303757985432941,not_significant,day 60
ACZ81_01585,0.303680419921877,not_significant,day 89
ACZ81_03325,-0.303667704264323,not_significant,day 18
ACZ81_01970,-0.303651809692383,not_significant,day 60
ACZ81_02415,0.303632736206054,not_significant,day 89
ACZ81_16470,0.303276062011722,not_significant,days 60+89
ACZ81_03880,0.303147633870442,not_significant,day 18
ACZ81_12785,-0.302799860636392,not_significant,day 18
ACZ81_18515,0.302550633748372,not_significant,day 89
ACZ81_00585,0.302462259928385,not_significant,day 18
ACZ81_20560,-0.302360852559407,not_significant,days 60+89
ACZ81_08055,0.302094141642253,not_significant,day 60
ACZ81_08210,0.302052179972331,not_significant,day 18
ACZ81_01450,-0.301950454711914,not_significant,day 60
ACZ81_03200,-0.301919301350909,not_significant,day 18
ACZ81_06915,-0.301661173502605,not_significant,day 18
ACZ81_12540,-0.301546732584635,not_significant,day 18
ACZ81_07425,-0.301542917887373,not_significant,day 18
ACZ81_17720,-0.301368713378906,not_significant,day 89
ACZ81_03140,0.301337560017907,not_significant,days 60+89
ACZ81_14065,-0.301236470540367,not_significant,day 31
ACZ81_13125,0.301043192545577,not_significant,day 89
ACZ81_13030,0.300917943318685,not_significant,day 31
ACZ81_00025,0.300799051920573,not_significant,days 60+89
ACZ81_07015,0.300763448079423,not_significant,day 31
ACZ81_02165,-0.300718943277995,not_significant,day 89
ACZ81_13610,0.300661722819011,not_significant,day 18
ACZ81_20445,-0.300512313842773,not_significant,day 89
ACZ81_09935,-0.300352732340495,not_significant,day 18
ACZ81_09735,0.300010681152343,not_significant,day 31
ACZ81_03715,0.299678166707361,not_significant,day 31
ACZ81_08025,-0.299535751342774,not_significant,days 60+89
ACZ81_01130,-0.299529393514,not_significant,day 31
ACZ81_02015,0.299342155456543,not_significant,days 60+89
ACZ81_13930,-0.29932689666748,not_significant,days 60+89
ACZ81_13915,-0.299113591512044,not_significant,day 89
ACZ81_13795,-0.29909833272298,not_significant,days 60+89
ACZ81_08080,-0.298874537150063,not_significant,day 18
ACZ81_03880,0.298786163330078,not_significant,day 60
ACZ81_07590,-0.298704147338867,not_significant,day 31
ACZ81_00225,0.298645655314131,not_significant,days 60+89
ACZ81_00595,-0.298643747965501,not_significant,day 18
ACZ81_07050,-0.298533757527667,not_significant,day 31
ACZ81_15430,0.29848543802897,not_significant,day 89
ACZ81_10740,0.298469225565595,not_significant,days 60+89
ACZ81_16240,-0.298156102498373,not_significant,day 18
ACZ81_19445,-0.297963460286458,not_significant,days 60+89
ACZ81_02190,-0.297874450683592,not_significant,days 60+89
ACZ81_14845,-0.297854741414388,not_significant,day 18
ACZ81_10340,-0.297852198282878,not_significant,day 31
ACZ81_19515,-0.297813415527343,not_significant,day 31
ACZ81_12680,0.297750155131023,not_significant,days 60+89
ACZ81_12705,0.297700246175134,not_significant,day 18
ACZ81_08745,-0.297384897867836,not_significant,day 18
ACZ81_13615,-0.296998977661133,not_significant,days 60+89
ACZ81_05720,-0.296905517578127,not_significant,days 60+89
ACZ81_03675,-0.296854972839353,not_significant,days 60+89
ACZ81_06090,-0.296852111816406,not_significant,days 60+89
ACZ81_20375,-0.296682357788087,not_significant,day 31
ACZ81_13755,-0.29663626352946,not_significant,days 60+89
ACZ81_00085,-0.296623229980469,not_significant,day 89
ACZ81_15295,0.296603520711263,not_significant,day 89
ACZ81_01975,0.296574910481771,not_significant,day 60
ACZ81_02670,0.296446482340493,not_significant,day 60
ACZ81_01715,-0.296440760294598,not_significant,day 60
ACZ81_08770,0.296420415242514,not_significant,day 60
ACZ81_15960,-0.296064376831058,not_significant,day 31
ACZ81_01865,0.296044667561849,not_significant,day 60
ACZ81_02925,-0.295875549316413,not_significant,day 60
ACZ81_18000,-0.29583485921224,not_significant,day 18
ACZ81_03860,-0.295827865600587,not_significant,day 60
ACZ81_10145,0.295820236206053,not_significant,day 60
ACZ81_01870,0.295784632364909,not_significant,day 18
ACZ81_05665,-0.295591354370117,not_significant,day 18
ACZ81_00090,0.295469919840495,not_significant,day 89
ACZ81_16830,0.295408248901366,not_significant,day 18
ACZ81_11595,-0.295332590738932,not_significant,day 60
ACZ81_02360,-0.295223236083984,not_significant,day 18
ACZ81_10225,-0.295060475667315,not_significant,day 18
ACZ81_12950,-0.295000712076822,not_significant,day 31
ACZ81_02690,-0.294886271158853,not_significant,day 89
ACZ81_06240,-0.294865290323893,not_significant,days 60+89
ACZ81_18210,-0.294862747192383,not_significant,day 89
ACZ81_10690,0.294825236002604,not_significant,day 18
ACZ81_14905,0.29469362894694,not_significant,day 89
ACZ81_17075,-0.294649124145509,not_significant,days 60+89
ACZ81_09955,-0.294533411661784,not_significant,day 18
ACZ81_03775,0.294471104939777,not_significant,day 18
ACZ81_17015,0.29443105061849,not_significant,days 60+89
ACZ81_00765,-0.294429143269857,not_significant,day 31
ACZ81_00235,0.29439163208008,not_significant,day 18
ACZ81_09225,0.294245402018227,not_significant,day 18
ACZ81_05095,-0.29423459370931,not_significant,day 60
ACZ81_18020,-0.294126510620114,not_significant,day 18
ACZ81_19210,0.294024149576824,not_significant,day 60
ACZ81_11170,-0.293984731038413,not_significant,day 18
ACZ81_06895,0.293963750203449,not_significant,day 31
ACZ81_15370,0.293663024902342,not_significant,day 89
ACZ81_01195,0.293631871541339,not_significant,days 60+89
ACZ81_03405,-0.29354604085286,not_significant,day 18
ACZ81_06845,0.293400446573895,not_significant,day 18
ACZ81_12910,-0.293347040812173,not_significant,day 60
ACZ81_18200,0.293321609497074,not_significant,days 60+89
ACZ81_15905,-0.292666753133139,not_significant,day 89
ACZ81_19075,-0.292634963989258,not_significant,day 18
ACZ81_12325,-0.29263178507487,not_significant,day 18
ACZ81_07330,-0.292542139689123,not_significant,day 18
ACZ81_03320,0.29252084096273,not_significant,days 60+89
ACZ81_12605,-0.29247792561849,not_significant,day 18
ACZ81_00840,-0.292282104492188,not_significant,days 60+89
ACZ81_12105,0.292194366455078,not_significant,day 18
ACZ81_13515,0.292119344075521,not_significant,day 18
ACZ81_20620,-0.291727701822916,not_significant,day 89
ACZ81_08265,0.291535695393881,not_significant,day 18
ACZ81_06020,0.29153569539388,not_significant,day 60
ACZ81_04010,-0.291517893473307,not_significant,day 60
ACZ81_16720,0.291502952575685,not_significant,days 60+89
ACZ81_11705,0.291312853495279,not_significant,days 60+89
ACZ81_03285,-0.291295369466148,not_significant,days 60+89
ACZ81_15325,-0.291259765625,not_significant,day 18
ACZ81_14545,0.291250864664716,not_significant,day 89
ACZ81_00010,-0.291215896606444,not_significant,day 18
ACZ81_06905,-0.291215896606444,not_significant,day 60
ACZ81_01190,0.291164398193361,not_significant,day 18
ACZ81_18445,0.2911262512207,not_significant,days 60+89
ACZ81_01830,-0.291035970052083,not_significant,days 60+89
ACZ81_11185,-0.291021982828774,not_significant,day 60
ACZ81_11440,-0.290841102600096,not_significant,days 60+89
ACZ81_06055,0.290704727172853,not_significant,day 60
ACZ81_03245,-0.29069455464681,not_significant,day 31
ACZ81_02320,-0.290438334147135,not_significant,day 60
ACZ81_07895,0.290276209513346,not_significant,day 31
ACZ81_00255,0.290217717488604,not_significant,day 18
ACZ81_18075,0.290101051330567,not_significant,days 60+89
ACZ81_11625,-0.290085474650066,not_significant,day 18
ACZ81_08280,0.289944648742677,not_significant,days 60+89
ACZ81_03195,0.2899382909139,not_significant,days 60+89
ACZ81_10810,-0.289903004964193,not_significant,day 89
ACZ81_02145,0.289599736531576,not_significant,day 60
ACZ81_11330,-0.289534250895184,not_significant,day 60
ACZ81_06215,-0.289511998494469,not_significant,day 89
ACZ81_09800,-0.289507548014323,not_significant,day 18
ACZ81_04555,-0.289477666219076,not_significant,days 60+89
ACZ81_09240,-0.28947575887044,not_significant,day 60
ACZ81_14550,-0.289383570353191,not_significant,day 18
ACZ81_09700,0.289192835489907,not_significant,days 60+89
ACZ81_09860,0.28917344411214,not_significant,days 60+89
ACZ81_06430,-0.289112091064449,not_significant,day 89
ACZ81_04995,-0.288988749186198,not_significant,day 60
ACZ81_02350,-0.28898239135742,not_significant,day 31
ACZ81_13795,-0.288932800292967,not_significant,day 89
ACZ81_01730,-0.28892199198405,not_significant,day 31
ACZ81_00805,0.288906733194987,not_significant,day 60
ACZ81_03775,0.288809140523273,not_significant,days 60+89
ACZ81_02990,0.288760503133139,not_significant,day 89
ACZ81_08435,0.28868039449056,not_significant,day 31
ACZ81_08805,0.288663864135742,not_significant,day 60
ACZ81_06585,0.288650512695309,not_significant,day 89
ACZ81_08375,-0.288550694783526,not_significant,day 18
ACZ81_13590,0.288467407226563,not_significant,day 60
ACZ81_18080,-0.288365046183269,not_significant,day 60
ACZ81_13085,0.288174947102864,not_significant,day 60
ACZ81_09880,-0.288142522176107,not_significant,day 89
ACZ81_14675,0.288112640380859,not_significant,day 31
ACZ81_12115,-0.288103103637694,not_significant,days 60+89
ACZ81_07285,-0.288080851236979,not_significant,day 31
ACZ81_04450,-0.287994384765623,not_significant,day 18
ACZ81_03940,-0.287899017333983,not_significant,day 18
ACZ81_17065,-0.287864685058597,not_significant,days 60+89
ACZ81_15370,0.28775405883789,not_significant,days 60+89
ACZ81_10740,0.287401199340824,not_significant,day 60
ACZ81_19865,-0.287217458089197,not_significant,day 18
ACZ81_19080,0.287169138590496,not_significant,day 60
ACZ81_11635,0.287115097045897,not_significant,day 60
ACZ81_10860,0.287015279134117,not_significant,day 18
ACZ81_12955,-0.286978403727213,not_significant,day 60
ACZ81_17500,0.286911010742191,not_significant,day 89
ACZ81_02435,0.286880175272623,not_significant,days 60+89
ACZ81_03500,-0.286875406901041,not_significant,day 31
ACZ81_01865,0.286581039428711,not_significant,day 31
ACZ81_17740,0.286561330159505,not_significant,day 89
ACZ81_05860,-0.286526362101236,not_significant,day 89
ACZ81_03140,0.286161422729495,not_significant,day 89
ACZ81_05340,-0.285909652709958,not_significant,day 60
ACZ81_03360,-0.28587023417155,not_significant,day 31
ACZ81_00710,-0.285763422648116,not_significant,day 31
ACZ81_07665,-0.285746892293298,not_significant,day 18
ACZ81_13475,-0.285735448201496,not_significant,day 18
ACZ81_05460,0.285696029663086,not_significant,day 18
ACZ81_12580,0.285694122314453,not_significant,day 18
ACZ81_03790,0.285632451375327,not_significant,day 89
ACZ81_04895,-0.285517374674479,not_significant,day 18
ACZ81_01130,-0.285413742065429,not_significant,day 89
ACZ81_06340,0.285153706868488,not_significant,day 31
ACZ81_19295,-0.285107294718424,not_significant,days 60+89
ACZ81_09090,0.285065333048499,not_significant,days 60+89
ACZ81_06290,0.285046259562175,not_significant,days 60+89
ACZ81_09360,0.284980773925782,not_significant,day 31
ACZ81_14150,-0.284669876098631,not_significant,day 18
ACZ81_02905,-0.284664471944176,not_significant,days 60+89
ACZ81_04735,-0.284431457519528,not_significant,day 18
ACZ81_03255,0.284311930338541,not_significant,day 60
ACZ81_17375,-0.284252166748049,not_significant,day 31
ACZ81_11815,0.284057617187501,not_significant,day 31
ACZ81_14430,0.284003575642901,not_significant,day 31
ACZ81_13105,-0.284002304077149,not_significant,day 31
ACZ81_02850,0.283892313639323,not_significant,day 60
ACZ81_10985,-0.283681233723956,not_significant,day 18
ACZ81_17450,-0.283665339152021,not_significant,day 18
ACZ81_11710,0.283586502075193,not_significant,day 60
ACZ81_14640,-0.28328418731689,not_significant,days 60+89
ACZ81_02545,0.283236185709634,not_significant,day 89
ACZ81_01475,0.283227284749347,not_significant,day 31
ACZ81_13065,-0.283148447672526,not_significant,day 89
ACZ81_16520,0.282676378885905,not_significant,days 60+89
ACZ81_19350,0.282641728719078,not_significant,day 31
ACZ81_08270,0.28260612487793,not_significant,day 60
ACZ81_11575,-0.282560348510742,not_significant,day 60
ACZ81_03295,-0.282264073689779,not_significant,days 60+89
ACZ81_06120,-0.28211784362793,not_significant,day 60
ACZ81_12730,-0.281997044881185,not_significant,day 31
ACZ81_01085,0.281927108764647,not_significant,day 60
ACZ81_15370,0.281845092773436,not_significant,day 60
ACZ81_18605,-0.281825383504233,not_significant,day 18
ACZ81_11995,-0.281789779663082,not_significant,day 18
ACZ81_03430,0.281758626302083,not_significant,day 18
ACZ81_10260,-0.281716028849281,not_significant,day 18
ACZ81_06090,-0.281619389851888,not_significant,day 89
ACZ81_18025,-0.281592686971031,not_significant,day 18
ACZ81_05700,-0.281583468119304,not_significant,days 60+89
ACZ81_14875,0.281491279602051,not_significant,days 60+89
ACZ81_16965,-0.281391779581708,not_significant,day 89
ACZ81_17500,-0.28129132588704,not_significant,day 18
ACZ81_06605,0.281277338663737,not_significant,days 60+89
ACZ81_17430,-0.281263987223307,not_significant,day 89
ACZ81_01870,0.281235376993815,not_significant,day 60
ACZ81_07595,-0.281177520751956,not_significant,day 18
ACZ81_13695,-0.281160990397134,not_significant,day 89
ACZ81_15705,-0.281095981597903,not_significant,days 60+89
ACZ81_01690,-0.281086603800456,not_significant,day 89
ACZ81_02800,-0.280965805053709,not_significant,day 31
ACZ81_11860,0.28091557820638,not_significant,day 89
ACZ81_09225,0.280809402465817,not_significant,day 60
ACZ81_00940,-0.280735969543459,not_significant,days 60+89
ACZ81_01165,0.280683517456055,not_significant,day 89
ACZ81_05875,0.280632019042971,not_significant,day 89
ACZ81_00735,0.280545552571618,not_significant,day 31
ACZ81_17345,0.280516306559245,not_significant,day 60
ACZ81_08755,0.280330657958986,not_significant,day 60
ACZ81_01785,-0.280324935913084,not_significant,day 18
ACZ81_02250,-0.280235290527347,not_significant,day 18
ACZ81_11445,-0.280108133951824,not_significant,day 60
ACZ81_16845,-0.279983520507809,not_significant,day 60
ACZ81_09385,-0.279876391092936,not_significant,days 60+89
ACZ81_17255,-0.279863357543944,not_significant,days 60+89
ACZ81_12590,-0.279672304789225,not_significant,days 60+89
ACZ81_06585,0.279502868652341,not_significant,days 60+89
ACZ81_10340,-0.279404958089193,not_significant,day 89
ACZ81_01970,-0.279354413350423,not_significant,days 60+89
ACZ81_14945,0.27922248840332,not_significant,day 89
ACZ81_08370,0.279129664103191,not_significant,day 31
ACZ81_01920,0.279083251953125,not_significant,days 60+89
ACZ81_14200,0.27901140848796,not_significant,day 18
ACZ81_03280,-0.278774897257488,not_significant,days 60+89
ACZ81_16650,-0.278685251871744,not_significant,day 60
ACZ81_19850,-0.278467178344727,not_significant,day 18
ACZ81_05660,0.278432210286459,not_significant,day 60
ACZ81_06015,0.278415044148763,not_significant,day 89
ACZ81_17010,0.278301239013672,not_significant,day 89
ACZ81_12955,-0.278250058492024,not_significant,days 60+89
ACZ81_08415,-0.277989705403646,not_significant,day 31
ACZ81_14750,0.277942021687826,not_significant,day 89
ACZ81_16860,0.277781168619792,not_significant,day 89
ACZ81_03285,-0.277759552001955,not_significant,day 31
ACZ81_16430,0.277751286824544,not_significant,day 31
ACZ81_00905,0.277679443359373,not_significant,day 31
ACZ81_14760,0.277652740478517,not_significant,days 60+89
ACZ81_11405,0.277526219685874,not_significant,day 18
ACZ81_06440,0.277318954467773,not_significant,day 60
ACZ81_04515,0.277313232421877,not_significant,day 31
ACZ81_14170,-0.277250289916994,not_significant,day 18
ACZ81_12880,-0.277249654134116,not_significant,day 18
ACZ81_18105,0.277152379353845,not_significant,days 60+89
ACZ81_05115,0.277060826619463,not_significant,day 89
ACZ81_10635,-0.27700932820638,not_significant,day 18
ACZ81_15230,-0.276935577392579,not_significant,day 60
ACZ81_11000,0.276823043823241,not_significant,day 60
ACZ81_07790,-0.276590983072919,not_significant,day 60
ACZ81_16465,0.276575724283856,not_significant,day 60
ACZ81_08225,-0.276556015014648,not_significant,day 31
ACZ81_09430,0.276526769002283,not_significant,day 60
ACZ81_RS07605,-0.27652136484782,not_significant,days 60+89
ACZ81_04585,-0.276521046956383,not_significant,day 31
ACZ81_10210,-0.276507059733072,not_significant,day 89
ACZ81_03915,-0.276439030965169,not_significant,day 18
ACZ81_09765,0.276327768961587,not_significant,day 18
ACZ81_08510,0.276047388712565,not_significant,day 18
ACZ81_13045,0.275753021240236,not_significant,day 31
ACZ81_02265,0.275614420572917,not_significant,day 31
ACZ81_13375,-0.275323232014975,not_significant,days 60+89
ACZ81_01215,-0.275320053100586,not_significant,day 31
ACZ81_07400,0.275222778320316,not_significant,day 18
ACZ81_10140,0.275150299072263,not_significant,day 60
ACZ81_11675,0.275083541870119,not_significant,day 18
ACZ81_18185,-0.275043487548829,not_significant,days 60+89
ACZ81_01475,-0.274822870890298,not_significant,day 60
ACZ81_17275,-0.274792353312176,not_significant,day 60
ACZ81_17780,0.274711608886717,not_significant,day 31
ACZ81_08350,-0.2745361328125,not_significant,day 18
ACZ81_18455,-0.274311065673823,not_significant,day 89
ACZ81_00805,0.274251302083333,not_significant,day 31
ACZ81_07775,0.274225552876792,not_significant,days 60+89
ACZ81_06435,0.274016698201498,not_significant,day 31
ACZ81_00580,0.273780186971029,not_significant,day 60
ACZ81_00215,0.273747762044273,not_significant,day 89
ACZ81_00775,0.273743947347005,not_significant,day 60
ACZ81_04945,-0.273618698120113,not_significant,day 89
ACZ81_03745,0.273592631022136,not_significant,day 18
ACZ81_13915,-0.273571332295736,not_significant,days 60+89
ACZ81_17605,-0.273056030273436,not_significant,days 60+89
ACZ81_10145,0.273019154866537,not_significant,days 60+89
ACZ81_10825,-0.272773106892911,not_significant,day 89
ACZ81_01880,0.272669474283854,not_significant,day 60
ACZ81_17855,-0.272578557332358,not_significant,day 18
ACZ81_06025,-0.27257219950358,not_significant,day 18
ACZ81_18400,0.272357940673828,not_significant,day 89
ACZ81_04995,-0.272277196248372,not_significant,day 31
ACZ81_01065,0.272128423055011,not_significant,day 18
ACZ81_12915,0.272060394287108,not_significant,days 60+89
ACZ81_13610,0.272054036458333,not_significant,day 60
ACZ81_15855,0.271927515665692,not_significant,day 18
ACZ81_14015,-0.271921157836913,not_significant,day 31
ACZ81_11445,-0.27190081278483,not_significant,day 18
ACZ81_13590,0.27185853322347,not_significant,days 60+89
ACZ81_05550,-0.27181625366211,not_significant,days 60+89
ACZ81_04160,-0.271771748860677,not_significant,day 89
ACZ81_04160,-0.271694819132487,not_significant,day 31
ACZ81_00715,0.271675109863284,not_significant,day 18
ACZ81_19630,0.271647771199543,not_significant,day 31
ACZ81_07135,-0.27158800760905,not_significant,day 18
ACZ81_08315,-0.271474838256833,not_significant,day 31
ACZ81_08375,0.271293640136721,not_significant,day 60
ACZ81_17015,0.271254857381185,not_significant,day 60
ACZ81_04745,0.27119286855062,not_significant,days 60+89
ACZ81_11400,-0.271110216776527,not_significant,days 60+89
ACZ81_15540,-0.271087328592938,not_significant,days 60+89
ACZ81_14945,-0.27107810974121,not_significant,day 31
ACZ81_03370,-0.271029790242512,not_significant,day 60
ACZ81_20460,-0.270578384399414,not_significant,days 60+89
ACZ81_01975,0.270495096842448,not_significant,days 60+89
ACZ81_06585,0.270355224609373,not_significant,day 60
ACZ81_00760,0.270316441853846,not_significant,day 60
ACZ81_11695,-0.270294825236003,not_significant,day 31
ACZ81_05705,-0.270226796468103,not_significant,day 18
ACZ81_06845,0.270122528076173,not_significant,day 31
ACZ81_16750,-0.269980748494466,not_significant,days 60+89
ACZ81_14015,-0.269912401835125,not_significant,days 60+89
ACZ81_13320,-0.269845644632975,not_significant,days 60+89
ACZ81_03420,0.269800821940104,not_significant,day 18
ACZ81_18200,0.269639333089197,not_significant,day 89
ACZ81_12955,-0.269521713256834,not_significant,day 89
ACZ81_09265,0.269426345825195,not_significant,day 18
ACZ81_02285,0.269418080647785,not_significant,day 31
ACZ81_12910,-0.269381205240886,not_significant,day 18
ACZ81_07050,-0.269238154093424,not_significant,day 18
ACZ81_06940,-0.269009908040362,not_significant,day 31
ACZ81_02405,-0.268911361694332,not_significant,day 18
ACZ81_13040,0.268710454305013,not_significant,day 31
ACZ81_13665,-0.268421173095703,not_significant,day 89
ACZ81_15610,-0.26835441589355,not_significant,day 89
ACZ81_06560,-0.268270492553711,not_significant,day 31
ACZ81_09685,-0.268112818400065,not_significant,day 31
ACZ81_15295,-0.268072128295899,not_significant,day 60
ACZ81_16105,0.26781463623047,not_significant,day 18
ACZ81_08265,0.267801920572917,not_significant,day 31
ACZ81_20140,0.267651875813804,not_significant,day 31
ACZ81_05515,-0.267484664916993,not_significant,day 89
ACZ81_07900,0.267386754353842,not_significant,day 31
ACZ81_00905,-0.267250061035157,not_significant,day 89
ACZ81_15390,0.267185846964516,not_significant,day 60
ACZ81_17835,0.267119089762366,not_significant,day 31
ACZ81_05660,0.267063140869141,not_significant,days 60+89
ACZ81_09265,0.267013549804688,not_significant,day 60
ACZ81_11665,0.26690928141276,not_significant,days 60+89
ACZ81_11030,0.266845703124997,not_significant,day 89
ACZ81_12110,-0.26676813761393,not_significant,days 60+89
ACZ81_19405,0.266746520996094,not_significant,day 60
ACZ81_19800,-0.266551335652673,not_significant,day 31
ACZ81_06120,-0.266514778137208,not_significant,days 60+89
ACZ81_13025,-0.26649983723958,not_significant,day 31
ACZ81_03960,0.266398111979167,not_significant,day 89
ACZ81_04240,0.266198476155593,not_significant,day 89
ACZ81_04770,0.266114552815757,not_significant,day 60
ACZ81_17305,-0.266036987304688,not_significant,day 60
ACZ81_07815,-0.26600710550944,not_significant,day 60
ACZ81_00700,-0.266003926595052,not_significant,day 18
ACZ81_04590,-0.265958150227865,not_significant,day 31
ACZ81_09285,-0.265867233276363,not_significant,day 18
ACZ81_05125,0.265808741251629,not_significant,day 18
ACZ81_09570,-0.265756607055663,not_significant,day 18
ACZ81_06215,0.265734990437823,not_significant,days 60+89
ACZ81_19350,0.265727361043298,not_significant,day 60
ACZ81_07750,0.265690485636393,not_significant,day 89
ACZ81_19820,-0.265457789103186,not_significant,day 18
ACZ81_08415,-0.265410741170248,not_significant,day 60
ACZ81_01830,-0.265338897705079,not_significant,day 60
ACZ81_11245,-0.265278498331703,not_significant,day 60
ACZ81_00400,-0.265106201171873,not_significant,day 18
ACZ81_06705,-0.264819145202633,not_significant,days 60+89
ACZ81_13030,0.264624277750651,not_significant,day 60
ACZ81_19510,0.264296849568685,not_significant,day 31
ACZ81_01660,-0.264222462972005,not_significant,day 31
ACZ81_09340,-0.264211654663087,not_significant,day 18
ACZ81_08365,-0.264139811197917,not_significant,day 18
ACZ81_11735,-0.264118512471523,not_significant,days 60+89
ACZ81_05445,0.263674418131509,not_significant,day 60
ACZ81_12140,0.263428370157882,not_significant,day 31
ACZ81_06170,0.26331647237142,not_significant,day 18
ACZ81_06985,0.263240814208983,not_significant,day 89
ACZ81_04675,-0.2632261912028,not_significant,day 31
ACZ81_11705,0.263144810994466,not_significant,day 31
ACZ81_14395,-0.263132095336914,not_significant,days 60+89
ACZ81_10490,-0.26292610168457,not_significant,day 60
ACZ81_04645,0.262907028198241,not_significant,day 18
ACZ81_12955,0.262900670369467,not_significant,day 18
ACZ81_18580,0.262873967488608,not_significant,day 60
ACZ81_05565,0.262843449910479,not_significant,day 31
ACZ81_00650,0.26271184285482,not_significant,day 18
ACZ81_15215,-0.262681325276693,not_significant,day 89
ACZ81_07045,0.262582143147784,not_significant,day 89
ACZ81_01605,0.262516657511394,not_significant,day 31
ACZ81_01730,-0.26240348815918,not_significant,day 60
ACZ81_04010,-0.262225151062012,not_significant,days 60+89
ACZ81_03235,0.262167612711588,not_significant,days 60+89
ACZ81_16795,0.261919657389325,not_significant,day 31
ACZ81_04895,-0.261809984842936,not_significant,days 60+89
ACZ81_03185,0.261644363403324,not_significant,day 60
ACZ81_09880,-0.261622746785482,not_significant,day 31
ACZ81_05130,-0.261154810587565,not_significant,days 60+89
ACZ81_04890,-0.261151631673174,not_significant,days 60+89
ACZ81_17010,0.261147816975912,not_significant,days 60+89
ACZ81_02850,0.260964075724286,not_significant,day 31
ACZ81_16265,0.260898907979332,not_significant,days 60+89
ACZ81_17080,0.260854085286461,not_significant,day 89
ACZ81_19565,0.2608159383138,not_significant,day 60
ACZ81_14965,0.260740915934248,not_significant,day 31
ACZ81_17750,-0.260707219441732,not_significant,days 60+89
ACZ81_18160,0.26059977213541,not_significant,day 60
ACZ81_14695,-0.260593414306645,not_significant,day 18
ACZ81_02200,0.260253270467122,not_significant,days 60+89
ACZ81_12770,-0.260192235310876,not_significant,day 89
ACZ81_01195,0.260049819946287,not_significant,day 89
ACZ81_00760,-0.260024388631186,not_significant,day 18
ACZ81_19795,-0.259946187337239,not_significant,day 60
ACZ81_15620,0.259943326314296,not_significant,days 60+89
ACZ81_07015,0.259856541951492,not_significant,days 60+89
ACZ81_10040,0.259828885396321,not_significant,days 60+89
ACZ81_16035,0.25972620646159,not_significant,day 89
ACZ81_14895,-0.259667714436849,not_significant,day 60
ACZ81_02320,-0.259639739990234,not_significant,day 18
ACZ81_00510,-0.25957425435384,not_significant,day 31
ACZ81_01385,0.259517033894855,not_significant,day 18
ACZ81_12160,-0.259506225585937,not_significant,days 60+89
ACZ81_01990,0.259398142496746,not_significant,day 18
ACZ81_08510,0.259392738342285,not_significant,days 60+89
ACZ81_06475,0.259316762288413,not_significant,day 18
ACZ81_16405,-0.259308497111002,not_significant,day 89
ACZ81_10210,-0.259293556213378,not_significant,days 60+89
ACZ81_13965,-0.259217580159505,not_significant,day 60
ACZ81_12720,-0.259197235107426,not_significant,day 18
ACZ81_16725,0.259150187174478,not_significant,day 89
ACZ81_08095,0.25905672709147,not_significant,day 18
ACZ81_01220,0.258898417154948,not_significant,days 60+89
ACZ81_09935,-0.258854548136393,not_significant,days 60+89
ACZ81_19370,0.258655548095704,not_significant,day 89
ACZ81_18945,0.258562723795576,not_significant,day 18
ACZ81_05285,-0.258512496948243,not_significant,day 60
ACZ81_02920,-0.258502324422201,not_significant,day 31
ACZ81_15625,-0.25849723815918,not_significant,day 60
ACZ81_10155,-0.258292516072591,not_significant,day 60
ACZ81_01175,0.258267720540364,not_significant,day 60
ACZ81_12990,-0.258264541625975,not_significant,day 60
ACZ81_11130,-0.258110682169597,not_significant,day 18
ACZ81_18325,0.258022944132487,not_significant,day 89
ACZ81_12910,-0.258019129435221,not_significant,days 60+89
ACZ81_12305,0.257699330647791,not_significant,day 18
ACZ81_19800,0.257645289103187,not_significant,day 60
ACZ81_04840,-0.257511774698894,not_significant,days 60+89
ACZ81_15965,0.257497787475585,not_significant,day 60
ACZ81_11695,-0.257367451985676,not_significant,day 18
ACZ81_09960,-0.257291158040364,not_significant,day 89
ACZ81_03805,0.257256825764972,not_significant,day 18
ACZ81_13945,-0.257230758666992,not_significant,day 18
ACZ81_13315,-0.257151921590167,not_significant,day 31
ACZ81_12695,-0.257129033406575,not_significant,day 60
ACZ81_13830,0.257104873657226,not_significant,day 60
ACZ81_11975,-0.256928126017251,not_significant,day 31
ACZ81_14310,-0.256927490234376,not_significant,day 89
ACZ81_08110,0.256853739420573,not_significant,day 18
ACZ81_15230,-0.256346384684246,not_significant,day 31
ACZ81_01690,-0.256342252095541,not_significant,days 60+89
ACZ81_10000,-0.255967458089193,not_significant,day 31
ACZ81_14150,-0.255828857421876,not_significant,day 89
ACZ81_01965,0.255820592244469,not_significant,day 31
ACZ81_03150,0.255798975626628,not_significant,day 18
ACZ81_01385,0.255727767944335,not_significant,day 60
ACZ81_13245,-0.255703608194987,not_significant,day 60
ACZ81_05660,0.255694071451824,not_significant,day 89
ACZ81_16960,-0.255606333414713,not_significant,day 89
ACZ81_10750,-0.255596160888672,not_significant,day 60
ACZ81_01670,0.255588531494142,not_significant,days 60+89
ACZ81_18275,-0.255423863728842,not_significant,day 18
ACZ81_14430,0.255343119303384,not_significant,day 18
ACZ81_15555,-0.255266189575196,not_significant,day 18
ACZ81_13590,0.255249659220378,not_significant,day 89
ACZ81_16925,-0.255229949951169,not_significant,day 18
ACZ81_07925,-0.255128860473631,not_significant,day 18
ACZ81_01970,-0.255057017008463,not_significant,day 89
ACZ81_02725,-0.255026499430339,not_significant,day 18
ACZ81_06160,0.254898071289066,not_significant,day 60
ACZ81_05265,-0.254597345987956,not_significant,day 60
ACZ81_00710,-0.254319508870443,not_significant,day 18
ACZ81_08760,0.254133860270176,not_significant,day 31
ACZ81_08280,0.25365956624349,not_significant,day 18
ACZ81_08370,-0.253638585408528,not_significant,day 18
ACZ81_18760,-0.253514607747395,not_significant,day 18
ACZ81_03735,-0.253507296244305,not_significant,days 60+89
ACZ81_02110,-0.253401438395183,not_significant,day 18
ACZ81_10810,-0.253379821777344,not_significant,day 18
ACZ81_15120,-0.253374735514326,not_significant,day 18
ACZ81_05150,-0.253275553385416,not_significant,days 60+89
ACZ81_15875,-0.253220240275061,not_significant,day 31
ACZ81_05875,-0.253204345703124,not_significant,day 31
ACZ81_14465,0.253083546956377,not_significant,day 60
ACZ81_15925,-0.252864837646484,not_significant,day 18
ACZ81_00730,0.252766291300456,not_significant,day 89
ACZ81_00250,0.252756118774415,not_significant,day 18
ACZ81_16745,-0.25273831685384,not_significant,day 31
ACZ81_19445,-0.252571105957029,not_significant,day 60
ACZ81_07080,-0.252423604329426,not_significant,day 31
ACZ81_05265,0.252375920613607,not_significant,day 89
ACZ81_01125,0.252319971720378,not_significant,day 60
ACZ81_11140,0.25226910909017,not_significant,day 31
ACZ81_17370,-0.252205530802413,not_significant,day 18
ACZ81_01425,-0.252110799153646,not_significant,day 60
ACZ81_08585,0.252061208089193,not_significant,day 18
ACZ81_19680,-0.251784642537431,not_significant,day 31
ACZ81_11585,-0.251409530639649,not_significant,day 60
ACZ81_08150,-0.251380920410157,not_significant,day 89
ACZ81_10725,0.25132433573405,not_significant,day 18
ACZ81_17685,-0.251127878824873,not_significant,days 60+89
ACZ81_06120,-0.250911712646486,not_significant,day 89
ACZ81_08770,-0.250867843627928,not_significant,day 18
ACZ81_08300,-0.2508233388265,not_significant,day 18
ACZ81_16765,0.250641504923504,not_significant,day 60
ACZ81_01725,0.250224431355791,not_significant,day 89
ACZ81_10145,0.25021807352702,not_significant,day 89
ACZ81_18515,-0.250069300333659,not_significant,day 18
ACZ81_10100,-0.250055313110353,not_significant,day 89
ACZ81_03265,-0.249801635742187,not_significant,day 18
ACZ81_18705,-0.24970881144206,not_significant,day 18
ACZ81_02905,0.249636332194007,not_significant,day 31
ACZ81_00290,-0.249433517456055,not_significant,day 18
ACZ81_01735,0.24937629699707,not_significant,day 89
ACZ81_11180,0.249111811319987,not_significant,day 18
ACZ81_09700,-0.249041875203454,not_significant,day 31
ACZ81_13965,-0.248938878377279,not_significant,days 60+89
ACZ81_15225,0.248610178629557,not_significant,day 18
ACZ81_04450,-0.24843088785807,not_significant,day 89
ACZ81_12455,0.248195012410481,not_significant,day 18
ACZ81_19760,0.248091379801431,not_significant,days 60+89
ACZ81_11170,0.248078664143884,not_significant,day 60
ACZ81_13915,-0.248029073079427,not_significant,day 60
ACZ81_06245,0.247925440470377,not_significant,day 18
ACZ81_04520,0.247880299886068,not_significant,day 31
ACZ81_04000,-0.24773661295573,not_significant,day 89
ACZ81_18125,0.247671763102216,not_significant,day 89
ACZ81_11560,-0.247361501057943,not_significant,day 60
ACZ81_11695,-0.2472349802653,not_significant,day 60
ACZ81_02295,0.247204462687177,not_significant,day 18
ACZ81_07365,-0.246953964233397,not_significant,day 18
ACZ81_05205,-0.246923446655272,not_significant,day 18
ACZ81_00890,-0.246913909912109,not_significant,day 89
ACZ81_14845,-0.246833165486653,not_significant,day 31
ACZ81_14500,0.24681568145752,not_significant,days 60+89
ACZ81_00100,0.246516545613607,not_significant,day 60
ACZ81_RS13815,-0.246372222900389,not_significant,day 18
ACZ81_20140,0.246251106262206,not_significant,days 60+89
ACZ81_04555,-0.246199289957682,not_significant,day 60
ACZ81_12950,-0.246133168538412,not_significant,day 60
ACZ81_03320,0.246006011962893,not_significant,day 89
ACZ81_05970,0.245893478393557,not_significant,day 31
ACZ81_03365,0.245769500732423,not_significant,day 31
ACZ81_06080,-0.245743433634438,not_significant,day 60
ACZ81_16690,0.245726903279623,not_significant,day 60
ACZ81_05340,0.245683034261068,not_significant,day 89
ACZ81_12810,-0.245681126912435,not_significant,day 18
ACZ81_11335,-0.245665232340494,not_significant,day 60
ACZ81_03255,-0.245619455973309,not_significant,day 31
ACZ81_19680,-0.245337168375647,not_significant,day 18
ACZ81_02185,0.24495569864909,not_significant,day 60
ACZ81_06925,-0.24494806925456,not_significant,day 60
ACZ81_12810,0.244897842407226,not_significant,day 89
ACZ81_19750,-0.24486986796061,not_significant,day 31
ACZ81_12455,-0.244861602783204,not_significant,day 89
ACZ81_02835,-0.244777043660483,not_significant,day 89
ACZ81_00530,-0.244599024454754,not_significant,day 18
ACZ81_01975,0.244415283203124,not_significant,day 89
ACZ81_06415,-0.24433962504069,not_significant,day 89
ACZ81_09325,0.244325002034505,not_significant,day 31
ACZ81_00595,0.24431800842285,not_significant,day 89
ACZ81_13920,0.244206110636392,not_significant,day 60
ACZ81_11515,-0.244094848632812,not_significant,day 18
ACZ81_17010,0.243994394938151,not_significant,day 60
ACZ81_03000,-0.243828137715658,not_significant,days 60+89
ACZ81_07465,-0.243826548258464,not_significant,day 89
ACZ81_19590,-0.243659973144531,not_significant,days 60+89
ACZ81_00590,0.243525822957356,not_significant,day 60
ACZ81_00870,-0.243472417195642,not_significant,day 60
ACZ81_10150,0.243439992268881,not_significant,day 31
ACZ81_13045,-0.243433634440103,not_significant,day 18
ACZ81_01675,-0.243431091308597,not_significant,day 89
ACZ81_06260,-0.243256251017253,not_significant,day 18
ACZ81_16270,-0.2429993947347,not_significant,day 60
ACZ81_02820,0.242823918660483,not_significant,day 18
ACZ81_03675,-0.2427495320638,not_significant,day 60
ACZ81_16890,-0.242737452189127,not_significant,day 31
ACZ81_18450,-0.24260902404785,not_significant,day 89
ACZ81_04675,-0.242475509643556,not_significant,day 89
ACZ81_11605,-0.242350896199547,not_significant,day 60
ACZ81_03470,-0.242335955301921,not_significant,days 60+89
ACZ81_03250,-0.242262522379557,not_significant,day 31
ACZ81_03815,0.242217381795249,not_significant,day 18
ACZ81_02005,-0.242176055908207,not_significant,day 18
ACZ81_03365,0.242109298706057,not_significant,day 18
ACZ81_19670,-0.242096583048506,not_significant,day 31
ACZ81_08365,-0.24208386739095,not_significant,days 60+89
ACZ81_10210,-0.242080052693684,not_significant,day 60
ACZ81_20445,-0.242002169291178,not_significant,days 60+89
ACZ81_08525,0.241933186848958,not_significant,day 89
ACZ81_03365,-0.241910934448242,not_significant,day 60
ACZ81_02000,-0.241821924845377,not_significant,day 89
ACZ81_17350,-0.241820653279623,not_significant,day 31
ACZ81_15200,-0.241661071777345,not_significant,day 18
ACZ81_06205,-0.241640090942382,not_significant,day 31
ACZ81_14510,0.241561889648437,not_significant,day 89
ACZ81_19005,-0.241411844889321,not_significant,day 60
ACZ81_13090,0.24135971069336,not_significant,day 31
ACZ81_17605,-0.241323471069331,not_significant,day 31
ACZ81_17410,0.241188685099286,not_significant,day 31
ACZ81_03750,0.240965525309245,not_significant,day 89
ACZ81_10815,-0.240952173868815,not_significant,day 89
ACZ81_18650,-0.240939458211265,not_significant,day 31
ACZ81_00845,0.240912119547524,not_significant,day 18
ACZ81_18000,-0.240842819213867,not_significant,day 60
ACZ81_07150,-0.240794499715171,not_significant,day 89
ACZ81_15120,-0.240634282430013,not_significant,day 60
ACZ81_10455,0.240591049194333,not_significant,day 60
ACZ81_09940,0.24057388305664,not_significant,day 31
ACZ81_12700,-0.240571975708007,not_significant,day 60
ACZ81_09875,0.240505218505862,not_significant,day 31
ACZ81_03775,0.240189234415688,not_significant,day 89
ACZ81_14640,-0.24001884460449,not_significant,day 89
ACZ81_03310,-0.239900271097822,not_significant,days 60+89
ACZ81_09735,0.239612579345703,not_significant,day 18
ACZ81_13860,-0.239594141642255,not_significant,day 60
ACZ81_11170,0.239534695943199,not_significant,days 60+89
ACZ81_15625,-0.239185333251954,not_significant,days 60+89
ACZ81_15895,0.239084243774413,not_significant,day 89
ACZ81_04745,0.238812764485679,not_significant,day 31
ACZ81_19670,-0.238812764485679,not_significant,days 60+89
ACZ81_13965,-0.238660176595052,not_significant,day 89
ACZ81_05745,-0.23857816060384,not_significant,day 18
ACZ81_04170,-0.238224665323893,not_significant,day 31
ACZ81_02115,-0.238178888956707,not_significant,day 18
ACZ81_17475,0.238096872965497,not_significant,day 18
ACZ81_06090,-0.238077799479166,not_significant,day 18
ACZ81_10485,0.238052209218345,not_significant,days 60+89
ACZ81_03685,0.238011678059896,not_significant,day 18
ACZ81_01225,-0.237806955973308,not_significant,day 18
ACZ81_15895,-0.237789154052737,not_significant,day 60
ACZ81_03680,-0.237436930338542,not_significant,day 18
ACZ81_08800,0.237396240234375,not_significant,day 18
ACZ81_01115,0.237368901570641,not_significant,day 31
ACZ81_13130,-0.23734855651855,not_significant,day 60
ACZ81_12670,0.23709996541341,not_significant,day 18
ACZ81_08905,0.237081527709964,not_significant,day 31
ACZ81_14935,-0.236974080403644,not_significant,day 31
ACZ81_19240,0.236897150675456,not_significant,days 60+89
ACZ81_16295,0.236854553222654,not_significant,day 18
ACZ81_12810,0.236842473347982,not_significant,day 31
ACZ81_09760,-0.236688613891602,not_significant,day 31
ACZ81_07985,-0.236635208129884,not_significant,day 18
ACZ81_17515,-0.236562093098957,not_significant,day 18
ACZ81_13760,-0.236388524373371,not_significant,day 18
ACZ81_02150,-0.23636436462402,not_significant,day 89
ACZ81_03315,-0.23610369364421,not_significant,day 60
ACZ81_14565,-0.236102422078451,not_significant,day 18
ACZ81_00090,-0.235857645670573,not_significant,day 18
ACZ81_18800,-0.235743204752604,not_significant,day 18
ACZ81_12770,-0.235577583312988,not_significant,days 60+89
ACZ81_17435,-0.23540083567301,not_significant,days 60+89
ACZ81_13410,0.235212326049802,not_significant,day 18
ACZ81_13810,-0.235207875569663,not_significant,day 31
ACZ81_14875,0.23518180847168,not_significant,day 31
ACZ81_19575,-0.235165278116864,not_significant,day 31
ACZ81_07805,-0.235101064046224,not_significant,day 31
ACZ81_05965,0.235065460205081,not_significant,day 18
ACZ81_03765,-0.234784444173177,not_significant,day 89
ACZ81_03935,0.234559694925944,not_significant,days 60+89
ACZ81_17820,-0.234359741210937,not_significant,day 31
ACZ81_14675,-0.234354654947917,not_significant,day 60
ACZ81_00805,0.234187126159668,not_significant,days 60+89
ACZ81_17375,-0.234112421671549,not_significant,day 89
ACZ81_04675,-0.233935991923017,not_significant,days 60+89
ACZ81_13115,0.233740488688151,not_significant,day 18
ACZ81_10305,0.233645439147949,not_significant,days 60+89
ACZ81_09875,-0.233433405558268,not_significant,day 60
ACZ81_07720,-0.23343086242676,not_significant,day 31
ACZ81_08425,-0.23341687520345,not_significant,day 31
ACZ81_06850,0.233410517374675,not_significant,day 89
ACZ81_13115,0.233329137166341,not_significant,day 89
ACZ81_04510,0.233324368794758,not_significant,days 60+89
ACZ81_06610,0.233252843221027,not_significant,day 18
ACZ81_06020,0.233205159505207,not_significant,day 18
ACZ81_12545,-0.233196894327802,not_significant,day 18
ACZ81_08535,0.233046213785805,not_significant,days 60+89
ACZ81_10005,-0.232992808024091,not_significant,day 18
ACZ81_09190,-0.23298263549805,not_significant,day 18
ACZ81_17780,-0.232943852742515,not_significant,days 60+89
ACZ81_04010,-0.232932408650716,not_significant,day 89
ACZ81_02380,-0.232696533203123,not_significant,day 60
ACZ81_14845,-0.232585271199544,not_significant,days 60+89
ACZ81_00150,0.232458750406901,not_significant,day 18
ACZ81_01915,0.232232411702473,not_significant,day 60
ACZ81_18445,0.23222414652506,not_significant,day 60
ACZ81_04255,-0.232041676839195,not_significant,day 18
ACZ81_15555,-0.232023239135743,not_significant,day 89
ACZ81_07045,0.231903076171872,not_significant,days 60+89
ACZ81_03695,-0.231899897257488,not_significant,day 31
ACZ81_12990,-0.231852849324543,not_significant,days 60+89
ACZ81_14320,0.231746037801106,not_significant,day 18
ACZ81_09615,-0.231627782185873,not_significant,day 31
ACZ81_01690,-0.231597900390626,not_significant,day 60
ACZ81_15550,0.231449127197266,not_significant,days 60+89
ACZ81_16440,0.23119417826335,not_significant,day 18
ACZ81_00050,-0.231174468994141,not_significant,day 18
ACZ81_14295,0.231173197428384,not_significant,day 18
ACZ81_02685,-0.231064478556313,not_significant,day 60
ACZ81_04240,-0.231019973754887,not_significant,day 31
ACZ81_11170,0.230990727742514,not_significant,day 89
ACZ81_02165,-0.23057270050049,not_significant,days 60+89
ACZ81_00065,0.230512936909993,not_significant,days 60+89
ACZ81_20445,-0.23022715250651,not_significant,day 31
ACZ81_15345,-0.230148315429686,not_significant,day 89
ACZ81_19680,-0.230122884114581,not_significant,days 60+89
ACZ81_06035,0.230065027872723,not_significant,day 18
ACZ81_13800,-0.230005900065105,not_significant,day 18
ACZ81_05120,-0.229954401652018,not_significant,day 18
ACZ81_11735,0.229913711547849,not_significant,day 18
ACZ81_17050,-0.229725519816083,not_significant,day 31
ACZ81_03250,-0.22965939839681,not_significant,day 89
ACZ81_19165,0.229476928710939,not_significant,day 60
ACZ81_00005,-0.229475657145182,not_significant,days 60+89
ACZ81_07750,-0.229239781697591,not_significant,day 60
ACZ81_05120,-0.22914981842041,not_significant,days 60+89
ACZ81_10235,-0.22914950052897,not_significant,day 18
ACZ81_14515,-0.228992462158204,not_significant,day 18
ACZ81_04450,0.228905995686854,not_significant,day 31
ACZ81_15290,0.228844960530596,not_significant,day 60
ACZ81_18385,-0.228790918986002,not_significant,day 31
ACZ81_01750,-0.22854169209798,not_significant,day 18
ACZ81_00545,-0.228373209635417,not_significant,days 60+89
ACZ81_07830,0.22837257385254,not_significant,day 18
ACZ81_17325,0.228183110555013,not_significant,day 89
ACZ81_00760,0.228110949198408,not_significant,days 60+89
ACZ81_05700,-0.22807884216309,not_significant,day 18
ACZ81_17190,-0.228071212768553,not_significant,day 31
ACZ81_17335,0.228031158447266,not_significant,day 89
ACZ81_00530,-0.227829615275067,not_significant,day 60
ACZ81_19165,-0.227664947509765,not_significant,day 18
ACZ81_12115,-0.227614084879556,not_significant,day 89
ACZ81_08975,-0.2275234858195,not_significant,days 60+89
ACZ81_00355,-0.227439244588215,not_significant,day 18
ACZ81_08760,-0.227400461832683,not_significant,day 18
ACZ81_08205,-0.227331797281902,not_significant,day 60
ACZ81_01595,0.227233886718747,not_significant,day 60
ACZ81_02835,-0.22714106241862,not_significant,days 60+89
ACZ81_03725,-0.227081934611003,not_significant,day 89
ACZ81_06425,-0.226970036824544,not_significant,day 18
ACZ81_05125,-0.226781845092775,not_significant,day 89
ACZ81_10410,-0.226781209309892,not_significant,day 18
ACZ81_02765,-0.226778030395506,not_significant,day 31
ACZ81_06605,0.226612091064453,not_significant,day 89
ACZ81_06040,0.226552327473959,not_significant,day 60
ACZ81_18290,-0.226549784342447,not_significant,day 18
ACZ81_19750,-0.22640101114909,not_significant,day 89
ACZ81_05925,-0.226347605387371,not_significant,day 31
ACZ81_07130,-0.226065317789717,not_significant,day 18
ACZ81_18030,-0.225837071736648,not_significant,day 60
ACZ81_04925,-0.225659688313802,not_significant,day 18
ACZ81_05560,0.225621541341142,not_significant,day 18
ACZ81_16595,0.22558911641439,not_significant,day 89
ACZ81_00340,-0.225563685099284,not_significant,days 60+89
ACZ81_02905,0.225547790527341,not_significant,day 60
ACZ81_03740,-0.225463231404623,not_significant,day 31
ACZ81_04675,-0.225396474202477,not_significant,day 60
ACZ81_15610,-0.22518539428711,not_significant,day 31
ACZ81_19590,-0.225015640258789,not_significant,day 31
ACZ81_10695,0.22495969136556,not_significant,days 60+89
ACZ81_10155,-0.224954922993978,not_significant,days 60+89
ACZ81_16375,0.224828720092773,not_significant,day 18
ACZ81_09250,0.224754333496097,not_significant,day 89
ACZ81_14215,-0.224660237630205,not_significant,day 18
ACZ81_05725,0.224571863810224,not_significant,day 60
ACZ81_16050,-0.224494298299152,not_significant,day 18
ACZ81_02075,0.224448839823407,not_significant,days 60+89
ACZ81_11160,-0.224329630533854,not_significant,day 18
ACZ81_17350,-0.224257469177246,not_significant,days 60+89
ACZ81_01135,-0.224173227945963,not_significant,day 18
ACZ81_13855,0.223981221516927,not_significant,day 18
ACZ81_01700,0.223962148030599,not_significant,day 31
ACZ81_05980,-0.223894119262694,not_significant,day 60
ACZ81_14245,0.223808924357096,not_significant,days 60+89
ACZ81_10665,-0.223779678344727,not_significant,day 18
ACZ81_06340,-0.22376251220703,not_significant,day 89
ACZ81_00960,0.223601341247558,not_significant,days 60+89
ACZ81_04370,-0.22358957926432,not_significant,day 60
ACZ81_17580,-0.22354952494304,not_significant,day 31
ACZ81_02270,-0.223471323649093,not_significant,day 89
ACZ81_03845,-0.223079363505046,not_significant,days 60+89
ACZ81_11120,-0.222997665405271,not_significant,day 18
ACZ81_06990,-0.222944895426433,not_significant,day 31
ACZ81_04225,-0.222850799560547,not_significant,day 31
ACZ81_14305,0.22281837463379,not_significant,day 31
ACZ81_07340,-0.222786585489909,not_significant,day 31
ACZ81_16795,0.222763061523438,not_significant,day 89
ACZ81_03660,-0.222760518391929,not_significant,day 89
ACZ81_12910,-0.222691218058269,not_significant,day 89
ACZ81_01425,-0.222648620605469,not_significant,day 18
ACZ81_01130,-0.222612380981444,not_significant,days 60+89
ACZ81_09205,-0.222562154134114,not_significant,day 89
ACZ81_12355,0.222423553466797,not_significant,day 18
ACZ81_00030,-0.222391128540044,not_significant,day 89
ACZ81_01855,0.222352345784507,not_significant,day 18
ACZ81_13005,-0.222352345784504,not_significant,day 18
ACZ81_05585,0.2222417195638,not_significant,day 60
ACZ81_00215,-0.222030003865556,not_significant,day 31
ACZ81_19710,-0.222024917602537,not_significant,day 18
ACZ81_14160,-0.221988995869956,not_significant,days 60+89
ACZ81_13665,-0.221823374430337,not_significant,day 31
ACZ81_12530,0.221785863240557,not_significant,day 31
ACZ81_06405,0.221721013387043,not_significant,day 60
ACZ81_19365,0.221630096435547,not_significant,day 89
ACZ81_08410,-0.221556345621744,not_significant,day 18
ACZ81_06910,-0.221459070841471,not_significant,day 18
ACZ81_05835,-0.221323013305662,not_significant,day 31
ACZ81_01030,0.221093495686849,not_significant,day 31
ACZ81_19620,0.221083323160807,not_significant,day 18
ACZ81_11140,-0.220895767211913,not_significant,day 18
ACZ81_17500,0.220749855041507,not_significant,days 60+89
ACZ81_06000,0.220741271972656,not_significant,day 89
ACZ81_16340,-0.220712661743164,not_significant,day 18
ACZ81_00340,-0.220597585042316,not_significant,day 18
ACZ81_17320,-0.220511118570964,not_significant,day 89
ACZ81_11860,0.220448176066081,not_significant,day 18
ACZ81_04875,0.220334688822427,not_significant,days 60+89
ACZ81_05740,0.22026570638021,not_significant,day 18
ACZ81_10275,-0.220259984334312,not_significant,day 18
ACZ81_02830,0.220115661621093,not_significant,day 89
ACZ81_08910,0.22002983093262,not_significant,day 89
ACZ81_07910,0.220026969909667,not_significant,days 60+89
ACZ81_15625,-0.219873428344727,not_significant,day 89
ACZ81_19240,0.219841003417969,not_significant,day 18
ACZ81_18340,-0.21980412801107,not_significant,day 60
ACZ81_10090,-0.21980349222819,not_significant,day 31
ACZ81_08185,0.219731648763021,not_significant,day 31
ACZ81_02800,-0.219653447469075,not_significant,day 18
ACZ81_11730,0.219640096028649,not_significant,days 60+89
ACZ81_15435,0.219520568847659,not_significant,day 89
ACZ81_15450,0.219446818033857,not_significant,day 89
ACZ81_04830,0.219430923461914,not_significant,day 31
ACZ81_11055,-0.21936543782552,not_significant,day 18
ACZ81_00460,-0.219315210978188,not_significant,day 18
ACZ81_08025,-0.219291687011719,not_significant,day 18
ACZ81_02110,0.219148000081381,not_significant,day 31
ACZ81_03070,0.219077428181966,not_significant,day 18
ACZ81_00580,-0.218949635823568,not_significant,day 31
ACZ81_07055,0.218946456909185,not_significant,days 60+89
ACZ81_03370,-0.218889236450196,not_significant,days 60+89
ACZ81_06340,-0.218878428141276,not_significant,day 18
ACZ81_04170,0.218769073486331,not_significant,day 18
ACZ81_13020,-0.218667348225912,not_significant,day 18
ACZ81_17740,0.218622207641602,not_significant,days 60+89
ACZ81_15500,0.218604405721032,not_significant,day 31
ACZ81_06000,-0.218588511149091,not_significant,day 31
ACZ81_13400,0.218481063842773,not_significant,day 89
ACZ81_16485,0.218360900878907,not_significant,day 31
ACZ81_06165,0.218200683593748,not_significant,day 18
ACZ81_14940,0.218144734700521,not_significant,day 60
ACZ81_15125,-0.218112945556641,not_significant,day 60
ACZ81_12750,-0.218057632446289,not_significant,day 31
ACZ81_18450,-0.217939376831053,not_significant,day 18
ACZ81_18680,0.217849095662435,not_significant,day 31
ACZ81_01450,-0.217834154764811,not_significant,days 60+89
ACZ81_07275,-0.217653274536133,not_significant,day 89
ACZ81_13665,-0.21763515472412,not_significant,days 60+89
ACZ81_05560,0.217470804850259,not_significant,day 31
ACZ81_17345,0.217349370320641,not_significant,day 31
ACZ81_12765,0.217264811197913,not_significant,day 60
ACZ81_11575,-0.217223485310872,not_significant,day 18
ACZ81_18295,0.21722221374512,not_significant,days 60+89
ACZ81_19045,0.217193603515625,not_significant,days 60+89
ACZ81_20440,-0.21718152364095,not_significant,day 18
ACZ81_19920,0.217160542805989,not_significant,day 31
ACZ81_01590,-0.217084248860678,not_significant,day 60
ACZ81_09985,0.217027028401694,not_significant,days 60+89
ACZ81_13175,0.217023849487307,not_significant,day 60
ACZ81_08355,0.216955820719403,not_significant,day 18
ACZ81_18705,0.21691640218099,not_significant,day 60
ACZ81_13090,-0.216807047526037,not_significant,day 89
ACZ81_04655,0.216804504394531,not_significant,day 60
ACZ81_08375,0.21668847401937,not_significant,days 60+89
ACZ81_04825,0.216383934020996,not_significant,days 60+89
ACZ81_18555,0.21636454264323,not_significant,day 89
ACZ81_13465,-0.216322580973307,not_significant,day 60
ACZ81_07655,-0.216281890869141,not_significant,day 18
ACZ81_09100,-0.216210683186846,not_significant,day 89
ACZ81_18450,-0.216185569763181,not_significant,days 60+89
ACZ81_08130,0.216182708740233,not_significant,day 89
ACZ81_07420,0.21609052022298,not_significant,day 89
ACZ81_03245,0.216033299763997,not_significant,day 18
ACZ81_08585,-0.216018040974935,not_significant,day 31
ACZ81_18700,0.215983708699546,not_significant,day 60
ACZ81_01595,-0.215953191121423,not_significant,days 60+89
ACZ81_13915,-0.215885798136393,not_significant,day 31
ACZ81_19045,0.215825398763021,not_significant,day 31
ACZ81_04600,-0.215752283732096,not_significant,day 18
ACZ81_00700,-0.215693791707357,not_significant,day 60
ACZ81_11300,0.215675671895343,not_significant,days 60+89
ACZ81_00710,-0.215591430664063,not_significant,day 60
ACZ81_01935,0.215527216593424,not_significant,day 18
ACZ81_10180,0.215517679850257,not_significant,day 89
ACZ81_17050,-0.21539402008057,not_significant,days 60+89
ACZ81_07170,-0.215303421020506,not_significant,day 18
ACZ81_00385,0.215113321940106,not_significant,day 89
ACZ81_00030,-0.214932123819989,not_significant,days 60+89
ACZ81_19635,-0.214712778727215,not_significant,day 31
ACZ81_18250,0.214657465616859,not_significant,day 31
ACZ81_00510,0.214503924051922,not_significant,days 60+89
ACZ81_06240,-0.214427312215171,not_significant,day 60
ACZ81_11605,0.214409510294595,not_significant,days 60+89
ACZ81_17770,-0.21436882019043,not_significant,day 18
ACZ81_04270,0.214268048604332,not_significant,days 60+89
ACZ81_12805,-0.214267094930014,not_significant,day 89
ACZ81_16470,-0.2142588297526,not_significant,day 18
ACZ81_01125,0.214104970296224,not_significant,day 18
ACZ81_14895,0.214099884033203,not_significant,day 18
ACZ81_07425,-0.213870366414393,not_significant,day 89
ACZ81_00095,-0.213850021362303,not_significant,day 18
ACZ81_06085,-0.213682174682616,not_significant,day 60
ACZ81_08470,0.213659286499027,not_significant,day 18
ACZ81_14115,0.21359443664551,not_significant,day 31
ACZ81_18210,-0.213502248128257,not_significant,day 18
ACZ81_16840,0.21343739827474,not_significant,days 60+89
ACZ81_16705,-0.213433583577472,not_significant,day 31
ACZ81_16405,0.213404973347981,not_significant,day 18
ACZ81_14875,0.213223139444987,not_significant,day 60
ACZ81_01195,0.213181813557944,not_significant,day 31
ACZ81_14535,-0.213081359863281,not_significant,day 18
ACZ81_16485,0.213050842285158,not_significant,days 60+89
ACZ81_00980,-0.2129503885905,not_significant,day 60
ACZ81_17680,0.21293385823568,not_significant,day 18
ACZ81_02810,-0.212859153747556,not_significant,days 60+89
ACZ81_08590,-0.212388992309574,not_significant,day 18
ACZ81_04890,-0.21216328938802,not_significant,day 89
ACZ81_12970,-0.212087631225586,not_significant,day 60
ACZ81_03360,-0.211652755737305,not_significant,day 60
ACZ81_04435,0.211649576822913,not_significant,day 18
ACZ81_18110,0.211108525594077,not_significant,day 89
ACZ81_08255,0.211064020792643,not_significant,day 31
ACZ81_12770,-0.210962931315103,not_significant,day 60
ACZ81_16240,-0.210772196451827,not_significant,day 31
ACZ81_06895,0.210636774698891,not_significant,day 60
ACZ81_10810,-0.210307121276856,not_significant,days 60+89
ACZ81_19565,-0.210055669148764,not_significant,day 31
ACZ81_10230,-0.210011800130208,not_significant,day 18
ACZ81_02045,-0.20988337198893,not_significant,day 31
ACZ81_03075,0.209721247355143,not_significant,day 60
ACZ81_01360,-0.20961252848307,not_significant,day 60
ACZ81_02835,-0.209505081176757,not_significant,day 60
ACZ81_12170,0.209484736124673,not_significant,day 89
ACZ81_09795,-0.209360758463541,not_significant,day 18
ACZ81_03725,-0.209347407023112,not_significant,day 31
ACZ81_14405,-0.209330240885417,not_significant,day 18
ACZ81_07720,-0.209197044372561,not_significant,days 60+89
ACZ81_16695,-0.209161758422851,not_significant,day 18
ACZ81_14675,-0.209009806315104,not_significant,days 60+89
ACZ81_19760,-0.208981831868487,not_significant,day 31
ACZ81_11180,-0.208932240804037,not_significant,day 89
ACZ81_13150,0.208809534708659,not_significant,day 31
ACZ81_14785,-0.208770751953125,not_significant,day 18
ACZ81_01975,0.208580652872721,not_significant,day 18
ACZ81_05490,0.20850944519043,not_significant,day 89
ACZ81_01785,-0.208367029825845,not_significant,day 31
ACZ81_06840,-0.208318710327149,not_significant,day 18
ACZ81_07055,-0.208267847696937,not_significant,day 18
ACZ81_01650,0.2080930074056,not_significant,day 18
ACZ81_10110,0.20805931091309,not_significant,day 60
ACZ81_04770,0.208038965861003,not_significant,day 18
ACZ81_07150,-0.208012262980145,not_significant,days 60+89
ACZ81_07425,0.207884470621743,not_significant,day 31
ACZ81_14520,-0.20787239074707,not_significant,day 18
ACZ81_13265,-0.207833607991537,not_significant,day 60
ACZ81_15410,0.207740783691409,not_significant,day 89
ACZ81_17075,0.207557042439776,not_significant,day 18
ACZ81_00030,-0.207473119099934,not_significant,day 60
ACZ81_14980,0.207466761271159,not_significant,day 31
ACZ81_13030,-0.20734151204427,not_significant,day 18
ACZ81_05390,-0.207284927368168,not_significant,day 60
ACZ81_00035,-0.207255045572921,not_significant,day 89
ACZ81_16765,0.207245190938314,not_significant,days 60+89
ACZ81_06860,-0.207211812337241,not_significant,day 89
ACZ81_16760,-0.206977208455404,not_significant,day 89
ACZ81_16750,-0.206896464029948,not_significant,day 60
ACZ81_07775,-0.206833521525063,not_significant,day 60
ACZ81_17370,0.206754048665361,not_significant,day 89
ACZ81_06995,-0.206699371337891,not_significant,days 60+89
ACZ81_14625,0.206698735555011,not_significant,day 18
ACZ81_06365,-0.206693013509114,not_significant,day 18
ACZ81_03860,-0.206634521484373,not_significant,day 31
ACZ81_08620,0.206591288248697,not_significant,day 31
ACZ81_04080,-0.206279118855794,not_significant,day 60
ACZ81_05570,-0.206213951110842,not_significant,days 60+89
ACZ81_13130,-0.20621045430501,not_significant,day 18
ACZ81_10750,-0.206162770589192,not_significant,days 60+89
ACZ81_18025,0.206134160359705,not_significant,days 60+89
ACZ81_06440,-0.205977121988933,not_significant,day 18
ACZ81_06785,-0.205919265747069,not_significant,day 60
ACZ81_16385,0.205801010131835,not_significant,day 89
ACZ81_12990,-0.205441157023111,not_significant,day 89
ACZ81_12455,0.205136617024739,not_significant,day 60
ACZ81_09070,-0.205106735229491,not_significant,day 31
ACZ81_04845,0.204841613769533,not_significant,day 31
ACZ81_02155,0.204569180806478,not_significant,days 60+89
ACZ81_09205,0.204559961954754,not_significant,day 31
ACZ81_09685,0.204230626424154,not_significant,day 89
ACZ81_13260,-0.204153378804526,not_significant,days 60+89
ACZ81_01005,0.204051335652669,not_significant,day 18
ACZ81_08140,-0.20400873819987,not_significant,day 18
ACZ81_03780,-0.203804651896159,not_significant,day 31
ACZ81_09415,0.203747431437174,not_significant,day 18
ACZ81_16745,0.203720728556315,not_significant,day 89
ACZ81_18150,0.203707059224447,not_significant,days 60+89
ACZ81_16705,-0.203696568806965,not_significant,day 60
ACZ81_04200,-0.203349431355794,not_significant,day 60
ACZ81_00460,0.203135172526042,not_significant,day 89
ACZ81_17820,0.20306936899821,not_significant,days 60+89
ACZ81_03535,0.203004837036137,not_significant,day 89
ACZ81_01065,-0.202885309855148,not_significant,days 60+89
ACZ81_00505,-0.202835083007813,not_significant,day 31
ACZ81_17330,-0.202795028686523,not_significant,day 89
ACZ81_07885,0.202642440795897,not_significant,day 31
ACZ81_17525,-0.20264180501302,not_significant,day 18
ACZ81_10660,0.202629089355471,not_significant,day 60
ACZ81_03150,-0.202411651611328,not_significant,days 60+89
ACZ81_10765,-0.202356974283854,not_significant,day 18
ACZ81_11530,-0.202302932739257,not_significant,day 18
ACZ81_18080,-0.202267328898115,not_significant,days 60+89
ACZ81_12170,-0.202177365620933,not_significant,days 60+89
ACZ81_03870,0.202035903930663,not_significant,day 18
ACZ81_18080,0.201850891113284,not_significant,day 31
ACZ81_00090,-0.201796213785807,not_significant,day 31
ACZ81_10210,-0.201695760091145,not_significant,day 18
ACZ81_07275,-0.201623280843099,not_significant,day 31
ACZ81_10635,0.201582590738934,not_significant,day 60
ACZ81_17495,0.201565424601237,not_significant,days 60+89
ACZ81_11715,0.201412836710613,not_significant,day 18
ACZ81_18515,0.201322555541992,not_significant,day 31
ACZ81_07045,0.201224009195961,not_significant,day 60
ACZ81_02870,0.201204935709636,not_significant,day 89
ACZ81_03815,-0.201181411743164,not_significant,day 60
ACZ81_16520,-0.201151529947915,not_significant,day 18
ACZ81_01700,-0.200944900512692,not_significant,day 18
ACZ81_01225,-0.200848261515298,not_significant,day 89
ACZ81_01195,-0.200717290242516,not_significant,day 18
ACZ81_08915,-0.200653076171871,not_significant,days 60+89
ACZ81_15105,-0.200590769449868,not_significant,day 89
ACZ81_06040,0.200575510660807,not_significant,day 18
ACZ81_08055,0.200550715128581,not_significant,days 60+89
ACZ81_07285,-0.200506846110026,not_significant,day 18
ACZ81_17595,-0.200494766235351,not_significant,day 31
ACZ81_05240,0.200469970703123,not_significant,day 60
ACZ81_08520,-0.2002321879069,not_significant,day 18
ACZ81_11935,0.199945449829102,not_significant,day 60
ACZ81_15805,-0.19986057281494,not_significant,days 60+89
ACZ81_15300,0.199790318806966,not_significant,day 60
ACZ81_06225,0.19975916544596,not_significant,day 18
ACZ81_14465,-0.199714660644533,not_significant,day 18
ACZ81_14435,-0.199693679809569,not_significant,day 89
ACZ81_04585,-0.19963264465332,not_significant,day 60
ACZ81_14450,-0.199485778808597,not_significant,day 18
ACZ81_13305,-0.199460983276366,not_significant,day 18
ACZ81_06255,0.199369430541993,not_significant,day 31
ACZ81_01385,0.199282964070639,not_significant,day 31
ACZ81_04370,-0.199233055114746,not_significant,days 60+89
ACZ81_16470,0.199162801106773,not_significant,day 31
ACZ81_14400,0.199098587036133,not_significant,day 18
ACZ81_17765,-0.199058532714844,not_significant,day 60
ACZ81_18305,0.198967297871908,not_significant,days 60+89
ACZ81_00980,-0.198949178059897,not_significant,day 31
ACZ81_02190,0.198917388916014,not_significant,day 18
ACZ81_06520,0.198862075805666,not_significant,days 60+89
ACZ81_07900,0.198588053385416,not_significant,day 60
ACZ81_10150,0.198542277018231,not_significant,day 18
ACZ81_12500,-0.198509216308593,not_significant,day 18
ACZ81_00520,0.198442776997882,not_significant,days 60+89
ACZ81_14490,-0.198293685913087,not_significant,day 31
ACZ81_07750,-0.198081334431966,not_significant,day 18
ACZ81_14790,-0.198002497355143,not_significant,day 60
ACZ81_12115,-0.197917302449543,not_significant,day 18
ACZ81_11935,0.197868665059409,not_significant,days 60+89
ACZ81_16335,-0.197863896687823,not_significant,day 18
ACZ81_14130,0.197755177815755,not_significant,day 18
ACZ81_17465,0.197754542032877,not_significant,day 89
ACZ81_06195,-0.197699228922528,not_significant,day 31
ACZ81_07400,0.197651545206711,not_significant,day 31
ACZ81_18115,0.197401682535807,not_significant,day 18
ACZ81_08525,0.197390556335449,not_significant,days 60+89
ACZ81_14940,0.197262128194174,not_significant,days 60+89
ACZ81_06270,0.196931203206381,not_significant,day 31
ACZ81_01680,0.196856816609697,not_significant,day 89
ACZ81_17590,-0.196458180745443,not_significant,day 18
ACZ81_05115,0.196332931518553,not_significant,day 18
ACZ81_17255,-0.19607671101888,not_significant,day 89
ACZ81_13815,-0.195822397867838,not_significant,day 60
ACZ81_11560,-0.195797602335613,not_significant,days 60+89
ACZ81_11935,0.195791880289716,not_significant,day 89
ACZ81_02345,-0.19570795694987,not_significant,day 18
ACZ81_03210,-0.195644378662109,not_significant,day 18
ACZ81_19760,-0.195268630981443,not_significant,day 18
ACZ81_09515,0.195238749186198,not_significant,day 18
ACZ81_16685,0.19512430826823,not_significant,day 18
ACZ81_10455,0.195025126139319,not_significant,day 31
ACZ81_15550,0.194918314615886,not_significant,day 18
ACZ81_05260,-0.194899876912435,not_significant,day 60
ACZ81_12585,-0.19489351908366,not_significant,day 18
ACZ81_04840,-0.194857915242512,not_significant,day 60
ACZ81_18015,-0.194856643676754,not_significant,day 31
ACZ81_04830,0.194676717122396,not_significant,day 18
ACZ81_17325,0.194542566935224,not_significant,days 60+89
ACZ81_00260,0.194522221883139,not_significant,day 31
ACZ81_04185,-0.194457372029624,not_significant,day 31
ACZ81_01245,-0.19431368509928,not_significant,day 31
ACZ81_17770,-0.194078445434571,not_significant,day 31
ACZ81_07800,-0.194042205810547,not_significant,day 31
ACZ81_10630,-0.193574269612626,not_significant,day 60
ACZ81_14750,0.193534851074219,not_significant,days 60+89
ACZ81_06000,-0.193364461263023,not_significant,days 60+89
ACZ81_11815,0.193352381388347,not_significant,day 60
ACZ81_02070,-0.19324747721354,not_significant,day 18
ACZ81_19920,-0.193225224812825,not_significant,day 89
ACZ81_04915,-0.193184534708658,not_significant,day 89
ACZ81_06195,-0.193106333414715,not_significant,day 18
ACZ81_04225,-0.192967096964516,not_significant,day 60
ACZ81_13475,0.192653020222984,not_significant,day 89
ACZ81_10295,0.192530314127604,not_significant,day 89
ACZ81_01205,0.192487716674805,not_significant,day 18
ACZ81_01935,0.192476908365885,not_significant,day 31
ACZ81_16405,-0.192328135172526,not_significant,days 60+89
ACZ81_19875,0.19218381245931,not_significant,day 89
ACZ81_03360,-0.19212818145752,not_significant,days 60+89
ACZ81_08280,0.19211769104004,not_significant,day 31
ACZ81_19115,-0.192113876342773,not_significant,day 18
ACZ81_08155,-0.192045847574866,not_significant,day 18
ACZ81_06025,-0.19202486673991,not_significant,day 60
ACZ81_12585,-0.191900889078776,not_significant,day 89
ACZ81_15540,-0.191816965738933,not_significant,day 89
ACZ81_03430,0.191781361897786,not_significant,day 31
ACZ81_00545,-0.191661198933919,not_significant,day 18
ACZ81_10155,-0.191617329915364,not_significant,day 89
ACZ81_00895,-0.191431681315107,not_significant,day 31
ACZ81_16265,0.191013336181644,not_significant,day 60
ACZ81_03160,-0.190704345703123,not_significant,day 89
ACZ81_05860,-0.190528869628904,not_significant,day 31
ACZ81_02870,-0.190443674723307,not_significant,day 18
ACZ81_03320,-0.1903813680013,not_significant,day 31
ACZ81_05130,0.190252939860027,not_significant,day 31
ACZ81_10380,0.190160115559894,not_significant,day 18
ACZ81_07435,0.190137863159181,not_significant,day 18
ACZ81_10260,0.190022786458335,not_significant,day 31
ACZ81_12515,-0.18988800048828,not_significant,day 89
ACZ81_13505,0.189881006876628,not_significant,day 31
ACZ81_00730,-0.189826329549153,not_significant,days 60+89
ACZ81_18450,-0.189762115478513,not_significant,day 60
ACZ81_08020,0.189738591512044,not_significant,day 89
ACZ81_06055,0.189683914184569,not_significant,day 31
ACZ81_16845,0.189621607462572,not_significant,day 89
ACZ81_04225,-0.189562797546385,not_significant,days 60+89
ACZ81_19045,-0.189537684122721,not_significant,day 18
ACZ81_07585,-0.1894474029541,not_significant,day 18
ACZ81_09150,-0.189285278320314,not_significant,day 18
ACZ81_11575,-0.189125061035156,not_significant,day 31
ACZ81_10805,-0.189120292663574,not_significant,days 60+89
ACZ81_10390,-0.189072291056317,not_significant,day 89
ACZ81_10810,-0.189000447591146,not_significant,day 31
ACZ81_15120,-0.188807487487792,not_significant,days 60+89
ACZ81_10450,0.188730239868164,not_significant,day 18
ACZ81_09370,-0.188639322916662,not_significant,day 31
ACZ81_00060,0.188480377197266,not_significant,day 18
ACZ81_17445,0.188360850016276,not_significant,days 60+89
ACZ81_14970,0.188170115152993,not_significant,day 18
ACZ81_18800,-0.188114484151204,not_significant,days 60+89
ACZ81_20050,0.18803977966309,not_significant,day 18
ACZ81_11735,-0.187755584716798,not_significant,day 31
ACZ81_01970,0.187649408976237,not_significant,day 18
ACZ81_14530,0.187436103820802,not_significant,days 60+89
ACZ81_13755,0.187376658121744,not_significant,day 18
ACZ81_19570,0.187353769938151,not_significant,day 31
ACZ81_11680,-0.187252044677736,not_significant,day 89
ACZ81_15210,0.187200546264648,not_significant,day 60
ACZ81_16705,-0.187068303426107,not_significant,days 60+89
ACZ81_02045,-0.186928431193033,not_significant,day 18
ACZ81_00225,0.186367670694991,not_significant,day 31
ACZ81_14550,0.186294555664063,not_significant,day 31
ACZ81_09325,-0.186255137125651,not_significant,day 89
ACZ81_04225,-0.186158498128254,not_significant,day 89
ACZ81_03025,-0.186051686604817,not_significant,day 18
ACZ81_11975,0.185973485310869,not_significant,day 60
ACZ81_04000,0.18596331278483,not_significant,day 31
ACZ81_00760,0.185905456542971,not_significant,day 89
ACZ81_07420,-0.18584887186686,not_significant,day 60
ACZ81_05380,-0.185808181762692,not_significant,day 60
ACZ81_10490,-0.185705502827962,not_significant,days 60+89
ACZ81_05260,-0.18569819132487,not_significant,days 60+89
ACZ81_18600,-0.185367584228516,not_significant,day 31
ACZ81_09695,0.185302734375,not_significant,day 31
ACZ81_12435,-0.185109456380209,not_significant,days 60+89
ACZ81_17860,-0.184960047403971,not_significant,day 89
ACZ81_10840,0.184956232706706,not_significant,day 31
ACZ81_08065,0.184841156005859,not_significant,day 89
ACZ81_05240,0.184828122456867,not_significant,days 60+89
ACZ81_06870,-0.184619903564453,not_significant,day 18
ACZ81_14955,0.184615453084307,not_significant,day 31
ACZ81_07300,0.184256553649902,not_significant,days 60+89
ACZ81_03815,-0.184167226155599,not_significant,days 60+89
ACZ81_18030,-0.18408330281575,not_significant,days 60+89
ACZ81_07810,-0.183980305989583,not_significant,day 18
ACZ81_15230,0.183916091918944,not_significant,day 18
ACZ81_07880,0.183829625447593,not_significant,day 31
ACZ81_11205,-0.18368975321452,not_significant,day 89
ACZ81_14675,-0.183664957682291,not_significant,day 89
ACZ81_00890,-0.183615366617836,not_significant,day 18
ACZ81_12130,0.183582305908203,not_significant,day 60
ACZ81_20675,-0.183531443277995,not_significant,day 18
ACZ81_20445,-0.183492024739583,not_significant,day 60
ACZ81_17325,0.183452606201173,not_significant,day 31
ACZ81_16430,0.183095932006834,not_significant,day 18
ACZ81_09870,0.18306605021159,not_significant,day 31
ACZ81_03840,0.182947794596354,not_significant,day 31
ACZ81_00550,0.18270301818848,not_significant,day 18
ACZ81_06025,-0.18233839670817,not_significant,days 60+89
ACZ81_14710,-0.182325363159179,not_significant,day 18
ACZ81_16360,0.182282129923503,not_significant,day 18
ACZ81_00875,0.18184725443522,not_significant,day 60
ACZ81_06585,0.181525548299152,not_significant,day 18
ACZ81_17770,0.181371688842773,not_significant,day 60
ACZ81_06435,-0.181313196818036,not_significant,day 89
ACZ81_09975,0.18114407857259,not_significant,day 31
ACZ81_09385,-0.18096987406413,not_significant,day 60
ACZ81_18325,-0.180922190348307,not_significant,day 18
ACZ81_19405,-0.180826822916667,not_significant,day 18
ACZ81_10225,0.180771191914878,not_significant,days 60+89
ACZ81_11575,-0.180623054504394,not_significant,days 60+89
ACZ81_13155,0.180529912312826,not_significant,day 18
ACZ81_16680,-0.180494944254553,not_significant,day 89
ACZ81_06120,-0.180489222208656,not_significant,day 18
ACZ81_06635,-0.180473327636721,not_significant,day 89
ACZ81_06420,0.180433273315431,not_significant,day 18
ACZ81_16700,-0.18036079406738,not_significant,day 31
ACZ81_RS21680,-0.1803290049235,not_significant,day 18
ACZ81_08280,0.180248260498047,not_significant,day 60
ACZ81_00610,-0.180054346720377,not_significant,day 89
ACZ81_13310,0.180025736490886,not_significant,day 60
ACZ81_14895,-0.179993629455567,not_significant,days 60+89
ACZ81_00940,-0.179712931315106,not_significant,day 89
ACZ81_09700,0.17963409423828,not_significant,day 60
ACZ81_12105,0.17961565653483,not_significant,day 89
ACZ81_00805,0.179467519124349,not_significant,day 89
ACZ81_08775,-0.179378509521485,not_significant,day 89
ACZ81_17855,-0.178988456726073,not_significant,days 60+89
ACZ81_01200,0.178956031799318,not_significant,days 60+89
ACZ81_18340,-0.178693771362307,not_significant,day 18
ACZ81_05575,0.178617477416993,not_significant,day 18
ACZ81_19320,-0.17860158284505,not_significant,day 18
ACZ81_17830,-0.178496042887373,not_significant,day 31
ACZ81_19540,0.178485870361333,not_significant,day 18
ACZ81_08205,-0.178355534871418,not_significant,day 18
ACZ81_10875,0.178259531656901,not_significant,day 31
ACZ81_07800,-0.17825698852539,not_significant,day 89
ACZ81_05045,-0.178060531616206,not_significant,day 31
ACZ81_08185,0.177922566731771,not_significant,day 89
ACZ81_11245,0.177755991617841,not_significant,day 18
ACZ81_11330,-0.17775058746338,not_significant,days 60+89
ACZ81_02690,-0.17763106028239,not_significant,days 60+89
ACZ81_11735,-0.177609761555995,not_significant,day 89
ACZ81_10000,0.177584966023763,not_significant,day 18
ACZ81_03285,-0.177576065063479,not_significant,day 89
ACZ81_05990,0.177565256754557,not_significant,day 60
ACZ81_05970,-0.177544593811031,not_significant,days 60+89
ACZ81_12130,0.17741584777832,not_significant,days 60+89
ACZ81_19070,-0.177251180013021,not_significant,day 18
ACZ81_03790,-0.177224477132159,not_significant,day 60
ACZ81_05500,-0.177082697550456,not_significant,day 89
ACZ81_13005,-0.177037239074707,not_significant,days 60+89
ACZ81_08890,-0.17690785725911,not_significant,day 18
ACZ81_01795,-0.176904678344726,not_significant,day 60
ACZ81_11210,-0.176578521728513,not_significant,day 60
ACZ81_00790,0.176547368367513,not_significant,day 60
ACZ81_14930,-0.176513036092123,not_significant,day 89
ACZ81_12160,-0.176496505737306,not_significant,day 18
ACZ81_05260,-0.176496505737305,not_significant,day 89
ACZ81_06325,-0.176486333211263,not_significant,day 60
ACZ81_09535,0.176451365152996,not_significant,day 89
ACZ81_14940,0.176379521687826,not_significant,day 89
ACZ81_06860,-0.176376978556314,not_significant,day 18
ACZ81_09265,0.176332473754883,not_significant,day 31
ACZ81_05270,-0.176273981730143,not_significant,day 18
ACZ81_16340,0.176271438598633,not_significant,day 31
ACZ81_14305,0.176085789998373,not_significant,day 60
ACZ81_14895,-0.176019668579102,not_significant,day 31
ACZ81_16055,-0.176017761230467,not_significant,day 18
ACZ81_19695,-0.175972620646158,not_significant,days 60+89
ACZ81_07050,-0.175896008809405,not_significant,days 60+89
ACZ81_19520,-0.175893783569336,not_significant,day 60
ACZ81_12160,-0.175615310668943,not_significant,day 89
ACZ81_16325,-0.175544738769531,not_significant,day 31
ACZ81_19845,-0.175238927205402,not_significant,day 18
ACZ81_07150,-0.175230026245119,not_significant,day 60
ACZ81_04655,-0.175223032633463,not_significant,days 60+89
ACZ81_05515,-0.175076802571616,not_significant,days 60+89
ACZ81_14965,-0.174948374430338,not_significant,day 18
ACZ81_04370,-0.17487653096517,not_significant,day 89
ACZ81_14430,0.174784342447915,not_significant,days 60+89
ACZ81_18580,-0.174743016560871,not_significant,day 18
ACZ81_19370,0.174683570861817,not_significant,days 60+89
ACZ81_17375,-0.174656232198079,not_significant,days 60+89
ACZ81_10165,-0.174633026123049,not_significant,day 31
ACZ81_04590,-0.174551010131836,not_significant,days 60+89
ACZ81_10450,0.174451192220052,not_significant,days 60+89
ACZ81_19580,-0.174407641092937,not_significant,days 60+89
ACZ81_00155,-0.174328486124673,not_significant,day 18
ACZ81_16465,-0.174289703369137,not_significant,days 60+89
ACZ81_14550,0.174245834350586,not_significant,day 89
ACZ81_14310,0.174221038818357,not_significant,day 18
ACZ81_09100,0.174159367879234,not_significant,day 60
ACZ81_05125,0.173853556315106,not_significant,day 31
ACZ81_01600,0.173662185668945,not_significant,day 18
ACZ81_01220,0.173605600992838,not_significant,day 89
ACZ81_05565,0.173587163289386,not_significant,day 18
ACZ81_17605,-0.173420588175454,not_significant,day 89
ACZ81_06970,0.173409144083658,not_significant,day 60
ACZ81_03845,0.173388799031575,not_significant,day 31
ACZ81_15300,0.17318852742513,not_significant,day 18
ACZ81_06605,0.172994613647461,not_significant,day 18
ACZ81_19210,0.172980308532714,not_significant,days 60+89
ACZ81_11535,-0.1727778116862,not_significant,day 18
ACZ81_13175,0.172767639160157,not_significant,days 60+89
ACZ81_05565,0.172765731811523,not_significant,days 60+89
ACZ81_08250,0.172700246175131,not_significant,day 60
ACZ81_06025,-0.17265192667643,not_significant,day 89
ACZ81_03360,-0.172603607177735,not_significant,day 89
ACZ81_18325,-0.172518412272137,not_significant,day 60
ACZ81_02170,0.172513961791993,not_significant,day 18
ACZ81_10160,-0.172213236490886,not_significant,day 31
ACZ81_13585,0.172091801961263,not_significant,day 89
ACZ81_02165,-0.172019322713217,not_significant,day 31
ACZ81_13930,-0.171930313110351,not_significant,day 89
ACZ81_11800,-0.171778361002604,not_significant,day 18
ACZ81_09150,0.171675999959308,not_significant,days 60+89
ACZ81_00615,0.171658198038737,not_significant,day 31
ACZ81_18685,-0.171591440836589,not_significant,day 18
ACZ81_06895,0.171506563822428,not_significant,days 60+89
ACZ81_15620,-0.171464284261064,not_significant,day 31
ACZ81_18020,-0.171449025472003,not_significant,day 31
ACZ81_12130,0.171249389648437,not_significant,day 89
ACZ81_14645,-0.171101252237955,not_significant,day 18
ACZ81_01175,0.171093940734862,not_significant,days 60+89
ACZ81_18080,-0.171071370442709,not_significant,day 18
ACZ81_00930,0.171051661173503,not_significant,day 18
ACZ81_09295,0.17103131612142,not_significant,day 18
ACZ81_19225,-0.170971552530926,not_significant,day 18
ACZ81_19080,0.170772870381675,not_significant,days 60+89
ACZ81_11160,-0.170642852783203,not_significant,day 31
ACZ81_09295,-0.170579910278319,not_significant,day 60
ACZ81_03820,0.170517603556313,not_significant,day 18
ACZ81_07160,-0.17051633199056,not_significant,day 60
ACZ81_02200,-0.170464833577475,not_significant,day 60
ACZ81_02015,0.170464197794596,not_significant,day 89
ACZ81_18800,0.170445760091146,not_significant,day 60
ACZ81_16705,-0.170440038045249,not_significant,day 89
ACZ81_11010,0.170403162638347,not_significant,day 18
ACZ81_04105,0.170371373494463,not_significant,day 18
ACZ81_17835,-0.170363744099941,not_significant,day 18
ACZ81_04165,0.170047124226885,not_significant,day 31
ACZ81_05865,-0.16998863220215,not_significant,day 18
ACZ81_01535,-0.169965744018553,not_significant,day 60
ACZ81_05805,0.16976483662923,not_significant,day 60
ACZ81_05885,-0.169489542643226,not_significant,day 18
ACZ81_14400,0.169481913248698,not_significant,day 89
ACZ81_00725,-0.169322967529298,not_significant,day 31
ACZ81_RS17235,-0.169299761454264,not_significant,days 60+89
ACZ81_18470,0.169294993082682,not_significant,day 18
ACZ81_05240,0.16918627421061,not_significant,day 89
ACZ81_09330,-0.16916020711263,not_significant,day 31
ACZ81_09875,0.169118245442712,not_significant,day 89
ACZ81_01050,-0.169060389200847,not_significant,day 18
ACZ81_14905,0.168956438700358,not_significant,days 60+89
ACZ81_18855,0.16882642110189,not_significant,day 89
ACZ81_11030,0.168784459431964,not_significant,day 31
ACZ81_15650,-0.168774922688804,not_significant,day 18
ACZ81_14930,0.168771107991537,not_significant,day 31
ACZ81_13175,0.16856829325358,not_significant,day 18
ACZ81_14265,0.168221155802404,not_significant,day 60
ACZ81_13120,0.168214162190753,not_significant,day 31
ACZ81_06685,0.168149312337239,not_significant,day 89
ACZ81_10705,0.168145497639976,not_significant,day 60
ACZ81_01225,0.168084462483722,not_significant,day 60
ACZ81_09680,0.167803764343262,not_significant,days 60+89
ACZ81_08020,-0.167761484781901,not_significant,day 18
ACZ81_18465,-0.167745590209961,not_significant,day 18
ACZ81_03840,0.167625427246093,not_significant,days 60+89
ACZ81_12700,-0.167516072591145,not_significant,day 31
ACZ81_05665,-0.167488733927409,not_significant,day 31
ACZ81_18030,-0.167275746663408,not_significant,day 31
ACZ81_02325,-0.167272567749023,not_significant,day 18
ACZ81_00085,-0.167243321736654,not_significant,days 60+89
ACZ81_03815,-0.167153040568033,not_significant,day 89
ACZ81_02920,-0.167126337687174,not_significant,day 60
ACZ81_05430,-0.166982014973959,not_significant,day 31
ACZ81_11720,0.166893005371094,not_significant,day 60
ACZ81_13665,-0.166849136352537,not_significant,day 60
ACZ81_10900,-0.166832923889162,not_significant,days 60+89
ACZ81_12720,0.166814804077147,not_significant,day 31
ACZ81_03370,-0.166748682657879,not_significant,day 89
ACZ81_10070,0.166734695434571,not_significant,day 18
ACZ81_00590,-0.166674613952638,not_significant,days 60+89
ACZ81_05545,-0.16664250691732,not_significant,day 18
ACZ81_14815,-0.166628519694006,not_significant,day 18
ACZ81_13815,0.166240056355795,not_significant,day 31
ACZ81_15745,0.166221618652344,not_significant,day 18
ACZ81_01935,0.166186014811198,not_significant,day 89
ACZ81_09780,0.166060765584312,not_significant,day 18
ACZ81_08385,-0.165771484375,not_significant,day 18
ACZ81_03195,0.165519714355469,not_significant,day 31
ACZ81_19580,-0.165435791015627,not_significant,day 18
ACZ81_12595,0.165286382039387,not_significant,day 89
ACZ81_14660,0.164929389953614,not_significant,days 60+89
ACZ81_11705,0.164875666300455,not_significant,day 60
ACZ81_04050,-0.164813995361328,not_significant,day 60
ACZ81_18360,0.16469446818034,not_significant,day 31
ACZ81_04585,-0.164607683817547,not_significant,days 60+89
ACZ81_03775,-0.164607365926107,not_significant,day 31
ACZ81_08055,0.164531071980794,not_significant,day 31
ACZ81_05130,-0.164530436197917,not_significant,day 89
ACZ81_RS07605,-0.164463678995768,not_significant,day 60
ACZ81_03255,0.164417266845703,not_significant,days 60+89
ACZ81_00875,-0.164340337117512,not_significant,day 31
ACZ81_17310,0.164193471272787,not_significant,day 31
ACZ81_09725,0.164187113444013,not_significant,day 89
ACZ81_00360,0.164049784342448,not_significant,day 60
ACZ81_01895,-0.163887659708659,not_significant,days 60+89
ACZ81_16765,0.163848876953124,not_significant,day 89
ACZ81_19110,-0.16369883219401,not_significant,day 18
ACZ81_14180,-0.163505554199219,not_significant,day 18
ACZ81_19565,-0.163473129272462,not_significant,day 18
ACZ81_00460,0.163410186767577,not_significant,day 31
ACZ81_07775,0.163356145222982,not_significant,day 31
ACZ81_08365,-0.163354873657227,not_significant,day 89
ACZ81_13590,-0.16314951578776,not_significant,day 18
ACZ81_04895,-0.162985483805339,not_significant,day 89
ACZ81_05705,-0.162901560465493,not_significant,day 60
ACZ81_19660,0.162869771321616,not_significant,day 18
ACZ81_06405,0.162747065226233,not_significant,day 31
ACZ81_18355,-0.162585576375326,not_significant,day 18
ACZ81_11970,0.162543614705406,not_significant,day 18
ACZ81_13010,-0.162448247273763,not_significant,days 60+89
ACZ81_15330,0.162424087524413,not_significant,day 89
ACZ81_16890,0.162384033203127,not_significant,day 89
ACZ81_00260,0.162135124206543,not_significant,days 60+89
ACZ81_08375,0.16208330790202,not_significant,day 89
ACZ81_05460,-0.162018458048503,not_significant,day 60
ACZ81_18580,0.161939303080242,not_significant,days 60+89
ACZ81_10815,-0.161783854166667,not_significant,day 18
ACZ81_09725,0.16168848673503,not_significant,day 18
ACZ81_02345,0.161515553792318,not_significant,day 89
ACZ81_04835,-0.161515553792317,not_significant,day 89
ACZ81_02790,0.16134770711263,not_significant,day 18
ACZ81_08975,0.161238352457683,not_significant,day 31
ACZ81_16405,-0.161173502604168,not_significant,day 31
ACZ81_05465,0.16107114156087,not_significant,day 60
ACZ81_09960,-0.16102155049642,not_significant,day 31
ACZ81_17325,0.160902023315433,not_significant,day 60
ACZ81_06890,-0.160739898681641,not_significant,day 18
ACZ81_18955,-0.160734176635739,not_significant,day 60
ACZ81_02165,-0.160426457722984,not_significant,day 60
ACZ81_19720,0.1602668762207,not_significant,day 60
ACZ81_00940,-0.160144805908206,not_significant,day 31
ACZ81_06855,0.160071055094402,not_significant,day 18
ACZ81_10605,-0.160024007161459,not_significant,day 31
ACZ81_04060,-0.159897486368813,not_significant,day 31
ACZ81_01130,-0.159811019897459,not_significant,day 60
ACZ81_11360,0.159796396891277,not_significant,day 89
ACZ81_14545,0.159718831380211,not_significant,days 60+89
ACZ81_04655,-0.159502665201822,not_significant,day 31
ACZ81_14660,-0.159449895222982,not_significant,day 31
ACZ81_08555,-0.159419377644857,not_significant,day 60
ACZ81_04025,0.159252166748041,not_significant,day 31
ACZ81_13320,-0.159242630004883,not_significant,day 60
ACZ81_07055,-0.15897878011067,not_significant,day 31
ACZ81_20450,-0.158828099568684,not_significant,day 31
ACZ81_12805,-0.158755620320638,not_significant,day 31
ACZ81_03375,-0.15850639343262,not_significant,day 89
ACZ81_09660,-0.158479690551758,not_significant,day 31
ACZ81_03185,-0.158274968465166,not_significant,day 18
ACZ81_12765,-0.158120473225913,not_significant,days 60+89
ACZ81_08215,0.158036549886068,not_significant,day 18
ACZ81_04875,0.157928466796874,not_significant,day 31
ACZ81_05735,-0.157862345377604,not_significant,day 60
ACZ81_12580,0.157620747884115,not_significant,day 31
ACZ81_04675,-0.157566070556643,not_significant,day 18
ACZ81_10840,0.157532374064127,not_significant,day 60
ACZ81_20050,-0.157487233479818,not_significant,days 60+89
ACZ81_10660,0.157242457071945,not_significant,days 60+89
ACZ81_03360,-0.157082239786784,not_significant,day 18
ACZ81_08250,0.15706443786621,not_significant,days 60+89
ACZ81_17205,-0.15682856241862,not_significant,day 18
ACZ81_18295,-0.156802495320636,not_significant,day 89
ACZ81_03690,0.156740188598634,not_significant,day 31
ACZ81_10750,-0.156729380289713,not_significant,day 89
ACZ81_08170,0.156701405843099,not_significant,day 60
ACZ81_12455,-0.156669616699219,not_significant,day 31
ACZ81_15410,0.15643628438314,not_significant,day 18
ACZ81_07275,-0.156319936116537,not_significant,days 60+89
ACZ81_01450,0.156306584676107,not_significant,day 31
ACZ81_08585,-0.156164169311523,not_significant,day 89
ACZ81_01045,-0.156124114990234,not_significant,day 18
ACZ81_17320,0.155918757120769,not_significant,days 60+89
ACZ81_12925,0.15584309895833,not_significant,day 18
ACZ81_12920,0.15569241841634,not_significant,day 31
ACZ81_13050,-0.15541585286458,not_significant,day 18
ACZ81_18850,0.155359268188477,not_significant,day 18
ACZ81_17435,-0.15524609883626,not_significant,day 60
ACZ81_13595,-0.155225753784181,not_significant,day 60
ACZ81_09935,-0.155193964640299,not_significant,day 60
ACZ81_18320,0.155176162719727,not_significant,day 18
ACZ81_11720,0.155065536499024,not_significant,day 18
ACZ81_03865,-0.154877980550133,not_significant,day 31
ACZ81_14530,-0.154774347941079,not_significant,day 31
ACZ81_10135,0.15469233194987,not_significant,day 31
ACZ81_17500,0.154588699340824,not_significant,day 60
ACZ81_02060,0.154552459716797,not_significant,day 31
ACZ81_17830,0.154548645019527,not_significant,day 18
ACZ81_02755,-0.154526074727373,not_significant,days 60+89
ACZ81_05990,0.154491424560547,not_significant,day 18
ACZ81_11185,0.15440050760905,not_significant,day 18
ACZ81_10665,0.154336293538412,not_significant,day 31
ACZ81_15360,0.154295603434247,not_significant,day 18
ACZ81_14520,0.153759956359863,not_significant,days 60+89
ACZ81_04075,-0.153708140055337,not_significant,day 18
ACZ81_10250,0.153702418009436,not_significant,day 60
ACZ81_14030,-0.153589884440104,not_significant,days 60+89
ACZ81_10175,-0.153507868448893,not_significant,day 18
ACZ81_17885,-0.15335210164388,not_significant,day 31
ACZ81_01750,0.15330950419108,not_significant,day 89
ACZ81_19515,-0.153284072875976,not_significant,day 89
ACZ81_07870,-0.153276443481447,not_significant,day 18
ACZ81_17280,-0.153252919514975,not_significant,day 31
ACZ81_10305,0.153010050455727,not_significant,day 89
ACZ81_18040,0.152861913045248,not_significant,day 31
ACZ81_08525,0.15284792582194,not_significant,day 60
ACZ81_16465,0.152615229288739,not_significant,day 31
ACZ81_05990,-0.152066866556803,not_significant,days 60+89
ACZ81_04270,0.15205510457357,not_significant,day 31
ACZ81_12670,0.152034759521483,not_significant,day 60
ACZ81_00360,-0.151981353759766,not_significant,day 18
ACZ81_18310,0.151947021484373,not_significant,day 60
ACZ81_19295,-0.151894251505534,not_significant,day 31
ACZ81_08805,0.151801745096842,not_significant,days 60+89
ACZ81_19875,0.15167236328125,not_significant,day 31
ACZ81_09240,0.150992075602217,not_significant,day 89
ACZ81_06610,-0.15097935994466,not_significant,day 31
ACZ81_06525,-0.150951385498053,not_significant,day 18
ACZ81_05390,-0.150906244913738,not_significant,day 31
ACZ81_06925,-0.150849978129069,not_significant,days 60+89
ACZ81_09710,-0.150824228922523,not_significant,day 31
ACZ81_16675,0.150700887044272,not_significant,day 89
ACZ81_17740,0.150683085123698,not_significant,day 60
ACZ81_02015,-0.150644302368164,not_significant,day 18
ACZ81_11175,0.150491714477539,not_significant,day 18
ACZ81_11680,-0.150305747985843,not_significant,days 60+89
ACZ81_12940,-0.1501579284668,not_significant,day 89
ACZ81_00985,0.150156656901042,not_significant,day 18
ACZ81_05585,0.150078455607097,not_significant,day 31
ACZ81_09795,-0.150026321411134,not_significant,day 31
ACZ81_14910,0.149978637695311,not_significant,day 18
ACZ81_06700,0.149715423583983,not_significant,day 89
ACZ81_00060,-0.14954821268717,not_significant,day 31
ACZ81_03760,0.14920171101888,not_significant,day 18
ACZ81_00840,-0.149007161458331,not_significant,day 18
ACZ81_04890,-0.148942311604816,not_significant,day 31
ACZ81_17510,-0.148915608723958,not_significant,day 18
ACZ81_07845,-0.148760477701822,not_significant,day 31
ACZ81_13585,-0.148718198140462,not_significant,days 60+89
ACZ81_01450,-0.148518244425456,not_significant,day 18
ACZ81_12950,-0.148458162943523,not_significant,days 60+89
ACZ81_03045,-0.148304621378583,not_significant,day 18
ACZ81_05880,0.148075103759765,not_significant,day 31
ACZ81_11330,-0.14805285135905,not_significant,day 31
ACZ81_16420,-0.1479860941569,not_significant,days 60+89
ACZ81_16820,-0.147963205973307,not_significant,day 89
ACZ81_00035,-0.147898991902671,not_significant,day 18
ACZ81_00940,-0.147897084554041,not_significant,day 18
ACZ81_02990,-0.147893905639648,not_significant,day 18
ACZ81_05705,0.147855758666991,not_significant,day 89
ACZ81_02320,-0.147620201110839,not_significant,days 60+89
ACZ81_06985,0.147472381591797,not_significant,day 31
ACZ81_17450,0.147418340047199,not_significant,day 60
ACZ81_12595,-0.147402445475262,not_significant,day 60
ACZ81_18310,-0.147257486979167,not_significant,day 31
ACZ81_19570,0.147149403889974,not_significant,day 60
ACZ81_02835,0.14695930480957,not_significant,day 31
ACZ81_06955,-0.146923700968424,not_significant,day 18
ACZ81_03290,-0.146888732910156,not_significant,day 89
ACZ81_13410,-0.146719614664714,not_significant,day 31
ACZ81_11740,0.146663665771487,not_significant,day 89
ACZ81_19835,-0.146635055541992,not_significant,day 18
ACZ81_11240,-0.146503448486331,not_significant,day 18
ACZ81_11975,-0.146482467651371,not_significant,day 18
ACZ81_19785,-0.146114985148112,not_significant,day 31
ACZ81_19585,0.145942052205404,not_significant,day 18
ACZ81_19240,0.145892461140952,not_significant,day 89
ACZ81_17550,0.145709355672204,not_significant,day 89
ACZ81_02270,0.145590464274087,not_significant,day 60
ACZ81_04845,-0.145572662353514,not_significant,day 18
ACZ81_16715,0.145445505777993,not_significant,day 31
ACZ81_01725,-0.145437876383466,not_significant,day 31
ACZ81_13425,-0.145404815673827,not_significant,day 31
ACZ81_17310,0.14512316385905,not_significant,day 60
ACZ81_10305,0.145018895467124,not_significant,day 31
ACZ81_15400,-0.144839604695637,not_significant,day 18
ACZ81_14515,0.144800821940103,not_significant,day 31
ACZ81_03485,0.144746780395508,not_significant,day 18
ACZ81_01200,-0.14465077718099,not_significant,day 31
ACZ81_01680,0.144648869832357,not_significant,day 31
ACZ81_01155,0.144516626993815,not_significant,day 18
ACZ81_01900,0.144409179687498,not_significant,day 18
ACZ81_09855,-0.14436340332031,not_significant,day 18
ACZ81_11305,0.144294738769534,not_significant,day 18
ACZ81_11560,-0.144233703613283,not_significant,day 89
ACZ81_08545,-0.144191424051924,not_significant,days 60+89
ACZ81_11320,0.1441535949707,not_significant,day 89
ACZ81_17720,0.144128481547037,not_significant,days 60+89
ACZ81_00070,-0.143909454345703,not_significant,day 60
ACZ81_14640,-0.143827438354492,not_significant,day 18
ACZ81_08535,-0.14361063639323,not_significant,day 89
ACZ81_10140,-0.143583933512373,not_significant,day 31
ACZ81_14435,0.143538792928058,not_significant,day 18
ACZ81_10840,-0.143508593241375,not_significant,days 60+89
ACZ81_00095,0.14336713155111,not_significant,day 60
ACZ81_14800,-0.143357594807943,not_significant,day 31
ACZ81_04865,0.143182118733723,not_significant,day 89
ACZ81_08215,-0.14315923055013,not_significant,day 31
ACZ81_13795,-0.143138885498047,not_significant,day 18
ACZ81_02795,0.143080393473309,not_significant,day 60
ACZ81_18310,-0.143064816792807,not_significant,days 60+89
ACZ81_03245,-0.143023808797201,not_significant,day 89
ACZ81_10390,-0.142963409423827,not_significant,day 31
ACZ81_02950,0.142893473307294,not_significant,day 18
ACZ81_05955,0.142759958902994,not_significant,day 31
ACZ81_14455,0.142580668131511,not_significant,day 89
ACZ81_20150,0.142566680908202,not_significant,day 89
ACZ81_14095,-0.142552693684895,not_significant,day 31
ACZ81_16645,0.142542521158856,not_significant,day 18
ACZ81_18685,-0.14251454671224,not_significant,day 60
ACZ81_01675,-0.142508824666344,not_significant,day 31
ACZ81_03280,-0.142395019531251,not_significant,day 31
ACZ81_18030,-0.142329533894851,not_significant,day 89
ACZ81_00070,0.142182032267254,not_significant,day 89
ACZ81_13835,0.142025629679362,not_significant,day 89
ACZ81_14265,0.142015457153317,not_significant,day 31
ACZ81_04370,-0.141775767008461,not_significant,day 18
ACZ81_10450,-0.141651789347331,not_significant,day 89
ACZ81_14455,-0.141636530558269,not_significant,day 31
ACZ81_15160,0.141611735026039,not_significant,day 18
ACZ81_01700,-0.141492525736489,not_significant,days 60+89
ACZ81_01585,0.141466140747069,not_significant,day 18
ACZ81_08250,0.14142862955729,not_significant,day 89
ACZ81_06335,0.141375859578449,not_significant,day 31
ACZ81_02070,-0.141274134318033,not_significant,day 31
ACZ81_14800,0.141064961751302,not_significant,day 18
ACZ81_12605,-0.14076550801595,not_significant,day 89
ACZ81_04160,0.140663782755534,not_significant,days 60+89
ACZ81_09925,0.14041264851888,not_significant,day 18
ACZ81_05585,0.140089988708495,not_significant,days 60+89
ACZ81_01735,-0.139912923177084,not_significant,day 60
ACZ81_00340,-0.139895757039387,not_significant,day 60
ACZ81_05735,0.139883041381836,not_significant,day 89
ACZ81_01965,-0.139793395996093,not_significant,day 18
ACZ81_15190,-0.139753977457683,not_significant,day 18
ACZ81_04910,-0.139745076497397,not_significant,day 18
ACZ81_12565,0.139719009399414,not_significant,days 60+89
ACZ81_13770,-0.13969357808431,not_significant,day 31
ACZ81_16795,0.139692624409994,not_significant,days 60+89
ACZ81_16265,-0.139621734619139,not_significant,day 18
ACZ81_12695,-0.139542261759441,not_significant,days 60+89
ACZ81_08110,0.139481862386067,not_significant,day 89
ACZ81_02380,-0.139386177062989,not_significant,days 60+89
ACZ81_09380,-0.13934008280436,not_significant,day 31
ACZ81_19670,0.139321009318031,not_significant,day 89
ACZ81_07415,-0.139283498128254,not_significant,day 60
ACZ81_17445,0.139278411865235,not_significant,day 31
ACZ81_02695,0.139248530069987,not_significant,day 18
ACZ81_05465,-0.139138539632167,not_significant,day 89
ACZ81_16820,-0.139076868693037,not_significant,day 31
ACZ81_04945,-0.139043807983396,not_significant,day 31
ACZ81_13615,-0.138981501261393,not_significant,day 60
ACZ81_10635,-0.138944625854494,not_significant,day 31
ACZ81_13245,-0.138809521993,not_significant,days 60+89
ACZ81_03765,-0.138725916544596,not_significant,day 18
ACZ81_17375,0.138675689697263,not_significant,day 18
ACZ81_16345,-0.138645807902016,not_significant,day 89
ACZ81_16675,0.138642311096194,not_significant,days 60+89
ACZ81_13120,0.13857650756836,not_significant,day 89
ACZ81_17065,-0.138494491577153,not_significant,day 89
ACZ81_12880,-0.138484319051108,not_significant,day 31
ACZ81_17205,0.138411204020182,not_significant,day 60
ACZ81_15630,0.138339996337891,not_significant,day 18
ACZ81_01245,0.138180414835613,not_significant,day 89
ACZ81_18000,-0.138076464335125,not_significant,days 60+89
ACZ81_05560,0.138025283813473,not_significant,day 60
ACZ81_13575,-0.138007481892903,not_significant,day 18
ACZ81_09470,-0.137781778971357,not_significant,day 18
ACZ81_17310,-0.137672742207845,not_significant,days 60+89
ACZ81_05500,0.137653668721517,not_significant,days 60+89
ACZ81_13715,-0.137498219807943,not_significant,day 31
ACZ81_10210,-0.137304941813151,not_significant,day 31
ACZ81_15120,-0.136980692545572,not_significant,day 89
ACZ81_00765,-0.13697369893392,not_significant,day 18
ACZ81_15445,0.136862436930339,not_significant,days 60+89
ACZ81_00385,-0.136638005574548,not_significant,day 60
ACZ81_06110,0.136536280314127,not_significant,day 18
ACZ81_10845,-0.136465708414713,not_significant,day 18
ACZ81_08975,0.136367797851563,not_significant,day 18
ACZ81_05505,0.136298179626464,not_significant,days 60+89
ACZ81_02795,-0.136288324991862,not_significant,day 89
ACZ81_15090,-0.136178334554037,not_significant,day 18
ACZ81_06085,0.136020024617514,not_significant,day 31
ACZ81_05150,-0.135941823323568,not_significant,day 60
ACZ81_13270,-0.13590939839681,not_significant,day 31
ACZ81_03295,-0.135737737019857,not_significant,day 31
ACZ81_13480,0.135700225830075,not_significant,day 18
ACZ81_11520,0.135552724202475,not_significant,day 18
ACZ81_12720,0.135550816853841,not_significant,day 89
ACZ81_11175,0.135470708211263,not_significant,day 31
ACZ81_00805,0.135467529296875,not_significant,day 18
ACZ81_16880,-0.135448455810546,not_significant,day 60
ACZ81_20350,-0.135395050048828,not_significant,day 89
ACZ81_11550,0.135321935017903,not_significant,day 31
ACZ81_12115,-0.135148366292316,not_significant,day 31
ACZ81_06625,-0.135114669799806,not_significant,days 60+89
ACZ81_17870,-0.135054270426432,not_significant,day 18
ACZ81_03295,-0.135040283203124,not_significant,day 60
ACZ81_16700,-0.13496971130371,not_significant,day 60
ACZ81_17860,0.134823481241862,not_significant,day 60
ACZ81_00900,-0.134772618611654,not_significant,day 18
ACZ81_14740,-0.134646097819013,not_significant,day 18
ACZ81_10180,0.134594917297362,not_significant,days 60+89
ACZ81_07835,0.13455772399902,not_significant,day 31
ACZ81_01825,-0.134421030680341,not_significant,day 89
ACZ81_16345,-0.1343625386556,not_significant,days 60+89
ACZ81_00775,0.134301503499349,not_significant,day 18
ACZ81_08225,-0.134196599324545,not_significant,day 18
ACZ81_13735,-0.134140014648436,not_significant,day 18
ACZ81_11185,0.134112040201823,not_significant,day 89
ACZ81_06290,0.134090423583984,not_significant,day 60
ACZ81_14945,-0.13405672709147,not_significant,day 18
ACZ81_14400,-0.133994420369466,not_significant,day 60
ACZ81_10120,0.13393020629883,not_significant,day 89
ACZ81_07910,-0.13391431172689,not_significant,day 89
ACZ81_00385,0.133879979451499,not_significant,day 18
ACZ81_13795,-0.13384946187337,not_significant,day 31
ACZ81_01450,-0.133717854817708,not_significant,day 89
ACZ81_06610,-0.133717219034831,not_significant,days 60+89
ACZ81_07725,0.133695284525555,not_significant,days 60+89
ACZ81_06225,-0.13364855448405,not_significant,day 89
ACZ81_08595,-0.133464813232423,not_significant,day 89
ACZ81_02765,-0.133241017659504,not_significant,day 18
ACZ81_15540,0.133175532023114,not_significant,day 31
ACZ81_12810,0.133162180582682,not_significant,days 60+89
ACZ81_13550,0.133160273234049,not_significant,day 89
ACZ81_01795,-0.133101781209308,not_significant,day 31
ACZ81_11335,0.133017857869463,not_significant,day 18
ACZ81_19755,-0.132860819498697,not_significant,day 18
ACZ81_17585,-0.132829666137693,not_significant,day 31
ACZ81_00960,0.132776896158854,not_significant,day 31
ACZ81_18955,0.132733027140302,not_significant,day 89
ACZ81_04520,0.132682800292971,not_significant,day 18
ACZ81_00025,0.13241767883301,not_significant,day 60
ACZ81_06895,0.132376352945966,not_significant,day 89
ACZ81_10875,0.132326761881511,not_significant,day 89
ACZ81_15900,0.132275899251304,not_significant,day 89
ACZ81_14755,0.132186889648437,not_significant,day 18
ACZ81_08790,-0.13178825378418,not_significant,day 31
ACZ81_12670,0.13167953491211,not_significant,days 60+89
ACZ81_14945,0.13161563873291,not_significant,days 60+89
ACZ81_08225,0.131584167480469,not_significant,day 60
ACZ81_19105,-0.131554285685218,not_significant,days 60+89
ACZ81_02435,0.131387710571288,not_significant,day 60
ACZ81_02340,-0.131282806396483,not_significant,day 18
ACZ81_14400,0.131104787190755,not_significant,day 31
ACZ81_03555,0.130917867024739,not_significant,day 31
ACZ81_18245,-0.130829493204755,not_significant,day 31
ACZ81_03845,-0.130736033121745,not_significant,day 60
ACZ81_10810,-0.130711237589518,not_significant,day 60
ACZ81_00505,0.130646387736003,not_significant,day 60
ACZ81_10080,0.130627950032552,not_significant,day 18
ACZ81_18825,-0.130598704020182,not_significant,days 60+89
ACZ81_18480,0.130558649698893,not_significant,day 18
ACZ81_05440,0.130422592163086,not_significant,day 18
ACZ81_14545,0.130194981892907,not_significant,day 18
ACZ81_07320,0.130112965901694,not_significant,day 18
ACZ81_16345,-0.130079269409183,not_significant,day 60
ACZ81_09975,0.129983266194659,not_significant,day 18
ACZ81_14570,-0.129974683125815,not_significant,days 60+89
ACZ81_13260,-0.129965464274089,not_significant,day 31
ACZ81_18685,0.129939397176107,not_significant,days 60+89
ACZ81_17430,-0.129917780558268,not_significant,day 18
ACZ81_08540,-0.129690806070967,not_significant,day 18
ACZ81_12540,0.129664103190105,not_significant,day 31
ACZ81_04585,-0.129582722981773,not_significant,day 89
ACZ81_03525,0.129503250122066,not_significant,day 89
ACZ81_01010,0.129491170247395,not_significant,days 60+89
ACZ81_14620,-0.129463831583659,not_significant,day 31
ACZ81_12925,-0.129362106323244,not_significant,day 31
ACZ81_00085,-0.129230499267578,not_significant,day 31
ACZ81_07080,-0.12912877400716,not_significant,day 18
ACZ81_00880,0.128965377807617,not_significant,day 60
ACZ81_09400,-0.128964742024739,not_significant,day 18
ACZ81_11745,-0.12889798482259,not_significant,day 18
ACZ81_06970,0.128874778747557,not_significant,days 60+89
ACZ81_06440,0.128562291463216,not_significant,days 60+89
ACZ81_13175,0.128511428833007,not_significant,day 89
ACZ81_06435,-0.128442764282226,not_significant,day 18
ACZ81_05875,0.128412564595541,not_significant,days 60+89
ACZ81_17345,0.128400484720866,not_significant,days 60+89
ACZ81_03365,0.128313700358075,not_significant,day 89
ACZ81_17340,0.12824821472168,not_significant,day 60
ACZ81_10590,0.12811024983724,not_significant,day 31
ACZ81_09915,0.128011067708335,not_significant,day 18
ACZ81_17525,-0.127912521362303,not_significant,day 60
ACZ81_07350,0.127906163533531,not_significant,day 18
ACZ81_06440,0.127904256184897,not_significant,day 31
ACZ81_00565,-0.12785784403483,not_significant,day 89
ACZ81_17090,-0.127712249755859,not_significant,day 18
ACZ81_08260,-0.127422332763672,not_significant,day 31
ACZ81_20560,-0.127396901448567,not_significant,day 60
ACZ81_19045,-0.127297083536783,not_significant,day 60
ACZ81_19880,-0.127253850301105,not_significant,day 18
ACZ81_09140,-0.12710698445638,not_significant,day 18
ACZ81_17835,-0.12694867451986,not_significant,day 60
ACZ81_16810,-0.126930872599284,not_significant,day 60
ACZ81_00065,0.126887003580729,not_significant,day 60
ACZ81_09700,-0.126745223999024,not_significant,day 18
ACZ81_16675,0.126583735148115,not_significant,day 60
ACZ81_10200,-0.126486460367836,not_significant,day 89
ACZ81_17715,-0.126270929972331,not_significant,day 89
ACZ81_16520,0.126052856445314,not_significant,day 89
ACZ81_00870,0.126047134399414,not_significant,day 31
ACZ81_03290,-0.125988006591797,not_significant,day 31
ACZ81_01710,-0.125986735026041,not_significant,day 60
ACZ81_00130,-0.125960667928059,not_significant,day 18
ACZ81_01895,0.12594477335612,not_significant,day 31
ACZ81_11585,0.125832239786785,not_significant,day 18
ACZ81_14930,0.125792185465496,not_significant,day 60
ACZ81_18800,-0.125699996948242,not_significant,day 31
ACZ81_02155,0.125508626302084,not_significant,day 18
ACZ81_04835,-0.125421841939289,not_significant,days 60+89
ACZ81_16385,-0.125386555989584,not_significant,day 60
ACZ81_03000,0.125375111897787,not_significant,day 18
ACZ81_16405,-0.12534777323405,not_significant,day 60
ACZ81_05390,-0.125237147013349,not_significant,days 60+89
ACZ81_14120,-0.125130335489909,not_significant,day 31
ACZ81_19745,0.125089009602865,not_significant,day 18
ACZ81_15295,-0.125039418538412,not_significant,day 18
ACZ81_08510,0.124990463256836,not_significant,day 60
ACZ81_11635,-0.124937375386557,not_significant,days 60+89
ACZ81_05380,-0.124934514363606,not_significant,day 18
ACZ81_16490,-0.124825795491536,not_significant,day 18
ACZ81_17370,-0.124765396118166,not_significant,day 31
ACZ81_02320,-0.124746322631835,not_significant,day 31
ACZ81_08225,0.124695777893068,not_significant,days 60+89
ACZ81_00610,0.124680201212566,not_significant,day 60
ACZ81_00030,-0.124380111694337,not_significant,day 31
ACZ81_19885,0.124330520629883,not_significant,day 31
ACZ81_13120,0.12428061167399,not_significant,days 60+89
ACZ81_16585,0.124220530192057,not_significant,day 31
ACZ81_02850,-0.124191919962567,not_significant,day 18
ACZ81_12540,-0.124175389607747,not_significant,day 89
ACZ81_17835,0.124079386393225,not_significant,days 60+89
ACZ81_03375,0.124032020568847,not_significant,days 60+89
ACZ81_04890,-0.123922348022459,not_significant,day 18
ACZ81_12700,-0.123715718587239,not_significant,days 60+89
ACZ81_02495,-0.123552322387698,not_significant,day 60
ACZ81_17750,-0.123438517252604,not_significant,day 60
ACZ81_18830,0.12316068013509,not_significant,day 31
ACZ81_05460,0.122924168904623,not_significant,day 89
ACZ81_14450,0.12284406026204,not_significant,day 31
ACZ81_03115,-0.122762044270834,not_significant,day 18
ACZ81_16465,-0.122728983561194,not_significant,day 18
ACZ81_10250,-0.122664133707687,not_significant,day 18
ACZ81_08435,0.122620264689127,not_significant,day 18
ACZ81_02305,0.122619628906247,not_significant,day 60
ACZ81_14875,-0.122552235921224,not_significant,day 18
ACZ81_05340,0.122296015421552,not_significant,day 31
ACZ81_15620,0.122284571329756,not_significant,day 18
ACZ81_19200,0.12205823262533,not_significant,day 18
ACZ81_07275,-0.122056325276693,not_significant,day 18
ACZ81_04875,0.122051239013671,not_significant,day 60
ACZ81_00775,0.122050603230794,not_significant,day 31
ACZ81_01000,0.122047424316406,not_significant,day 31
ACZ81_03245,0.122037887573242,not_significant,day 60
ACZ81_04520,-0.12172762552897,not_significant,day 89
ACZ81_05135,-0.121692021687826,not_significant,day 60
ACZ81_17075,-0.121686299641928,not_significant,day 89
ACZ81_08135,0.121196746826172,not_significant,day 18
ACZ81_14695,-0.121040344238283,not_significant,day 89
ACZ81_10605,-0.120922724405924,not_significant,day 18
ACZ81_17370,0.12068398793538,not_significant,days 60+89
ACZ81_08710,-0.120655059814451,not_significant,day 18
ACZ81_07400,-0.120440165201818,not_significant,days 60+89
ACZ81_05805,0.120433489481607,not_significant,days 60+89
ACZ81_15195,-0.120141983032227,not_significant,day 18
ACZ81_16125,-0.1200377146403,not_significant,day 18
ACZ81_04905,-0.120016098022461,not_significant,day 31
ACZ81_06435,0.11997858683268,not_significant,days 60+89
ACZ81_02425,-0.11997032165527,not_significant,day 31
ACZ81_19395,0.119762420654297,not_significant,day 18
ACZ81_16385,0.119696299235026,not_significant,day 31
ACZ81_13475,-0.119489669799803,not_significant,day 60
ACZ81_09275,0.119455337524413,not_significant,day 18
ACZ81_14980,0.119419097900388,not_significant,day 18
ACZ81_17820,0.119417826334637,not_significant,day 18
ACZ81_18795,0.119158426920573,not_significant,day 18
ACZ81_14865,-0.119074503580729,not_significant,day 89
ACZ81_04265,0.118991851806643,not_significant,day 60
ACZ81_13715,-0.118966420491536,not_significant,day 18
ACZ81_16690,0.118955930074055,not_significant,days 60+89
ACZ81_11165,-0.118923823038737,not_significant,day 60
ACZ81_19585,0.118883768717447,not_significant,day 31
ACZ81_19520,0.118883132934571,not_significant,day 89
ACZ81_10000,0.118703206380209,not_significant,day 89
ACZ81_05120,-0.118669509887695,not_significant,day 60
ACZ81_16875,0.118614196777345,not_significant,day 89
ACZ81_04075,0.11848831176758,not_significant,day 31
ACZ81_09195,-0.118454615275067,not_significant,day 18
ACZ81_19325,-0.118417739868167,not_significant,day 18
ACZ81_09615,-0.118409474690756,not_significant,day 89
ACZ81_14560,-0.118385950724284,not_significant,day 18
ACZ81_10605,-0.11829408009847,not_significant,days 60+89
ACZ81_19380,-0.118145624796551,not_significant,day 18
ACZ81_09795,-0.118117014567056,not_significant,day 89
ACZ81_13310,0.11807441711426,not_significant,day 31
ACZ81_19720,0.117914517720539,not_significant,days 60+89
ACZ81_04000,0.117911656697591,not_significant,day 60
ACZ81_08225,0.117807388305666,not_significant,day 89
ACZ81_03275,0.117728551228841,not_significant,day 60
ACZ81_05825,0.117682139078776,not_significant,day 18
ACZ81_12680,0.117612202962243,not_significant,day 31
ACZ81_06350,-0.117464701334636,not_significant,day 18
ACZ81_09010,-0.117420832316077,not_significant,day 18
ACZ81_16265,0.117367426554364,not_significant,day 31
ACZ81_11595,-0.11714522043864,not_significant,days 60+89
ACZ81_14455,-0.117020924886068,not_significant,days 60+89
ACZ81_00505,-0.116816202799479,not_significant,day 89
ACZ81_11445,-0.116722106933594,not_significant,days 60+89
ACZ81_20560,0.116666793823242,not_significant,day 31
ACZ81_14940,-0.116537729899087,not_significant,day 18
ACZ81_17320,-0.116493225097656,not_significant,day 31
ACZ81_11745,-0.116486867268879,not_significant,days 60+89
ACZ81_04240,0.116429646809892,not_significant,days 60+89
ACZ81_13835,0.116421063741048,not_significant,days 60+89
ACZ81_05555,-0.11634381612142,not_significant,day 18
ACZ81_18080,-0.116169611612959,not_significant,day 89
ACZ81_13040,-0.116112391153971,not_significant,day 18
ACZ81_01385,0.116009394327799,not_significant,days 60+89
ACZ81_11570,-0.116001764933268,not_significant,day 18
ACZ81_04520,-0.115956624348956,not_significant,days 60+89
ACZ81_16330,0.115936279296875,not_significant,day 18
ACZ81_09205,-0.115864753723144,not_significant,days 60+89
ACZ81_10425,-0.11573537190755,not_significant,day 18
ACZ81_13590,-0.115702311197917,not_significant,day 31
ACZ81_17010,0.115559260050456,not_significant,day 31
ACZ81_01795,0.115555445353192,not_significant,day 18
ACZ81_01715,0.115507761637369,not_significant,days 60+89
ACZ81_20445,0.11550267537435,not_significant,day 18
ACZ81_17375,-0.115200042724609,not_significant,day 60
ACZ81_01880,0.115081151326497,not_significant,day 18
ACZ81_03480,-0.114949544270834,not_significant,day 18
ACZ81_00520,0.11488723754883,not_significant,day 18
ACZ81_04060,0.114763259887694,not_significant,day 18
ACZ81_00930,-0.114724477132162,not_significant,day 60
ACZ81_03070,0.114686965942383,not_significant,day 60
ACZ81_17570,-0.114603678385416,not_significant,day 89
ACZ81_12230,-0.11446952819824,not_significant,day 31
ACZ81_01850,0.114323298136393,not_significant,day 18
ACZ81_17275,-0.114182790120442,not_significant,day 31
ACZ81_14570,0.11415417989095,not_significant,day 89
ACZ81_11175,0.113832473754883,not_significant,day 60
ACZ81_03290,-0.113828659057617,not_significant,days 60+89
ACZ81_15070,0.113693237304686,not_significant,day 89
ACZ81_15605,0.113630930582684,not_significant,day 89
ACZ81_11680,-0.11335945129395,not_significant,day 60
ACZ81_03250,-0.11333147684733,not_significant,days 60+89
ACZ81_10230,-0.113131841023763,not_significant,day 89
ACZ81_00260,-0.113115310668947,not_significant,day 89
ACZ81_07590,-0.113094965616862,not_significant,day 18
ACZ81_14530,-0.113012313842772,not_significant,day 18
ACZ81_10110,-0.112902323404947,not_significant,day 89
ACZ81_08585,-0.112600008646647,not_significant,days 60+89
ACZ81_14865,-0.11245854695638,not_significant,days 60+89
ACZ81_02145,0.112342834472656,not_significant,day 18
ACZ81_00070,-0.112239837646487,not_significant,day 18
ACZ81_17330,-0.11219310760498,not_significant,days 60+89
ACZ81_01180,-0.112192153930664,not_significant,day 18
ACZ81_17570,-0.112058639526366,not_significant,day 31
ACZ81_10660,0.111855824788418,not_significant,day 89
ACZ81_00575,0.111819585164388,not_significant,day 18
ACZ81_13175,-0.111787796020506,not_significant,day 31
ACZ81_04200,-0.111718495686847,not_significant,day 31
ACZ81_18855,-0.111605962117513,not_significant,day 18
ACZ81_11300,0.111394246419269,not_significant,day 89
ACZ81_17795,0.111352920532227,not_significant,day 18
ACZ81_12670,0.111324310302737,not_significant,day 89
ACZ81_08130,0.111323674519856,not_significant,day 18
ACZ81_19585,0.111025492350258,not_significant,day 60
ACZ81_00710,-0.110752423604331,not_significant,days 60+89
ACZ81_02055,0.110720316569013,not_significant,day 60
ACZ81_03210,0.110647201538085,not_significant,day 89
ACZ81_10455,0.110309282938638,not_significant,days 60+89
ACZ81_03690,0.110265096028647,not_significant,day 18
ACZ81_03070,-0.1102294921875,not_significant,day 89
ACZ81_04520,-0.110185623168943,not_significant,day 60
ACZ81_00225,0.110094070434574,not_significant,day 60
ACZ81_06640,0.110083897908526,not_significant,day 18
ACZ81_09640,-0.110029856363933,not_significant,day 31
ACZ81_06175,0.109984715779623,not_significant,day 31
ACZ81_13120,0.109984715779621,not_significant,day 60
ACZ81_16305,-0.109976450602214,not_significant,day 31
ACZ81_18185,-0.109898249308271,not_significant,day 89
ACZ81_14115,-0.109875996907552,not_significant,day 18
ACZ81_10605,0.109854380289714,not_significant,day 89
ACZ81_18285,-0.109788258870443,not_significant,day 18
ACZ81_17315,-0.10976600646973,not_significant,day 31
ACZ81_05380,-0.109672546386716,not_significant,days 60+89
ACZ81_00700,0.10957145690918,not_significant,day 89
ACZ81_03390,-0.109548568725584,not_significant,day 18
ACZ81_02810,-0.109342575073237,not_significant,day 89
ACZ81_07415,-0.109206517537435,not_significant,days 60+89
ACZ81_07715,0.109203020731607,not_significant,day 60
ACZ81_03350,-0.109188079833985,not_significant,day 18
ACZ81_14750,0.109127680460612,not_significant,day 60
ACZ81_15870,-0.108982086181641,not_significant,day 18
ACZ81_00870,-0.108903884887698,not_significant,days 60+89
ACZ81_18450,0.108825047810877,not_significant,day 31
ACZ81_13725,-0.108783086140953,not_significant,day 31
ACZ81_13310,-0.108782450358071,not_significant,day 18
ACZ81_00090,0.108695030212402,not_significant,days 60+89
ACZ81_03270,-0.108496348063154,not_significant,day 31
ACZ81_10490,-0.108484903971354,not_significant,day 89
ACZ81_08150,-0.108287811279297,not_significant,day 18
ACZ81_09265,-0.108136494954427,not_significant,day 89
ACZ81_08890,0.10787073771159,not_significant,day 60
ACZ81_16810,-0.107857704162598,not_significant,days 60+89
ACZ81_07365,-0.107808430989583,not_significant,day 89
ACZ81_03235,0.107740402221679,not_significant,day 60
ACZ81_10195,0.107651392618813,not_significant,day 18
ACZ81_06690,0.107564290364588,not_significant,days 60+89
ACZ81_18305,-0.1074587504069,not_significant,day 31
ACZ81_06055,-0.106971740722654,not_significant,day 18
ACZ81_13725,-0.106894175211594,not_significant,day 18
ACZ81_04485,0.106828689575195,not_significant,day 18
ACZ81_16725,0.10681660970052,not_significant,day 18
ACZ81_06160,0.106815973917643,not_significant,day 31
ACZ81_14120,-0.106720606486003,not_significant,day 60
ACZ81_10295,-0.106515884399414,not_significant,day 31
ACZ81_11695,0.106499989827473,not_significant,day 89
ACZ81_05735,-0.106481552124024,not_significant,day 31
ACZ81_08065,0.106440544128418,not_significant,days 60+89
ACZ81_06340,-0.106386502583822,not_significant,days 60+89
ACZ81_15215,-0.106113433837891,not_significant,day 18
ACZ81_15400,-0.10596466064453,not_significant,day 60
ACZ81_18855,-0.1059455871582,not_significant,day 60
ACZ81_14865,-0.105842590332031,not_significant,day 60
ACZ81_11140,-0.105820973714193,not_significant,day 89
ACZ81_15210,-0.105799992879232,not_significant,day 18
ACZ81_06840,0.105794270833333,not_significant,day 60
ACZ81_05560,-0.105505625406904,not_significant,day 89
ACZ81_10340,-0.105354944864909,not_significant,day 18
ACZ81_06415,-0.105231920878092,not_significant,days 60+89
ACZ81_08705,0.105079015096028,not_significant,day 31
ACZ81_08535,-0.105023701985681,not_significant,day 31
ACZ81_11135,-0.104639689127608,not_significant,day 18
ACZ81_11245,0.104576110839843,not_significant,day 89
ACZ81_06610,0.10452651977539,not_significant,day 89
ACZ81_00565,-0.104474385579426,not_significant,day 31
ACZ81_13450,-0.104307810465494,not_significant,day 18
ACZ81_14905,-0.104284286499024,not_significant,day 18
ACZ81_14015,-0.104257583618163,not_significant,day 89
ACZ81_02000,0.104173660278323,not_significant,day 18
ACZ81_13725,0.10397466023763,not_significant,day 60
ACZ81_20450,-0.103826522827147,not_significant,day 18
ACZ81_12590,0.103528340657552,not_significant,day 89
ACZ81_08135,-0.103520075480143,not_significant,day 89
ACZ81_13090,-0.103377660115557,not_significant,days 60+89
ACZ81_16860,-0.103233337402344,not_significant,day 18
ACZ81_10455,-0.10321935017904,not_significant,day 18
ACZ81_00530,0.103051503499348,not_significant,day 31
ACZ81_13245,-0.102639516194663,not_significant,day 31
ACZ81_17450,-0.102582931518556,not_significant,days 60+89
ACZ81_11595,-0.102387110392253,not_significant,day 31
ACZ81_04885,-0.102382659912109,not_significant,day 18
ACZ81_09960,-0.102350870768227,not_significant,day 18
ACZ81_05490,0.102329889933268,not_significant,days 60+89
ACZ81_03470,-0.102212905883789,not_significant,day 89
ACZ81_00650,-0.102065404256183,not_significant,day 89
ACZ81_13940,0.10195541381836,not_significant,day 18
ACZ81_01160,0.101912180582683,not_significant,day 18
ACZ81_05590,0.10189628601074,not_significant,day 18
ACZ81_16880,-0.101771672566731,not_significant,days 60+89
ACZ81_01065,-0.10177040100098,not_significant,day 60
ACZ81_16745,-0.101762135823567,not_significant,day 60
ACZ81_12590,0.10137685139974,not_significant,day 18
ACZ81_01130,-0.101113001505533,not_significant,day 18
ACZ81_07725,0.100551605224609,not_significant,day 31
ACZ81_08370,0.100458145141602,not_significant,day 60
ACZ81_10110,-0.100412368774415,not_significant,day 18
ACZ81_14895,-0.100319544474284,not_significant,day 89
ACZ81_05735,-0.100304285685222,not_significant,day 18
ACZ81_12350,0.100229899088539,not_significant,day 18
ACZ81_05085,0.100200017293297,not_significant,day 31
ACZ81_17525,-0.10015265146891,not_significant,days 60+89
ACZ81_00510,0.10013771057129,not_significant,day 60
ACZ81_00005,-0.0998535156250001,not_significant,day 89
ACZ81_07815,-0.0997556050618482,not_significant,day 31
ACZ81_11000,0.0996621449788395,not_significant,day 18
ACZ81_02155,-0.099427541097004,not_significant,day 60
ACZ81_03470,0.0994230906168627,not_significant,day 31
ACZ81_07815,0.0994167327880868,not_significant,day 18
ACZ81_13445,0.0993537902832067,not_significant,day 18
ACZ81_06100,-0.0993321736653647,not_significant,day 31
ACZ81_00460,-0.0993194580078118,not_significant,days 60+89
ACZ81_08055,0.0990072886149089,not_significant,day 89
ACZ81_01055,-0.0989933013916005,not_significant,day 18
ACZ81_03820,0.0989850362141929,not_significant,day 60
ACZ81_03465,0.0988470713297529,not_significant,day 18
ACZ81_03395,-0.098771413167318,not_significant,day 18
ACZ81_02980,0.0987695058186847,not_significant,day 18
ACZ81_01680,-0.0987459818522129,not_significant,day 60
ACZ81_04560,0.0986544291178399,not_significant,day 31
ACZ81_08135,0.0986391703287761,not_significant,day 31
ACZ81_01915,0.098611195882166,not_significant,day 18
ACZ81_03210,-0.0984506607055671,not_significant,days 60+89
ACZ81_10865,-0.098187764485677,not_significant,day 18
ACZ81_04510,-0.0980809529622375,not_significant,day 18
ACZ81_16385,-0.0980447133382163,not_significant,day 18
ACZ81_10230,-0.0979900360107419,not_significant,days 60+89
ACZ81_02200,0.097925186157226,not_significant,day 31
ACZ81_13310,0.0978988011678066,not_significant,days 60+89
ACZ81_00960,0.0976829528808592,not_significant,day 89
ACZ81_07900,0.09762986501058,not_significant,days 60+89
ACZ81_06335,0.0976257324218746,not_significant,day 18
ACZ81_06085,0.097599665323894,not_significant,day 18
ACZ81_13375,-0.0974191029866529,not_significant,day 89
ACZ81_05515,-0.0973250071207703,not_significant,day 31
ACZ81_11740,-0.0973033905029264,not_significant,day 18
ACZ81_14520,-0.0972226460774739,not_significant,day 60
ACZ81_08910,-0.0972188313802071,not_significant,days 60+89
ACZ81_08205,-0.0971641540527339,not_significant,day 31
ACZ81_02435,-0.0970179239908872,not_significant,day 31
ACZ81_04450,0.0969823201497406,not_significant,day 60
ACZ81_17655,-0.0968958536783866,not_significant,day 60
ACZ81_10120,0.0968786875406917,not_significant,days 60+89
ACZ81_14790,0.0968596140543619,not_significant,day 18
ACZ81_19695,-0.0968513488769536,not_significant,day 18
ACZ81_18300,-0.0967845916748034,not_significant,day 18
ACZ81_00100,-0.0967241923014323,not_significant,day 89
ACZ81_05820,-0.0966952641805046,not_significant,day 60
ACZ81_05245,0.0965582529703828,not_significant,day 31
ACZ81_00085,0.0964927673339843,not_significant,day 18
ACZ81_01805,0.0964565277099596,not_significant,day 89
ACZ81_13630,0.0964527130126926,not_significant,day 18
ACZ81_13550,0.0964202880859357,not_significant,days 60+89
ACZ81_08315,-0.0961310068766256,not_significant,day 18
ACZ81_15805,-0.0959192911783842,not_significant,day 89
ACZ81_03185,0.0957816441853874,not_significant,days 60+89
ACZ81_16820,-0.0956322352091485,not_significant,days 60+89
ACZ81_16860,0.0956249237060548,not_significant,days 60+89
ACZ81_19365,-0.095571517944336,not_significant,day 60
ACZ81_09795,-0.0954532623291016,not_significant,days 60+89
ACZ81_00875,0.095373153686524,not_significant,day 18
ACZ81_14395,-0.0953330993652347,not_significant,day 89
ACZ81_16305,-0.0952889124552412,not_significant,day 89
ACZ81_06080,0.0952402750651062,not_significant,day 18
ACZ81_03820,0.0952154795328761,not_significant,day 31
ACZ81_19800,0.0951239267985,not_significant,day 18
ACZ81_13115,-0.0950660705566406,not_significant,day 31
ACZ81_05580,-0.0950069427490208,not_significant,day 18
ACZ81_12920,0.0949942270914701,not_significant,day 18
ACZ81_18270,0.0949935913085969,not_significant,day 31
ACZ81_07275,-0.0949865976969403,not_significant,day 60
ACZ81_08600,0.0949192047119132,not_significant,day 60
ACZ81_09410,0.0947723388671871,not_significant,day 60
ACZ81_17350,-0.094725926717123,not_significant,day 60
ACZ81_11190,0.094584147135417,not_significant,day 18
ACZ81_18705,0.0943129857381202,not_significant,days 60+89
ACZ81_13610,-0.0942926406860355,not_significant,days 60+89
ACZ81_15290,0.0941982269287065,not_significant,day 18
ACZ81_19720,-0.0940233866373699,not_significant,day 18
ACZ81_10200,-0.0935449600219713,not_significant,days 60+89
ACZ81_09175,0.0934352874755859,not_significant,days 60+89
ACZ81_17770,-0.0933532714843752,not_significant,days 60+89
ACZ81_03280,-0.0933284759521487,not_significant,day 89
ACZ81_13315,-0.0932731628417969,not_significant,day 18
ACZ81_13010,0.0931498209635417,not_significant,day 89
ACZ81_01895,-0.0929978688557944,not_significant,day 18
ACZ81_03275,0.0929940541585285,not_significant,days 60+89
ACZ81_11585,0.0929581324259443,not_significant,days 60+89
ACZ81_14790,0.0929549535115561,not_significant,days 60+89
ACZ81_06125,-0.0929508209228509,not_significant,day 18
ACZ81_02765,-0.0929368336995431,not_significant,day 89
ACZ81_10660,-0.0926227569580025,not_significant,day 31
ACZ81_19920,0.0925540924072253,not_significant,day 60
ACZ81_05990,-0.0924879709879557,not_significant,day 31
ACZ81_01125,-0.0924599965413411,not_significant,day 31
ACZ81_14305,-0.0924158096313468,not_significant,days 60+89
ACZ81_06160,-0.0923239390055302,not_significant,day 18
ACZ81_13725,0.0922988255818673,not_significant,days 60+89
ACZ81_13130,0.0920403798421217,not_significant,day 89
ACZ81_06670,0.0920022328694636,not_significant,day 60
ACZ81_16960,-0.0918935139973963,not_significant,day 18
ACZ81_01975,-0.0918909708658857,not_significant,day 31
ACZ81_12235,0.0918814341227207,not_significant,day 18
ACZ81_13595,0.0918439229329397,not_significant,day 31
ACZ81_03570,-0.0917161305745441,not_significant,day 18
ACZ81_14865,0.0916824340820309,not_significant,day 18
ACZ81_09200,-0.091479619344077,not_significant,day 18
ACZ81_13595,-0.0913486480712904,not_significant,days 60+89
ACZ81_11730,0.0913270314534536,not_significant,day 89
ACZ81_02150,-0.0912965138753237,not_significant,days 60+89
ACZ81_17780,0.0912507375081364,not_significant,day 89
ACZ81_17445,0.0912354787190756,not_significant,day 18
ACZ81_11140,-0.0911534627278643,not_significant,days 60+89
ACZ81_17675,-0.0910962422688804,not_significant,day 18
ACZ81_18010,-0.0910768508911112,not_significant,days 60+89
ACZ81_10175,0.0910015106201182,not_significant,day 31
ACZ81_03295,0.0909519195556641,not_significant,day 18
ACZ81_14115,0.0908838907877607,not_significant,day 60
ACZ81_13835,0.0908164978027346,not_significant,day 60
ACZ81_06290,-0.090754191080729,not_significant,day 18
ACZ81_19370,0.0907115936279306,not_significant,day 60
ACZ81_16400,0.0906937917073569,not_significant,day 18
ACZ81_10300,0.0905939737955763,not_significant,day 18
ACZ81_02055,0.0905755360921234,not_significant,days 60+89
ACZ81_17280,-0.0904928843180368,not_significant,day 89
ACZ81_04710,-0.0904795328776057,not_significant,day 18
ACZ81_04690,-0.0901006062825521,not_significant,day 18
ACZ81_17570,-0.0899699529012032,not_significant,days 60+89
ACZ81_01665,0.0899556477864603,not_significant,day 31
ACZ81_19325,0.0897757212320962,not_significant,day 60
ACZ81_09785,-0.0896466573079397,not_significant,day 18
ACZ81_04250,-0.089646021525063,not_significant,day 18
ACZ81_11025,-0.0893294016520172,not_significant,day 18
ACZ81_04835,-0.0893281300862636,not_significant,day 60
ACZ81_15450,-0.0890197753906237,not_significant,day 18
ACZ81_10300,0.0890153249104833,not_significant,day 31
ACZ81_02795,0.0889720916748037,not_significant,day 18
ACZ81_13830,0.0889145533243814,not_significant,days 60+89
ACZ81_16810,-0.0887845357259113,not_significant,day 89
ACZ81_13170,-0.0886955261230452,not_significant,day 18
ACZ81_03790,-0.0886046091715496,not_significant,day 31
ACZ81_11385,0.0885035196940138,not_significant,day 18
ACZ81_09900,-0.0884017944335939,not_significant,day 18
ACZ81_02345,-0.0883188247680665,not_significant,days 60+89
ACZ81_01065,0.0882790883382136,not_significant,day 31
ACZ81_05150,-0.0881735483805339,not_significant,day 31
ACZ81_06025,0.0880743662516255,not_significant,day 31
ACZ81_05700,-0.0879408518473301,not_significant,day 89
ACZ81_01635,0.0878766377766906,not_significant,day 18
ACZ81_20620,-0.0878626505533837,not_significant,day 18
ACZ81_00965,-0.0876795450846352,not_significant,day 18
ACZ81_19330,0.0874468485514368,not_significant,day 18
ACZ81_16890,-0.0873184204101531,not_significant,day 60
ACZ81_10875,0.0872844060262047,not_significant,days 60+89
ACZ81_00960,-0.087254842122396,not_significant,day 18
ACZ81_00980,-0.0871156056722047,not_significant,days 60+89
ACZ81_04855,-0.0869223276774084,not_significant,day 18
ACZ81_18340,0.086865107218423,not_significant,day 31
ACZ81_13545,0.0868377685546872,not_significant,day 18
ACZ81_18150,0.0866629282633462,not_significant,day 89
ACZ81_16700,-0.0866219202677407,not_significant,days 60+89
ACZ81_09745,0.0866190592447913,not_significant,day 31
ACZ81_11115,0.0865948994954402,not_significant,day 18
ACZ81_16860,-0.0865313212076821,not_significant,day 60
ACZ81_04080,0.0865221023559575,not_significant,days 60+89
ACZ81_02690,-0.0863189697265629,not_significant,day 31
ACZ81_00280,-0.0862483978271495,not_significant,day 31
ACZ81_12665,-0.0861155192057299,not_significant,day 60
ACZ81_14435,-0.0860840479532876,not_significant,days 60+89
ACZ81_08775,-0.0857992172241215,not_significant,days 60+89
ACZ81_04275,0.0857531229654942,not_significant,day 60
ACZ81_07205,0.0856157938639335,not_significant,day 31
ACZ81_00895,-0.0851796468098964,not_significant,day 89
ACZ81_06350,0.0851561228434246,not_significant,day 31
ACZ81_06995,-0.0850874582926433,not_significant,day 89
ACZ81_13125,-0.0850305557250954,not_significant,days 60+89
ACZ81_07660,0.0848382314046229,not_significant,day 18
ACZ81_02280,0.0848000844319672,not_significant,day 18
ACZ81_14105,0.0844726562499991,not_significant,day 18
ACZ81_19215,0.0844300587971967,not_significant,day 89
ACZ81_11745,0.0844294230143241,not_significant,day 89
ACZ81_17765,0.0844271977742509,not_significant,days 60+89
ACZ81_16470,0.0843849182128933,not_significant,day 60
ACZ81_06970,0.0843404134114558,not_significant,day 89
ACZ81_13730,-0.0842736562093099,not_significant,day 18
ACZ81_16345,-0.0841611226399732,not_significant,day 31
ACZ81_18155,0.0840574900309261,not_significant,day 18
ACZ81_01175,0.0839201609293598,not_significant,day 89
ACZ81_01110,0.083585421244301,not_significant,day 18
ACZ81_14750,-0.0835062662760414,not_significant,day 18
ACZ81_17855,0.0833485921223976,not_significant,day 60
ACZ81_04440,-0.0833123524983757,not_significant,days 60+89
ACZ81_08750,-0.083291371663412,not_significant,day 31
ACZ81_12555,0.0832297007242833,not_significant,day 89
ACZ81_02265,-0.0830821990966774,not_significant,day 60
ACZ81_14095,0.0829944610595705,not_significant,day 89
ACZ81_10230,-0.082848230997721,not_significant,day 60
ACZ81_13775,0.0828240712483727,not_significant,day 18
ACZ81_13720,0.0827465057373105,not_significant,day 31
ACZ81_05515,-0.0826689402262393,not_significant,day 60
ACZ81_06785,-0.0825599034627267,not_significant,days 60+89
ACZ81_12770,0.0824896494547502,not_significant,day 31
ACZ81_07380,0.0822232564290344,not_significant,day 18
ACZ81_20560,-0.0819899241129557,not_significant,day 18
ACZ81_03025,-0.0818303426106781,not_significant,day 60
ACZ81_18110,0.0816961924235065,not_significant,day 31
ACZ81_04510,0.0812765757242828,not_significant,day 60
ACZ81_17765,-0.0812047322591146,not_significant,day 18
ACZ81_10675,-0.0811595916748042,not_significant,day 18
ACZ81_18035,0.0811367034912136,not_significant,day 60
ACZ81_07055,0.0809720357259169,not_significant,day 60
ACZ81_03290,-0.0807685852050783,not_significant,day 60
ACZ81_07420,-0.0806624094645203,not_significant,day 31
ACZ81_13725,0.080622990926106,not_significant,day 89
ACZ81_10295,0.0805308024088541,not_significant,day 18
ACZ81_08045,-0.0805072784423825,not_significant,day 18
ACZ81_12920,-0.0804710388183589,not_significant,day 60
ACZ81_11245,-0.0803511937459298,not_significant,days 60+89
ACZ81_10250,0.0802923838297498,not_significant,day 31
ACZ81_14515,0.0799643198649065,not_significant,day 60
ACZ81_07585,0.0799077351888027,not_significant,day 31
ACZ81_12950,-0.0799045562744152,not_significant,day 18
ACZ81_06840,0.079676310221354,not_significant,day 31
ACZ81_16840,0.0796585083007812,not_significant,day 89
ACZ81_15550,-0.0795942942301433,not_significant,day 31
ACZ81_09265,0.0794385274251303,not_significant,days 60+89
ACZ81_12665,-0.0793288548787432,not_significant,days 60+89
ACZ81_09980,-0.0792833964029954,not_significant,day 18
ACZ81_00915,0.0792827606201203,not_significant,day 31
ACZ81_13830,-0.0792757670084627,not_significant,day 89
ACZ81_13400,0.0792274475097652,not_significant,day 31
ACZ81_07415,-0.079129536946617,not_significant,day 89
ACZ81_13115,0.0789664586385091,not_significant,days 60+89
ACZ81_08620,-0.0787830352783203,not_significant,day 18
ACZ81_14040,0.0787518819173196,not_significant,day 89
ACZ81_03830,0.0787277221679687,not_significant,day 18
ACZ81_08890,0.0786952972412132,not_significant,days 60+89
ACZ81_11575,-0.0786857604980464,not_significant,day 89
ACZ81_09325,0.0786244074503584,not_significant,days 60+89
ACZ81_19675,0.0785910288492837,not_significant,day 89
ACZ81_03370,0.0785808563232413,not_significant,day 31
ACZ81_17075,0.0784905751546212,not_significant,day 31
ACZ81_11185,-0.0784549713134757,not_significant,days 60+89
ACZ81_08020,-0.078391393025716,not_significant,day 60
ACZ81_08745,0.0783691406250009,not_significant,day 60
ACZ81_02830,0.0783163706461578,not_significant,days 60+89
ACZ81_14570,0.0781777699788413,not_significant,day 18
ACZ81_00510,-0.0781695048014301,not_significant,day 18
ACZ81_00090,-0.0780798594156903,not_significant,day 60
ACZ81_17495,0.0779247283935537,not_significant,day 89
ACZ81_13755,-0.0778757731119792,not_significant,day 89
ACZ81_17840,-0.077568054199217,not_significant,day 60
ACZ81_17495,-0.0774300893147788,not_significant,day 18
ACZ81_12695,-0.0772304534912096,not_significant,day 31
ACZ81_12730,-0.07705561319987,not_significant,day 60
ACZ81_11230,0.0769882202148473,not_significant,day 18
ACZ81_15070,0.0768674214680987,not_significant,days 60+89
ACZ81_11915,-0.0768419901529942,not_significant,day 18
ACZ81_16955,-0.0768070220947261,not_significant,day 31
ACZ81_10590,-0.0767084757486967,not_significant,day 18
ACZ81_18325,0.0766862233479837,not_significant,day 31
ACZ81_16880,0.0766785939534502,not_significant,day 18
ACZ81_06705,-0.0766512552897098,not_significant,day 89
ACZ81_04895,-0.0766347249348956,not_significant,day 31
ACZ81_12540,-0.0765946706136061,not_significant,days 60+89
ACZ81_10670,-0.0765647888183598,not_significant,day 31
ACZ81_09970,-0.0765145619710286,not_significant,day 89
ACZ81_11140,-0.0764859517415366,not_significant,day 60
ACZ81_01930,-0.0764573415120442,not_significant,day 18
ACZ81_13735,0.0763880411783866,not_significant,day 31
ACZ81_00495,0.0762017567952475,not_significant,day 18
ACZ81_16595,0.0761934916178371,not_significant,day 18
ACZ81_17870,-0.0760720570882153,not_significant,day 31
ACZ81_01670,0.0760491689046239,not_significant,day 89
ACZ81_05435,-0.0759270985921227,not_significant,day 31
ACZ81_19570,-0.0758514404296873,not_significant,day 89
ACZ81_09790,-0.0758412679036455,not_significant,day 18
ACZ81_04450,-0.0757242838541643,not_significant,days 60+89
ACZ81_16720,0.0756766001383467,not_significant,day 60
ACZ81_03875,-0.0756276448567704,not_significant,day 18
ACZ81_15040,0.0756174723307268,not_significant,day 31
ACZ81_19720,0.0755621592203772,not_significant,day 89
ACZ81_02920,0.0754915873209635,not_significant,day 89
ACZ81_13115,-0.0753962198893232,not_significant,day 60
ACZ81_09370,0.0753746032714906,not_significant,day 18
ACZ81_02795,0.0752385457356758,not_significant,day 31
ACZ81_09775,-0.0752283732096322,not_significant,day 18
ACZ81_11740,0.0751692454020199,not_significant,day 31
ACZ81_04200,0.0751005808512402,not_significant,day 89
ACZ81_00100,0.0748961766560873,not_significant,days 60+89
ACZ81_06685,0.0747057596842453,not_significant,days 60+89
ACZ81_10740,0.0743916829427074,not_significant,day 18
ACZ81_09685,0.0741354624430338,not_significant,days 60+89
ACZ81_03185,-0.0739809672037728,not_significant,day 31
ACZ81_01675,0.0739653905232709,not_significant,days 60+89
ACZ81_09300,0.0738805135091145,not_significant,day 18
ACZ81_12915,0.0738614400227875,not_significant,day 60
ACZ81_07800,-0.0738464991251625,not_significant,days 60+89
ACZ81_05490,-0.073830286661783,not_significant,day 18
ACZ81_13585,0.0736459096272785,not_significant,day 31
ACZ81_18305,-0.0736300150553366,not_significant,day 18
ACZ81_01665,0.0735410054524768,not_significant,day 60
ACZ81_07160,-0.07353115081787,not_significant,days 60+89
ACZ81_05720,0.0732351938883448,not_significant,day 89
ACZ81_02765,-0.0730094909667969,not_significant,days 60+89
ACZ81_09795,-0.0727895100911455,not_significant,day 60
ACZ81_07805,-0.0727602640787761,not_significant,day 89
ACZ81_13130,-0.0726540883382143,not_significant,days 60+89
ACZ81_10675,0.0725708007812524,not_significant,day 89
ACZ81_12665,-0.0725421905517565,not_significant,day 89
ACZ81_17750,-0.0725154876708984,not_significant,day 18
ACZ81_17280,0.0724786122639962,not_significant,day 60
ACZ81_06840,0.0724487304687499,not_significant,days 60+89
ACZ81_02345,0.0724436442057294,not_significant,day 31
ACZ81_14865,-0.0724385579427096,not_significant,day 31
ACZ81_12180,-0.0724074045817069,not_significant,day 60
ACZ81_17525,-0.0723927815755165,not_significant,day 89
ACZ81_04865,0.0723438262939438,not_significant,days 60+89
ACZ81_11725,-0.0723241170247437,not_significant,day 18
ACZ81_13100,0.0722573598225895,not_significant,day 18
ACZ81_14805,-0.0721460978190107,not_significant,day 31
ACZ81_19760,0.0720100402832018,not_significant,day 89
ACZ81_04865,-0.0717538197835318,not_significant,day 18
ACZ81_02190,-0.0716959635416661,not_significant,day 89
ACZ81_16845,-0.0716037750244096,not_significant,day 31
ACZ81_07375,0.0713577270507809,not_significant,day 18
ACZ81_03195,-0.071277618408203,not_significant,day 18
ACZ81_08035,-0.0711517333984353,not_significant,day 18
ACZ81_05805,0.0711021423339848,not_significant,day 89
ACZ81_18480,0.0710391998291064,not_significant,day 31
ACZ81_09990,0.0709698994954415,not_significant,day 18
ACZ81_07750,0.0709368387858072,not_significant,day 31
ACZ81_08185,-0.0705642700195314,not_significant,days 60+89
ACZ81_04055,-0.0705331166585286,not_significant,day 18
ACZ81_16750,0.0705235799153645,not_significant,day 18
ACZ81_13060,0.070502599080404,not_significant,day 89
ACZ81_02055,0.0704307556152335,not_significant,day 89
ACZ81_08525,0.0704294840494792,not_significant,day 18
ACZ81_11695,-0.0703674952189131,not_significant,days 60+89
ACZ81_01420,-0.0702489217122333,not_significant,day 31
ACZ81_01835,0.0700995127360028,not_significant,day 18
ACZ81_03185,-0.0700810750325496,not_significant,day 89
ACZ81_06415,0.0700766245524086,not_significant,day 31
ACZ81_01865,0.0697549184163407,not_significant,day 18
ACZ81_19635,-0.0696703592936219,not_significant,day 60
ACZ81_09240,-0.0692418416341116,not_significant,days 60+89
ACZ81_08585,-0.0690358479817708,not_significant,day 60
ACZ81_08270,-0.068959554036458,not_significant,day 31
ACZ81_03505,0.0689042409261066,not_significant,day 18
ACZ81_00725,0.0686772664388016,not_significant,day 60
ACZ81_12765,0.0686562856038373,not_significant,day 31
ACZ81_03480,0.0684350331624324,not_significant,day 60
ACZ81_19445,-0.0683606465657562,not_significant,day 31
ACZ81_10295,-0.0683523813883463,not_significant,days 60+89
ACZ81_04265,-0.0683288574218768,not_significant,day 18
ACZ81_03275,0.0682595570882162,not_significant,day 89
ACZ81_06990,0.0682525634765627,not_significant,day 18
ACZ81_18340,0.0681562423706032,not_significant,days 60+89
ACZ81_16880,-0.0680948893229165,not_significant,day 89
ACZ81_05535,-0.0680942535400408,not_significant,day 18
ACZ81_13465,0.0680042902628586,not_significant,days 60+89
ACZ81_01200,0.0678914388020835,not_significant,day 18
ACZ81_13260,-0.0678431193033872,not_significant,day 60
ACZ81_17580,-0.0677744547526102,not_significant,day 18
ACZ81_18830,-0.0674959818522161,not_significant,day 60
ACZ81_09015,-0.0673128763834634,not_significant,day 18
ACZ81_02925,-0.0672213236490933,not_significant,day 31
ACZ81_18455,0.0671202341715533,not_significant,days 60+89
ACZ81_15040,-0.0670477549234998,not_significant,day 18
ACZ81_11585,-0.0670293172200491,not_significant,day 31
ACZ81_16695,0.0668430328369198,not_significant,day 60
ACZ81_12775,0.0668226877848301,not_significant,day 31
ACZ81_07380,0.0667324066162145,not_significant,day 31
ACZ81_12990,0.066413243611656,not_significant,day 18
ACZ81_01560,0.0662816365559909,not_significant,day 18
ACZ81_18305,-0.0662301381429038,not_significant,day 89
ACZ81_08260,0.0661207834879557,not_significant,day 60
ACZ81_11330,-0.065966924031577,not_significant,day 89
ACZ81_00590,-0.0659186045328775,not_significant,day 31
ACZ81_15640,-0.0656878153483067,not_significant,day 18
ACZ81_19240,-0.0656712849934911,not_significant,day 31
ACZ81_18245,-0.0656572977701839,not_significant,day 60
ACZ81_20140,-0.0655733744303395,not_significant,day 89
ACZ81_19105,0.0655263264973986,not_significant,day 60
ACZ81_00735,0.0654118855794272,not_significant,day 18
ACZ81_07725,-0.065410614013671,not_significant,day 60
ACZ81_17570,-0.0653362274169893,not_significant,day 60
ACZ81_10755,0.0653216044108098,not_significant,day 18
ACZ81_11110,-0.0652637481689462,not_significant,day 18
ACZ81_19675,0.0651518503824873,not_significant,day 18
ACZ81_04000,-0.0649124781290694,not_significant,days 60+89
ACZ81_15705,0.0648237864176426,not_significant,day 89
ACZ81_04145,-0.0645478566487637,not_significant,day 89
ACZ81_02925,0.0645453135172502,not_significant,day 18
ACZ81_12890,0.0643405914306634,not_significant,day 18
ACZ81_04200,-0.0641244252522766,not_significant,days 60+89
ACZ81_18160,0.0641193389892547,not_significant,day 18
ACZ81_08170,0.0639289220174154,not_significant,days 60+89
ACZ81_08890,-0.0638548533121701,not_significant,day 31
ACZ81_05570,0.0638440450032538,not_significant,day 89
ACZ81_16705,0.0638211568196638,not_significant,day 18
ACZ81_03510,-0.0637887318929038,not_significant,day 18
ACZ81_05505,-0.0637613932291687,not_significant,day 89
ACZ81_01710,-0.0637381871541344,not_significant,days 60+89
ACZ81_09385,-0.0636488596598328,not_significant,day 18
ACZ81_18000,-0.0636151631673201,not_significant,day 31
ACZ81_19475,-0.063542683919271,not_significant,day 18
ACZ81_11745,-0.0635007222493456,not_significant,day 31
ACZ81_02830,-0.0634829203287772,not_significant,day 60
ACZ81_01670,0.0634193420410174,not_significant,day 31
ACZ81_16890,-0.0633920033772795,not_significant,day 18
ACZ81_04915,-0.0632597605387368,not_significant,day 18
ACZ81_06290,-0.0632336934407551,not_significant,day 31
ACZ81_19785,0.0632254282633465,not_significant,day 18
ACZ81_09680,-0.0632127126057941,not_significant,day 60
ACZ81_16765,0.063109715779621,not_significant,day 18
ACZ81_01085,0.0631046295165976,not_significant,day 31
ACZ81_19365,0.0630292892456054,not_significant,days 60+89
ACZ81_10155,-0.0629762013753262,not_significant,day 31
ACZ81_01210,-0.0627460479736329,not_significant,day 18
ACZ81_17240,-0.0626366933186853,not_significant,day 89
ACZ81_12700,0.0625425974528003,not_significant,day 18
ACZ81_02800,-0.0622720718383775,not_significant,days 60+89
ACZ81_06625,0.0622507731119772,not_significant,day 89
ACZ81_04835,-0.0621312459309857,not_significant,day 31
ACZ81_03025,-0.0621248881022152,not_significant,days 60+89
ACZ81_17655,-0.062114715576173,not_significant,days 60+89
ACZ81_08535,0.0620517730712897,not_significant,day 18
ACZ81_18855,-0.0620015462239598,not_significant,day 31
ACZ81_04750,-0.0619945526123062,not_significant,day 18
ACZ81_09985,0.0617593129475917,not_significant,day 60
ACZ81_04510,0.0616563161214203,not_significant,day 31
ACZ81_12105,0.0616394678751631,not_significant,days 60+89
ACZ81_13610,-0.0615704854329425,not_significant,day 31
ACZ81_06785,-0.0615406036376966,not_significant,day 18
ACZ81_14065,-0.0613676706949895,not_significant,day 18
ACZ81_05955,-0.0613587697346998,not_significant,day 89
ACZ81_16420,0.0611737569173179,not_significant,day 31
ACZ81_06150,0.0611108144124364,not_significant,day 18
ACZ81_03235,-0.06110191345215,not_significant,day 18
ACZ81_04880,0.0610853830973314,not_significant,day 18
ACZ81_13210,-0.0610535939534504,not_significant,day 18
ACZ81_11595,0.0610421498616533,not_significant,day 89
ACZ81_18580,0.0610046386718759,not_significant,day 89
ACZ81_04855,-0.0609207153320311,not_significant,days 60+89
ACZ81_18455,0.0608717600504591,not_significant,day 18
ACZ81_01245,-0.0608514149983703,not_significant,day 60
ACZ81_00790,0.0608005523681643,not_significant,day 18
ACZ81_17340,-0.0607935587565098,not_significant,day 31
ACZ81_16875,-0.060770034790039,not_significant,day 31
ACZ81_17050,-0.0607515970865928,not_significant,day 89
ACZ81_09430,-0.0607124964396126,not_significant,days 60+89
ACZ81_10200,-0.0606034596761074,not_significant,day 60
ACZ81_02690,-0.0603758494059268,not_significant,day 60
ACZ81_13720,0.0602143605550201,not_significant,day 18
ACZ81_09735,0.0601396560668959,not_significant,days 60+89
ACZ81_11165,-0.0601088205973313,not_significant,day 18
ACZ81_14395,-0.0599657694498699,not_significant,day 18
ACZ81_10120,0.0598271687825536,not_significant,day 60
ACZ81_11080,0.0597070058186873,not_significant,day 18
ACZ81_13550,0.0596803029378223,not_significant,day 60
ACZ81_14695,-0.0595706303914407,not_significant,days 60+89
ACZ81_01795,-0.0592203140258788,not_significant,days 60+89
ACZ81_10165,-0.0591640472412089,not_significant,day 18
ACZ81_08550,0.058951059977211,not_significant,day 18
ACZ81_10155,-0.0589084625244132,not_significant,day 18
ACZ81_15430,-0.0586884816487634,not_significant,day 18
ACZ81_01165,-0.0586751302083338,not_significant,day 18
ACZ81_07320,-0.0585810343424467,not_significant,day 31
ACZ81_14510,-0.0585199991861969,not_significant,day 31
ACZ81_01730,0.0585117340087888,not_significant,day 18
ACZ81_01605,0.0585085550944016,not_significant,days 60+89
ACZ81_01795,0.0584640502929685,not_significant,day 89
ACZ81_10685,-0.0584627787272122,not_significant,day 18
ACZ81_11180,0.0583785374959306,not_significant,days 60+89
ACZ81_08545,0.0581900278727194,not_significant,day 60
ACZ81_18245,0.0580024719238259,not_significant,day 89
ACZ81_05585,0.05793825785319,not_significant,day 89
ACZ81_19570,0.0578549702962243,not_significant,day 18
ACZ81_14310,0.0576744079589839,not_significant,days 60+89
ACZ81_12535,-0.0576038360595703,not_significant,day 18
ACZ81_08415,-0.0576012929280599,not_significant,day 18
ACZ81_03195,0.0574506123860679,not_significant,day 60
ACZ81_17340,0.057426770528159,not_significant,days 60+89
ACZ81_00975,-0.0573075612386083,not_significant,day 18
ACZ81_19855,0.0572942097981777,not_significant,day 18
ACZ81_01970,-0.0572865804036458,not_significant,day 31
ACZ81_19780,0.0571212768554732,not_significant,day 18
ACZ81_06155,-0.0571072896321594,not_significant,day 18
ACZ81_13220,-0.0570659637451176,not_significant,day 18
ACZ81_16345,-0.0570507049560529,not_significant,day 18
ACZ81_19215,0.0569229125976531,not_significant,day 18
ACZ81_03365,-0.0567986170450835,not_significant,days 60+89
ACZ81_00100,0.0567779541015625,not_significant,day 31
ACZ81_06925,-0.0567518870035797,not_significant,day 89
ACZ81_08250,0.0566940307617196,not_significant,day 31
ACZ81_16795,0.0566221872965499,not_significant,day 60
ACZ81_08205,0.0566221872965497,not_significant,days 60+89
ACZ81_19295,-0.0565687815348304,not_significant,day 60
ACZ81_08065,0.0565439860026039,not_significant,day 18
ACZ81_02305,-0.0565261840820295,not_significant,day 18
ACZ81_12105,-0.0563367207845042,not_significant,day 60
ACZ81_14120,0.0562521616617839,not_significant,day 89
ACZ81_01085,0.0562286376953107,not_significant,day 18
ACZ81_11670,-0.0561892191569036,not_significant,day 18
ACZ81_02265,0.0561161041259781,not_significant,day 89
ACZ81_09685,-0.055959701538086,not_significant,day 60
ACZ81_08020,0.055673599243164,not_significant,days 60+89
ACZ81_12990,-0.0556507110595708,not_significant,day 31
ACZ81_19145,0.0556042989095042,not_significant,day 18
ACZ81_04745,-0.0555871327718069,not_significant,day 60
ACZ81_17550,0.055577278137211,not_significant,days 60+89
ACZ81_09200,0.0554482142130546,not_significant,days 60+89
ACZ81_00800,0.0554199218749996,not_significant,day 60
ACZ81_16235,-0.0552749633789057,not_significant,day 31
ACZ81_17885,-0.0552247365315758,not_significant,day 18
ACZ81_14095,0.0549023946126305,not_significant,days 60+89
ACZ81_00305,-0.0547796885172527,not_significant,day 18
ACZ81_01735,0.0547316869099934,not_significant,days 60+89
ACZ81_00595,-0.0547281901041679,not_significant,days 60+89
ACZ81_12130,0.0547110239664711,not_significant,day 18
ACZ81_14620,-0.0545768737792972,not_significant,day 60
ACZ81_19080,0.0543766021728533,not_significant,day 89
ACZ81_14085,0.0542710622151674,not_significant,day 18
ACZ81_09085,-0.0542449951171875,not_significant,day 31
ACZ81_03935,-0.0542348225911464,not_significant,day 60
ACZ81_03790,0.0542039871215838,not_significant,days 60+89
ACZ81_13320,-0.0540892283121744,not_significant,day 18
ACZ81_12725,0.0540529886881487,not_significant,day 31
ACZ81_RS17235,0.0540377298990885,not_significant,day 31
ACZ81_16825,0.0540294647216797,not_significant,day 18
ACZ81_17335,0.0538908640543621,not_significant,day 31
ACZ81_16240,-0.0538533528645833,not_significant,day 60
ACZ81_02150,0.053771336873373,not_significant,day 60
ACZ81_00065,-0.0537573496500653,not_significant,day 31
ACZ81_10180,0.0536721547444667,not_significant,day 60
ACZ81_04185,-0.0533660252889003,not_significant,days 60+89
ACZ81_16745,0.0531368255615227,not_significant,day 18
ACZ81_02765,-0.0530821482340502,not_significant,day 60
ACZ81_00700,-0.0530611673990883,not_significant,days 60+89
ACZ81_07115,-0.0529371897379529,not_significant,day 18
ACZ81_01735,-0.0527604420979819,not_significant,day 31
ACZ81_00545,-0.0526154836018893,not_significant,day 89
ACZ81_11740,0.0524746576945003,not_significant,days 60+89
ACZ81_01735,-0.0523662567138672,not_significant,day 18
ACZ81_18025,0.052265167236333,not_significant,day 89
ACZ81_08170,0.0522085825602215,not_significant,day 18
ACZ81_00025,-0.0521882375081328,not_significant,day 31
ACZ81_19210,0.0519364674886038,not_significant,day 89
ACZ81_03665,0.0517470041910801,not_significant,day 60
ACZ81_10225,0.051726659138998,not_significant,day 31
ACZ81_10630,-0.0516249338785792,not_significant,day 18
ACZ81_12605,-0.0513690312703448,not_significant,days 60+89
ACZ81_18745,-0.0512924194335939,not_significant,day 18
ACZ81_13720,-0.0512708028157498,not_significant,day 89
ACZ81_16745,0.0509792963663738,not_significant,days 60+89
ACZ81_06530,-0.0508127212524419,not_significant,days 60+89
ACZ81_19070,0.0507965087890626,not_significant,day 31
ACZ81_12950,-0.0507831573486335,not_significant,day 89
ACZ81_03075,-0.0506089528401691,not_significant,day 18
ACZ81_10815,-0.0505638122558597,not_significant,day 31
ACZ81_20350,0.0505352020263675,not_significant,day 31
ACZ81_03665,0.0504080454508431,not_significant,day 31
ACZ81_19920,-0.0503355662028001,not_significant,days 60+89
ACZ81_00560,-0.0502166748046893,not_significant,days 60+89
ACZ81_07725,0.0501060485839873,not_significant,day 18
ACZ81_08910,0.049811681111656,not_significant,day 31
ACZ81_08890,0.0495198567708368,not_significant,day 89
ACZ81_12140,0.0495090484619154,not_significant,day 18
ACZ81_18400,0.0493431091308593,not_significant,day 18
ACZ81_03310,-0.0492324829101594,not_significant,day 89
ACZ81_03865,-0.04922294616699,not_significant,day 18
ACZ81_18815,-0.0491657257080078,not_significant,day 18
ACZ81_04825,-0.0491046905517579,not_significant,day 60
ACZ81_01680,0.0490554173787419,not_significant,days 60+89
ACZ81_08905,-0.0487302144368509,not_significant,day 18
ACZ81_19590,-0.0483862559000647,not_significant,day 89
ACZ81_20685,-0.0481936136881524,not_significant,day 18
ACZ81_12000,0.0481395721435565,not_significant,day 31
ACZ81_09360,0.0480785369873066,not_significant,day 18
ACZ81_14885,0.0479068756103521,not_significant,day 18
ACZ81_18075,-0.0477097829182941,not_significant,day 31
ACZ81_10110,0.0475784937540711,not_significant,days 60+89
ACZ81_17205,0.0475737253824868,not_significant,day 31
ACZ81_03070,-0.0474923451741537,not_significant,day 31
ACZ81_14790,0.0474859873453776,not_significant,day 31
ACZ81_07205,-0.047440846761063,not_significant,day 89
ACZ81_02390,0.0474141438802114,not_significant,day 18
ACZ81_12565,-0.0472106933593754,not_significant,day 60
ACZ81_14965,-0.0471674601236971,not_significant,day 89
ACZ81_07380,-0.0470873514811219,not_significant,day 89
ACZ81_05340,0.0470676422119163,not_significant,day 18
ACZ81_10040,-0.0469767252604134,not_significant,day 31
ACZ81_15605,-0.0469023386637337,not_significant,day 18
ACZ81_05955,-0.0468603769938101,not_significant,day 18
ACZ81_11445,0.0466639200846362,not_significant,day 89
ACZ81_09875,0.0463759104410809,not_significant,day 18
ACZ81_19795,0.0463021596272792,not_significant,days 60+89
ACZ81_02380,-0.0460758209228538,not_significant,day 89
ACZ81_12170,-0.0460383097330741,not_significant,day 18
ACZ81_14520,-0.0459963480631511,not_significant,day 31
ACZ81_10160,0.0459925333658854,not_significant,day 89
ACZ81_02920,-0.0458173751831055,not_significant,days 60+89
ACZ81_00650,-0.0456148783365868,not_significant,days 60+89
ACZ81_04495,0.0455411275227831,not_significant,day 31
ACZ81_16340,0.0455080668131507,not_significant,day 89
ACZ81_06220,-0.0452740987141902,not_significant,day 31
ACZ81_14900,0.0452079772949201,not_significant,day 18
ACZ81_05240,-0.0452003479003913,not_significant,day 31
ACZ81_09375,0.045197168986003,not_significant,day 18
ACZ81_16845,-0.0451809565226196,not_significant,days 60+89
ACZ81_01200,0.0450388590494791,not_significant,day 60
ACZ81_08230,-0.0449829101562502,not_significant,day 18
ACZ81_05890,0.0447832743326844,not_significant,day 18
ACZ81_01890,-0.0446929931640628,not_significant,day 18
ACZ81_08510,-0.0446294148763021,not_significant,day 31
ACZ81_18885,-0.0446077982584635,not_significant,day 18
ACZ81_06850,-0.0446065266927103,not_significant,day 18
ACZ81_14770,0.0445353190104152,not_significant,day 31
ACZ81_03255,0.0445226033528654,not_significant,day 89
ACZ81_13015,-0.0444310506184893,not_significant,day 31
ACZ81_19925,0.0441322326660107,not_significant,day 18
ACZ81_08015,-0.0439917246500649,not_significant,day 18
ACZ81_20220,-0.0439790089925116,not_significant,day 60
ACZ81_06670,-0.0439262390136728,not_significant,day 89
ACZ81_12180,-0.0439182917277043,not_significant,days 60+89
ACZ81_07050,-0.0433565775553366,not_significant,day 89
ACZ81_17775,0.0433228810628266,not_significant,day 18
ACZ81_03555,0.0433031717936196,not_significant,day 18
ACZ81_16820,-0.0433012644449897,not_significant,day 60
ACZ81_02250,-0.0432275136311833,not_significant,day 60
ACZ81_14905,0.0432192484537762,not_significant,day 60
ACZ81_05390,-0.0431893666585306,not_significant,day 89
ACZ81_06165,-0.0430768330891922,not_significant,day 31
ACZ81_06605,0.0430692036946612,not_significant,day 31
ACZ81_14430,-0.0429903666178404,not_significant,day 60
ACZ81_05705,0.0429630279541005,not_significant,day 31
ACZ81_14510,0.0428034464518232,not_significant,day 18
ACZ81_18325,0.0427522659301753,not_significant,days 60+89
ACZ81_14515,0.0427201588948551,not_significant,days 60+89
ACZ81_03025,-0.042419433593752,not_significant,day 89
ACZ81_10875,0.0422420501708986,not_significant,day 60
ACZ81_00505,-0.0421142578125003,not_significant,day 18
ACZ81_19695,-0.0420665740966801,not_significant,day 60
ACZ81_18075,-0.0420106252034505,not_significant,day 60
ACZ81_15860,-0.0419569015502952,not_significant,days 60+89
ACZ81_01220,-0.041815439860026,not_significant,day 31
ACZ81_11740,-0.0417143503824868,not_significant,day 60
ACZ81_06520,0.0417092641194703,not_significant,day 60
ACZ81_04025,0.0410887400309234,not_significant,day 18
ACZ81_18035,-0.0409889221191371,not_significant,day 89
ACZ81_17065,0.040879567464194,not_significant,day 31
ACZ81_15265,-0.0408426920572917,not_significant,day 18
ACZ81_06785,0.0407994588216165,not_significant,day 89
ACZ81_07150,-0.0406850179036478,not_significant,day 18
ACZ81_08540,0.0405966440836569,not_significant,day 89
ACZ81_19105,0.0405623118082725,not_significant,day 31
ACZ81_03235,0.0403556823730467,not_significant,day 31
ACZ81_16385,0.0402072270711258,not_significant,days 60+89
ACZ81_05550,-0.0402018229166668,not_significant,day 60
ACZ81_06890,0.0401096343994137,not_significant,day 31
ACZ81_15070,0.04004160563151,not_significant,day 60
ACZ81_08220,0.0399761199951172,not_significant,days 60+89
ACZ81_04010,-0.0396664937337241,not_significant,day 31
ACZ81_10145,-0.039636611938477,not_significant,day 31
ACZ81_16880,-0.0396366119384766,not_significant,day 31
ACZ81_05895,-0.0394001007080103,not_significant,day 18
ACZ81_13720,0.0393644968668672,not_significant,day 60
ACZ81_00215,-0.0392920176188132,not_significant,day 18
ACZ81_08775,0.0392468770345056,not_significant,day 31
ACZ81_00385,0.0392376581827798,not_significant,days 60+89
ACZ81_00800,-0.0391578674316366,not_significant,day 89
ACZ81_19160,0.039124806722002,not_significant,day 31
ACZ81_18105,0.039115269978844,not_significant,day 60
ACZ81_06840,0.0391031901041666,not_significant,day 89
ACZ81_16930,-0.0390453338623082,not_significant,day 31
ACZ81_17995,-0.0390453338623082,not_significant,day 31
ACZ81_02270,-0.038940429687504,not_significant,days 60+89
ACZ81_00980,0.0387191772460929,not_significant,day 89
ACZ81_01245,0.038664499918621,not_significant,days 60+89
ACZ81_02930,-0.0386365254720039,not_significant,day 89
ACZ81_10755,0.0383968353271498,not_significant,day 31
ACZ81_10675,-0.0383733113606775,not_significant,day 31
ACZ81_16700,-0.0382741292317701,not_significant,day 89
ACZ81_06350,-0.0382706324259439,not_significant,days 60+89
ACZ81_05940,0.038047154744466,not_significant,day 18
ACZ81_12605,0.0380274454752607,not_significant,day 60
ACZ81_10075,-0.0378748575846363,not_significant,day 18
ACZ81_00085,-0.0378634134928389,not_significant,day 60
ACZ81_03230,-0.0377953847249368,not_significant,day 18
ACZ81_10160,-0.0376230875651042,not_significant,day 18
ACZ81_16890,0.0375328063964868,not_significant,days 60+89
ACZ81_06625,-0.0375181833902989,not_significant,day 31
ACZ81_17820,0.0374641418457033,not_significant,day 89
ACZ81_08910,-0.0373954772949241,not_significant,day 18
ACZ81_11730,0.0373191833496138,not_significant,day 18
ACZ81_05660,-0.0372009277343753,not_significant,day 18
ACZ81_01700,0.0371220906575545,not_significant,day 60
ACZ81_01890,-0.0369389851888021,not_significant,day 31
ACZ81_18245,0.0368963877359989,not_significant,day 18
ACZ81_09200,0.0368550618489571,not_significant,day 31
ACZ81_16840,0.0366954803466799,not_significant,day 31
ACZ81_07720,-0.0366617838541696,not_significant,day 89
ACZ81_02740,0.0366516113281228,not_significant,day 18
ACZ81_20375,0.0366274515787728,not_significant,day 89
ACZ81_16675,0.0365899403889951,not_significant,day 18
ACZ81_13475,0.0365816752115902,not_significant,days 60+89
ACZ81_14955,0.0365454355875632,not_significant,day 89
ACZ81_06385,0.0364335378011105,not_significant,day 18
ACZ81_06430,-0.0362599690755157,not_significant,day 18
ACZ81_00840,0.0362097422281897,not_significant,day 89
ACZ81_13550,0.0361162821451857,not_significant,day 31
ACZ81_04685,0.0361048380533835,not_significant,day 31
ACZ81_01660,-0.0360673268636067,not_significant,day 89
ACZ81_10040,-0.0360457102457667,not_significant,day 18
ACZ81_02340,-0.035973866780596,not_significant,day 31
ACZ81_11710,0.0357761383056643,not_significant,day 18
ACZ81_04550,0.0356864929199215,not_significant,day 18
ACZ81_08260,-0.0356680552164713,not_significant,day 89
ACZ81_19570,0.0356489817301436,not_significant,days 60+89
ACZ81_08620,-0.0355294545491533,not_significant,day 89
ACZ81_18185,-0.0354944864908879,not_significant,day 31
ACZ81_03315,-0.0354595184326203,not_significant,day 31
ACZ81_18000,-0.0353101094563835,not_significant,day 89
ACZ81_05490,0.0352745056152335,not_significant,day 31
ACZ81_08790,-0.0349617004394527,not_significant,day 18
ACZ81_06785,0.0348892211914071,not_significant,day 31
ACZ81_14370,0.0348059336344382,not_significant,day 18
ACZ81_05955,0.034749348958337,not_significant,day 60
ACZ81_17370,0.0346139272054,not_significant,day 60
ACZ81_17550,-0.0345547993977826,not_significant,day 60
ACZ81_03840,-0.0342578887939449,not_significant,day 89
ACZ81_05260,0.0342140197753905,not_significant,day 31
ACZ81_02285,-0.0342089335123714,not_significant,day 89
ACZ81_19675,0.0341800053914372,not_significant,days 60+89
ACZ81_10675,0.0341631571451846,not_significant,days 60+89
ACZ81_04685,-0.0339088439941402,not_significant,day 18
ACZ81_15895,0.0338815053303998,not_significant,day 18
ACZ81_06415,0.0338757832845052,not_significant,day 60
ACZ81_07110,0.0337689717610677,not_significant,day 18
ACZ81_05575,0.0336297353108723,not_significant,day 31
ACZ81_05805,0.0336259206136058,not_significant,day 18
ACZ81_05380,-0.0335369110107386,not_significant,day 89
ACZ81_10670,-0.0335350036621095,not_significant,day 60
ACZ81_04825,-0.0334803263346354,not_significant,day 18
ACZ81_19350,0.0334777832031272,not_significant,day 18
ACZ81_15345,-0.0334116617838522,not_significant,day 18
ACZ81_04240,-0.0333391825358103,not_significant,day 60
ACZ81_13060,0.0333194732666016,not_significant,days 60+89
ACZ81_17315,0.033053080240883,not_significant,day 60
ACZ81_06220,-0.03277587890625,not_significant,day 18
ACZ81_11730,-0.0327663421630828,not_significant,day 31
ACZ81_03715,-0.0327040354410806,not_significant,day 89
ACZ81_07300,-0.032567342122396,not_significant,day 89
ACZ81_16105,0.0324128468831393,not_significant,day 31
ACZ81_17855,-0.0323085784912118,not_significant,day 31
ACZ81_06660,0.0321655273437464,not_significant,day 31
ACZ81_09875,-0.0321575800577785,not_significant,days 60+89
ACZ81_09665,0.0321464538574228,not_significant,day 18
ACZ81_03665,-0.0319321950276699,not_significant,day 89
ACZ81_RS17235,0.0317929585774744,not_significant,day 60
ACZ81_13580,-0.0317497253417964,not_significant,day 31
ACZ81_10550,-0.031617482503256,not_significant,days 60+89
ACZ81_00895,-0.0316025416056309,not_significant,days 60+89
ACZ81_03150,-0.0315386454264319,not_significant,day 60
ACZ81_18855,0.0314404169718454,not_significant,days 60+89
ACZ81_02415,-0.0312569936116525,not_significant,day 18
ACZ81_06425,0.0311552683512413,not_significant,days 60+89
ACZ81_03715,-0.0309530893961583,not_significant,days 60+89
ACZ81_13475,-0.0308583577473938,not_significant,day 31
ACZ81_09970,-0.0307982762654622,not_significant,days 60+89
ACZ81_12390,-0.0307299296061236,not_significant,day 31
ACZ81_03760,0.0306771596272777,not_significant,day 31
ACZ81_13865,0.03065554300944,not_significant,day 18
ACZ81_15410,-0.0305760701497406,not_significant,day 31
ACZ81_07800,0.0305639902750654,not_significant,day 60
ACZ81_08365,-0.0303414662679033,not_significant,day 31
ACZ81_19070,0.030278523763021,not_significant,day 89
ACZ81_20220,-0.030128796895343,not_significant,days 60+89
ACZ81_09820,0.0301138559977263,not_significant,day 60
ACZ81_19695,0.0300540924072268,not_significant,day 31
ACZ81_13660,-0.0298569997151665,not_significant,day 18
ACZ81_02115,-0.0297635396321649,not_significant,day 31
ACZ81_19580,0.0296980539957667,not_significant,day 31
ACZ81_05585,0.0296897888183598,not_significant,day 18
ACZ81_19070,0.0295931498209637,not_significant,days 60+89
ACZ81_04570,0.029397964477539,not_significant,day 31
ACZ81_08565,-0.02937889099121,not_significant,day 18
ACZ81_03715,-0.0292021433512362,not_significant,day 60
ACZ81_12540,-0.0290139516194654,not_significant,day 60
ACZ81_17175,-0.0289287567138673,not_significant,day 18
ACZ81_19070,0.0289077758789065,not_significant,day 60
ACZ81_08170,-0.0288435618082681,not_significant,day 89
ACZ81_02310,0.028834660847985,not_significant,day 18
ACZ81_04495,-0.0285536448160832,not_significant,days 60+89
ACZ81_18035,-0.0285104115804025,not_significant,day 31
ACZ81_19520,-0.0285053253173824,not_significant,days 60+89
ACZ81_13270,-0.0284233093261728,not_significant,day 18
ACZ81_17315,-0.0283603668212935,not_significant,day 89
ACZ81_18705,-0.02829043070475,not_significant,day 89
ACZ81_09695,-0.0282522837320964,not_significant,day 18
ACZ81_14545,0.0281867980957049,not_significant,day 60
ACZ81_19635,-0.028062502543132,not_significant,days 60+89
ACZ81_01715,-0.028041203816731,not_significant,day 31
ACZ81_00005,-0.0280405680338541,not_significant,day 31
ACZ81_08065,0.0280399322509765,not_significant,day 60
ACZ81_08185,0.0277277628580728,not_significant,day 18
ACZ81_03780,0.0277264912923177,not_significant,day 60
ACZ81_00610,-0.0276870727539058,not_significant,days 60+89
ACZ81_01660,-0.0275993347167968,not_significant,day 18
ACZ81_14030,0.0275497436523434,not_significant,day 60
ACZ81_14435,0.0275255839029942,not_significant,day 60
ACZ81_03750,-0.0275065104166672,not_significant,day 31
ACZ81_13595,-0.0274715423584007,not_significant,day 89
ACZ81_12345,-0.0274397532145187,not_significant,day 18
ACZ81_08525,-0.0274257659912112,not_significant,day 31
ACZ81_17655,-0.0273335774739598,not_significant,day 89
ACZ81_18210,0.0271940231323251,not_significant,days 60+89
ACZ81_17570,-0.0271244049072257,not_significant,day 18
ACZ81_06995,-0.0271212259928382,not_significant,day 18
ACZ81_14095,0.0268103281656903,not_significant,day 60
ACZ81_05265,-0.0266393025716161,not_significant,day 18
ACZ81_12160,0.0266081492106103,not_significant,day 31
ACZ81_00215,-0.0264234542846666,not_significant,days 60+89
ACZ81_10805,-0.0263900756835939,not_significant,day 89
ACZ81_14905,-0.0261573791503907,not_significant,day 31
ACZ81_15550,-0.0260772705078124,not_significant,day 89
ACZ81_16695,-0.0259469350179002,not_significant,day 89
ACZ81_18210,-0.0257441202799473,not_significant,day 31
ACZ81_00870,0.0256646474202475,not_significant,day 89
ACZ81_09860,0.0255406697591113,not_significant,day 89
ACZ81_14935,-0.0254968007405572,not_significant,day 18
ACZ81_16240,-0.0254859924316402,not_significant,days 60+89
ACZ81_13660,-0.0254847208658833,not_significant,day 31
ACZ81_10900,0.0253842671712228,not_significant,day 18
ACZ81_14930,-0.0253604253133135,not_significant,days 60+89
ACZ81_12670,0.025335947672525,not_significant,day 31
ACZ81_20375,0.0252545674641929,not_significant,day 18
ACZ81_14120,-0.0252342224121097,not_significant,days 60+89
ACZ81_10900,-0.0252221425374373,not_significant,day 89
ACZ81_17860,-0.0250682830810548,not_significant,days 60+89
ACZ81_02930,0.0250205993652348,not_significant,day 31
ACZ81_16720,0.0248400370279969,not_significant,day 18
ACZ81_08620,-0.024678548177083,not_significant,days 60+89
ACZ81_01175,0.0246499379475911,not_significant,day 18
ACZ81_14845,0.0241597493489589,not_significant,day 89
ACZ81_02930,-0.0241495768229153,not_significant,days 60+89
ACZ81_07780,0.0240936279296876,not_significant,day 89
ACZ81_06670,0.0240379969278948,not_significant,days 60+89
ACZ81_02075,0.0239899953206368,not_significant,day 89
ACZ81_00650,-0.0239473978678335,not_significant,day 31
ACZ81_10670,-0.0238180160522463,not_significant,days 60+89
ACZ81_05875,-0.0238068898518891,not_significant,day 60
ACZ81_17345,-0.0237153371175123,not_significant,day 89
ACZ81_01385,-0.0237089792887364,not_significant,day 89
ACZ81_01160,0.0236021677652993,not_significant,day 31
ACZ81_14805,-0.0235716501871746,not_significant,day 18
ACZ81_14760,0.0235004425048834,not_significant,day 18
ACZ81_07910,0.0234826405843065,not_significant,day 31
ACZ81_07160,0.0234540303548199,not_significant,day 89
ACZ81_17300,0.0233764648437473,not_significant,day 18
ACZ81_06705,-0.0233211517333964,not_significant,day 31
ACZ81_18455,0.023188273111983,not_significant,day 31
ACZ81_16765,-0.0231132507324228,not_significant,day 31
ACZ81_00360,-0.0229943593343097,not_significant,day 31
ACZ81_14785,-0.0223337809244793,not_significant,day 31
ACZ81_00895,0.0219745635986337,not_significant,day 60
ACZ81_12695,-0.0219554901123067,not_significant,day 89
ACZ81_13245,-0.0219154357910134,not_significant,day 89
ACZ81_14040,0.0218804677327467,not_significant,day 31
ACZ81_09770,0.021694819132491,not_significant,days 60+89
ACZ81_15545,0.0216102600097665,not_significant,day 18
ACZ81_10160,0.0216061274210618,not_significant,days 60+89
ACZ81_17330,-0.0215911865234366,not_significant,day 60
ACZ81_12955,-0.0215396881103502,not_significant,day 31
ACZ81_04270,0.0214742024739598,not_significant,day 89
ACZ81_02350,0.0214506785074868,not_significant,day 18
ACZ81_12810,0.0214265187581382,not_significant,day 60
ACZ81_02250,0.0212097167968766,not_significant,day 89
ACZ81_00060,-0.0211378733317034,not_significant,day 89
ACZ81_15300,0.0210895538330077,not_significant,day 31
ACZ81_09100,-0.0210256576538062,not_significant,days 60+89
ACZ81_02380,0.0209655761718768,not_significant,day 31
ACZ81_11500,0.0209503173828129,not_significant,day 18
ACZ81_01730,0.0208269755045574,not_significant,days 60+89
ACZ81_14030,0.0205402374267578,not_significant,day 31
ACZ81_16695,0.0204480489095102,not_significant,days 60+89
ACZ81_13005,-0.0202318827311205,not_significant,day 89
ACZ81_06440,-0.0201943715413428,not_significant,day 89
ACZ81_05340,-0.0201133092244453,not_significant,days 60+89
ACZ81_07015,-0.0201002756754629,not_significant,day 18
ACZ81_18035,0.0200738906860387,not_significant,days 60+89
ACZ81_20460,-0.0200564066569004,not_significant,day 60
ACZ81_10455,-0.0199724833170571,not_significant,day 89
ACZ81_12455,-0.0198624928792323,not_significant,days 60+89
ACZ81_09970,-0.019638697306315,not_significant,day 18
ACZ81_16340,-0.0196272532145186,not_significant,day 60
ACZ81_05170,0.0196228027343732,not_significant,day 18
ACZ81_05460,-0.01954714457194,not_significant,days 60+89
ACZ81_08375,0.0194873809814502,not_significant,day 31
ACZ81_02270,0.0194816589355433,not_significant,day 31
ACZ81_15620,0.0193398793538466,not_significant,day 60
ACZ81_06015,-0.0191961924235028,not_significant,days 60+89
ACZ81_16835,0.0190817515055327,not_significant,day 18
ACZ81_00880,0.0190633138020836,not_significant,day 18
ACZ81_07380,-0.0189984639485692,not_significant,days 60+89
ACZ81_10785,0.0189228057861341,not_significant,day 18
ACZ81_14675,0.0187943776448566,not_significant,day 18
ACZ81_06685,-0.0187377929687491,not_significant,day 60
ACZ81_19495,-0.018626530965167,not_significant,day 18
ACZ81_07750,0.0182253519694008,not_significant,days 60+89
ACZ81_14245,0.0181452433268228,not_significant,day 89
ACZ81_17775,0.0181452433268228,not_significant,day 89
ACZ81_17065,-0.0180924733479799,not_significant,day 18
ACZ81_10350,0.0180168151855469,not_significant,day 89
ACZ81_14980,0.0179856618245412,not_significant,day 60
ACZ81_18680,-0.017956415812174,not_significant,day 18
ACZ81_14400,0.0177437464396161,not_significant,days 60+89
ACZ81_13375,0.0175329844156908,not_significant,day 18
ACZ81_11160,0.0174694061279297,not_significant,day 89
ACZ81_01690,0.0173994700113935,not_significant,day 31
ACZ81_03780,0.0172414779663088,not_significant,days 60+89
ACZ81_01010,-0.017008463541667,not_significant,day 31
ACZ81_08975,-0.0165767669677765,not_significant,day 60
ACZ81_14770,0.0165691375732422,not_significant,day 18
ACZ81_05335,0.0164839426676434,not_significant,day 18
ACZ81_11940,-0.016475677490233,not_significant,day 18
ACZ81_18685,-0.0164000193277997,not_significant,day 31
ACZ81_01225,-0.0163818995157881,not_significant,days 60+89
ACZ81_20220,-0.0162785847981746,not_significant,day 89
ACZ81_05560,0.0162598292032845,not_significant,days 60+89
ACZ81_04850,-0.0161577860514295,not_significant,day 31
ACZ81_01660,-0.0161120096842447,not_significant,days 60+89
ACZ81_19080,0.0160662333170574,not_significant,day 18
ACZ81_14945,-0.0159912109375004,not_significant,day 60
ACZ81_19110,0.0159486134847029,not_significant,day 31
ACZ81_19520,0.015879313151042,not_significant,day 18
ACZ81_13310,0.0157718658447275,not_significant,day 89
ACZ81_12180,-0.0154291788737004,not_significant,day 89
ACZ81_06325,-0.0153586069742864,not_significant,day 31
ACZ81_09205,-0.0152842203776036,not_significant,day 18
ACZ81_08260,0.0152263641357423,not_significant,days 60+89
ACZ81_03140,-0.0152231852213531,not_significant,day 31
ACZ81_19680,-0.0151761372884105,not_significant,day 89
ACZ81_14015,-0.0151405334472696,not_significant,day 18
ACZ81_07420,0.0151208241780596,not_significant,days 60+89
ACZ81_20050,0.0149695078531895,not_significant,day 60
ACZ81_08805,0.0149396260579427,not_significant,day 89
ACZ81_09970,0.014918009440104,not_significant,day 60
ACZ81_02335,0.0145409901936844,not_significant,day 18
ACZ81_12470,-0.0145308176676411,not_significant,day 31
ACZ81_06520,0.0144424438476571,not_significant,day 18
ACZ81_15295,0.0142656962076819,not_significant,days 60+89
ACZ81_00520,-0.0142485300699884,not_significant,day 60
ACZ81_19665,0.0142122904459647,not_significant,day 18
ACZ81_11680,-0.0141970316569031,not_significant,day 31
ACZ81_18775,-0.0141652425130201,not_significant,day 18
ACZ81_07015,-0.01415888468425,not_significant,day 60
ACZ81_00970,0.0141309102376318,not_significant,day 18
ACZ81_10670,-0.0141010284423833,not_significant,day 89
ACZ81_01225,0.0140209197998016,not_significant,day 31
ACZ81_15125,0.0140120188395181,not_significant,day 31
ACZ81_06255,0.0140069325764949,not_significant,day 18
ACZ81_18955,-0.0140005747477181,not_significant,days 60+89
ACZ81_08620,-0.0138276418050132,not_significant,day 60
ACZ81_19635,0.013545354207358,not_significant,day 89
ACZ81_06530,-0.0135065714518234,not_significant,day 18
ACZ81_02265,-0.0134830474853499,not_significant,days 60+89
ACZ81_17340,-0.0133946736653634,not_significant,day 89
ACZ81_19120,-0.0133845011393205,not_significant,day 18
ACZ81_14760,0.0133838653564456,not_significant,day 60
ACZ81_15930,-0.0133520762125676,not_significant,day 18
ACZ81_15160,0.0133291880289688,not_significant,day 89
ACZ81_05955,-0.0133047103881814,not_significant,days 60+89
ACZ81_10485,0.0132191975911464,not_significant,day 18
ACZ81_15685,-0.0130964914957703,not_significant,day 60
ACZ81_15070,0.0130901336669933,not_significant,day 18
ACZ81_14660,-0.0130812327067053,not_significant,day 89
ACZ81_06155,0.0130469004313172,not_significant,day 60
ACZ81_14030,-0.0129470825195316,not_significant,day 18
ACZ81_16340,0.0129404067993161,not_significant,days 60+89
ACZ81_09100,0.0129032135009779,not_significant,day 31
ACZ81_01725,0.0127182006835938,not_significant,day 18
ACZ81_16235,-0.0127169291178379,not_significant,day 18
ACZ81_10835,-0.0125732421874967,not_significant,day 18
ACZ81_06670,-0.0123055775960301,not_significant,day 18
ACZ81_11595,0.0122413635253902,not_significant,day 18
ACZ81_00800,0.0115756988525428,not_significant,day 18
ACZ81_02835,0.0115025838216167,not_significant,day 18
ACZ81_03210,0.0112965901692706,not_significant,day 31
ACZ81_18445,0.011260350545244,not_significant,day 31
ACZ81_08305,0.0111802419026665,not_significant,day 18
ACZ81_13065,-0.01114018758138,not_significant,day 31
ACZ81_03760,-0.0111160278320309,not_significant,day 60
ACZ81_14500,-0.011072158813477,not_significant,day 89
ACZ81_13965,0.01103401184082,not_significant,day 18
ACZ81_02250,-0.0110088984171535,not_significant,days 60+89
ACZ81_06340,0.0109895070393873,not_significant,day 60
ACZ81_10875,-0.0109799702962238,not_significant,day 18
ACZ81_05465,0.010966300964351,not_significant,days 60+89
ACZ81_02435,-0.0108432769775382,not_significant,day 18
ACZ81_00650,0.01083564758301,not_significant,day 60
ACZ81_03145,-0.0107866923014321,not_significant,day 18
ACZ81_03075,0.0107396443684896,not_significant,day 31
ACZ81_11705,-0.0107256571451815,not_significant,day 18
ACZ81_03245,-0.0104929606119793,not_significant,days 60+89
ACZ81_02150,-0.0104052225748736,not_significant,day 18
ACZ81_08915,0.0103772481282611,not_significant,day 89
ACZ81_14160,0.0102736155192052,not_significant,day 60
ACZ81_19675,-0.0102310180664094,not_significant,day 60
ACZ81_13090,0.010051727294923,not_significant,day 60
ACZ81_16810,-0.0099074045817055,not_significant,day 31
ACZ81_03665,0.0099074045817051,not_significant,days 60+89
ACZ81_03675,-0.0098393758137991,not_significant,day 18
ACZ81_00060,-0.0097859700520825,not_significant,days 60+89
ACZ81_08020,0.0097217559814454,not_significant,day 31
ACZ81_02930,-0.0096626281738266,not_significant,day 60
ACZ81_13085,-0.0096422831217464,not_significant,day 31
ACZ81_09870,-0.0094280242919937,not_significant,day 18
ACZ81_03995,-0.0092881520589196,not_significant,day 18
ACZ81_01905,0.0092468261718732,not_significant,day 31
ACZ81_09205,-0.0091673533121748,not_significant,day 60
ACZ81_09770,0.0091559092203812,not_significant,day 31
ACZ81_17505,0.0091139475504569,not_significant,day 18
ACZ81_07380,0.0090904235839843,not_significant,day 60
ACZ81_05700,-0.009061813354497,not_significant,day 31
ACZ81_01920,0.0090465545654292,not_significant,day 89
ACZ81_17280,-0.0090071360270194,not_significant,days 60+89
ACZ81_05735,-0.0089896519978842,not_significant,days 60+89
ACZ81_12595,0.0089419682820621,not_significant,days 60+89
ACZ81_09680,-0.0087903340657551,not_significant,day 18
ACZ81_19670,0.0086822509765578,not_significant,day 18
ACZ81_09685,0.0084330240885418,not_significant,day 18
ACZ81_00270,-0.0083452860514324,not_significant,day 31
ACZ81_00800,0.0081310272216814,not_significant,days 60+89
ACZ81_15045,0.0081049601236979,not_significant,day 18
ACZ81_03735,-0.0080362955729173,not_significant,day 89
ACZ81_15330,-0.0078919728597006,not_significant,day 18
ACZ81_19360,-0.0078837076822932,not_significant,day 18
ACZ81_15295,-0.0078277587890617,not_significant,day 31
ACZ81_13835,-0.0078252156575519,not_significant,day 18
ACZ81_16690,-0.0078150431315136,not_significant,day 89
ACZ81_08775,0.0077800750732413,not_significant,day 60
ACZ81_17480,0.00770696004232,not_significant,day 31
ACZ81_05705,-0.007522900899251,not_significant,days 60+89
ACZ81_05565,-0.0074761708577506,not_significant,day 89
ACZ81_17685,0.0074272155761696,not_significant,day 31
ACZ81_07375,0.0074221293131524,not_significant,day 31
ACZ81_06970,0.0074087778727204,not_significant,day 18
ACZ81_11400,0.0073019663492861,not_significant,day 89
ACZ81_00870,0.0072905222574877,not_significant,day 18
ACZ81_00580,-0.0072250366210939,not_significant,day 18
ACZ81_16860,-0.0071862538655597,not_significant,day 31
ACZ81_03275,-0.0069433848063162,not_significant,day 18
ACZ81_00505,0.0069150924682617,not_significant,days 60+89
ACZ81_16930,0.0068874359130806,not_significant,day 18
ACZ81_17995,0.0068874359130806,not_significant,day 18
ACZ81_12700,-0.0068594614664714,not_significant,day 89
ACZ81_00225,-0.0067717234293593,not_significant,day 18
ACZ81_03780,0.0067564646402996,not_significant,day 89
ACZ81_12680,0.0067520141601602,not_significant,day 60
ACZ81_06660,0.006607691446939,not_significant,day 18
ACZ81_02830,0.0065956115722658,not_significant,day 31
ACZ81_13835,-0.0065638224283854,not_significant,day 31
ACZ81_03310,-0.0064538319905631,not_significant,day 31
ACZ81_11935,0.0063222249348993,not_significant,day 18
ACZ81_09310,0.006122589111329,not_significant,day 18
ACZ81_02075,0.0060640970865906,not_significant,day 18
ACZ81_13720,-0.0059531529744412,not_significant,days 60+89
ACZ81_00070,0.00594965616862,not_significant,day 31
ACZ81_16820,0.0059305826822899,not_significant,day 18
ACZ81_02545,-0.0059248606363948,not_significant,day 31
ACZ81_00710,-0.0059134165445997,not_significant,day 89
ACZ81_16050,0.0057487487793008,not_significant,day 31
ACZ81_18625,0.005655924479166,not_significant,day 31
ACZ81_14530,0.0056502024332671,not_significant,day 60
ACZ81_12510,0.0055370330810543,not_significant,day 18
ACZ81_14515,0.0054759979248033,not_significant,day 89
ACZ81_17445,0.0054639180501304,not_significant,day 89
ACZ81_10225,0.0053666432698618,not_significant,day 60
ACZ81_18895,0.0053189595540388,not_significant,day 18
ACZ81_04515,0.0048491160074866,not_significant,day 18
ACZ81_02320,-0.0048020680745435,not_significant,day 89
ACZ81_07320,-0.0047448476155596,not_significant,day 60
ACZ81_00005,-0.0046195983886716,not_significant,day 18
ACZ81_11930,-0.0045960744222008,not_significant,day 31
ACZ81_14780,-0.0045649210611981,not_significant,day 31
ACZ81_07315,-0.0044415791829393,not_significant,day 89
ACZ81_19580,0.0042451222737636,not_significant,day 60
ACZ81_10675,-0.0042444864908839,not_significant,day 60
ACZ81_12680,0.0041522979736368,not_significant,day 18
ACZ81_04590,-0.0041516621907549,not_significant,day 89
ACZ81_16675,-0.0041287740071627,not_significant,day 31
ACZ81_16520,0.004093170166014,not_significant,day 31
ACZ81_11665,0.0040251413981122,not_significant,day 89
ACZ81_13060,-0.0038636525472011,not_significant,day 60
ACZ81_05490,-0.0038496653238933,not_significant,day 60
ACZ81_01660,0.0038433074951174,not_significant,day 60
ACZ81_18245,-0.0038274129231803,not_significant,days 60+89
ACZ81_03000,-0.0036087036132798,not_significant,day 60
ACZ81_05390,-0.0035266876220703,not_significant,day 18
ACZ81_02795,0.0033960342407233,not_significant,days 60+89
ACZ81_07900,-0.0033283233642558,not_significant,day 89
ACZ81_07095,-0.0032749176025396,not_significant,day 18
ACZ81_13545,-0.0032691955566414,not_significant,day 31
ACZ81_01870,-0.0030873616536457,not_significant,day 31
ACZ81_09090,0.0030549367268837,not_significant,day 60
ACZ81_03250,0.0029964447021487,not_significant,day 60
ACZ81_16485,-0.0029830932617134,not_significant,day 89
ACZ81_16240,0.0028813680013029,not_significant,day 89
ACZ81_10160,-0.0027802785237617,not_significant,day 60
ACZ81_00095,0.0026524861653647,not_significant,day 31
ACZ81_12490,-0.0025609334309896,not_significant,day 18
ACZ81_06155,-0.0024121602376259,not_significant,day 31
ACZ81_17315,0.0023463567097952,not_significant,days 60+89
ACZ81_03070,0.0022287368774417,not_significant,days 60+89
ACZ81_05135,-0.0021826426188153,not_significant,day 18
ACZ81_01895,0.0020160675048827,not_significant,day 89
ACZ81_14695,0.0018990834554024,not_significant,day 60
ACZ81_13915,-0.0018844604492189,not_significant,day 18
ACZ81_12750,0.001657485961914,not_significant,day 18
ACZ81_00060,0.0015659332275399,not_significant,day 60
ACZ81_05380,0.0015233357747375,not_significant,day 31
ACZ81_04865,0.0015055338541651,not_significant,day 60
ACZ81_01710,-0.0014896392822275,not_significant,day 89
ACZ81_19915,0.0014063517252564,not_significant,day 18
ACZ81_07780,-0.0013249715169273,not_significant,day 18
ACZ81_05265,-0.0011107126871747,not_significant,days 60+89
ACZ81_04180,-0.000955581665039,not_significant,day 31
ACZ81_00070,-0.0008637110392246,not_significant,days 60+89
ACZ81_15895,0.0006475448608376,not_significant,days 60+89
ACZ81_17765,-0.0005156199137384,not_significant,day 31
ACZ81_18125,0.0003878275553403,not_significant,day 31
ACZ81_06040,-7.37508138018983e-05,not_significant,day 31
